ISO-10303-21;
HEADER;
FILE_DESCRIPTION (( 'STEP AP214' ),
    '1' );
FILE_NAME ('LGA-20_L10.1-W10.1-P1.25-TL.STEP',
    '2022-03-28T12:44:51',
    ( '' ),
    ( '' ),
    'SwSTEP 2.0',
    'SolidWorks 2020',
    '' );
FILE_SCHEMA (( 'AUTOMOTIVE_DESIGN' ));
ENDSEC;

DATA;
#1 = FILL_AREA_STYLE ('',( #9242 ) ) ;
#2 = PRESENTATION_LAYER_ASSIGNMENT (  '', '', ( #4452 ) ) ;
#3 = CARTESIAN_POINT ( 'NONE',  ( -2.899999999999988365, -3.250000000000010214, 0.000000000000000000 ) ) ;
#4 = CARTESIAN_POINT ( 'NONE',  ( 0.5056803441466676263, -3.017611403359434341, 0.000000000000000000 ) ) ;
#5 = ORIENTED_EDGE ( 'NONE', *, *, #6882, .F. ) ;
#6 = SURFACE_STYLE_USAGE ( .BOTH. , #2886 ) ;
#7 = DIRECTION ( 'NONE',  ( 1.000000000000000000, -5.421010862427523156E-16, 0.000000000000000000 ) ) ;
#8 =( GEOMETRIC_REPRESENTATION_CONTEXT ( 3 ) GLOBAL_UNCERTAINTY_ASSIGNED_CONTEXT ( ( #1750 ) ) GLOBAL_UNIT_ASSIGNED_CONTEXT ( ( #9401, #6527, #3827 ) ) REPRESENTATION_CONTEXT ( 'NONE', 'WORKASPACE' ) );
#9 = CARTESIAN_POINT ( 'NONE',  ( 0.5445388858815987110, -2.713206208589980850, 0.000000000000000000 ) ) ;
#10 = VECTOR ( 'NONE', #7622, 1000.000000000000000 ) ;
#11 = CARTESIAN_POINT ( 'NONE',  ( 0.4986794654826581796, -2.714383876917705773, 0.001000000000000000021 ) ) ;
#12 = ORIENTED_EDGE ( 'NONE', *, *, #1179, .F. ) ;
#13 = SURFACE_STYLE_USAGE ( .BOTH. , #729 ) ;
#14 = PLANE ( 'NONE',  #6399 ) ;
#15 = ORIENTED_EDGE ( 'NONE', *, *, #718, .F. ) ;
#16 = FACE_OUTER_BOUND ( 'NONE', #2901, .T. ) ;
#17 =( NAMED_UNIT ( * ) PLANE_ANGLE_UNIT ( ) SI_UNIT ( $, .RADIAN. ) );
#18 = VECTOR ( 'NONE', #8775, 1000.000000000000000 ) ;
#19 = EDGE_CURVE ( 'NONE', #2206, #1228, #7417, .T. ) ;
#20 = DIRECTION ( 'NONE',  ( -1.000000000000000000, 0.000000000000000000, -0.000000000000000000 ) ) ;
#21 = CARTESIAN_POINT ( 'NONE',  ( 5.049999999999997158, 5.049999999999999822, 0.000000000000000000 ) ) ;
#22 = CARTESIAN_POINT ( 'NONE',  ( 0.3591122681776059422, -2.848198681830970802, 0.001000000000000000021 ) ) ;
#23 = EDGE_LOOP ( 'NONE', ( #6259, #5944, #6303, #2640 ) ) ;
#24 = LINE ( 'NONE', #8737, #2558 ) ;
#25 = CARTESIAN_POINT ( 'NONE',  ( 0.6810634876898010726, -2.872150663538287851, 6.352747104407252543E-19 ) ) ;
#26 =( NAMED_UNIT ( * ) PLANE_ANGLE_UNIT ( ) SI_UNIT ( $, .RADIAN. ) );
#27 = ADVANCED_FACE ( 'NONE', ( #7011 ), #548, .F. ) ;
#28 = SURFACE_SIDE_STYLE ('',( #5235 ) ) ;
#29 =( LENGTH_UNIT ( ) NAMED_UNIT ( * ) SI_UNIT ( .MILLI., .METRE. ) );
#30 = DIRECTION ( 'NONE',  ( -0.000000000000000000, -0.000000000000000000, 1.000000000000000000 ) ) ;
#31 = DIRECTION ( 'NONE',  ( -5.421010862427523156E-16, -1.000000000000000000, 0.000000000000000000 ) ) ;
#32 = DIRECTION ( 'NONE',  ( -0.000000000000000000, -0.000000000000000000, -1.000000000000000000 ) ) ;
#33 = FILL_AREA_STYLE_COLOUR ( '', #2203 ) ;
#34 = VERTEX_POINT ( 'NONE', #4067 ) ;
#35 = VERTEX_POINT ( 'NONE', #8369 ) ;
#36 = ORIENTED_EDGE ( 'NONE', *, *, #727, .F. ) ;
#37 = CARTESIAN_POINT ( 'NONE',  ( -3.250000000000000444, 2.100000000000000089, -0.02000000000000000042 ) ) ;
#38 =( NAMED_UNIT ( * ) PLANE_ANGLE_UNIT ( ) SI_UNIT ( $, .RADIAN. ) );
#39 = PRESENTATION_LAYER_ASSIGNMENT (  '', '', ( #793 ) ) ;
#40 =( LENGTH_UNIT ( ) NAMED_UNIT ( * ) SI_UNIT ( .MILLI., .METRE. ) );
#41 = EDGE_CURVE ( 'NONE', #4089, #5815, #1219, .T. ) ;
#42 = FILL_AREA_STYLE_COLOUR ( '', #2544 ) ;
#43 = FACE_OUTER_BOUND ( 'NONE', #4542, .T. ) ;
#44 = CARTESIAN_POINT ( 'NONE',  ( -0.04446308549380671715, -2.939190445006357066, 0.000000000000000000 ) ) ;
#45 = DIRECTION ( 'NONE',  ( 1.495451272393802994E-16, -1.000000000000000000, 0.000000000000000000 ) ) ;
#46 =( NAMED_UNIT ( * ) PLANE_ANGLE_UNIT ( ) SI_UNIT ( $, .RADIAN. ) );
#47 = AXIS2_PLACEMENT_3D ( 'NONE', #6552, #2979, #4906 ) ;
#48 = SURFACE_SIDE_STYLE ('',( #3700 ) ) ;
#49 = CARTESIAN_POINT ( 'NONE',  ( 0.4000000000000114020, -3.249999999999999112, -0.02000000000000000042 ) ) ;
#50 = EDGE_CURVE ( 'NONE', #7551, #4089, #1845, .T. ) ;
#51 = LINE ( 'NONE', #8064, #880 ) ;
#52 = CARTESIAN_POINT ( 'NONE',  ( 0.5284553475966166092, -3.020009359278887917, 0.000000000000000000 ) ) ;
#53 = ORIENTED_EDGE ( 'NONE', *, *, #5694, .F. ) ;
#54 = DIRECTION ( 'NONE',  ( 0.000000000000000000, -1.000000000000000000, -0.000000000000000000 ) ) ;
#55 = PRESENTATION_LAYER_ASSIGNMENT (  '', '', ( #4939 ) ) ;
#56 =( GEOMETRIC_REPRESENTATION_CONTEXT ( 3 ) GLOBAL_UNCERTAINTY_ASSIGNED_CONTEXT ( ( #8386 ) ) GLOBAL_UNIT_ASSIGNED_CONTEXT ( ( #9029, #9079, #6231 ) ) REPRESENTATION_CONTEXT ( 'NONE', 'WORKASPACE' ) );
#57 = FILL_AREA_STYLE_COLOUR ( '', #3418 ) ;
#58 = DIRECTION ( 'NONE',  ( 0.000000000000000000, -0.000000000000000000, 1.000000000000000000 ) ) ;
#59 = ORIENTED_EDGE ( 'NONE', *, *, #9228, .F. ) ;
#60 = AXIS2_PLACEMENT_3D ( 'NONE', #7046, #3282, #1828 ) ;
#61 = DIRECTION ( 'NONE',  ( -3.491481338843134144E-15, 1.000000000000000000, 0.000000000000000000 ) ) ;
#62 = PLANE ( 'NONE',  #6835 ) ;
#63 = FILL_AREA_STYLE_COLOUR ( '', #3325 ) ;
#64 = ORIENTED_EDGE ( 'NONE', *, *, #2078, .T. ) ;
#65 = COLOUR_RGB ( '',0.9686274509803921573, 0.8784313725490195957, 0.5999999999999999778 ) ;
#66 = DIRECTION ( 'NONE',  ( -0.000000000000000000, 0.000000000000000000, 1.000000000000000000 ) ) ;
#67 =( GEOMETRIC_REPRESENTATION_CONTEXT ( 3 ) GLOBAL_UNCERTAINTY_ASSIGNED_CONTEXT ( ( #6643 ) ) GLOBAL_UNIT_ASSIGNED_CONTEXT ( ( #6982, #2240, #1505 ) ) REPRESENTATION_CONTEXT ( 'NONE', 'WORKASPACE' ) );
#68 = MECHANICAL_DESIGN_GEOMETRIC_PRESENTATION_REPRESENTATION (  '', ( #5862 ), #8579 ) ;
#69 = DIRECTION ( 'NONE',  ( -2.576321994024960978E-16, 1.000000000000000000, -0.000000000000000000 ) ) ;
#70 = UNCERTAINTY_MEASURE_WITH_UNIT (LENGTH_MEASURE( 1.000000000000000082E-05 ), #6546, 'distance_accuracy_value', 'NONE');
#71 = PRESENTATION_STYLE_ASSIGNMENT (( #3188 ) ) ;
#72 = ORIENTED_EDGE ( 'NONE', *, *, #2333, .F. ) ;
#73 = MECHANICAL_DESIGN_GEOMETRIC_PRESENTATION_REPRESENTATION (  '', ( #5405 ), #9024 ) ;
#74 = FILL_AREA_STYLE ('',( #2904 ) ) ;
#75 = DIRECTION ( 'NONE',  ( 1.047444401652940164E-14, -1.000000000000000000, 0.000000000000000000 ) ) ;
#76 = COLOUR_RGB ( '',0.2862745098039215508, 0.6627450980392156632, 0.3294117647058823484 ) ;
#77 = PRESENTATION_STYLE_ASSIGNMENT (( #4586 ) ) ;
#78 = CARTESIAN_POINT ( 'NONE',  ( 0.6807862358143497161, -2.888225642244425018, 0.001000000000000000021 ) ) ;
#79 = ORIENTED_EDGE ( 'NONE', *, *, #4269, .T. ) ;
#80 = CARTESIAN_POINT ( 'NONE',  ( 2.899999999999966160, 3.250000000000030642, -0.02000000000000000042 ) ) ;
#81 = VECTOR ( 'NONE', #2020, 1000.000000000000000 ) ;
#82 = PLANE ( 'NONE',  #5261 ) ;
#83 = CARTESIAN_POINT ( 'NONE',  ( 1.649999999999965938, 3.250000000000017319, -0.02000000000000000042 ) ) ;
#84 = VECTOR ( 'NONE', #4977, 1000.000000000000000 ) ;
#85 = EDGE_LOOP ( 'NONE', ( #9088, #3359, #9288, #3421 ) ) ;
#86 = ORIENTED_EDGE ( 'NONE', *, *, #7115, .T. ) ;
#87 = VECTOR ( 'NONE', #6151, 1000.000000000000000 ) ;
#88 = LINE ( 'NONE', #4496, #8674 ) ;
#89 = UNCERTAINTY_MEASURE_WITH_UNIT (LENGTH_MEASURE( 1.000000000000000082E-05 ), #2995, 'distance_accuracy_value', 'NONE');
#90 =( LENGTH_UNIT ( ) NAMED_UNIT ( * ) SI_UNIT ( .MILLI., .METRE. ) );
#91 = EDGE_CURVE ( 'NONE', #6660, #7147, #4160, .T. ) ;
#92 = SURFACE_STYLE_FILL_AREA ( #655 ) ;
#93 = COLOUR_RGB ( '',0.2862745098039215508, 0.6627450980392156632, 0.3294117647058823484 ) ;
#94 = ORIENTED_EDGE ( 'NONE', *, *, #967, .F. ) ;
#95 = VECTOR ( 'NONE', #5983, 1000.000000000000114 ) ;
#96 = CARTESIAN_POINT ( 'NONE',  ( 0.04912276795081486902, -3.010905835647171180, 0.000000000000000000 ) ) ;
#97 = DIRECTION ( 'NONE',  ( -1.000000000000000000, -1.495451272393802994E-16, 0.000000000000000000 ) ) ;
#98 = CARTESIAN_POINT ( 'NONE',  ( 0.6391749906247802260, -2.895148710293695693, 2.117582368135750848E-19 ) ) ;
#99 = ADVANCED_FACE ( 'NONE', ( #3433 ), #4916, .F. ) ;
#100 = CARTESIAN_POINT ( 'NONE',  ( -3.900000000000000799, 2.899999999999992806, 1.000000000000000000 ) ) ;
#101 = VECTOR ( 'NONE', #2195, 1000.000000000000000 ) ;
#102 = EDGE_CURVE ( 'NONE', #8681, #6220, #5676, .T. ) ;
#103 = CARTESIAN_POINT ( 'NONE',  ( 0.000000000000000000, 0.000000000000000000, 0.000000000000000000 ) ) ;
#104 =( LENGTH_UNIT ( ) NAMED_UNIT ( * ) SI_UNIT ( .MILLI., .METRE. ) );
#105 = DIRECTION ( 'NONE',  ( -0.000000000000000000, -0.000000000000000000, 1.000000000000000000 ) ) ;
#106 = CARTESIAN_POINT ( 'NONE',  ( 0.08367397058184050662, -2.983276204161583678, 0.001000000000000000021 ) ) ;
#107 = ORIENTED_EDGE ( 'NONE', *, *, #5371, .T. ) ;
#108 = FILL_AREA_STYLE_COLOUR ( '', #8036 ) ;
#109 = FILL_AREA_STYLE_COLOUR ( '', #7185 ) ;
#110 = FILL_AREA_STYLE_COLOUR ( '', #354 ) ;
#111 = MECHANICAL_DESIGN_GEOMETRIC_PRESENTATION_REPRESENTATION (  '', ( #8176 ), #1317 ) ;
#112 =( NAMED_UNIT ( * ) SI_UNIT ( $, .STERADIAN. ) SOLID_ANGLE_UNIT ( ) );
#113 = FACE_OUTER_BOUND ( 'NONE', #523, .T. ) ;
#114 = ORIENTED_EDGE ( 'NONE', *, *, #7297, .F. ) ;
#115 = PRESENTATION_STYLE_ASSIGNMENT (( #3710 ) ) ;
#116 = PRESENTATION_LAYER_ASSIGNMENT (  '', '', ( #4844 ) ) ;
#117 = EDGE_LOOP ( 'NONE', ( #6141, #8455, #5244, #6453 ) ) ;
#118 = CARTESIAN_POINT ( 'NONE',  ( -0.06161943913946714424, -2.862718498904141207, 0.001000000000000000021 ) ) ;
#119 = EDGE_CURVE ( 'NONE', #1118, #5057, #4018, .T. ) ;
#120 =( NAMED_UNIT ( * ) SI_UNIT ( $, .STERADIAN. ) SOLID_ANGLE_UNIT ( ) );
#121 = SURFACE_SIDE_STYLE ('',( #2374 ) ) ;
#122 = ORIENTED_EDGE ( 'NONE', *, *, #202, .T. ) ;
#123 =( GEOMETRIC_REPRESENTATION_CONTEXT ( 3 ) GLOBAL_UNCERTAINTY_ASSIGNED_CONTEXT ( ( #4754 ) ) GLOBAL_UNIT_ASSIGNED_CONTEXT ( ( #7432, #2404, #377 ) ) REPRESENTATION_CONTEXT ( 'NONE', 'WORKASPACE' ) );
#124 = SURFACE_STYLE_FILL_AREA ( #6763 ) ;
#125 = SURFACE_STYLE_USAGE ( .BOTH. , #7930 ) ;
#126 = FILL_AREA_STYLE ('',( #7410 ) ) ;
#127 = CARTESIAN_POINT ( 'NONE',  ( 0.5707082231143995044, -3.017896049790345980, 0.001000000000000000021 ) ) ;
#128 = VECTOR ( 'NONE', #8000, 1000.000000000000000 ) ;
#129 = ORIENTED_EDGE ( 'NONE', *, *, #7235, .F. ) ;
#130 = CARTESIAN_POINT ( 'NONE',  ( 0.5322128999076907174, -2.745847058266519536, 0.001000000000000000021 ) ) ;
#131 = VECTOR ( 'NONE', #3759, 1000.000000000000000 ) ;
#132 =( LENGTH_UNIT ( ) NAMED_UNIT ( * ) SI_UNIT ( .MILLI., .METRE. ) );
#133 = FILL_AREA_STYLE ('',( #6123 ) ) ;
#134 = DIRECTION ( 'NONE',  ( -1.000000000000000000, 0.000000000000000000, 0.000000000000000000 ) ) ;
#135 = VERTEX_POINT ( 'NONE', #9161 ) ;
#136 = EDGE_LOOP ( 'NONE', ( #5195, #7242, #4626, #4342 ) ) ;
#137 = ORIENTED_EDGE ( 'NONE', *, *, #7561, .T. ) ;
#138 = SURFACE_STYLE_USAGE ( .BOTH. , #7368 ) ;
#139 = PRESENTATION_LAYER_ASSIGNMENT (  '', '', ( #3819 ) ) ;
#140 = FACE_OUTER_BOUND ( 'NONE', #1218, .T. ) ;
#141 = CARTESIAN_POINT ( 'NONE',  ( -1.649999999999988809, -3.250000000000005329, -0.02000000000000000042 ) ) ;
#142 = UNCERTAINTY_MEASURE_WITH_UNIT (LENGTH_MEASURE( 1.000000000000000082E-05 ), #8875, 'distance_accuracy_value', 'NONE');
#143 = EDGE_CURVE ( 'NONE', #5518, #8589, #5044, .T. ) ;
#144 = ORIENTED_EDGE ( 'NONE', *, *, #6813, .T. ) ;
#145 = CARTESIAN_POINT ( 'NONE',  ( -0.03665496759470768945, -2.951901018113343156, 0.001000000000000000021 ) ) ;
#146 = CARTESIAN_POINT ( 'NONE',  ( -0.2167642562126378403, -2.753076730611458522, 0.000000000000000000 ) ) ;
#147 = SURFACE_STYLE_USAGE ( .BOTH. , #6690 ) ;
#148 = FILL_AREA_STYLE ('',( #1563 ) ) ;
#149 = CARTESIAN_POINT ( 'NONE',  ( 0.02703099031408841280, -2.965996171119433811, 0.001000000000000000021 ) ) ;
#150 = ORIENTED_EDGE ( 'NONE', *, *, #91, .T. ) ;
#151 = EDGE_CURVE ( 'NONE', #1836, #8095, #3581, .T. ) ;
#152 = CARTESIAN_POINT ( 'NONE',  ( -4.100000000000000533, 2.899999999999992806, 1.000000000000000000 ) ) ;
#153 =( NAMED_UNIT ( * ) PLANE_ANGLE_UNIT ( ) SI_UNIT ( $, .RADIAN. ) );
#154 = EDGE_CURVE ( 'NONE', #5756, #1697, #7303, .T. ) ;
#155 = FILL_AREA_STYLE ('',( #110 ) ) ;
#156 = LINE ( 'NONE', #3901, #3147 ) ;
#157 = STYLED_ITEM ( 'NONE', ( #9290 ), #8855 ) ;
#158 =( LENGTH_UNIT ( ) NAMED_UNIT ( * ) SI_UNIT ( .MILLI., .METRE. ) );
#159 = ORIENTED_EDGE ( 'NONE', *, *, #4041, .T. ) ;
#160 = CARTESIAN_POINT ( 'NONE',  ( -2.899999999999988365, -3.250000000000010214, -0.02000000000000000042 ) ) ;
#161 =( NAMED_UNIT ( * ) SI_UNIT ( $, .STERADIAN. ) SOLID_ANGLE_UNIT ( ) );
#162 = SURFACE_STYLE_FILL_AREA ( #3996 ) ;
#163 = ORIENTED_EDGE ( 'NONE', *, *, #9103, .T. ) ;
#164 = DIRECTION ( 'NONE',  ( 1.047444401652940164E-14, -1.000000000000000000, 0.000000000000000000 ) ) ;
#165 = COLOUR_RGB ( '',0.6666666666666666297, 0.6980392156862744724, 0.7686274509803920907 ) ;
#166 = CARTESIAN_POINT ( 'NONE',  ( 0.4602807930356802579, -2.723753715185611046, 0.000000000000000000 ) ) ;
#167 = PRESENTATION_STYLE_ASSIGNMENT (( #8171 ) ) ;
#168 =( NAMED_UNIT ( * ) PLANE_ANGLE_UNIT ( ) SI_UNIT ( $, .RADIAN. ) );
#169 = ORIENTED_EDGE ( 'NONE', *, *, #4606, .T. ) ;
#170 = SURFACE_STYLE_USAGE ( .BOTH. , #5377 ) ;
#171 =( GEOMETRIC_REPRESENTATION_CONTEXT ( 3 ) GLOBAL_UNCERTAINTY_ASSIGNED_CONTEXT ( ( #142 ) ) GLOBAL_UNIT_ASSIGNED_CONTEXT ( ( #8875, #8826, #8040 ) ) REPRESENTATION_CONTEXT ( 'NONE', 'WORKASPACE' ) );
#172 = CARTESIAN_POINT ( 'NONE',  ( 0.6570706429251763625, -2.780089457537938902, 6.352747104407252543E-19 ) ) ;
#173 = MECHANICAL_DESIGN_GEOMETRIC_PRESENTATION_REPRESENTATION (  '', ( #6104 ), #1686 ) ;
#174 = PRESENTATION_STYLE_ASSIGNMENT (( #6716 ) ) ;
#175 = ADVANCED_FACE ( 'NONE', ( #7927 ), #2278, .T. ) ;
#176 = EDGE_LOOP ( 'NONE', ( #922, #6277, #7137, #3242 ) ) ;
#177 =( LENGTH_UNIT ( ) NAMED_UNIT ( * ) SI_UNIT ( .MILLI., .METRE. ) );
#178 = VECTOR ( 'NONE', #680, 1000.000000000000000 ) ;
#179 = MECHANICAL_DESIGN_GEOMETRIC_PRESENTATION_REPRESENTATION (  '', ( #5675 ), #6401 ) ;
#180 = CARTESIAN_POINT ( 'NONE',  ( 0.4663786352867125284, -3.005626444149551268, 0.000000000000000000 ) ) ;
#181 = CARTESIAN_POINT ( 'NONE',  ( 2.099999999999965894, 3.250000000000022204, -0.02000000000000000042 ) ) ;
#182 = ORIENTED_EDGE ( 'NONE', *, *, #5061, .F. ) ;
#183 = ORIENTED_EDGE ( 'NONE', *, *, #331, .F. ) ;
#184 = EDGE_LOOP ( 'NONE', ( #5748, #6295, #4221, #5339 ) ) ;
#185 = SURFACE_STYLE_USAGE ( .BOTH. , #6682 ) ;
#186 = CARTESIAN_POINT ( 'NONE',  ( 0.3591122681776059422, -2.749418194026092443, 0.001000000000000000021 ) ) ;
#187 = CARTESIAN_POINT ( 'NONE',  ( -0.3999999999999833689, -4.750000000000001776, 0.000000000000000000 ) ) ;
#188 = PLANE ( 'NONE',  #4879 ) ;
#189 = UNCERTAINTY_MEASURE_WITH_UNIT (LENGTH_MEASURE( 1.000000000000000082E-05 ), #4346, 'distance_accuracy_value', 'NONE');
#190 = ORIENTED_EDGE ( 'NONE', *, *, #7890, .T. ) ;
#191 = SURFACE_STYLE_FILL_AREA ( #901 ) ;
#192 = CARTESIAN_POINT ( 'NONE',  ( -0.2109906281638573855, -2.774113315977312588, 0.001000000000000000021 ) ) ;
#193 = CARTESIAN_POINT ( 'NONE',  ( 0.6664038371011840045, -2.945462200823789622, 0.000000000000000000 ) ) ;
#194 = CARTESIAN_POINT ( 'NONE',  ( 0.5777779620625375090, -2.979482205587871135, 0.001000000000000000021 ) ) ;
#195 = PLANE ( 'NONE',  #5396 ) ;
#196 = SURFACE_STYLE_FILL_AREA ( #3169 ) ;
#197 = ADVANCED_FACE ( 'NONE', ( #9301 ), #634, .F. ) ;
#198 = DIRECTION ( 'NONE',  ( 0.000000000000000000, 0.000000000000000000, -1.000000000000000000 ) ) ;
#199 = PLANE ( 'NONE',  #3340 ) ;
#200 = COLOUR_RGB ( '',0.2235294117647058654, 0.2235294117647058654, 0.2235294117647058654 ) ;
#201 = DIRECTION ( 'NONE',  ( 1.000000000000000000, 0.000000000000000000, -0.000000000000000000 ) ) ;
#202 = EDGE_CURVE ( 'NONE', #8683, #2267, #5759, .T. ) ;
#203 = FILL_AREA_STYLE ('',( #1629 ) ) ;
#204 = COLOUR_RGB ( '',0.9686274509803921573, 0.8784313725490195957, 0.5999999999999999778 ) ;
#205 = DIRECTION ( 'NONE',  ( 1.000000000000000000, 0.000000000000000000, 0.000000000000000000 ) ) ;
#206 = EDGE_LOOP ( 'NONE', ( #4674, #7707, #9182, #7798 ) ) ;
#207 =( GEOMETRIC_REPRESENTATION_CONTEXT ( 3 ) GLOBAL_UNCERTAINTY_ASSIGNED_CONTEXT ( ( #3262 ) ) GLOBAL_UNIT_ASSIGNED_CONTEXT ( ( #3407, #7529, #2495 ) ) REPRESENTATION_CONTEXT ( 'NONE', 'WORKASPACE' ) );
#208 = EDGE_CURVE ( 'NONE', #6558, #2206, #24, .T. ) ;
#209 = UNCERTAINTY_MEASURE_WITH_UNIT (LENGTH_MEASURE( 1.000000000000000082E-05 ), #8396, 'distance_accuracy_value', 'NONE');
#210 = EDGE_CURVE ( 'NONE', #5486, #2167, #2229, .T. ) ;
#211 = VERTEX_POINT ( 'NONE', #8262 ) ;
#212 = CARTESIAN_POINT ( 'NONE',  ( -0.1274730976760524714, -3.016491364757799776, 0.001000000000000000021 ) ) ;
#213 = MECHANICAL_DESIGN_GEOMETRIC_PRESENTATION_REPRESENTATION (  '', ( #969 ), #6876 ) ;
#214 = AXIS2_PLACEMENT_3D ( 'NONE', #297, #5880, #4457 ) ;
#215 = DIRECTION ( 'NONE',  ( 0.000000000000000000, -1.000000000000000000, -0.000000000000000000 ) ) ;
#216 = VECTOR ( 'NONE', #8431, 1000.000000000000000 ) ;
#217 =( NAMED_UNIT ( * ) SI_UNIT ( $, .STERADIAN. ) SOLID_ANGLE_UNIT ( ) );
#218 = EDGE_LOOP ( 'NONE', ( #7113, #5012, #6039, #1438 ) ) ;
#219 = EDGE_CURVE ( 'NONE', #2353, #1303, #9379, .T. ) ;
#220 =( NAMED_UNIT ( * ) PLANE_ANGLE_UNIT ( ) SI_UNIT ( $, .RADIAN. ) );
#221 = DIRECTION ( 'NONE',  ( 0.000000000000000000, -1.000000000000000000, 0.000000000000000000 ) ) ;
#222 = VECTOR ( 'NONE', #4790, 1000.000000000000000 ) ;
#223 = VECTOR ( 'NONE', #8929, 1000.000000000000000 ) ;
#224 =( GEOMETRIC_REPRESENTATION_CONTEXT ( 3 ) GLOBAL_UNCERTAINTY_ASSIGNED_CONTEXT ( ( #7525 ) ) GLOBAL_UNIT_ASSIGNED_CONTEXT ( ( #5175, #3039, #6661 ) ) REPRESENTATION_CONTEXT ( 'NONE', 'WORKASPACE' ) );
#225 = CARTESIAN_POINT ( 'NONE',  ( 0.5871173882654330267, -2.974971435323448876, 0.001000000000000000021 ) ) ;
#226 = DIRECTION ( 'NONE',  ( 1.000000000000000000, -0.000000000000000000, -0.000000000000000000 ) ) ;
#227 = DIRECTION ( 'NONE',  ( -0.000000000000000000, -0.000000000000000000, 1.000000000000000000 ) ) ;
#228 = DIRECTION ( 'NONE',  ( -0.000000000000000000, -0.000000000000000000, 1.000000000000000000 ) ) ;
#229 = CARTESIAN_POINT ( 'NONE',  ( 0.5833957119363540889, -2.758660625226820873, 0.000000000000000000 ) ) ;
#230 = VERTEX_POINT ( 'NONE', #4529 ) ;
#231 = COLOUR_RGB ( '',0.2235294117647058654, 0.2235294117647058654, 0.2235294117647058654 ) ;
#232 = ORIENTED_EDGE ( 'NONE', *, *, #8323, .F. ) ;
#233 = AXIS2_PLACEMENT_3D ( 'NONE', #9186, #8346, #4717 ) ;
#234 = DIRECTION ( 'NONE',  ( 0.000000000000000000, -1.000000000000000000, 0.000000000000000000 ) ) ;
#235 = CARTESIAN_POINT ( 'NONE',  ( -2.100000000000034284, 3.249999999999977796, -0.02000000000000000042 ) ) ;
#236 =( NAMED_UNIT ( * ) PLANE_ANGLE_UNIT ( ) SI_UNIT ( $, .RADIAN. ) );
#237 = FACE_OUTER_BOUND ( 'NONE', #3010, .T. ) ;
#238 =( LENGTH_UNIT ( ) NAMED_UNIT ( * ) SI_UNIT ( .MILLI., .METRE. ) );
#239 = STYLED_ITEM ( 'NONE', ( #8336 ), #8345 ) ;
#240 = EDGE_CURVE ( 'NONE', #3782, #4045, #7445, .T. ) ;
#241 = SURFACE_STYLE_FILL_AREA ( #1612 ) ;
#242 = DIRECTION ( 'NONE',  ( -0.000000000000000000, -0.000000000000000000, -1.000000000000000000 ) ) ;
#243 = PLANE ( 'NONE',  #369 ) ;
#244 = CARTESIAN_POINT ( 'NONE',  ( 0.2383805608605327753, -2.983564535489507286, 0.001000000000000000021 ) ) ;
#245 = SURFACE_SIDE_STYLE ('',( #6097 ) ) ;
#246 = CARTESIAN_POINT ( 'NONE',  ( 2.146934995020800979E-16, -2.500000000000000000, -0.02000000000000000042 ) ) ;
#247 = CARTESIAN_POINT ( 'NONE',  ( -3.899999999999999911, -2.899999999999992806, 1.000000000000000000 ) ) ;
#248 = AXIS2_PLACEMENT_3D ( 'NONE', #9370, #2878, #5604 ) ;
#249 = CARTESIAN_POINT ( 'NONE',  ( 0.8603317803727279500, -3.016491364757799776, 0.001000000000000000021 ) ) ;
#250 = STYLED_ITEM ( 'NONE', ( #5500 ), #2282 ) ;
#251 = CARTESIAN_POINT ( 'NONE',  ( 2.899999999999966160, 3.250000000000030642, 0.000000000000000000 ) ) ;
#252 = VECTOR ( 'NONE', #6082, 1000.000000000000000 ) ;
#253 = SURFACE_STYLE_USAGE ( .BOTH. , #6751 ) ;
#254 = FACE_OUTER_BOUND ( 'NONE', #6264, .T. ) ;
#255 = FILL_AREA_STYLE_COLOUR ( '', #3236 ) ;
#256 =( LENGTH_UNIT ( ) NAMED_UNIT ( * ) SI_UNIT ( .MILLI., .METRE. ) );
#257 = EDGE_LOOP ( 'NONE', ( #6492, #7752, #7994, #2909 ) ) ;
#258 = VECTOR ( 'NONE', #1675, 1000.000000000000000 ) ;
#259 =( LENGTH_UNIT ( ) NAMED_UNIT ( * ) SI_UNIT ( .MILLI., .METRE. ) );
#260 = DIRECTION ( 'NONE',  ( 0.000000000000000000, -1.000000000000000000, 0.000000000000000000 ) ) ;
#261 = MECHANICAL_DESIGN_GEOMETRIC_PRESENTATION_REPRESENTATION (  '', ( #7856 ), #1164 ) ;
#262 = PRESENTATION_LAYER_ASSIGNMENT (  '', '', ( #4709 ) ) ;
#263 = FACE_BOUND ( 'NONE', #1576, .T. ) ;
#264 = VERTEX_POINT ( 'NONE', #4473 ) ;
#265 = PRESENTATION_STYLE_ASSIGNMENT (( #170 ) ) ;
#266 = DIRECTION ( 'NONE',  ( 5.421010862427522170E-16, 1.000000000000000000, 0.000000000000000000 ) ) ;
#267 = COLOUR_RGB ( '',0.6666666666666666297, 0.6980392156862744724, 0.7686274509803920907 ) ;
#268 = CARTESIAN_POINT ( 'NONE',  ( 0.09701242061663044314, -2.983564535489507286, 0.001000000000000000021 ) ) ;
#269 = EDGE_CURVE ( 'NONE', #2728, #3970, #6045, .T. ) ;
#270 =( NAMED_UNIT ( * ) SI_UNIT ( $, .STERADIAN. ) SOLID_ANGLE_UNIT ( ) );
#271 = ADVANCED_FACE ( 'NONE', ( #6668 ), #8223, .F. ) ;
#272 = CARTESIAN_POINT ( 'NONE',  ( -2.100000000000034284, 3.249999999999977796, -0.02000000000000000042 ) ) ;
#273 = ORIENTED_EDGE ( 'NONE', *, *, #1974, .F. ) ;
#274 = CARTESIAN_POINT ( 'NONE',  ( 0.6015044574530875598, -2.771314523132818231, 0.001000000000000000021 ) ) ;
#275 = VECTOR ( 'NONE', #7004, 1000.000000000000000 ) ;
#276 = ADVANCED_FACE ( 'NONE', ( #974 ), #6423, .F. ) ;
#277 = CARTESIAN_POINT ( 'NONE',  ( -2.899999999999992806, -3.900000000000000355, 5.299999999999999822 ) ) ;
#278 =( LENGTH_UNIT ( ) NAMED_UNIT ( * ) SI_UNIT ( .MILLI., .METRE. ) );
#279 = EDGE_LOOP ( 'NONE', ( #232, #5384, #1441, #2315 ) ) ;
#280 = ORIENTED_EDGE ( 'NONE', *, *, #8675, .F. ) ;
#281 = ORIENTED_EDGE ( 'NONE', *, *, #7254, .F. ) ;
#282 = CARTESIAN_POINT ( 'NONE',  ( -0.01959924673041211346, -2.837093536902718149, 0.001000000000000000021 ) ) ;
#283 = VECTOR ( 'NONE', #798, 1000.000000000000000 ) ;
#284 = CARTESIAN_POINT ( 'NONE',  ( -2.100000000000049827, 4.749999999999977796, -0.02000000000000000042 ) ) ;
#285 = STYLED_ITEM ( 'NONE', ( #992 ), #4486 ) ;
#286 = FACE_OUTER_BOUND ( 'NONE', #184, .T. ) ;
#287 = CARTESIAN_POINT ( 'NONE',  ( -4.750000000000000000, 1.649999999999999911, -0.02000000000000000042 ) ) ;
#288 = CARTESIAN_POINT ( 'NONE',  ( 0.6151435466557347853, -2.737268338003006285, 0.000000000000000000 ) ) ;
#289 = CARTESIAN_POINT ( 'NONE',  ( 0.6809697231422598973, -2.877587103247343681, -0.000000000000000000 ) ) ;
#290 = STYLED_ITEM ( 'NONE', ( #2327 ), #4690 ) ;
#291 = PLANE ( 'NONE',  #5458 ) ;
#292 = FILL_AREA_STYLE ('',( #7565 ) ) ;
#293 = ORIENTED_EDGE ( 'NONE', *, *, #4041, .F. ) ;
#294 = LINE ( 'NONE', #3173, #9080 ) ;
#295 = EDGE_CURVE ( 'NONE', #6833, #4910, #3824, .T. ) ;
#296 = UNCERTAINTY_MEASURE_WITH_UNIT (LENGTH_MEASURE( 1.000000000000000082E-05 ), #3813, 'distance_accuracy_value', 'NONE');
#297 = CARTESIAN_POINT ( 'NONE',  ( -2.899999999999999911, -2.900000000000000355, 5.299999999999999822 ) ) ;
#298 = DIRECTION ( 'NONE',  ( -1.000000000000000000, 0.000000000000000000, 0.000000000000000000 ) ) ;
#299 = DIRECTION ( 'NONE',  ( -1.000000000000000000, 0.000000000000000000, 0.000000000000000000 ) ) ;
#300 = SURFACE_STYLE_FILL_AREA ( #3993 ) ;
#301 = DIRECTION ( 'NONE',  ( 0.000000000000000000, 1.000000000000000000, 0.000000000000000000 ) ) ;
#302 = DIRECTION ( 'NONE',  ( 1.000000000000000000, 0.000000000000000000, 0.000000000000000000 ) ) ;
#303 = ORIENTED_EDGE ( 'NONE', *, *, #2025, .F. ) ;
#304 = SURFACE_STYLE_USAGE ( .BOTH. , #5225 ) ;
#305 = CARTESIAN_POINT ( 'NONE',  ( 0.4728514551478822381, -2.719431964813668223, 0.000000000000000000 ) ) ;
#306 = CARTESIAN_POINT ( 'NONE',  ( 0.5241280184596512903, -2.987081729733275903, 0.000000000000000000 ) ) ;
#307 = ORIENTED_EDGE ( 'NONE', *, *, #6031, .T. ) ;
#308 = CARTESIAN_POINT ( 'NONE',  ( 0.5445388858815987110, -2.713206208589980850, 0.001000000000000000021 ) ) ;
#309 = DIRECTION ( 'NONE',  ( 1.000000000000000000, -6.505213034913023449E-15, 0.000000000000000000 ) ) ;
#310 = STYLED_ITEM ( 'NONE', ( #2415 ), #8955 ) ;
#311 = EDGE_CURVE ( 'NONE', #7661, #438, #5284, .T. ) ;
#312 = DIRECTION ( 'NONE',  ( -1.000000000000000000, -9.932342930286647849E-15, 0.000000000000000000 ) ) ;
#313 = CARTESIAN_POINT ( 'NONE',  ( 0.5387475206809709816, -2.987123742649708369, 0.001000000000000000021 ) ) ;
#314 = ORIENTED_EDGE ( 'NONE', *, *, #3503, .F. ) ;
#315 = DIRECTION ( 'NONE',  ( -0.000000000000000000, -0.000000000000000000, -1.000000000000000000 ) ) ;
#316 = LINE ( 'NONE', #3245, #7981 ) ;
#317 = ORIENTED_EDGE ( 'NONE', *, *, #3503, .T. ) ;
#318 = ORIENTED_EDGE ( 'NONE', *, *, #210, .T. ) ;
#319 = EDGE_CURVE ( 'NONE', #6158, #928, #9057, .T. ) ;
#320 = CARTESIAN_POINT ( 'NONE',  ( -0.01710745121657728310, -2.825007444361972819, 0.001000000000000000021 ) ) ;
#321 =( LENGTH_UNIT ( ) NAMED_UNIT ( * ) SI_UNIT ( .MILLI., .METRE. ) );
#322 = CARTESIAN_POINT ( 'NONE',  ( 0.000000000000000000, 4.099999999999999645, 0.8000000000000000444 ) ) ;
#323 = UNCERTAINTY_MEASURE_WITH_UNIT (LENGTH_MEASURE( 1.000000000000000082E-05 ), #6604, 'distance_accuracy_value', 'NONE');
#324 = MECHANICAL_DESIGN_GEOMETRIC_PRESENTATION_REPRESENTATION (  '', ( #1533 ), #4771 ) ;
#325 = VECTOR ( 'NONE', #5368, 1000.000000000000000 ) ;
#326 = SURFACE_SIDE_STYLE ('',( #241 ) ) ;
#327 = SURFACE_SIDE_STYLE ('',( #6828 ) ) ;
#328 =( NAMED_UNIT ( * ) PLANE_ANGLE_UNIT ( ) SI_UNIT ( $, .RADIAN. ) );
#329 = ORIENTED_EDGE ( 'NONE', *, *, #2548, .T. ) ;
#330 = CARTESIAN_POINT ( 'NONE',  ( -4.750000000000000000, 0.3999999999999999667, 0.000000000000000000 ) ) ;
#331 = EDGE_CURVE ( 'NONE', #9350, #2343, #7584, .T. ) ;
#332 = UNCERTAINTY_MEASURE_WITH_UNIT (LENGTH_MEASURE( 1.000000000000000082E-05 ), #2912, 'distance_accuracy_value', 'NONE');
#333 = SURFACE_STYLE_FILL_AREA ( #9086 ) ;
#334 = LINE ( 'NONE', #2488, #6804 ) ;
#335 = LINE ( 'NONE', #3174, #1272 ) ;
#336 = FACE_OUTER_BOUND ( 'NONE', #627, .T. ) ;
#337 = LINE ( 'NONE', #3267, #7381 ) ;
#338 = EDGE_CURVE ( 'NONE', #4347, #4490, #5420, .T. ) ;
#339 = PRESENTATION_STYLE_ASSIGNMENT (( #6845 ) ) ;
#340 = CARTESIAN_POINT ( 'NONE',  ( 0.1396000730556547775, -2.749418194026092443, 0.001000000000000000021 ) ) ;
#341 = ORIENTED_EDGE ( 'NONE', *, *, #2988, .F. ) ;
#342 =( GEOMETRIC_REPRESENTATION_CONTEXT ( 3 ) GLOBAL_UNCERTAINTY_ASSIGNED_CONTEXT ( ( #3652 ) ) GLOBAL_UNIT_ASSIGNED_CONTEXT ( ( #4587, #3337, #6957 ) ) REPRESENTATION_CONTEXT ( 'NONE', 'WORKASPACE' ) );
#343 = CARTESIAN_POINT ( 'NONE',  ( -2.100000000000034284, 3.249999999999977796, 0.000000000000000000 ) ) ;
#344 = CARTESIAN_POINT ( 'NONE',  ( 0.01970549893513501988, -2.731724926454992985, 0.000000000000000000 ) ) ;
#345 = DIRECTION ( 'NONE',  ( -0.000000000000000000, -0.000000000000000000, -1.000000000000000000 ) ) ;
#346 = CYLINDRICAL_SURFACE ( 'NONE', #9032, 0.9999999999999997780 ) ;
#347 = EDGE_LOOP ( 'NONE', ( #6454, #4943, #8522, #3879 ) ) ;
#348 = VECTOR ( 'NONE', #6032, 1000.000000000000000 ) ;
#349 = VECTOR ( 'NONE', #1874, 1000.000000000000000 ) ;
#350 = DIRECTION ( 'NONE',  ( 1.000000000000000000, 0.000000000000000000, 0.000000000000000000 ) ) ;
#351 = CARTESIAN_POINT ( 'NONE',  ( 0.6024762326832869830, -2.729708113336110742, 6.352747104407252543E-19 ) ) ;
#352 = CARTESIAN_POINT ( 'NONE',  ( 0.8500000000000113021, -3.249999999999996891, -0.02000000000000000042 ) ) ;
#353 = PLANE ( 'NONE',  #7566 ) ;
#354 = COLOUR_RGB ( '',0.9686274509803921573, 0.8784313725490195957, 0.5999999999999999778 ) ;
#355 = ORIENTED_EDGE ( 'NONE', *, *, #9218, .F. ) ;
#356 = CARTESIAN_POINT ( 'NONE',  ( -0.2154426326904131939, -2.755212998297924987, 0.000000000000000000 ) ) ;
#357 = MECHANICAL_DESIGN_GEOMETRIC_PRESENTATION_REPRESENTATION (  '', ( #7652 ), #2974 ) ;
#358 =( NAMED_UNIT ( * ) SI_UNIT ( $, .STERADIAN. ) SOLID_ANGLE_UNIT ( ) );
#359 = CARTESIAN_POINT ( 'NONE',  ( 2.899999999999992806, -3.900000000000000355, 5.299999999999999822 ) ) ;
#360 = EDGE_LOOP ( 'NONE', ( #480, #2277, #3568, #5770 ) ) ;
#361 = STYLED_ITEM ( 'NONE', ( #7513 ), #776 ) ;
#362 = FILL_AREA_STYLE ('',( #1121 ) ) ;
#363 = MECHANICAL_DESIGN_GEOMETRIC_PRESENTATION_REPRESENTATION (  '', ( #4352 ), #4212 ) ;
#364 = SURFACE_STYLE_FILL_AREA ( #7506 ) ;
#365 = CARTESIAN_POINT ( 'NONE',  ( 0.6366284796531145318, -2.830404618900133507, 0.000000000000000000 ) ) ;
#366 = CARTESIAN_POINT ( 'NONE',  ( -0.2109906281638573855, -2.774113315977312588, 0.000000000000000000 ) ) ;
#367 = COLOUR_RGB ( '',1.000000000000000000, 0.9372549019607843146, 0.1372549019607843257 ) ;
#368 = CARTESIAN_POINT ( 'NONE',  ( -1.649999999999983480, -4.750000000000006217, -0.02000000000000000042 ) ) ;
#369 = AXIS2_PLACEMENT_3D ( 'NONE', #8103, #1562, #3753 ) ;
#370 = CARTESIAN_POINT ( 'NONE',  ( 0.5707082231143995044, -3.017896049790345980, 0.000000000000000000 ) ) ;
#371 = CARTESIAN_POINT ( 'NONE',  ( -0.2114440553427995584, -2.772745952575283557, -0.000000000000000000 ) ) ;
#372 = ORIENTED_EDGE ( 'NONE', *, *, #8178, .T. ) ;
#373 = CARTESIAN_POINT ( 'NONE',  ( -3.250000000000000444, 0.8499999999999999778, -0.02000000000000000042 ) ) ;
#374 = EDGE_CURVE ( 'NONE', #8395, #1319, #4005, .T. ) ;
#375 =( NAMED_UNIT ( * ) SI_UNIT ( $, .STERADIAN. ) SOLID_ANGLE_UNIT ( ) );
#376 = ORIENTED_EDGE ( 'NONE', *, *, #41, .F. ) ;
#377 =( NAMED_UNIT ( * ) SI_UNIT ( $, .STERADIAN. ) SOLID_ANGLE_UNIT ( ) );
#378 = CARTESIAN_POINT ( 'NONE',  ( -3.250000000000000444, 2.100000000000000089, 0.000000000000000000 ) ) ;
#379 = CIRCLE ( 'NONE', #533, 1.200000000000000178 ) ;
#380 =( LENGTH_UNIT ( ) NAMED_UNIT ( * ) SI_UNIT ( .MILLI., .METRE. ) );
#381 = ORIENTED_EDGE ( 'NONE', *, *, #4738, .F. ) ;
#382 = UNCERTAINTY_MEASURE_WITH_UNIT (LENGTH_MEASURE( 1.000000000000000082E-05 ), #3981, 'distance_accuracy_value', 'NONE');
#383 = EDGE_CURVE ( 'NONE', #3671, #1755, #2209, .T. ) ;
#384 = LINE ( 'NONE', #6061, #5552 ) ;
#385 = VECTOR ( 'NONE', #474, 1000.000000000000114 ) ;
#386 = EDGE_CURVE ( 'NONE', #7093, #3170, #3664, .T. ) ;
#387 =( NAMED_UNIT ( * ) PLANE_ANGLE_UNIT ( ) SI_UNIT ( $, .RADIAN. ) );
#388 = SURFACE_STYLE_USAGE ( .BOTH. , #6105 ) ;
#389 = CARTESIAN_POINT ( 'NONE',  ( -4.750000000000000000, 2.899999999999999911, -0.02000000000000000042 ) ) ;
#390 = PRESENTATION_STYLE_ASSIGNMENT (( #8393 ) ) ;
#391 = FILL_AREA_STYLE ('',( #1929 ) ) ;
#392 = SURFACE_STYLE_FILL_AREA ( #9193 ) ;
#393 = STYLED_ITEM ( 'NONE', ( #1909 ), #2908 ) ;
#394 = VECTOR ( 'NONE', #3151, 1000.000000000000000 ) ;
#395 = CARTESIAN_POINT ( 'NONE',  ( 2.899999999999966160, 3.250000000000030642, 0.000000000000000000 ) ) ;
#396 = CARTESIAN_POINT ( 'NONE',  ( 0.4749839359280766948, -2.976517837850314319, 0.000000000000000000 ) ) ;
#397 = SURFACE_STYLE_FILL_AREA ( #5473 ) ;
#398 = ORIENTED_EDGE ( 'NONE', *, *, #6952, .T. ) ;
#399 = SURFACE_SIDE_STYLE ('',( #1881 ) ) ;
#400 = CARTESIAN_POINT ( 'NONE',  ( 0.5847831061484218829, -3.014706295321321949, 0.000000000000000000 ) ) ;
#401 = ORIENTED_EDGE ( 'NONE', *, *, #6028, .T. ) ;
#402 = CARTESIAN_POINT ( 'NONE',  ( -0.2665546525541012679, -2.899418194026092355, 0.001000000000000000021 ) ) ;
#403 =( LENGTH_UNIT ( ) NAMED_UNIT ( * ) SI_UNIT ( .MILLI., .METRE. ) );
#404 = DIRECTION ( 'NONE',  ( 0.000000000000000000, 0.000000000000000000, -1.000000000000000000 ) ) ;
#405 = STYLED_ITEM ( 'NONE', ( #4462 ), #2595 ) ;
#406 = PLANE ( 'NONE',  #9162 ) ;
#407 = LINE ( 'NONE', #1066, #5290 ) ;
#408 = LINE ( 'NONE', #7781, #7817 ) ;
#409 = ORIENTED_EDGE ( 'NONE', *, *, #4421, .F. ) ;
#410 = VECTOR ( 'NONE', #1311, 1000.000000000000000 ) ;
#411 = DIRECTION ( 'NONE',  ( 1.000000000000000000, 1.047444401652940007E-14, 0.000000000000000000 ) ) ;
#412 = CARTESIAN_POINT ( 'NONE',  ( 0.05898949623280984322, -2.753209175988995394, 0.000000000000000000 ) ) ;
#413 = CARTESIAN_POINT ( 'NONE',  ( 4.750000000000000000, 2.900000000000000355, -0.02000000000000000042 ) ) ;
#414 = UNCERTAINTY_MEASURE_WITH_UNIT (LENGTH_MEASURE( 1.000000000000000082E-05 ), #2718, 'distance_accuracy_value', 'NONE');
#415 =( NAMED_UNIT ( * ) SI_UNIT ( $, .STERADIAN. ) SOLID_ANGLE_UNIT ( ) );
#416 = DIRECTION ( 'NONE',  ( 0.000000000000000000, 1.000000000000000000, 0.000000000000000000 ) ) ;
#417 = FACE_BOUND ( 'NONE', #1683, .T. ) ;
#418 = CARTESIAN_POINT ( 'NONE',  ( 0.3999999999999501732, 4.750000000000004441, 0.000000000000000000 ) ) ;
#419 = FILL_AREA_STYLE_COLOUR ( '', #8777 ) ;
#420 = VERTEX_POINT ( 'NONE', #8852 ) ;
#421 = LINE ( 'NONE', #8984, #216 ) ;
#422 = STYLED_ITEM ( 'NONE', ( #3485 ), #99 ) ;
#423 =( LENGTH_UNIT ( ) NAMED_UNIT ( * ) SI_UNIT ( .MILLI., .METRE. ) );
#424 = VECTOR ( 'NONE', #7955, 1000.000000000000000 ) ;
#425 = ORIENTED_EDGE ( 'NONE', *, *, #8701, .F. ) ;
#426 = UNCERTAINTY_MEASURE_WITH_UNIT (LENGTH_MEASURE( 1.000000000000000082E-05 ), #1482, 'distance_accuracy_value', 'NONE');
#427 = CARTESIAN_POINT ( 'NONE',  ( 0.01799798073857033706, -2.959550425355665926, 0.001000000000000000021 ) ) ;
#428 = ADVANCED_FACE ( 'NONE', ( #725 ), #674, .F. ) ;
#429 = CARTESIAN_POINT ( 'NONE',  ( -0.01704690236302308995, -2.756011231037401643, 0.000000000000000000 ) ) ;
#430 = B_SPLINE_CURVE_WITH_KNOTS ( 'NONE', 3,
 ( #6180, #6918, #1123, #456, #6088, #3349, #2570, #4694, #1847, #4785, #7639, #4070, #3972, #2440, #412, #6818, #6223, #9115, #3249 ),
 .UNSPECIFIED., .F., .F.,
 ( 4, 1, 1, 1, 1, 1, 1, 1, 1, 1, 1, 1, 1, 1, 1, 1, 4 ),
 ( 0.000000000000000000, 0.07430379644281459584, 0.1443936103644176128, 0.2104994961032796430, 0.2735426065034680110, 0.3338247445790726298, 0.3925296724085031719, 0.4500874545995843801, 0.5078206115557873934, 0.5654649127768455186, 0.6231487223336187320, 0.6812971927909348135, 0.7409134981565805855, 0.8018557521958576961, 0.8652412377209430794, 0.9309416570467442531, 0.9999999999999998890 ),
 .UNSPECIFIED. ) ;
#431 = ORIENTED_EDGE ( 'NONE', *, *, #8870, .T. ) ;
#432 = CARTESIAN_POINT ( 'NONE',  ( 0.8200878779337035240, -2.716491364757799953, 0.000000000000000000 ) ) ;
#433 = LINE ( 'NONE', #1094, #1910 ) ;
#434 = EDGE_CURVE ( 'NONE', #3662, #3782, #5122, .T. ) ;
#435 = CARTESIAN_POINT ( 'NONE',  ( -0.06149968877133491635, -2.857280408932846516, 0.001000000000000000021 ) ) ;
#436 =( LENGTH_UNIT ( ) NAMED_UNIT ( * ) SI_UNIT ( .MILLI., .METRE. ) );
#437 = STYLED_ITEM ( 'NONE', ( #3001 ), #4630 ) ;
#438 = VERTEX_POINT ( 'NONE', #5076 ) ;
#439 = ADVANCED_FACE ( 'NONE', ( #3076 ), #3810, .F. ) ;
#440 = CARTESIAN_POINT ( 'NONE',  ( 0.4935631600167175725, -2.982538857037524416, 0.000000000000000000 ) ) ;
#441 = CARTESIAN_POINT ( 'NONE',  ( 0.3591122681776059422, -2.749418194026092443, 0.001000000000000000021 ) ) ;
#442 = EDGE_LOOP ( 'NONE', ( #6754, #4192, #2332, #8368 ) ) ;
#443 = CARTESIAN_POINT ( 'NONE',  ( -3.250000000000000444, -1.649999999999999911, 0.000000000000000000 ) ) ;
#444 =( NAMED_UNIT ( * ) PLANE_ANGLE_UNIT ( ) SI_UNIT ( $, .RADIAN. ) );
#445 = EDGE_LOOP ( 'NONE', ( #3410, #1191, #329, #7940, #4395, #6697, #563, #5169 ) ) ;
#446 = CARTESIAN_POINT ( 'NONE',  ( 0.2530147072019962584, -2.848198681830970802, 0.001000000000000000021 ) ) ;
#447 = VERTEX_POINT ( 'NONE', #5266 ) ;
#448 = DIRECTION ( 'NONE',  ( -1.000000000000000000, -0.000000000000000000, -0.000000000000000000 ) ) ;
#449 = CARTESIAN_POINT ( 'NONE',  ( 0.6809328306532521635, -2.866314010205348151, 0.001000000000000000021 ) ) ;
#450 = CARTESIAN_POINT ( 'NONE',  ( -4.750000000000000000, 2.899999999999999911, -0.02000000000000000042 ) ) ;
#451 = VERTEX_POINT ( 'NONE', #2157 ) ;
#452 = DIRECTION ( 'NONE',  ( 1.000000000000000000, -0.000000000000000000, -0.000000000000000000 ) ) ;
#453 = VECTOR ( 'NONE', #7372, 1000.000000000000000 ) ;
#454 = EDGE_CURVE ( 'NONE', #9405, #1527, #8568, .T. ) ;
#455 = CARTESIAN_POINT ( 'NONE',  ( 0.09108286336445459153, -2.749506092276820635, 0.001000000000000000021 ) ) ;
#456 = CARTESIAN_POINT ( 'NONE',  ( -0.01959924673041211346, -2.837093536902718149, 0.000000000000000000 ) ) ;
#457 = FILL_AREA_STYLE ('',( #8371 ) ) ;
#458 = DIRECTION ( 'NONE',  ( -1.000000000000000000, 0.000000000000000000, 0.000000000000000000 ) ) ;
#459 = SURFACE_SIDE_STYLE ('',( #2615 ) ) ;
#460 = DIRECTION ( 'NONE',  ( -0.000000000000000000, -0.000000000000000000, 1.000000000000000000 ) ) ;
#461 = VECTOR ( 'NONE', #2101, 1000.000000000000000 ) ;
#462 = FACE_BOUND ( 'NONE', #7623, .T. ) ;
#463 = ORIENTED_EDGE ( 'NONE', *, *, #2802, .T. ) ;
#464 = DIRECTION ( 'NONE',  ( 0.000000000000000000, -1.000000000000000000, 0.000000000000000000 ) ) ;
#465 = FILL_AREA_STYLE_COLOUR ( '', #7992 ) ;
#466 = ORIENTED_EDGE ( 'NONE', *, *, #1079, .T. ) ;
#467 = CARTESIAN_POINT ( 'NONE',  ( 0.5094185108288394881, -2.746874486732431286, 0.001000000000000000021 ) ) ;
#468 = LINE ( 'NONE', #5453, #2083 ) ;
#469 = CARTESIAN_POINT ( 'NONE',  ( -0.05908484747271971343, -2.831140498329974164, 0.001000000000000000021 ) ) ;
#470 = ORIENTED_EDGE ( 'NONE', *, *, #615, .F. ) ;
#471 = CARTESIAN_POINT ( 'NONE',  ( 0.05872794407593257687, -2.979331685322764045, 0.000000000000000000 ) ) ;
#472 = DIRECTION ( 'NONE',  ( -1.000000000000000000, -9.932342930286647849E-15, 0.000000000000000000 ) ) ;
#473 = PRESENTATION_LAYER_ASSIGNMENT (  '', '', ( #4008 ) ) ;
#474 = DIRECTION ( 'NONE',  ( -0.7071067811865474617, 0.7071067811865474617, -0.000000000000000000 ) ) ;
#475 = EDGE_CURVE ( 'NONE', #8836, #7550, #4368, .T. ) ;
#476 = PRESENTATION_STYLE_ASSIGNMENT (( #7714 ) ) ;
#477 =( LENGTH_UNIT ( ) NAMED_UNIT ( * ) SI_UNIT ( .MILLI., .METRE. ) );
#478 =( NAMED_UNIT ( * ) PLANE_ANGLE_UNIT ( ) SI_UNIT ( $, .RADIAN. ) );
#479 = CARTESIAN_POINT ( 'NONE',  ( 0.8200878779337035240, -2.983564535489507286, 0.001000000000000000021 ) ) ;
#480 = ORIENTED_EDGE ( 'NONE', *, *, #6658, .T. ) ;
#481 = CARTESIAN_POINT ( 'NONE',  ( -0.3543023659687354887, -3.016491364757799776, 0.000000000000000000 ) ) ;
#482 = DIRECTION ( 'NONE',  ( 1.000000000000000000, 0.000000000000000000, 0.000000000000000000 ) ) ;
#483 = CARTESIAN_POINT ( 'NONE',  ( 0.5033913852728028049, -2.984670871454110141, 0.000000000000000000 ) ) ;
#484 = EDGE_LOOP ( 'NONE', ( #4277, #7916, #4777, #4336 ) ) ;
#485 =( NAMED_UNIT ( * ) SI_UNIT ( $, .STERADIAN. ) SOLID_ANGLE_UNIT ( ) );
#486 = LINE ( 'NONE', #49, #5974 ) ;
#487 = EDGE_LOOP ( 'NONE', ( #8663, #4169, #5082, #624 ) ) ;
#488 = CARTESIAN_POINT ( 'NONE',  ( 0.5250030209660694336, -2.712857831503116213, -0.000000000000000000 ) ) ;
#489 = EDGE_CURVE ( 'NONE', #9350, #4685, #335, .T. ) ;
#490 = DIRECTION ( 'NONE',  ( 0.000000000000000000, -1.000000000000000000, 0.000000000000000000 ) ) ;
#491 = DIRECTION ( 'NONE',  ( 1.000000000000000000, 0.000000000000000000, 0.000000000000000000 ) ) ;
#492 = EDGE_LOOP ( 'NONE', ( #2563, #2214, #6629, #8745 ) ) ;
#493 = CARTESIAN_POINT ( 'NONE',  ( 0.4914293167285168074, -2.750473819872647940, 0.000000000000000000 ) ) ;
#494 = CARTESIAN_POINT ( 'NONE',  ( -0.2213945915784914509, -2.774113315977312588, 0.000000000000000000 ) ) ;
#495 = ADVANCED_FACE ( 'NONE', ( #8297 ), #4570, .T. ) ;
#496 = CARTESIAN_POINT ( 'NONE',  ( 0.5339094322441299001, -2.712958895676470306, 0.001000000000000000021 ) ) ;
#497 = MECHANICAL_DESIGN_GEOMETRIC_PRESENTATION_REPRESENTATION (  '', ( #5084 ), #955 ) ;
#498 = PLANE ( 'NONE',  #3136 ) ;
#499 = ORIENTED_EDGE ( 'NONE', *, *, #102, .F. ) ;
#500 =( NAMED_UNIT ( * ) SI_UNIT ( $, .STERADIAN. ) SOLID_ANGLE_UNIT ( ) );
#501 = SURFACE_SIDE_STYLE ('',( #597 ) ) ;
#502 = VECTOR ( 'NONE', #5131, 1000.000000000000000 ) ;
#503 = VECTOR ( 'NONE', #6209, 1000.000000000000000 ) ;
#504 = DIRECTION ( 'NONE',  ( -1.000000000000000000, -3.491481338843134144E-15, 0.000000000000000000 ) ) ;
#505 = AXIS2_PLACEMENT_3D ( 'NONE', #948, #5259, #8151 ) ;
#506 = CARTESIAN_POINT ( 'NONE',  ( 2.100000000000016964, -4.749999999999992895, -0.02000000000000000042 ) ) ;
#507 = DIRECTION ( 'NONE',  ( -1.000000000000000000, -9.932342930286647849E-15, 0.000000000000000000 ) ) ;
#508 = DIRECTION ( 'NONE',  ( -0.000000000000000000, 0.000000000000000000, -1.000000000000000000 ) ) ;
#509 = FACE_BOUND ( 'NONE', #5625, .T. ) ;
#510 = PRESENTATION_LAYER_ASSIGNMENT (  '', '', ( #3276 ) ) ;
#511 = AXIS2_PLACEMENT_3D ( 'NONE', #5767, #9406, #7308 ) ;
#512 = ORIENTED_EDGE ( 'NONE', *, *, #2039, .T. ) ;
#513 =( NAMED_UNIT ( * ) PLANE_ANGLE_UNIT ( ) SI_UNIT ( $, .RADIAN. ) );
#514 = B_SPLINE_SURFACE_WITH_KNOTS ( 'NONE', 3, 1, ( 
 ( #2539, #4128 ),
 ( #517, #6978 ),
 ( #7025, #4980 ),
 ( #9178, #9269 ),
 ( #6930, #6374 ),
 ( #6234, #3502 ),
 ( #2675, #1916 ),
 ( #467, #5685 ),
 ( #2006, #7852 ),
 ( #3452, #4173 ),
 ( #4086, #8383 ) ),
 .UNSPECIFIED., .F., .F., .F.,
 ( 4, 1, 1, 1, 1, 1, 1, 1, 4 ),
 ( 2, 2 ),
 ( 0.000000000000000000, 0.1252796967356276658, 0.2494199707420526602, 0.3733567994928189693, 0.4966812787822869613, 0.6202029157439828966, 0.7450863201614550402, 0.8712691950190970536, 1.000000000000000000 ),
 ( 0.000000000000000000, 1.000000000000000000 ),
 .UNSPECIFIED. ) ;
#515 = ORIENTED_EDGE ( 'NONE', *, *, #7222, .T. ) ;
#516 = UNCERTAINTY_MEASURE_WITH_UNIT (LENGTH_MEASURE( 1.000000000000000082E-05 ), #7724, 'distance_accuracy_value', 'NONE');
#517 = CARTESIAN_POINT ( 'NONE',  ( 0.4605568716708117738, -2.763418922616454498, 0.001000000000000000021 ) ) ;
#518 = CARTESIAN_POINT ( 'NONE',  ( 0.3999999999999501732, 4.750000000000004441, -0.02000000000000000042 ) ) ;
#519 = COLOUR_RGB ( '',0.2235294117647058654, 0.2235294117647058654, 0.2235294117647058654 ) ;
#520 = EDGE_CURVE ( 'NONE', #928, #34, #1716, .T. ) ;
#521 = SURFACE_STYLE_USAGE ( .BOTH. , #4175 ) ;
#522 = VECTOR ( 'NONE', #1007, 1000.000000000000000 ) ;
#523 = EDGE_LOOP ( 'NONE', ( #6219, #4545, #4523, #5410 ) ) ;
#524 = CARTESIAN_POINT ( 'NONE',  ( 0.07082300361848978265, -2.981762463677703590, 0.001000000000000000021 ) ) ;
#525 = CARTESIAN_POINT ( 'NONE',  ( 0.03774430483394165120, -2.760425219869667046, 0.001000000000000000021 ) ) ;
#526 = SURFACE_STYLE_FILL_AREA ( #8673 ) ;
#527 = ORIENTED_EDGE ( 'NONE', *, *, #5757, .F. ) ;
#528 =( LENGTH_UNIT ( ) NAMED_UNIT ( * ) SI_UNIT ( .MILLI., .METRE. ) );
#529 = VECTOR ( 'NONE', #1240, 1000.000000000000000 ) ;
#530 = CARTESIAN_POINT ( 'NONE',  ( 1.649999999999965938, 3.250000000000017319, 0.000000000000000000 ) ) ;
#531 = VERTEX_POINT ( 'NONE', #6102 ) ;
#532 = FACE_OUTER_BOUND ( 'NONE', #5729, .T. ) ;
#533 = AXIS2_PLACEMENT_3D ( 'NONE', #4126, #998, #7653 ) ;
#534 = SURFACE_STYLE_FILL_AREA ( #8634 ) ;
#535 = CARTESIAN_POINT ( 'NONE',  ( 0.4728514551478822381, -2.719431964813668223, 0.001000000000000000021 ) ) ;
#536 = ORIENTED_EDGE ( 'NONE', *, *, #2039, .F. ) ;
#537 = MECHANICAL_DESIGN_GEOMETRIC_PRESENTATION_REPRESENTATION (  '', ( #8903 ), #1452 ) ;
#538 = CARTESIAN_POINT ( 'NONE',  ( 3.250000000000000000, -0.3999999999999999667, -0.02000000000000000042 ) ) ;
#539 = CARTESIAN_POINT ( 'NONE',  ( 0.6788844946242912348, -2.903746283810091366, 0.000000000000000000 ) ) ;
#540 = SURFACE_STYLE_FILL_AREA ( #1883 ) ;
#541 = ORIENTED_EDGE ( 'NONE', *, *, #3849, .F. ) ;
#542 = DIRECTION ( 'NONE',  ( 1.000000000000000000, 0.000000000000000000, 0.000000000000000000 ) ) ;
#543 = VECTOR ( 'NONE', #8944, 1000.000000000000000 ) ;
#544 = CYLINDRICAL_SURFACE ( 'NONE', #1554, 1.000000000000000000 ) ;
#545 = EDGE_LOOP ( 'NONE', ( #1622, #5150, #2864, #372 ) ) ;
#546 = LINE ( 'NONE', #3290, #5435 ) ;
#547 = ORIENTED_EDGE ( 'NONE', *, *, #8675, .T. ) ;
#548 = PLANE ( 'NONE',  #3341 ) ;
#549 = CARTESIAN_POINT ( 'NONE',  ( 0.01905815264027546641, -2.771232243020343766, 0.001000000000000000021 ) ) ;
#550 = EDGE_CURVE ( 'NONE', #4929, #4848, #8252, .T. ) ;
#551 =( NAMED_UNIT ( * ) SI_UNIT ( $, .STERADIAN. ) SOLID_ANGLE_UNIT ( ) );
#552 = PRESENTATION_STYLE_ASSIGNMENT (( #7066 ) ) ;
#553 = LINE ( 'NONE', #1959, #4556 ) ;
#554 = EDGE_CURVE ( 'NONE', #6976, #5949, #384, .T. ) ;
#555 = SURFACE_STYLE_USAGE ( .BOTH. , #7891 ) ;
#556 = VECTOR ( 'NONE', #2360, 1000.000000000000000 ) ;
#557 = CARTESIAN_POINT ( 'NONE',  ( -2.899999999999988365, -3.250000000000010214, 0.000000000000000000 ) ) ;
#558 = MECHANICAL_DESIGN_GEOMETRIC_PRESENTATION_REPRESENTATION (  '', ( #4709 ), #3640 ) ;
#559 = FACE_BOUND ( 'NONE', #3982, .T. ) ;
#560 = ORIENTED_EDGE ( 'NONE', *, *, #2132, .F. ) ;
#561 = DIRECTION ( 'NONE',  ( -0.000000000000000000, -0.000000000000000000, 1.000000000000000000 ) ) ;
#562 = PLANE ( 'NONE',  #1444 ) ;
#563 = ORIENTED_EDGE ( 'NONE', *, *, #1657, .T. ) ;
#564 = DIRECTION ( 'NONE',  ( -1.000000000000000000, 0.000000000000000000, 0.000000000000000000 ) ) ;
#565 = TOROIDAL_SURFACE ( 'NONE', #5758, 1.200000000000000178, 0.2000000000000000111 ) ;
#566 = DIRECTION ( 'NONE',  ( 1.000000000000000000, 0.000000000000000000, 0.000000000000000000 ) ) ;
#567 = SURFACE_STYLE_FILL_AREA ( #2055 ) ;
#568 = CARTESIAN_POINT ( 'NONE',  ( 0.02703099031408841280, -2.965996171119433811, 0.000000000000000000 ) ) ;
#569 = STYLED_ITEM ( 'NONE', ( #1524 ), #4942 ) ;
#570 = VECTOR ( 'NONE', #1325, 1000.000000000000000 ) ;
#571 = CARTESIAN_POINT ( 'NONE',  ( -0.01959924673041211346, -2.837093536902718149, 0.001000000000000000021 ) ) ;
#572 = CARTESIAN_POINT ( 'NONE',  ( -0.02754680246296869681, -2.963788975642644097, 0.001000000000000000021 ) ) ;
#573 = CARTESIAN_POINT ( 'NONE',  ( 0.6810634876898010726, -2.872150663538287851, 0.000000000000000000 ) ) ;
#574 = EDGE_CURVE ( 'NONE', #8879, #5556, #6839, .T. ) ;
#575 = ADVANCED_FACE ( 'NONE', ( #6149 ), #4429, .T. ) ;
#576 = CARTESIAN_POINT ( 'NONE',  ( -3.900000000000000799, 2.899999999999993250, 1.000000000000000000 ) ) ;
#577 =( LENGTH_UNIT ( ) NAMED_UNIT ( * ) SI_UNIT ( .MILLI., .METRE. ) );
#578 = ORIENTED_EDGE ( 'NONE', *, *, #5873, .T. ) ;
#579 = COLOUR_RGB ( '',0.9686274509803921573, 0.8784313725490195957, 0.5999999999999999778 ) ;
#580 = CARTESIAN_POINT ( 'NONE',  ( -0.3103999269443450948, -3.016491364757799776, 0.001000000000000000021 ) ) ;
#581 = CARTESIAN_POINT ( 'NONE',  ( 5.049999999999997158, 5.049999999999999822, 0.8000000000000000444 ) ) ;
#582 = ORIENTED_EDGE ( 'NONE', *, *, #919, .F. ) ;
#584 = VECTOR ( 'NONE', #2649, 1000.000000000000000 ) ;
#583 = SURFACE_SIDE_STYLE ('',( #1485 ) ) ;
#585 = CARTESIAN_POINT ( 'NONE',  ( 0.6788844946242912348, -2.903746283810091366, 0.001000000000000000021 ) ) ;
#586 = CARTESIAN_POINT ( 'NONE',  ( -2.899999999999983480, -4.750000000000010658, 0.000000000000000000 ) ) ;
#587 = EDGE_LOOP ( 'NONE', ( #7607, #2436, #1476, #2593, #965 ) ) ;
#588 = FILL_AREA_STYLE_COLOUR ( '', #8684 ) ;
#589 = PRESENTATION_STYLE_ASSIGNMENT (( #5796 ) ) ;
#590 = VERTEX_POINT ( 'NONE', #5734 ) ;
#591 = CARTESIAN_POINT ( 'NONE',  ( 3.250000000000000000, -0.3999999999999999667, -0.02000000000000000042 ) ) ;
#592 = PLANE ( 'NONE',  #6608 ) ;
#593 = SURFACE_SIDE_STYLE ('',( #8688 ) ) ;
#594 = VERTEX_POINT ( 'NONE', #3554 ) ;
#595 = DIRECTION ( 'NONE',  ( -0.000000000000000000, -0.000000000000000000, -1.000000000000000000 ) ) ;
#596 = ADVANCED_FACE ( 'NONE', ( #4229 ), #4932, .F. ) ;
#597 = SURFACE_STYLE_FILL_AREA ( #7108 ) ;
#598 = CARTESIAN_POINT ( 'NONE',  ( 3.250000000000000000, -2.899999999999999911, -0.02000000000000000042 ) ) ;
#599 =( LENGTH_UNIT ( ) NAMED_UNIT ( * ) SI_UNIT ( .MILLI., .METRE. ) );
#600 = VERTEX_POINT ( 'NONE', #7804 ) ;
#601 = DIRECTION ( 'NONE',  ( -5.421010862427523156E-16, -1.000000000000000000, 0.000000000000000000 ) ) ;
#602 = FILL_AREA_STYLE ('',( #9309 ) ) ;
#603 = DIRECTION ( 'NONE',  ( 1.047444401652940164E-14, -1.000000000000000000, 0.000000000000000000 ) ) ;
#604 = VECTOR ( 'NONE', #5177, 1000.000000000000000 ) ;
#605 = EDGE_CURVE ( 'NONE', #3400, #8879, #8570, .T. ) ;
#606 = EDGE_LOOP ( 'NONE', ( #8585, #2133, #515, #2607 ) ) ;
#607 = VERTEX_POINT ( 'NONE', #1922 ) ;
#608 = SURFACE_SIDE_STYLE ('',( #2818 ) ) ;
#609 = VERTEX_POINT ( 'NONE', #6981 ) ;
#610 = CARTESIAN_POINT ( 'NONE',  ( 0.4578927559824840232, -2.764966974513897835, 0.001000000000000000021 ) ) ;
#611 = VECTOR ( 'NONE', #3922, 1000.000000000000000 ) ;
#612 = CARTESIAN_POINT ( 'NONE',  ( 0.01799798073857033706, -2.959550425355665926, 0.000000000000000000 ) ) ;
#613 = ADVANCED_FACE ( 'NONE', ( #4449 ), #8066, .T. ) ;
#614 = CARTESIAN_POINT ( 'NONE',  ( 0.8603317803727279500, -2.716491364757799953, 0.001000000000000000021 ) ) ;
#615 = EDGE_CURVE ( 'NONE', #1551, #8136, #7377, .T. ) ;
#616 = UNCERTAINTY_MEASURE_WITH_UNIT (LENGTH_MEASURE( 1.000000000000000082E-05 ), #5708, 'distance_accuracy_value', 'NONE');
#617 = DIRECTION ( 'NONE',  ( 1.000000000000000000, 2.949380252600381533E-15, 0.000000000000000000 ) ) ;
#618 =( GEOMETRIC_REPRESENTATION_CONTEXT ( 3 ) GLOBAL_UNCERTAINTY_ASSIGNED_CONTEXT ( ( #2761 ) ) GLOBAL_UNIT_ASSIGNED_CONTEXT ( ( #7678, #1831, #2648 ) ) REPRESENTATION_CONTEXT ( 'NONE', 'WORKASPACE' ) );
#619 = LINE ( 'NONE', #1334, #3175 ) ;
#620 = ORIENTED_EDGE ( 'NONE', *, *, #3614, .T. ) ;
#621 = CARTESIAN_POINT ( 'NONE',  ( -0.01964955961218136163, -2.890225812470990530, 0.000000000000000000 ) ) ;
#622 = EDGE_CURVE ( 'NONE', #5930, #3390, #658, .T. ) ;
#623 = SURFACE_SIDE_STYLE ('',( #4275 ) ) ;
#624 = ORIENTED_EDGE ( 'NONE', *, *, #2484, .T. ) ;
#625 = FILL_AREA_STYLE_COLOUR ( '', #1122 ) ;
#626 = SURFACE_STYLE_USAGE ( .BOTH. , #1487 ) ;
#627 = EDGE_LOOP ( 'NONE', ( #5537, #6357, #7979, #8234 ) ) ;
#628 = FILL_AREA_STYLE_COLOUR ( '', #8409 ) ;
#629 = SURFACE_SIDE_STYLE ('',( #4285 ) ) ;
#630 =( NAMED_UNIT ( * ) SI_UNIT ( $, .STERADIAN. ) SOLID_ANGLE_UNIT ( ) );
#631 =( LENGTH_UNIT ( ) NAMED_UNIT ( * ) SI_UNIT ( .MILLI., .METRE. ) );
#632 = ORIENTED_EDGE ( 'NONE', *, *, #9103, .F. ) ;
#633 = VERTEX_POINT ( 'NONE', #5824 ) ;
#634 = PLANE ( 'NONE',  #8182 ) ;
#635 = DIRECTION ( 'NONE',  ( -0.000000000000000000, -0.000000000000000000, 1.000000000000000000 ) ) ;
#636 = DIRECTION ( 'NONE',  ( -0.000000000000000000, -0.000000000000000000, -1.000000000000000000 ) ) ;
#637 = CARTESIAN_POINT ( 'NONE',  ( 0.8603317803727279500, -2.716491364757799953, 0.000000000000000000 ) ) ;
#638 = EDGE_LOOP ( 'NONE', ( #3398, #1637, #9229, #6935, #2423, #1696, #8972, #1635, #4594, #3308, #5097, #4272 ) ) ;
#639 =( NAMED_UNIT ( * ) PLANE_ANGLE_UNIT ( ) SI_UNIT ( $, .RADIAN. ) );
#640 =( GEOMETRIC_REPRESENTATION_CONTEXT ( 3 ) GLOBAL_UNCERTAINTY_ASSIGNED_CONTEXT ( ( #6543 ) ) GLOBAL_UNIT_ASSIGNED_CONTEXT ( ( #403, #7005, #7829 ) ) REPRESENTATION_CONTEXT ( 'NONE', 'WORKASPACE' ) );
#641 = SURFACE_SIDE_STYLE ('',( #5148 ) ) ;
#642 = CARTESIAN_POINT ( 'NONE',  ( 0.5281480913483377337, -2.745759657440726809, 0.001000000000000000021 ) ) ;
#643 = ORIENTED_EDGE ( 'NONE', *, *, #7547, .F. ) ;
#644 = VERTEX_POINT ( 'NONE', #287 ) ;
#645 = ORIENTED_EDGE ( 'NONE', *, *, #1911, .T. ) ;
#646 = FACE_OUTER_BOUND ( 'NONE', #3293, .T. ) ;
#647 = UNCERTAINTY_MEASURE_WITH_UNIT (LENGTH_MEASURE( 1.000000000000000082E-05 ), #4399, 'distance_accuracy_value', 'NONE');
#648 = CIRCLE ( 'NONE', #7493, 0.1999999999999999833 ) ;
#649 = VECTOR ( 'NONE', #8169, 1000.000000000000000 ) ;
#650 = CARTESIAN_POINT ( 'NONE',  ( -0.4000000000000498157, 4.749999999999995559, 0.000000000000000000 ) ) ;
#651 = VECTOR ( 'NONE', #3367, 1000.000000000000000 ) ;
#652 = PLANE ( 'NONE',  #1832 ) ;
#653 = DIRECTION ( 'NONE',  ( -0.000000000000000000, -0.000000000000000000, 1.000000000000000000 ) ) ;
#654 =( NAMED_UNIT ( * ) PLANE_ANGLE_UNIT ( ) SI_UNIT ( $, .RADIAN. ) );
#655 = FILL_AREA_STYLE ('',( #7323 ) ) ;
#656 = VECTOR ( 'NONE', #7946, 1000.000000000000000 ) ;
#657 = PRESENTATION_LAYER_ASSIGNMENT (  '', '', ( #3737 ) ) ;
#658 = LINE ( 'NONE', #6462, #2054 ) ;
#659 = VECTOR ( 'NONE', #6584, 1000.000000000000000 ) ;
#660 =( LENGTH_UNIT ( ) NAMED_UNIT ( * ) SI_UNIT ( .MILLI., .METRE. ) );
#661 = FILL_AREA_STYLE_COLOUR ( '', #4984 ) ;
#662 = DIRECTION ( 'NONE',  ( -0.000000000000000000, -0.000000000000000000, -1.000000000000000000 ) ) ;
#663 = ORIENTED_EDGE ( 'NONE', *, *, #5829, .F. ) ;
#664 =( NAMED_UNIT ( * ) SI_UNIT ( $, .STERADIAN. ) SOLID_ANGLE_UNIT ( ) );
#665 = VECTOR ( 'NONE', #8609, 1000.000000000000000 ) ;
#666 = VECTOR ( 'NONE', #4873, 1000.000000000000000 ) ;
#667 = CARTESIAN_POINT ( 'NONE',  ( 4.750000000000000000, 0.8500000000000000888, -0.02000000000000000042 ) ) ;
#668 = LINE ( 'NONE', #720, #5954 ) ;
#669 = ORIENTED_EDGE ( 'NONE', *, *, #7972, .T. ) ;
#670 = ADVANCED_FACE ( 'NONE', ( #8196 ), #3251, .T. ) ;
#671 = B_SPLINE_SURFACE_WITH_KNOTS ( 'NONE', 3, 1, ( 
 ( #1692, #494 ),
 ( #6217, #6960 ),
 ( #4912, #9158 ),
 ( #8410, #3387 ),
 ( #1115, #6861 ),
 ( #7057, #2654 ),
 ( #7779, #5526 ) ),
 .UNSPECIFIED., .F., .F., .F.,
 ( 4, 1, 1, 1, 4 ),
 ( 2, 2 ),
 ( 0.000000000000000000, 0.1744817153170535873, 0.3982857591281118714, 0.6738978473986801943, 1.000000000000000000 ),
 ( 0.000000000000000000, 1.000000000000000000 ),
 .UNSPECIFIED. ) ;
#672 = CARTESIAN_POINT ( 'NONE',  ( -0.02107083002889863221, -2.877157380882158222, 0.000000000000000000 ) ) ;
#673 = EDGE_CURVE ( 'NONE', #7271, #4839, #6687, .T. ) ;
#674 = PLANE ( 'NONE',  #6726 ) ;
#675 = VECTOR ( 'NONE', #4825, 1000.000000000000000 ) ;
#676 = CARTESIAN_POINT ( 'NONE',  ( 2.100000000000016964, -4.749999999999992895, 0.000000000000000000 ) ) ;
#677 = MECHANICAL_DESIGN_GEOMETRIC_PRESENTATION_REPRESENTATION (  '', ( #2212 ), #3287 ) ;
#678 = CARTESIAN_POINT ( 'NONE',  ( 3.250000000000000000, 0.8500000000000000888, -0.02000000000000000042 ) ) ;
#679 = ORIENTED_EDGE ( 'NONE', *, *, #5925, .F. ) ;
#680 = DIRECTION ( 'NONE',  ( -0.000000000000000000, -0.000000000000000000, 1.000000000000000000 ) ) ;
#681 = ORIENTED_EDGE ( 'NONE', *, *, #7019, .T. ) ;
#682 = CARTESIAN_POINT ( 'NONE',  ( 3.250000000000000000, -2.899999999999999911, 0.000000000000000000 ) ) ;
#683 = MECHANICAL_DESIGN_GEOMETRIC_PRESENTATION_REPRESENTATION (  '', ( #9194 ), #832 ) ;
#684 = FACE_OUTER_BOUND ( 'NONE', #2959, .T. ) ;
#685 = AXIS2_PLACEMENT_3D ( 'NONE', #9174, #4032, #8381 ) ;
#686 = CARTESIAN_POINT ( 'NONE',  ( 0.3993561706166303127, -2.716491364757799953, 0.001000000000000000021 ) ) ;
#687 = FILL_AREA_STYLE_COLOUR ( '', #8292 ) ;
#688 = ORIENTED_EDGE ( 'NONE', *, *, #5865, .T. ) ;
#689 = VECTOR ( 'NONE', #2452, 1000.000000000000000 ) ;
#690 = VERTEX_POINT ( 'NONE', #3977 ) ;
#691 = SURFACE_STYLE_USAGE ( .BOTH. , #3533 ) ;
#692 =( NAMED_UNIT ( * ) SI_UNIT ( $, .STERADIAN. ) SOLID_ANGLE_UNIT ( ) );
#693 = CARTESIAN_POINT ( 'NONE',  ( -4.270365320521144703, 4.310522442972755996, 0.8000000000000000444 ) ) ;
#694 = PRESENTATION_LAYER_ASSIGNMENT (  '', '', ( #3772 ) ) ;
#695 = FILL_AREA_STYLE_COLOUR ( '', #8654 ) ;
#696 = VERTEX_POINT ( 'NONE', #3109 ) ;
#697 = CARTESIAN_POINT ( 'NONE',  ( 0.8500000000000166311, -4.749999999999997335, 0.000000000000000000 ) ) ;
#698 = PRESENTATION_LAYER_ASSIGNMENT (  '', '', ( #8905 ) ) ;
#699 = SURFACE_STYLE_FILL_AREA ( #602 ) ;
#700 = SURFACE_STYLE_FILL_AREA ( #5018 ) ;
#701 = VERTEX_POINT ( 'NONE', #2399 ) ;
#702 = VECTOR ( 'NONE', #1260, 1000.000000000000000 ) ;
#703 = ORIENTED_EDGE ( 'NONE', *, *, #5371, .F. ) ;
#704 = DIRECTION ( 'NONE',  ( -1.000000000000000000, -9.932342930286647849E-15, 0.000000000000000000 ) ) ;
#705 =( NAMED_UNIT ( * ) SI_UNIT ( $, .STERADIAN. ) SOLID_ANGLE_UNIT ( ) );
#706 = FILL_AREA_STYLE ('',( #2918 ) ) ;
#707 = CARTESIAN_POINT ( 'NONE',  ( -0.08357065865166232732, -3.016491364757799776, 0.000000000000000000 ) ) ;
#708 = LINE ( 'NONE', #1465, #7395 ) ;
#709 = DIRECTION ( 'NONE',  ( 1.000000000000000000, 0.000000000000000000, 0.000000000000000000 ) ) ;
#710 = AXIS2_PLACEMENT_3D ( 'NONE', #6710, #215, #3047 ) ;
#711 = AXIS2_PLACEMENT_3D ( 'NONE', #5807, #1454, #3781 ) ;
#712 = CARTESIAN_POINT ( 'NONE',  ( -0.02754680246296869681, -2.963788975642644097, 0.000000000000000000 ) ) ;
#713 =( NAMED_UNIT ( * ) SI_UNIT ( $, .STERADIAN. ) SOLID_ANGLE_UNIT ( ) );
#714 = PRESENTATION_LAYER_ASSIGNMENT (  '', '', ( #2409 ) ) ;
#715 = CARTESIAN_POINT ( 'NONE',  ( 0.01066894518778780179, -2.777907473057401599, 0.001000000000000000021 ) ) ;
#716 = CARTESIAN_POINT ( 'NONE',  ( 0.03426469447877678043, -3.006228609728184953, 0.001000000000000000021 ) ) ;
#717 =( GEOMETRIC_REPRESENTATION_CONTEXT ( 3 ) GLOBAL_UNCERTAINTY_ASSIGNED_CONTEXT ( ( #414 ) ) GLOBAL_UNIT_ASSIGNED_CONTEXT ( ( #2718, #5635, #2043 ) ) REPRESENTATION_CONTEXT ( 'NONE', 'WORKASPACE' ) );
#718 = EDGE_CURVE ( 'NONE', #2167, #986, #1037, .T. ) ;
#719 = DIRECTION ( 'NONE',  ( 3.491481338843133355E-15, -1.000000000000000000, 0.000000000000000000 ) ) ;
#720 = CARTESIAN_POINT ( 'NONE',  ( -1.649999999999988809, -3.250000000000005329, -0.02000000000000000042 ) ) ;
#721 = VERTEX_POINT ( 'NONE', #6825 ) ;
#722 = CYLINDRICAL_SURFACE ( 'NONE', #1478, 0.2000000000000000944 ) ;
#723 = MECHANICAL_DESIGN_GEOMETRIC_PRESENTATION_REPRESENTATION (  '', ( #569 ), #6641 ) ;
#724 = VECTOR ( 'NONE', #7863, 1000.000000000000000 ) ;
#725 = FACE_OUTER_BOUND ( 'NONE', #5654, .T. ) ;
#726 =( NAMED_UNIT ( * ) PLANE_ANGLE_UNIT ( ) SI_UNIT ( $, .RADIAN. ) );
#727 = EDGE_CURVE ( 'NONE', #7119, #230, #1801, .T. ) ;
#728 = EDGE_LOOP ( 'NONE', ( #8338, #9340, #7718, #3053 ) ) ;
#729 = SURFACE_SIDE_STYLE ('',( #6514 ) ) ;
#730 = MECHANICAL_DESIGN_GEOMETRIC_PRESENTATION_REPRESENTATION (  '', ( #1479 ), #7265 ) ;
#731 = ORIENTED_EDGE ( 'NONE', *, *, #2180, .F. ) ;
#732 =( NAMED_UNIT ( * ) PLANE_ANGLE_UNIT ( ) SI_UNIT ( $, .RADIAN. ) );
#733 = VERTEX_POINT ( 'NONE', #5354 ) ;
#734 = LINE ( 'NONE', #4428, #2187 ) ;
#735 = VECTOR ( 'NONE', #8704, 1000.000000000000000 ) ;
#736 = FILL_AREA_STYLE ('',( #9394 ) ) ;
#737 = LINE ( 'NONE', #2035, #5111 ) ;
#738 = ORIENTED_EDGE ( 'NONE', *, *, #6899, .F. ) ;
#739 = ORIENTED_EDGE ( 'NONE', *, *, #2846, .F. ) ;
#740 = DIRECTION ( 'NONE',  ( -1.000000000000000000, 0.000000000000000000, 0.000000000000000000 ) ) ;
#741 = DIRECTION ( 'NONE',  ( 0.000000000000000000, -1.000000000000000000, 0.000000000000000000 ) ) ;
#742 = CARTESIAN_POINT ( 'NONE',  ( 2.500000000000000000, 8.943396846609912771E-15, -0.02000000000000000042 ) ) ;
#743 = MECHANICAL_DESIGN_GEOMETRIC_PRESENTATION_REPRESENTATION (  '', ( #437 ), #7111 ) ;
#744 = PRESENTATION_STYLE_ASSIGNMENT (( #2090 ) ) ;
#745 = VERTEX_POINT ( 'NONE', #8893 ) ;
#746 = ORIENTED_EDGE ( 'NONE', *, *, #3801, .F. ) ;
#747 = EDGE_CURVE ( 'NONE', #1790, #7773, #6873, .T. ) ;
#748 = ORIENTED_EDGE ( 'NONE', *, *, #2493, .T. ) ;
#749 = UNCERTAINTY_MEASURE_WITH_UNIT (LENGTH_MEASURE( 1.000000000000000082E-05 ), #6559, 'distance_accuracy_value', 'NONE');
#750 = B_SPLINE_CURVE_WITH_KNOTS ( 'NONE', 3,
 ( #3711, #7292, #7875, #4327, #5888, #5838, #3670 ),
 .UNSPECIFIED., .F., .F.,
 ( 4, 1, 1, 1, 4 ),
 ( 0.000000000000000000, 0.1744817153170535873, 0.3982857591281118714, 0.6738978473986801943, 1.000000000000000000 ),
 .UNSPECIFIED. ) ;
#751 = DIRECTION ( 'NONE',  ( -0.000000000000000000, -0.000000000000000000, 1.000000000000000000 ) ) ;
#752 =( LENGTH_UNIT ( ) NAMED_UNIT ( * ) SI_UNIT ( .MILLI., .METRE. ) );
#753 = UNCERTAINTY_MEASURE_WITH_UNIT (LENGTH_MEASURE( 1.000000000000000082E-05 ), #3912, 'distance_accuracy_value', 'NONE');
#754 = PLANE ( 'NONE',  #5440 ) ;
#755 = CARTESIAN_POINT ( 'NONE',  ( -4.750000000000000000, -0.4000000000000000777, -0.02000000000000000042 ) ) ;
#756 = UNCERTAINTY_MEASURE_WITH_UNIT (LENGTH_MEASURE( 1.000000000000000082E-05 ), #8101, 'distance_accuracy_value', 'NONE');
#757 = CARTESIAN_POINT ( 'NONE',  ( -0.05076071132687982185, -2.925560342401520852, 0.000000000000000000 ) ) ;
#758 = SURFACE_STYLE_USAGE ( .BOTH. , #6503 ) ;
#759 = FILL_AREA_STYLE_COLOUR ( '', #3890 ) ;
#760 = FILL_AREA_STYLE_COLOUR ( '', #1131 ) ;
#761 = AXIS2_PLACEMENT_3D ( 'NONE', #3062, #7999, #896 ) ;
#762 = LINE ( 'NONE', #2257, #424 ) ;
#763 = CARTESIAN_POINT ( 'NONE',  ( 2.899999999999991918, 4.099999999999999645, 0.8000000000000000444 ) ) ;
#764 = ORIENTED_EDGE ( 'NONE', *, *, #2988, .T. ) ;
#765 = PLANE ( 'NONE',  #2284 ) ;
#766 = AXIS2_PLACEMENT_3D ( 'NONE', #1073, #8279, #1032 ) ;
#767 = PRESENTATION_STYLE_ASSIGNMENT (( #3176 ) ) ;
#768 = CARTESIAN_POINT ( 'NONE',  ( 0.1396000730556547775, -2.749418194026092443, 0.000000000000000000 ) ) ;
#769 = ORIENTED_EDGE ( 'NONE', *, *, #2152, .F. ) ;
#770 = FILL_AREA_STYLE ('',( #8026 ) ) ;
#771 = PRESENTATION_LAYER_ASSIGNMENT (  '', '', ( #6104 ) ) ;
#772 = ORIENTED_EDGE ( 'NONE', *, *, #6203, .F. ) ;
#773 = CARTESIAN_POINT ( 'NONE',  ( 0.5387475206809709816, -2.987123742649708369, -0.000000000000000000 ) ) ;
#774 = DIRECTION ( 'NONE',  ( -5.421010862427522170E-16, -1.000000000000000000, 0.000000000000000000 ) ) ;
#775 = DIRECTION ( 'NONE',  ( -0.3635424856527064708, -0.9315776194850602376, 0.000000000000000000 ) ) ;
#776 = ADVANCED_FACE ( 'NONE', ( #3164 ), #4024, .T. ) ;
#777 = ORIENTED_EDGE ( 'NONE', *, *, #8941, .T. ) ;
#778 = MECHANICAL_DESIGN_GEOMETRIC_PRESENTATION_REPRESENTATION (  '', ( #6841 ), #8089 ) ;
#779 =( LENGTH_UNIT ( ) NAMED_UNIT ( * ) SI_UNIT ( .MILLI., .METRE. ) );
#780 = ADVANCED_FACE ( 'NONE', ( #1225 ), #6922, .T. ) ;
#781 = CARTESIAN_POINT ( 'NONE',  ( 0.6806771219632843373, -2.854891104734772256, 6.352747104407252543E-19 ) ) ;
#782 = CARTESIAN_POINT ( 'NONE',  ( -0.1561125793833695319, -2.932345023294385289, 0.001000000000000000021 ) ) ;
#783 = FACE_OUTER_BOUND ( 'NONE', #606, .T. ) ;
#784 = CARTESIAN_POINT ( 'NONE',  ( 0.6759581335767189669, -2.918467498739853561, 0.001000000000000000021 ) ) ;
#785 = EDGE_CURVE ( 'NONE', #1455, #8816, #1854, .T. ) ;
#786 = ORIENTED_EDGE ( 'NONE', *, *, #7346, .T. ) ;
#787 = EDGE_CURVE ( 'NONE', #6614, #9200, #1129, .T. ) ;
#788 = FILL_AREA_STYLE_COLOUR ( '', #6436 ) ;
#789 = ORIENTED_EDGE ( 'NONE', *, *, #4214, .F. ) ;
#790 = ORIENTED_EDGE ( 'NONE', *, *, #9321, .F. ) ;
#791 =( NAMED_UNIT ( * ) SI_UNIT ( $, .STERADIAN. ) SOLID_ANGLE_UNIT ( ) );
#792 = ADVANCED_FACE ( 'NONE', ( #5681 ), #4970, .F. ) ;
#793 = STYLED_ITEM ( 'NONE', ( #1985 ), #5542 ) ;
#794 = LINE ( 'NONE', #8053, #6517 ) ;
#795 = LINE ( 'NONE', #3739, #8945 ) ;
#796 = FILL_AREA_STYLE_COLOUR ( '', #7858 ) ;
#797 = COLOUR_RGB ( '',0.9686274509803921573, 0.8784313725490195957, 0.5999999999999999778 ) ;
#798 = DIRECTION ( 'NONE',  ( -1.000000000000000000, -9.932342930286647849E-15, 0.000000000000000000 ) ) ;
#799 = CARTESIAN_POINT ( 'NONE',  ( -0.06161943913946714424, -2.862718498904141207, 0.000000000000000000 ) ) ;
#800 = CIRCLE ( 'NONE', #1414, 0.2500000000000002220 ) ;
#801 = CARTESIAN_POINT ( 'NONE',  ( 0.5573601152534924941, -2.985414476189845789, 2.117582368135750848E-19 ) ) ;
#802 =( LENGTH_UNIT ( ) NAMED_UNIT ( * ) SI_UNIT ( .MILLI., .METRE. ) );
#803 = COLOUR_RGB ( '',0.9686274509803921573, 0.8784313725490195957, 0.5999999999999999778 ) ;
#804 = SURFACE_SIDE_STYLE ('',( #4561 ) ) ;
#805 = EDGE_CURVE ( 'NONE', #7721, #1952, #4217, .T. ) ;
#806 = SURFACE_SIDE_STYLE ('',( #4454 ) ) ;
#807 = CARTESIAN_POINT ( 'NONE',  ( 0.5281480913483377337, -2.745759657440726809, 0.001000000000000000021 ) ) ;
#808 = ORIENTED_EDGE ( 'NONE', *, *, #4019, .T. ) ;
#809 = STYLED_ITEM ( 'NONE', ( #4671 ), #1274 ) ;
#810 = CARTESIAN_POINT ( 'NONE',  ( -3.250000000000000000, 0.3999999999999999667, -0.02000000000000000042 ) ) ;
#811 = COLOUR_RGB ( '',0.9686274509803921573, 0.8784313725490195957, 0.5999999999999999778 ) ;
#812 = PRESENTATION_LAYER_ASSIGNMENT (  '', '', ( #4953 ) ) ;
#813 = CARTESIAN_POINT ( 'NONE',  ( 0.3591122681776059422, -2.848198681830970802, 0.000000000000000000 ) ) ;
#814 =( NAMED_UNIT ( * ) SI_UNIT ( $, .STERADIAN. ) SOLID_ANGLE_UNIT ( ) );
#815 = CARTESIAN_POINT ( 'NONE',  ( -4.750000000000000000, 0.3999999999999999667, 0.000000000000000000 ) ) ;
#816 = EDGE_LOOP ( 'NONE', ( #9171, #5507, #3544, #8114 ) ) ;
#817 = VECTOR ( 'NONE', #6890, 1000.000000000000000 ) ;
#818 = PRESENTATION_LAYER_ASSIGNMENT (  '', '', ( #4661 ) ) ;
#819 = AXIS2_PLACEMENT_3D ( 'NONE', #6074, #8821, #1730 ) ;
#820 =( GEOMETRIC_REPRESENTATION_CONTEXT ( 3 ) GLOBAL_UNCERTAINTY_ASSIGNED_CONTEXT ( ( #9132 ) ) GLOBAL_UNIT_ASSIGNED_CONTEXT ( ( #5703, #1292, #4323 ) ) REPRESENTATION_CONTEXT ( 'NONE', 'WORKASPACE' ) );
#821 = LINE ( 'NONE', #5000, #4159 ) ;
#822 = SURFACE_STYLE_USAGE ( .BOTH. , #5085 ) ;
#823 = ORIENTED_EDGE ( 'NONE', *, *, #434, .T. ) ;
#824 = PRESENTATION_LAYER_ASSIGNMENT (  '', '', ( #361 ) ) ;
#825 = LINE ( 'NONE', #5278, #7178 ) ;
#826 = VECTOR ( 'NONE', #5799, 1000.000000000000000 ) ;
#827 = CARTESIAN_POINT ( 'NONE',  ( -3.250000000000000000, -2.100000000000000089, -0.02000000000000000042 ) ) ;
#828 = UNCERTAINTY_MEASURE_WITH_UNIT (LENGTH_MEASURE( 1.000000000000000082E-05 ), #5215, 'distance_accuracy_value', 'NONE');
#829 = DIRECTION ( 'NONE',  ( 0.000000000000000000, 0.000000000000000000, -1.000000000000000000 ) ) ;
#830 = ORIENTED_EDGE ( 'NONE', *, *, #8724, .T. ) ;
#831 =( LENGTH_UNIT ( ) NAMED_UNIT ( * ) SI_UNIT ( .MILLI., .METRE. ) );
#832 =( GEOMETRIC_REPRESENTATION_CONTEXT ( 3 ) GLOBAL_UNCERTAINTY_ASSIGNED_CONTEXT ( ( #1920 ) ) GLOBAL_UNIT_ASSIGNED_CONTEXT ( ( #1779, #4864, #4727 ) ) REPRESENTATION_CONTEXT ( 'NONE', 'WORKASPACE' ) );
#833 =( LENGTH_UNIT ( ) NAMED_UNIT ( * ) SI_UNIT ( .MILLI., .METRE. ) );
#834 = PRESENTATION_LAYER_ASSIGNMENT (  '', '', ( #3137 ) ) ;
#835 = DIRECTION ( 'NONE',  ( -0.000000000000000000, -0.000000000000000000, -1.000000000000000000 ) ) ;
#836 = ORIENTED_EDGE ( 'NONE', *, *, #5001, .F. ) ;
#837 = DIRECTION ( 'NONE',  ( 0.000000000000000000, -1.000000000000000000, 0.000000000000000000 ) ) ;
#838 = COLOUR_RGB ( '',0.9686274509803921573, 0.8784313725490195957, 0.5999999999999999778 ) ;
#839 = PRESENTATION_STYLE_ASSIGNMENT (( #4683 ) ) ;
#840 =( GEOMETRIC_REPRESENTATION_CONTEXT ( 3 ) GLOBAL_UNCERTAINTY_ASSIGNED_CONTEXT ( ( #9314 ) ) GLOBAL_UNIT_ASSIGNED_CONTEXT ( ( #3881, #6587, #791 ) ) REPRESENTATION_CONTEXT ( 'NONE', 'WORKASPACE' ) );
#841 = ORIENTED_EDGE ( 'NONE', *, *, #6665, .T. ) ;
#842 = ORIENTED_EDGE ( 'NONE', *, *, #1835, .T. ) ;
#843 =( NAMED_UNIT ( * ) SI_UNIT ( $, .STERADIAN. ) SOLID_ANGLE_UNIT ( ) );
#844 = EDGE_CURVE ( 'NONE', #6309, #3770, #9167, .T. ) ;
#845 = AXIS2_PLACEMENT_3D ( 'NONE', #3366, #2630, #298 ) ;
#846 = FILL_AREA_STYLE ('',( #3016 ) ) ;
#847 = FILL_AREA_STYLE ('',( #7373 ) ) ;
#848 = EDGE_CURVE ( 'NONE', #3386, #4335, #7070, .T. ) ;
#849 = UNCERTAINTY_MEASURE_WITH_UNIT (LENGTH_MEASURE( 1.000000000000000082E-05 ), #8031, 'distance_accuracy_value', 'NONE');
#850 = CARTESIAN_POINT ( 'NONE',  ( -0.3543023659687354887, -3.016491364757799776, 0.001000000000000000021 ) ) ;
#851 = FACE_OUTER_BOUND ( 'NONE', #7024, .T. ) ;
#852 = COLOUR_RGB ( '',0.9686274509803921573, 0.8784313725490195957, 0.5999999999999999778 ) ;
#853 = CARTESIAN_POINT ( 'NONE',  ( -0.05909004870995430286, -2.895701397067207861, 0.001000000000000000021 ) ) ;
#854 = CARTESIAN_POINT ( 'NONE',  ( 4.750000000000000000, 1.649999999999999911, -0.02000000000000000042 ) ) ;
#855 = CARTESIAN_POINT ( 'NONE',  ( 0.6041202596886104947, -2.963014699177461519, 0.001000000000000000021 ) ) ;
#856 = CARTESIAN_POINT ( 'NONE',  ( 3.250000000000000444, 1.649999999999999911, -0.02000000000000000042 ) ) ;
#857 = MECHANICAL_DESIGN_GEOMETRIC_PRESENTATION_REPRESENTATION (  '', ( #8311 ), #8010 ) ;
#858 = LINE ( 'NONE', #7382, #4218 ) ;
#859 = DIRECTION ( 'NONE',  ( -1.047444401652940007E-14, 1.000000000000000000, 0.000000000000000000 ) ) ;
#860 = SURFACE_SIDE_STYLE ('',( #2931 ) ) ;
#861 = DIRECTION ( 'NONE',  ( -1.000000000000000000, 0.000000000000000000, 0.000000000000000000 ) ) ;
#862 = MECHANICAL_DESIGN_GEOMETRIC_PRESENTATION_REPRESENTATION (  '', ( #8317 ), #3637 ) ;
#863 =( NAMED_UNIT ( * ) PLANE_ANGLE_UNIT ( ) SI_UNIT ( $, .RADIAN. ) );
#864 = VECTOR ( 'NONE', #4384, 1000.000000000000000 ) ;
#865 = PRESENTATION_STYLE_ASSIGNMENT (( #4515 ) ) ;
#866 = CARTESIAN_POINT ( 'NONE',  ( -2.900000000000050093, 4.749999999999969802, -0.02000000000000000042 ) ) ;
#867 = ORIENTED_EDGE ( 'NONE', *, *, #8780, .T. ) ;
#868 = EDGE_CURVE ( 'NONE', #8816, #4176, #2670, .T. ) ;
#869 = ADVANCED_FACE ( 'NONE', ( #3731 ), #8742, .F. ) ;
#870 = PRESENTATION_STYLE_ASSIGNMENT (( #4574 ) ) ;
#871 = UNCERTAINTY_MEASURE_WITH_UNIT (LENGTH_MEASURE( 1.000000000000000082E-05 ), #2609, 'distance_accuracy_value', 'NONE');
#872 = ORIENTED_EDGE ( 'NONE', *, *, #8135, .F. ) ;
#873 = CARTESIAN_POINT ( 'NONE',  ( 0.4578927559824840232, -2.968015755001702338, 0.000000000000000000 ) ) ;
#874 = DIRECTION ( 'NONE',  ( -1.000000000000000000, -1.047444401652940164E-14, 0.000000000000000000 ) ) ;
#875 = LINE ( 'NONE', #3774, #7400 ) ;
#876 = FILL_AREA_STYLE ('',( #8077 ) ) ;
#877 = ORIENTED_EDGE ( 'NONE', *, *, #5172, .T. ) ;
#878 = PRESENTATION_LAYER_ASSIGNMENT (  '', '', ( #7580 ) ) ;
#879 = STYLED_ITEM ( 'NONE', ( #6964 ), #27 ) ;
#880 = VECTOR ( 'NONE', #105, 1000.000000000000000 ) ;
#881 = CARTESIAN_POINT ( 'NONE',  ( 2.100000000000011635, -3.249999999999992006, -0.02000000000000000042 ) ) ;
#882 = DIRECTION ( 'NONE',  ( -3.491481338843134144E-15, 1.000000000000000000, 0.000000000000000000 ) ) ;
#883 = CARTESIAN_POINT ( 'NONE',  ( 0.6295744832858034545, -2.928529338023933448, 0.001000000000000000021 ) ) ;
#884 = MECHANICAL_DESIGN_GEOMETRIC_PRESENTATION_REPRESENTATION (  '', ( #8789 ), #2110 ) ;
#885 = VERTEX_POINT ( 'NONE', #4393 ) ;
#886 = CARTESIAN_POINT ( 'NONE',  ( 0.6366284796531145318, -2.830404618900133507, 0.001000000000000000021 ) ) ;
#887 =( NAMED_UNIT ( * ) PLANE_ANGLE_UNIT ( ) SI_UNIT ( $, .RADIAN. ) );
#888 = CARTESIAN_POINT ( 'NONE',  ( 4.750000000000000000, -0.3999999999999999667, 0.000000000000000000 ) ) ;
#889 = CARTESIAN_POINT ( 'NONE',  ( 0.6288202365026442919, -2.807646632669423603, 0.000000000000000000 ) ) ;
#890 = ADVANCED_FACE ( 'NONE', ( #2954 ), #82, .F. ) ;
#891 = ORIENTED_EDGE ( 'NONE', *, *, #6586, .F. ) ;
#892 = CARTESIAN_POINT ( 'NONE',  ( 0.3999999999999659384, 3.250000000000003997, -0.02000000000000000042 ) ) ;
#893 =( LENGTH_UNIT ( ) NAMED_UNIT ( * ) SI_UNIT ( .MILLI., .METRE. ) );
#894 = FACE_OUTER_BOUND ( 'NONE', #3291, .T. ) ;
#895 = VECTOR ( 'NONE', #9402, 1000.000000000000000 ) ;
#896 = DIRECTION ( 'NONE',  ( -1.047444401652940164E-14, 1.000000000000000000, 0.000000000000000000 ) ) ;
#897 = DIRECTION ( 'NONE',  ( 0.000000000000000000, 0.000000000000000000, 1.000000000000000000 ) ) ;
#898 = FACE_OUTER_BOUND ( 'NONE', #7033, .T. ) ;
#899 = ADVANCED_FACE ( 'NONE', ( #3588 ), #4344, .F. ) ;
#900 = ORIENTED_EDGE ( 'NONE', *, *, #2603, .T. ) ;
#901 = FILL_AREA_STYLE ('',( #6047 ) ) ;
#902 = CARTESIAN_POINT ( 'NONE',  ( 0.4578927559824840232, -3.000942584269995272, 0.001000000000000000021 ) ) ;
#903 = CARTESIAN_POINT ( 'NONE',  ( 0.6430275429406590026, -2.979722659675584584, 0.000000000000000000 ) ) ;
#904 = PRESENTATION_STYLE_ASSIGNMENT (( #147 ) ) ;
#905 = SURFACE_STYLE_FILL_AREA ( #5164 ) ;
#906 = LINE ( 'NONE', #3844, #6593 ) ;
#907 = ADVANCED_FACE ( 'NONE', ( #6631 ), #8831, .F. ) ;
#908 =( LENGTH_UNIT ( ) NAMED_UNIT ( * ) SI_UNIT ( .MILLI., .METRE. ) );
#909 = CARTESIAN_POINT ( 'NONE',  ( 0.1396000730556547775, -2.983564535489507286, 0.001000000000000000021 ) ) ;
#910 = CARTESIAN_POINT ( 'NONE',  ( -3.900000000000000799, 2.899999999999992806, 5.299999999999999822 ) ) ;
#911 = VERTEX_POINT ( 'NONE', #5982 ) ;
#912 = EDGE_CURVE ( 'NONE', #4490, #3613, #5430, .T. ) ;
#913 = PRESENTATION_STYLE_ASSIGNMENT (( #5362 ) ) ;
#914 = EDGE_CURVE ( 'NONE', #5174, #1865, #648, .T. ) ;
#915 =( NAMED_UNIT ( * ) PLANE_ANGLE_UNIT ( ) SI_UNIT ( $, .RADIAN. ) );
#916 = SURFACE_STYLE_USAGE ( .BOTH. , #5929 ) ;
#917 = SPHERICAL_SURFACE ( 'NONE', #2049, 1.000000000000000000 ) ;
#918 = DIRECTION ( 'NONE',  ( 1.000000000000000000, -0.000000000000000000, 0.000000000000000000 ) ) ;
#919 = EDGE_CURVE ( 'NONE', #3058, #8173, #5345, .T. ) ;
#920 = FILL_AREA_STYLE_COLOUR ( '', #2762 ) ;
#921 = CARTESIAN_POINT ( 'NONE',  ( -2.899999999999993694, 3.899999999999999911, 1.000000000000000000 ) ) ;
#922 = ORIENTED_EDGE ( 'NONE', *, *, #4993, .T. ) ;
#923 = PRESENTATION_LAYER_ASSIGNMENT (  '', '', ( #7911 ) ) ;
#924 = VERTEX_POINT ( 'NONE', #1024 ) ;
#925 = DIRECTION ( 'NONE',  ( 0.000000000000000000, 1.000000000000000000, 0.000000000000000000 ) ) ;
#926 = STYLED_ITEM ( 'NONE', ( #8058 ), #1481 ) ;
#927 =( LENGTH_UNIT ( ) NAMED_UNIT ( * ) SI_UNIT ( .MILLI., .METRE. ) );
#928 = VERTEX_POINT ( 'NONE', #4635 ) ;
#929 = PRESENTATION_LAYER_ASSIGNMENT (  '', '', ( #6525 ) ) ;
#930 = CARTESIAN_POINT ( 'NONE',  ( 5.049999999999997158, 5.049999999999999822, 0.000000000000000000 ) ) ;
#931 =( NAMED_UNIT ( * ) PLANE_ANGLE_UNIT ( ) SI_UNIT ( $, .RADIAN. ) );
#932 = EDGE_CURVE ( 'NONE', #3531, #8589, #6081, .T. ) ;
#933 = SURFACE_STYLE_USAGE ( .BOTH. , #8179 ) ;
#934 = FILL_AREA_STYLE ('',( #9404 ) ) ;
#935 = EDGE_LOOP ( 'NONE', ( #2131, #4954, #425, #4304 ) ) ;
#936 = FILL_AREA_STYLE ('',( #7496 ) ) ;
#937 = COLOUR_RGB ( '',0.2235294117647058654, 0.2235294117647058654, 0.2235294117647058654 ) ;
#938 = CARTESIAN_POINT ( 'NONE',  ( 0.4754475346320915508, -3.009488671183211839, 0.000000000000000000 ) ) ;
#939 = CARTESIAN_POINT ( 'NONE',  ( 0.6407156909069433581, -2.865058756987149735, 0.000000000000000000 ) ) ;
#940 = ORIENTED_EDGE ( 'NONE', *, *, #988, .T. ) ;
#941 = ORIENTED_EDGE ( 'NONE', *, *, #5469, .F. ) ;
#942 = EDGE_LOOP ( 'NONE', ( #281, #8217, #5243, #7777 ) ) ;
#943 = CARTESIAN_POINT ( 'NONE',  ( 0.1396000730556547775, -2.749418194026092443, 0.000000000000000000 ) ) ;
#944 = PRESENTATION_STYLE_ASSIGNMENT (( #7462 ) ) ;
#945 = SURFACE_STYLE_USAGE ( .BOTH. , #8943 ) ;
#946 = CARTESIAN_POINT ( 'NONE',  ( -0.2114440553427995584, -2.772745952575283557, 0.001000000000000000021 ) ) ;
#947 = CARTESIAN_POINT ( 'NONE',  ( 0.6105560543972731180, -3.004561449717878752, 0.000000000000000000 ) ) ;
#948 = CARTESIAN_POINT ( 'NONE',  ( 0.2456976340312645724, -2.716491364757799953, 0.001000000000000000021 ) ) ;
#949 = EDGE_LOOP ( 'NONE', ( #8849, #5283, #1460, #8854 ) ) ;
#950 =( NAMED_UNIT ( * ) PLANE_ANGLE_UNIT ( ) SI_UNIT ( $, .RADIAN. ) );
#951 = PRESENTATION_STYLE_ASSIGNMENT (( #4755 ) ) ;
#952 = FILL_AREA_STYLE ('',( #4612 ) ) ;
#953 = DIRECTION ( 'NONE',  ( -8.587739980083203670E-17, 1.000000000000000000, 0.000000000000000000 ) ) ;
#954 = MECHANICAL_DESIGN_GEOMETRIC_PRESENTATION_REPRESENTATION (  '', ( #2634 ), #2175 ) ;
#955 =( GEOMETRIC_REPRESENTATION_CONTEXT ( 3 ) GLOBAL_UNCERTAINTY_ASSIGNED_CONTEXT ( ( #1412 ) ) GLOBAL_UNIT_ASSIGNED_CONTEXT ( ( #2788, #4279, #7873 ) ) REPRESENTATION_CONTEXT ( 'NONE', 'WORKASPACE' ) );
#956 = LINE ( 'NONE', #251, #2250 ) ;
#957 = FILL_AREA_STYLE ('',( #3763 ) ) ;
#958 = PLANE ( 'NONE',  #5711 ) ;
#959 = ADVANCED_FACE ( 'NONE', ( #8139 ), #671, .T. ) ;
#960 = VECTOR ( 'NONE', #7631, 1000.000000000000000 ) ;
#961 = CIRCLE ( 'NONE', #2490, 1.000000000000000000 ) ;
#962 = SURFACE_STYLE_FILL_AREA ( #7480 ) ;
#963 = CARTESIAN_POINT ( 'NONE',  ( -0.2210202200414741192, -2.772916365641378889, 0.001000000000000000021 ) ) ;
#964 = DIRECTION ( 'NONE',  ( -0.000000000000000000, 0.000000000000000000, 1.000000000000000000 ) ) ;
#965 = ORIENTED_EDGE ( 'NONE', *, *, #2481, .F. ) ;
#966 = VECTOR ( 'NONE', #9276, 1000.000000000000000 ) ;
#967 = EDGE_CURVE ( 'NONE', #5474, #5057, #3429, .T. ) ;
#968 = UNCERTAINTY_MEASURE_WITH_UNIT (LENGTH_MEASURE( 1.000000000000000082E-05 ), #8890, 'distance_accuracy_value', 'NONE');
#969 = STYLED_ITEM ( 'NONE', ( #8991 ), #495 ) ;
#970 = DIRECTION ( 'NONE',  ( -5.421010862427522170E-16, -1.000000000000000000, 0.000000000000000000 ) ) ;
#971 = PRESENTATION_LAYER_ASSIGNMENT (  '', '', ( #7038 ) ) ;
#972 = CARTESIAN_POINT ( 'NONE',  ( 4.099999999999999645, -2.900000000000000799, 1.000000000000000000 ) ) ;
#973 = ORIENTED_EDGE ( 'NONE', *, *, #219, .F. ) ;
#974 = FACE_OUTER_BOUND ( 'NONE', #1097, .T. ) ;
#975 = CARTESIAN_POINT ( 'NONE',  ( 0.5601206753189078569, -2.715320587107371342, 6.352747104407252543E-19 ) ) ;
#976 = VECTOR ( 'NONE', #2442, 1000.000000000000000 ) ;
#977 = MECHANICAL_DESIGN_GEOMETRIC_PRESENTATION_REPRESENTATION (  '', ( #2815 ), #3745 ) ;
#978 = MECHANICAL_DESIGN_GEOMETRIC_PRESENTATION_REPRESENTATION (  '', ( #6737 ), #1433 ) ;
#979 = SURFACE_SIDE_STYLE ('',( #6718 ) ) ;
#980 = ORIENTED_EDGE ( 'NONE', *, *, #3224, .F. ) ;
#981 = SURFACE_STYLE_FILL_AREA ( #1596 ) ;
#982 = CARTESIAN_POINT ( 'NONE',  ( -1.649999999999988809, -3.250000000000005329, 0.000000000000000000 ) ) ;
#983 = CARTESIAN_POINT ( 'NONE',  ( 0.6390882288619647023, -2.842854203299950200, 0.000000000000000000 ) ) ;
#984 = ORIENTED_EDGE ( 'NONE', *, *, #6551, .F. ) ;
#985 = CIRCLE ( 'NONE', #6305, 1.000000000000000000 ) ;
#986 = VERTEX_POINT ( 'NONE', #5483 ) ;
#987 = STYLED_ITEM ( 'NONE', ( #3068 ), #8188 ) ;
#988 = EDGE_CURVE ( 'NONE', #3733, #1455, #4779, .T. ) ;
#989 = CARTESIAN_POINT ( 'NONE',  ( -0.01959924673041211346, -2.837093536902718149, 2.117582368135750848E-19 ) ) ;
#990 = EDGE_CURVE ( 'NONE', #6336, #9016, #7736, .T. ) ;
#991 = PRESENTATION_STYLE_ASSIGNMENT (( #3394 ) ) ;
#992 = PRESENTATION_STYLE_ASSIGNMENT (( #7943 ) ) ;
#993 = UNCERTAINTY_MEASURE_WITH_UNIT (LENGTH_MEASURE( 1.000000000000000082E-05 ), #4447, 'distance_accuracy_value', 'NONE');
#994 = FILL_AREA_STYLE ('',( #4745 ) ) ;
#995 = VECTOR ( 'NONE', #1042, 1000.000000000000000 ) ;
#996 = CARTESIAN_POINT ( 'NONE',  ( 0.6806771219632843373, -2.854891104734772256, 0.000000000000000000 ) ) ;
#997 = SURFACE_SIDE_STYLE ('',( #1706 ) ) ;
#998 = DIRECTION ( 'NONE',  ( 0.000000000000000000, -0.000000000000000000, -1.000000000000000000 ) ) ;
#999 = ORIENTED_EDGE ( 'NONE', *, *, #2569, .T. ) ;
#1000 = MECHANICAL_DESIGN_GEOMETRIC_PRESENTATION_REPRESENTATION (  '', ( #8327 ), #5285 ) ;
#1001 = CARTESIAN_POINT ( 'NONE',  ( 4.750000000000000000, -1.649999999999999911, -0.02000000000000000042 ) ) ;
#1002 = CARTESIAN_POINT ( 'NONE',  ( -3.250000000000000000, -0.8500000000000000888, 0.000000000000000000 ) ) ;
#1003 = SURFACE_STYLE_FILL_AREA ( #8953 ) ;
#1004 = VECTOR ( 'NONE', #5399, 1000.000000000000000 ) ;
#1005 = CARTESIAN_POINT ( 'NONE',  ( 1.073467497510400490E-16, -1.250000000000000000, -0.02000000000000000042 ) ) ;
#1006 = EDGE_CURVE ( 'NONE', #1508, #4997, #4062, .T. ) ;
#1007 = DIRECTION ( 'NONE',  ( -0.000000000000000000, -0.000000000000000000, 1.000000000000000000 ) ) ;
#1008 = DIRECTION ( 'NONE',  ( -0.000000000000000000, -0.000000000000000000, 1.000000000000000000 ) ) ;
#1009 = ORIENTED_EDGE ( 'NONE', *, *, #8863, .T. ) ;
#1010 = PRESENTATION_LAYER_ASSIGNMENT (  '', '', ( #9219 ) ) ;
#1011 =( LENGTH_UNIT ( ) NAMED_UNIT ( * ) SI_UNIT ( .MILLI., .METRE. ) );
#1012 = DIRECTION ( 'NONE',  ( -1.000000000000000000, 0.000000000000000000, 0.000000000000000000 ) ) ;
#1013 = MECHANICAL_DESIGN_GEOMETRIC_PRESENTATION_REPRESENTATION (  '', ( #4555 ), #6191 ) ;
#1014 = CARTESIAN_POINT ( 'NONE',  ( 0.4728514551478822381, -2.719431964813668223, 0.001000000000000000021 ) ) ;
#1015 =( NAMED_UNIT ( * ) SI_UNIT ( $, .STERADIAN. ) SOLID_ANGLE_UNIT ( ) );
#1016 = B_SPLINE_CURVE_WITH_KNOTS ( 'NONE', 3,
 ( #8539, #4274, #2018, #4991, #4940, #2839, #7815, #7910, #5120, #9283, #7961, #7179, #4366, #7286, #1337, #621, #672, #9378, #6510 ),
 .UNSPECIFIED., .F., .F.,
 ( 4, 1, 1, 1, 1, 1, 1, 1, 1, 1, 1, 1, 1, 1, 1, 1, 4 ),
 ( 0.000000000000000000, 0.07082657255516276729, 0.1381690332797999854, 0.2024753315338420900, 0.2639737544135192238, 0.3233803205980371187, 0.3817976227131850142, 0.4393900745193885515, 0.4969027245459976538, 0.5546621696093702036, 0.6127418784921968564, 0.6715388363911719560, 0.7316557220901965808, 0.7942978116139525202, 0.8594822049793570118, 0.9276813254527902508, 1.000000000000000000 ),
 .UNSPECIFIED. ) ;
#1017 = PLANE ( 'NONE',  #2377 ) ;
#1018 = ORIENTED_EDGE ( 'NONE', *, *, #295, .F. ) ;
#1019 = PRESENTATION_LAYER_ASSIGNMENT (  '', '', ( #6780 ) ) ;
#1020 =( NAMED_UNIT ( * ) PLANE_ANGLE_UNIT ( ) SI_UNIT ( $, .RADIAN. ) );
#1021 = ORIENTED_EDGE ( 'NONE', *, *, #8633, .F. ) ;
#1022 = CARTESIAN_POINT ( 'NONE',  ( -0.2157924574321501143, -2.753076730611458522, 0.001000000000000000021 ) ) ;
#1023 =( GEOMETRIC_REPRESENTATION_CONTEXT ( 3 ) GLOBAL_UNCERTAINTY_ASSIGNED_CONTEXT ( ( #323 ) ) GLOBAL_UNIT_ASSIGNED_CONTEXT ( ( #6604, #7099, #1623 ) ) REPRESENTATION_CONTEXT ( 'NONE', 'WORKASPACE' ) );
#1024 = CARTESIAN_POINT ( 'NONE',  ( 4.750000000000000000, 0.8500000000000000888, -0.02000000000000000042 ) ) ;
#1025 =( GEOMETRIC_REPRESENTATION_CONTEXT ( 3 ) GLOBAL_UNCERTAINTY_ASSIGNED_CONTEXT ( ( #5388 ) ) GLOBAL_UNIT_ASSIGNED_CONTEXT ( ( #1087, #5451, #5599 ) ) REPRESENTATION_CONTEXT ( 'NONE', 'WORKASPACE' ) );
#1026 = ADVANCED_FACE ( 'NONE', ( #5574 ), #406, .F. ) ;
#1027 = CARTESIAN_POINT ( 'NONE',  ( 0.4950901982527754486, -3.015476478634709689, 0.000000000000000000 ) ) ;
#1028 = DIRECTION ( 'NONE',  ( 1.000000000000000000, 0.000000000000000000, 0.000000000000000000 ) ) ;
#1029 = VERTEX_POINT ( 'NONE', #3342 ) ;
#1030 = ORIENTED_EDGE ( 'NONE', *, *, #386, .F. ) ;
#1031 =( NAMED_UNIT ( * ) SI_UNIT ( $, .STERADIAN. ) SOLID_ANGLE_UNIT ( ) );
#1032 = DIRECTION ( 'NONE',  ( -1.000000000000000000, 0.000000000000000000, 0.000000000000000000 ) ) ;
#1033 = SURFACE_SIDE_STYLE ('',( #3159 ) ) ;
#1034 = CARTESIAN_POINT ( 'NONE',  ( 0.6288202365026442919, -2.807646632669423603, 0.000000000000000000 ) ) ;
#1035 = PRESENTATION_STYLE_ASSIGNMENT (( #6132 ) ) ;
#1036 = EDGE_CURVE ( 'NONE', #7255, #2471, #2708, .T. ) ;
#1037 = LINE ( 'NONE', #6091, #7365 ) ;
#1038 = PLANE ( 'NONE',  #7388 ) ;
#1039 = CIRCLE ( 'NONE', #3356, 1.199999999999999734 ) ;
#1040 = CARTESIAN_POINT ( 'NONE',  ( -1.650000000000049871, 4.749999999999982236, -0.02000000000000000042 ) ) ;
#1041 = VERTEX_POINT ( 'NONE', #1259 ) ;
#1042 = DIRECTION ( 'NONE',  ( -0.000000000000000000, -0.000000000000000000, 1.000000000000000000 ) ) ;
#1043 =( NAMED_UNIT ( * ) PLANE_ANGLE_UNIT ( ) SI_UNIT ( $, .RADIAN. ) );
#1044 = DIRECTION ( 'NONE',  ( -1.495451272393802994E-16, 1.000000000000000000, 0.000000000000000000 ) ) ;
#1045 = MECHANICAL_DESIGN_GEOMETRIC_PRESENTATION_REPRESENTATION (  '', ( #3971 ), #7719 ) ;
#1046 = UNCERTAINTY_MEASURE_WITH_UNIT (LENGTH_MEASURE( 1.000000000000000082E-05 ), #5034, 'distance_accuracy_value', 'NONE');
#1047 = DIRECTION ( 'NONE',  ( -1.000000000000000000, 0.000000000000000000, 0.000000000000000000 ) ) ;
#1048 = FILL_AREA_STYLE ('',( #7570 ) ) ;
#1049 = DIRECTION ( 'NONE',  ( -0.000000000000000000, -0.000000000000000000, 1.000000000000000000 ) ) ;
#1050 = DIRECTION ( 'NONE',  ( -1.047444401652940007E-14, 1.000000000000000000, 0.000000000000000000 ) ) ;
#1051 = DIRECTION ( 'NONE',  ( 1.000000000000000000, 0.000000000000000000, 0.000000000000000000 ) ) ;
#1052 = CARTESIAN_POINT ( 'NONE',  ( -0.1561125793833695319, -2.932345023294385289, 0.001000000000000000021 ) ) ;
#1053 = LINE ( 'NONE', #7767, #8475 ) ;
#1054 = FACE_OUTER_BOUND ( 'NONE', #1585, .T. ) ;
#1055 = ORIENTED_EDGE ( 'NONE', *, *, #4482, .T. ) ;
#1056 = CARTESIAN_POINT ( 'NONE',  ( 3.250000000000000000, -1.649999999999999911, -0.02000000000000000042 ) ) ;
#1057 = DIRECTION ( 'NONE',  ( 0.000000000000000000, -1.000000000000000000, 0.000000000000000000 ) ) ;
#1058 = CARTESIAN_POINT ( 'NONE',  ( 0.5445388858815987110, -2.713206208589980850, 6.352747104407252543E-19 ) ) ;
#1059 = LINE ( 'NONE', #2509, #6393 ) ;
#1060 = AXIS2_PLACEMENT_3D ( 'NONE', #4573, #918, #3181 ) ;
#1061 = CARTESIAN_POINT ( 'NONE',  ( 0.000000000000000000, 0.000000000000000000, -0.02000000000000000042 ) ) ;
#1062 = AXIS2_PLACEMENT_3D ( 'NONE', #2619, #7647, #6229 ) ;
#1063 = CARTESIAN_POINT ( 'NONE',  ( 0.6185638941341379260, -2.947318995770349392, 0.001000000000000000021 ) ) ;
#1064 = CARTESIAN_POINT ( 'NONE',  ( 0.5927231091359704829, -2.764505767420454951, 0.001000000000000000021 ) ) ;
#1065 = CARTESIAN_POINT ( 'NONE',  ( 3.250000000000000444, 2.900000000000000355, -0.02000000000000000042 ) ) ;
#1066 = CARTESIAN_POINT ( 'NONE',  ( -4.750000000000000000, 1.649999999999999911, -0.02000000000000000042 ) ) ;
#1067 = EDGE_CURVE ( 'NONE', #1228, #8260, #5627, .T. ) ;
#1068 = MECHANICAL_DESIGN_GEOMETRIC_PRESENTATION_REPRESENTATION (  '', ( #3539 ), #8531 ) ;
#1069 =( NAMED_UNIT ( * ) SI_UNIT ( $, .STERADIAN. ) SOLID_ANGLE_UNIT ( ) );
#1070 = ORIENTED_EDGE ( 'NONE', *, *, #4269, .F. ) ;
#1071 = ORIENTED_EDGE ( 'NONE', *, *, #3754, .T. ) ;
#1072 = ORIENTED_EDGE ( 'NONE', *, *, #7936, .F. ) ;
#1073 = CARTESIAN_POINT ( 'NONE',  ( 0.000000000000000000, 0.000000000000000000, -0.02000000000000000042 ) ) ;
#1074 = EDGE_CURVE ( 'NONE', #7909, #2397, #8513, .T. ) ;
#1075 = CARTESIAN_POINT ( 'NONE',  ( 0.6096058004029661914, -2.779171834309049682, 0.000000000000000000 ) ) ;
#1076 = UNCERTAINTY_MEASURE_WITH_UNIT (LENGTH_MEASURE( 1.000000000000000082E-05 ), #3961, 'distance_accuracy_value', 'NONE');
#1077 = MECHANICAL_DESIGN_GEOMETRIC_PRESENTATION_REPRESENTATION (  '', ( #9113 ), #2005 ) ;
#1078 = LINE ( 'NONE', #7509, #4244 ) ;
#1079 = EDGE_CURVE ( 'NONE', #6903, #3371, #6174, .T. ) ;
#1080 =( GEOMETRIC_REPRESENTATION_CONTEXT ( 3 ) GLOBAL_UNCERTAINTY_ASSIGNED_CONTEXT ( ( #7173 ) ) GLOBAL_UNIT_ASSIGNED_CONTEXT ( ( #4139, #7764, #6345 ) ) REPRESENTATION_CONTEXT ( 'NONE', 'WORKASPACE' ) );
#1081 =( NAMED_UNIT ( * ) SI_UNIT ( $, .STERADIAN. ) SOLID_ANGLE_UNIT ( ) );
#1082 = ORIENTED_EDGE ( 'NONE', *, *, #7329, .F. ) ;
#1083 = DIRECTION ( 'NONE',  ( -1.000000000000000000, 0.000000000000000000, 0.000000000000000000 ) ) ;
#1084 =( GEOMETRIC_REPRESENTATION_CONTEXT ( 3 ) GLOBAL_UNCERTAINTY_ASSIGNED_CONTEXT ( ( #3510 ) ) GLOBAL_UNIT_ASSIGNED_CONTEXT ( ( #1380, #6791, #8950 ) ) REPRESENTATION_CONTEXT ( 'NONE', 'WORKASPACE' ) );
#1085 = ORIENTED_EDGE ( 'NONE', *, *, #4312, .F. ) ;
#1086 = UNCERTAINTY_MEASURE_WITH_UNIT (LENGTH_MEASURE( 1.000000000000000082E-05 ), #5484, 'distance_accuracy_value', 'NONE');
#1087 =( LENGTH_UNIT ( ) NAMED_UNIT ( * ) SI_UNIT ( .MILLI., .METRE. ) );
#1088 = CARTESIAN_POINT ( 'NONE',  ( -0.02107083002889863221, -2.877157380882158222, 0.001000000000000000021 ) ) ;
#1089 = CARTESIAN_POINT ( 'NONE',  ( 3.250000000000000444, -2.100000000000000089, 0.000000000000000000 ) ) ;
#1090 = CARTESIAN_POINT ( 'NONE',  ( 3.250000000000000000, -1.649999999999999911, -0.02000000000000000042 ) ) ;
#1091 = FILL_AREA_STYLE ('',( #1868 ) ) ;
#1092 = LINE ( 'NONE', #1717, #385 ) ;
#1093 = EDGE_CURVE ( 'NONE', #5502, #745, #9392, .T. ) ;
#1094 = CARTESIAN_POINT ( 'NONE',  ( 4.750000000000000000, -2.899999999999999911, -0.02000000000000000042 ) ) ;
#1095 = SURFACE_SIDE_STYLE ('',( #6498 ) ) ;
#1096 = SURFACE_STYLE_USAGE ( .BOTH. , #6157 ) ;
#1097 = EDGE_LOOP ( 'NONE', ( #1819, #738, #2701, #6603 ) ) ;
#1098 = COLOUR_RGB ( '',0.6666666666666666297, 0.6980392156862744724, 0.7686274509803920907 ) ;
#1099 = MECHANICAL_DESIGN_GEOMETRIC_PRESENTATION_REPRESENTATION (  '', ( #6556 ), #8412 ) ;
#1100 = DIRECTION ( 'NONE',  ( 1.000000000000000000, -7.372574772901430151E-15, 0.000000000000000000 ) ) ;
#1101 = CARTESIAN_POINT ( 'NONE',  ( -3.250000000000000000, -2.100000000000000089, -0.02000000000000000042 ) ) ;
#1102 = CARTESIAN_POINT ( 'NONE',  ( -2.899999999999999911, -2.900000000000000355, 6.299999999999999822 ) ) ;
#1103 = ORIENTED_EDGE ( 'NONE', *, *, #5718, .T. ) ;
#1104 = VECTOR ( 'NONE', #69, 1000.000000000000000 ) ;
#1105 = MECHANICAL_DESIGN_GEOMETRIC_PRESENTATION_REPRESENTATION (  '', ( #2066 ), #207 ) ;
#1106 = CARTESIAN_POINT ( 'NONE',  ( 0.5707082231143995044, -3.017896049790345980, 0.000000000000000000 ) ) ;
#1107 = EDGE_LOOP ( 'NONE', ( #7376, #4149, #3580, #5669 ) ) ;
#1108 = CARTESIAN_POINT ( 'NONE',  ( -3.250000000000000444, -2.900000000000000355, -0.02000000000000000042 ) ) ;
#1109 = VECTOR ( 'NONE', #8441, 1000.000000000000000 ) ;
#1110 = CARTESIAN_POINT ( 'NONE',  ( -3.250000000000000000, 2.600000000000000089, -0.02000000000000000042 ) ) ;
#1111 =( GEOMETRIC_REPRESENTATION_CONTEXT ( 3 ) GLOBAL_UNCERTAINTY_ASSIGNED_CONTEXT ( ( #4498 ) ) GLOBAL_UNIT_ASSIGNED_CONTEXT ( ( #6793, #153, #8208 ) ) REPRESENTATION_CONTEXT ( 'NONE', 'WORKASPACE' ) );
#1112 = MECHANICAL_DESIGN_GEOMETRIC_PRESENTATION_REPRESENTATION (  '', ( #2807 ), #3120 ) ;
#1113 = ORIENTED_EDGE ( 'NONE', *, *, #143, .F. ) ;
#1114 =( GEOMETRIC_REPRESENTATION_CONTEXT ( 3 ) GLOBAL_UNCERTAINTY_ASSIGNED_CONTEXT ( ( #6101 ) ) GLOBAL_UNIT_ASSIGNED_CONTEXT ( ( #893, #2185, #843 ) ) REPRESENTATION_CONTEXT ( 'NONE', 'WORKASPACE' ) );
#1115 = CARTESIAN_POINT ( 'NONE',  ( -0.2179478723956538855, -2.759638298699388148, 0.001000000000000000021 ) ) ;
#1116 = DIRECTION ( 'NONE',  ( 1.000000000000000000, 0.000000000000000000, 0.000000000000000000 ) ) ;
#1117 = CARTESIAN_POINT ( 'NONE',  ( 3.250000000000000000, -2.899999999999999911, 0.000000000000000000 ) ) ;
#1118 = VERTEX_POINT ( 'NONE', #4331 ) ;
#1119 = EDGE_CURVE ( 'NONE', #4905, #135, #8489, .T. ) ;
#1120 = COLOUR_RGB ( '',0.2235294117647058654, 0.2235294117647058654, 0.2235294117647058654 ) ;
#1121 = FILL_AREA_STYLE_COLOUR ( '', #7221 ) ;
#1122 = COLOUR_RGB ( '',0.9686274509803921573, 0.8784313725490195957, 0.5999999999999999778 ) ;
#1123 = CARTESIAN_POINT ( 'NONE',  ( -0.02108611099082808096, -2.850047839262875193, 0.000000000000000000 ) ) ;
#1124 = CARTESIAN_POINT ( 'NONE',  ( 4.750000000000000000, 0.4000000000000000777, 0.000000000000000000 ) ) ;
#1125 = CARTESIAN_POINT ( 'NONE',  ( 0.6390882288619647023, -2.842854203299950200, 0.000000000000000000 ) ) ;
#1126 = FACE_OUTER_BOUND ( 'NONE', #8448, .T. ) ;
#1127 = COLOUR_RGB ( '',0.9686274509803921573, 0.8784313725490195957, 0.5999999999999999778 ) ;
#1128 =( GEOMETRIC_REPRESENTATION_CONTEXT ( 3 ) GLOBAL_UNCERTAINTY_ASSIGNED_CONTEXT ( ( #1608 ) ) GLOBAL_UNIT_ASSIGNED_CONTEXT ( ( #7634, #6361, #1069 ) ) REPRESENTATION_CONTEXT ( 'NONE', 'WORKASPACE' ) );
#1129 = LINE ( 'NONE', #4883, #6581 ) ;
#1130 = SURFACE_STYLE_USAGE ( .BOTH. , #7644 ) ;
#1131 = COLOUR_RGB ( '',0.2235294117647058654, 0.2235294117647058654, 0.2235294117647058654 ) ;
#1132 = EDGE_CURVE ( 'NONE', #911, #2291, #5712, .T. ) ;
#1133 =( NAMED_UNIT ( * ) SI_UNIT ( $, .STERADIAN. ) SOLID_ANGLE_UNIT ( ) );
#1134 = CARTESIAN_POINT ( 'NONE',  ( -0.2157924574321501143, -2.753076730611458522, 0.000000000000000000 ) ) ;
#1135 = ORIENTED_EDGE ( 'NONE', *, *, #2223, .F. ) ;
#1136 = LINE ( 'NONE', #4081, #8867 ) ;
#1137 = EDGE_CURVE ( 'NONE', #4034, #8689, #2032, .T. ) ;
#1138 = DIRECTION ( 'NONE',  ( -0.000000000000000000, 1.000000000000000000, -0.000000000000000000 ) ) ;
#1139 = ORIENTED_EDGE ( 'NONE', *, *, #8927, .F. ) ;
#1140 =( GEOMETRIC_REPRESENTATION_CONTEXT ( 3 ) GLOBAL_UNCERTAINTY_ASSIGNED_CONTEXT ( ( #7997 ) ) GLOBAL_UNIT_ASSIGNED_CONTEXT ( ( #423, #1913, #7518 ) ) REPRESENTATION_CONTEXT ( 'NONE', 'WORKASPACE' ) );
#1141 = LINE ( 'NONE', #1089, #5764 ) ;
#1142 = ORIENTED_EDGE ( 'NONE', *, *, #5718, .F. ) ;
#1143 = UNCERTAINTY_MEASURE_WITH_UNIT (LENGTH_MEASURE( 1.000000000000000082E-05 ), #1159, 'distance_accuracy_value', 'NONE');
#1144 = FILL_AREA_STYLE ('',( #6413 ) ) ;
#1145 =( GEOMETRIC_REPRESENTATION_CONTEXT ( 3 ) GLOBAL_UNCERTAINTY_ASSIGNED_CONTEXT ( ( #7612 ) ) GLOBAL_UNIT_ASSIGNED_CONTEXT ( ( #7336, #8070, #3080 ) ) REPRESENTATION_CONTEXT ( 'NONE', 'WORKASPACE' ) );
#1146 = STYLED_ITEM ( 'NONE', ( #8938 ), #8538 ) ;
#1147 = DIRECTION ( 'NONE',  ( 0.000000000000000000, -0.000000000000000000, 1.000000000000000000 ) ) ;
#1148 = CARTESIAN_POINT ( 'NONE',  ( -0.2665546525541010459, -2.899418194026091911, 0.000000000000000000 ) ) ;
#1149 = MECHANICAL_DESIGN_GEOMETRIC_PRESENTATION_REPRESENTATION (  '', ( #8604 ), #5427 ) ;
#1150 = CARTESIAN_POINT ( 'NONE',  ( -0.05074490669223331862, -2.802650212219532033, 0.001000000000000000021 ) ) ;
#1151 = SURFACE_SIDE_STYLE ('',( #8703 ) ) ;
#1152 = PRESENTATION_STYLE_ASSIGNMENT (( #3275 ) ) ;
#1153 =( GEOMETRIC_REPRESENTATION_CONTEXT ( 3 ) GLOBAL_UNCERTAINTY_ASSIGNED_CONTEXT ( ( #2417 ) ) GLOBAL_UNIT_ASSIGNED_CONTEXT ( ( #7152, #6444, #8653 ) ) REPRESENTATION_CONTEXT ( 'NONE', 'WORKASPACE' ) );
#1154 = VECTOR ( 'NONE', #1116, 1000.000000000000000 ) ;
#1155 = EDGE_CURVE ( 'NONE', #3593, #2891, #5088, .T. ) ;
#1156 = CARTESIAN_POINT ( 'NONE',  ( 0.07886497341767033376, -2.716855081957033402, 0.000000000000000000 ) ) ;
#1157 = CARTESIAN_POINT ( 'NONE',  ( 0.5135944539073472592, -2.986119337248616112, 0.000000000000000000 ) ) ;
#1158 = ORIENTED_EDGE ( 'NONE', *, *, #9274, .F. ) ;
#1159 =( LENGTH_UNIT ( ) NAMED_UNIT ( * ) SI_UNIT ( .MILLI., .METRE. ) );
#1160 = PRESENTATION_LAYER_ASSIGNMENT (  '', '', ( #8468 ) ) ;
#1161 = FACE_OUTER_BOUND ( 'NONE', #4322, .T. ) ;
#1162 = ORIENTED_EDGE ( 'NONE', *, *, #3695, .T. ) ;
#1163 = CARTESIAN_POINT ( 'NONE',  ( 0.4896070900804860293, -2.715732863438485190, 0.000000000000000000 ) ) ;
#1164 =( GEOMETRIC_REPRESENTATION_CONTEXT ( 3 ) GLOBAL_UNCERTAINTY_ASSIGNED_CONTEXT ( ( #516 ) ) GLOBAL_UNIT_ASSIGNED_CONTEXT ( ( #7724, #1778, #4144 ) ) REPRESENTATION_CONTEXT ( 'NONE', 'WORKASPACE' ) );
#1165 = CARTESIAN_POINT ( 'NONE',  ( 0.5187138311491881204, -2.745902296655712949, 0.000000000000000000 ) ) ;
#1166 =( GEOMETRIC_REPRESENTATION_CONTEXT ( 3 ) GLOBAL_UNCERTAINTY_ASSIGNED_CONTEXT ( ( #3861 ) ) GLOBAL_UNIT_ASSIGNED_CONTEXT ( ( #2717, #732, #5840 ) ) REPRESENTATION_CONTEXT ( 'NONE', 'WORKASPACE' ) );
#1167 = FILL_AREA_STYLE ('',( #4737 ) ) ;
#1168 = SURFACE_STYLE_FILL_AREA ( #8318 ) ;
#1169 = CARTESIAN_POINT ( 'NONE',  ( 0.5284910791532156926, -2.712832828172434319, 0.001000000000000000021 ) ) ;
#1170 = ORIENTED_EDGE ( 'NONE', *, *, #4413, .T. ) ;
#1171 =( GEOMETRIC_REPRESENTATION_CONTEXT ( 3 ) GLOBAL_UNCERTAINTY_ASSIGNED_CONTEXT ( ( #7641 ) ) GLOBAL_UNIT_ASSIGNED_CONTEXT ( ( #238, #5389, #8281 ) ) REPRESENTATION_CONTEXT ( 'NONE', 'WORKASPACE' ) );
#1172 = SURFACE_STYLE_FILL_AREA ( #7688 ) ;
#1173 = CARTESIAN_POINT ( 'NONE',  ( -0.02127720252571943180, -2.858979702875077411, 0.001000000000000000021 ) ) ;
#1174 =( LENGTH_UNIT ( ) NAMED_UNIT ( * ) SI_UNIT ( .MILLI., .METRE. ) );
#1175 = FILL_AREA_STYLE_COLOUR ( '', #2726 ) ;
#1176 =( NAMED_UNIT ( * ) SI_UNIT ( $, .STERADIAN. ) SOLID_ANGLE_UNIT ( ) );
#1177 = UNCERTAINTY_MEASURE_WITH_UNIT (LENGTH_MEASURE( 1.000000000000000082E-05 ), #9234, 'distance_accuracy_value', 'NONE');
#1178 = CARTESIAN_POINT ( 'NONE',  ( 3.250000000000000000, -2.899999999999999911, 0.000000000000000000 ) ) ;
#1179 = EDGE_CURVE ( 'NONE', #3579, #5474, #7831, .T. ) ;
#1180 = CARTESIAN_POINT ( 'NONE',  ( 0.7066732437873620709, -2.983564535489507286, 0.001000000000000000021 ) ) ;
#1181 = ORIENTED_EDGE ( 'NONE', *, *, #5412, .F. ) ;
#1182 = CARTESIAN_POINT ( 'NONE',  ( 0.3993561706166303127, -3.016491364757799776, 0.001000000000000000021 ) ) ;
#1183 =( LENGTH_UNIT ( ) NAMED_UNIT ( * ) SI_UNIT ( .MILLI., .METRE. ) );
#1184 = CIRCLE ( 'NONE', #3955, 1.000000000000000000 ) ;
#1185 = EDGE_LOOP ( 'NONE', ( #4206, #9299, #307, #748 ) ) ;
#1186 = UNCERTAINTY_MEASURE_WITH_UNIT (LENGTH_MEASURE( 1.000000000000000082E-05 ), #1305, 'distance_accuracy_value', 'NONE');
#1187 = DIRECTION ( 'NONE',  ( -0.000000000000000000, 1.000000000000000000, -0.000000000000000000 ) ) ;
#1188 = CARTESIAN_POINT ( 'NONE',  ( 0.3999999999999501732, 4.750000000000004441, -0.02000000000000000042 ) ) ;
#1189 = EDGE_CURVE ( 'NONE', #5683, #7028, #734, .T. ) ;
#1190 = CARTESIAN_POINT ( 'NONE',  ( -0.06161943913946714424, -2.862718498904141207, 0.000000000000000000 ) ) ;
#1191 = ORIENTED_EDGE ( 'NONE', *, *, #8251, .T. ) ;
#1192 = PRESENTATION_LAYER_ASSIGNMENT (  '', '', ( #1972 ) ) ;
#1193 = EDGE_CURVE ( 'NONE', #2621, #5006, #3674, .T. ) ;
#1194 = CARTESIAN_POINT ( 'NONE',  ( 1.649999999999965938, 3.250000000000017319, -0.02000000000000000042 ) ) ;
#1195 = EDGE_CURVE ( 'NONE', #6865, #5144, #7145, .T. ) ;
#1196 = DIRECTION ( 'NONE',  ( 8.587739980083203670E-17, -1.000000000000000000, 0.000000000000000000 ) ) ;
#1197 = DIRECTION ( 'NONE',  ( 0.000000000000000000, 1.000000000000000000, 0.000000000000000000 ) ) ;
#1198 = DIRECTION ( 'NONE',  ( -0.000000000000000000, -0.000000000000000000, 1.000000000000000000 ) ) ;
#1199 = FACE_OUTER_BOUND ( 'NONE', #949, .T. ) ;
#1200 = STYLED_ITEM ( 'NONE', ( #552 ), #4572 ) ;
#1201 = DIRECTION ( 'NONE',  ( -5.421010862427522170E-16, -1.000000000000000000, 0.000000000000000000 ) ) ;
#1202 = ORIENTED_EDGE ( 'NONE', *, *, #673, .F. ) ;
#1203 = EDGE_CURVE ( 'NONE', #8173, #8681, #5893, .T. ) ;
#1204 = FACE_OUTER_BOUND ( 'NONE', #5035, .T. ) ;
#1205 = CARTESIAN_POINT ( 'NONE',  ( 0.5312708920078789143, -2.987175509910647619, -0.000000000000000000 ) ) ;
#1206 = ORIENTED_EDGE ( 'NONE', *, *, #7324, .F. ) ;
#1207 = CARTESIAN_POINT ( 'NONE',  ( 0.09535464622638649412, -2.749418194026092443, 0.001000000000000000021 ) ) ;
#1208 = FILL_AREA_STYLE_COLOUR ( '', #4757 ) ;
#1209 = ORIENTED_EDGE ( 'NONE', *, *, #912, .T. ) ;
#1210 = DIRECTION ( 'NONE',  ( -0.000000000000000000, -0.000000000000000000, 1.000000000000000000 ) ) ;
#1211 = CARTESIAN_POINT ( 'NONE',  ( 1.649999999999965938, 3.250000000000017319, 0.000000000000000000 ) ) ;
#1212 = CARTESIAN_POINT ( 'NONE',  ( -2.400000000000001688, -2.399999999999999911, 0.000000000000000000 ) ) ;
#1213 = ORIENTED_EDGE ( 'NONE', *, *, #489, .F. ) ;
#1214 = FILL_AREA_STYLE ('',( #1988 ) ) ;
#1215 = SURFACE_STYLE_USAGE ( .BOTH. , #6311 ) ;
#1216 = CARTESIAN_POINT ( 'NONE',  ( 0.6705366244347081839, -2.807400550781240955, 0.001000000000000000021 ) ) ;
#1217 = DIRECTION ( 'NONE',  ( -0.000000000000000000, -0.000000000000000000, 1.000000000000000000 ) ) ;
#1218 = EDGE_LOOP ( 'NONE', ( #7604, #341, #6955, #1209 ) ) ;
#1219 = LINE ( 'NONE', #5579, #5619 ) ;
#1220 = MECHANICAL_DESIGN_GEOMETRIC_PRESENTATION_REPRESENTATION (  '', ( #4452 ), #1669 ) ;
#1221 = EDGE_CURVE ( 'NONE', #1942, #5949, #6520, .T. ) ;
#1222 = CARTESIAN_POINT ( 'NONE',  ( 0.003095880659897171702, -2.785500344776729253, 2.117582368135750848E-19 ) ) ;
#1223 = SURFACE_STYLE_USAGE ( .BOTH. , #4253 ) ;
#1224 = PRESENTATION_STYLE_ASSIGNMENT (( #6821 ) ) ;
#1225 = FACE_OUTER_BOUND ( 'NONE', #23, .T. ) ;
#1226 = VECTOR ( 'NONE', #242, 1000.000000000000000 ) ;
#1227 = CARTESIAN_POINT ( 'NONE',  ( -1.649999999999988809, -3.250000000000005329, -0.02000000000000000042 ) ) ;
#1228 = VERTEX_POINT ( 'NONE', #9295 ) ;
#1229 = CARTESIAN_POINT ( 'NONE',  ( 0.5003179252267718757, -2.748319469946274296, 0.001000000000000000021 ) ) ;
#1230 = PRESENTATION_STYLE_ASSIGNMENT (( #7796 ) ) ;
#1231 = ORIENTED_EDGE ( 'NONE', *, *, #5465, .F. ) ;
#1232 = PLANE ( 'NONE',  #4697 ) ;
#1233 = CARTESIAN_POINT ( 'NONE',  ( 0.006743702593691367625, -2.738656933972565710, 0.001000000000000000021 ) ) ;
#1234 = VERTEX_POINT ( 'NONE', #2944 ) ;
#1235 = PRESENTATION_STYLE_ASSIGNMENT (( #5602 ) ) ;
#1236 = CARTESIAN_POINT ( 'NONE',  ( 0.09108286336445459153, -2.749506092276820635, 0.001000000000000000021 ) ) ;
#1237 = AXIS2_PLACEMENT_3D ( 'NONE', #479, #7810, #8394 ) ;
#1238 = CARTESIAN_POINT ( 'NONE',  ( 0.06481617527065203221, -3.014090329183992889, 0.001000000000000000021 ) ) ;
#1239 = ORIENTED_EDGE ( 'NONE', *, *, #3456, .T. ) ;
#1240 = DIRECTION ( 'NONE',  ( -0.000000000000000000, -0.000000000000000000, -1.000000000000000000 ) ) ;
#1241 = FILL_AREA_STYLE_COLOUR ( '', #1535 ) ;
#1242 = ORIENTED_EDGE ( 'NONE', *, *, #914, .F. ) ;
#1243 = CARTESIAN_POINT ( 'NONE',  ( 2.100000000000011635, -3.249999999999992006, -0.02000000000000000042 ) ) ;
#1244 = CARTESIAN_POINT ( 'NONE',  ( -4.750000000000000000, -2.100000000000000089, -0.02000000000000000042 ) ) ;
#1245 = LINE ( 'NONE', #6472, #8298 ) ;
#1246 = EDGE_CURVE ( 'NONE', #4978, #3964, #7878, .T. ) ;
#1247 = ORIENTED_EDGE ( 'NONE', *, *, #2903, .F. ) ;
#1248 = SURFACE_STYLE_FILL_AREA ( #4770 ) ;
#1249 = SURFACE_STYLE_USAGE ( .BOTH. , #7770 ) ;
#1250 = ADVANCED_FACE ( 'NONE', ( #8733 ), #2077, .F. ) ;
#1251 = DIRECTION ( 'NONE',  ( 5.421010862427522170E-16, 1.000000000000000000, 0.000000000000000000 ) ) ;
#1252 = ORIENTED_EDGE ( 'NONE', *, *, #673, .T. ) ;
#1253 = CARTESIAN_POINT ( 'NONE',  ( 0.5284910791532156926, -2.712832828172434319, 0.000000000000000000 ) ) ;
#1254 = DIRECTION ( 'NONE',  ( 0.3390537954853704017, 0.9407669869669985641, 0.000000000000000000 ) ) ;
#1255 = FILL_AREA_STYLE ('',( #5522 ) ) ;
#1256 = VERTEX_POINT ( 'NONE', #3818 ) ;
#1257 = FILL_AREA_STYLE_COLOUR ( '', #5558 ) ;
#1258 = STYLED_ITEM ( 'NONE', ( #7144 ), #5588 ) ;
#1259 = CARTESIAN_POINT ( 'NONE',  ( -0.2372291952370281787, -2.716491364757799953, 0.001000000000000000021 ) ) ;
#1260 = DIRECTION ( 'NONE',  ( -0.000000000000000000, -0.000000000000000000, 1.000000000000000000 ) ) ;
#1261 = MECHANICAL_DESIGN_GEOMETRIC_PRESENTATION_REPRESENTATION (  '', ( #9308 ), #6560 ) ;
#1262 = CARTESIAN_POINT ( 'NONE',  ( -2.899999999999983480, -4.750000000000010658, -0.02000000000000000042 ) ) ;
#1263 = ORIENTED_EDGE ( 'NONE', *, *, #4837, .F. ) ;
#1264 = SURFACE_STYLE_USAGE ( .BOTH. , #2658 ) ;
#1265 = FACE_OUTER_BOUND ( 'NONE', #2004, .T. ) ;
#1266 = VECTOR ( 'NONE', #5265, 1000.000000000000000 ) ;
#1267 = SURFACE_STYLE_FILL_AREA ( #2665 ) ;
#1268 = COLOUR_RGB ( '',0.9686274509803921573, 0.8784313725490195957, 0.5999999999999999778 ) ;
#1269 = DIRECTION ( 'NONE',  ( -1.000000000000000000, 0.000000000000000000, -0.000000000000000000 ) ) ;
#1270 = LINE ( 'NONE', #7790, #6292 ) ;
#1271 = FILL_AREA_STYLE ('',( #6874 ) ) ;
#1272 = VECTOR ( 'NONE', #3265, 1000.000000000000000 ) ;
#1273 = MECHANICAL_DESIGN_GEOMETRIC_PRESENTATION_REPRESENTATION (  '', ( #4197 ), #4655 ) ;
#1274 = ADVANCED_FACE ( 'NONE', ( #6709 ), #7813, .T. ) ;
#1275 = VERTEX_POINT ( 'NONE', #6616 ) ;
#1276 = AXIS2_PLACEMENT_3D ( 'NONE', #7651, #5495, #6189 ) ;
#1277 = FACE_OUTER_BOUND ( 'NONE', #218, .T. ) ;
#1278 = ORIENTED_EDGE ( 'NONE', *, *, #6495, .T. ) ;
#1279 = CARTESIAN_POINT ( 'NONE',  ( -0.02751638503056266088, -2.766312677383753194, 0.000000000000000000 ) ) ;
#1280 = CARTESIAN_POINT ( 'NONE',  ( -0.009352123692031864485, -2.924747536271643522, 0.001000000000000000021 ) ) ;
#1281 = PLANE ( 'NONE',  #8118 ) ;
#1282 = STYLED_ITEM ( 'NONE', ( #71 ), #6811 ) ;
#1283 = DIRECTION ( 'NONE',  ( 1.000000000000000000, 6.938893903907228378E-15, -0.000000000000000000 ) ) ;
#1284 = CARTESIAN_POINT ( 'NONE',  ( -0.3999999999999886424, -3.250000000000001332, -0.02000000000000000042 ) ) ;
#1285 = EDGE_LOOP ( 'NONE', ( #7682, #1335, #3432, #2241 ) ) ;
#1286 = STYLED_ITEM ( 'NONE', ( #4237 ), #6996 ) ;
#1287 = VECTOR ( 'NONE', #1138, 1000.000000000000000 ) ;
#1288 = EDGE_CURVE ( 'NONE', #9407, #8884, #3045, .T. ) ;
#1289 = CARTESIAN_POINT ( 'NONE',  ( -0.06161943913946714424, -2.862718498904141207, 0.000000000000000000 ) ) ;
#1290 = ORIENTED_EDGE ( 'NONE', *, *, #9398, .T. ) ;
#1291 =( GEOMETRIC_REPRESENTATION_CONTEXT ( 3 ) GLOBAL_UNCERTAINTY_ASSIGNED_CONTEXT ( ( #3983 ) ) GLOBAL_UNIT_ASSIGNED_CONTEXT ( ( #8161, #6700, #5363 ) ) REPRESENTATION_CONTEXT ( 'NONE', 'WORKASPACE' ) );
#1292 =( NAMED_UNIT ( * ) PLANE_ANGLE_UNIT ( ) SI_UNIT ( $, .RADIAN. ) );
#1293 = CARTESIAN_POINT ( 'NONE',  ( 0.6810634876898010726, -2.872150663538287851, 0.000000000000000000 ) ) ;
#1294 = CARTESIAN_POINT ( 'NONE',  ( -0.2109906281638573855, -2.774113315977312588, 0.000000000000000000 ) ) ;
#1295 = EDGE_LOOP ( 'NONE', ( #5715, #5, #789, #1930 ) ) ;
#1296 = CARTESIAN_POINT ( 'NONE',  ( 3.250000000000000000, -2.899999999999999911, -0.02000000000000000042 ) ) ;
#1297 = DIRECTION ( 'NONE',  ( 0.000000000000000000, 0.000000000000000000, -1.000000000000000000 ) ) ;
#1298 = EDGE_CURVE ( 'NONE', #6553, #1952, #5227, .T. ) ;
#1299 = PRESENTATION_LAYER_ASSIGNMENT (  '', '', ( #8908 ) ) ;
#1300 = ORIENTED_EDGE ( 'NONE', *, *, #6665, .F. ) ;
#1301 = CARTESIAN_POINT ( 'NONE',  ( 0.5678650563468309320, -2.982969653145802535, 0.000000000000000000 ) ) ;
#1302 = CARTESIAN_POINT ( 'NONE',  ( 0.1396000730556547775, -2.983564535489507286, 0.000000000000000000 ) ) ;
#1303 = VERTEX_POINT ( 'NONE', #4526 ) ;
#1304 = EDGE_LOOP ( 'NONE', ( #8648, #3798, #1708, #900 ) ) ;
#1305 =( LENGTH_UNIT ( ) NAMED_UNIT ( * ) SI_UNIT ( .MILLI., .METRE. ) );
#1306 = COLOUR_RGB ( '',0.9686274509803921573, 0.8784313725490195957, 0.5999999999999999778 ) ;
#1307 = CARTESIAN_POINT ( 'NONE',  ( 1.650000000000011458, -3.249999999999994671, -0.02000000000000000042 ) ) ;
#1308 = VECTOR ( 'NONE', #5700, 1000.000000000000000 ) ;
#1309 = CARTESIAN_POINT ( 'NONE',  ( 0.08274701071319001677, -2.749677614774582501, 2.117582368135750848E-19 ) ) ;
#1310 = LINE ( 'NONE', #3536, #2308 ) ;
#1311 = DIRECTION ( 'NONE',  ( 1.000000000000000000, 0.000000000000000000, 0.000000000000000000 ) ) ;
#1312 = PRESENTATION_LAYER_ASSIGNMENT (  '', '', ( #6927 ) ) ;
#1313 = ADVANCED_FACE ( 'NONE', ( #1204 ), #9098, .T. ) ;
#1314 = DIRECTION ( 'NONE',  ( -0.000000000000000000, -0.000000000000000000, 1.000000000000000000 ) ) ;
#1315 = PRESENTATION_LAYER_ASSIGNMENT (  '', '', ( #4555 ) ) ;
#1316 = FILL_AREA_STYLE ('',( #8425 ) ) ;
#1317 =( GEOMETRIC_REPRESENTATION_CONTEXT ( 3 ) GLOBAL_UNCERTAINTY_ASSIGNED_CONTEXT ( ( #2528 ) ) GLOBAL_UNIT_ASSIGNED_CONTEXT ( ( #3490, #3537, #415 ) ) REPRESENTATION_CONTEXT ( 'NONE', 'WORKASPACE' ) );
#1318 = SURFACE_STYLE_FILL_AREA ( #7991 ) ;
#1319 = VERTEX_POINT ( 'NONE', #7902 ) ;
#1320 = ORIENTED_EDGE ( 'NONE', *, *, #7536, .F. ) ;
#1321 = CARTESIAN_POINT ( 'NONE',  ( 0.5281480913483377337, -2.745759657440726809, 0.001000000000000000021 ) ) ;
#1322 = UNCERTAINTY_MEASURE_WITH_UNIT (LENGTH_MEASURE( 1.000000000000000082E-05 ), #7574, 'distance_accuracy_value', 'NONE');
#1323 =( NAMED_UNIT ( * ) PLANE_ANGLE_UNIT ( ) SI_UNIT ( $, .RADIAN. ) );
#1324 = VERTEX_POINT ( 'NONE', #2589 ) ;
#1325 = DIRECTION ( 'NONE',  ( 1.000000000000000000, 0.000000000000000000, 0.000000000000000000 ) ) ;
#1326 =( GEOMETRIC_REPRESENTATION_CONTEXT ( 3 ) GLOBAL_UNCERTAINTY_ASSIGNED_CONTEXT ( ( #5597 ) ) GLOBAL_UNIT_ASSIGNED_CONTEXT ( ( #5407, #4043, #6895 ) ) REPRESENTATION_CONTEXT ( 'NONE', 'WORKASPACE' ) );
#1327 = CARTESIAN_POINT ( 'NONE',  ( 0.07886497341767033376, -2.716855081957033402, 0.001000000000000000021 ) ) ;
#1328 = EDGE_CURVE ( 'NONE', #2159, #5180, #8354, .T. ) ;
#1329 = CARTESIAN_POINT ( 'NONE',  ( -0.003987670644457722881, -2.934713324918984068, 0.000000000000000000 ) ) ;
#1330 = VECTOR ( 'NONE', #7524, 1000.000000000000000 ) ;
#1331 =( GEOMETRIC_REPRESENTATION_CONTEXT ( 3 ) GLOBAL_UNCERTAINTY_ASSIGNED_CONTEXT ( ( #8339 ) ) GLOBAL_UNIT_ASSIGNED_CONTEXT ( ( #4317, #7331, #3070 ) ) REPRESENTATION_CONTEXT ( 'NONE', 'WORKASPACE' ) );
#1332 = SURFACE_STYLE_USAGE ( .BOTH. , #2059 ) ;
#1333 = CARTESIAN_POINT ( 'NONE',  ( -0.06149827897867363169, -2.868384774256046210, 0.001000000000000000021 ) ) ;
#1334 = CARTESIAN_POINT ( 'NONE',  ( 0.1798439754946791203, -2.716491364757799953, 0.001000000000000000021 ) ) ;
#1335 = ORIENTED_EDGE ( 'NONE', *, *, #8231, .F. ) ;
#1336 =( GEOMETRIC_REPRESENTATION_CONTEXT ( 3 ) GLOBAL_UNCERTAINTY_ASSIGNED_CONTEXT ( ( #1746 ) ) GLOBAL_UNIT_ASSIGNED_CONTEXT ( ( #7597, #5438, #9021 ) ) REPRESENTATION_CONTEXT ( 'NONE', 'WORKASPACE' ) );
#1337 = CARTESIAN_POINT ( 'NONE',  ( -0.01718887640476395376, -2.902504321437422430, 0.000000000000000000 ) ) ;
#1338 = PRODUCT_DEFINITION_CONTEXT ( 'detailed design', #1521, 'design' ) ;
#1339 = FILL_AREA_STYLE_COLOUR ( '', #2546 ) ;
#1340 = SURFACE_STYLE_FILL_AREA ( #4941 ) ;
#1341 = ORIENTED_EDGE ( 'NONE', *, *, #1607, .F. ) ;
#1342 = CARTESIAN_POINT ( 'NONE',  ( -4.750000000000000000, 1.649999999999999911, -0.02000000000000000042 ) ) ;
#1343 = CARTESIAN_POINT ( 'NONE',  ( 0.6105560543972731180, -3.004561449717878752, 0.000000000000000000 ) ) ;
#1344 = DIRECTION ( 'NONE',  ( 0.3536223923290754967, -0.9353882635801357148, 0.000000000000000000 ) ) ;
#1345 = VERTEX_POINT ( 'NONE', #1101 ) ;
#1346 =( NAMED_UNIT ( * ) SI_UNIT ( $, .STERADIAN. ) SOLID_ANGLE_UNIT ( ) );
#1347 = FILL_AREA_STYLE_COLOUR ( '', #5698 ) ;
#1348 = SURFACE_STYLE_FILL_AREA ( #2945 ) ;
#1349 = ORIENTED_EDGE ( 'NONE', *, *, #7040, .T. ) ;
#1350 = EDGE_LOOP ( 'NONE', ( #3944, #6577, #9249, #8148, #1432, #6398 ) ) ;
#1351 = LINE ( 'NONE', #9300, #5008 ) ;
#1352 = ORIENTED_EDGE ( 'NONE', *, *, #454, .T. ) ;
#1353 = CARTESIAN_POINT ( 'NONE',  ( -4.750000000000000000, 2.100000000000000089, 0.000000000000000000 ) ) ;
#1354 = DIRECTION ( 'NONE',  ( -1.000000000000000000, -3.491481338843134144E-15, 0.000000000000000000 ) ) ;
#1355 = DIRECTION ( 'NONE',  ( -0.000000000000000000, -0.000000000000000000, 1.000000000000000000 ) ) ;
#1356 = ORIENTED_EDGE ( 'NONE', *, *, #2780, .T. ) ;
#1357 = SURFACE_SIDE_STYLE ('',( #6576 ) ) ;
#1358 = CARTESIAN_POINT ( 'NONE',  ( -0.2109906281638573855, -2.774113315977312588, 0.001000000000000000021 ) ) ;
#1359 =( NAMED_UNIT ( * ) PLANE_ANGLE_UNIT ( ) SI_UNIT ( $, .RADIAN. ) );
#1360 =( NAMED_UNIT ( * ) SI_UNIT ( $, .STERADIAN. ) SOLID_ANGLE_UNIT ( ) );
#1361 = STYLED_ITEM ( 'NONE', ( #7341 ), #8892 ) ;
#1362 = CARTESIAN_POINT ( 'NONE',  ( 0.5629395334007274432, -2.750219300939594103, 0.000000000000000000 ) ) ;
#1363 = ORIENTED_EDGE ( 'NONE', *, *, #7533, .T. ) ;
#1364 = ORIENTED_EDGE ( 'NONE', *, *, #6140, .F. ) ;
#1365 = LINE ( 'NONE', #7161, #2357 ) ;
#1366 = EDGE_CURVE ( 'NONE', #8095, #7028, #3515, .T. ) ;
#1367 = FILL_AREA_STYLE_COLOUR ( '', #9120 ) ;
#1368 = SURFACE_SIDE_STYLE ('',( #4445 ) ) ;
#1369 = EDGE_CURVE ( 'NONE', #1872, #1896, #5559, .T. ) ;
#1370 = CARTESIAN_POINT ( 'NONE',  ( 0.2456976340312645724, -2.716491364757799953, 0.001000000000000000021 ) ) ;
#1371 = AXIS2_PLACEMENT_3D ( 'NONE', #4444, #1555, #6640 ) ;
#1372 = CARTESIAN_POINT ( 'NONE',  ( 0.01970549893513501988, -2.731724926454992985, 0.000000000000000000 ) ) ;
#1373 = AXIS2_PLACEMENT_3D ( 'NONE', #4026, #5393, #3841 ) ;
#1374 = CARTESIAN_POINT ( 'NONE',  ( 0.06301773016183086218, -2.718684768529917584, 0.000000000000000000 ) ) ;
#1375 = VECTOR ( 'NONE', #835, 1000.000000000000000 ) ;
#1376 = CARTESIAN_POINT ( 'NONE',  ( 0.09827004256784986624, -3.016491364757799776, 0.001000000000000000021 ) ) ;
#1377 = UNCERTAINTY_MEASURE_WITH_UNIT (LENGTH_MEASURE( 1.000000000000000082E-05 ), #6847, 'distance_accuracy_value', 'NONE');
#1378 = STYLED_ITEM ( 'NONE', ( #174 ), #1733 ) ;
#1379 = PRESENTATION_STYLE_ASSIGNMENT (( #4509 ) ) ;
#1380 =( LENGTH_UNIT ( ) NAMED_UNIT ( * ) SI_UNIT ( .MILLI., .METRE. ) );
#1381 = ORIENTED_EDGE ( 'NONE', *, *, #5196, .F. ) ;
#1382 = SURFACE_STYLE_USAGE ( .BOTH. , #8678 ) ;
#1383 = COLOUR_RGB ( '',0.9686274509803921573, 0.8784313725490195957, 0.5999999999999999778 ) ;
#1384 = MECHANICAL_DESIGN_GEOMETRIC_PRESENTATION_REPRESENTATION (  '', ( #8083 ), #6694 ) ;
#1385 = PLANE ( 'NONE',  #4698 ) ;
#1386 = CARTESIAN_POINT ( 'NONE',  ( -4.750000000000000000, 0.3999999999999999667, -0.02000000000000000042 ) ) ;
#1387 = ORIENTED_EDGE ( 'NONE', *, *, #1969, .F. ) ;
#1388 = CARTESIAN_POINT ( 'NONE',  ( -1.649999999999983480, -4.750000000000006217, -0.02000000000000000042 ) ) ;
#1389 = EDGE_LOOP ( 'NONE', ( #2747, #7211, #4826, #4422 ) ) ;
#1390 = DIRECTION ( 'NONE',  ( -3.491481338843133355E-15, 1.000000000000000000, 0.000000000000000000 ) ) ;
#1391 =( NAMED_UNIT ( * ) SI_UNIT ( $, .STERADIAN. ) SOLID_ANGLE_UNIT ( ) );
#1392 = CARTESIAN_POINT ( 'NONE',  ( 0.1798439754946791203, -2.716491364757799953, 0.001000000000000000021 ) ) ;
#1393 = CARTESIAN_POINT ( 'NONE',  ( 0.6391749906247802260, -2.895148710293695693, 0.000000000000000000 ) ) ;
#1394 = PLANE ( 'NONE',  #7050 ) ;
#1395 = ORIENTED_EDGE ( 'NONE', *, *, #6343, .F. ) ;
#1396 = ORIENTED_EDGE ( 'NONE', *, *, #1074, .F. ) ;
#1397 = CARTESIAN_POINT ( 'NONE',  ( -0.08357065865166232732, -3.016491364757799776, 0.001000000000000000021 ) ) ;
#1398 = SURFACE_STYLE_USAGE ( .BOTH. , #8470 ) ;
#1399 = CARTESIAN_POINT ( 'NONE',  ( 4.750000000000000000, -2.899999999999999911, -0.02000000000000000042 ) ) ;
#1400 =( NAMED_UNIT ( * ) PLANE_ANGLE_UNIT ( ) SI_UNIT ( $, .RADIAN. ) );
#1401 = DIRECTION ( 'NONE',  ( -1.000000000000000000, 0.000000000000000000, 0.000000000000000000 ) ) ;
#1402 = VERTEX_POINT ( 'NONE', #8623 ) ;
#1403 = CARTESIAN_POINT ( 'NONE',  ( 0.3591122681776059422, -2.881125511099263736, 0.001000000000000000021 ) ) ;
#1404 = VECTOR ( 'NONE', #2427, 1000.000000000000000 ) ;
#1405 = SURFACE_STYLE_FILL_AREA ( #8659 ) ;
#1406 = CARTESIAN_POINT ( 'NONE',  ( 0.5281480913483377337, -2.745759657440726809, 0.000000000000000000 ) ) ;
#1407 = EDGE_CURVE ( 'NONE', #1552, #1658, #4143, .T. ) ;
#1408 = ORIENTED_EDGE ( 'NONE', *, *, #4010, .T. ) ;
#1409 = ORIENTED_EDGE ( 'NONE', *, *, #5327, .T. ) ;
#1410 = ORIENTED_EDGE ( 'NONE', *, *, #3911, .T. ) ;
#1411 = SURFACE_STYLE_USAGE ( .BOTH. , #8096 ) ;
#1412 = UNCERTAINTY_MEASURE_WITH_UNIT (LENGTH_MEASURE( 1.000000000000000082E-05 ), #2788, 'distance_accuracy_value', 'NONE');
#1413 = MECHANICAL_DESIGN_GEOMETRIC_PRESENTATION_REPRESENTATION (  '', ( #6563 ), #2641 ) ;
#1414 = AXIS2_PLACEMENT_3D ( 'NONE', #4524, #3043, #3090 ) ;
#1415 = DIRECTION ( 'NONE',  ( 0.000000000000000000, -0.000000000000000000, -1.000000000000000000 ) ) ;
#1416 = VECTOR ( 'NONE', #5650, 1000.000000000000000 ) ;
#1417 = DIRECTION ( 'NONE',  ( 0.000000000000000000, 1.000000000000000000, 0.000000000000000000 ) ) ;
#1418 = PRESENTATION_STYLE_ASSIGNMENT (( #7800 ) ) ;
#1419 = SURFACE_SIDE_STYLE ('',( #92 ) ) ;
#1420 = UNCERTAINTY_MEASURE_WITH_UNIT (LENGTH_MEASURE( 1.000000000000000082E-05 ), #8845, 'distance_accuracy_value', 'NONE');
#1421 = EDGE_CURVE ( 'NONE', #2291, #9318, #1935, .T. ) ;
#1422 = PRESENTATION_LAYER_ASSIGNMENT (  '', '', ( #5553 ) ) ;
#1423 =( NAMED_UNIT ( * ) PLANE_ANGLE_UNIT ( ) SI_UNIT ( $, .RADIAN. ) );
#1424 = MECHANICAL_DESIGN_GEOMETRIC_PRESENTATION_REPRESENTATION (  '', ( #2808 ), #8432 ) ;
#1425 = CARTESIAN_POINT ( 'NONE',  ( 5.049999999999997158, 5.049999999999999822, 0.8000000000000000444 ) ) ;
#1426 =( LENGTH_UNIT ( ) NAMED_UNIT ( * ) SI_UNIT ( .MILLI., .METRE. ) );
#1427 = ORIENTED_EDGE ( 'NONE', *, *, #3839, .T. ) ;
#1428 = FILL_AREA_STYLE ('',( #2927 ) ) ;
#1429 = MECHANICAL_DESIGN_GEOMETRIC_PRESENTATION_REPRESENTATION (  '', ( #1571 ), #7511 ) ;
#1430 = CIRCLE ( 'NONE', #6887, 0.9999999999999997780 ) ;
#1431 = FACE_OUTER_BOUND ( 'NONE', #6330, .T. ) ;
#1432 = ORIENTED_EDGE ( 'NONE', *, *, #9180, .F. ) ;
#1433 =( GEOMETRIC_REPRESENTATION_CONTEXT ( 3 ) GLOBAL_UNCERTAINTY_ASSIGNED_CONTEXT ( ( #1143 ) ) GLOBAL_UNIT_ASSIGNED_CONTEXT ( ( #1159, #4107, #485 ) ) REPRESENTATION_CONTEXT ( 'NONE', 'WORKASPACE' ) );
#1434 = DIRECTION ( 'NONE',  ( 1.000000000000000000, -6.938893903907228378E-15, 0.000000000000000000 ) ) ;
#1435 = LINE ( 'NONE', #7135, #8917 ) ;
#1436 = PRESENTATION_LAYER_ASSIGNMENT (  '', '', ( #6004 ) ) ;
#1437 = CARTESIAN_POINT ( 'NONE',  ( 0.5082036486210692594, -2.713518764302259356, 0.001000000000000000021 ) ) ;
#1438 = ORIENTED_EDGE ( 'NONE', *, *, #6921, .T. ) ;
#1439 = DIRECTION ( 'NONE',  ( 0.000000000000000000, -1.000000000000000000, -0.000000000000000000 ) ) ;
#1440 = FACE_OUTER_BOUND ( 'NONE', #7582, .T. ) ;
#1441 = ORIENTED_EDGE ( 'NONE', *, *, #5276, .F. ) ;
#1442 = LINE ( 'NONE', #682, #18 ) ;
#1443 = DIRECTION ( 'NONE',  ( 0.000000000000000000, -0.000000000000000000, 1.000000000000000000 ) ) ;
#1444 = AXIS2_PLACEMENT_3D ( 'NONE', #2050, #9317, #1415 ) ;
#1445 = EDGE_CURVE ( 'NONE', #7367, #3613, #6993, .T. ) ;
#1446 = CARTESIAN_POINT ( 'NONE',  ( 0.5777779620625375090, -2.979482205587871135, 0.000000000000000000 ) ) ;
#1447 = ORIENTED_EDGE ( 'NONE', *, *, #7907, .F. ) ;
#1448 = VERTEX_POINT ( 'NONE', #4313 ) ;
#1449 = AXIS2_PLACEMENT_3D ( 'NONE', #2171, #7306, #3679 ) ;
#1450 = CARTESIAN_POINT ( 'NONE',  ( 0.6024762326832869830, -2.729708113336110742, 0.001000000000000000021 ) ) ;
#1451 = PLANE ( 'NONE',  #2230 ) ;
#1452 =( GEOMETRIC_REPRESENTATION_CONTEXT ( 3 ) GLOBAL_UNCERTAINTY_ASSIGNED_CONTEXT ( ( #8435 ) ) GLOBAL_UNIT_ASSIGNED_CONTEXT ( ( #4094, #387, #9090 ) ) REPRESENTATION_CONTEXT ( 'NONE', 'WORKASPACE' ) );
#1453 = LINE ( 'NONE', #637, #895 ) ;
#1454 = DIRECTION ( 'NONE',  ( -1.000000000000000000, -2.576321994024960978E-16, 0.000000000000000000 ) ) ;
#1455 = VERTEX_POINT ( 'NONE', #7169 ) ;
#1456 = LINE ( 'NONE', #2330, #2503 ) ;
#1457 = CARTESIAN_POINT ( 'NONE',  ( -3.250000000000000000, -2.100000000000000089, -0.02000000000000000042 ) ) ;
#1458 =( NAMED_UNIT ( * ) PLANE_ANGLE_UNIT ( ) SI_UNIT ( $, .RADIAN. ) );
#1459 = EDGE_LOOP ( 'NONE', ( #1363, #2362, #2305, #8357 ) ) ;
#1460 = ORIENTED_EDGE ( 'NONE', *, *, #4214, .T. ) ;
#1461 = ORIENTED_EDGE ( 'NONE', *, *, #2834, .T. ) ;
#1462 = SURFACE_STYLE_FILL_AREA ( #5153 ) ;
#1463 = LINE ( 'NONE', #7272, #7606 ) ;
#1464 = VECTOR ( 'NONE', #6067, 1000.000000000000000 ) ;
#1465 = CARTESIAN_POINT ( 'NONE',  ( -2.400000000000000799, 2.399999999999999911, -0.02000000000000005246 ) ) ;
#1466 = ADVANCED_FACE ( 'NONE', ( #5416 ), #5951, .F. ) ;
#1467 = MECHANICAL_DESIGN_GEOMETRIC_PRESENTATION_REPRESENTATION (  '', ( #1618 ), #6037 ) ;
#1468 = PRESENTATION_LAYER_ASSIGNMENT (  '', '', ( #8176 ) ) ;
#1469 = SURFACE_STYLE_FILL_AREA ( #5161 ) ;
#1470 = SURFACE_STYLE_USAGE ( .BOTH. , #5825 ) ;
#1471 = AXIS2_PLACEMENT_3D ( 'NONE', #5333, #8351, #4722 ) ;
#1472 = CARTESIAN_POINT ( 'NONE',  ( 4.750000000000000000, 1.649999999999999911, -0.02000000000000000042 ) ) ;
#1473 = DIRECTION ( 'NONE',  ( -0.000000000000000000, -0.000000000000000000, -1.000000000000000000 ) ) ;
#1474 = LINE ( 'NONE', #4362, #5468 ) ;
#1475 = CARTESIAN_POINT ( 'NONE',  ( 0.5404384876898011836, -3.020149901343165855, 0.000000000000000000 ) ) ;
#1476 = ORIENTED_EDGE ( 'NONE', *, *, #202, .F. ) ;
#1477 = LINE ( 'NONE', #7285, #7871 ) ;
#1478 = AXIS2_PLACEMENT_3D ( 'NONE', #152, #5832, #8016 ) ;
#1479 = STYLED_ITEM ( 'NONE', ( #5643 ), #4291 ) ;
#1480 = CARTESIAN_POINT ( 'NONE',  ( -1.650000000000034328, 3.249999999999983125, -0.02000000000000000042 ) ) ;
#1481 = ADVANCED_FACE ( 'NONE', ( #5778 ), #7378, .T. ) ;
#1482 =( LENGTH_UNIT ( ) NAMED_UNIT ( * ) SI_UNIT ( .MILLI., .METRE. ) );
#1483 = SURFACE_STYLE_FILL_AREA ( #957 ) ;
#1484 = ORIENTED_EDGE ( 'NONE', *, *, #383, .T. ) ;
#1485 = SURFACE_STYLE_FILL_AREA ( #7094 ) ;
#1486 = VECTOR ( 'NONE', #5201, 1000.000000000000000 ) ;
#1487 = SURFACE_SIDE_STYLE ('',( #2938 ) ) ;
#1488 = MECHANICAL_DESIGN_GEOMETRIC_PRESENTATION_REPRESENTATION (  '', ( #1972 ), #6795 ) ;
#1489 = EDGE_CURVE ( 'NONE', #7444, #8186, #3605, .T. ) ;
#1490 = ORIENTED_EDGE ( 'NONE', *, *, #785, .T. ) ;
#1491 =( NAMED_UNIT ( * ) PLANE_ANGLE_UNIT ( ) SI_UNIT ( $, .RADIAN. ) );
#1492 = ORIENTED_EDGE ( 'NONE', *, *, #3962, .T. ) ;
#1493 = FILL_AREA_STYLE_COLOUR ( '', #2948 ) ;
#1494 = CARTESIAN_POINT ( 'NONE',  ( 0.6041202596886104947, -2.963014699177461519, 0.000000000000000000 ) ) ;
#1495 = LINE ( 'NONE', #1302, #4216 ) ;
#1496 = ORIENTED_EDGE ( 'NONE', *, *, #386, .T. ) ;
#1497 = DIRECTION ( 'NONE',  ( -0.000000000000000000, -0.000000000000000000, 1.000000000000000000 ) ) ;
#1498 = LINE ( 'NONE', #4294, #4085 ) ;
#1499 = CARTESIAN_POINT ( 'NONE',  ( 3.899999999999999023, 2.899999999999992806, 5.299999999999999822 ) ) ;
#1500 = VECTOR ( 'NONE', #8206, 1000.000000000000000 ) ;
#1501 = CARTESIAN_POINT ( 'NONE',  ( 0.6430275429406590026, -2.979722659675584584, 0.001000000000000000021 ) ) ;
#1502 = EDGE_LOOP ( 'NONE', ( #4858, #94, #12, #1103 ) ) ;
#1503 = SURFACE_STYLE_USAGE ( .BOTH. , #2910 ) ;
#1504 = SURFACE_STYLE_USAGE ( .BOTH. , #4487 ) ;
#1505 =( NAMED_UNIT ( * ) SI_UNIT ( $, .STERADIAN. ) SOLID_ANGLE_UNIT ( ) );
#1506 = VERTEX_POINT ( 'NONE', #146 ) ;
#1507 = EDGE_CURVE ( 'NONE', #8689, #9241, #3800, .T. ) ;
#1508 = VERTEX_POINT ( 'NONE', #1425 ) ;
#1509 = EDGE_LOOP ( 'NONE', ( #8071, #1113, #7160, #4364 ) ) ;
#1510 = UNCERTAINTY_MEASURE_WITH_UNIT (LENGTH_MEASURE( 1.000000000000000082E-05 ), #6966, 'distance_accuracy_value', 'NONE');
#1511 = LINE ( 'NONE', #943, #453 ) ;
#1512 = CARTESIAN_POINT ( 'NONE',  ( -0.2800455062126377959, -2.932345023294385289, 0.000000000000000000 ) ) ;
#1513 = UNCERTAINTY_MEASURE_WITH_UNIT (LENGTH_MEASURE( 1.000000000000000082E-05 ), #177, 'distance_accuracy_value', 'NONE');
#1514 = DIRECTION ( 'NONE',  ( 0.000000000000000000, 1.000000000000000000, 0.000000000000000000 ) ) ;
#1515 = DIRECTION ( 'NONE',  ( 0.000000000000000000, 0.000000000000000000, -1.000000000000000000 ) ) ;
#1516 = EDGE_LOOP ( 'NONE', ( #3951, #2272, #2816, #4427, #8611 ) ) ;
#1517 = CARTESIAN_POINT ( 'NONE',  ( 0.03426469447877678043, -3.006228609728184953, 0.001000000000000000021 ) ) ;
#1518 = FILL_AREA_STYLE ('',( #760 ) ) ;
#1519 = VECTOR ( 'NONE', #6156, 1000.000000000000000 ) ;
#1520 = CARTESIAN_POINT ( 'NONE',  ( 3.250000000000000444, -0.8499999999999999778, -0.02000000000000000042 ) ) ;
#1521 = APPLICATION_CONTEXT ( 'automotive_design' ) ;
#1522 = PLANE ( 'NONE',  #8337 ) ;
#1523 = EDGE_LOOP ( 'NONE', ( #8601, #6519, #5985, #163 ) ) ;
#1524 = PRESENTATION_STYLE_ASSIGNMENT (( #5212 ) ) ;
#1525 = CARTESIAN_POINT ( 'NONE',  ( 4.099999999999998757, 2.899999999999992806, 1.000000000000000000 ) ) ;
#1526 = VECTOR ( 'NONE', #3778, 1000.000000000000000 ) ;
#1527 = VERTEX_POINT ( 'NONE', #7425 ) ;
#1528 = COLOUR_RGB ( '',0.2235294117647058654, 0.2235294117647058654, 0.2235294117647058654 ) ;
#1529 = ORIENTED_EDGE ( 'NONE', *, *, #5646, .T. ) ;
#1530 = LINE ( 'NONE', #7530, #7359 ) ;
#1531 = FACE_OUTER_BOUND ( 'NONE', #6346, .T. ) ;
#1532 =( NAMED_UNIT ( * ) SI_UNIT ( $, .STERADIAN. ) SOLID_ANGLE_UNIT ( ) );
#1533 = STYLED_ITEM ( 'NONE', ( #4816 ), #8835 ) ;
#1534 = SURFACE_STYLE_USAGE ( .BOTH. , #3712 ) ;
#1535 = COLOUR_RGB ( '',0.2235294117647058654, 0.2235294117647058654, 0.2235294117647058654 ) ;
#1536 = EDGE_LOOP ( 'NONE', ( #4817, #6928, #8698, #4440 ) ) ;
#1537 = ORIENTED_EDGE ( 'NONE', *, *, #3185, .T. ) ;
#1538 = ADVANCED_FACE ( 'NONE', ( #5069 ), #7948, .F. ) ;
#1539 = CARTESIAN_POINT ( 'NONE',  ( 0.4578927559824840232, -2.724723072074873187, 0.001000000000000000021 ) ) ;
#1540 = DIRECTION ( 'NONE',  ( -0.000000000000000000, -0.000000000000000000, 1.000000000000000000 ) ) ;
#1541 = ORIENTED_EDGE ( 'NONE', *, *, #1559, .T. ) ;
#1542 = EDGE_CURVE ( 'NONE', #1448, #4375, #5315, .T. ) ;
#1543 = MECHANICAL_DESIGN_GEOMETRIC_PRESENTATION_REPRESENTATION (  '', ( #6849 ), #4015 ) ;
#1544 =( NAMED_UNIT ( * ) PLANE_ANGLE_UNIT ( ) SI_UNIT ( $, .RADIAN. ) );
#1545 = CARTESIAN_POINT ( 'NONE',  ( -2.900000000000034106, 3.249999999999969358, -0.02000000000000000042 ) ) ;
#1546 = ORIENTED_EDGE ( 'NONE', *, *, #5973, .T. ) ;
#1547 = LINE ( 'NONE', #8137, #7973 ) ;
#1548 = SURFACE_SIDE_STYLE ('',( #699 ) ) ;
#1549 = CARTESIAN_POINT ( 'NONE',  ( 5.049999999999999822, -5.049999999999999822, 0.8000000000000000444 ) ) ;
#1550 = FILL_AREA_STYLE ('',( #7500 ) ) ;
#1551 = VERTEX_POINT ( 'NONE', #7467 ) ;
#1552 = VERTEX_POINT ( 'NONE', #8198 ) ;
#1553 = LINE ( 'NONE', #3689, #659 ) ;
#1554 = AXIS2_PLACEMENT_3D ( 'NONE', #5624, #9255, #491 ) ;
#1555 = DIRECTION ( 'NONE',  ( 0.000000000000000000, 1.000000000000000000, 0.000000000000000000 ) ) ;
#1556 = FACE_OUTER_BOUND ( 'NONE', #3497, .T. ) ;
#1557 = PLANE ( 'NONE',  #4550 ) ;
#1558 =( LENGTH_UNIT ( ) NAMED_UNIT ( * ) SI_UNIT ( .MILLI., .METRE. ) );
#1559 = EDGE_CURVE ( 'NONE', #6158, #7087, #6878, .T. ) ;
#1560 = DIRECTION ( 'NONE',  ( -0.000000000000000000, -0.000000000000000000, -1.000000000000000000 ) ) ;
#1561 = SURFACE_STYLE_USAGE ( .BOTH. , #6549 ) ;
#1562 = DIRECTION ( 'NONE',  ( 0.000000000000000000, 1.000000000000000000, 0.000000000000000000 ) ) ;
#1563 = FILL_AREA_STYLE_COLOUR ( '', #4723 ) ;
#1564 = ORIENTED_EDGE ( 'NONE', *, *, #6784, .T. ) ;
#1565 = COLOUR_RGB ( '',0.9686274509803921573, 0.8784313725490195957, 0.5999999999999999778 ) ;
#1566 = CIRCLE ( 'NONE', #1276, 1.000000000000000000 ) ;
#1567 = CARTESIAN_POINT ( 'NONE',  ( -1.650000000000034328, 3.249999999999983125, 0.000000000000000000 ) ) ;
#1568 = FACE_OUTER_BOUND ( 'NONE', #7347, .T. ) ;
#1569 = CARTESIAN_POINT ( 'NONE',  ( 0.8603317803727279500, -3.016491364757799776, 0.001000000000000000021 ) ) ;
#1570 = ORIENTED_EDGE ( 'NONE', *, *, #41, .T. ) ;
#1571 = STYLED_ITEM ( 'NONE', ( #7747 ), #780 ) ;
#1572 = VECTOR ( 'NONE', #7205, 1000.000000000000000 ) ;
#1573 = SURFACE_STYLE_FILL_AREA ( #3905 ) ;
#1574 = SURFACE_SIDE_STYLE ('',( #3766 ) ) ;
#1575 = SURFACE_STYLE_USAGE ( .BOTH. , #3085 ) ;
#1576 = EDGE_LOOP ( 'NONE', ( #8549, #3829, #6019, #4809, #6719, #4582 ) ) ;
#1577 = EDGE_CURVE ( 'NONE', #5660, #8129, #9377, .T. ) ;
#1578 = ORIENTED_EDGE ( 'NONE', *, *, #1590, .F. ) ;
#1579 = CARTESIAN_POINT ( 'NONE',  ( -2.099999999999983213, -4.750000000000007105, -0.02000000000000000042 ) ) ;
#1580 = MECHANICAL_DESIGN_GEOMETRIC_PRESENTATION_REPRESENTATION (  '', ( #8738 ), #4819 ) ;
#1581 = DIRECTION ( 'NONE',  ( -0.000000000000000000, -0.000000000000000000, -1.000000000000000000 ) ) ;
#1582 = FILL_AREA_STYLE_COLOUR ( '', #8621 ) ;
#1583 = UNCERTAINTY_MEASURE_WITH_UNIT (LENGTH_MEASURE( 1.000000000000000082E-05 ), #5534, 'distance_accuracy_value', 'NONE');
#1584 = CARTESIAN_POINT ( 'NONE',  ( 2.100000000000011635, -3.249999999999992006, -0.02000000000000000042 ) ) ;
#1585 = EDGE_LOOP ( 'NONE', ( #183, #6915, #1231, #4926, #4800, #1796, #4938, #9397, #8974, #8405 ) ) ;
#1586 = VECTOR ( 'NONE', #8921, 1000.000000000000114 ) ;
#1587 = SURFACE_STYLE_USAGE ( .BOTH. , #5803 ) ;
#1588 = CARTESIAN_POINT ( 'NONE',  ( 0.3993561706166303127, -3.016491364757799776, 0.001000000000000000021 ) ) ;
#1589 = MECHANICAL_DESIGN_GEOMETRIC_PRESENTATION_REPRESENTATION (  '', ( #9196 ), #2220 ) ;
#1590 = EDGE_CURVE ( 'NONE', #4335, #2094, #6093, .T. ) ;
#1591 = FILL_AREA_STYLE_COLOUR ( '', #5508 ) ;
#1592 = SURFACE_STYLE_USAGE ( .BOTH. , #8134 ) ;
#1593 = EDGE_LOOP ( 'NONE', ( #4437, #137, #2560 ) ) ;
#1594 = CARTESIAN_POINT ( 'NONE',  ( 0.3999999999999659384, 3.250000000000003997, -0.02000000000000000042 ) ) ;
#1595 = VECTOR ( 'NONE', #6984, 1000.000000000000000 ) ;
#1596 = FILL_AREA_STYLE ('',( #2518 ) ) ;
#1597 = DIRECTION ( 'NONE',  ( 0.000000000000000000, 0.000000000000000000, -1.000000000000000000 ) ) ;
#1598 =( GEOMETRIC_REPRESENTATION_CONTEXT ( 3 ) GLOBAL_UNCERTAINTY_ASSIGNED_CONTEXT ( ( #647 ) ) GLOBAL_UNIT_ASSIGNED_CONTEXT ( ( #4399, #6540, #4691 ) ) REPRESENTATION_CONTEXT ( 'NONE', 'WORKASPACE' ) );
#1599 = CARTESIAN_POINT ( 'NONE',  ( 0.6015044574530875598, -2.771314523132818231, 0.001000000000000000021 ) ) ;
#1600 = VERTEX_POINT ( 'NONE', #2479 ) ;
#1601 = ORIENTED_EDGE ( 'NONE', *, *, #151, .F. ) ;
#1602 = ORIENTED_EDGE ( 'NONE', *, *, #5149, .F. ) ;
#1603 = FILL_AREA_STYLE_COLOUR ( '', #5095 ) ;
#1604 = COLOUR_RGB ( '',0.9686274509803921573, 0.8784313725490195957, 0.5999999999999999778 ) ;
#1605 = LINE ( 'NONE', #4548, #5580 ) ;
#1606 = EDGE_CURVE ( 'NONE', #4089, #594, #4749, .T. ) ;
#1607 = EDGE_CURVE ( 'NONE', #3100, #135, #8983, .T. ) ;
#1608 = UNCERTAINTY_MEASURE_WITH_UNIT (LENGTH_MEASURE( 1.000000000000000082E-05 ), #7634, 'distance_accuracy_value', 'NONE');
#1609 = DIRECTION ( 'NONE',  ( -1.047444401652940007E-14, 1.000000000000000000, 0.000000000000000000 ) ) ;
#1610 = COLOUR_RGB ( '',0.2862745098039215508, 0.6627450980392156632, 0.3294117647058823484 ) ;
#1611 = DIRECTION ( 'NONE',  ( 0.000000000000000000, 1.000000000000000000, 0.000000000000000000 ) ) ;
#1612 = FILL_AREA_STYLE ('',( #3978 ) ) ;
#1613 = CARTESIAN_POINT ( 'NONE',  ( 0.6369096173517984072, -2.906970726847095676, 0.001000000000000000021 ) ) ;
#1614 = FACE_OUTER_BOUND ( 'NONE', #5376, .T. ) ;
#1615 = VECTOR ( 'NONE', #5993, 1000.000000000000000 ) ;
#1616 =( LENGTH_UNIT ( ) NAMED_UNIT ( * ) SI_UNIT ( .MILLI., .METRE. ) );
#1617 = DIRECTION ( 'NONE',  ( 1.000000000000000000, -0.000000000000000000, -0.000000000000000000 ) ) ;
#1618 = STYLED_ITEM ( 'NONE', ( #8259 ), #3373 ) ;
#1619 = ADVANCED_FACE ( 'NONE', ( #7563 ), #3166, .T. ) ;
#1620 = CARTESIAN_POINT ( 'NONE',  ( -5.050000000000002487, 5.049999999999999822, 0.8000000000000000444 ) ) ;
#1621 = LINE ( 'NONE', #910, #6030 ) ;
#1622 = ORIENTED_EDGE ( 'NONE', *, *, #2552, .F. ) ;
#1623 =( NAMED_UNIT ( * ) SI_UNIT ( $, .STERADIAN. ) SOLID_ANGLE_UNIT ( ) );
#1624 = DIRECTION ( 'NONE',  ( 1.000000000000000000, 2.949380252600381138E-15, 0.000000000000000000 ) ) ;
#1625 = MECHANICAL_DESIGN_GEOMETRIC_PRESENTATION_REPRESENTATION (  '', ( #405 ), #9369 ) ;
#1626 = DIRECTION ( 'NONE',  ( -1.047444401652940007E-14, 1.000000000000000000, 0.000000000000000000 ) ) ;
#1627 = AXIS2_PLACEMENT_3D ( 'NONE', #2801, #740, #6570 ) ;
#1628 = MECHANICAL_DESIGN_GEOMETRIC_PRESENTATION_REPRESENTATION (  '', ( #5899 ), #1171 ) ;
#1629 = FILL_AREA_STYLE_COLOUR ( '', #8877 ) ;
#1630 =( LENGTH_UNIT ( ) NAMED_UNIT ( * ) SI_UNIT ( .MILLI., .METRE. ) );
#1631 = FILL_AREA_STYLE_COLOUR ( '', #4922 ) ;
#1632 = UNCERTAINTY_MEASURE_WITH_UNIT (LENGTH_MEASURE( 1.000000000000000082E-05 ), #779, 'distance_accuracy_value', 'NONE');
#1633 = LINE ( 'NONE', #7482, #6770 ) ;
#1634 = VECTOR ( 'NONE', #8909, 1000.000000000000000 ) ;
#1635 = ORIENTED_EDGE ( 'NONE', *, *, #1771, .F. ) ;
#1636 = VERTEX_POINT ( 'NONE', #418 ) ;
#1637 = ORIENTED_EDGE ( 'NONE', *, *, #520, .F. ) ;
#1638 = VECTOR ( 'NONE', #7027, 1000.000000000000227 ) ;
#1639 = AXIS2_PLACEMENT_3D ( 'NONE', #8340, #8988, #1759 ) ;
#1640 = CARTESIAN_POINT ( 'NONE',  ( -3.250000000000000000, 1.649999999999999911, 0.000000000000000000 ) ) ;
#1641 = CARTESIAN_POINT ( 'NONE',  ( 0.6381442802254901903, -2.756466516795656574, 6.352747104407252543E-19 ) ) ;
#1642 = LINE ( 'NONE', #1108, #9129 ) ;
#1643 =( NAMED_UNIT ( * ) SI_UNIT ( $, .STERADIAN. ) SOLID_ANGLE_UNIT ( ) );
#1644 = CYLINDRICAL_SURFACE ( 'NONE', #9157, 1.000000000000000000 ) ;
#1645 = ORIENTED_EDGE ( 'NONE', *, *, #8927, .T. ) ;
#1646 = CARTESIAN_POINT ( 'NONE',  ( 0.5629395334007274432, -2.750219300939594103, 0.001000000000000000021 ) ) ;
#1647 = CARTESIAN_POINT ( 'NONE',  ( -0.1274730976760524714, -3.016491364757799776, 0.000000000000000000 ) ) ;
#1648 = CARTESIAN_POINT ( 'NONE',  ( -0.3543023659687354887, -3.016491364757799776, 0.001000000000000000021 ) ) ;
#1649 = CARTESIAN_POINT ( 'NONE',  ( 0.6366284796531145318, -2.830404618900133507, 0.001000000000000000021 ) ) ;
#1650 = ORIENTED_EDGE ( 'NONE', *, *, #6256, .F. ) ;
#1651 = ORIENTED_EDGE ( 'NONE', *, *, #8755, .T. ) ;
#1652 = VERTEX_POINT ( 'NONE', #5536 ) ;
#1653 = SURFACE_STYLE_USAGE ( .BOTH. , #5106 ) ;
#1654 = PRESENTATION_STYLE_ASSIGNMENT (( #6042 ) ) ;
#1655 = CARTESIAN_POINT ( 'NONE',  ( 0.09535464622638649412, -2.749418194026092443, 0.001000000000000000021 ) ) ;
#1656 = SURFACE_STYLE_FILL_AREA ( #3107 ) ;
#1657 = EDGE_CURVE ( 'NONE', #1324, #3057, #8429, .T. ) ;
#1658 = VERTEX_POINT ( 'NONE', #4678 ) ;
#1659 =( NAMED_UNIT ( * ) SI_UNIT ( $, .STERADIAN. ) SOLID_ANGLE_UNIT ( ) );
#1660 = EDGE_CURVE ( 'NONE', #2030, #5129, #9272, .T. ) ;
#1661 =( NAMED_UNIT ( * ) PLANE_ANGLE_UNIT ( ) SI_UNIT ( $, .RADIAN. ) );
#1662 = CARTESIAN_POINT ( 'NONE',  ( 0.5463133934278093795, -2.986928746982175475, 0.001000000000000000021 ) ) ;
#1663 = LINE ( 'NONE', #856, #2350 ) ;
#1664 = EDGE_CURVE ( 'NONE', #8048, #3964, #8873, .T. ) ;
#1665 = FACE_OUTER_BOUND ( 'NONE', #1509, .T. ) ;
#1666 = CARTESIAN_POINT ( 'NONE',  ( -3.250000000000000444, -0.4000000000000000777, -0.02000000000000000042 ) ) ;
#1667 = LINE ( 'NONE', #6283, #1638 ) ;
#1668 = FILL_AREA_STYLE_COLOUR ( '', #7356 ) ;
#1669 =( GEOMETRIC_REPRESENTATION_CONTEXT ( 3 ) GLOBAL_UNCERTAINTY_ASSIGNED_CONTEXT ( ( #7317 ) ) GLOBAL_UNIT_ASSIGNED_CONTEXT ( ( #1630, #7393, #5462 ) ) REPRESENTATION_CONTEXT ( 'NONE', 'WORKASPACE' ) );
#1670 = CARTESIAN_POINT ( 'NONE',  ( 0.8499999999999658939, 3.250000000000008882, -0.02000000000000000042 ) ) ;
#1671 = FILL_AREA_STYLE_COLOUR ( '', #1953 ) ;
#1672 = SURFACE_SIDE_STYLE ('',( #2499 ) ) ;
#1673 = LINE ( 'NONE', #8859, #325 ) ;
#1674 = ORIENTED_EDGE ( 'NONE', *, *, #3962, .F. ) ;
#1675 = DIRECTION ( 'NONE',  ( -1.047444401652940007E-14, 1.000000000000000000, 0.000000000000000000 ) ) ;
#1676 = PRESENTATION_LAYER_ASSIGNMENT (  '', '', ( #4151 ) ) ;
#1677 = ORIENTED_EDGE ( 'NONE', *, *, #4716, .F. ) ;
#1678 = CARTESIAN_POINT ( 'NONE',  ( -2.100000000000034284, 3.249999999999977796, -0.02000000000000000042 ) ) ;
#1679 = MECHANICAL_DESIGN_GEOMETRIC_PRESENTATION_REPRESENTATION (  '', ( #8973 ), #6986 ) ;
#1680 = CARTESIAN_POINT ( 'NONE',  ( 0.3999999999999659384, 3.250000000000003997, -0.02000000000000000042 ) ) ;
#1681 = DIRECTION ( 'NONE',  ( 1.000000000000000000, 0.000000000000000000, 0.000000000000000000 ) ) ;
#1682 = SURFACE_STYLE_FILL_AREA ( #876 ) ;
#1683 = EDGE_LOOP ( 'NONE', ( #2691, #6980, #4303, #4576 ) ) ;
#1684 = DIRECTION ( 'NONE',  ( 5.421010862427523156E-16, 1.000000000000000000, 0.000000000000000000 ) ) ;
#1685 = LINE ( 'NONE', #8359, #7489 ) ;
#1686 =( GEOMETRIC_REPRESENTATION_CONTEXT ( 3 ) GLOBAL_UNCERTAINTY_ASSIGNED_CONTEXT ( ( #2831 ) ) GLOBAL_UNIT_ASSIGNED_CONTEXT ( ( #8073, #8727, #1532 ) ) REPRESENTATION_CONTEXT ( 'NONE', 'WORKASPACE' ) );
#1687 = DIRECTION ( 'NONE',  ( -6.505213034913037648E-15, -1.000000000000000000, -0.000000000000000000 ) ) ;
#1688 = LINE ( 'NONE', #1545, #9403 ) ;
#1689 = CARTESIAN_POINT ( 'NONE',  ( 0.6405734666117708365, -2.882645406916847897, 0.001000000000000000021 ) ) ;
#1690 = ORIENTED_EDGE ( 'NONE', *, *, #868, .F. ) ;
#1691 = CARTESIAN_POINT ( 'NONE',  ( 0.6288202365026442919, -2.807646632669423603, 0.001000000000000000021 ) ) ;
#1692 = CARTESIAN_POINT ( 'NONE',  ( -0.2213945915784914509, -2.774113315977312588, 0.001000000000000000021 ) ) ;
#1693 = MECHANICAL_DESIGN_GEOMETRIC_PRESENTATION_REPRESENTATION (  '', ( #7321 ), #5207 ) ;
#1694 = CARTESIAN_POINT ( 'NONE',  ( 0.5363968895997235364, -3.020102500200047668, -0.000000000000000000 ) ) ;
#1695 = CARTESIAN_POINT ( 'NONE',  ( 0.6233252264363566830, -2.797438778643087876, 0.001000000000000000021 ) ) ;
#1696 = ORIENTED_EDGE ( 'NONE', *, *, #1407, .F. ) ;
#1697 = VERTEX_POINT ( 'NONE', #7409 ) ;
#1698 = VERTEX_POINT ( 'NONE', #268 ) ;
#1699 = FACE_OUTER_BOUND ( 'NONE', #4464, .T. ) ;
#1700 = DIRECTION ( 'NONE',  ( -0.000000000000000000, -0.000000000000000000, -1.000000000000000000 ) ) ;
#1701 = DIRECTION ( 'NONE',  ( -0.000000000000000000, 1.000000000000000000, -0.000000000000000000 ) ) ;
#1702 = EDGE_CURVE ( 'NONE', #2159, #6741, #9009, .T. ) ;
#1703 = DIRECTION ( 'NONE',  ( -0.000000000000000000, -0.000000000000000000, 1.000000000000000000 ) ) ;
#1704 = CARTESIAN_POINT ( 'NONE',  ( 0.5456462061552515008, -3.020033754217711142, -0.000000000000000000 ) ) ;
#1705 = FILL_AREA_STYLE_COLOUR ( '', #6937 ) ;
#1706 = SURFACE_STYLE_FILL_AREA ( #2446 ) ;
#1707 = LINE ( 'NONE', #7700, #2677 ) ;
#1708 = ORIENTED_EDGE ( 'NONE', *, *, #8651, .T. ) ;
#1709 = CARTESIAN_POINT ( 'NONE',  ( 3.250000000000000000, 0.8500000000000000888, -0.02000000000000000042 ) ) ;
#1710 = EDGE_CURVE ( 'NONE', #8430, #1636, #1059, .T. ) ;
#1711 = FILL_AREA_STYLE ('',( #4758 ) ) ;
#1712 = UNCERTAINTY_MEASURE_WITH_UNIT (LENGTH_MEASURE( 1.000000000000000082E-05 ), #2215, 'distance_accuracy_value', 'NONE');
#1713 = CARTESIAN_POINT ( 'NONE',  ( 0.3591122681776059422, -2.749418194026092443, 0.000000000000000000 ) ) ;
#1714 = AXIS2_PLACEMENT_3D ( 'NONE', #7543, #8871, #6117 ) ;
#1715 = PRESENTATION_LAYER_ASSIGNMENT (  '', '', ( #8110 ) ) ;
#1716 = LINE ( 'NONE', #3122, #4493 ) ;
#1717 = CARTESIAN_POINT ( 'NONE',  ( -0.3250000000000000111, -0.3250000000000000111, 0.000000000000000000 ) ) ;
#1718 = VECTOR ( 'NONE', #8593, 1000.000000000000000 ) ;
#1719 = LINE ( 'NONE', #9092, #6783 ) ;
#1720 = ORIENTED_EDGE ( 'NONE', *, *, #7124, .T. ) ;
#1721 = PRESENTATION_LAYER_ASSIGNMENT (  '', '', ( #3577 ) ) ;
#1722 = CARTESIAN_POINT ( 'NONE',  ( 0.6408195852507767576, -2.869692584269995184, 0.001000000000000000021 ) ) ;
#1723 = EDGE_CURVE ( 'NONE', #4557, #3101, #3239, .T. ) ;
#1724 = UNCERTAINTY_MEASURE_WITH_UNIT (LENGTH_MEASURE( 1.000000000000000082E-05 ), #1011, 'distance_accuracy_value', 'NONE');
#1725 = DIRECTION ( 'NONE',  ( -1.000000000000000000, 0.000000000000000000, 0.000000000000000000 ) ) ;
#1726 =( NAMED_UNIT ( * ) PLANE_ANGLE_UNIT ( ) SI_UNIT ( $, .RADIAN. ) );
#1727 = COLOUR_RGB ( '',0.9686274509803921573, 0.8784313725490195957, 0.5999999999999999778 ) ;
#1728 = LINE ( 'NONE', #4581, #1586 ) ;
#1729 = ORIENTED_EDGE ( 'NONE', *, *, #6706, .T. ) ;
#1730 = DIRECTION ( 'NONE',  ( 1.000000000000000000, 6.505213034913023449E-15, 0.000000000000000000 ) ) ;
#1731 = LINE ( 'NONE', #4054, #1404 ) ;
#1732 = COLOUR_RGB ( '',0.9686274509803921573, 0.8784313725490195957, 0.5999999999999999778 ) ;
#1733 = ADVANCED_FACE ( 'NONE', ( #6025 ), #5287, .T. ) ;
#1734 = CARTESIAN_POINT ( 'NONE',  ( -0.8500000000000340616, 3.249999999999991118, -0.02000000000000000042 ) ) ;
#1735 = CARTESIAN_POINT ( 'NONE',  ( 0.5348935181776058867, -2.987223072074873365, 0.001000000000000000021 ) ) ;
#1736 =( NAMED_UNIT ( * ) SI_UNIT ( $, .STERADIAN. ) SOLID_ANGLE_UNIT ( ) );
#1737 = SURFACE_STYLE_USAGE ( .BOTH. , #8271 ) ;
#1738 = CARTESIAN_POINT ( 'NONE',  ( 0.6233252264363566830, -2.797438778643087876, 0.000000000000000000 ) ) ;
#1739 = ORIENTED_EDGE ( 'NONE', *, *, #9202, .F. ) ;
#1740 = VECTOR ( 'NONE', #4875, 1000.000000000000000 ) ;
#1741 = ORIENTED_EDGE ( 'NONE', *, *, #2025, .T. ) ;
#1742 = EDGE_LOOP ( 'NONE', ( #5935, #4234 ) ) ;
#1743 = PRESENTATION_LAYER_ASSIGNMENT (  '', '', ( #987 ) ) ;
#1744 =( NAMED_UNIT ( * ) PLANE_ANGLE_UNIT ( ) SI_UNIT ( $, .RADIAN. ) );
#1745 = DIRECTION ( 'NONE',  ( -0.000000000000000000, -0.000000000000000000, 1.000000000000000000 ) ) ;
#1746 = UNCERTAINTY_MEASURE_WITH_UNIT (LENGTH_MEASURE( 1.000000000000000082E-05 ), #7597, 'distance_accuracy_value', 'NONE');
#1747 = PLANE ( 'NONE',  #2554 ) ;
#1748 = AXIS2_PLACEMENT_3D ( 'NONE', #8308, #4768, #9146 ) ;
#1749 = COLOUR_RGB ( '',0.9686274509803921573, 0.8784313725490195957, 0.5999999999999999778 ) ;
#1750 = UNCERTAINTY_MEASURE_WITH_UNIT (LENGTH_MEASURE( 1.000000000000000082E-05 ), #9401, 'distance_accuracy_value', 'NONE');
#1751 = CARTESIAN_POINT ( 'NONE',  ( 0.1798439754946791203, -3.016491364757799776, 0.001000000000000000021 ) ) ;
#1752 = CARTESIAN_POINT ( 'NONE',  ( 0.5284910791532156926, -2.712832828172434319, 0.000000000000000000 ) ) ;
#1753 = CARTESIAN_POINT ( 'NONE',  ( 0.5980502450196105713, -3.010224573027741712, 0.000000000000000000 ) ) ;
#1754 = CARTESIAN_POINT ( 'NONE',  ( 0.2530147072019962584, -2.881125511099263736, 0.001000000000000000021 ) ) ;
#1755 = VERTEX_POINT ( 'NONE', #352 ) ;
#1756 = CARTESIAN_POINT ( 'NONE',  ( 3.250000000000000000, -2.899999999999999911, -0.02000000000000000042 ) ) ;
#1757 = ORIENTED_EDGE ( 'NONE', *, *, #3207, .T. ) ;
#1758 =( GEOMETRIC_REPRESENTATION_CONTEXT ( 3 ) GLOBAL_UNCERTAINTY_ASSIGNED_CONTEXT ( ( #209 ) ) GLOBAL_UNIT_ASSIGNED_CONTEXT ( ( #8396, #7620, #4387 ) ) REPRESENTATION_CONTEXT ( 'NONE', 'WORKASPACE' ) );
#1759 = DIRECTION ( 'NONE',  ( 1.000000000000000000, 1.047444401652940164E-14, 0.000000000000000000 ) ) ;
#1760 =( LENGTH_UNIT ( ) NAMED_UNIT ( * ) SI_UNIT ( .MILLI., .METRE. ) );
#1761 = LINE ( 'NONE', #2579, #1330 ) ;
#1762 = VECTOR ( 'NONE', #8341, 1000.000000000000000 ) ;
#1763 = PRESENTATION_STYLE_ASSIGNMENT (( #3318 ) ) ;
#1764 = CARTESIAN_POINT ( 'NONE',  ( 0.5135944539073472592, -2.986119337248616112, 0.001000000000000000021 ) ) ;
#1765 = COLOUR_RGB ( '',0.9686274509803921573, 0.8784313725490195957, 0.5999999999999999778 ) ;
#1766 = CARTESIAN_POINT ( 'NONE',  ( 0.3993561706166303127, -3.016491364757799776, 0.001000000000000000021 ) ) ;
#1767 = FILL_AREA_STYLE_COLOUR ( '', #2255 ) ;
#1768 = SURFACE_SIDE_STYLE ('',( #8164 ) ) ;
#1769 = FILL_AREA_STYLE ('',( #4666 ) ) ;
#1770 = EDGE_LOOP ( 'NONE', ( #8078, #9078, #1651, #9004 ) ) ;
#1771 = EDGE_CURVE ( 'NONE', #9318, #6903, #5423, .T. ) ;
#1772 = LINE ( 'NONE', #7577, #5143 ) ;
#1773 = ADVANCED_FACE ( 'NONE', ( #3826 ), #5202, .F. ) ;
#1774 = DIRECTION ( 'NONE',  ( -1.000000000000000000, 0.000000000000000000, -0.000000000000000000 ) ) ;
#1775 = AXIS2_PLACEMENT_3D ( 'NONE', #7783, #2038, #2755 ) ;
#1776 = STYLED_ITEM ( 'NONE', ( #8373 ), #5305 ) ;
#1777 = SURFACE_STYLE_FILL_AREA ( #9144 ) ;
#1778 =( NAMED_UNIT ( * ) PLANE_ANGLE_UNIT ( ) SI_UNIT ( $, .RADIAN. ) );
#1779 =( LENGTH_UNIT ( ) NAMED_UNIT ( * ) SI_UNIT ( .MILLI., .METRE. ) );
#1780 = ORIENTED_EDGE ( 'NONE', *, *, #5172, .F. ) ;
#1781 = EDGE_CURVE ( 'NONE', #6211, #2947, #1642, .T. ) ;
#1782 = CARTESIAN_POINT ( 'NONE',  ( 0.09827004256784986624, -3.016491364757799776, 0.000000000000000000 ) ) ;
#1783 = VECTOR ( 'NONE', #7980, 1000.000000000000000 ) ;
#1784 = CARTESIAN_POINT ( 'NONE',  ( -4.750000000000000000, -2.900000000000000355, -0.02000000000000000042 ) ) ;
#1785 = ADVANCED_FACE ( 'NONE', ( #6304, #2702 ), #4150, .T. ) ;
#1786 = STYLED_ITEM ( 'NONE', ( #3357 ), #3797 ) ;
#1787 = DIRECTION ( 'NONE',  ( -0.000000000000000000, -0.000000000000000000, 1.000000000000000000 ) ) ;
#1788 = SURFACE_STYLE_USAGE ( .BOTH. , #8314 ) ;
#1789 = CARTESIAN_POINT ( 'NONE',  ( 0.5678650563468309320, -2.982969653145802535, 0.001000000000000000021 ) ) ;
#1790 = VERTEX_POINT ( 'NONE', #6906 ) ;
#1791 = CARTESIAN_POINT ( 'NONE',  ( -0.2109906281638573855, -2.774113315977312588, 0.001000000000000000021 ) ) ;
#1792 = DIRECTION ( 'NONE',  ( -1.000000000000000000, 0.000000000000000000, -0.000000000000000000 ) ) ;
#1793 = AXIS2_PLACEMENT_3D ( 'NONE', #3360, #7076, #564 ) ;
#1794 = CARTESIAN_POINT ( 'NONE',  ( 0.6024762326832869830, -2.729708113336110742, 0.001000000000000000021 ) ) ;
#1795 = ORIENTED_EDGE ( 'NONE', *, *, #8251, .F. ) ;
#1796 = ORIENTED_EDGE ( 'NONE', *, *, #1195, .F. ) ;
#1797 = SURFACE_STYLE_FILL_AREA ( #8325 ) ;
#1798 = AXIS2_PLACEMENT_3D ( 'NONE', #7557, #7421, #897 ) ;
#1799 = DIRECTION ( 'NONE',  ( -3.491481338843134144E-15, 1.000000000000000000, 0.000000000000000000 ) ) ;
#1800 = EDGE_CURVE ( 'NONE', #9192, #3170, #4949, .T. ) ;
#1801 = LINE ( 'NONE', #4747, #3126 ) ;
#1802 = CARTESIAN_POINT ( 'NONE',  ( 0.6482523525726866520, -2.767777064601752102, 0.000000000000000000 ) ) ;
#1803 = CARTESIAN_POINT ( 'NONE',  ( 0.6330120495431426075, -2.989168906985424812, 0.000000000000000000 ) ) ;
#1804 = AXIS2_PLACEMENT_3D ( 'NONE', #1886, #3384, #1945 ) ;
#1805 = CARTESIAN_POINT ( 'NONE',  ( -4.750000000000000000, -2.100000000000000089, -0.02000000000000000042 ) ) ;
#1806 = ORIENTED_EDGE ( 'NONE', *, *, #3543, .T. ) ;
#1807 = SURFACE_STYLE_USAGE ( .BOTH. , #9125 ) ;
#1808 = LINE ( 'NONE', #5594, #995 ) ;
#1809 = ORIENTED_EDGE ( 'NONE', *, *, #4606, .F. ) ;
#1810 = LINE ( 'NONE', #6790, #7567 ) ;
#1811 = CARTESIAN_POINT ( 'NONE',  ( 2.099999999999949907, 4.750000000000021316, -0.02000000000000000042 ) ) ;
#1812 = FACE_OUTER_BOUND ( 'NONE', #1295, .T. ) ;
#1813 = UNCERTAINTY_MEASURE_WITH_UNIT (LENGTH_MEASURE( 1.000000000000000082E-05 ), #8899, 'distance_accuracy_value', 'NONE');
#1814 =( NAMED_UNIT ( * ) PLANE_ANGLE_UNIT ( ) SI_UNIT ( $, .RADIAN. ) );
#1815 = CARTESIAN_POINT ( 'NONE',  ( 0.4606504550211349969, -2.969569021255113572, 0.001000000000000000021 ) ) ;
#1816 = LINE ( 'NONE', #6154, #5264 ) ;
#1817 = SURFACE_SIDE_STYLE ('',( #3906 ) ) ;
#1818 = SURFACE_STYLE_USAGE ( .BOTH. , #1672 ) ;
#1819 = ORIENTED_EDGE ( 'NONE', *, *, #5870, .T. ) ;
#1820 = LINE ( 'NONE', #921, #2707 ) ;
#1821 =( NAMED_UNIT ( * ) PLANE_ANGLE_UNIT ( ) SI_UNIT ( $, .RADIAN. ) );
#1822 = MECHANICAL_DESIGN_GEOMETRIC_PRESENTATION_REPRESENTATION (  '', ( #1361 ), #5674 ) ;
#1823 = EDGE_CURVE ( 'NONE', #4823, #3671, #3474, .T. ) ;
#1824 = CARTESIAN_POINT ( 'NONE',  ( -3.250000000000000444, -0.4000000000000000777, -0.02000000000000000042 ) ) ;
#1825 = FACE_OUTER_BOUND ( 'NONE', #1742, .T. ) ;
#1826 = FILL_AREA_STYLE ('',( #7768 ) ) ;
#1827 = ORIENTED_EDGE ( 'NONE', *, *, #6095, .T. ) ;
#1828 = DIRECTION ( 'NONE',  ( -1.000000000000000000, 0.000000000000000000, 0.000000000000000000 ) ) ;
#1829 = CARTESIAN_POINT ( 'NONE',  ( 0.5456462061552515008, -3.020033754217711142, 0.000000000000000000 ) ) ;
#1830 = ORIENTED_EDGE ( 'NONE', *, *, #4615, .F. ) ;
#1831 =( NAMED_UNIT ( * ) PLANE_ANGLE_UNIT ( ) SI_UNIT ( $, .RADIAN. ) );
#1832 = AXIS2_PLACEMENT_3D ( 'NONE', #5818, #1928, #6459 ) ;
#1833 = DIRECTION ( 'NONE',  ( 5.421010862427522170E-16, 1.000000000000000000, 0.000000000000000000 ) ) ;
#1834 = MECHANICAL_DESIGN_GEOMETRIC_PRESENTATION_REPRESENTATION (  '', ( #4442 ), #6244 ) ;
#1835 = EDGE_CURVE ( 'NONE', #1256, #5359, #8149, .T. ) ;
#1836 = VERTEX_POINT ( 'NONE', #5519 ) ;
#1837 =( NAMED_UNIT ( * ) PLANE_ANGLE_UNIT ( ) SI_UNIT ( $, .RADIAN. ) );
#1838 = EDGE_CURVE ( 'NONE', #9312, #8309, #2748, .T. ) ;
#1839 = DIRECTION ( 'NONE',  ( -0.000000000000000000, -0.000000000000000000, -1.000000000000000000 ) ) ;
#1840 = CARTESIAN_POINT ( 'NONE',  ( 0.5749563094532027518, -2.718732757553671053, 0.001000000000000000021 ) ) ;
#1841 = AXIS2_PLACEMENT_3D ( 'NONE', #598, #8517, #4339 ) ;
#1842 = LINE ( 'NONE', #1117, #826 ) ;
#1843 = ORIENTED_EDGE ( 'NONE', *, *, #7346, .F. ) ;
#1844 = ORIENTED_EDGE ( 'NONE', *, *, #6282, .F. ) ;
#1845 = LINE ( 'NONE', #4783, #6490 ) ;
#1846 = CARTESIAN_POINT ( 'NONE',  ( -0.01356480801443438015, -2.813817820319278962, 0.001000000000000000021 ) ) ;
#1847 = CARTESIAN_POINT ( 'NONE',  ( 0.003095880659897171702, -2.785500344776729253, 0.000000000000000000 ) ) ;
#1848 = PRESENTATION_STYLE_ASSIGNMENT (( #7787 ) ) ;
#1849 = LINE ( 'NONE', #322, #3168 ) ;
#1850 = UNCERTAINTY_MEASURE_WITH_UNIT (LENGTH_MEASURE( 1.000000000000000082E-05 ), #3336, 'distance_accuracy_value', 'NONE');
#1851 =( GEOMETRIC_REPRESENTATION_CONTEXT ( 3 ) GLOBAL_UNCERTAINTY_ASSIGNED_CONTEXT ( ( #2186 ) ) GLOBAL_UNIT_ASSIGNED_CONTEXT ( ( #2789, #8588, #8404 ) ) REPRESENTATION_CONTEXT ( 'NONE', 'WORKASPACE' ) );
#1852 = FILL_AREA_STYLE ('',( #7015 ) ) ;
#1853 = COLOUR_RGB ( '',0.9686274509803921573, 0.8784313725490195957, 0.5999999999999999778 ) ;
#1854 = LINE ( 'NONE', #8476, #2978 ) ;
#1855 =( LENGTH_UNIT ( ) NAMED_UNIT ( * ) SI_UNIT ( .MILLI., .METRE. ) );
#1856 = FILL_AREA_STYLE ('',( #419 ) ) ;
#1857 = ORIENTED_EDGE ( 'NONE', *, *, #8587, .F. ) ;
#1858 = CARTESIAN_POINT ( 'NONE',  ( 1.650000000000011458, -3.249999999999994671, 0.000000000000000000 ) ) ;
#1859 = DIRECTION ( 'NONE',  ( -0.000000000000000000, -0.000000000000000000, -1.000000000000000000 ) ) ;
#1860 = ORIENTED_EDGE ( 'NONE', *, *, #5061, .T. ) ;
#1861 = UNCERTAINTY_MEASURE_WITH_UNIT (LENGTH_MEASURE( 1.000000000000000082E-05 ), #2179, 'distance_accuracy_value', 'NONE');
#1862 = FILL_AREA_STYLE ('',( #6332 ) ) ;
#1863 = SURFACE_SIDE_STYLE ('',( #3361 ) ) ;
#1864 = ADVANCED_FACE ( 'NONE', ( #4243 ), #8361, .T. ) ;
#1865 = VERTEX_POINT ( 'NONE', #2074 ) ;
#1866 = CARTESIAN_POINT ( 'NONE',  ( -0.01718887640476395376, -2.902504321437422430, 0.001000000000000000021 ) ) ;
#1867 = EDGE_CURVE ( 'NONE', #7550, #6905, #7970, .T. ) ;
#1868 = FILL_AREA_STYLE_COLOUR ( '', #1604 ) ;
#1869 = CARTESIAN_POINT ( 'NONE',  ( 0.4749839359280766948, -2.976517837850314319, 0.001000000000000000021 ) ) ;
#1870 = CARTESIAN_POINT ( 'NONE',  ( -0.2800455062126377959, -2.932345023294385289, 0.001000000000000000021 ) ) ;
#1871 =( LENGTH_UNIT ( ) NAMED_UNIT ( * ) SI_UNIT ( .MILLI., .METRE. ) );
#1872 = VERTEX_POINT ( 'NONE', #2848 ) ;
#1873 = VECTOR ( 'NONE', #635, 1000.000000000000000 ) ;
#1874 = DIRECTION ( 'NONE',  ( 1.000000000000000000, 0.000000000000000000, 0.000000000000000000 ) ) ;
#1875 =( NAMED_UNIT ( * ) PLANE_ANGLE_UNIT ( ) SI_UNIT ( $, .RADIAN. ) );
#1876 = CARTESIAN_POINT ( 'NONE',  ( 0.000000000000000000, 0.000000000000000000, 0.001000000000000000021 ) ) ;
#1877 = PRESENTATION_STYLE_ASSIGNMENT (( #4145 ) ) ;
#1878 = ORIENTED_EDGE ( 'NONE', *, *, #3200, .T. ) ;
#1879 = PRESENTATION_LAYER_ASSIGNMENT (  '', '', ( #5717 ) ) ;
#1880 = VECTOR ( 'NONE', #6757, 1000.000000000000000 ) ;
#1881 = SURFACE_STYLE_FILL_AREA ( #8402 ) ;
#1882 = CARTESIAN_POINT ( 'NONE',  ( 0.6222357529416699951, -2.997561270599523375, 0.000000000000000000 ) ) ;
#1883 = FILL_AREA_STYLE ('',( #3472 ) ) ;
#1884 = VERTEX_POINT ( 'NONE', #5749 ) ;
#1885 = EDGE_CURVE ( 'NONE', #7271, #211, #7248, .T. ) ;
#1886 = CARTESIAN_POINT ( 'NONE',  ( 2.899999999999990585, 4.099999999999999645, 1.000000000000000000 ) ) ;
#1887 = DIRECTION ( 'NONE',  ( -1.000000000000000000, 0.000000000000000000, 0.000000000000000000 ) ) ;
#1888 = AXIS2_PLACEMENT_3D ( 'NONE', #2616, #5723, #507 ) ;
#1889 = ORIENTED_EDGE ( 'NONE', *, *, #9218, .T. ) ;
#1890 = CARTESIAN_POINT ( 'NONE',  ( 0.5281480913483377337, -2.745759657440726809, 0.000000000000000000 ) ) ;
#1891 = COLOUR_RGB ( '',0.9686274509803921573, 0.8784313725490195957, 0.5999999999999999778 ) ;
#1892 = CARTESIAN_POINT ( 'NONE',  ( -3.250000000000000000, -0.8500000000000000888, -0.02000000000000000042 ) ) ;
#1893 = PRESENTATION_STYLE_ASSIGNMENT (( #1950 ) ) ;
#1894 = DIRECTION ( 'NONE',  ( 1.000000000000000000, 0.000000000000000000, 0.000000000000000000 ) ) ;
#1895 = ORIENTED_EDGE ( 'NONE', *, *, #6702, .T. ) ;
#1896 = VERTEX_POINT ( 'NONE', #7342 ) ;
#1897 = CARTESIAN_POINT ( 'NONE',  ( -5.050000000000002487, 5.049999999999999822, 0.000000000000000000 ) ) ;
#1898 = EDGE_CURVE ( 'NONE', #5755, #6429, #821, .T. ) ;
#1899 = MECHANICAL_DESIGN_GEOMETRIC_PRESENTATION_REPRESENTATION (  '', ( #4505 ), #6886 ) ;
#1900 = VECTOR ( 'NONE', #4682, 1000.000000000000000 ) ;
#1901 = SURFACE_STYLE_USAGE ( .BOTH. , #8419 ) ;
#1902 =( LENGTH_UNIT ( ) NAMED_UNIT ( * ) SI_UNIT ( .MILLI., .METRE. ) );
#1903 = LINE ( 'NONE', #4832, #4240 ) ;
#1904 = EDGE_CURVE ( 'NONE', #4198, #1506, #750, .T. ) ;
#1905 = PRESENTATION_STYLE_ASSIGNMENT (( #8423 ) ) ;
#1906 = EDGE_CURVE ( 'NONE', #6023, #5019, #1442, .T. ) ;
#1907 = DIRECTION ( 'NONE',  ( 0.000000000000000000, 1.000000000000000000, 0.000000000000000000 ) ) ;
#1908 = DIRECTION ( 'NONE',  ( 0.000000000000000000, -0.000000000000000000, 1.000000000000000000 ) ) ;
#1909 = PRESENTATION_STYLE_ASSIGNMENT (( #1130 ) ) ;
#1910 = VECTOR ( 'NONE', #3368, 1000.000000000000000 ) ;
#1911 = EDGE_CURVE ( 'NONE', #2259, #3666, #5364, .T. ) ;
#1912 = ORIENTED_EDGE ( 'NONE', *, *, #5288, .T. ) ;
#1913 =( NAMED_UNIT ( * ) PLANE_ANGLE_UNIT ( ) SI_UNIT ( $, .RADIAN. ) );
#1914 = ADVANCED_FACE ( 'NONE', ( #16 ), #62, .T. ) ;
#1915 = ORIENTED_EDGE ( 'NONE', *, *, #4607, .T. ) ;
#1916 = CARTESIAN_POINT ( 'NONE',  ( 0.5003179252267718757, -2.748319469946274296, 0.000000000000000000 ) ) ;
#1917 = COLOUR_RGB ( '',0.9686274509803921573, 0.8784313725490195957, 0.5999999999999999778 ) ;
#1918 = CARTESIAN_POINT ( 'NONE',  ( 0.06301773016183086218, -2.718684768529917584, 0.000000000000000000 ) ) ;
#1919 = ORIENTED_EDGE ( 'NONE', *, *, #3802, .F. ) ;
#1920 = UNCERTAINTY_MEASURE_WITH_UNIT (LENGTH_MEASURE( 1.000000000000000082E-05 ), #1779, 'distance_accuracy_value', 'NONE');
#1921 = B_SPLINE_CURVE_WITH_KNOTS ( 'NONE', 3,
 ( #6360, #449, #5575, #9066, #8411, #1216, #7780, #3388, #8465, #8366, #6267, #7737, #1794, #4156, #1840, #4780, #7008, #496, #3430 ),
 .UNSPECIFIED., .F., .F.,
 ( 4, 1, 1, 1, 1, 1, 1, 1, 1, 1, 1, 1, 1, 1, 1, 1, 4 ),
 ( 0.000000000000000000, 0.07064371857535321764, 0.1382567155089045596, 0.2033641242175789343, 0.2663240938030558280, 0.3279047615429884766, 0.3887377151730913583, 0.4494235281093024170, 0.5108610114593151730, 0.5720793960475143436, 0.6317344287314451412, 0.6911172105788373488, 0.7503600294901702217, 0.8100329005312619790, 0.8713624508287359793, 0.9344271412311530023, 1.000000000000000000 ),
 .UNSPECIFIED. ) ;
#1922 = CARTESIAN_POINT ( 'NONE',  ( -0.2167642562126378403, -2.753076730611458522, 0.001000000000000000021 ) ) ;
#1923 = CARTESIAN_POINT ( 'NONE',  ( -0.3103999269443450948, -3.016491364757799776, 0.000000000000000000 ) ) ;
#1924 = AXIS2_PLACEMENT_3D ( 'NONE', #8975, #5350, #6817 ) ;
#1925 = CARTESIAN_POINT ( 'NONE',  ( 0.4661895683916110200, -2.972688911334339767, 0.001000000000000000021 ) ) ;
#1926 = CARTESIAN_POINT ( 'NONE',  ( -2.899999999999983480, -4.750000000000010658, -0.02000000000000000042 ) ) ;
#1927 = CARTESIAN_POINT ( 'NONE',  ( -0.06126553178296113844, -2.846646898656049807, 0.001000000000000000021 ) ) ;
#1928 = DIRECTION ( 'NONE',  ( -1.000000000000000000, 9.035018104045871927E-17, 0.000000000000000000 ) ) ;
#1929 = FILL_AREA_STYLE_COLOUR ( '', #937 ) ;
#1930 = ORIENTED_EDGE ( 'NONE', *, *, #7542, .T. ) ;
#1931 = MANIFOLD_SOLID_BREP ( 'ÇÐ³ý-À­Éì2', #8037 ) ;
#1932 = VECTOR ( 'NONE', #1700, 1000.000000000000000 ) ;
#1933 = EDGE_CURVE ( 'NONE', #8048, #911, #5222, .T. ) ;
#1934 = PRESENTATION_LAYER_ASSIGNMENT (  '', '', ( #6326 ) ) ;
#1935 = LINE ( 'NONE', #7723, #461 ) ;
#1936 = PRESENTATION_STYLE_ASSIGNMENT (( #8399 ) ) ;
#1937 = DIRECTION ( 'NONE',  ( 1.000000000000000000, 2.949380252600381138E-15, 0.000000000000000000 ) ) ;
#1938 = EDGE_LOOP ( 'NONE', ( #3030, #8086, #2125, #2242 ) ) ;
#1939 =( GEOMETRIC_REPRESENTATION_CONTEXT ( 3 ) GLOBAL_UNCERTAINTY_ASSIGNED_CONTEXT ( ( #2062 ) ) GLOBAL_UNIT_ASSIGNED_CONTEXT ( ( #6979, #4035, #6235 ) ) REPRESENTATION_CONTEXT ( 'NONE', 'WORKASPACE' ) );
#1940 = CARTESIAN_POINT ( 'NONE',  ( 4.750000000000000000, 2.900000000000000355, 0.000000000000000000 ) ) ;
#1941 = PLANE ( 'NONE',  #6692 ) ;
#1942 = VERTEX_POINT ( 'NONE', #2894 ) ;
#1943 = SURFACE_STYLE_FILL_AREA ( #3525 ) ;
#1944 = PRESENTATION_LAYER_ASSIGNMENT (  '', '', ( #5605 ) ) ;
#1945 = DIRECTION ( 'NONE',  ( -6.505213034913037648E-15, 1.000000000000000000, 0.000000000000000000 ) ) ;
#1946 = VECTOR ( 'NONE', #8238, 1000.000000000000000 ) ;
#1947 = SURFACE_STYLE_FILL_AREA ( #5667 ) ;
#1948 = VERTEX_POINT ( 'NONE', #8910 ) ;
#1949 = CARTESIAN_POINT ( 'NONE',  ( 0.4658608728326150139, -2.760336898401609673, 0.000000000000000000 ) ) ;
#1950 = SURFACE_STYLE_USAGE ( .BOTH. , #2709 ) ;
#1951 = CARTESIAN_POINT ( 'NONE',  ( -3.549999999999999822, 2.899999999999999911, -0.02000000000000000042 ) ) ;
#1952 = VERTEX_POINT ( 'NONE', #6110 ) ;
#1953 = COLOUR_RGB ( '',0.9686274509803921573, 0.8784313725490195957, 0.5999999999999999778 ) ;
#1954 = DIRECTION ( 'NONE',  ( 1.000000000000000000, 1.047444401652940164E-14, 0.000000000000000000 ) ) ;
#1955 = CARTESIAN_POINT ( 'NONE',  ( -0.4000000000000498157, 4.749999999999995559, -0.02000000000000000042 ) ) ;
#1956 = PRESENTATION_STYLE_ASSIGNMENT (( #1223 ) ) ;
#1957 = DIRECTION ( 'NONE',  ( 0.000000000000000000, 1.000000000000000000, 0.000000000000000000 ) ) ;
#1958 = LINE ( 'NONE', #2527, #3794 ) ;
#1959 = CARTESIAN_POINT ( 'NONE',  ( 2.899999999999999023, 2.899999999999999911, 6.299999999999999822 ) ) ;
#1960 = PRESENTATION_LAYER_ASSIGNMENT (  '', '', ( #5176 ) ) ;
#1961 = VECTOR ( 'NONE', #6344, 1000.000000000000000 ) ;
#1962 = SURFACE_SIDE_STYLE ('',( #9223 ) ) ;
#1963 = ORIENTED_EDGE ( 'NONE', *, *, #787, .T. ) ;
#1964 = PRESENTATION_LAYER_ASSIGNMENT (  '', '', ( #4409 ) ) ;
#1965 = VERTEX_POINT ( 'NONE', #2416 ) ;
#1966 = UNCERTAINTY_MEASURE_WITH_UNIT (LENGTH_MEASURE( 1.000000000000000082E-05 ), #2519, 'distance_accuracy_value', 'NONE');
#1967 = FACE_OUTER_BOUND ( 'NONE', #1389, .T. ) ;
#1968 = CARTESIAN_POINT ( 'NONE',  ( 0.03346713914973709070, -2.726191419091444690, 0.001000000000000000021 ) ) ;
#1969 = EDGE_CURVE ( 'NONE', #7391, #8129, #1673, .T. ) ;
#1970 = ADVANCED_FACE ( 'NONE', ( #4619 ), #7002, .F. ) ;
#1971 = EDGE_LOOP ( 'NONE', ( #5184, #1602, #777, #5924 ) ) ;
#1972 = STYLED_ITEM ( 'NONE', ( #1654 ), #4506 ) ;
#1973 = CARTESIAN_POINT ( 'NONE',  ( 0.08367397058184050662, -2.983276204161583678, 0.000000000000000000 ) ) ;
#1974 = EDGE_CURVE ( 'NONE', #7255, #8291, #3227, .T. ) ;
#1975 = CARTESIAN_POINT ( 'NONE',  ( -0.05076071132687982185, -2.925560342401520852, 0.001000000000000000021 ) ) ;
#1976 = DIRECTION ( 'NONE',  ( -0.000000000000000000, -0.000000000000000000, -1.000000000000000000 ) ) ;
#1977 = PRESENTATION_LAYER_ASSIGNMENT (  '', '', ( #7733 ) ) ;
#1978 = DIRECTION ( 'NONE',  ( 1.047444401652940007E-14, -1.000000000000000000, 0.000000000000000000 ) ) ;
#1979 = ORIENTED_EDGE ( 'NONE', *, *, #2967, .F. ) ;
#1980 = CARTESIAN_POINT ( 'NONE',  ( 0.4606504550211349969, -2.969569021255113572, 0.001000000000000000021 ) ) ;
#1981 = SURFACE_STYLE_USAGE ( .BOTH. , #8502 ) ;
#1982 = ORIENTED_EDGE ( 'NONE', *, *, #4207, .T. ) ;
#1983 = ORIENTED_EDGE ( 'NONE', *, *, #1723, .T. ) ;
#1984 = CARTESIAN_POINT ( 'NONE',  ( 3.250000000000000000, 0.8500000000000000888, 0.000000000000000000 ) ) ;
#1985 = PRESENTATION_STYLE_ASSIGNMENT (( #3425 ) ) ;
#1986 = ADVANCED_FACE ( 'NONE', ( #8996 ), #3041, .T. ) ;
#1987 = ORIENTED_EDGE ( 'NONE', *, *, #4137, .T. ) ;
#1988 = FILL_AREA_STYLE_COLOUR ( '', #8131 ) ;
#1989 = CARTESIAN_POINT ( 'NONE',  ( -2.099999999999988542, -3.250000000000007994, 0.000000000000000000 ) ) ;
#1990 = FACE_OUTER_BOUND ( 'NONE', #2853, .T. ) ;
#1991 = PRESENTATION_STYLE_ASSIGNMENT (( #2710 ) ) ;
#1992 = ORIENTED_EDGE ( 'NONE', *, *, #6590, .F. ) ;
#1993 = VECTOR ( 'NONE', #8889, 1000.000000000000000 ) ;
#1994 =( NAMED_UNIT ( * ) SI_UNIT ( $, .STERADIAN. ) SOLID_ANGLE_UNIT ( ) );
#1995 = PLANE ( 'NONE',  #5022 ) ;
#1996 = CARTESIAN_POINT ( 'NONE',  ( 0.3999999999999659384, 3.250000000000003997, 0.000000000000000000 ) ) ;
#1997 = CARTESIAN_POINT ( 'NONE',  ( 4.750000000000000000, 2.100000000000000089, -0.02000000000000000042 ) ) ;
#1998 = VECTOR ( 'NONE', #5851, 1000.000000000000000 ) ;
#1999 = SURFACE_STYLE_FILL_AREA ( #3495 ) ;
#2000 = VECTOR ( 'NONE', #1581, 1000.000000000000000 ) ;
#2001 = FACE_BOUND ( 'NONE', #484, .T. ) ;
#2002 = EDGE_LOOP ( 'NONE', ( #2799, #1447, #4889, #6925 ) ) ;
#2003 = CARTESIAN_POINT ( 'NONE',  ( 0.5094185108288394881, -2.746874486732431286, 0.001000000000000000021 ) ) ;
#2004 = EDGE_LOOP ( 'NONE', ( #2902, #6197, #7195, #7650 ) ) ;
#2005 =( GEOMETRIC_REPRESENTATION_CONTEXT ( 3 ) GLOBAL_UNCERTAINTY_ASSIGNED_CONTEXT ( ( #749 ) ) GLOBAL_UNIT_ASSIGNED_CONTEXT ( ( #6559, #5790, #2160 ) ) REPRESENTATION_CONTEXT ( 'NONE', 'WORKASPACE' ) );
#2006 = CARTESIAN_POINT ( 'NONE',  ( 0.5187138311491881204, -2.745902296655712949, 0.001000000000000000021 ) ) ;
#2007 = AXIS2_PLACEMENT_3D ( 'NONE', #6516, #3624, #8590 ) ;
#2008 = FILL_AREA_STYLE_COLOUR ( '', #1306 ) ;
#2009 = ADVANCED_FACE ( 'NONE', ( #7717 ), #5463, .T. ) ;
#2010 = CARTESIAN_POINT ( 'NONE',  ( 0.006743702593691367625, -2.738656933972565710, 0.000000000000000000 ) ) ;
#2011 =( NAMED_UNIT ( * ) PLANE_ANGLE_UNIT ( ) SI_UNIT ( $, .RADIAN. ) );
#2012 = VECTOR ( 'NONE', #1201, 1000.000000000000000 ) ;
#2013 = PLANE ( 'NONE',  #7797 ) ;
#2014 = EDGE_CURVE ( 'NONE', #7953, #6111, #4764, .T. ) ;
#2015 = CARTESIAN_POINT ( 'NONE',  ( 0.09827004256784986624, -3.016491364757799776, 0.001000000000000000021 ) ) ;
#2016 = DIRECTION ( 'NONE',  ( -3.491481338843133355E-15, 1.000000000000000000, 0.000000000000000000 ) ) ;
#2017 = ORIENTED_EDGE ( 'NONE', *, *, #1203, .F. ) ;
#2018 = CARTESIAN_POINT ( 'NONE',  ( 0.08367397058184050662, -2.983276204161583678, 0.000000000000000000 ) ) ;
#2019 = DIRECTION ( 'NONE',  ( 1.000000000000000000, -0.000000000000000000, -0.000000000000000000 ) ) ;
#2020 = DIRECTION ( 'NONE',  ( -0.000000000000000000, -0.000000000000000000, 1.000000000000000000 ) ) ;
#2021 = ORIENTED_EDGE ( 'NONE', *, *, #4090, .F. ) ;
#2022 =( GEOMETRIC_REPRESENTATION_CONTEXT ( 3 ) GLOBAL_UNCERTAINTY_ASSIGNED_CONTEXT ( ( #9413 ) ) GLOBAL_UNIT_ASSIGNED_CONTEXT ( ( #7776, #8551, #4245 ) ) REPRESENTATION_CONTEXT ( 'NONE', 'WORKASPACE' ) );
#2023 = CARTESIAN_POINT ( 'NONE',  ( 0.6597862725280622120, -2.957721622111992854, 0.000000000000000000 ) ) ;
#2024 = SURFACE_SIDE_STYLE ('',( #9104 ) ) ;
#2025 = EDGE_CURVE ( 'NONE', #5211, #4281, #9140, .T. ) ;
#2026 = ORIENTED_EDGE ( 'NONE', *, *, #7018, .T. ) ;
#2027 = DIRECTION ( 'NONE',  ( 1.000000000000000000, 0.000000000000000000, 0.000000000000000000 ) ) ;
#2028 =( GEOMETRIC_REPRESENTATION_CONTEXT ( 3 ) GLOBAL_UNCERTAINTY_ASSIGNED_CONTEXT ( ( #1510 ) ) GLOBAL_UNIT_ASSIGNED_CONTEXT ( ( #6966, #3204, #3348 ) ) REPRESENTATION_CONTEXT ( 'NONE', 'WORKASPACE' ) );
#2029 = CARTESIAN_POINT ( 'NONE',  ( -0.2167642562126378403, -2.753076730611458522, 0.001000000000000000021 ) ) ;
#2030 = VERTEX_POINT ( 'NONE', #8349 ) ;
#2031 = AXIS2_PLACEMENT_3D ( 'NONE', #4419, #4235, #7866 ) ;
#2032 = LINE ( 'NONE', #8686, #2496 ) ;
#2033 = FILL_AREA_STYLE ('',( #2752 ) ) ;
#2034 = MECHANICAL_DESIGN_GEOMETRIC_PRESENTATION_REPRESENTATION (  '', ( #6288 ), #4804 ) ;
#2035 = CARTESIAN_POINT ( 'NONE',  ( 2.899999999999950173, 4.750000000000030198, 0.000000000000000000 ) ) ;
#2036 = ORIENTED_EDGE ( 'NONE', *, *, #2687, .F. ) ;
#2037 = CARTESIAN_POINT ( 'NONE',  ( -2.099999999999988542, -3.250000000000007994, 0.000000000000000000 ) ) ;
#2038 = DIRECTION ( 'NONE',  ( 2.949380252600381533E-15, -1.000000000000000000, 0.000000000000000000 ) ) ;
#2039 = EDGE_CURVE ( 'NONE', #5740, #2159, #3323, .T. ) ;
#2040 = CARTESIAN_POINT ( 'NONE',  ( 0.03774430483394165120, -2.760425219869667046, 2.117582368135750848E-19 ) ) ;
#2041 = MECHANICAL_DESIGN_GEOMETRIC_PRESENTATION_REPRESENTATION (  '', ( #809 ), #2303 ) ;
#2042 = CARTESIAN_POINT ( 'NONE',  ( -0.05909004870995430286, -2.895701397067207861, 0.000000000000000000 ) ) ;
#2043 =( NAMED_UNIT ( * ) SI_UNIT ( $, .STERADIAN. ) SOLID_ANGLE_UNIT ( ) );
#2044 =( NAMED_UNIT ( * ) SI_UNIT ( $, .STERADIAN. ) SOLID_ANGLE_UNIT ( ) );
#2045 = FACE_BOUND ( 'NONE', #6816, .T. ) ;
#2046 = VECTOR ( 'NONE', #1626, 1000.000000000000000 ) ;
#2047 = PRESENTATION_LAYER_ASSIGNMENT (  '', '', ( #3904 ) ) ;
#2048 = EDGE_LOOP ( 'NONE', ( #7313, #4140, #3928, #3995, #9261, #6116 ) ) ;
#2049 = AXIS2_PLACEMENT_3D ( 'NONE', #6701, #5271, #2989 ) ;
#2050 = CARTESIAN_POINT ( 'NONE',  ( 3.250000000000000444, -2.100000000000000089, -0.02000000000000000042 ) ) ;
#2051 = ORIENTED_EDGE ( 'NONE', *, *, #4194, .T. ) ;
#2052 = LINE ( 'NONE', #9128, #3190 ) ;
#2053 = SURFACE_STYLE_USAGE ( .BOTH. , #5686 ) ;
#2054 = VECTOR ( 'NONE', #8670, 1000.000000000000000 ) ;
#2055 = FILL_AREA_STYLE ('',( #8527 ) ) ;
#2056 = VECTOR ( 'NONE', #4781, 1000.000000000000000 ) ;
#2057 = VECTOR ( 'NONE', #3408, 1000.000000000000000 ) ;
#2058 = CARTESIAN_POINT ( 'NONE',  ( -0.02137553670044278764, -2.863575968416336437, 0.000000000000000000 ) ) ;
#2059 = SURFACE_SIDE_STYLE ('',( #2773 ) ) ;
#2060 = CARTESIAN_POINT ( 'NONE',  ( 0.02017756194002314971, -3.000337453444266611, 0.001000000000000000021 ) ) ;
#2061 = COLOUR_RGB ( '',0.2235294117647058654, 0.2235294117647058654, 0.2235294117647058654 ) ;
#2062 = UNCERTAINTY_MEASURE_WITH_UNIT (LENGTH_MEASURE( 1.000000000000000082E-05 ), #6979, 'distance_accuracy_value', 'NONE');
#2063 = CARTESIAN_POINT ( 'NONE',  ( 0.09518315232394750081, -2.716491364757799953, 0.001000000000000000021 ) ) ;
#2064 = CARTESIAN_POINT ( 'NONE',  ( 0.4849902145089665662, -3.012820023766296096, 0.001000000000000000021 ) ) ;
#2065 = ORIENTED_EDGE ( 'NONE', *, *, #7170, .F. ) ;
#2066 = STYLED_ITEM ( 'NONE', ( #3319 ), #7246 ) ;
#2067 = STYLED_ITEM ( 'NONE', ( #5817 ), #8479 ) ;
#2068 =( NAMED_UNIT ( * ) SI_UNIT ( $, .STERADIAN. ) SOLID_ANGLE_UNIT ( ) );
#2069 = ORIENTED_EDGE ( 'NONE', *, *, #7611, .F. ) ;
#2070 = FILL_AREA_STYLE ('',( #6389 ) ) ;
#2071 = ADVANCED_FACE ( 'NONE', ( #6205 ), #2690, .F. ) ;
#2072 = CARTESIAN_POINT ( 'NONE',  ( 0.6519640484311448603, -2.969153627557259867, 0.001000000000000000021 ) ) ;
#2073 = EDGE_LOOP ( 'NONE', ( #4774, #3789, #5529, #2184 ) ) ;
#2074 = CARTESIAN_POINT ( 'NONE',  ( -2.899999999999992362, 4.099999999999999645, 0.8000000000000000444 ) ) ;
#2075 = EDGE_CURVE ( 'NONE', #211, #8288, #668, .T. ) ;
#2076 = DIRECTION ( 'NONE',  ( 0.000000000000000000, 0.000000000000000000, 1.000000000000000000 ) ) ;
#2077 = PLANE ( 'NONE',  #9011 ) ;
#2078 = EDGE_CURVE ( 'NONE', #3643, #8395, #8577, .T. ) ;
#2079 =( NAMED_UNIT ( * ) PLANE_ANGLE_UNIT ( ) SI_UNIT ( $, .RADIAN. ) );
#2080 = ORIENTED_EDGE ( 'NONE', *, *, #4470, .F. ) ;
#2081 = ORIENTED_EDGE ( 'NONE', *, *, #9154, .T. ) ;
#2082 = DIRECTION ( 'NONE',  ( -0.000000000000000000, -0.000000000000000000, 1.000000000000000000 ) ) ;
#2083 = VECTOR ( 'NONE', #2676, 1000.000000000000000 ) ;
#2084 = ADVANCED_FACE ( 'NONE', ( #3513 ), #5784, .T. ) ;
#2085 = SURFACE_STYLE_USAGE ( .BOTH. , #4433 ) ;
#2086 = VERTEX_POINT ( 'NONE', #763 ) ;
#2087 = MECHANICAL_DESIGN_GEOMETRIC_PRESENTATION_REPRESENTATION (  '', ( #9052 ), #5892 ) ;
#2088 = CARTESIAN_POINT ( 'NONE',  ( 0.6519640484311448603, -2.969153627557259867, 0.001000000000000000021 ) ) ;
#2089 = SURFACE_SIDE_STYLE ('',( #6405 ) ) ;
#2090 = SURFACE_STYLE_USAGE ( .BOTH. , #7207 ) ;
#2091 = PRESENTATION_LAYER_ASSIGNMENT (  '', '', ( #1776 ) ) ;
#2092 = CARTESIAN_POINT ( 'NONE',  ( 0.5629395334007274432, -2.750219300939594103, 0.001000000000000000021 ) ) ;
#2093 = EDGE_LOOP ( 'NONE', ( #7269, #1992, #1806, #3687 ) ) ;
#2094 = VERTEX_POINT ( 'NONE', #6420 ) ;
#2095 = UNCERTAINTY_MEASURE_WITH_UNIT (LENGTH_MEASURE( 1.000000000000000082E-05 ), #436, 'distance_accuracy_value', 'NONE');
#2096 = FILL_AREA_STYLE_COLOUR ( '', #4410 ) ;
#2097 = MECHANICAL_DESIGN_GEOMETRIC_PRESENTATION_REPRESENTATION (  '', ( #1786 ), #2712 ) ;
#2098 = ADVANCED_FACE ( 'NONE', ( #2836 ), #3703, .T. ) ;
#2099 = CARTESIAN_POINT ( 'NONE',  ( 0.08967159310404260175, -2.716614212343574586, 0.000000000000000000 ) ) ;
#2100 = CARTESIAN_POINT ( 'NONE',  ( -0.01707618759245709689, -2.974691442823069742, 0.000000000000000000 ) ) ;
#2101 = DIRECTION ( 'NONE',  ( 0.000000000000000000, -1.000000000000000000, 0.000000000000000000 ) ) ;
#2102 = MECHANICAL_DESIGN_GEOMETRIC_PRESENTATION_REPRESENTATION (  '', ( #7580 ), #4401 ) ;
#2103 = STYLED_ITEM ( 'NONE', ( #9375 ), #4202 ) ;
#2104 =( LENGTH_UNIT ( ) NAMED_UNIT ( * ) SI_UNIT ( .MILLI., .METRE. ) );
#2105 = CARTESIAN_POINT ( 'NONE',  ( 0.04912276795081486902, -3.010905835647171180, 0.001000000000000000021 ) ) ;
#2106 = SURFACE_SIDE_STYLE ('',( #3511 ) ) ;
#2107 = CARTESIAN_POINT ( 'NONE',  ( -0.03664302130330721746, -2.777579079482656699, 0.001000000000000000021 ) ) ;
#2108 = FILL_AREA_STYLE ('',( #8629 ) ) ;
#2109 = ORIENTED_EDGE ( 'NONE', *, *, #1221, .F. ) ;
#2110 =( GEOMETRIC_REPRESENTATION_CONTEXT ( 3 ) GLOBAL_UNCERTAINTY_ASSIGNED_CONTEXT ( ( #9073 ) ) GLOBAL_UNIT_ASSIGNED_CONTEXT ( ( #3350, #2716, #9264 ) ) REPRESENTATION_CONTEXT ( 'NONE', 'WORKASPACE' ) );
#2111 =( NAMED_UNIT ( * ) PLANE_ANGLE_UNIT ( ) SI_UNIT ( $, .RADIAN. ) );
#2112 = VECTOR ( 'NONE', #3235, 1000.000000000000000 ) ;
#2113 = CARTESIAN_POINT ( 'NONE',  ( 0.5284910791532156926, -2.712832828172434319, 0.001000000000000000021 ) ) ;
#2114 = ORIENTED_EDGE ( 'NONE', *, *, #240, .F. ) ;
#2116 = PRESENTATION_LAYER_ASSIGNMENT (  '', '', ( #1200 ) ) ;
#2115 = SURFACE_STYLE_USAGE ( .BOTH. , #3521 ) ;
#2117 = FACE_OUTER_BOUND ( 'NONE', #3980, .T. ) ;
#2118 = VERTEX_POINT ( 'NONE', #7433 ) ;
#2119 = SURFACE_STYLE_USAGE ( .BOTH. , #8642 ) ;
#2120 = FILL_AREA_STYLE_COLOUR ( '', #2859 ) ;
#2121 = ADVANCED_FACE ( 'NONE', ( #7522 ), #4510, .T. ) ;
#2122 = CARTESIAN_POINT ( 'NONE',  ( 0.6369096173517984072, -2.906970726847095676, 0.000000000000000000 ) ) ;
#2123 = B_SPLINE_SURFACE_WITH_KNOTS ( 'NONE', 3, 1, ( 
 ( #4640, #7690 ),
 ( #1173, #4020 ),
 ( #3295, #7504 ),
 ( #282, #989 ),
 ( #320, #6179 ),
 ( #1846, #7637 ),
 ( #3932, #6778 ),
 ( #6087, #4251 ),
 ( #2756, #1222 ),
 ( #4965, #5760 ),
 ( #549, #9214 ),
 ( #8602, #8558 ),
 ( #3582, #2040 ),
 ( #4877, #2714 ),
 ( #4162, #7151 ),
 ( #2803, #7838 ),
 ( #7785, #1309 ),
 ( #455, #3393 ),
 ( #6270, #6317 ) ),
 .UNSPECIFIED., .F., .F., .F.,
 ( 4, 1, 1, 1, 1, 1, 1, 1, 1, 1, 1, 1, 1, 1, 1, 1, 4 ),
 ( 2, 2 ),
 ( 0.000000000000000000, 0.07430379644281459584, 0.1443936103644176128, 0.2104994961032796430, 0.2735426065034680110, 0.3338247445790726298, 0.3925296724085031719, 0.4500874545995843801, 0.5078206115557873934, 0.5654649127768455186, 0.6231487223336187320, 0.6812971927909348135, 0.7409134981565805855, 0.8018557521958576961, 0.8652412377209430794, 0.9309416570467442531, 0.9999999999999998890 ),
 ( 0.000000000000000000, 1.000000000000000000 ),
 .UNSPECIFIED. ) ;
#2124 = DIRECTION ( 'NONE',  ( 1.000000000000000000, 1.047444401652940007E-14, 0.000000000000000000 ) ) ;
#2125 = ORIENTED_EDGE ( 'NONE', *, *, #2191, .F. ) ;
#2126 = ORIENTED_EDGE ( 'NONE', *, *, #7772, .T. ) ;
#2127 = DIRECTION ( 'NONE',  ( 1.000000000000000000, 1.047444401652940007E-14, 0.000000000000000000 ) ) ;
#2128 = LINE ( 'NONE', #2662, #2792 ) ;
#2129 = EDGE_CURVE ( 'NONE', #5740, #7870, #8901, .T. ) ;
#2130 = CARTESIAN_POINT ( 'NONE',  ( -0.06161943913946714424, -2.862718498904141207, 0.000000000000000000 ) ) ;
#2131 = ORIENTED_EDGE ( 'NONE', *, *, #1723, .F. ) ;
#2132 = EDGE_CURVE ( 'NONE', #5174, #3970, #7851, .T. ) ;
#2133 = ORIENTED_EDGE ( 'NONE', *, *, #7536, .T. ) ;
#2134 = FILL_AREA_STYLE_COLOUR ( '', #9324 ) ;
#2135 = SURFACE_SIDE_STYLE ('',( #1318 ) ) ;
#2136 =( NAMED_UNIT ( * ) PLANE_ANGLE_UNIT ( ) SI_UNIT ( $, .RADIAN. ) );
#2137 = ORIENTED_EDGE ( 'NONE', *, *, #7324, .T. ) ;
#2138 = ORIENTED_EDGE ( 'NONE', *, *, #8300, .T. ) ;
#2139 = PLANE ( 'NONE',  #3900 ) ;
#2140 = LINE ( 'NONE', #3498, #84 ) ;
#2141 = FILL_AREA_STYLE_COLOUR ( '', #7133 ) ;
#2142 = CARTESIAN_POINT ( 'NONE',  ( 2.900000000000016787, -4.749999999999989342, -0.02000000000000000042 ) ) ;
#2143 = CARTESIAN_POINT ( 'NONE',  ( -3.250000000000000000, 2.600000000000000089, -0.02000000000000000042 ) ) ;
#2144 = PRESENTATION_LAYER_ASSIGNMENT (  '', '', ( #310 ) ) ;
#2145 = DIRECTION ( 'NONE',  ( -0.000000000000000000, 0.000000000000000000, -1.000000000000000000 ) ) ;
#2146 = COLOUR_RGB ( '',0.2235294117647058654, 0.2235294117647058654, 0.2235294117647058654 ) ;
#2147 = CARTESIAN_POINT ( 'NONE',  ( 0.02017756194002314971, -3.000337453444266611, 0.000000000000000000 ) ) ;
#2148 = DIRECTION ( 'NONE',  ( -0.000000000000000000, -0.000000000000000000, 1.000000000000000000 ) ) ;
#2149 = CARTESIAN_POINT ( 'NONE',  ( -0.01710745121657728310, -2.825007444361972819, 0.001000000000000000021 ) ) ;
#2150 = CARTESIAN_POINT ( 'NONE',  ( 5.049999999999999822, -5.049999999999999822, 0.000000000000000000 ) ) ;
#2151 = COLOUR_RGB ( '',0.6666666666666666297, 0.6980392156862744724, 0.7686274509803920907 ) ;
#2152 = EDGE_CURVE ( 'NONE', #531, #2259, #1621, .T. ) ;
#2153 = B_SPLINE_CURVE_WITH_KNOTS ( 'NONE', 3,
 ( #7735, #5573, #1949, #8408, #6310, #493, #5670, #3339, #1165, #9207, #1890 ),
 .UNSPECIFIED., .F., .F.,
 ( 4, 1, 1, 1, 1, 1, 1, 1, 4 ),
 ( 0.000000000000000000, 0.1252796967356276658, 0.2494199707420526602, 0.3733567994928189693, 0.4966812787822869613, 0.6202029157439828966, 0.7450863201614550402, 0.8712691950190970536, 1.000000000000000000 ),
 .UNSPECIFIED. ) ;
#2154 =( NAMED_UNIT ( * ) PLANE_ANGLE_UNIT ( ) SI_UNIT ( $, .RADIAN. ) );
#2155 = ORIENTED_EDGE ( 'NONE', *, *, #5182, .T. ) ;
#2156 =( LENGTH_UNIT ( ) NAMED_UNIT ( * ) SI_UNIT ( .MILLI., .METRE. ) );
#2157 = CARTESIAN_POINT ( 'NONE',  ( 4.750000000000000000, -1.649999999999999911, 0.000000000000000000 ) ) ;
#2158 = LINE ( 'NONE', #581, #7834 ) ;
#2159 = VERTEX_POINT ( 'NONE', #1666 ) ;
#2160 =( NAMED_UNIT ( * ) SI_UNIT ( $, .STERADIAN. ) SOLID_ANGLE_UNIT ( ) );
#2161 = ORIENTED_EDGE ( 'NONE', *, *, #1885, .F. ) ;
#2162 = SURFACE_STYLE_FILL_AREA ( #5889 ) ;
#2163 = SURFACE_STYLE_FILL_AREA ( #3527 ) ;
#2164 = CARTESIAN_POINT ( 'NONE',  ( 0.6408195852507767576, -2.869692584269995184, 0.000000000000000000 ) ) ;
#2165 = DIRECTION ( 'NONE',  ( -5.421010862427523156E-16, -1.000000000000000000, 0.000000000000000000 ) ) ;
#2166 = CARTESIAN_POINT ( 'NONE',  ( 2.899999999999999911, -2.900000000000000799, 1.000000000000000000 ) ) ;
#2167 = VERTEX_POINT ( 'NONE', #3895 ) ;
#2168 = ORIENTED_EDGE ( 'NONE', *, *, #9202, .T. ) ;
#2169 = CARTESIAN_POINT ( 'NONE',  ( 0.09518315232394750081, -2.716491364757799953, 0.001000000000000000021 ) ) ;
#2170 = EDGE_CURVE ( 'NONE', #6254, #7978, #5360, .T. ) ;
#2171 = CARTESIAN_POINT ( 'NONE',  ( -0.3999999999999886424, -3.250000000000001332, -0.02000000000000000042 ) ) ;
#2172 = APPLICATION_PROTOCOL_DEFINITION ( 'draft international standard', 'automotive_design', 1998, #1521 ) ;
#2173 =( NAMED_UNIT ( * ) SI_UNIT ( $, .STERADIAN. ) SOLID_ANGLE_UNIT ( ) );
#2174 = CARTESIAN_POINT ( 'NONE',  ( 0.5456462061552515008, -3.020033754217711142, 0.001000000000000000021 ) ) ;
#2175 =( GEOMETRIC_REPRESENTATION_CONTEXT ( 3 ) GLOBAL_UNCERTAINTY_ASSIGNED_CONTEXT ( ( #849 ) ) GLOBAL_UNIT_ASSIGNED_CONTEXT ( ( #8031, #7295, #7189 ) ) REPRESENTATION_CONTEXT ( 'NONE', 'WORKASPACE' ) );
#2176 = ORIENTED_EDGE ( 'NONE', *, *, #8365, .T. ) ;
#2177 = DIRECTION ( 'NONE',  ( 0.000000000000000000, -0.000000000000000000, -1.000000000000000000 ) ) ;
#2178 =( LENGTH_UNIT ( ) NAMED_UNIT ( * ) SI_UNIT ( .MILLI., .METRE. ) );
#2179 =( LENGTH_UNIT ( ) NAMED_UNIT ( * ) SI_UNIT ( .MILLI., .METRE. ) );
#2180 = EDGE_CURVE ( 'NONE', #924, #6976, #8294, .T. ) ;
#2181 = CARTESIAN_POINT ( 'NONE',  ( -0.1561125793833695319, -2.932345023294385289, 0.001000000000000000021 ) ) ;
#2182 = ORIENTED_EDGE ( 'NONE', *, *, #8529, .F. ) ;
#2183 = ORIENTED_EDGE ( 'NONE', *, *, #7222, .F. ) ;
#2184 = ORIENTED_EDGE ( 'NONE', *, *, #4226, .T. ) ;
#2185 =( NAMED_UNIT ( * ) PLANE_ANGLE_UNIT ( ) SI_UNIT ( $, .RADIAN. ) );
#2186 = UNCERTAINTY_MEASURE_WITH_UNIT (LENGTH_MEASURE( 1.000000000000000082E-05 ), #2789, 'distance_accuracy_value', 'NONE');
#2187 = VECTOR ( 'NONE', #5752, 1000.000000000000000 ) ;
#2188 =( GEOMETRIC_REPRESENTATION_CONTEXT ( 3 ) GLOBAL_UNCERTAINTY_ASSIGNED_CONTEXT ( ( #2194 ) ) GLOBAL_UNIT_ASSIGNED_CONTEXT ( ( #6426, #2111, #4320 ) ) REPRESENTATION_CONTEXT ( 'NONE', 'WORKASPACE' ) );
#2189 = SURFACE_STYLE_FILL_AREA ( #8189 ) ;
#2190 = VECTOR ( 'NONE', #3114, 1000.000000000000000 ) ;
#2191 = EDGE_CURVE ( 'NONE', #7576, #4929, #4652, .T. ) ;
#2192 = DIRECTION ( 'NONE',  ( -0.000000000000000000, -0.000000000000000000, 1.000000000000000000 ) ) ;
#2193 = LINE ( 'NONE', #5157, #4119 ) ;
#2194 = UNCERTAINTY_MEASURE_WITH_UNIT (LENGTH_MEASURE( 1.000000000000000082E-05 ), #6426, 'distance_accuracy_value', 'NONE');
#2195 = DIRECTION ( 'NONE',  ( 0.000000000000000000, 0.000000000000000000, 1.000000000000000000 ) ) ;
#2196 = EDGE_CURVE ( 'NONE', #1698, #2734, #7442, .T. ) ;
#2197 = CARTESIAN_POINT ( 'NONE',  ( 0.09535464622638649412, -2.749418194026092443, 0.001000000000000000021 ) ) ;
#2198 = UNCERTAINTY_MEASURE_WITH_UNIT (LENGTH_MEASURE( 1.000000000000000082E-05 ), #7591, 'distance_accuracy_value', 'NONE');
#2199 = CARTESIAN_POINT ( 'NONE',  ( 0.09535464622638649412, -2.749418194026092443, 0.001000000000000000021 ) ) ;
#2200 = CARTESIAN_POINT ( 'NONE',  ( 0.6117194241949173161, -2.955594003544417259, 0.001000000000000000021 ) ) ;
#2201 = ADVANCED_FACE ( 'NONE', ( #4129 ), #4846, .F. ) ;
#2202 = LINE ( 'NONE', #5117, #4821 ) ;
#2203 = COLOUR_RGB ( '',0.2235294117647058654, 0.2235294117647058654, 0.2235294117647058654 ) ;
#2204 = FACE_OUTER_BOUND ( 'NONE', #7626, .T. ) ;
#2205 = CARTESIAN_POINT ( 'NONE',  ( 0.5168167669172716305, -3.019057464375464850, 0.000000000000000000 ) ) ;
#2206 = VERTEX_POINT ( 'NONE', #518 ) ;
#2207 = EDGE_CURVE ( 'NONE', #451, #8810, #468, .T. ) ;
#2208 =( NAMED_UNIT ( * ) SI_UNIT ( $, .STERADIAN. ) SOLID_ANGLE_UNIT ( ) );
#2209 = LINE ( 'NONE', #2933, #8499 ) ;
#2210 = VECTOR ( 'NONE', #3578, 1000.000000000000114 ) ;
#2211 = FACE_OUTER_BOUND ( 'NONE', #6678, .T. ) ;
#2212 = STYLED_ITEM ( 'NONE', ( #7129 ), #8128 ) ;
#2213 = CARTESIAN_POINT ( 'NONE',  ( 4.750000000000000000, -0.8499999999999999778, -0.02000000000000000042 ) ) ;
#2214 = ORIENTED_EDGE ( 'NONE', *, *, #4441, .F. ) ;
#2215 =( LENGTH_UNIT ( ) NAMED_UNIT ( * ) SI_UNIT ( .MILLI., .METRE. ) );
#2216 = LINE ( 'NONE', #5887, #604 ) ;
#2217 = ORIENTED_EDGE ( 'NONE', *, *, #4028, .F. ) ;
#2218 = SURFACE_STYLE_FILL_AREA ( #2270 ) ;
#2219 = VECTOR ( 'NONE', #1540, 1000.000000000000000 ) ;
#2220 =( GEOMETRIC_REPRESENTATION_CONTEXT ( 3 ) GLOBAL_UNCERTAINTY_ASSIGNED_CONTEXT ( ( #2962 ) ) GLOBAL_UNIT_ASSIGNED_CONTEXT ( ( #6497, #1323, #8482 ) ) REPRESENTATION_CONTEXT ( 'NONE', 'WORKASPACE' ) );
#2221 = ORIENTED_EDGE ( 'NONE', *, *, #5130, .T. ) ;
#2222 = FACE_OUTER_BOUND ( 'NONE', #7412, .T. ) ;
#2223 = EDGE_CURVE ( 'NONE', #9268, #7730, #8912, .T. ) ;
#2224 =( GEOMETRIC_REPRESENTATION_CONTEXT ( 3 ) GLOBAL_UNCERTAINTY_ASSIGNED_CONTEXT ( ( #4084 ) ) GLOBAL_UNIT_ASSIGNED_CONTEXT ( ( #6548, #8846, #5826 ) ) REPRESENTATION_CONTEXT ( 'NONE', 'WORKASPACE' ) );
#2225 = FILL_AREA_STYLE ('',( #1347 ) ) ;
#2226 = PRESENTATION_STYLE_ASSIGNMENT (( #9347 ) ) ;
#2227 = LINE ( 'NONE', #8034, #4058 ) ;
#2228 = ORIENTED_EDGE ( 'NONE', *, *, #6952, .F. ) ;
#2229 = LINE ( 'NONE', #5135, #3331 ) ;
#2230 = AXIS2_PLACEMENT_3D ( 'NONE', #7199, #3634, #75 ) ;
#2231 = CARTESIAN_POINT ( 'NONE',  ( -2.899999999999988365, -3.250000000000010214, -0.02000000000000000042 ) ) ;
#2232 = CARTESIAN_POINT ( 'NONE',  ( -3.250000000000000444, -1.649999999999999911, 0.000000000000000000 ) ) ;
#2233 = CARTESIAN_POINT ( 'NONE',  ( 0.000000000000000000, 0.000000000000000000, 0.000000000000000000 ) ) ;
#2234 = VECTOR ( 'NONE', #32, 1000.000000000000000 ) ;
#2235 = SURFACE_SIDE_STYLE ('',( #5189 ) ) ;
#2236 = PLANE ( 'NONE',  #4472 ) ;
#2237 =( NAMED_UNIT ( * ) SI_UNIT ( $, .STERADIAN. ) SOLID_ANGLE_UNIT ( ) );
#2238 = VECTOR ( 'NONE', #566, 1000.000000000000000 ) ;
#2239 = FACE_OUTER_BOUND ( 'NONE', #1304, .T. ) ;
#2240 =( NAMED_UNIT ( * ) PLANE_ANGLE_UNIT ( ) SI_UNIT ( $, .RADIAN. ) );
#2241 = ORIENTED_EDGE ( 'NONE', *, *, #2967, .T. ) ;
#2242 = ORIENTED_EDGE ( 'NONE', *, *, #7067, .T. ) ;
#2243 = MECHANICAL_DESIGN_GEOMETRIC_PRESENTATION_REPRESENTATION (  '', ( #9221 ), #5441 ) ;
#2244 = VERTEX_POINT ( 'NONE', #3403 ) ;
#2245 = LINE ( 'NONE', #6684, #3222 ) ;
#2246 =( GEOMETRIC_REPRESENTATION_CONTEXT ( 3 ) GLOBAL_UNCERTAINTY_ASSIGNED_CONTEXT ( ( #5370 ) ) GLOBAL_UNIT_ASSIGNED_CONTEXT ( ( #259, #8215, #6802 ) ) REPRESENTATION_CONTEXT ( 'NONE', 'WORKASPACE' ) );
#2247 = DIRECTION ( 'NONE',  ( -0.3536223923290754967, 0.9353882635801357148, 0.000000000000000000 ) ) ;
#2248 = DIRECTION ( 'NONE',  ( 1.000000000000000000, 2.949380252600381138E-15, 0.000000000000000000 ) ) ;
#2249 = SURFACE_SIDE_STYLE ('',( #8003 ) ) ;
#2250 = VECTOR ( 'NONE', #3707, 1000.000000000000000 ) ;
#2251 = VECTOR ( 'NONE', #5678, 1000.000000000000000 ) ;
#2252 = CARTESIAN_POINT ( 'NONE',  ( -0.03665496759470768945, -2.951901018113343156, 0.000000000000000000 ) ) ;
#2253 = SURFACE_STYLE_USAGE ( .BOTH. , #6648 ) ;
#2254 = SURFACE_SIDE_STYLE ('',( #196 ) ) ;
#2255 = COLOUR_RGB ( '',0.2235294117647058654, 0.2235294117647058654, 0.2235294117647058654 ) ;
#2256 = PRESENTATION_STYLE_ASSIGNMENT (( #6742 ) ) ;
#2257 = CARTESIAN_POINT ( 'NONE',  ( -2.099999999999983213, -4.750000000000007105, -0.02000000000000000042 ) ) ;
#2258 = FILL_AREA_STYLE ('',( #3612 ) ) ;
#2259 = VERTEX_POINT ( 'NONE', #6281 ) ;
#2260 = EDGE_CURVE ( 'NONE', #4543, #7147, #3260, .T. ) ;
#2261 =( LENGTH_UNIT ( ) NAMED_UNIT ( * ) SI_UNIT ( .MILLI., .METRE. ) );
#2262 = VECTOR ( 'NONE', #2704, 1000.000000000000000 ) ;
#2263 = EDGE_CURVE ( 'NONE', #590, #3607, #8486, .T. ) ;
#2264 = MECHANICAL_DESIGN_GEOMETRIC_PRESENTATION_REPRESENTATION (  '', ( #6642 ), #1331 ) ;
#2265 =( LENGTH_UNIT ( ) NAMED_UNIT ( * ) SI_UNIT ( .MILLI., .METRE. ) );
#2266 = LINE ( 'NONE', #8210, #7216 ) ;
#2267 = VERTEX_POINT ( 'NONE', #378 ) ;
#2268 =( NAMED_UNIT ( * ) SI_UNIT ( $, .STERADIAN. ) SOLID_ANGLE_UNIT ( ) );
#2269 = VECTOR ( 'NONE', #5200, 1000.000000000000000 ) ;
#2270 = FILL_AREA_STYLE ('',( #2940 ) ) ;
#2271 = PRESENTATION_STYLE_ASSIGNMENT (( #1534 ) ) ;
#2272 = ORIENTED_EDGE ( 'NONE', *, *, #4301, .T. ) ;
#2273 = DIRECTION ( 'NONE',  ( -1.000000000000000000, 0.000000000000000000, 0.000000000000000000 ) ) ;
#2274 = CARTESIAN_POINT ( 'NONE',  ( 0.4602807930356802579, -2.723753715185611046, 0.001000000000000000021 ) ) ;
#2275 = UNCERTAINTY_MEASURE_WITH_UNIT (LENGTH_MEASURE( 1.000000000000000082E-05 ), #5313, 'distance_accuracy_value', 'NONE');
#2276 = PRESENTATION_STYLE_ASSIGNMENT (( #8172 ) ) ;
#2277 = ORIENTED_EDGE ( 'NONE', *, *, #3214, .F. ) ;
#2278 = CYLINDRICAL_SURFACE ( 'NONE', #1627, 1.000000000000000000 ) ;
#2279 = PRESENTATION_STYLE_ASSIGNMENT (( #1398 ) ) ;
#2280 = DIRECTION ( 'NONE',  ( -1.000000000000000000, 0.000000000000000000, 0.000000000000000000 ) ) ;
#2281 = DIRECTION ( 'NONE',  ( -1.000000000000000000, -9.932342930286647849E-15, 0.000000000000000000 ) ) ;
#2282 = ADVANCED_FACE ( 'NONE', ( #1967 ), #1232, .T. ) ;
#2283 = DIRECTION ( 'NONE',  ( -1.000000000000000000, 5.421010862427523156E-16, 0.000000000000000000 ) ) ;
#2284 = AXIS2_PLACEMENT_3D ( 'NONE', #810, #54, #1297 ) ;
#2285 = CARTESIAN_POINT ( 'NONE',  ( 0.3591122681776059422, -2.983564535489507286, 0.000000000000000000 ) ) ;
#2286 = EDGE_CURVE ( 'NONE', #3089, #3058, #8668, .T. ) ;
#2287 = ORIENTED_EDGE ( 'NONE', *, *, #5668, .T. ) ;
#2288 = CARTESIAN_POINT ( 'NONE',  ( -0.3999999999999886424, -3.250000000000001332, -0.02000000000000000042 ) ) ;
#2289 =( LENGTH_UNIT ( ) NAMED_UNIT ( * ) SI_UNIT ( .MILLI., .METRE. ) );
#2290 = ORIENTED_EDGE ( 'NONE', *, *, #102, .T. ) ;
#2291 = VERTEX_POINT ( 'NONE', #1370 ) ;
#2292 = SURFACE_STYLE_USAGE ( .BOTH. , #7318 ) ;
#2293 = UNCERTAINTY_MEASURE_WITH_UNIT (LENGTH_MEASURE( 1.000000000000000082E-05 ), #927, 'distance_accuracy_value', 'NONE');
#2294 = SURFACE_STYLE_FILL_AREA ( #8942 ) ;
#2295 = AXIS2_PLACEMENT_3D ( 'NONE', #4191, #5565, #1344 ) ;
#2296 = SURFACE_STYLE_FILL_AREA ( #8007 ) ;
#2297 = CARTESIAN_POINT ( 'NONE',  ( 0.6295744832858034545, -2.928529338023933448, 0.001000000000000000021 ) ) ;
#2298 = DIRECTION ( 'NONE',  ( 1.000000000000000000, 1.495451272393802994E-16, -0.000000000000000000 ) ) ;
#2299 = FACE_OUTER_BOUND ( 'NONE', #8552, .T. ) ;
#2300 = ADVANCED_FACE ( 'NONE', ( #9368 ), #2969, .T. ) ;
#2301 = PRESENTATION_STYLE_ASSIGNMENT (( #1249 ) ) ;
#2302 = DIRECTION ( 'NONE',  ( 5.421010862427523156E-16, 1.000000000000000000, 0.000000000000000000 ) ) ;
#2303 =( GEOMETRIC_REPRESENTATION_CONTEXT ( 3 ) GLOBAL_UNCERTAINTY_ASSIGNED_CONTEXT ( ( #4406 ) ) GLOBAL_UNIT_ASSIGNED_CONTEXT ( ( #5970, #1726, #3773 ) ) REPRESENTATION_CONTEXT ( 'NONE', 'WORKASPACE' ) );
#2304 = SURFACE_SIDE_STYLE ('',( #8989 ) ) ;
#2305 = ORIENTED_EDGE ( 'NONE', *, *, #3278, .T. ) ;
#2306 = FILL_AREA_STYLE ('',( #8804 ) ) ;
#2307 = SURFACE_STYLE_USAGE ( .BOTH. , #7334 ) ;
#2308 = VECTOR ( 'NONE', #636, 1000.000000000000000 ) ;
#2309 = EDGE_CURVE ( 'NONE', #5756, #4823, #7274, .T. ) ;
#2310 = ORIENTED_EDGE ( 'NONE', *, *, #7884, .F. ) ;
#2311 = CARTESIAN_POINT ( 'NONE',  ( 3.250000000000000000, -0.3999999999999999667, 0.000000000000000000 ) ) ;
#2312 =( NAMED_UNIT ( * ) SI_UNIT ( $, .STERADIAN. ) SOLID_ANGLE_UNIT ( ) );
#2313 = DIRECTION ( 'NONE',  ( 0.000000000000000000, -0.000000000000000000, 1.000000000000000000 ) ) ;
#2314 = PRESENTATION_LAYER_ASSIGNMENT (  '', '', ( #6841 ) ) ;
#2315 = ORIENTED_EDGE ( 'NONE', *, *, #3988, .F. ) ;
#2316 = ORIENTED_EDGE ( 'NONE', *, *, #2286, .F. ) ;
#2317 = LINE ( 'NONE', #212, #3573 ) ;
#2318 = SURFACE_STYLE_FILL_AREA ( #3139 ) ;
#2320 = EDGE_CURVE ( 'NONE', #5540, #8683, #2874, .T. ) ;
#2319 = LINE ( 'NONE', #8220, #3320 ) ;
#2321 = CARTESIAN_POINT ( 'NONE',  ( -0.2109906281638573855, -2.774113315977312588, 0.001000000000000000021 ) ) ;
#2322 = VERTEX_POINT ( 'NONE', #7220 ) ;
#2323 = EDGE_CURVE ( 'NONE', #5300, #2657, #708, .T. ) ;
#2324 =( NAMED_UNIT ( * ) SI_UNIT ( $, .STERADIAN. ) SOLID_ANGLE_UNIT ( ) );
#2325 = CARTESIAN_POINT ( 'NONE',  ( 0.6806771219632843373, -2.854891104734772256, 0.001000000000000000021 ) ) ;
#2326 = PRESENTATION_STYLE_ASSIGNMENT (( #5048 ) ) ;
#2327 = PRESENTATION_STYLE_ASSIGNMENT (( #933 ) ) ;
#2328 = DIRECTION ( 'NONE',  ( -1.047444401652940007E-14, 1.000000000000000000, 0.000000000000000000 ) ) ;
#2329 = ORIENTED_EDGE ( 'NONE', *, *, #2552, .T. ) ;
#2330 = CARTESIAN_POINT ( 'NONE',  ( 3.250000000000000444, 0.4000000000000000777, -0.02000000000000000042 ) ) ;
#2331 = FILL_AREA_STYLE ('',( #6771 ) ) ;
#2332 = ORIENTED_EDGE ( 'NONE', *, *, #3138, .F. ) ;
#2333 = EDGE_CURVE ( 'NONE', #9224, #7576, #3653, .T. ) ;
#2334 = ORIENTED_EDGE ( 'NONE', *, *, #5016, .F. ) ;
#2335 = DIRECTION ( 'NONE',  ( 0.000000000000000000, -0.000000000000000000, 1.000000000000000000 ) ) ;
#2336 = FILL_AREA_STYLE ('',( #5248 ) ) ;
#2337 = COLOUR_RGB ( '',0.6666666666666666297, 0.6980392156862744724, 0.7686274509803920907 ) ;
#2338 = PRESENTATION_STYLE_ASSIGNMENT (( #5991 ) ) ;
#2339 = CARTESIAN_POINT ( 'NONE',  ( -5.050000000000001599, -5.049999999999999822, 0.8000000000000000444 ) ) ;
#2340 =( NAMED_UNIT ( * ) SI_UNIT ( $, .STERADIAN. ) SOLID_ANGLE_UNIT ( ) );
#2341 = PRESENTATION_LAYER_ASSIGNMENT (  '', '', ( #6416 ) ) ;
#2342 =( NAMED_UNIT ( * ) SI_UNIT ( $, .STERADIAN. ) SOLID_ANGLE_UNIT ( ) );
#2343 = VERTEX_POINT ( 'NONE', #2920 ) ;
#2344 = DIRECTION ( 'NONE',  ( 0.000000000000000000, -0.000000000000000000, -1.000000000000000000 ) ) ;
#2345 = DIRECTION ( 'NONE',  ( -0.000000000000000000, -0.000000000000000000, -1.000000000000000000 ) ) ;
#2346 = VECTOR ( 'NONE', #3716, 1000.000000000000000 ) ;
#2347 = STYLED_ITEM ( 'NONE', ( #6991 ), #5795 ) ;
#2348 = CARTESIAN_POINT ( 'NONE',  ( 0.6407362392957386410, -2.874078945978726818, 0.001000000000000000021 ) ) ;
#2349 =( NAMED_UNIT ( * ) SI_UNIT ( $, .STERADIAN. ) SOLID_ANGLE_UNIT ( ) );
#2350 = VECTOR ( 'NONE', #5922, 1000.000000000000000 ) ;
#2351 = DIRECTION ( 'NONE',  ( -0.000000000000000000, -0.000000000000000000, 1.000000000000000000 ) ) ;
#2352 = CARTESIAN_POINT ( 'NONE',  ( 2.899999999999999023, 2.899999999999999911, 1.000000000000000000 ) ) ;
#2353 = VERTEX_POINT ( 'NONE', #5731 ) ;
#2354 = COLOUR_RGB ( '',0.2235294117647058654, 0.2235294117647058654, 0.2235294117647058654 ) ;
#2355 = CARTESIAN_POINT ( 'NONE',  ( 2.100000000000011635, -3.249999999999992006, 0.000000000000000000 ) ) ;
#2356 = MECHANICAL_DESIGN_GEOMETRIC_PRESENTATION_REPRESENTATION (  '', ( #3737 ), #1111 ) ;
#2357 = VECTOR ( 'NONE', #561, 1000.000000000000000 ) ;
#2358 = FILL_AREA_STYLE ('',( #109 ) ) ;
#2359 = DIRECTION ( 'NONE',  ( 0.000000000000000000, -0.000000000000000000, -1.000000000000000000 ) ) ;
#2360 = DIRECTION ( 'NONE',  ( -1.000000000000000000, 0.000000000000000000, 0.000000000000000000 ) ) ;
#2361 = PLANE ( 'NONE',  #8152 ) ;
#2362 = ORIENTED_EDGE ( 'NONE', *, *, #8557, .T. ) ;
#2363 = PRESENTATION_LAYER_ASSIGNMENT (  '', '', ( #2814 ) ) ;
#2364 = PRESENTATION_LAYER_ASSIGNMENT (  '', '', ( #3437 ) ) ;
#2365 = FILL_AREA_STYLE ('',( #255 ) ) ;
#2366 = PRESENTATION_STYLE_ASSIGNMENT (( #1575 ) ) ;
#2367 = DIRECTION ( 'NONE',  ( -0.000000000000000000, -0.000000000000000000, -1.000000000000000000 ) ) ;
#2368 = ORIENTED_EDGE ( 'NONE', *, *, #2780, .F. ) ;
#2369 = VERTEX_POINT ( 'NONE', #6411 ) ;
#2370 = AXIS2_PLACEMENT_3D ( 'NONE', #4540, #1792, #3785 ) ;
#2371 = CARTESIAN_POINT ( 'NONE',  ( 3.250000000000000000, -1.649999999999999911, 0.000000000000000000 ) ) ;
#2372 = VECTOR ( 'NONE', #4157, 1000.000000000000000 ) ;
#2373 = DIRECTION ( 'NONE',  ( 1.047444401652940164E-14, -1.000000000000000000, 0.000000000000000000 ) ) ;
#2374 = SURFACE_STYLE_FILL_AREA ( #8782 ) ;
#2375 = ORIENTED_EDGE ( 'NONE', *, *, #269, .T. ) ;
#2376 = CARTESIAN_POINT ( 'NONE',  ( 3.250000000000000000, 0.8500000000000000888, -0.02000000000000000042 ) ) ;
#2377 = AXIS2_PLACEMENT_3D ( 'NONE', #2321, #3141, #6072 ) ;
#2378 = CARTESIAN_POINT ( 'NONE',  ( 0.6381442802254901903, -2.756466516795656574, 0.001000000000000000021 ) ) ;
#2379 =( NAMED_UNIT ( * ) PLANE_ANGLE_UNIT ( ) SI_UNIT ( $, .RADIAN. ) );
#2380 = PRESENTATION_LAYER_ASSIGNMENT (  '', '', ( #239 ) ) ;
#2381 = FILL_AREA_STYLE ('',( #5977 ) ) ;
#2382 = EDGE_CURVE ( 'NONE', #4823, #3003, #5821, .T. ) ;
#2383 = DIRECTION ( 'NONE',  ( 5.421010862427522170E-16, 1.000000000000000000, 0.000000000000000000 ) ) ;
#2384 =( GEOMETRIC_REPRESENTATION_CONTEXT ( 3 ) GLOBAL_UNCERTAINTY_ASSIGNED_CONTEXT ( ( #6936 ) ) GLOBAL_UNIT_ASSIGNED_CONTEXT ( ( #158, #6062, #3856 ) ) REPRESENTATION_CONTEXT ( 'NONE', 'WORKASPACE' ) );
#2385 = ADVANCED_FACE ( 'NONE', ( #4405 ), #754, .T. ) ;
#2386 = DIRECTION ( 'NONE',  ( -0.000000000000000000, -0.000000000000000000, -1.000000000000000000 ) ) ;
#2387 = PRESENTATION_STYLE_ASSIGNMENT (( #5194 ) ) ;
#2388 = EDGE_LOOP ( 'NONE', ( #8462, #376, #7196, #6349 ) ) ;
#2389 = ORIENTED_EDGE ( 'NONE', *, *, #1369, .F. ) ;
#2390 = VERTEX_POINT ( 'NONE', #6644 ) ;
#2391 =( NAMED_UNIT ( * ) PLANE_ANGLE_UNIT ( ) SI_UNIT ( $, .RADIAN. ) );
#2392 = SURFACE_SIDE_STYLE ('',( #5989 ) ) ;
#2393 = FACE_OUTER_BOUND ( 'NONE', #8516, .T. ) ;
#2394 = PLANE ( 'NONE',  #2550 ) ;
#2395 = DIRECTION ( 'NONE',  ( -5.421010862427522170E-16, -1.000000000000000000, 0.000000000000000000 ) ) ;
#2396 = VECTOR ( 'NONE', #4645, 1000.000000000000000 ) ;
#2397 = VERTEX_POINT ( 'NONE', #8237 ) ;
#2398 = PRESENTATION_LAYER_ASSIGNMENT (  '', '', ( #8613 ) ) ;
#2399 = CARTESIAN_POINT ( 'NONE',  ( 0.8499999999999658939, 3.250000000000008882, -0.02000000000000000042 ) ) ;
#2400 = CARTESIAN_POINT ( 'NONE',  ( 0.6245596994600802754, -2.938283340280032352, 2.117582368135750848E-19 ) ) ;
#2401 = PRESENTATION_STYLE_ASSIGNMENT (( #1561 ) ) ;
#2402 = AXIS2_PLACEMENT_3D ( 'NONE', #6194, #6932, #7658 ) ;
#2403 = COLOUR_RGB ( '',1.000000000000000000, 0.9372549019607843146, 0.1372549019607843257 ) ;
#2404 =( NAMED_UNIT ( * ) PLANE_ANGLE_UNIT ( ) SI_UNIT ( $, .RADIAN. ) );
#2405 = DIRECTION ( 'NONE',  ( 0.000000000000000000, -1.000000000000000000, 0.000000000000000000 ) ) ;
#2406 = DIRECTION ( 'NONE',  ( -1.000000000000000000, 0.000000000000000000, 0.000000000000000000 ) ) ;
#2407 = B_SPLINE_CURVE_WITH_KNOTS ( 'NONE', 3,
 ( #7987, #2174, #7263, #127, #5722, #7155, #5142, #7203, #5096, #1501, #2088, #4436, #2907, #3002, #784, #3587, #78, #3726, #5763 ),
 .UNSPECIFIED., .F., .F.,
 ( 4, 1, 1, 1, 1, 1, 1, 1, 1, 1, 1, 1, 1, 1, 1, 1, 4 ),
 ( 0.000000000000000000, 0.06783324845577301532, 0.1326555365079038762, 0.1950508840508277941, 0.2555829330687764966, 0.3147998341472894035, 0.3736004728263741526, 0.4325455953267431375, 0.4924306292835655685, 0.5526712559629683996, 0.6125130441881160293, 0.6726102503570065005, 0.7338383693139446384, 0.7965942385677740045, 0.8614497992905724155, 0.9291989423509053880, 0.9999999999999998890 ),
 .UNSPECIFIED. ) ;
#2408 = LINE ( 'NONE', #1713, #2497 ) ;
#2409 = STYLED_ITEM ( 'NONE', ( #6755 ), #2600 ) ;
#2410 = DIRECTION ( 'NONE',  ( 1.000000000000000000, 1.047444401652940007E-14, 0.000000000000000000 ) ) ;
#2411 = FILL_AREA_STYLE ('',( #6747 ) ) ;
#2412 = LINE ( 'NONE', #4617, #5273 ) ;
#2413 = PLANE ( 'NONE',  #5560 ) ;
#2414 = FACE_OUTER_BOUND ( 'NONE', #4029, .T. ) ;
#2415 = PRESENTATION_STYLE_ASSIGNMENT (( #1818 ) ) ;
#2416 = CARTESIAN_POINT ( 'NONE',  ( -0.2213945915784912566, -2.774113315977312144, 0.001000000000000000021 ) ) ;
#2417 = UNCERTAINTY_MEASURE_WITH_UNIT (LENGTH_MEASURE( 1.000000000000000082E-05 ), #7152, 'distance_accuracy_value', 'NONE');
#2418 = VERTEX_POINT ( 'NONE', #8798 ) ;
#2419 = CARTESIAN_POINT ( 'NONE',  ( 3.250000000000000000, 2.100000000000000089, 0.000000000000000000 ) ) ;
#2420 = CARTESIAN_POINT ( 'NONE',  ( 0.5082036486210692594, -2.713518764302259356, 0.001000000000000000021 ) ) ;
#2421 = CARTESIAN_POINT ( 'NONE',  ( -2.100000000000034284, 3.249999999999977796, 0.000000000000000000 ) ) ;
#2422 = DIRECTION ( 'NONE',  ( 0.000000000000000000, -1.000000000000000000, 0.000000000000000000 ) ) ;
#2423 = ORIENTED_EDGE ( 'NONE', *, *, #4789, .F. ) ;
#2424 = MECHANICAL_DESIGN_GEOMETRIC_PRESENTATION_REPRESENTATION (  '', ( #8939 ), #6489 ) ;
#2425 = VECTOR ( 'NONE', #1187, 1000.000000000000000 ) ;
#2426 = DIRECTION ( 'NONE',  ( 0.000000000000000000, 0.000000000000000000, 1.000000000000000000 ) ) ;
#2427 = DIRECTION ( 'NONE',  ( -1.000000000000000000, -9.932342930286647849E-15, 0.000000000000000000 ) ) ;
#2428 = DIRECTION ( 'NONE',  ( 0.000000000000000000, 0.000000000000000000, -1.000000000000000000 ) ) ;
#2429 = EDGE_CURVE ( 'NONE', #8729, #6660, #5864, .T. ) ;
#2430 = MECHANICAL_DESIGN_GEOMETRIC_PRESENTATION_REPRESENTATION (  '', ( #3040 ), #9089 ) ;
#2431 = ORIENTED_EDGE ( 'NONE', *, *, #8079, .F. ) ;
#2432 = CARTESIAN_POINT ( 'NONE',  ( 0.6096058004029661914, -2.779171834309049682, 0.001000000000000000021 ) ) ;
#2433 = CARTESIAN_POINT ( 'NONE',  ( 0.5056803441466676263, -3.017611403359434341, 0.000000000000000000 ) ) ;
#2434 = CARTESIAN_POINT ( 'NONE',  ( 0.6366284796531145318, -2.830404618900133507, 0.000000000000000000 ) ) ;
#2435 = ORIENTED_EDGE ( 'NONE', *, *, #7428, .F. ) ;
#2436 = ORIENTED_EDGE ( 'NONE', *, *, #5113, .F. ) ;
#2437 = EDGE_CURVE ( 'NONE', #4248, #7119, #4553, .T. ) ;
#2438 = CYLINDRICAL_SURFACE ( 'NONE', #1924, 1.000000000000000000 ) ;
#2439 = COLOUR_RGB ( '',0.9686274509803921573, 0.8784313725490195957, 0.5999999999999999778 ) ;
#2440 = CARTESIAN_POINT ( 'NONE',  ( 0.04804343439900235491, -2.756371942058945645, 0.000000000000000000 ) ) ;
#2441 = PRESENTATION_STYLE_ASSIGNMENT (( #6591 ) ) ;
#2442 = DIRECTION ( 'NONE',  ( -0.000000000000000000, -0.000000000000000000, 1.000000000000000000 ) ) ;
#2443 = CARTESIAN_POINT ( 'NONE',  ( -0.2154426326904131939, -2.755212998297924987, 0.001000000000000000021 ) ) ;
#2444 = CARTESIAN_POINT ( 'NONE',  ( 0.6807862358143497161, -2.888225642244425018, 0.000000000000000000 ) ) ;
#2445 = DIRECTION ( 'NONE',  ( 5.421010862427523156E-16, 1.000000000000000000, 0.000000000000000000 ) ) ;
#2446 = FILL_AREA_STYLE ('',( #7698 ) ) ;
#2447 = VERTEX_POINT ( 'NONE', #3019 ) ;
#2448 = FILL_AREA_STYLE_COLOUR ( '', #2768 ) ;
#2449 =( LENGTH_UNIT ( ) NAMED_UNIT ( * ) SI_UNIT ( .MILLI., .METRE. ) );
#2450 = CARTESIAN_POINT ( 'NONE',  ( -2.400000000000001688, -2.399999999999999911, -6.808225099390855739 ) ) ;
#2451 =( GEOMETRIC_REPRESENTATION_CONTEXT ( 3 ) GLOBAL_UNCERTAINTY_ASSIGNED_CONTEXT ( ( #4306 ) ) GLOBAL_UNIT_ASSIGNED_CONTEXT ( ( #40, #8749, #7419 ) ) REPRESENTATION_CONTEXT ( 'NONE', 'WORKASPACE' ) );
#2452 = DIRECTION ( 'NONE',  ( 0.000000000000000000, -1.000000000000000000, 0.000000000000000000 ) ) ;
#2453 = EDGE_CURVE ( 'NONE', #6833, #8440, #8752, .T. ) ;
#2454 = DIRECTION ( 'NONE',  ( -1.000000000000000000, -3.491481338843134144E-15, 0.000000000000000000 ) ) ;
#2455 = VECTOR ( 'NONE', #3296, 1000.000000000000000 ) ;
#2456 = FILL_AREA_STYLE ('',( #5413 ) ) ;
#2457 = CARTESIAN_POINT ( 'NONE',  ( 0.4896070900804860293, -2.715732863438485190, 0.000000000000000000 ) ) ;
#2458 = PLANE ( 'NONE',  #2855 ) ;
#2459 = EDGE_LOOP ( 'NONE', ( #8658, #1809, #4814, #3248 ) ) ;
#2460 = CARTESIAN_POINT ( 'NONE',  ( 0.5339094322441299001, -2.712958895676470306, 0.001000000000000000021 ) ) ;
#2461 = MECHANICAL_DESIGN_GEOMETRIC_PRESENTATION_REPRESENTATION (  '', ( #9279 ), #4453 ) ;
#2462 = ADVANCED_FACE ( 'NONE', ( #140 ), #2394, .T. ) ;
#2463 =( LENGTH_UNIT ( ) NAMED_UNIT ( * ) SI_UNIT ( .MILLI., .METRE. ) );
#2464 = CARTESIAN_POINT ( 'NONE',  ( 0.6369096173517984072, -2.906970726847095676, 0.001000000000000000021 ) ) ;
#2465 = ORIENTED_EDGE ( 'NONE', *, *, #4974, .F. ) ;
#2466 = CARTESIAN_POINT ( 'NONE',  ( 0.6233252264363566830, -2.797438778643087876, 0.001000000000000000021 ) ) ;
#2467 = VECTOR ( 'NONE', #1978, 1000.000000000000000 ) ;
#2468 = DIRECTION ( 'NONE',  ( 0.000000000000000000, 1.000000000000000000, 0.000000000000000000 ) ) ;
#2469 =( NAMED_UNIT ( * ) SI_UNIT ( $, .STERADIAN. ) SOLID_ANGLE_UNIT ( ) );
#2470 = ADVANCED_FACE ( 'NONE', ( #237 ), #1557, .F. ) ;
#2471 = VERTEX_POINT ( 'NONE', #413 ) ;
#2472 = ORIENTED_EDGE ( 'NONE', *, *, #2320, .T. ) ;
#2473 = ORIENTED_EDGE ( 'NONE', *, *, #7587, .T. ) ;
#2474 = SURFACE_SIDE_STYLE ('',( #4784 ) ) ;
#2475 = LINE ( 'NONE', #9117, #4859 ) ;
#2476 = CARTESIAN_POINT ( 'NONE',  ( -1.250000000000000000, -1.320040177041278898E-14, -0.02000000000000000042 ) ) ;
#2477 = DIRECTION ( 'NONE',  ( -1.495451272393802994E-16, 1.000000000000000000, 0.000000000000000000 ) ) ;
#2478 = CARTESIAN_POINT ( 'NONE',  ( -2.099999999999988542, -3.250000000000007994, -0.02000000000000000042 ) ) ;
#2479 = CARTESIAN_POINT ( 'NONE',  ( 0.5284910791532156926, -2.712832828172434319, 0.001000000000000000021 ) ) ;
#2480 = CARTESIAN_POINT ( 'NONE',  ( -0.2124241960335546409, -2.769790222147953340, 0.000000000000000000 ) ) ;
#2481 = EDGE_CURVE ( 'NONE', #7234, #7459, #2475, .T. ) ;
#2482 =( GEOMETRIC_REPRESENTATION_CONTEXT ( 3 ) GLOBAL_UNCERTAINTY_ASSIGNED_CONTEXT ( ( #3063 ) ) GLOBAL_UNIT_ASSIGNED_CONTEXT ( ( #3195, #4632, #3923 ) ) REPRESENTATION_CONTEXT ( 'NONE', 'WORKASPACE' ) );
#2483 = DIRECTION ( 'NONE',  ( -0.000000000000000000, 0.000000000000000000, -1.000000000000000000 ) ) ;
#2484 = EDGE_CURVE ( 'NONE', #6474, #9241, #6224, .T. ) ;
#2485 = MECHANICAL_DESIGN_GEOMETRIC_PRESENTATION_REPRESENTATION (  '', ( #3258 ), #7791 ) ;
#2486 = ORIENTED_EDGE ( 'NONE', *, *, #6772, .T. ) ;
#2487 = DIRECTION ( 'NONE',  ( -1.000000000000000000, 0.000000000000000000, 0.000000000000000000 ) ) ;
#2488 = CARTESIAN_POINT ( 'NONE',  ( -2.100000000000049827, 4.749999999999977796, -0.02000000000000000042 ) ) ;
#2489 = UNCERTAINTY_MEASURE_WITH_UNIT (LENGTH_MEASURE( 1.000000000000000082E-05 ), #5406, 'distance_accuracy_value', 'NONE');
#2490 = AXIS2_PLACEMENT_3D ( 'NONE', #4141, #3372, #1100 ) ;
#2491 = EDGE_CURVE ( 'NONE', #3216, #4905, #3397, .T. ) ;
#2492 = AXIS2_PLACEMENT_3D ( 'NONE', #2231, #6623, #882 ) ;
#2493 = EDGE_CURVE ( 'NONE', #690, #3330, #4072, .T. ) ;
#2494 = PLANE ( 'NONE',  #4838 ) ;
#2495 =( NAMED_UNIT ( * ) SI_UNIT ( $, .STERADIAN. ) SOLID_ANGLE_UNIT ( ) );
#2496 = VECTOR ( 'NONE', #4956, 1000.000000000000000 ) ;
#2497 = VECTOR ( 'NONE', #3807, 1000.000000000000000 ) ;
#2498 = PRESENTATION_STYLE_ASSIGNMENT (( #4718 ) ) ;
#2499 = SURFACE_STYLE_FILL_AREA ( #6704 ) ;
#2500 = SURFACE_SIDE_STYLE ('',( #4520 ) ) ;
#2501 = PRESENTATION_LAYER_ASSIGNMENT (  '', '', ( #6567 ) ) ;
#2502 = DIRECTION ( 'NONE',  ( -1.000000000000000000, 0.000000000000000000, 0.000000000000000000 ) ) ;
#2503 = VECTOR ( 'NONE', #30, 1000.000000000000000 ) ;
#2504 = CARTESIAN_POINT ( 'NONE',  ( -0.005560468622701360795, -2.746746520552238113, 0.000000000000000000 ) ) ;
#2505 = CARTESIAN_POINT ( 'NONE',  ( 0.4606504550211349969, -2.969569021255113572, 0.000000000000000000 ) ) ;
#2506 = ORIENTED_EDGE ( 'NONE', *, *, #3644, .F. ) ;
#2507 = SURFACE_SIDE_STYLE ('',( #5340 ) ) ;
#2508 = CARTESIAN_POINT ( 'NONE',  ( 0.5284910791532156926, -2.712832828172434319, 0.001000000000000000021 ) ) ;
#2509 = CARTESIAN_POINT ( 'NONE',  ( 0.3999999999999501732, 4.750000000000004441, 0.000000000000000000 ) ) ;
#2510 = COLOUR_RGB ( '',0.2235294117647058654, 0.2235294117647058654, 0.2235294117647058654 ) ;
#2511 = EDGE_CURVE ( 'NONE', #4287, #2567, #1958, .T. ) ;
#2512 =( GEOMETRIC_REPRESENTATION_CONTEXT ( 3 ) GLOBAL_UNCERTAINTY_ASSIGNED_CONTEXT ( ( #1513 ) ) GLOBAL_UNIT_ASSIGNED_CONTEXT ( ( #177, #1837, #6859 ) ) REPRESENTATION_CONTEXT ( 'NONE', 'WORKASPACE' ) );
#2513 = SURFACE_SIDE_STYLE ('',( #9010 ) ) ;
#2514 = COLOUR_RGB ( '',0.9686274509803921573, 0.8784313725490195957, 0.5999999999999999778 ) ;
#2515 = CARTESIAN_POINT ( 'NONE',  ( 0.6337259148424844168, -2.918101036200972942, 0.001000000000000000021 ) ) ;
#2516 = ORIENTED_EDGE ( 'NONE', *, *, #2846, .T. ) ;
#2517 = LINE ( 'NONE', #9064, #223 ) ;
#2518 = FILL_AREA_STYLE_COLOUR ( '', #5545 ) ;
#2519 =( LENGTH_UNIT ( ) NAMED_UNIT ( * ) SI_UNIT ( .MILLI., .METRE. ) );
#2520 = DIRECTION ( 'NONE',  ( -1.000000000000000000, 0.000000000000000000, 0.000000000000000000 ) ) ;
#2521 = EDGE_LOOP ( 'NONE', ( #8794, #2781, #5103, #1408 ) ) ;
#2522 = PRESENTATION_LAYER_ASSIGNMENT (  '', '', ( #1282 ) ) ;
#2523 = VERTEX_POINT ( 'NONE', #3352 ) ;
#2524 = PRESENTATION_LAYER_ASSIGNMENT (  '', '', ( #5415 ) ) ;
#2525 = FACE_OUTER_BOUND ( 'NONE', #7187, .T. ) ;
#2526 = CARTESIAN_POINT ( 'NONE',  ( 3.250000000000000444, -0.8499999999999999778, -0.02000000000000000042 ) ) ;
#2527 = CARTESIAN_POINT ( 'NONE',  ( 2.099999999999965894, 3.250000000000022204, -0.02000000000000000042 ) ) ;
#2528 = UNCERTAINTY_MEASURE_WITH_UNIT (LENGTH_MEASURE( 1.000000000000000082E-05 ), #3490, 'distance_accuracy_value', 'NONE');
#2529 = PRESENTATION_STYLE_ASSIGNMENT (( #2571 ) ) ;
#2530 = VECTOR ( 'NONE', #5963, 1000.000000000000000 ) ;
#2531 = CARTESIAN_POINT ( 'NONE',  ( -0.2136662382102970659, -2.764903278780943108, 0.001000000000000000021 ) ) ;
#2532 =( NAMED_UNIT ( * ) PLANE_ANGLE_UNIT ( ) SI_UNIT ( $, .RADIAN. ) );
#2533 = DIRECTION ( 'NONE',  ( 1.000000000000000000, 0.000000000000000000, 0.000000000000000000 ) ) ;
#2534 = ORIENTED_EDGE ( 'NONE', *, *, #4593, .F. ) ;
#2535 = LINE ( 'NONE', #6883, #9344 ) ;
#2536 = VERTEX_POINT ( 'NONE', #4743 ) ;
#2537 = UNCERTAINTY_MEASURE_WITH_UNIT (LENGTH_MEASURE( 1.000000000000000082E-05 ), #4702, 'distance_accuracy_value', 'NONE');
#2538 = COLOUR_RGB ( '',0.9686274509803921573, 0.8784313725490195957, 0.5999999999999999778 ) ;
#2539 = CARTESIAN_POINT ( 'NONE',  ( 0.4578927559824840232, -2.764966974513897835, 0.001000000000000000021 ) ) ;
#2540 = PRESENTATION_STYLE_ASSIGNMENT (( #6333 ) ) ;
#2541 = CARTESIAN_POINT ( 'NONE',  ( -5.050000000000002487, 5.049999999999999822, 0.8000000000000000444 ) ) ;
#2542 =( GEOMETRIC_REPRESENTATION_CONTEXT ( 3 ) GLOBAL_UNCERTAINTY_ASSIGNED_CONTEXT ( ( #6233 ) ) GLOBAL_UNIT_ASSIGNED_CONTEXT ( ( #9297, #2079, #630 ) ) REPRESENTATION_CONTEXT ( 'NONE', 'WORKASPACE' ) );
#2543 = CARTESIAN_POINT ( 'NONE',  ( 0.09701242061663044314, -2.983564535489507286, 0.001000000000000000021 ) ) ;
#2544 = COLOUR_RGB ( '',0.9686274509803921573, 0.8784313725490195957, 0.5999999999999999778 ) ;
#2545 = LINE ( 'NONE', #4852, #9349 ) ;
#2546 = COLOUR_RGB ( '',0.9686274509803921573, 0.8784313725490195957, 0.5999999999999999778 ) ;
#2547 = FACE_OUTER_BOUND ( 'NONE', #2987, .T. ) ;
#2548 = EDGE_CURVE ( 'NONE', #1865, #2086, #1849, .T. ) ;
#2549 = SPHERICAL_SURFACE ( 'NONE', #5193, 1.000000000000000000 ) ;
#2550 = AXIS2_PLACEMENT_3D ( 'NONE', #850, #1514, #4446 ) ;
#2551 = PLANE ( 'NONE',  #2684 ) ;
#2552 = EDGE_CURVE ( 'NONE', #8928, #4978, #1903, .T. ) ;
#2553 = CARTESIAN_POINT ( 'NONE',  ( -3.250000000000000000, 0.3999999999999999667, -0.02000000000000000042 ) ) ;
#2554 = AXIS2_PLACEMENT_3D ( 'NONE', #7423, #7599, #3250 ) ;
#2555 = LINE ( 'NONE', #5472, #5301 ) ;
#2556 = ORIENTED_EDGE ( 'NONE', *, *, #7080, .T. ) ;
#2557 = CARTESIAN_POINT ( 'NONE',  ( -4.770365320521144703, 4.310522442972755996, 0.8000000000000000444 ) ) ;
#2558 = VECTOR ( 'NONE', #2127, 1000.000000000000000 ) ;
#2559 = STYLED_ITEM ( 'NONE', ( #2498 ), #3851 ) ;
#2560 = ORIENTED_EDGE ( 'NONE', *, *, #454, .F. ) ;
#2561 = DIRECTION ( 'NONE',  ( -1.000000000000000000, -9.932342930286647849E-15, 0.000000000000000000 ) ) ;
#2562 = CARTESIAN_POINT ( 'NONE',  ( 2.899999999999999023, 2.899999999999999911, 6.299999999999999822 ) ) ;
#2563 = ORIENTED_EDGE ( 'NONE', *, *, #5011, .F. ) ;
#2564 = SURFACE_STYLE_FILL_AREA ( #936 ) ;
#2565 = CARTESIAN_POINT ( 'NONE',  ( 0.3591122681776059422, -2.749418194026092443, 0.001000000000000000021 ) ) ;
#2566 = ORIENTED_EDGE ( 'NONE', *, *, #7561, .F. ) ;
#2567 = VERTEX_POINT ( 'NONE', #6968 ) ;
#2568 = DIRECTION ( 'NONE',  ( 1.047444401652940164E-14, -1.000000000000000000, 0.000000000000000000 ) ) ;
#2569 = EDGE_CURVE ( 'NONE', #6254, #9405, #9065, .T. ) ;
#2570 = CARTESIAN_POINT ( 'NONE',  ( -0.009043048906411636431, -2.803481518335007472, 0.000000000000000000 ) ) ;
#2571 = SURFACE_STYLE_USAGE ( .BOTH. , #3161 ) ;
#2572 = FACE_BOUND ( 'NONE', #1516, .T. ) ;
#2573 = PRESENTATION_LAYER_ASSIGNMENT (  '', '', ( #290 ) ) ;
#2574 = PLANE ( 'NONE',  #7090 ) ;
#2575 = ORIENTED_EDGE ( 'NONE', *, *, #9023, .T. ) ;
#2576 = SURFACE_STYLE_FILL_AREA ( #292 ) ;
#2577 = CARTESIAN_POINT ( 'NONE',  ( -2.899999999999992806, -3.900000000000000355, 6.299999999999999822 ) ) ;
#2578 = SURFACE_SIDE_STYLE ('',( #333 ) ) ;
#2579 = CARTESIAN_POINT ( 'NONE',  ( 1.649999999999950173, 4.750000000000016875, 0.000000000000000000 ) ) ;
#2580 = ORIENTED_EDGE ( 'NONE', *, *, #3911, .F. ) ;
#2581 = UNCERTAINTY_MEASURE_WITH_UNIT (LENGTH_MEASURE( 1.000000000000000082E-05 ), #4986, 'distance_accuracy_value', 'NONE');
#2582 = FILL_AREA_STYLE ('',( #6891 ) ) ;
#2583 = ADVANCED_FACE ( 'NONE', ( #3395 ), #4023, .F. ) ;
#2584 = DIRECTION ( 'NONE',  ( -0.000000000000000000, -0.000000000000000000, -1.000000000000000000 ) ) ;
#2585 =( NAMED_UNIT ( * ) SI_UNIT ( $, .STERADIAN. ) SOLID_ANGLE_UNIT ( ) );
#2586 =( LENGTH_UNIT ( ) NAMED_UNIT ( * ) SI_UNIT ( .MILLI., .METRE. ) );
#2587 = SURFACE_SIDE_STYLE ('',( #6897 ) ) ;
#2588 = ADVANCED_FACE ( 'NONE', ( #9217 ), #4426, .F. ) ;
#2589 = CARTESIAN_POINT ( 'NONE',  ( 2.899999999999991473, -4.100000000000000533, 0.8000000000000000444 ) ) ;
#2590 = VERTEX_POINT ( 'NONE', #8643 ) ;
#2591 = FACE_OUTER_BOUND ( 'NONE', #7833, .T. ) ;
#2592 =( LENGTH_UNIT ( ) NAMED_UNIT ( * ) SI_UNIT ( .MILLI., .METRE. ) );
#2593 = ORIENTED_EDGE ( 'NONE', *, *, #7238, .T. ) ;
#2594 = CARTESIAN_POINT ( 'NONE',  ( 0.4986794654826581796, -2.714383876917705773, 0.000000000000000000 ) ) ;
#2595 = ADVANCED_FACE ( 'NONE', ( #2941 ), #8776, .F. ) ;
#2596 = COLOUR_RGB ( '',0.9686274509803921573, 0.8784313725490195957, 0.5999999999999999778 ) ;
#2597 = CARTESIAN_POINT ( 'NONE',  ( -0.1662307196272721221, -2.899418194026092355, 0.000000000000000000 ) ) ;
#2598 = MECHANICAL_DESIGN_GEOMETRIC_PRESENTATION_REPRESENTATION (  '', ( #926 ), #5658 ) ;
#2599 = CARTESIAN_POINT ( 'NONE',  ( 4.750000000000000000, 2.100000000000000089, 0.000000000000000000 ) ) ;
#2600 = ADVANCED_FACE ( 'NONE', ( #684 ), #5223, .F. ) ;
#2601 = ORIENTED_EDGE ( 'NONE', *, *, #5964, .T. ) ;
#2602 = CARTESIAN_POINT ( 'NONE',  ( 0.3999999999999659384, 3.250000000000003997, -0.02000000000000000042 ) ) ;
#2603 = EDGE_CURVE ( 'NONE', #2390, #6558, #3274, .T. ) ;
#2604 = CARTESIAN_POINT ( 'NONE',  ( 0.000000000000000000, 0.000000000000000000, 0.000000000000000000 ) ) ;
#2605 =( GEOMETRIC_REPRESENTATION_CONTEXT ( 3 ) GLOBAL_UNCERTAINTY_ASSIGNED_CONTEXT ( ( #2869 ) ) GLOBAL_UNIT_ASSIGNED_CONTEXT ( ( #8235, #9020, #3933 ) ) REPRESENTATION_CONTEXT ( 'NONE', 'WORKASPACE' ) );
#2606 = LINE ( 'NONE', #9110, #7827 ) ;
#2607 = ORIENTED_EDGE ( 'NONE', *, *, #8015, .F. ) ;
#2608 = COLOUR_RGB ( '',0.9686274509803921573, 0.8784313725490195957, 0.5999999999999999778 ) ;
#2609 =( LENGTH_UNIT ( ) NAMED_UNIT ( * ) SI_UNIT ( .MILLI., .METRE. ) );
#2610 =( LENGTH_UNIT ( ) NAMED_UNIT ( * ) SI_UNIT ( .MILLI., .METRE. ) );
#2611 = FACE_OUTER_BOUND ( 'NONE', #136, .T. ) ;
#2612 = CARTESIAN_POINT ( 'NONE',  ( 0.6015044574530875598, -2.771314523132818231, 0.000000000000000000 ) ) ;
#2613 = UNCERTAINTY_MEASURE_WITH_UNIT (LENGTH_MEASURE( 1.000000000000000082E-05 ), #4480, 'distance_accuracy_value', 'NONE');
#2614 = VECTOR ( 'NONE', #5208, 1000.000000000000000 ) ;
#2615 = SURFACE_STYLE_FILL_AREA ( #3353 ) ;
#2616 = CARTESIAN_POINT ( 'NONE',  ( 1.649999999999965938, 3.250000000000017319, -0.02000000000000000042 ) ) ;
#2617 = DIRECTION ( 'NONE',  ( -1.000000000000000000, -3.491481338843133355E-15, 0.000000000000000000 ) ) ;
#2618 = DIRECTION ( 'NONE',  ( 1.000000000000000000, 2.949380252600381533E-15, 0.000000000000000000 ) ) ;
#2619 = CARTESIAN_POINT ( 'NONE',  ( 2.899999999999999023, 2.899999999999999911, 5.299999999999999822 ) ) ;
#2620 = CARTESIAN_POINT ( 'NONE',  ( 2.899999999999992806, -3.900000000000000355, 1.000000000000000000 ) ) ;
#2621 = VERTEX_POINT ( 'NONE', #4668 ) ;
#2622 = PLANE ( 'NONE',  #4829 ) ;
#2623 = ORIENTED_EDGE ( 'NONE', *, *, #4312, .T. ) ;
#2624 = UNCERTAINTY_MEASURE_WITH_UNIT (LENGTH_MEASURE( 1.000000000000000082E-05 ), #7253, 'distance_accuracy_value', 'NONE');
#2625 = LINE ( 'NONE', #5541, #2719 ) ;
#2626 = EDGE_CURVE ( 'NONE', #6614, #5211, #3183, .T. ) ;
#2627 = CARTESIAN_POINT ( 'NONE',  ( -0.06149968877133491635, -2.857280408932846516, 0.001000000000000000021 ) ) ;
#2628 = VERTEX_POINT ( 'NONE', #1722 ) ;
#2629 = CARTESIAN_POINT ( 'NONE',  ( -0.02127200189432375960, -2.868190730867534288, 0.000000000000000000 ) ) ;
#2630 = DIRECTION ( 'NONE',  ( -0.000000000000000000, 0.000000000000000000, -1.000000000000000000 ) ) ;
#2631 = LINE ( 'NONE', #8443, #2964 ) ;
#2632 = DIRECTION ( 'NONE',  ( 0.000000000000000000, -0.000000000000000000, 1.000000000000000000 ) ) ;
#2633 = ORIENTED_EDGE ( 'NONE', *, *, #8805, .T. ) ;
#2634 = STYLED_ITEM ( 'NONE', ( #589 ), #5581 ) ;
#2635 = VECTOR ( 'NONE', #4584, 1000.000000000000000 ) ;
#2636 = CARTESIAN_POINT ( 'NONE',  ( -3.250000000000000444, -1.649999999999999911, -0.02000000000000000042 ) ) ;
#2637 = CARTESIAN_POINT ( 'NONE',  ( 0.08967159310404260175, -2.716614212343574586, -0.000000000000000000 ) ) ;
#2638 = CARTESIAN_POINT ( 'NONE',  ( 0.5033913852728028049, -2.984670871454110141, 0.000000000000000000 ) ) ;
#2639 = DIRECTION ( 'NONE',  ( 0.000000000000000000, 0.000000000000000000, -1.000000000000000000 ) ) ;
#2640 = ORIENTED_EDGE ( 'NONE', *, *, #8135, .T. ) ;
#2641 =( GEOMETRIC_REPRESENTATION_CONTEXT ( 3 ) GLOBAL_UNCERTAINTY_ASSIGNED_CONTEXT ( ( #2198 ) ) GLOBAL_UNIT_ASSIGNED_CONTEXT ( ( #7591, #6912, #358 ) ) REPRESENTATION_CONTEXT ( 'NONE', 'WORKASPACE' ) );
#2642 = AXIS2_PLACEMENT_3D ( 'NONE', #1243, #7039, #6898 ) ;
#2643 = DIRECTION ( 'NONE',  ( -0.000000000000000000, -0.000000000000000000, -1.000000000000000000 ) ) ;
#2644 =( GEOMETRIC_REPRESENTATION_CONTEXT ( 3 ) GLOBAL_UNCERTAINTY_ASSIGNED_CONTEXT ( ( #3946 ) ) GLOBAL_UNIT_ASSIGNED_CONTEXT ( ( #802, #46, #3752 ) ) REPRESENTATION_CONTEXT ( 'NONE', 'WORKASPACE' ) );
#2645 = CARTESIAN_POINT ( 'NONE',  ( 0.6664038371011840045, -2.945462200823789622, 0.001000000000000000021 ) ) ;
#2646 = DIRECTION ( 'NONE',  ( 0.000000000000000000, -0.000000000000000000, 1.000000000000000000 ) ) ;
#2647 = ORIENTED_EDGE ( 'NONE', *, *, #5182, .F. ) ;
#2648 =( NAMED_UNIT ( * ) SI_UNIT ( $, .STERADIAN. ) SOLID_ANGLE_UNIT ( ) );
#2649 = DIRECTION ( 'NONE',  ( -0.000000000000000000, -0.000000000000000000, 1.000000000000000000 ) ) ;
#2650 =( GEOMETRIC_REPRESENTATION_CONTEXT ( 3 ) GLOBAL_UNCERTAINTY_ASSIGNED_CONTEXT ( ( #5159 ) ) GLOBAL_UNIT_ASSIGNED_CONTEXT ( ( #2156, #6383, #2208 ) ) REPRESENTATION_CONTEXT ( 'NONE', 'WORKASPACE' ) );
#2651 = EDGE_LOOP ( 'NONE', ( #1677, #6561, #6637, #401 ) ) ;
#2652 = SURFACE_STYLE_USAGE ( .BOTH. , #4824 ) ;
#2653 = PRESENTATION_LAYER_ASSIGNMENT (  '', '', ( #7652 ) ) ;
#2654 = CARTESIAN_POINT ( 'NONE',  ( -0.2171802650133558554, -2.755382942802756752, 0.000000000000000000 ) ) ;
#2655 = PLANE ( 'NONE',  #3931 ) ;
#2656 = CARTESIAN_POINT ( 'NONE',  ( 0.4000000000000166755, -4.749999999999998224, -0.02000000000000000042 ) ) ;
#2657 = VERTEX_POINT ( 'NONE', #7534 ) ;
#2658 = SURFACE_SIDE_STYLE ('',( #1172 ) ) ;
#2659 = AXIS2_PLACEMENT_3D ( 'NONE', #1180, #9265, #508 ) ;
#2660 = PRESENTATION_LAYER_ASSIGNMENT (  '', '', ( #3127 ) ) ;
#2661 = EDGE_CURVE ( 'NONE', #5445, #3371, #1633, .T. ) ;
#2662 = CARTESIAN_POINT ( 'NONE',  ( -3.250000000000000000, -2.100000000000000089, -0.02000000000000000042 ) ) ;
#2663 = ADVANCED_FACE ( 'NONE', ( #5467 ), #8999, .T. ) ;
#2664 = CARTESIAN_POINT ( 'NONE',  ( -0.05076071132687982185, -2.925560342401520852, 0.000000000000000000 ) ) ;
#2665 = FILL_AREA_STYLE ('',( #1175 ) ) ;
#2666 = FILL_AREA_STYLE_COLOUR ( '', #3942 ) ;
#2667 = EDGE_CURVE ( 'NONE', #7978, #5174, #1820, .T. ) ;
#2668 = PLANE ( 'NONE',  #8123 ) ;
#2669 = AXIS2_PLACEMENT_3D ( 'NONE', #181, #8833, #8185 ) ;
#2670 = LINE ( 'NONE', #557, #665 ) ;
#2671 = FACE_BOUND ( 'NONE', #6944, .T. ) ;
#2672 = ORIENTED_EDGE ( 'NONE', *, *, #4207, .F. ) ;
#2673 = ORIENTED_EDGE ( 'NONE', *, *, #1664, .T. ) ;
#2674 = VECTOR ( 'NONE', #4673, 1000.000000000000000 ) ;
#2675 = CARTESIAN_POINT ( 'NONE',  ( 0.5003179252267718757, -2.748319469946274296, 0.001000000000000000021 ) ) ;
#2676 = DIRECTION ( 'NONE',  ( -1.000000000000000000, 0.000000000000000000, 0.000000000000000000 ) ) ;
#2677 = VECTOR ( 'NONE', #6832, 1000.000000000000000 ) ;
#2678 = DIRECTION ( 'NONE',  ( -0.000000000000000000, -0.000000000000000000, -1.000000000000000000 ) ) ;
#2679 = EDGE_LOOP ( 'NONE', ( #3832, #1979, #7880, #1356 ) ) ;
#2680 = AXIS2_PLACEMENT_3D ( 'NONE', #5459, #6840, #8343 ) ;
#2681 = CARTESIAN_POINT ( 'NONE',  ( 0.03684987419237220618, -2.971412850662325411, 0.001000000000000000021 ) ) ;
#2682 =( NAMED_UNIT ( * ) SI_UNIT ( $, .STERADIAN. ) SOLID_ANGLE_UNIT ( ) );
#2683 =( NAMED_UNIT ( * ) PLANE_ANGLE_UNIT ( ) SI_UNIT ( $, .RADIAN. ) );
#2684 = AXIS2_PLACEMENT_3D ( 'NONE', #742, #3000, #2950 ) ;
#2685 = PLANE ( 'NONE',  #7200 ) ;
#2686 = STYLED_ITEM ( 'NONE', ( #904 ), #3678 ) ;
#2687 = EDGE_CURVE ( 'NONE', #3189, #3770, #1772, .T. ) ;
#2688 = CARTESIAN_POINT ( 'NONE',  ( 3.250000000000000444, 1.649999999999999911, -0.02000000000000000042 ) ) ;
#2689 = PRESENTATION_STYLE_ASSIGNMENT (( #9411 ) ) ;
#2690 = PLANE ( 'NONE',  #8691 ) ;
#2691 = ORIENTED_EDGE ( 'NONE', *, *, #1710, .F. ) ;
#2692 = LINE ( 'NONE', #6850, #349 ) ;
#2693 = STYLED_ITEM ( 'NONE', ( #9320 ), #2385 ) ;
#2694 = STYLED_ITEM ( 'NONE', ( #2226 ), #3253 ) ;
#2695 = CARTESIAN_POINT ( 'NONE',  ( 0.4606504550211349969, -2.969569021255113572, -0.000000000000000000 ) ) ;
#2696 = VERTEX_POINT ( 'NONE', #9049 ) ;
#2697 = CARTESIAN_POINT ( 'NONE',  ( 0.3999999999999501732, 4.750000000000004441, -0.02000000000000000042 ) ) ;
#2698 = COLOUR_RGB ( '',0.9686274509803921573, 0.8784313725490195957, 0.5999999999999999778 ) ;
#2699 = DIRECTION ( 'NONE',  ( -0.000000000000000000, -0.000000000000000000, 1.000000000000000000 ) ) ;
#2700 = FACE_OUTER_BOUND ( 'NONE', #5102, .T. ) ;
#2701 = ORIENTED_EDGE ( 'NONE', *, *, #4746, .F. ) ;
#2702 = FACE_OUTER_BOUND ( 'NONE', #7765, .T. ) ;
#2703 = AXIS2_PLACEMENT_3D ( 'NONE', #5742, #9337, #6428 ) ;
#2704 = DIRECTION ( 'NONE',  ( 5.421010862427522170E-16, 1.000000000000000000, 0.000000000000000000 ) ) ;
#2705 = EDGE_LOOP ( 'NONE', ( #4898, #3447, #9257, #8121 ) ) ;
#2706 = FACE_OUTER_BOUND ( 'NONE', #2093, .T. ) ;
#2707 = VECTOR ( 'NONE', #2502, 1000.000000000000000 ) ;
#2708 = LINE ( 'NONE', #1065, #960 ) ;
#2709 = SURFACE_SIDE_STYLE ('',( #1168 ) ) ;
#2710 = SURFACE_STYLE_USAGE ( .BOTH. , #9209 ) ;
#2711 = ORIENTED_EDGE ( 'NONE', *, *, #2929, .T. ) ;
#2712 =( GEOMETRIC_REPRESENTATION_CONTEXT ( 3 ) GLOBAL_UNCERTAINTY_ASSIGNED_CONTEXT ( ( #1186 ) ) GLOBAL_UNIT_ASSIGNED_CONTEXT ( ( #1305, #328, #5357 ) ) REPRESENTATION_CONTEXT ( 'NONE', 'WORKASPACE' ) );
#2713 = ADVANCED_FACE ( 'NONE', ( #8913 ), #2551, .T. ) ;
#2714 = CARTESIAN_POINT ( 'NONE',  ( 0.04804343439900235491, -2.756371942058945645, 2.117582368135750848E-19 ) ) ;
#2715 = CARTESIAN_POINT ( 'NONE',  ( -0.2157924574321501143, -2.753076730611458522, 0.001000000000000000021 ) ) ;
#2716 =( NAMED_UNIT ( * ) PLANE_ANGLE_UNIT ( ) SI_UNIT ( $, .RADIAN. ) );
#2717 =( LENGTH_UNIT ( ) NAMED_UNIT ( * ) SI_UNIT ( .MILLI., .METRE. ) );
#2718 =( LENGTH_UNIT ( ) NAMED_UNIT ( * ) SI_UNIT ( .MILLI., .METRE. ) );
#2719 = VECTOR ( 'NONE', #8436, 1000.000000000000000 ) ;
#2720 = LINE ( 'NONE', #1358, #8865 ) ;
#2721 =( NAMED_UNIT ( * ) PLANE_ANGLE_UNIT ( ) SI_UNIT ( $, .RADIAN. ) );
#2722 = EDGE_CURVE ( 'NONE', #8836, #2244, #7355, .T. ) ;
#2723 = ORIENTED_EDGE ( 'NONE', *, *, #6882, .T. ) ;
#2724 = CARTESIAN_POINT ( 'NONE',  ( 0.4827060752620407902, -2.753141720121554226, 0.001000000000000000021 ) ) ;
#2725 = PLANE ( 'NONE',  #5424 ) ;
#2726 = COLOUR_RGB ( '',0.9686274509803921573, 0.8784313725490195957, 0.5999999999999999778 ) ;
#2727 = CYLINDRICAL_SURFACE ( 'NONE', #1793, 1.000000000000000000 ) ;
#2728 = VERTEX_POINT ( 'NONE', #3723 ) ;
#2729 =( GEOMETRIC_REPRESENTATION_CONTEXT ( 3 ) GLOBAL_UNCERTAINTY_ASSIGNED_CONTEXT ( ( #8978 ) ) GLOBAL_UNIT_ASSIGNED_CONTEXT ( ( #3780, #4820, #4733 ) ) REPRESENTATION_CONTEXT ( 'NONE', 'WORKASPACE' ) );
#2730 = CARTESIAN_POINT ( 'NONE',  ( -0.02127200189432375960, -2.868190730867534288, 0.001000000000000000021 ) ) ;
#2731 =( NAMED_UNIT ( * ) SI_UNIT ( $, .STERADIAN. ) SOLID_ANGLE_UNIT ( ) );
#2732 = EDGE_CURVE ( 'NONE', #8726, #3196, #7983, .T. ) ;
#2733 = CARTESIAN_POINT ( 'NONE',  ( -2.099999999999988542, -3.250000000000007994, -0.02000000000000000042 ) ) ;
#2734 = VERTEX_POINT ( 'NONE', #5900 ) ;
#2735 = SURFACE_STYLE_FILL_AREA ( #1428 ) ;
#2736 = CARTESIAN_POINT ( 'NONE',  ( 0.3591122681776059422, -2.881125511099263736, 0.000000000000000000 ) ) ;
#2737 = VECTOR ( 'NONE', #8342, 1000.000000000000000 ) ;
#2738 = FILL_AREA_STYLE ('',( #1241 ) ) ;
#2739 = ORIENTED_EDGE ( 'NONE', *, *, #4033, .T. ) ;
#2740 = B_SPLINE_CURVE_WITH_KNOTS ( 'NONE', 3,
 ( #3546, #3448, #4887, #9363, #2724, #7750, #1229, #2003, #7848, #4170, #1321 ),
 .UNSPECIFIED., .F., .F.,
 ( 4, 1, 1, 1, 1, 1, 1, 1, 4 ),
 ( 0.000000000000000000, 0.1252796967356276658, 0.2494199707420526602, 0.3733567994928189693, 0.4966812787822869613, 0.6202029157439828966, 0.7450863201614550402, 0.8712691950190970536, 1.000000000000000000 ),
 .UNSPECIFIED. ) ;
#2741 = PLANE ( 'NONE',  #2031 ) ;
#2742 = EDGE_CURVE ( 'NONE', #438, #1551, #1498, .T. ) ;
#2743 = PRESENTATION_STYLE_ASSIGNMENT (( #7091 ) ) ;
#2744 = ORIENTED_EDGE ( 'NONE', *, *, #7706, .T. ) ;
#2745 =( LENGTH_UNIT ( ) NAMED_UNIT ( * ) SI_UNIT ( .MILLI., .METRE. ) );
#2746 = CARTESIAN_POINT ( 'NONE',  ( 0.6810634876898010726, -2.872150663538287851, 0.001000000000000000021 ) ) ;
#2747 = ORIENTED_EDGE ( 'NONE', *, *, #6820, .F. ) ;
#2748 = LINE ( 'NONE', #1296, #7310 ) ;
#2749 = SURFACE_SIDE_STYLE ('',( #4417 ) ) ;
#2750 = ORIENTED_EDGE ( 'NONE', *, *, #4738, .T. ) ;
#2751 = DIRECTION ( 'NONE',  ( -0.000000000000000000, -0.000000000000000000, 1.000000000000000000 ) ) ;
#2752 = FILL_AREA_STYLE_COLOUR ( '', #3779 ) ;
#2753 = CARTESIAN_POINT ( 'NONE',  ( -3.250000000000000444, -0.4000000000000000777, 0.000000000000000000 ) ) ;
#2754 = ORIENTED_EDGE ( 'NONE', *, *, #2603, .F. ) ;
#2755 = DIRECTION ( 'NONE',  ( 1.000000000000000000, 2.949380252600381533E-15, 0.000000000000000000 ) ) ;
#2756 = CARTESIAN_POINT ( 'NONE',  ( 0.003095880659897171702, -2.785500344776729253, 0.001000000000000000021 ) ) ;
#2757 = PRESENTATION_LAYER_ASSIGNMENT (  '', '', ( #926 ) ) ;
#2758 = CARTESIAN_POINT ( 'NONE',  ( 0.08127359343126804025, -3.016183854766506744, 0.000000000000000000 ) ) ;
#2759 =( LENGTH_UNIT ( ) NAMED_UNIT ( * ) SI_UNIT ( .MILLI., .METRE. ) );
#2760 = DIRECTION ( 'NONE',  ( -1.000000000000000000, 0.000000000000000000, 0.000000000000000000 ) ) ;
#2761 = UNCERTAINTY_MEASURE_WITH_UNIT (LENGTH_MEASURE( 1.000000000000000082E-05 ), #7678, 'distance_accuracy_value', 'NONE');
#2762 = COLOUR_RGB ( '',1.000000000000000000, 1.000000000000000000, 1.000000000000000000 ) ;
#2763 = DIRECTION ( 'NONE',  ( 1.000000000000000000, 0.000000000000000000, 0.000000000000000000 ) ) ;
#2764 = EDGE_LOOP ( 'NONE', ( #3719, #5601, #5042, #8641 ) ) ;
#2765 = CARTESIAN_POINT ( 'NONE',  ( 2.899999999999991918, 2.899999999999999911, 5.299999999999999822 ) ) ;
#2766 = CARTESIAN_POINT ( 'NONE',  ( 0.4607077732149808535, -3.002496359170963025, 0.001000000000000000021 ) ) ;
#2767 = ORIENTED_EDGE ( 'NONE', *, *, #7510, .T. ) ;
#2768 = COLOUR_RGB ( '',0.2235294117647058654, 0.2235294117647058654, 0.2235294117647058654 ) ;
#2769 = LINE ( 'NONE', #4930, #2425 ) ;
#2770 =( NAMED_UNIT ( * ) PLANE_ANGLE_UNIT ( ) SI_UNIT ( $, .RADIAN. ) );
#2771 =( LENGTH_UNIT ( ) NAMED_UNIT ( * ) SI_UNIT ( .MILLI., .METRE. ) );
#2772 = ADVANCED_FACE ( 'NONE', ( #8739 ), #6572, .F. ) ;
#2773 = SURFACE_STYLE_FILL_AREA ( #8624 ) ;
#2774 = ADVANCED_FACE ( 'NONE', ( #3777 ), #1451, .F. ) ;
#2775 = CARTESIAN_POINT ( 'NONE',  ( -0.2800455062126377959, -2.932345023294385289, 0.001000000000000000021 ) ) ;
#2776 = SURFACE_STYLE_USAGE ( .BOTH. , #9373 ) ;
#2777 = DIRECTION ( 'NONE',  ( 1.000000000000000000, -0.000000000000000000, -0.000000000000000000 ) ) ;
#2778 = CARTESIAN_POINT ( 'NONE',  ( 0.4578927559824840232, -3.000942584269995272, 0.001000000000000000021 ) ) ;
#2779 = ORIENTED_EDGE ( 'NONE', *, *, #574, .T. ) ;
#2780 = EDGE_CURVE ( 'NONE', #9318, #5445, #6048, .T. ) ;
#2781 = ORIENTED_EDGE ( 'NONE', *, *, #5025, .F. ) ;
#2782 = DIRECTION ( 'NONE',  ( -0.9406672605435405510, 0.3393303772748776925, 0.000000000000000000 ) ) ;
#2783 = EDGE_CURVE ( 'NONE', #2536, #3733, #6827, .T. ) ;
#2784 = FACE_OUTER_BOUND ( 'NONE', #4577, .T. ) ;
#2785 =( NAMED_UNIT ( * ) PLANE_ANGLE_UNIT ( ) SI_UNIT ( $, .RADIAN. ) );
#2786 = ORIENTED_EDGE ( 'NONE', *, *, #2129, .T. ) ;
#2787 = AXIS2_PLACEMENT_3D ( 'NONE', #7588, #5343, #8878 ) ;
#2788 =( LENGTH_UNIT ( ) NAMED_UNIT ( * ) SI_UNIT ( .MILLI., .METRE. ) );
#2789 =( LENGTH_UNIT ( ) NAMED_UNIT ( * ) SI_UNIT ( .MILLI., .METRE. ) );
#2790 = ORIENTED_EDGE ( 'NONE', *, *, #9195, .F. ) ;
#2791 = SURFACE_STYLE_USAGE ( .BOTH. , #9292 ) ;
#2792 = VECTOR ( 'NONE', #5631, 1000.000000000000000 ) ;
#2793 = SURFACE_STYLE_FILL_AREA ( #7100 ) ;
#2794 = VECTOR ( 'NONE', #7362, 1000.000000000000000 ) ;
#2795 = VECTOR ( 'NONE', #8862, 1000.000000000000000 ) ;
#2796 = CARTESIAN_POINT ( 'NONE',  ( 0.2383805608605327753, -3.016491364757799776, 0.000000000000000000 ) ) ;
#2797 = SURFACE_STYLE_USAGE ( .BOTH. , #5003 ) ;
#2798 = FACE_OUTER_BOUND ( 'NONE', #3524, .T. ) ;
#2799 = ORIENTED_EDGE ( 'NONE', *, *, #4862, .T. ) ;
#2800 = DIRECTION ( 'NONE',  ( 0.000000000000000000, 0.000000000000000000, -1.000000000000000000 ) ) ;
#2801 = CARTESIAN_POINT ( 'NONE',  ( 2.899999999999999023, 2.899999999999999911, 5.299999999999999822 ) ) ;
#2802 = EDGE_CURVE ( 'NONE', #8440, #3812, #8197, .T. ) ;
#2803 = CARTESIAN_POINT ( 'NONE',  ( 0.07054890846258526915, -2.751013895707869583, 0.001000000000000000021 ) ) ;
#2804 = MECHANICAL_DESIGN_GEOMETRIC_PRESENTATION_REPRESENTATION (  '', ( #3276 ), #7348 ) ;
#2805 = MECHANICAL_DESIGN_GEOMETRIC_PRESENTATION_REPRESENTATION (  '', ( #6877 ), #6582 ) ;
#2806 = DIRECTION ( 'NONE',  ( 1.000000000000000000, 2.949380252600381138E-15, 0.000000000000000000 ) ) ;
#2807 = STYLED_ITEM ( 'NONE', ( #265 ), #276 ) ;
#2808 = STYLED_ITEM ( 'NONE', ( #5395 ), #7545 ) ;
#2809 = ORIENTED_EDGE ( 'NONE', *, *, #2491, .F. ) ;
#2810 = CARTESIAN_POINT ( 'NONE',  ( 2.100000000000011635, -3.249999999999992006, 0.000000000000000000 ) ) ;
#2811 = LINE ( 'NONE', #1997, #8428 ) ;
#2812 =( LENGTH_UNIT ( ) NAMED_UNIT ( * ) SI_UNIT ( .MILLI., .METRE. ) );
#2813 = EDGE_LOOP ( 'NONE', ( #3561, #9147, #6636, #2744 ) ) ;
#2814 = STYLED_ITEM ( 'NONE', ( #744 ), #890 ) ;
#2815 = STYLED_ITEM ( 'NONE', ( #3427 ), #6318 ) ;
#2816 = ORIENTED_EDGE ( 'NONE', *, *, #7235, .T. ) ;
#2817 =( NAMED_UNIT ( * ) PLANE_ANGLE_UNIT ( ) SI_UNIT ( $, .RADIAN. ) );
#2818 = SURFACE_STYLE_FILL_AREA ( #3648 ) ;
#2819 = ORIENTED_EDGE ( 'NONE', *, *, #1664, .F. ) ;
#2820 = DIRECTION ( 'NONE',  ( 0.000000000000000000, -1.000000000000000000, 0.000000000000000000 ) ) ;
#2821 = DIRECTION ( 'NONE',  ( 1.807003620809174385E-16, 1.000000000000000000, 0.000000000000000000 ) ) ;
#2822 = STYLED_ITEM ( 'NONE', ( #4438 ), #899 ) ;
#2823 = CARTESIAN_POINT ( 'NONE',  ( -0.05908484747271971343, -2.831140498329974164, 0.000000000000000000 ) ) ;
#2824 = PRESENTATION_LAYER_ASSIGNMENT (  '', '', ( #3602 ) ) ;
#2825 = APPLICATION_CONTEXT ( 'automotive_design' ) ;
#2826 = CIRCLE ( 'NONE', #233, 1.000000000000000000 ) ;
#2827 = CARTESIAN_POINT ( 'NONE',  ( 0.002469039114930167943, -2.943825477926420575, 0.001000000000000000021 ) ) ;
#2828 = DIRECTION ( 'NONE',  ( 1.000000000000000000, 0.000000000000000000, 0.000000000000000000 ) ) ;
#2829 = FACE_OUTER_BOUND ( 'NONE', #8922, .T. ) ;
#2830 = CARTESIAN_POINT ( 'NONE',  ( 0.006886008762042548741, -2.993127155745622936, 0.001000000000000000021 ) ) ;
#2831 = UNCERTAINTY_MEASURE_WITH_UNIT (LENGTH_MEASURE( 1.000000000000000082E-05 ), #8073, 'distance_accuracy_value', 'NONE');
#2832 = FACE_OUTER_BOUND ( 'NONE', #9409, .T. ) ;
#2833 = MECHANICAL_DESIGN_GEOMETRIC_PRESENTATION_REPRESENTATION (  '', ( #4068 ), #6011 ) ;
#2834 = EDGE_CURVE ( 'NONE', #2418, #3048, #3060, .T. ) ;
#2835 = CARTESIAN_POINT ( 'NONE',  ( -0.005560468622701360795, -2.746746520552238113, 0.001000000000000000021 ) ) ;
#2836 = FACE_OUTER_BOUND ( 'NONE', #5101, .T. ) ;
#2837 = ORIENTED_EDGE ( 'NONE', *, *, #2152, .T. ) ;
#2838 = B_SPLINE_CURVE_WITH_KNOTS ( 'NONE', 3,
 ( #5297, #6033, #180, #938, #8933, #1027, #2433, #8184, #5383, #1694, #3055 ),
 .UNSPECIFIED., .F., .F.,
 ( 4, 1, 1, 1, 1, 1, 1, 1, 4 ),
 ( 0.000000000000000000, 0.1124483899087998645, 0.2265276752126770821, 0.3444019493260278009, 0.4658649724874584508, 0.5916594493521163400, 0.7221684870248870070, 0.8586063875549251323, 1.000000000000000000 ),
 .UNSPECIFIED. ) ;
#2839 = CARTESIAN_POINT ( 'NONE',  ( 0.04738719028682065321, -2.975926536875061146, 0.000000000000000000 ) ) ;
#2840 = COLOUR_RGB ( '',0.6666666666666666297, 0.6980392156862744724, 0.7686274509803920907 ) ;
#2841 = PRESENTATION_LAYER_ASSIGNMENT (  '', '', ( #1146 ) ) ;
#2842 = FILL_AREA_STYLE ('',( #6901 ) ) ;
#2843 = EDGE_CURVE ( 'NONE', #35, #6805, #5355, .T. ) ;
#2844 = ORIENTED_EDGE ( 'NONE', *, *, #7510, .F. ) ;
#2845 = MECHANICAL_DESIGN_GEOMETRIC_PRESENTATION_REPRESENTATION (  '', ( #2993 ), #7840 ) ;
#2846 = EDGE_CURVE ( 'NONE', #2343, #8803, #7514, .T. ) ;
#2847 = ORIENTED_EDGE ( 'NONE', *, *, #8814, .T. ) ;
#2848 = CARTESIAN_POINT ( 'NONE',  ( 2.899999999999949729, 4.750000000000030198, 0.000000000000000000 ) ) ;
#2849 =( GEOMETRIC_REPRESENTATION_CONTEXT ( 3 ) GLOBAL_UNCERTAINTY_ASSIGNED_CONTEXT ( ( #8216 ) ) GLOBAL_UNIT_ASSIGNED_CONTEXT ( ( #7602, #2934, #1659 ) ) REPRESENTATION_CONTEXT ( 'NONE', 'WORKASPACE' ) );
#2850 =( LENGTH_UNIT ( ) NAMED_UNIT ( * ) SI_UNIT ( .MILLI., .METRE. ) );
#2851 =( GEOMETRIC_REPRESENTATION_CONTEXT ( 3 ) GLOBAL_UNCERTAINTY_ASSIGNED_CONTEXT ( ( #1861 ) ) GLOBAL_UNIT_ASSIGNED_CONTEXT ( ( #2179, #1458, #4394 ) ) REPRESENTATION_CONTEXT ( 'NONE', 'WORKASPACE' ) );
#2852 = ORIENTED_EDGE ( 'NONE', *, *, #6467, .T. ) ;
#2853 = EDGE_LOOP ( 'NONE', ( #150, #7938, #1564, #6494, #3228 ) ) ;
#2854 = PRESENTATION_LAYER_ASSIGNMENT (  '', '', ( #8311 ) ) ;
#2855 = AXIS2_PLACEMENT_3D ( 'NONE', #1876, #4863, #482 ) ;
#2856 = CARTESIAN_POINT ( 'NONE',  ( 0.8200878779337035240, -2.983564535489507286, 0.001000000000000000021 ) ) ;
#2857 = CARTESIAN_POINT ( 'NONE',  ( 0.03426469447877678043, -3.006228609728184953, 0.000000000000000000 ) ) ;
#2858 = FILL_AREA_STYLE ('',( #695 ) ) ;
#2859 = COLOUR_RGB ( '',0.9686274509803921573, 0.8784313725490195957, 0.5999999999999999778 ) ;
#2860 = DIRECTION ( 'NONE',  ( -9.932342930286647849E-15, 1.000000000000000000, 0.000000000000000000 ) ) ;
#2861 = PRESENTATION_LAYER_ASSIGNMENT (  '', '', ( #6929 ) ) ;
#2862 = CARTESIAN_POINT ( 'NONE',  ( -4.750000000000000000, -0.8500000000000000888, -0.02000000000000000042 ) ) ;
#2863 = CARTESIAN_POINT ( 'NONE',  ( -4.520365320521144703, 4.310522442972755996, 0.7990000000000000435 ) ) ;
#2864 = ORIENTED_EDGE ( 'NONE', *, *, #6208, .T. ) ;
#2865 = ORIENTED_EDGE ( 'NONE', *, *, #6635, .T. ) ;
#2866 = EDGE_CURVE ( 'NONE', #8129, #1256, #3179, .T. ) ;
#2867 = EDGE_LOOP ( 'NONE', ( #7353, #6440, #4528, #1570 ) ) ;
#2868 = FILL_AREA_STYLE ('',( #8664 ) ) ;
#2869 = UNCERTAINTY_MEASURE_WITH_UNIT (LENGTH_MEASURE( 1.000000000000000082E-05 ), #8235, 'distance_accuracy_value', 'NONE');
#2870 =( LENGTH_UNIT ( ) NAMED_UNIT ( * ) SI_UNIT ( .MILLI., .METRE. ) );
#2871 = PLANE ( 'NONE',  #1371 ) ;
#2872 = CARTESIAN_POINT ( 'NONE',  ( -3.900000000000000799, 2.899999999999993250, 6.299999999999999822 ) ) ;
#2873 = VECTOR ( 'NONE', #595, 1000.000000000000000 ) ;
#2874 = LINE ( 'NONE', #2143, #101 ) ;
#2875 = CARTESIAN_POINT ( 'NONE',  ( 0.03426469447877678043, -3.006228609728184953, 0.000000000000000000 ) ) ;
#2876 = CARTESIAN_POINT ( 'NONE',  ( 3.899999999999999023, 2.899999999999992806, 6.299999999999999822 ) ) ;
#2877 = STYLED_ITEM ( 'NONE', ( #951 ), #4255 ) ;
#2878 = DIRECTION ( 'NONE',  ( 1.000000000000000000, 1.047444401652940164E-14, 0.000000000000000000 ) ) ;
#2879 = CARTESIAN_POINT ( 'NONE',  ( 0.2383805608605327753, -2.983564535489507286, 0.001000000000000000021 ) ) ;
#2880 = ORIENTED_EDGE ( 'NONE', *, *, #2170, .F. ) ;
#2881 = CARTESIAN_POINT ( 'NONE',  ( 4.099999999999998757, 2.899999999999992806, 1.000000000000000000 ) ) ;
#2882 = SURFACE_STYLE_FILL_AREA ( #3029 ) ;
#2883 = ORIENTED_EDGE ( 'NONE', *, *, #1657, .F. ) ;
#2884 = AXIS2_PLACEMENT_3D ( 'NONE', #7640, #5633, #3488 ) ;
#2885 = EDGE_LOOP ( 'NONE', ( #3042, #6537, #2155, #7697 ) ) ;
#2886 = SURFACE_SIDE_STYLE ('',( #5075 ) ) ;
#2887 = VECTOR ( 'NONE', #4583, 1000.000000000000000 ) ;
#2888 = EDGE_CURVE ( 'NONE', #1275, #420, #5314, .T. ) ;
#2889 = PRESENTATION_STYLE_ASSIGNMENT (( #9382 ) ) ;
#2890 = LINE ( 'NONE', #5788, #5267 ) ;
#2891 = VERTEX_POINT ( 'NONE', #5256 ) ;
#2892 = STYLED_ITEM ( 'NONE', ( #6077 ), #4663 ) ;
#2893 = EDGE_LOOP ( 'NONE', ( #8414, #4179, #2287, #5971 ) ) ;
#2894 = CARTESIAN_POINT ( 'NONE',  ( 4.750000000000000000, 0.8500000000000000888, 0.000000000000000000 ) ) ;
#2895 = FILL_AREA_STYLE ('',( #8120 ) ) ;
#2896 = ADVANCED_FACE ( 'NONE', ( #5950 ), #1038, .F. ) ;
#2897 = FILL_AREA_STYLE ('',( #628 ) ) ;
#2898 = CARTESIAN_POINT ( 'NONE',  ( 0.6245596994600802754, -2.938283340280032352, 0.000000000000000000 ) ) ;
#2899 = CARTESIAN_POINT ( 'NONE',  ( -3.250000000000000000, 0.3999999999999999667, -0.02000000000000000042 ) ) ;
#2900 = ADVANCED_FACE ( 'NONE', ( #2045, #2572, #4884, #3396, #8521, #559, #9122, #9168, #4025, #2001, #6972, #509, #3445, #6325, #4123, #5590, #7696, #4077, #7071, #6923, #2671, #417, #8478, #4925, #3496, #7844, #462 ), #4168, .F. ) ;
#2901 = EDGE_LOOP ( 'NONE', ( #5332, #7541, #1757, #2673 ) ) ;
#2902 = ORIENTED_EDGE ( 'NONE', *, *, #868, .T. ) ;
#2903 = EDGE_CURVE ( 'NONE', #9241, #9200, #5682, .T. ) ;
#2904 = FILL_AREA_STYLE_COLOUR ( '', #200 ) ;
#2905 = DIRECTION ( 'NONE',  ( -5.421010862427522170E-16, -1.000000000000000000, 0.000000000000000000 ) ) ;
#2906 = PLANE ( 'NONE',  #4580 ) ;
#2907 = CARTESIAN_POINT ( 'NONE',  ( 0.6664038371011840045, -2.945462200823789622, 0.001000000000000000021 ) ) ;
#2908 = ADVANCED_FACE ( 'NONE', ( #6186 ), #9075, .F. ) ;
#2909 = ORIENTED_EDGE ( 'NONE', *, *, #2333, .T. ) ;
#2910 = SURFACE_SIDE_STYLE ('',( #8087 ) ) ;
#2911 = DIRECTION ( 'NONE',  ( -1.000000000000000000, 5.421010862427523156E-16, 0.000000000000000000 ) ) ;
#2912 =( LENGTH_UNIT ( ) NAMED_UNIT ( * ) SI_UNIT ( .MILLI., .METRE. ) );
#2913 = ORIENTED_EDGE ( 'NONE', *, *, #1823, .T. ) ;
#2914 = ORIENTED_EDGE ( 'NONE', *, *, #1898, .F. ) ;
#2915 =( NAMED_UNIT ( * ) SI_UNIT ( $, .STERADIAN. ) SOLID_ANGLE_UNIT ( ) );
#2916 = DIRECTION ( 'NONE',  ( 3.491481338843133355E-15, -1.000000000000000000, 0.000000000000000000 ) ) ;
#2917 = ADVANCED_FACE ( 'NONE', ( #2239 ), #3683, .T. ) ;
#2918 = FILL_AREA_STYLE_COLOUR ( '', #2596 ) ;
#2919 = CARTESIAN_POINT ( 'NONE',  ( 0.8603317803727279500, -2.716491364757799953, 0.001000000000000000021 ) ) ;
#2920 = CARTESIAN_POINT ( 'NONE',  ( 0.4578927559824840232, -3.000942584269995272, 0.001000000000000000021 ) ) ;
#2921 = MECHANICAL_DESIGN_GEOMETRIC_PRESENTATION_REPRESENTATION (  '', ( #4151 ), #2605 ) ;
#2922 = PLANE ( 'NONE',  #5607 ) ;
#2923 = CARTESIAN_POINT ( 'NONE',  ( 0.08127359343126804025, -3.016183854766506744, 0.000000000000000000 ) ) ;
#2924 = SURFACE_STYLE_FILL_AREA ( #9418 ) ;
#2925 = CARTESIAN_POINT ( 'NONE',  ( 0.6295744832858034545, -2.928529338023933448, 2.117582368135750848E-19 ) ) ;
#2926 = FACE_OUTER_BOUND ( 'NONE', #2679, .T. ) ;
#2927 = FILL_AREA_STYLE_COLOUR ( '', #2985 ) ;
#2928 = AXIS2_PLACEMENT_3D ( 'NONE', #5083, #4461, #3569 ) ;
#2929 = EDGE_CURVE ( 'NONE', #7441, #3531, #8791, .T. ) ;
#2930 = CARTESIAN_POINT ( 'NONE',  ( 1.649999999999950173, 4.750000000000016875, -0.02000000000000000042 ) ) ;
#2931 = SURFACE_STYLE_FILL_AREA ( #2306 ) ;
#2933 = CARTESIAN_POINT ( 'NONE',  ( 0.8500000000000113021, -3.249999999999996891, -0.02000000000000000042 ) ) ;
#2932 = PRESENTATION_LAYER_ASSIGNMENT (  '', '', ( #5675 ) ) ;
#2934 =( NAMED_UNIT ( * ) PLANE_ANGLE_UNIT ( ) SI_UNIT ( $, .RADIAN. ) );
#2935 = DIRECTION ( 'NONE',  ( -0.000000000000000000, 0.000000000000000000, 1.000000000000000000 ) ) ;
#2936 = ORIENTED_EDGE ( 'NONE', *, *, #6645, .T. ) ;
#2937 = PRESENTATION_STYLE_ASSIGNMENT (( #13 ) ) ;
#2938 = SURFACE_STYLE_FILL_AREA ( #3567 ) ;
#2939 = ORIENTED_EDGE ( 'NONE', *, *, #5510, .F. ) ;
#2940 = FILL_AREA_STYLE_COLOUR ( '', #1528 ) ;
#2941 = FACE_OUTER_BOUND ( 'NONE', #3473, .T. ) ;
#2942 = ORIENTED_EDGE ( 'NONE', *, *, #50, .T. ) ;
#2943 =( NAMED_UNIT ( * ) PLANE_ANGLE_UNIT ( ) SI_UNIT ( $, .RADIAN. ) );
#2944 = CARTESIAN_POINT ( 'NONE',  ( -3.250000000000000000, 1.649999999999999911, -0.02000000000000000042 ) ) ;
#2945 = FILL_AREA_STYLE ('',( #3576 ) ) ;
#2946 = DIRECTION ( 'NONE',  ( -0.000000000000000000, 0.000000000000000000, 1.000000000000000000 ) ) ;
#2947 = VERTEX_POINT ( 'NONE', #5768 ) ;
#2948 = COLOUR_RGB ( '',0.9686274509803921573, 0.8784313725490195957, 0.5999999999999999778 ) ;
#2949 = CARTESIAN_POINT ( 'NONE',  ( 0.6786445872575369576, -2.838188017221631387, 0.001000000000000000021 ) ) ;
#2950 = DIRECTION ( 'NONE',  ( 3.491481338843133355E-15, -1.000000000000000000, 0.000000000000000000 ) ) ;
#2951 = FACE_OUTER_BOUND ( 'NONE', #3704, .T. ) ;
#2952 = PRESENTATION_LAYER_ASSIGNMENT (  '', '', ( #7022 ) ) ;
#2953 = LINE ( 'NONE', #5854, #8874 ) ;
#2954 = FACE_OUTER_BOUND ( 'NONE', #5959, .T. ) ;
#2955 = CARTESIAN_POINT ( 'NONE',  ( 0.1396000730556547775, -2.983564535489507286, 0.000000000000000000 ) ) ;
#2956 = SURFACE_STYLE_FILL_AREA ( #6579 ) ;
#2957 = ORIENTED_EDGE ( 'NONE', *, *, #3610, .T. ) ;
#2958 = VERTEX_POINT ( 'NONE', #2955 ) ;
#2959 = EDGE_LOOP ( 'NONE', ( #1490, #984, #2431, #3694 ) ) ;
#2960 = FACE_OUTER_BOUND ( 'NONE', #3734, .T. ) ;
#2961 = ADVANCED_FACE ( 'NONE', ( #8660 ), #6406, .F. ) ;
#2962 = UNCERTAINTY_MEASURE_WITH_UNIT (LENGTH_MEASURE( 1.000000000000000082E-05 ), #6497, 'distance_accuracy_value', 'NONE');
#2963 =( GEOMETRIC_REPRESENTATION_CONTEXT ( 3 ) GLOBAL_UNCERTAINTY_ASSIGNED_CONTEXT ( ( #753 ) ) GLOBAL_UNIT_ASSIGNED_CONTEXT ( ( #3912, #7537, #8960 ) ) REPRESENTATION_CONTEXT ( 'NONE', 'WORKASPACE' ) );
#2964 = VECTOR ( 'NONE', #6799, 1000.000000000000000 ) ;
#2965 = SURFACE_SIDE_STYLE ('',( #6541 ) ) ;
#2966 =( NAMED_UNIT ( * ) SI_UNIT ( $, .STERADIAN. ) SOLID_ANGLE_UNIT ( ) );
#2967 = EDGE_CURVE ( 'NONE', #2291, #2590, #4488, .T. ) ;
#2968 = UNCERTAINTY_MEASURE_WITH_UNIT (LENGTH_MEASURE( 1.000000000000000082E-05 ), #9345, 'distance_accuracy_value', 'NONE');
#2969 = PLANE ( 'NONE',  #9366 ) ;
#2970 = CARTESIAN_POINT ( 'NONE',  ( 0.4578927559824840232, -2.968015755001702338, 0.001000000000000000021 ) ) ;
#2971 = MECHANICAL_DESIGN_GEOMETRIC_PRESENTATION_REPRESENTATION (  '', ( #6430 ), #5247 ) ;
#2972 = COLOUR_RGB ( '',0.6666666666666666297, 0.6980392156862744724, 0.7686274509803920907 ) ;
#2973 = CARTESIAN_POINT ( 'NONE',  ( -0.005496442122008239270, -2.984449112067651733, 0.001000000000000000021 ) ) ;
#2974 =( GEOMETRIC_REPRESENTATION_CONTEXT ( 3 ) GLOBAL_UNCERTAINTY_ASSIGNED_CONTEXT ( ( #3364 ) ) GLOBAL_UNIT_ASSIGNED_CONTEXT ( ( #5104, #3014, #2915 ) ) REPRESENTATION_CONTEXT ( 'NONE', 'WORKASPACE' ) );
#2975 = CARTESIAN_POINT ( 'NONE',  ( 0.6117194241949173161, -2.955594003544417259, 2.117582368135750848E-19 ) ) ;
#2976 =( LENGTH_UNIT ( ) NAMED_UNIT ( * ) SI_UNIT ( .MILLI., .METRE. ) );
#2977 = SURFACE_STYLE_USAGE ( .BOTH. , #48 ) ;
#2978 = VECTOR ( 'NONE', #2617, 1000.000000000000000 ) ;
#2979 = DIRECTION ( 'NONE',  ( 0.000000000000000000, 1.000000000000000000, 0.000000000000000000 ) ) ;
#2980 = SURFACE_STYLE_FILL_AREA ( #2108 ) ;
#2981 = ORIENTED_EDGE ( 'NONE', *, *, #5065, .F. ) ;
#2982 = PRESENTATION_LAYER_ASSIGNMENT (  '', '', ( #8732 ) ) ;
#2983 = CARTESIAN_POINT ( 'NONE',  ( 3.250000000000000444, 1.649999999999999911, -0.02000000000000000042 ) ) ;
#2984 = MECHANICAL_DESIGN_GEOMETRIC_PRESENTATION_REPRESENTATION (  '', ( #3602 ), #5414 ) ;
#2985 = COLOUR_RGB ( '',0.9686274509803921573, 0.8784313725490195957, 0.5999999999999999778 ) ;
#2986 = CARTESIAN_POINT ( 'NONE',  ( 0.3591122681776059422, -2.881125511099263736, 0.000000000000000000 ) ) ;
#2987 = EDGE_LOOP ( 'NONE', ( #4117, #8765, #6854, #86 ) ) ;
#2988 = EDGE_CURVE ( 'NONE', #4347, #7367, #7454, .T. ) ;
#2989 = DIRECTION ( 'NONE',  ( -1.000000000000000000, 0.000000000000000000, 0.000000000000000000 ) ) ;
#2990 =( LENGTH_UNIT ( ) NAMED_UNIT ( * ) SI_UNIT ( .MILLI., .METRE. ) );
#2991 = PRESENTATION_LAYER_ASSIGNMENT (  '', '', ( #7837 ) ) ;
#2992 = EDGE_LOOP ( 'NONE', ( #867, #3735, #7554, #7502 ) ) ;
#2993 = STYLED_ITEM ( 'NONE', ( #9327 ), #3617 ) ;
#2994 = CARTESIAN_POINT ( 'NONE',  ( 3.250000000000000000, 0.8500000000000000888, 0.000000000000000000 ) ) ;
#2995 =( LENGTH_UNIT ( ) NAMED_UNIT ( * ) SI_UNIT ( .MILLI., .METRE. ) );
#2996 = ORIENTED_EDGE ( 'NONE', *, *, #8323, .T. ) ;
#2997 = FILL_AREA_STYLE_COLOUR ( '', #5137 ) ;
#2998 = MECHANICAL_DESIGN_GEOMETRIC_PRESENTATION_REPRESENTATION (  '', ( #9358 ), #1153 ) ;
#2999 =( NAMED_UNIT ( * ) SI_UNIT ( $, .STERADIAN. ) SOLID_ANGLE_UNIT ( ) );
#3000 = DIRECTION ( 'NONE',  ( 0.000000000000000000, 0.000000000000000000, -1.000000000000000000 ) ) ;
#3001 = PRESENTATION_STYLE_ASSIGNMENT (( #9303 ) ) ;
#3002 = CARTESIAN_POINT ( 'NONE',  ( 0.6717735435510672204, -2.932368633417598236, 0.001000000000000000021 ) ) ;
#3003 = VERTEX_POINT ( 'NONE', #6773 ) ;
#3004 = CARTESIAN_POINT ( 'NONE',  ( -5.050000000000002487, 5.049999999999999822, 0.000000000000000000 ) ) ;
#3005 = AXIS2_PLACEMENT_3D ( 'NONE', #3217, #2405, #6602 ) ;
#3006 =( LENGTH_UNIT ( ) NAMED_UNIT ( * ) SI_UNIT ( .MILLI., .METRE. ) );
#3007 = CARTESIAN_POINT ( 'NONE',  ( 0.000000000000000000, 0.000000000000000000, -0.02000000000000000042 ) ) ;
#3008 = CARTESIAN_POINT ( 'NONE',  ( -0.1969852927980037249, -2.716491364757799953, 0.001000000000000000021 ) ) ;
#3009 = EDGE_CURVE ( 'NONE', #4839, #8288, #3786, .T. ) ;
#3010 = EDGE_LOOP ( 'NONE', ( #5707, #4260, #4638, #1963 ) ) ;
#3011 = VERTEX_POINT ( 'NONE', #277 ) ;
#3012 =( GEOMETRIC_REPRESENTATION_CONTEXT ( 3 ) GLOBAL_UNCERTAINTY_ASSIGNED_CONTEXT ( ( #7753 ) ) GLOBAL_UNIT_ASSIGNED_CONTEXT ( ( #6071, #3865, #1015 ) ) REPRESENTATION_CONTEXT ( 'NONE', 'WORKASPACE' ) );
#3013 = ORIENTED_EDGE ( 'NONE', *, *, #7231, .F. ) ;
#3014 =( NAMED_UNIT ( * ) PLANE_ANGLE_UNIT ( ) SI_UNIT ( $, .RADIAN. ) );
#3015 = DIRECTION ( 'NONE',  ( -0.000000000000000000, 0.000000000000000000, -1.000000000000000000 ) ) ;
#3016 = FILL_AREA_STYLE_COLOUR ( '', #6677 ) ;
#3017 = VECTOR ( 'NONE', #8328, 1000.000000000000000 ) ;
#3018 = DIRECTION ( 'NONE',  ( 0.000000000000000000, -1.000000000000000000, -0.000000000000000000 ) ) ;
#3019 = CARTESIAN_POINT ( 'NONE',  ( 3.250000000000000000, 2.100000000000000089, -0.02000000000000000042 ) ) ;
#3020 = SURFACE_STYLE_USAGE ( .BOTH. , #1419 ) ;
#3021 = MECHANICAL_DESIGN_GEOMETRIC_PRESENTATION_REPRESENTATION (  '', ( #7240 ), #3477 ) ;
#3022 = EDGE_CURVE ( 'NONE', #2244, #6905, #3098, .T. ) ;
#3023 = CARTESIAN_POINT ( 'NONE',  ( 0.006886008762042548741, -2.993127155745622936, 0.001000000000000000021 ) ) ;
#3024 = CARTESIAN_POINT ( 'NONE',  ( 0.5959255323066581234, -2.969531737274217154, 0.001000000000000000021 ) ) ;
#3025 = MECHANICAL_DESIGN_GEOMETRIC_PRESENTATION_REPRESENTATION (  '', ( #393 ), #6323 ) ;
#3026 = CARTESIAN_POINT ( 'NONE',  ( -1.649999999999983480, -4.750000000000006217, -0.02000000000000000042 ) ) ;
#3027 = PRESENTATION_LAYER_ASSIGNMENT (  '', '', ( #1786 ) ) ;
#3028 = CARTESIAN_POINT ( 'NONE',  ( 0.1798439754946791203, -2.716491364757799953, 0.000000000000000000 ) ) ;
#3029 = FILL_AREA_STYLE ('',( #3804 ) ) ;
#3030 = ORIENTED_EDGE ( 'NONE', *, *, #6586, .T. ) ;
#3031 = CARTESIAN_POINT ( 'NONE',  ( 4.750000000000000000, -1.649999999999999911, -0.02000000000000000042 ) ) ;
#3032 = MECHANICAL_DESIGN_GEOMETRIC_PRESENTATION_REPRESENTATION (  '', ( #879 ), #7420 ) ;
#3033 = PRESENTATION_LAYER_ASSIGNMENT (  '', '', ( #1479 ) ) ;
#3034 = EDGE_CURVE ( 'NONE', #8803, #5660, #2838, .T. ) ;
#3035 = PRESENTATION_STYLE_ASSIGNMENT (( #3706 ) ) ;
#3036 = SURFACE_SIDE_STYLE ('',( #7477 ) ) ;
#3037 = DIRECTION ( 'NONE',  ( 3.491481338843134144E-15, -1.000000000000000000, 0.000000000000000000 ) ) ;
#3038 = ORIENTED_EDGE ( 'NONE', *, *, #7270, .F. ) ;
#3039 =( NAMED_UNIT ( * ) PLANE_ANGLE_UNIT ( ) SI_UNIT ( $, .RADIAN. ) );
#3040 = STYLED_ITEM ( 'NONE', ( #5108 ), #4432 ) ;
#3041 = PLANE ( 'NONE',  #1237 ) ;
#3042 = ORIENTED_EDGE ( 'NONE', *, *, #3084, .T. ) ;
#3043 = DIRECTION ( 'NONE',  ( 0.000000000000000000, 0.000000000000000000, 1.000000000000000000 ) ) ;
#3044 = EDGE_CURVE ( 'NONE', #4281, #8689, #3876, .T. ) ;
#3045 = LINE ( 'NONE', #5934, #6386 ) ;
#3046 = VECTOR ( 'NONE', #1833, 1000.000000000000000 ) ;
#3047 = DIRECTION ( 'NONE',  ( 0.000000000000000000, 0.000000000000000000, -1.000000000000000000 ) ) ;
#3048 = VERTEX_POINT ( 'NONE', #3199 ) ;
#3049 = CARTESIAN_POINT ( 'NONE',  ( 4.750000000000000000, 2.100000000000000089, -0.02000000000000000042 ) ) ;
#3050 = CARTESIAN_POINT ( 'NONE',  ( -1.649999999999983480, -4.750000000000006217, 0.000000000000000000 ) ) ;
#3051 = FILL_AREA_STYLE_COLOUR ( '', #2439 ) ;
#3052 = CARTESIAN_POINT ( 'NONE',  ( 0.6391749906247802260, -2.895148710293695693, 0.001000000000000000021 ) ) ;
#3053 = ORIENTED_EDGE ( 'NONE', *, *, #1036, .T. ) ;
#3054 = CARTESIAN_POINT ( 'NONE',  ( 0.5401848721327450198, -2.746018470264279809, 0.001000000000000000021 ) ) ;
#3055 = CARTESIAN_POINT ( 'NONE',  ( 0.5404384876898011836, -3.020149901343165855, 0.000000000000000000 ) ) ;
#3056 = CARTESIAN_POINT ( 'NONE',  ( -0.8500000000000498268, 4.749999999999991118, 0.000000000000000000 ) ) ;
#3057 = VERTEX_POINT ( 'NONE', #6812 ) ;
#3058 = VERTEX_POINT ( 'NONE', #1549 ) ;
#3059 = ORIENTED_EDGE ( 'NONE', *, *, #1006, .F. ) ;
#3060 = B_SPLINE_CURVE_WITH_KNOTS ( 'NONE', 3,
 ( #3110, #2443, #3212, #2531, #4602, #946, #192 ),
 .UNSPECIFIED., .F., .F.,
 ( 4, 1, 1, 1, 4 ),
 ( 0.000000000000000000, 0.3005411131585049023, 0.5677471464835859294, 0.8000336137369676859, 0.9999999999999998890 ),
 .UNSPECIFIED. ) ;
#3061 =( NAMED_UNIT ( * ) SI_UNIT ( $, .STERADIAN. ) SOLID_ANGLE_UNIT ( ) );
#3062 = CARTESIAN_POINT ( 'NONE',  ( -0.4000000000000341061, 3.249999999999996003, -0.02000000000000000042 ) ) ;
#3063 = UNCERTAINTY_MEASURE_WITH_UNIT (LENGTH_MEASURE( 1.000000000000000082E-05 ), #3195, 'distance_accuracy_value', 'NONE');
#3064 = DIRECTION ( 'NONE',  ( 0.000000000000000000, 0.000000000000000000, -1.000000000000000000 ) ) ;
#3065 = AXIS2_PLACEMENT_3D ( 'NONE', #1520, #8801, #7431 ) ;
#3066 = CARTESIAN_POINT ( 'NONE',  ( -0.3999999999999886424, -3.250000000000001332, 0.000000000000000000 ) ) ;
#3067 = CARTESIAN_POINT ( 'NONE',  ( 0.6408195852507767576, -2.869692584269995184, 0.001000000000000000021 ) ) ;
#3068 = PRESENTATION_STYLE_ASSIGNMENT (( #3803 ) ) ;
#3069 = MECHANICAL_DESIGN_GEOMETRIC_PRESENTATION_REPRESENTATION (  '', ( #6824 ), #8226 ) ;
#3070 =( NAMED_UNIT ( * ) SI_UNIT ( $, .STERADIAN. ) SOLID_ANGLE_UNIT ( ) );
#3071 = VECTOR ( 'NONE', #9026, 1000.000000000000000 ) ;
#3072 = SURFACE_STYLE_USAGE ( .BOTH. , #2304 ) ;
#3073 = ORIENTED_EDGE ( 'NONE', *, *, #8982, .F. ) ;
#3074 =( NAMED_UNIT ( * ) PLANE_ANGLE_UNIT ( ) SI_UNIT ( $, .RADIAN. ) );
#3075 = LINE ( 'NONE', #3758, #4945 ) ;
#3076 = FACE_OUTER_BOUND ( 'NONE', #4876, .T. ) ;
#3077 = VECTOR ( 'NONE', #2281, 1000.000000000000000 ) ;
#3078 = LINE ( 'NONE', #3761, #556 ) ;
#3079 = VECTOR ( 'NONE', #2027, 1000.000000000000000 ) ;
#3080 =( NAMED_UNIT ( * ) SI_UNIT ( $, .STERADIAN. ) SOLID_ANGLE_UNIT ( ) );
#3081 = ORIENTED_EDGE ( 'NONE', *, *, #3413, .T. ) ;
#3082 = CARTESIAN_POINT ( 'NONE',  ( 0.000000000000000000, 0.000000000000000000, 0.001000000000000000021 ) ) ;
#3083 = DIRECTION ( 'NONE',  ( -3.491481338843133355E-15, 1.000000000000000000, 0.000000000000000000 ) ) ;
#3084 = EDGE_CURVE ( 'NONE', #590, #7953, #5241, .T. ) ;
#3085 = SURFACE_SIDE_STYLE ('',( #3908 ) ) ;
#3086 = MECHANICAL_DESIGN_GEOMETRIC_PRESENTATION_REPRESENTATION (  '', ( #157 ), #1851 ) ;
#3087 = EDGE_CURVE ( 'NONE', #2696, #3531, #3244, .T. ) ;
#3088 = PRESENTATION_LAYER_ASSIGNMENT (  '', '', ( #7149 ) ) ;
#3089 = VERTEX_POINT ( 'NONE', #4636 ) ;
#3090 = DIRECTION ( 'NONE',  ( 1.000000000000000000, 0.000000000000000000, 0.000000000000000000 ) ) ;
#3091 =( NAMED_UNIT ( * ) SI_UNIT ( $, .STERADIAN. ) SOLID_ANGLE_UNIT ( ) );
#3092 = FACE_OUTER_BOUND ( 'NONE', #6522, .T. ) ;
#3093 = ORIENTED_EDGE ( 'NONE', *, *, #1328, .F. ) ;
#3094 = CARTESIAN_POINT ( 'NONE',  ( 0.6753095297365010463, -2.822349818585074388, 6.352747104407252543E-19 ) ) ;
#3095 = PRESENTATION_STYLE_ASSIGNMENT (( #7494 ) ) ;
#3096 = DIRECTION ( 'NONE',  ( 0.000000000000000000, -1.000000000000000000, 0.000000000000000000 ) ) ;
#3097 = CARTESIAN_POINT ( 'NONE',  ( -4.520365320521144703, 4.310522442972755996, 0.7990000000000000435 ) ) ;
#3098 = LINE ( 'NONE', #3967, #3462 ) ;
#3099 = CARTESIAN_POINT ( 'NONE',  ( 0.5734649827963140822, -2.753904416123264198, 0.000000000000000000 ) ) ;
#3100 = VERTEX_POINT ( 'NONE', #7499 ) ;
#3101 = VERTEX_POINT ( 'NONE', #888 ) ;
#3102 = PRESENTATION_STYLE_ASSIGNMENT (( #185 ) ) ;
#3103 = VECTOR ( 'NONE', #2273, 1000.000000000000000 ) ;
#3104 = DIRECTION ( 'NONE',  ( -1.000000000000000000, -3.491481338843133355E-15, 0.000000000000000000 ) ) ;
#3105 =( LENGTH_UNIT ( ) NAMED_UNIT ( * ) SI_UNIT ( .MILLI., .METRE. ) );
#3106 = CARTESIAN_POINT ( 'NONE',  ( 3.899999999999999911, -2.900000000000000799, 6.299999999999999822 ) ) ;
#3107 = FILL_AREA_STYLE ('',( #6686 ) ) ;
#3108 = EDGE_LOOP ( 'NONE', ( #8987, #2228, #8187, #7995 ) ) ;
#3109 = CARTESIAN_POINT ( 'NONE',  ( -0.1969852927980037249, -2.716491364757799953, 0.001000000000000000021 ) ) ;
#3110 = CARTESIAN_POINT ( 'NONE',  ( -0.2157924574321501143, -2.753076730611458522, 0.001000000000000000021 ) ) ;
#3111 = MECHANICAL_DESIGN_GEOMETRIC_PRESENTATION_REPRESENTATION (  '', ( #4939 ), #2963 ) ;
#3112 = DIRECTION ( 'NONE',  ( 1.000000000000000000, -0.000000000000000000, -0.000000000000000000 ) ) ;
#3113 = CARTESIAN_POINT ( 'NONE',  ( 0.6337259148424844168, -2.918101036200972942, 0.001000000000000000021 ) ) ;
#3114 = DIRECTION ( 'NONE',  ( -1.000000000000000000, -3.491481338843133355E-15, 0.000000000000000000 ) ) ;
#3115 = AXIS2_PLACEMENT_3D ( 'NONE', #8390, #7663, #1147 ) ;
#3116 = CARTESIAN_POINT ( 'NONE',  ( 2.100000000000011635, -3.249999999999992006, 0.000000000000000000 ) ) ;
#3117 = DIRECTION ( 'NONE',  ( 8.587739980083203670E-17, -1.000000000000000000, 0.000000000000000000 ) ) ;
#3118 = DIRECTION ( 'NONE',  ( 1.000000000000000000, 0.000000000000000000, 0.000000000000000000 ) ) ;
#3119 = DIRECTION ( 'NONE',  ( 1.000000000000000000, 8.587739980083203670E-17, -0.000000000000000000 ) ) ;
#3120 =( GEOMETRIC_REPRESENTATION_CONTEXT ( 3 ) GLOBAL_UNCERTAINTY_ASSIGNED_CONTEXT ( ( #3768 ) ) GLOBAL_UNIT_ASSIGNED_CONTEXT ( ( #3191, #3867, #8964 ) ) REPRESENTATION_CONTEXT ( 'NONE', 'WORKASPACE' ) );
#3121 = AXIS2_PLACEMENT_3D ( 'NONE', #2765, #9313, #4976 ) ;
#3122 = CARTESIAN_POINT ( 'NONE',  ( 0.3591122681776059422, -2.983564535489507286, 0.001000000000000000021 ) ) ;
#3123 = PLANE ( 'NONE',  #6171 ) ;
#3124 = CARTESIAN_POINT ( 'NONE',  ( -2.899999999999992806, -3.900000000000000355, 6.299999999999999822 ) ) ;
#3125 = ADVANCED_FACE ( 'NONE', ( #8970 ), #3831, .T. ) ;
#3126 = VECTOR ( 'NONE', #2477, 1000.000000000000000 ) ;
#3127 = STYLED_ITEM ( 'NONE', ( #5099 ), #6384 ) ;
#3128 = SURFACE_STYLE_FILL_AREA ( #203 ) ;
#3129 = MECHANICAL_DESIGN_GEOMETRIC_PRESENTATION_REPRESENTATION (  '', ( #7192 ), #3595 ) ;
#3130 = LINE ( 'NONE', #6014, #1634 ) ;
#3131 = SURFACE_SIDE_STYLE ('',( #3860 ) ) ;
#3132 = ORIENTED_EDGE ( 'NONE', *, *, #8304, .T. ) ;
#3133 = SURFACE_STYLE_USAGE ( .BOTH. , #8257 ) ;
#3134 = ORIENTED_EDGE ( 'NONE', *, *, #5525, .T. ) ;
#3135 = DIRECTION ( 'NONE',  ( 5.421010862427522170E-16, 1.000000000000000000, 0.000000000000000000 ) ) ;
#3136 = AXIS2_PLACEMENT_3D ( 'NONE', #9067, #5485, #8367 ) ;
#3137 = STYLED_ITEM ( 'NONE', ( #6418 ), #8138 ) ;
#3138 = EDGE_CURVE ( 'NONE', #9405, #230, #546, .T. ) ;
#3139 = FILL_AREA_STYLE ('',( #7443 ) ) ;
#3140 = LINE ( 'NONE', #2421, #6471 ) ;
#3141 = DIRECTION ( 'NONE',  ( 0.9417224702971435102, 0.3363908276654490326, -0.000000000000000000 ) ) ;
#3142 = ORIENTED_EDGE ( 'NONE', *, *, #2196, .T. ) ;
#3143 = CARTESIAN_POINT ( 'NONE',  ( -0.8500000000000498268, 4.749999999999991118, -0.02000000000000000042 ) ) ;
#3144 = CARTESIAN_POINT ( 'NONE',  ( 0.5558304845547572537, -3.019806615468028088, 0.001000000000000000021 ) ) ;
#3145 = PRESENTATION_LAYER_ASSIGNMENT (  '', '', ( #4516 ) ) ;
#3146 = SURFACE_SIDE_STYLE ('',( #6027 ) ) ;
#3147 = VECTOR ( 'NONE', #8069, 1000.000000000000000 ) ;
#3148 = CARTESIAN_POINT ( 'NONE',  ( 0.5463133934278093795, -2.986928746982175475, 0.001000000000000000021 ) ) ;
#3149 = CARTESIAN_POINT ( 'NONE',  ( 0.6390882288619647023, -2.842854203299950200, 0.001000000000000000021 ) ) ;
#3150 =( NAMED_UNIT ( * ) SI_UNIT ( $, .STERADIAN. ) SOLID_ANGLE_UNIT ( ) );
#3151 = DIRECTION ( 'NONE',  ( -0.000000000000000000, -0.000000000000000000, -1.000000000000000000 ) ) ;
#3152 = STYLED_ITEM ( 'NONE', ( #8324 ), #8541 ) ;
#3153 = CARTESIAN_POINT ( 'NONE',  ( 0.6407156909069433581, -2.865058756987149735, 0.001000000000000000021 ) ) ;
#3154 = ORIENTED_EDGE ( 'NONE', *, *, #4161, .T. ) ;
#3155 = EDGE_LOOP ( 'NONE', ( #5302, #4288, #1085, #9131 ) ) ;
#3156 = VERTEX_POINT ( 'NONE', #6175 ) ;
#3157 = CARTESIAN_POINT ( 'NONE',  ( 3.250000000000000444, 0.4000000000000000777, -0.02000000000000000042 ) ) ;
#3158 = LINE ( 'NONE', #3834, #1993 ) ;
#3159 = SURFACE_STYLE_FILL_AREA ( #8976 ) ;
#3160 =( NAMED_UNIT ( * ) PLANE_ANGLE_UNIT ( ) SI_UNIT ( $, .RADIAN. ) );
#3161 = SURFACE_SIDE_STYLE ('',( #6183 ) ) ;
#3162 = AXIS2_PLACEMENT_3D ( 'NONE', #6099, #8802, #8154 ) ;
#3163 = ADVANCED_FACE ( 'NONE', ( #1990 ), #2655, .F. ) ;
#3164 = FACE_OUTER_BOUND ( 'NONE', #1536, .T. ) ;
#3165 = CARTESIAN_POINT ( 'NONE',  ( 2.900000000000011458, -3.249999999999989786, -0.02000000000000000042 ) ) ;
#3166 = CYLINDRICAL_SURFACE ( 'NONE', #1062, 1.000000000000000000 ) ;
#3167 = CARTESIAN_POINT ( 'NONE',  ( -0.2136662382102970659, -2.764903278780943108, 0.000000000000000000 ) ) ;
#3168 = VECTOR ( 'NONE', #5532, 1000.000000000000000 ) ;
#3169 = FILL_AREA_STYLE ('',( #3891 ) ) ;
#3170 = VERTEX_POINT ( 'NONE', #5431 ) ;
#3171 =( GEOMETRIC_REPRESENTATION_CONTEXT ( 3 ) GLOBAL_UNCERTAINTY_ASSIGNED_CONTEXT ( ( #6885 ) ) GLOBAL_UNIT_ASSIGNED_CONTEXT ( ( #7868, #6347, #2068 ) ) REPRESENTATION_CONTEXT ( 'NONE', 'WORKASPACE' ) );
#3172 = STYLED_ITEM ( 'NONE', ( #5051 ), #5390 ) ;
#3173 = CARTESIAN_POINT ( 'NONE',  ( -4.750000000000000000, -2.100000000000000089, 0.000000000000000000 ) ) ;
#3174 = CARTESIAN_POINT ( 'NONE',  ( 0.4578927559824840232, -2.968015755001702338, 0.001000000000000000021 ) ) ;
#3175 = VECTOR ( 'NONE', #3559, 1000.000000000000000 ) ;
#3176 = SURFACE_STYLE_USAGE ( .BOTH. , #3036 ) ;
#3177 = CARTESIAN_POINT ( 'NONE',  ( 4.750000000000000000, -1.649999999999999911, -0.02000000000000000042 ) ) ;
#3178 = PRESENTATION_STYLE_ASSIGNMENT (( #253 ) ) ;
#3179 = B_SPLINE_CURVE_WITH_KNOTS ( 'NONE', 3,
 ( #4700, #3887, #996, #6092, #5996, #4558, #8981, #3938, #1802, #6785, #6736, #288, #6688, #5391, #8285, #8894, #9, #8844, #1752 ),
 .UNSPECIFIED., .F., .F.,
 ( 4, 1, 1, 1, 1, 1, 1, 1, 1, 1, 1, 1, 1, 1, 1, 1, 4 ),
 ( 0.000000000000000000, 0.07064371857535321764, 0.1382567155089045596, 0.2033641242175789343, 0.2663240938030558280, 0.3279047615429884766, 0.3887377151730913583, 0.4494235281093024170, 0.5108610114593151730, 0.5720793960475143436, 0.6317344287314451412, 0.6911172105788373488, 0.7503600294901702217, 0.8100329005312619790, 0.8713624508287359793, 0.9344271412311530023, 1.000000000000000000 ),
 .UNSPECIFIED. ) ;
#3180 = LINE ( 'NONE', #8214, #8330 ) ;
#3181 = DIRECTION ( 'NONE',  ( 0.000000000000000000, 0.000000000000000000, -1.000000000000000000 ) ) ;
#3182 = VECTOR ( 'NONE', #4036, 1000.000000000000000 ) ;
#3183 = LINE ( 'NONE', #6848, #1464 ) ;
#3184 = UNCERTAINTY_MEASURE_WITH_UNIT (LENGTH_MEASURE( 1.000000000000000082E-05 ), #8728, 'distance_accuracy_value', 'NONE');
#3185 = EDGE_CURVE ( 'NONE', #8578, #7234, #6961, .T. ) ;
#3186 = CARTESIAN_POINT ( 'NONE',  ( 0.5250030209660694336, -2.712857831503116213, 0.000000000000000000 ) ) ;
#3187 = DIRECTION ( 'NONE',  ( -0.000000000000000000, -0.000000000000000000, 1.000000000000000000 ) ) ;
#3188 = SURFACE_STYLE_USAGE ( .BOTH. , #6568 ) ;
#3189 = VERTEX_POINT ( 'NONE', #359 ) ;
#3190 = VECTOR ( 'NONE', #6410, 1000.000000000000000 ) ;
#3191 =( LENGTH_UNIT ( ) NAMED_UNIT ( * ) SI_UNIT ( .MILLI., .METRE. ) );
#3192 = VECTOR ( 'NONE', #6167, 1000.000000000000000 ) ;
#3193 = SURFACE_STYLE_FILL_AREA ( #4007 ) ;
#3194 = CARTESIAN_POINT ( 'NONE',  ( -3.250000000000000444, -0.4000000000000000777, -0.02000000000000000042 ) ) ;
#3195 =( LENGTH_UNIT ( ) NAMED_UNIT ( * ) SI_UNIT ( .MILLI., .METRE. ) );
#3196 = VERTEX_POINT ( 'NONE', #8514 ) ;
#3197 = EDGE_CURVE ( 'NONE', #7391, #1600, #1921, .T. ) ;
#3198 =( LENGTH_UNIT ( ) NAMED_UNIT ( * ) SI_UNIT ( .MILLI., .METRE. ) );
#3199 = CARTESIAN_POINT ( 'NONE',  ( -0.2109906281638573855, -2.774113315977312588, 0.001000000000000000021 ) ) ;
#3200 = EDGE_CURVE ( 'NONE', #7105, #644, #407, .T. ) ;
#3201 = CARTESIAN_POINT ( 'NONE',  ( 0.6332206298798028765, -2.818663421739392660, 0.000000000000000000 ) ) ;
#3202 = ORIENTED_EDGE ( 'NONE', *, *, #5412, .T. ) ;
#3203 = ORIENTED_EDGE ( 'NONE', *, *, #1606, .T. ) ;
#3204 =( NAMED_UNIT ( * ) PLANE_ANGLE_UNIT ( ) SI_UNIT ( $, .RADIAN. ) );
#3205 = FILL_AREA_STYLE_COLOUR ( '', #9126 ) ;
#3206 = DIRECTION ( 'NONE',  ( 1.047444401652940164E-14, -1.000000000000000000, 0.000000000000000000 ) ) ;
#3207 = EDGE_CURVE ( 'NONE', #2118, #8048, #7632, .T. ) ;
#3208 = CARTESIAN_POINT ( 'NONE',  ( 0.5401848721327450198, -2.746018470264279809, 0.000000000000000000 ) ) ;
#3209 = UNCERTAINTY_MEASURE_WITH_UNIT (LENGTH_MEASURE( 1.000000000000000082E-05 ), #1902, 'distance_accuracy_value', 'NONE');
#3210 = SURFACE_SIDE_STYLE ('',( #3885 ) ) ;
#3211 = CARTESIAN_POINT ( 'NONE',  ( -0.2167642562126378403, -2.753076730611458522, 0.001000000000000000021 ) ) ;
#3212 = CARTESIAN_POINT ( 'NONE',  ( -0.2147817846726387536, -2.759248585543775167, 0.001000000000000000021 ) ) ;
#3213 = CARTESIAN_POINT ( 'NONE',  ( 0.5847831061484218829, -3.014706295321321949, 0.000000000000000000 ) ) ;
#3214 = EDGE_CURVE ( 'NONE', #8309, #6023, #6862, .T. ) ;
#3215 = PRESENTATION_STYLE_ASSIGNMENT (( #1807 ) ) ;
#3216 = VERTEX_POINT ( 'NONE', #4203 ) ;
#3217 = CARTESIAN_POINT ( 'NONE',  ( 0.1396000730556547775, -2.983564535489507286, 0.001000000000000000021 ) ) ;
#3218 = LINE ( 'NONE', #8990, #3182 ) ;
#3219 =( LENGTH_UNIT ( ) NAMED_UNIT ( * ) SI_UNIT ( .MILLI., .METRE. ) );
#3220 = ADVANCED_FACE ( 'NONE', ( #7058 ), #592, .T. ) ;
#3221 = SURFACE_STYLE_FILL_AREA ( #1091 ) ;
#3222 = VECTOR ( 'NONE', #4597, 1000.000000000000000 ) ;
#3223 = CARTESIAN_POINT ( 'NONE',  ( 0.5241280184596512903, -2.987081729733275903, 0.001000000000000000021 ) ) ;
#3224 = EDGE_CURVE ( 'NONE', #5057, #8726, #6566, .T. ) ;
#3225 = CARTESIAN_POINT ( 'NONE',  ( 0.2530147072019962584, -2.848198681830970802, 0.001000000000000000021 ) ) ;
#3226 = PRESENTATION_LAYER_ASSIGNMENT (  '', '', ( #4763 ) ) ;
#3227 = LINE ( 'NONE', #5272, #4620 ) ;
#3228 = ORIENTED_EDGE ( 'NONE', *, *, #9237, .T. ) ;
#3229 = PLANE ( 'NONE',  #4481 ) ;
#3230 = VECTOR ( 'NONE', #5257, 1000.000000000000000 ) ;
#3231 = CARTESIAN_POINT ( 'NONE',  ( 0.4651493462475655982, -2.721777462099268519, 0.001000000000000000021 ) ) ;
#3232 = CARTESIAN_POINT ( 'NONE',  ( 0.5135944539073472592, -2.986119337248616112, 0.001000000000000000021 ) ) ;
#3233 =( LENGTH_UNIT ( ) NAMED_UNIT ( * ) SI_UNIT ( .MILLI., .METRE. ) );
#3234 = ORIENTED_EDGE ( 'NONE', *, *, #5613, .F. ) ;
#3235 = DIRECTION ( 'NONE',  ( -0.000000000000000000, -0.000000000000000000, 1.000000000000000000 ) ) ;
#3236 = COLOUR_RGB ( '',0.6666666666666666297, 0.6980392156862744724, 0.7686274509803920907 ) ;
#3237 = CARTESIAN_POINT ( 'NONE',  ( -3.250000000000000000, 2.600000000000000089, 0.000000000000000000 ) ) ;
#3238 = VECTOR ( 'NONE', #6435, 1000.000000000000000 ) ;
#3239 = LINE ( 'NONE', #5342, #6992 ) ;
#3240 = FACE_OUTER_BOUND ( 'NONE', #8363, .T. ) ;
#3241 = CARTESIAN_POINT ( 'NONE',  ( 3.250000000000000000, 2.100000000000000089, -0.02000000000000000042 ) ) ;
#3242 = ORIENTED_EDGE ( 'NONE', *, *, #6524, .T. ) ;
#3243 = CARTESIAN_POINT ( 'NONE',  ( -0.2136662382102970659, -2.764903278780943108, 0.001000000000000000021 ) ) ;
#3244 = LINE ( 'NONE', #5942, #95 ) ;
#3245 = CARTESIAN_POINT ( 'NONE',  ( -2.100000000000049827, 4.749999999999977796, 0.000000000000000000 ) ) ;
#3246 = ORIENTED_EDGE ( 'NONE', *, *, #8353, .T. ) ;
#3247 = ORIENTED_EDGE ( 'NONE', *, *, #4194, .F. ) ;
#3248 = ORIENTED_EDGE ( 'NONE', *, *, #1974, .T. ) ;
#3249 = CARTESIAN_POINT ( 'NONE',  ( 0.09535464622638649412, -2.749418194026092443, 0.000000000000000000 ) ) ;
#3250 = DIRECTION ( 'NONE',  ( -0.000000000000000000, 0.000000000000000000, -1.000000000000000000 ) ) ;
#3251 = PLANE ( 'NONE',  #8574 ) ;
#3252 = SURFACE_STYLE_USAGE ( .BOTH. , #326 ) ;
#3253 = ADVANCED_FACE ( 'NONE', ( #6438 ), #3717, .F. ) ;
#3254 = ORIENTED_EDGE ( 'NONE', *, *, #5568, .T. ) ;
#3255 = MECHANICAL_DESIGN_GEOMETRIC_PRESENTATION_REPRESENTATION (  '', ( #8110 ), #342 ) ;
#3256 = ADVANCED_FACE ( 'NONE', ( #5132 ), #7976, .F. ) ;
#3257 = CARTESIAN_POINT ( 'NONE',  ( -5.050000000000001599, -5.049999999999999822, 0.000000000000000000 ) ) ;
#3258 = STYLED_ITEM ( 'NONE', ( #4677 ), #8705 ) ;
#3259 = ORIENTED_EDGE ( 'NONE', *, *, #5400, .T. ) ;
#3260 = LINE ( 'NONE', #5600, #1762 ) ;
#3261 = DIRECTION ( 'NONE',  ( -0.000000000000000000, 1.000000000000000000, -0.000000000000000000 ) ) ;
#3262 = UNCERTAINTY_MEASURE_WITH_UNIT (LENGTH_MEASURE( 1.000000000000000082E-05 ), #3407, 'distance_accuracy_value', 'NONE');
#3263 = VECTOR ( 'NONE', #4201, 1000.000000000000000 ) ;
#3264 = MECHANICAL_DESIGN_GEOMETRIC_PRESENTATION_REPRESENTATION (  '', ( #1258 ), #8857 ) ;
#3265 = DIRECTION ( 'NONE',  ( -0.000000000000000000, -0.000000000000000000, -1.000000000000000000 ) ) ;
#3266 = MECHANICAL_DESIGN_GEOMETRIC_PRESENTATION_REPRESENTATION (  '', ( #3577 ), #56 ) ;
#3267 = CARTESIAN_POINT ( 'NONE',  ( -5.050000000000002487, 5.049999999999999822, 0.000000000000000000 ) ) ;
#3268 =( NAMED_UNIT ( * ) SI_UNIT ( $, .STERADIAN. ) SOLID_ANGLE_UNIT ( ) );
#3269 = PRESENTATION_LAYER_ASSIGNMENT (  '', '', ( #6430 ) ) ;
#3270 = STYLED_ITEM ( 'NONE', ( #3494 ), #6076 ) ;
#3271 = CARTESIAN_POINT ( 'NONE',  ( -0.2213945915784912566, -2.774113315977312144, 0.001000000000000000021 ) ) ;
#3272 = EDGE_LOOP ( 'NONE', ( #4633, #1795, #2375, #560 ) ) ;
#3273 = MECHANICAL_DESIGN_GEOMETRIC_PRESENTATION_REPRESENTATION (  '', ( #8278 ), #9333 ) ;
#3274 = LINE ( 'NONE', #6663, #258 ) ;
#3275 = SURFACE_STYLE_USAGE ( .BOTH. , #9246 ) ;
#3276 = STYLED_ITEM ( 'NONE', ( #3316 ), #575 ) ;
#3277 = VECTOR ( 'NONE', #7268, 1000.000000000000114 ) ;
#3278 = EDGE_CURVE ( 'NONE', #1345, #6211, #4467, .T. ) ;
#3279 = FILL_AREA_STYLE_COLOUR ( '', #4385 ) ;
#3280 = PRESENTATION_LAYER_ASSIGNMENT (  '', '', ( #5862 ) ) ;
#3281 = EDGE_LOOP ( 'NONE', ( #1537, #5079, #6373, #1889 ) ) ;
#3282 = DIRECTION ( 'NONE',  ( -0.000000000000000000, -0.000000000000000000, -1.000000000000000000 ) ) ;
#3283 = EDGE_CURVE ( 'NONE', #5211, #4034, #875, .T. ) ;
#3284 = CARTESIAN_POINT ( 'NONE',  ( 0.4578927559824840232, -2.968015755001702338, 0.001000000000000000021 ) ) ;
#3285 = SURFACE_SIDE_STYLE ('',( #6857 ) ) ;
#3286 = STYLED_ITEM ( 'NONE', ( #9222 ), #792 ) ;
#3287 =( GEOMETRIC_REPRESENTATION_CONTEXT ( 3 ) GLOBAL_UNCERTAINTY_ASSIGNED_CONTEXT ( ( #8296 ) ) GLOBAL_UNIT_ASSIGNED_CONTEXT ( ( #528, #5828, #4360 ) ) REPRESENTATION_CONTEXT ( 'NONE', 'WORKASPACE' ) );
#3288 = EDGE_LOOP ( 'NONE', ( #2506, #6990, #5197, #3073, #6015 ) ) ;
#3289 = CARTESIAN_POINT ( 'NONE',  ( 2.399999999999998579, -2.399999999999999911, -6.808225099390855739 ) ) ;
#3290 = CARTESIAN_POINT ( 'NONE',  ( 3.899999999999999023, 2.899999999999992806, 6.299999999999999822 ) ) ;
#3291 = EDGE_LOOP ( 'NONE', ( #1055, #8596, #1070, #4106 ) ) ;
#3292 = AXIS2_PLACEMENT_3D ( 'NONE', #5743, #3619, #2935 ) ;
#3293 = EDGE_LOOP ( 'NONE', ( #3377, #7006, #5868, #2168 ) ) ;
#3294 = COLOUR_RGB ( '',0.2235294117647058654, 0.2235294117647058654, 0.2235294117647058654 ) ;
#3295 = CARTESIAN_POINT ( 'NONE',  ( -0.02108611099082808096, -2.850047839262875193, 0.001000000000000000021 ) ) ;
#3296 = DIRECTION ( 'NONE',  ( -0.000000000000000000, -0.000000000000000000, 1.000000000000000000 ) ) ;
#3297 =( NAMED_UNIT ( * ) SI_UNIT ( $, .STERADIAN. ) SOLID_ANGLE_UNIT ( ) );
#3298 = CARTESIAN_POINT ( 'NONE',  ( 0.6233252264363566830, -2.797438778643087876, 0.000000000000000000 ) ) ;
#3299 = UNCERTAINTY_MEASURE_WITH_UNIT (LENGTH_MEASURE( 1.000000000000000082E-05 ), #7568, 'distance_accuracy_value', 'NONE');
#3300 = DIRECTION ( 'NONE',  ( 0.3363908276654489771, -0.9417224702971433992, 0.000000000000000000 ) ) ;
#3301 = COLOUR_RGB ( '',0.9686274509803921573, 0.8784313725490195957, 0.5999999999999999778 ) ;
#3302 = ADVANCED_FACE ( 'NONE', ( #7351 ), #8962, .F. ) ;
#3303 =( NAMED_UNIT ( * ) SI_UNIT ( $, .STERADIAN. ) SOLID_ANGLE_UNIT ( ) );
#3304 = DIRECTION ( 'NONE',  ( 3.491481338843133355E-15, -1.000000000000000000, 0.000000000000000000 ) ) ;
#3305 = CARTESIAN_POINT ( 'NONE',  ( 0.6810634876898010726, -2.872150663538287851, 0.000000000000000000 ) ) ;
#3306 = FACE_OUTER_BOUND ( 'NONE', #5727, .T. ) ;
#3307 = ORIENTED_EDGE ( 'NONE', *, *, #3517, .F. ) ;
#3308 = ORIENTED_EDGE ( 'NONE', *, *, #1132, .F. ) ;
#3309 = UNCERTAINTY_MEASURE_WITH_UNIT (LENGTH_MEASURE( 1.000000000000000082E-05 ), #8299, 'distance_accuracy_value', 'NONE');
#3310 = PRESENTATION_LAYER_ASSIGNMENT (  '', '', ( #8327 ) ) ;
#3311 = CARTESIAN_POINT ( 'NONE',  ( -2.500000000000000000, -2.640080354082557797E-14, -0.02000000000000000042 ) ) ;
#3312 = CARTESIAN_POINT ( 'NONE',  ( -0.009352123692031864485, -2.924747536271643522, 0.001000000000000000021 ) ) ;
#3313 = EDGE_CURVE ( 'NONE', #885, #3156, #3140, .T. ) ;
#3314 = COLOUR_RGB ( '',0.9686274509803921573, 0.8784313725490195957, 0.5999999999999999778 ) ;
#3315 = ORIENTED_EDGE ( 'NONE', *, *, #7254, .T. ) ;
#3316 = PRESENTATION_STYLE_ASSIGNMENT (( #5456 ) ) ;
#3317 = VECTOR ( 'NONE', #2487, 1000.000000000000000 ) ;
#3318 = SURFACE_STYLE_USAGE ( .BOTH. , #8992 ) ;
#3319 = PRESENTATION_STYLE_ASSIGNMENT (( #388 ) ) ;
#3320 = VECTOR ( 'NONE', #1681, 1000.000000000000000 ) ;
#3321 = CARTESIAN_POINT ( 'NONE',  ( 3.250000000000000000, -0.3999999999999999667, -0.02000000000000000042 ) ) ;
#3322 =( NAMED_UNIT ( * ) SI_UNIT ( $, .STERADIAN. ) SOLID_ANGLE_UNIT ( ) );
#3323 = LINE ( 'NONE', #6294, #2012 ) ;
#3324 = EDGE_LOOP ( 'NONE', ( #5464, #5814, #5277, #669 ) ) ;
#3325 = COLOUR_RGB ( '',0.9686274509803921573, 0.8784313725490195957, 0.5999999999999999778 ) ;
#3326 = EDGE_CURVE ( 'NONE', #1402, #5486, #2319, .T. ) ;
#3327 = DIRECTION ( 'NONE',  ( 1.047444401652940007E-14, -1.000000000000000000, 0.000000000000000000 ) ) ;
#3328 = SURFACE_STYLE_FILL_AREA ( #6299 ) ;
#3329 = CARTESIAN_POINT ( 'NONE',  ( 0.5135944539073472592, -2.986119337248616112, 0.000000000000000000 ) ) ;
#3330 = VERTEX_POINT ( 'NONE', #3820 ) ;
#3331 = VECTOR ( 'NONE', #1497, 1000.000000000000000 ) ;
#3332 = CARTESIAN_POINT ( 'NONE',  ( 0.5980502450196105713, -3.010224573027741712, 0.001000000000000000021 ) ) ;
#3333 = ORIENTED_EDGE ( 'NONE', *, *, #8584, .T. ) ;
#3334 = CARTESIAN_POINT ( 'NONE',  ( -2.899999999999999911, -2.900000000000000355, 1.000000000000000000 ) ) ;
#3335 = EDGE_CURVE ( 'NONE', #2891, #7367, #5228, .T. ) ;
#3336 =( LENGTH_UNIT ( ) NAMED_UNIT ( * ) SI_UNIT ( .MILLI., .METRE. ) );
#3337 =( NAMED_UNIT ( * ) PLANE_ANGLE_UNIT ( ) SI_UNIT ( $, .RADIAN. ) );
#3338 = ORIENTED_EDGE ( 'NONE', *, *, #7158, .T. ) ;
#3339 = CARTESIAN_POINT ( 'NONE',  ( 0.5094185108288394881, -2.746874486732431286, 0.000000000000000000 ) ) ;
#3340 = AXIS2_PLACEMENT_3D ( 'NONE', #8249, #3119, #953 ) ;
#3341 = AXIS2_PLACEMENT_3D ( 'NONE', #6363, #2568, #1954 ) ;
#3342 = CARTESIAN_POINT ( 'NONE',  ( 0.8499999999999658939, 3.250000000000008882, 0.000000000000000000 ) ) ;
#3343 = AXIS2_PLACEMENT_3D ( 'NONE', #3311, #6192, #5319 ) ;
#3344 = DIRECTION ( 'NONE',  ( -0.000000000000000000, -0.000000000000000000, -1.000000000000000000 ) ) ;
#3345 = DIRECTION ( 'NONE',  ( 1.000000000000000000, 0.000000000000000000, 0.000000000000000000 ) ) ;
#3346 = ORIENTED_EDGE ( 'NONE', *, *, #4088, .T. ) ;
#3347 = SURFACE_STYLE_USAGE ( .BOTH. , #7062 ) ;
#3348 =( NAMED_UNIT ( * ) SI_UNIT ( $, .STERADIAN. ) SOLID_ANGLE_UNIT ( ) );
#3349 = CARTESIAN_POINT ( 'NONE',  ( -0.01356480801443438015, -2.813817820319278962, 0.000000000000000000 ) ) ;
#3350 =( LENGTH_UNIT ( ) NAMED_UNIT ( * ) SI_UNIT ( .MILLI., .METRE. ) );
#3351 = STYLED_ITEM ( 'NONE', ( #1848 ), #4552 ) ;
#3352 = CARTESIAN_POINT ( 'NONE',  ( 2.899999999999999911, -2.899999999999999911, 6.299999999999999822 ) ) ;
#3353 = FILL_AREA_STYLE ('',( #6919 ) ) ;
#3354 =( LENGTH_UNIT ( ) NAMED_UNIT ( * ) SI_UNIT ( .MILLI., .METRE. ) );
#3355 = CARTESIAN_POINT ( 'NONE',  ( -4.750000000000000000, -2.100000000000000089, -0.02000000000000000042 ) ) ;
#3356 = AXIS2_PLACEMENT_3D ( 'NONE', #6447, #7932, #4390 ) ;
#3357 = PRESENTATION_STYLE_ASSIGNMENT (( #8946 ) ) ;
#3358 = EDGE_LOOP ( 'NONE', ( #7075, #470, #4975, #5630 ) ) ;
#3359 = ORIENTED_EDGE ( 'NONE', *, *, #8870, .F. ) ;
#3360 = CARTESIAN_POINT ( 'NONE',  ( -2.900000000000000799, 2.899999999999999911, 6.299999999999999822 ) ) ;
#3361 = SURFACE_STYLE_FILL_AREA ( #4087 ) ;
#3362 = CARTESIAN_POINT ( 'NONE',  ( -0.05074490669223331862, -2.802650212219532033, 0.001000000000000000021 ) ) ;
#3363 = ORIENTED_EDGE ( 'NONE', *, *, #1835, .F. ) ;
#3364 = UNCERTAINTY_MEASURE_WITH_UNIT (LENGTH_MEASURE( 1.000000000000000082E-05 ), #5104, 'distance_accuracy_value', 'NONE');
#3365 = DIRECTION ( 'NONE',  ( 1.000000000000000000, -0.000000000000000000, 0.000000000000000000 ) ) ;
#3366 = CARTESIAN_POINT ( 'NONE',  ( -1.073467497510400490E-16, 1.250000000000000000, -0.02000000000000000042 ) ) ;
#3367 = DIRECTION ( 'NONE',  ( 0.000000000000000000, -1.000000000000000000, 0.000000000000000000 ) ) ;
#3368 = DIRECTION ( 'NONE',  ( -0.000000000000000000, -0.000000000000000000, 1.000000000000000000 ) ) ;
#3369 = CARTESIAN_POINT ( 'NONE',  ( 0.3993561706166303127, -3.016491364757799776, 0.000000000000000000 ) ) ;
#3370 = PRESENTATION_STYLE_ASSIGNMENT (( #1096 ) ) ;
#3371 = VERTEX_POINT ( 'NONE', #6761 ) ;
#3372 = DIRECTION ( 'NONE',  ( -7.372574772901430151E-15, -1.000000000000000000, 0.000000000000000000 ) ) ;
#3373 = ADVANCED_FACE ( 'NONE', ( #263, #8125 ), #2458, .F. ) ;
#3374 = CARTESIAN_POINT ( 'NONE',  ( -0.05562740322703364076, -2.816480470945827541, 0.000000000000000000 ) ) ;
#3375 = CARTESIAN_POINT ( 'NONE',  ( 0.7066732437873620709, -2.983564535489507286, 0.000000000000000000 ) ) ;
#3376 = ADVANCED_FACE ( 'NONE', ( #5512 ), #7122, .T. ) ;
#3377 = ORIENTED_EDGE ( 'NONE', *, *, #5706, .T. ) ;
#3378 = DIRECTION ( 'NONE',  ( -0.000000000000000000, -0.000000000000000000, 1.000000000000000000 ) ) ;
#3379 = FILL_AREA_STYLE_COLOUR ( '', #4475 ) ;
#3380 = EDGE_CURVE ( 'NONE', #7874, #600, #1053, .T. ) ;
#3381 = PRESENTATION_STYLE_ASSIGNMENT (( #8553 ) ) ;
#3382 = EDGE_LOOP ( 'NONE', ( #7969, #8379, #8537, #5274 ) ) ;
#3383 = MECHANICAL_DESIGN_GEOMETRIC_PRESENTATION_REPRESENTATION (  '', ( #5504 ), #6240 ) ;
#3384 = DIRECTION ( 'NONE',  ( 1.000000000000000000, 6.505213034913037648E-15, 6.505213034913027393E-15 ) ) ;
#3385 = VECTOR ( 'NONE', #9076, 1000.000000000000000 ) ;
#3386 = VERTEX_POINT ( 'NONE', #1244 ) ;
#3387 = CARTESIAN_POINT ( 'NONE',  ( -0.2190458075798705495, -2.765468394293151277, 0.000000000000000000 ) ) ;
#3388 = CARTESIAN_POINT ( 'NONE',  ( 0.6570706429251763625, -2.780089457537938902, 0.001000000000000000021 ) ) ;
#3389 = LINE ( 'NONE', #4914, #6743 ) ;
#3390 = VERTEX_POINT ( 'NONE', #1102 ) ;
#3391 = AXIS2_PLACEMENT_3D ( 'NONE', #8459, #6216, #8406 ) ;
#3392 =( NAMED_UNIT ( * ) SI_UNIT ( $, .STERADIAN. ) SOLID_ANGLE_UNIT ( ) );
#3393 = CARTESIAN_POINT ( 'NONE',  ( 0.09108286336445459153, -2.749506092276820635, 2.117582368135750848E-19 ) ) ;
#3394 = SURFACE_STYLE_USAGE ( .BOTH. , #4021 ) ;
#3395 = FACE_OUTER_BOUND ( 'NONE', #7593, .T. ) ;
#3396 = FACE_BOUND ( 'NONE', #3545, .T. ) ;
#3397 = B_SPLINE_CURVE_WITH_KNOTS ( 'NONE', 3,
 ( #6089, #9022, #3208, #6870, #8977, #6182, #9164, #3974, #2612, #1075, #5488, #3298, #1034, #5439, #365, #1125, #4120, #6273, #8420 ),
 .UNSPECIFIED., .F., .F.,
 ( 4, 1, 1, 1, 1, 1, 1, 1, 1, 1, 1, 1, 1, 1, 1, 1, 4 ),
 ( 0.000000000000000000, 0.06460397028839137690, 0.1267024139629469581, 0.1867568140356172801, 0.2455056873654372918, 0.3036520244499744114, 0.3615030739706249774, 0.4202402229284660229, 0.4800333407766966820, 0.5406781347755147404, 0.6011918063807812906, 0.6623335024774423818, 0.7247395102972303826, 0.7894677361728851261, 0.8565048600438287529, 0.9263120958391896087, 0.9999999999999998890 ),
 .UNSPECIFIED. ) ;
#3398 = ORIENTED_EDGE ( 'NONE', *, *, #6208, .F. ) ;
#3399 = FILL_AREA_STYLE ('',( #465 ) ) ;
#3400 = VERTEX_POINT ( 'NONE', #8307 ) ;
#3401 = UNCERTAINTY_MEASURE_WITH_UNIT (LENGTH_MEASURE( 1.000000000000000082E-05 ), #2812, 'distance_accuracy_value', 'NONE');
#3402 = FACE_OUTER_BOUND ( 'NONE', #8555, .T. ) ;
#3403 = CARTESIAN_POINT ( 'NONE',  ( 0.8200878779337035240, -2.983564535489507286, 0.000000000000000000 ) ) ;
#3404 = ORIENTED_EDGE ( 'NONE', *, *, #7711, .T. ) ;
#3405 = DIRECTION ( 'NONE',  ( 0.000000000000000000, 0.000000000000000000, -1.000000000000000000 ) ) ;
#3406 = SURFACE_STYLE_FILL_AREA ( #9134 ) ;
#3407 =( LENGTH_UNIT ( ) NAMED_UNIT ( * ) SI_UNIT ( .MILLI., .METRE. ) );
#3408 = DIRECTION ( 'NONE',  ( -0.000000000000000000, -0.000000000000000000, 1.000000000000000000 ) ) ;
#3409 = LINE ( 'NONE', #2015, #3651 ) ;
#3410 = ORIENTED_EDGE ( 'NONE', *, *, #7628, .T. ) ;
#3411 = VECTOR ( 'NONE', #2328, 1000.000000000000000 ) ;
#3412 = MECHANICAL_DESIGN_GEOMETRIC_PRESENTATION_REPRESENTATION (  '', ( #6416 ), #8088 ) ;
#3413 = EDGE_CURVE ( 'NONE', #3666, #5174, #4001, .T. ) ;
#3414 = CARTESIAN_POINT ( 'NONE',  ( 0.03346713914973709070, -2.726191419091444690, 0.000000000000000000 ) ) ;
#3415 = CARTESIAN_POINT ( 'NONE',  ( 0.4661895683916110200, -2.972688911334339767, 0.000000000000000000 ) ) ;
#3416 = ORIENTED_EDGE ( 'NONE', *, *, #6140, .T. ) ;
#3417 =( GEOMETRIC_REPRESENTATION_CONTEXT ( 3 ) GLOBAL_UNCERTAINTY_ASSIGNED_CONTEXT ( ( #5823 ) ) GLOBAL_UNIT_ASSIGNED_CONTEXT ( ( #3198, #5296, #1736 ) ) REPRESENTATION_CONTEXT ( 'NONE', 'WORKASPACE' ) );
#3418 = COLOUR_RGB ( '',0.2235294117647058654, 0.2235294117647058654, 0.2235294117647058654 ) ;
#3419 = PLANE ( 'NONE',  #4813 ) ;
#3420 = CARTESIAN_POINT ( 'NONE',  ( 0.6330120495431426075, -2.989168906985424812, 0.000000000000000000 ) ) ;
#3421 = ORIENTED_EDGE ( 'NONE', *, *, #2382, .T. ) ;
#3422 = CARTESIAN_POINT ( 'NONE',  ( 0.7066732437873620709, -3.016491364757799776, 0.001000000000000000021 ) ) ;
#3423 = EDGE_CURVE ( 'NONE', #2590, #5445, #2555, .T. ) ;
#3424 = PRESENTATION_LAYER_ASSIGNMENT (  '', '', ( #5849 ) ) ;
#3425 = SURFACE_STYLE_USAGE ( .BOTH. , #4871 ) ;
#3426 = VERTEX_POINT ( 'NONE', #4049 ) ;
#3427 = PRESENTATION_STYLE_ASSIGNMENT (( #2652 ) ) ;
#3428 =( GEOMETRIC_REPRESENTATION_CONTEXT ( 3 ) GLOBAL_UNCERTAINTY_ASSIGNED_CONTEXT ( ( #7708 ) ) GLOBAL_UNIT_ASSIGNED_CONTEXT ( ( #8886, #2391, #6538 ) ) REPRESENTATION_CONTEXT ( 'NONE', 'WORKASPACE' ) );
#3429 = LINE ( 'NONE', #1892, #4038 ) ;
#3430 = CARTESIAN_POINT ( 'NONE',  ( 0.5284910791532156926, -2.712832828172434319, 0.001000000000000000021 ) ) ;
#3431 = FILL_AREA_STYLE_COLOUR ( '', #4964 ) ;
#3432 = ORIENTED_EDGE ( 'NONE', *, *, #1132, .T. ) ;
#3433 = FACE_OUTER_BOUND ( 'NONE', #4751, .T. ) ;
#3434 = MECHANICAL_DESIGN_GEOMETRIC_PRESENTATION_REPRESENTATION (  '', ( #7816 ), #5557 ) ;
#3435 = MECHANICAL_DESIGN_GEOMETRIC_PRESENTATION_REPRESENTATION (  '', ( #3127 ), #6297 ) ;
#3436 = PLANE ( 'NONE',  #7335 ) ;
#3437 = STYLED_ITEM ( 'NONE', ( #5126 ), #7784 ) ;
#3438 = PLANE ( 'NONE',  #1841 ) ;
#3439 = DIRECTION ( 'NONE',  ( 0.000000000000000000, -0.000000000000000000, 1.000000000000000000 ) ) ;
#3440 =( NAMED_UNIT ( * ) SI_UNIT ( $, .STERADIAN. ) SOLID_ANGLE_UNIT ( ) );
#3441 = SURFACE_STYLE_FILL_AREA ( #1852 ) ;
#3442 = ADVANCED_FACE ( 'NONE', ( #1825 ), #4767, .T. ) ;
#3443 = FILL_AREA_STYLE ('',( #7016 ) ) ;
#3444 = SURFACE_SIDE_STYLE ('',( #1999 ) ) ;
#3445 = FACE_BOUND ( 'NONE', #279, .T. ) ;
#3446 = VECTOR ( 'NONE', #1049, 1000.000000000000000 ) ;
#3447 = ORIENTED_EDGE ( 'NONE', *, *, #7520, .F. ) ;
#3448 = CARTESIAN_POINT ( 'NONE',  ( 0.4605568716708117738, -2.763418922616454498, 0.001000000000000000021 ) ) ;
#3449 = CARTESIAN_POINT ( 'NONE',  ( 0.5056803441466676263, -3.017611403359434341, 0.001000000000000000021 ) ) ;
#3450 = ORIENTED_EDGE ( 'NONE', *, *, #4607, .F. ) ;
#3451 =( GEOMETRIC_REPRESENTATION_CONTEXT ( 3 ) GLOBAL_UNCERTAINTY_ASSIGNED_CONTEXT ( ( #2293 ) ) GLOBAL_UNIT_ASSIGNED_CONTEXT ( ( #927, #5183, #217 ) ) REPRESENTATION_CONTEXT ( 'NONE', 'WORKASPACE' ) );
#3452 = CARTESIAN_POINT ( 'NONE',  ( 0.5249824524355108935, -2.745807519619628323, 0.001000000000000000021 ) ) ;
#3453 = FILL_AREA_STYLE_COLOUR ( '', #6469 ) ;
#3454 = MECHANICAL_DESIGN_GEOMETRIC_PRESENTATION_REPRESENTATION (  '', ( #2067 ), #840 ) ;
#3455 = CARTESIAN_POINT ( 'NONE',  ( 0.09518315232394750081, -2.716491364757799953, 0.000000000000000000 ) ) ;
#3456 = EDGE_CURVE ( 'NONE', #644, #1234, #1435, .T. ) ;
#3457 = ORIENTED_EDGE ( 'NONE', *, *, #1559, .F. ) ;
#3458 = VECTOR ( 'NONE', #5394, 1000.000000000000000 ) ;
#3459 = CARTESIAN_POINT ( 'NONE',  ( 0.01799798073857033706, -2.959550425355665926, 0.001000000000000000021 ) ) ;
#3460 =( NAMED_UNIT ( * ) SI_UNIT ( $, .STERADIAN. ) SOLID_ANGLE_UNIT ( ) );
#3461 = MECHANICAL_DESIGN_GEOMETRIC_PRESENTATION_REPRESENTATION (  '', ( #8905 ), #2851 ) ;
#3462 = VECTOR ( 'NONE', #8090, 1000.000000000000000 ) ;
#3463 = PRESENTATION_STYLE_ASSIGNMENT (( #4233 ) ) ;
#3464 = EDGE_LOOP ( 'NONE', ( #8272, #1739, #5986, #9017 ) ) ;
#3465 = FACE_OUTER_BOUND ( 'NONE', #9383, .T. ) ;
#3466 = MECHANICAL_DESIGN_GEOMETRIC_PRESENTATION_REPRESENTATION (  '', ( #2693 ), #4850 ) ;
#3467 = CARTESIAN_POINT ( 'NONE',  ( 0.5250030209660694336, -2.712857831503116213, 0.001000000000000000021 ) ) ;
#3468 = ORIENTED_EDGE ( 'NONE', *, *, #990, .F. ) ;
#3469 = DIRECTION ( 'NONE',  ( 0.000000000000000000, -0.000000000000000000, 1.000000000000000000 ) ) ;
#3470 = AXIS2_PLACEMENT_3D ( 'NONE', #4329, #8813, #2313 ) ;
#3471 = CARTESIAN_POINT ( 'NONE',  ( 0.6807862358143497161, -2.888225642244425018, 0.000000000000000000 ) ) ;
#3472 = FILL_AREA_STYLE_COLOUR ( '', #8830 ) ;
#3473 = EDGE_LOOP ( 'NONE', ( #3338, #3247, #3093, #7814 ) ) ;
#3474 = LINE ( 'NONE', #7098, #4300 ) ;
#3475 = MECHANICAL_DESIGN_GEOMETRIC_PRESENTATION_REPRESENTATION (  '', ( #3790 ), #8770 ) ;
#3476 = FILL_AREA_STYLE ('',( #7051 ) ) ;
#3477 =( GEOMETRIC_REPRESENTATION_CONTEXT ( 3 ) GLOBAL_UNCERTAINTY_ASSIGNED_CONTEXT ( ( #6131 ) ) GLOBAL_UNIT_ASSIGNED_CONTEXT ( ( #4554, #3934, #5311 ) ) REPRESENTATION_CONTEXT ( 'NONE', 'WORKASPACE' ) );
#3478 = DIRECTION ( 'NONE',  ( 1.000000000000000000, 0.000000000000000000, 0.000000000000000000 ) ) ;
#3479 = ORIENTED_EDGE ( 'NONE', *, *, #8651, .F. ) ;
#3480 =( LENGTH_UNIT ( ) NAMED_UNIT ( * ) SI_UNIT ( .MILLI., .METRE. ) );
#3481 = CARTESIAN_POINT ( 'NONE',  ( -5.050000000000002487, 5.049999999999999822, 0.8000000000000000444 ) ) ;
#3482 =( NAMED_UNIT ( * ) SI_UNIT ( $, .STERADIAN. ) SOLID_ANGLE_UNIT ( ) );
#3483 = ORIENTED_EDGE ( 'NONE', *, *, #1660, .T. ) ;
#3484 =( GEOMETRIC_REPRESENTATION_CONTEXT ( 3 ) GLOBAL_UNCERTAINTY_ASSIGNED_CONTEXT ( ( #6977 ) ) GLOBAL_UNIT_ASSIGNED_CONTEXT ( ( #9045, #5461, #2585 ) ) REPRESENTATION_CONTEXT ( 'NONE', 'WORKASPACE' ) );
#3485 = PRESENTATION_STYLE_ASSIGNMENT (( #3347 ) ) ;
#3486 = DIRECTION ( 'NONE',  ( 0.000000000000000000, 0.000000000000000000, -1.000000000000000000 ) ) ;
#3487 = FILL_AREA_STYLE_COLOUR ( '', #7917 ) ;
#3488 = DIRECTION ( 'NONE',  ( 0.000000000000000000, -0.000000000000000000, 1.000000000000000000 ) ) ;
#3489 = ADVANCED_FACE ( 'NONE', ( #2784 ), #1385, .T. ) ;
#3490 =( LENGTH_UNIT ( ) NAMED_UNIT ( * ) SI_UNIT ( .MILLI., .METRE. ) );
#3491 = VECTOR ( 'NONE', #1254, 1000.000000000000114 ) ;
#3492 = VECTOR ( 'NONE', #3117, 1000.000000000000000 ) ;
#3493 = EDGE_CURVE ( 'NONE', #4124, #609, #4370, .T. ) ;
#3494 = PRESENTATION_STYLE_ASSIGNMENT (( #555 ) ) ;
#3495 = FILL_AREA_STYLE ('',( #7695 ) ) ;
#3496 = FACE_BOUND ( 'NONE', #5808, .T. ) ;
#3497 = EDGE_LOOP ( 'NONE', ( #3202, #582, #2316, #2723 ) ) ;
#3498 = CARTESIAN_POINT ( 'NONE',  ( 0.8500000000000113021, -3.249999999999996891, 0.000000000000000000 ) ) ;
#3499 =( GEOMETRIC_REPRESENTATION_CONTEXT ( 3 ) GLOBAL_UNCERTAINTY_ASSIGNED_CONTEXT ( ( #6782 ) ) GLOBAL_UNIT_ASSIGNED_CONTEXT ( ( #321, #1744, #5250 ) ) REPRESENTATION_CONTEXT ( 'NONE', 'WORKASPACE' ) );
#3500 = ADVANCED_FACE ( 'NONE', ( #2211 ), #8021, .T. ) ;
#3501 = ORIENTED_EDGE ( 'NONE', *, *, #5025, .T. ) ;
#3502 = CARTESIAN_POINT ( 'NONE',  ( 0.4914293167285168074, -2.750473819872647940, 0.000000000000000000 ) ) ;
#3503 = EDGE_CURVE ( 'NONE', #1896, #2567, #956, .T. ) ;
#3504 = SURFACE_STYLE_FILL_AREA ( #7077 ) ;
#3505 = CARTESIAN_POINT ( 'NONE',  ( -0.03664302130330721746, -2.777579079482656699, 0.000000000000000000 ) ) ;
#3506 = AXIS2_PLACEMENT_3D ( 'NONE', #1061, #4112, #4909 ) ;
#3507 = SURFACE_SIDE_STYLE ('',( #9183 ) ) ;
#3508 = CARTESIAN_POINT ( 'NONE',  ( -1.650000000000034328, 3.249999999999983125, -0.02000000000000000042 ) ) ;
#3509 = LINE ( 'NONE', #2879, #966 ) ;
#3510 = UNCERTAINTY_MEASURE_WITH_UNIT (LENGTH_MEASURE( 1.000000000000000082E-05 ), #1380, 'distance_accuracy_value', 'NONE');
#3511 = SURFACE_STYLE_FILL_AREA ( #1 ) ;
#3512 = PRESENTATION_LAYER_ASSIGNMENT (  '', '', ( #569 ) ) ;
#3513 = FACE_OUTER_BOUND ( 'NONE', #6284, .T. ) ;
#3514 = VERTEX_POINT ( 'NONE', #5962 ) ;
#3515 = B_SPLINE_CURVE_WITH_KNOTS ( 'NONE', 3,
 ( #6851, #2637, #1156, #1374, #4104, #3414, #344, #4725, #2504, #6948, #6162, #9001, #7579, #4048, #3374, #9197, #6114, #6252, #5735 ),
 .UNSPECIFIED., .F., .F.,
 ( 4, 1, 1, 1, 1, 1, 1, 1, 1, 1, 1, 1, 1, 1, 1, 1, 4 ),
 ( 0.000000000000000000, 0.06863117867660142868, 0.1345664660386775568, 0.1983281540108814411, 0.2607897666408452997, 0.3219991514841583080, 0.3827217465030194887, 0.4435374740357291845, 0.5051334294849257889, 0.5662138747646718873, 0.6261058646175461373, 0.6853493221605172492, 0.7449958703477970179, 0.8054158418145624942, 0.8676362663459530333, 0.9323077823023292465, 1.000000000000000000 ),
 .UNSPECIFIED. ) ;
#3516 = FILL_AREA_STYLE ('',( #5656 ) ) ;
#3517 = EDGE_CURVE ( 'NONE', #3514, #6484, #2266, .T. ) ;
#3518 = SURFACE_STYLE_USAGE ( .BOTH. , #8720 ) ;
#3519 = DIRECTION ( 'NONE',  ( -0.000000000000000000, -0.000000000000000000, -1.000000000000000000 ) ) ;
#3520 = EDGE_LOOP ( 'NONE', ( #2779, #7677, #1290, #9127 ) ) ;
#3521 = SURFACE_SIDE_STYLE ('',( #5080 ) ) ;
#3522 = SURFACE_SIDE_STYLE ('',( #7095 ) ) ;
#3523 = CARTESIAN_POINT ( 'NONE',  ( 0.8200878779337035240, -2.983564535489507286, 0.001000000000000000021 ) ) ;
#3524 = EDGE_LOOP ( 'NONE', ( #1878, #1239, #4740, #2957 ) ) ;
#3525 = FILL_AREA_STYLE ('',( #588 ) ) ;
#3526 = COLOUR_RGB ( '',0.2235294117647058654, 0.2235294117647058654, 0.2235294117647058654 ) ;
#3527 = FILL_AREA_STYLE ('',( #1493 ) ) ;
#3528 = CARTESIAN_POINT ( 'NONE',  ( 0.4578927559824840232, -2.724723072074873187, 0.001000000000000000021 ) ) ;
#3529 = CARTESIAN_POINT ( 'NONE',  ( -3.250000000000000000, -0.8500000000000000888, 0.000000000000000000 ) ) ;
#3530 = DIRECTION ( 'NONE',  ( -1.000000000000000000, 0.000000000000000000, 0.000000000000000000 ) ) ;
#3531 = VERTEX_POINT ( 'NONE', #7288 ) ;
#3532 = CARTESIAN_POINT ( 'NONE',  ( 0.4578927559824840232, -2.764966974513897835, 0.000000000000000000 ) ) ;
#3533 = SURFACE_SIDE_STYLE ('',( #7107 ) ) ;
#3534 = AXIS2_PLACEMENT_3D ( 'NONE', #9093, #7716, #3597 ) ;
#3535 = PRESENTATION_STYLE_ASSIGNMENT (( #7883 ) ) ;
#3536 = CARTESIAN_POINT ( 'NONE',  ( 0.4578927559824840232, -2.764966974513897835, 0.001000000000000000021 ) ) ;
#3537 =( NAMED_UNIT ( * ) PLANE_ANGLE_UNIT ( ) SI_UNIT ( $, .RADIAN. ) );
#3538 = FACE_OUTER_BOUND ( 'NONE', #7314, .T. ) ;
#3539 = STYLED_ITEM ( 'NONE', ( #4831 ), #9247 ) ;
#3540 = FILL_AREA_STYLE ('',( #788 ) ) ;
#3541 = MECHANICAL_DESIGN_GEOMETRIC_PRESENTATION_REPRESENTATION (  '', ( #1378 ), #3701 ) ;
#3542 = DIRECTION ( 'NONE',  ( -1.000000000000000000, -1.047444401652940164E-14, 0.000000000000000000 ) ) ;
#3543 = EDGE_CURVE ( 'NONE', #696, #1041, #156, .T. ) ;
#3544 = ORIENTED_EDGE ( 'NONE', *, *, #3817, .F. ) ;
#3545 = EDGE_LOOP ( 'NONE', ( #3307, #6176, #3863, #1780 ) ) ;
#3546 = CARTESIAN_POINT ( 'NONE',  ( 0.4578927559824840232, -2.764966974513897835, 0.001000000000000000021 ) ) ;
#3547 = UNCERTAINTY_MEASURE_WITH_UNIT (LENGTH_MEASURE( 1.000000000000000082E-05 ), #2586, 'distance_accuracy_value', 'NONE');
#3548 = FACE_OUTER_BOUND ( 'NONE', #176, .T. ) ;
#3549 = EDGE_LOOP ( 'NONE', ( #3833, #8050, #7123, #7988 ) ) ;
#3550 = PRESENTATION_LAYER_ASSIGNMENT (  '', '', ( #5205 ) ) ;
#3551 = MECHANICAL_DESIGN_GEOMETRIC_PRESENTATION_REPRESENTATION (  '', ( #9285 ), #8832 ) ;
#3552 = CARTESIAN_POINT ( 'NONE',  ( -0.2213945915784914509, -2.774113315977312588, 0.001000000000000000021 ) ) ;
#3553 = EDGE_CURVE ( 'NONE', #8045, #2447, #3078, .T. ) ;
#3554 = CARTESIAN_POINT ( 'NONE',  ( 1.649999999999965938, 3.250000000000017319, -0.02000000000000000042 ) ) ;
#3555 = ADVANCED_FACE ( 'NONE', ( #8906 ), #4616, .T. ) ;
#3556 = DIRECTION ( 'NONE',  ( 0.000000000000000000, -1.000000000000000000, 0.000000000000000000 ) ) ;
#3557 = COLOUR_RGB ( '',0.2235294117647058654, 0.2235294117647058654, 0.2235294117647058654 ) ;
#3558 = CARTESIAN_POINT ( 'NONE',  ( -0.04446308549380671715, -2.939190445006357066, 0.001000000000000000021 ) ) ;
#3559 = DIRECTION ( 'NONE',  ( -0.000000000000000000, -0.000000000000000000, -1.000000000000000000 ) ) ;
#3560 = CARTESIAN_POINT ( 'NONE',  ( 0.5363968895997235364, -3.020102500200047668, 0.000000000000000000 ) ) ;
#3561 = ORIENTED_EDGE ( 'NONE', *, *, #6148, .T. ) ;
#3562 = CARTESIAN_POINT ( 'NONE',  ( 1.649999999999950395, 4.750000000000016875, 0.000000000000000000 ) ) ;
#3563 = CARTESIAN_POINT ( 'NONE',  ( -3.250000000000000444, -1.649999999999999911, -0.02000000000000000042 ) ) ;
#3564 = ORIENTED_EDGE ( 'NONE', *, *, #2661, .F. ) ;
#3565 =( LENGTH_UNIT ( ) NAMED_UNIT ( * ) SI_UNIT ( .MILLI., .METRE. ) );
#3566 = MECHANICAL_DESIGN_GEOMETRIC_PRESENTATION_REPRESENTATION (  '', ( #5081 ), #640 ) ;
#3567 = FILL_AREA_STYLE ('',( #4425 ) ) ;
#3568 = ORIENTED_EDGE ( 'NONE', *, *, #1838, .F. ) ;
#3569 = DIRECTION ( 'NONE',  ( -0.000000000000000000, 0.000000000000000000, -1.000000000000000000 ) ) ;
#3570 = COLOUR_RGB ( '',0.2235294117647058654, 0.2235294117647058654, 0.2235294117647058654 ) ;
#3571 = ADVANCED_FACE ( 'NONE', ( #1568 ), #3123, .T. ) ;
#3572 = VECTOR ( 'NONE', #5843, 1000.000000000000000 ) ;
#3573 = VECTOR ( 'NONE', #8916, 1000.000000000000000 ) ;
#3574 = CARTESIAN_POINT ( 'NONE',  ( 0.5348935181776058867, -2.987223072074873365, 0.000000000000000000 ) ) ;
#3575 = ADVANCED_FACE ( 'NONE', ( #4851 ), #5503, .F. ) ;
#3576 = FILL_AREA_STYLE_COLOUR ( '', #6766 ) ;
#3577 = STYLED_ITEM ( 'NONE', ( #6787 ), #7473 ) ;
#3578 = DIRECTION ( 'NONE',  ( 0.7071067811865474617, -0.7071067811865474617, -0.000000000000000000 ) ) ;
#3579 = VERTEX_POINT ( 'NONE', #8253 ) ;
#3580 = ORIENTED_EDGE ( 'NONE', *, *, #208, .F. ) ;
#3581 = LINE ( 'NONE', #2169, #8918 ) ;
#3582 = CARTESIAN_POINT ( 'NONE',  ( 0.03774430483394165120, -2.760425219869667046, 0.001000000000000000021 ) ) ;
#3583 = VECTOR ( 'NONE', #1624, 1000.000000000000000 ) ;
#3584 = LINE ( 'NONE', #6446, #7142 ) ;
#3585 = FILL_AREA_STYLE_COLOUR ( '', #8510 ) ;
#3586 = ORIENTED_EDGE ( 'NONE', *, *, #2207, .F. ) ;
#3587 = CARTESIAN_POINT ( 'NONE',  ( 0.6788844946242912348, -2.903746283810091366, 0.001000000000000000021 ) ) ;
#3588 = FACE_OUTER_BOUND ( 'NONE', #1938, .T. ) ;
#3589 = CARTESIAN_POINT ( 'NONE',  ( 0.5518313154461953474, -2.747701419169913617, 0.000000000000000000 ) ) ;
#3590 = ORIENTED_EDGE ( 'NONE', *, *, #6798, .F. ) ;
#3591 = AXIS2_PLACEMENT_3D ( 'NONE', #1457, #2911, #31 ) ;
#3592 = AXIS2_PLACEMENT_3D ( 'NONE', #3729, #6578, #2177 ) ;
#3593 = VERTEX_POINT ( 'NONE', #6201 ) ;
#3594 = DIRECTION ( 'NONE',  ( -1.000000000000000000, -1.047444401652940164E-14, 0.000000000000000000 ) ) ;
#3595 =( GEOMETRIC_REPRESENTATION_CONTEXT ( 3 ) GLOBAL_UNCERTAINTY_ASSIGNED_CONTEXT ( ( #1712 ) ) GLOBAL_UNIT_ASSIGNED_CONTEXT ( ( #2215, #7338, #2268 ) ) REPRESENTATION_CONTEXT ( 'NONE', 'WORKASPACE' ) );
#3596 = CARTESIAN_POINT ( 'NONE',  ( 2.900000000000011458, -3.249999999999989786, -0.02000000000000000042 ) ) ;
#3597 = DIRECTION ( 'NONE',  ( 1.000000000000000000, 0.000000000000000000, 0.000000000000000000 ) ) ;
#3598 = PLANE ( 'NONE',  #5476 ) ;
#3599 = DIRECTION ( 'NONE',  ( -0.3390537954853704017, -0.9407669869669984530, 0.000000000000000000 ) ) ;
#3600 = ADVANCED_FACE ( 'NONE', ( #336 ), #4134, .T. ) ;
#3601 = PRESENTATION_STYLE_ASSIGNMENT (( #3020 ) ) ;
#3602 = STYLED_ITEM ( 'NONE', ( #9260 ), #6750 ) ;
#3603 = MECHANICAL_DESIGN_GEOMETRIC_PRESENTATION_REPRESENTATION (  '', ( #3137 ), #8887 ) ;
#3604 = CARTESIAN_POINT ( 'NONE',  ( -0.05562483988490611597, -2.911060506949888271, 0.000000000000000000 ) ) ;
#3605 = LINE ( 'NONE', #854, #7305 ) ;
#3606 = CARTESIAN_POINT ( 'NONE',  ( -0.01707618759245709689, -2.974691442823069742, 0.001000000000000000021 ) ) ;
#3607 = VERTEX_POINT ( 'NONE', #4714 ) ;
#3608 =( LENGTH_UNIT ( ) NAMED_UNIT ( * ) SI_UNIT ( .MILLI., .METRE. ) );
#3609 = AXIS2_PLACEMENT_3D ( 'NONE', #186, #8051, #3015 ) ;
#3610 = EDGE_CURVE ( 'NONE', #7501, #7105, #8442, .T. ) ;
#3611 = LINE ( 'NONE', #3702, #4569 ) ;
#3612 = FILL_AREA_STYLE_COLOUR ( '', #8548 ) ;
#3613 = VERTEX_POINT ( 'NONE', #1923 ) ;
#3614 = EDGE_CURVE ( 'NONE', #594, #701, #6983, .T. ) ;
#3615 = PRESENTATION_STYLE_ASSIGNMENT (( #1382 ) ) ;
#3616 = STYLED_ITEM ( 'NONE', ( #8113 ), #7121 ) ;
#3617 = ADVANCED_FACE ( 'NONE', ( #6103 ), #2494, .T. ) ;
#3618 = AXIS2_PLACEMENT_3D ( 'NONE', #3157, #7555, #4069 ) ;
#3619 = DIRECTION ( 'NONE',  ( -1.000000000000000000, 0.000000000000000000, -0.000000000000000000 ) ) ;
#3620 = ORIENTED_EDGE ( 'NONE', *, *, #1298, .F. ) ;
#3621 = STYLED_ITEM ( 'NONE', ( #4760 ), #3575 ) ;
#3622 = ADVANCED_FACE ( 'NONE', ( #2829 ), #6464, .F. ) ;
#3623 = ORIENTED_EDGE ( 'NONE', *, *, #8041, .T. ) ;
#3624 = DIRECTION ( 'NONE',  ( -0.000000000000000000, -0.000000000000000000, -1.000000000000000000 ) ) ;
#3625 = AXIS2_PLACEMENT_3D ( 'NONE', #5535, #7017, #2763 ) ;
#3626 =( GEOMETRIC_REPRESENTATION_CONTEXT ( 3 ) GLOBAL_UNCERTAINTY_ASSIGNED_CONTEXT ( ( #1966 ) ) GLOBAL_UNIT_ASSIGNED_CONTEXT ( ( #2519, #7363, #6633 ) ) REPRESENTATION_CONTEXT ( 'NONE', 'WORKASPACE' ) );
#3627 = CARTESIAN_POINT ( 'NONE',  ( -2.400000000000000799, 2.399999999999999911, 0.000000000000000000 ) ) ;
#3628 = SURFACE_STYLE_USAGE ( .BOTH. , #9298 ) ;
#3629 = ORIENTED_EDGE ( 'NONE', *, *, #6813, .F. ) ;
#3630 = EDGE_LOOP ( 'NONE', ( #1300, #1395, #314, #2389 ) ) ;
#3631 = MECHANICAL_DESIGN_GEOMETRIC_PRESENTATION_REPRESENTATION (  '', ( #250 ), #6331 ) ;
#3632 = FILL_AREA_STYLE_COLOUR ( '', #5750 ) ;
#3633 = CARTESIAN_POINT ( 'NONE',  ( 0.6270808938087122364, -2.746214464845285530, 6.352747104407252543E-19 ) ) ;
#3634 = DIRECTION ( 'NONE',  ( -1.000000000000000000, -1.047444401652940164E-14, 0.000000000000000000 ) ) ;
#3635 = CARTESIAN_POINT ( 'NONE',  ( -2.100000000000034284, 3.249999999999977796, -0.02000000000000000042 ) ) ;
#3636 = DIRECTION ( 'NONE',  ( 1.000000000000000000, 2.949380252600381138E-15, 0.000000000000000000 ) ) ;
#3637 =( GEOMETRIC_REPRESENTATION_CONTEXT ( 3 ) GLOBAL_UNCERTAINTY_ASSIGNED_CONTEXT ( ( #8959 ) ) GLOBAL_UNIT_ASSIGNED_CONTEXT ( ( #90, #3796, #1176 ) ) REPRESENTATION_CONTEXT ( 'NONE', 'WORKASPACE' ) );
#3638 = ORIENTED_EDGE ( 'NONE', *, *, #7019, .F. ) ;
#3639 = CARTESIAN_POINT ( 'NONE',  ( -3.250000000000000444, -2.900000000000000355, -0.02000000000000000042 ) ) ;
#3640 =( GEOMETRIC_REPRESENTATION_CONTEXT ( 3 ) GLOBAL_UNCERTAINTY_ASSIGNED_CONTEXT ( ( #2613 ) ) GLOBAL_UNIT_ASSIGNED_CONTEXT ( ( #4480, #5013, #3680 ) ) REPRESENTATION_CONTEXT ( 'NONE', 'WORKASPACE' ) );
#3641 = FILL_AREA_STYLE_COLOUR ( '', #852 ) ;
#3642 = FILL_AREA_STYLE_COLOUR ( '', #7042 ) ;
#3643 = VERTEX_POINT ( 'NONE', #5690 ) ;
#3644 = EDGE_CURVE ( 'NONE', #2734, #8729, #3873, .T. ) ;
#3645 = ORIENTED_EDGE ( 'NONE', *, *, #9237, .F. ) ;
#3646 = ORIENTED_EDGE ( 'NONE', *, *, #5973, .F. ) ;
#3647 = UNCERTAINTY_MEASURE_WITH_UNIT (LENGTH_MEASURE( 1.000000000000000082E-05 ), #7048, 'distance_accuracy_value', 'NONE');
#3648 = FILL_AREA_STYLE ('',( #4220 ) ) ;
#3649 = AXIS2_PLACEMENT_3D ( 'NONE', #8923, #2426, #9006 ) ;
#3650 = CARTESIAN_POINT ( 'NONE',  ( -4.750000000000000000, -2.100000000000000089, 0.000000000000000000 ) ) ;
#3651 = VECTOR ( 'NONE', #5653, 1000.000000000000000 ) ;
#3652 = UNCERTAINTY_MEASURE_WITH_UNIT (LENGTH_MEASURE( 1.000000000000000082E-05 ), #4587, 'distance_accuracy_value', 'NONE');
#3653 = LINE ( 'NONE', #4224, #2238 ) ;
#3654 = ADVANCED_BREP_SHAPE_REPRESENTATION ( 'LGA-20_L10.1-W10.1-P1.25-TL', ( #1931, #6248 ), #171 ) ;
#3655 = FILL_AREA_STYLE_COLOUR ( '', #2354 ) ;
#3656 = FILL_AREA_STYLE ('',( #8758 ) ) ;
#3657 = MECHANICAL_DESIGN_GEOMETRIC_PRESENTATION_REPRESENTATION (  '', ( #4409 ), #5322 ) ;
#3658 = VECTOR ( 'NONE', #5398, 1000.000000000000000 ) ;
#3659 = LINE ( 'NONE', #2733, #1416 ) ;
#3660 = DIRECTION ( 'NONE',  ( -1.495451272393802994E-16, 1.000000000000000000, -0.000000000000000000 ) ) ;
#3661 = CARTESIAN_POINT ( 'NONE',  ( 0.4607077732149808535, -3.002496359170963025, 0.000000000000000000 ) ) ;
#3662 = VERTEX_POINT ( 'NONE', #3508 ) ;
#3663 = COLOUR_RGB ( '',0.9686274509803921573, 0.8784313725490195957, 0.5999999999999999778 ) ;
#3664 = LINE ( 'NONE', #9381, #131 ) ;
#3665 = CARTESIAN_POINT ( 'NONE',  ( -3.899999999999999911, -2.899999999999992806, 6.299999999999999822 ) ) ;
#3666 = VERTEX_POINT ( 'NONE', #6377 ) ;
#3668 =( GEOMETRIC_REPRESENTATION_CONTEXT ( 3 ) GLOBAL_UNCERTAINTY_ASSIGNED_CONTEXT ( ( #5489 ) ) GLOBAL_UNIT_ASSIGNED_CONTEXT ( ( #599, #1400, #7886 ) ) REPRESENTATION_CONTEXT ( 'NONE', 'WORKASPACE' ) );
#3667 = LINE ( 'NONE', #5886, #9181 ) ;
#3669 = VERTEX_POINT ( 'NONE', #4503 ) ;
#3670 = CARTESIAN_POINT ( 'NONE',  ( -0.2167642562126378403, -2.753076730611458522, 0.000000000000000000 ) ) ;
#3671 = VERTEX_POINT ( 'NONE', #7379 ) ;
#3672 = LINE ( 'NONE', #1392, #3103 ) ;
#3673 = EDGE_CURVE ( 'NONE', #2628, #4905, #6650, .T. ) ;
#3674 = LINE ( 'NONE', #591, #7339 ) ;
#3675 = PRESENTATION_STYLE_ASSIGNMENT (( #8033 ) ) ;
#3676 = ORIENTED_EDGE ( 'NONE', *, *, #5925, .T. ) ;
#3677 = ORIENTED_EDGE ( 'NONE', *, *, #5358, .T. ) ;
#3678 = ADVANCED_FACE ( 'NONE', ( #8800 ), #9334, .T. ) ;
#3679 = DIRECTION ( 'NONE',  ( 1.000000000000000000, 2.949380252600381533E-15, 0.000000000000000000 ) ) ;
#3680 =( NAMED_UNIT ( * ) SI_UNIT ( $, .STERADIAN. ) SOLID_ANGLE_UNIT ( ) );
#3681 = DIRECTION ( 'NONE',  ( -0.000000000000000000, -0.000000000000000000, -1.000000000000000000 ) ) ;
#3682 = PRESENTATION_STYLE_ASSIGNMENT (( #5855 ) ) ;
#3683 = PLANE ( 'NONE',  #8162 ) ;
#3684 = MECHANICAL_DESIGN_GEOMETRIC_PRESENTATION_REPRESENTATION (  '', ( #310 ), #4600 ) ;
#3685 = DIRECTION ( 'NONE',  ( 1.000000000000000000, 0.000000000000000000, 0.000000000000000000 ) ) ;
#3686 = ORIENTED_EDGE ( 'NONE', *, *, #5276, .T. ) ;
#3687 = ORIENTED_EDGE ( 'NONE', *, *, #9342, .T. ) ;
#3688 = ORIENTED_EDGE ( 'NONE', *, *, #3553, .F. ) ;
#3689 = CARTESIAN_POINT ( 'NONE',  ( -4.099999999999999645, -6.131350216814592372E-16, 0.8000000000000000444 ) ) ;
#3690 = CARTESIAN_POINT ( 'NONE',  ( -3.250000000000000000, -2.100000000000000089, -0.02000000000000000042 ) ) ;
#3691 = VECTOR ( 'NONE', #8471, 1000.000000000000000 ) ;
#3692 = DIRECTION ( 'NONE',  ( 1.000000000000000000, 2.949380252600381138E-15, 0.000000000000000000 ) ) ;
#3693 = PRESENTATION_LAYER_ASSIGNMENT (  '', '', ( #8973 ) ) ;
#3694 = ORIENTED_EDGE ( 'NONE', *, *, #4178, .T. ) ;
#3695 = EDGE_CURVE ( 'NONE', #6429, #3579, #8008, .T. ) ;
#3696 = CARTESIAN_POINT ( 'NONE',  ( -0.01707618759245709689, -2.974691442823069742, 0.001000000000000000021 ) ) ;
#3697 = FILL_AREA_STYLE_COLOUR ( '', #165 ) ;
#3698 = SURFACE_STYLE_FILL_AREA ( #7278 ) ;
#3699 = LINE ( 'NONE', #3026, #2190 ) ;
#3700 = SURFACE_STYLE_FILL_AREA ( #1518 ) ;
#3701 =( GEOMETRIC_REPRESENTATION_CONTEXT ( 3 ) GLOBAL_UNCERTAINTY_ASSIGNED_CONTEXT ( ( #4298 ) ) GLOBAL_UNIT_ASSIGNED_CONTEXT ( ( #2463, #2379, #6119 ) ) REPRESENTATION_CONTEXT ( 'NONE', 'WORKASPACE' ) );
#3702 = CARTESIAN_POINT ( 'NONE',  ( -2.900000000000034106, 3.249999999999969358, 0.000000000000000000 ) ) ;
#3703 = PLANE ( 'NONE',  #5214 ) ;
#3704 = EDGE_LOOP ( 'NONE', ( #1410, #5334, #1409, #6407 ) ) ;
#3705 = CARTESIAN_POINT ( 'NONE',  ( -3.250000000000000000, -0.8500000000000000888, -0.02000000000000000042 ) ) ;
#3706 = SURFACE_STYLE_USAGE ( .BOTH. , #8679 ) ;
#3707 = DIRECTION ( 'NONE',  ( -1.000000000000000000, -9.932342930286647849E-15, 0.000000000000000000 ) ) ;
#3708 = ORIENTED_EDGE ( 'NONE', *, *, #3200, .F. ) ;
#3709 = FACE_OUTER_BOUND ( 'NONE', #1593, .T. ) ;
#3710 = SURFACE_STYLE_USAGE ( .BOTH. , #1574 ) ;
#3711 = CARTESIAN_POINT ( 'NONE',  ( -0.2213945915784912566, -2.774113315977312144, 0.000000000000000000 ) ) ;
#3712 = SURFACE_SIDE_STYLE ('',( #7249 ) ) ;
#3713 = EDGE_CURVE ( 'NONE', #3662, #4375, #7649, .T. ) ;
#3714 = ORIENTED_EDGE ( 'NONE', *, *, #1288, .F. ) ;
#3715 = PRESENTATION_STYLE_ASSIGNMENT (( #7971 ) ) ;
#3716 = DIRECTION ( 'NONE',  ( -1.000000000000000000, 0.000000000000000000, 0.000000000000000000 ) ) ;
#3717 = PLANE ( 'NONE',  #7846 ) ;
#3718 = SURFACE_STYLE_FILL_AREA ( #8595 ) ;
#3719 = ORIENTED_EDGE ( 'NONE', *, *, #4474, .F. ) ;
#3720 = DIRECTION ( 'NONE',  ( -0.000000000000000000, -0.000000000000000000, 1.000000000000000000 ) ) ;
#3721 = PRESENTATION_LAYER_ASSIGNMENT (  '', '', ( #5084 ) ) ;
#3722 = CARTESIAN_POINT ( 'NONE',  ( 0.6753095297365010463, -2.822349818585074388, 0.001000000000000000021 ) ) ;
#3723 = CARTESIAN_POINT ( 'NONE',  ( -4.100000000000000533, 2.899999999999991918, 0.8000000000000000444 ) ) ;
#3724 = ADVANCED_FACE ( 'NONE', ( #3306 ), #2574, .F. ) ;
#3725 = DIRECTION ( 'NONE',  ( 0.000000000000000000, -1.000000000000000000, -0.000000000000000000 ) ) ;
#3726 = CARTESIAN_POINT ( 'NONE',  ( 0.6809697231422598973, -2.877587103247343681, 0.001000000000000000021 ) ) ;
#3727 = STYLED_ITEM ( 'NONE', ( #3615 ), #5805 ) ;
#3728 = ORIENTED_EDGE ( 'NONE', *, *, #2170, .T. ) ;
#3729 = CARTESIAN_POINT ( 'NONE',  ( -5.050000000000002487, 5.049999999999999822, 0.8000000000000000444 ) ) ;
#3730 =( GEOMETRIC_REPRESENTATION_CONTEXT ( 3 ) GLOBAL_UNCERTAINTY_ASSIGNED_CONTEXT ( ( #382 ) ) GLOBAL_UNIT_ASSIGNED_CONTEXT ( ( #3981, #6051, #6831 ) ) REPRESENTATION_CONTEXT ( 'NONE', 'WORKASPACE' ) );
#3731 = FACE_OUTER_BOUND ( 'NONE', #4483, .T. ) ;
#3732 = FACE_OUTER_BOUND ( 'NONE', #7204, .T. ) ;
#3733 = VERTEX_POINT ( 'NONE', #2037 ) ;
#3734 = EDGE_LOOP ( 'NONE', ( #2026, #6667, #4052, #786 ) ) ;
#3735 = ORIENTED_EDGE ( 'NONE', *, *, #2802, .F. ) ;
#3736 = PRESENTATION_LAYER_ASSIGNMENT (  '', '', ( #6422 ) ) ;
#3737 = STYLED_ITEM ( 'NONE', ( #913 ), #5891 ) ;
#3738 = SURFACE_STYLE_USAGE ( .BOTH. , #2392 ) ;
#3739 = CARTESIAN_POINT ( 'NONE',  ( 2.399999999999998579, -2.399999999999999911, -0.02000000000000005246 ) ) ;
#3740 = EDGE_CURVE ( 'NONE', #5124, #8820, #8947, .T. ) ;
#3741 = UNCERTAINTY_MEASURE_WITH_UNIT (LENGTH_MEASURE( 1.000000000000000082E-05 ), #5004, 'distance_accuracy_value', 'NONE');
#3742 = SURFACE_SIDE_STYLE ('',( #2294 ) ) ;
#3743 = LINE ( 'NONE', #141, #8190 ) ;
#3744 = PRESENTATION_LAYER_ASSIGNMENT (  '', '', ( #969 ) ) ;
#3745 =( GEOMETRIC_REPRESENTATION_CONTEXT ( 3 ) GLOBAL_UNCERTAINTY_ASSIGNED_CONTEXT ( ( #7322 ) ) GLOBAL_UNIT_ASSIGNED_CONTEXT ( ( #8512, #7683, #9108 ) ) REPRESENTATION_CONTEXT ( 'NONE', 'WORKASPACE' ) );
#3746 = ORIENTED_EDGE ( 'NONE', *, *, #9220, .T. ) ;
#3747 = COLOUR_RGB ( '',0.9686274509803921573, 0.8784313725490195957, 0.5999999999999999778 ) ;
#3748 = CARTESIAN_POINT ( 'NONE',  ( -0.04446308549380671715, -2.939190445006357066, 0.001000000000000000021 ) ) ;
#3749 = COLOUR_RGB ( '',0.9686274509803921573, 0.8784313725490195957, 0.5999999999999999778 ) ;
#3750 =( NAMED_UNIT ( * ) SI_UNIT ( $, .STERADIAN. ) SOLID_ANGLE_UNIT ( ) );
#3751 = CARTESIAN_POINT ( 'NONE',  ( 0.6405734666117708365, -2.882645406916847897, 0.001000000000000000021 ) ) ;
#3752 =( NAMED_UNIT ( * ) SI_UNIT ( $, .STERADIAN. ) SOLID_ANGLE_UNIT ( ) );
#3753 = DIRECTION ( 'NONE',  ( 0.000000000000000000, -0.000000000000000000, 1.000000000000000000 ) ) ;
#3754 = EDGE_CURVE ( 'NONE', #6553, #6158, #6924, .T. ) ;
#3755 = DIRECTION ( 'NONE',  ( 1.000000000000000000, -5.421010862427523156E-16, 0.000000000000000000 ) ) ;
#3756 = EDGE_LOOP ( 'NONE', ( #3132, #5191, #2036, #5480 ) ) ;
#3757 = VECTOR ( 'NONE', #5220, 1000.000000000000000 ) ;
#3758 = CARTESIAN_POINT ( 'NONE',  ( 2.399999999999999023, 2.399999999999999911, -0.02000000000000005246 ) ) ;
#3759 = DIRECTION ( 'NONE',  ( -0.000000000000000000, -0.000000000000000000, -1.000000000000000000 ) ) ;
#3760 = MECHANICAL_DESIGN_GEOMETRIC_PRESENTATION_REPRESENTATION (  '', ( #1282 ), #4969 ) ;
#3761 = CARTESIAN_POINT ( 'NONE',  ( 3.250000000000000000, 2.100000000000000089, -0.02000000000000000042 ) ) ;
#3762 = AXIS2_PLACEMENT_3D ( 'NONE', #4935, #5652, #617 ) ;
#3763 = FILL_AREA_STYLE_COLOUR ( '', #3769 ) ;
#3764 = ORIENTED_EDGE ( 'NONE', *, *, #785, .F. ) ;
#3765 = CARTESIAN_POINT ( 'NONE',  ( -3.250000000000000000, 0.3999999999999999667, 0.000000000000000000 ) ) ;
#3766 = SURFACE_STYLE_FILL_AREA ( #770 ) ;
#3767 =( NAMED_UNIT ( * ) SI_UNIT ( $, .STERADIAN. ) SOLID_ANGLE_UNIT ( ) );
#3768 = UNCERTAINTY_MEASURE_WITH_UNIT (LENGTH_MEASURE( 1.000000000000000082E-05 ), #3191, 'distance_accuracy_value', 'NONE');
#3769 = COLOUR_RGB ( '',0.9686274509803921573, 0.8784313725490195957, 0.5999999999999999778 ) ;
#3770 = VERTEX_POINT ( 'NONE', #2620 ) ;
#3771 = CARTESIAN_POINT ( 'NONE',  ( -2.100000000000034284, 3.249999999999977796, -0.02000000000000000042 ) ) ;
#3772 = STYLED_ITEM ( 'NONE', ( #7903 ), #3622 ) ;
#3773 =( NAMED_UNIT ( * ) SI_UNIT ( $, .STERADIAN. ) SOLID_ANGLE_UNIT ( ) );
#3774 = CARTESIAN_POINT ( 'NONE',  ( -0.3999999999999833689, -4.750000000000001776, -0.02000000000000000042 ) ) ;
#3775 =( NAMED_UNIT ( * ) SI_UNIT ( $, .STERADIAN. ) SOLID_ANGLE_UNIT ( ) );
#3776 = ORIENTED_EDGE ( 'NONE', *, *, #6222, .T. ) ;
#3777 = FACE_OUTER_BOUND ( 'NONE', #8320, .T. ) ;
#3778 = DIRECTION ( 'NONE',  ( -1.000000000000000000, -3.491481338843133355E-15, 0.000000000000000000 ) ) ;
#3779 = COLOUR_RGB ( '',0.9686274509803921573, 0.8784313725490195957, 0.5999999999999999778 ) ;
#3780 =( LENGTH_UNIT ( ) NAMED_UNIT ( * ) SI_UNIT ( .MILLI., .METRE. ) );
#3781 = DIRECTION ( 'NONE',  ( 2.576321994024960978E-16, -1.000000000000000000, 0.000000000000000000 ) ) ;
#3782 = VERTEX_POINT ( 'NONE', #1040 ) ;
#3783 = CARTESIAN_POINT ( 'NONE',  ( 0.5281480913483377337, -2.745759657440726809, 0.001000000000000000021 ) ) ;
#3784 = STYLED_ITEM ( 'NONE', ( #2540 ), #2201 ) ;
#3785 = DIRECTION ( 'NONE',  ( -0.000000000000000000, 0.000000000000000000, 1.000000000000000000 ) ) ;
#3786 = LINE ( 'NONE', #982, #4987 ) ;
#3787 = CARTESIAN_POINT ( 'NONE',  ( 0.5734649827963140822, -2.753904416123264198, 0.001000000000000000021 ) ) ;
#3788 = ORIENTED_EDGE ( 'NONE', *, *, #6473, .T. ) ;
#3789 = ORIENTED_EDGE ( 'NONE', *, *, #2260, .F. ) ;
#3790 = STYLED_ITEM ( 'NONE', ( #2743 ), #3500 ) ;
#3791 = ORIENTED_EDGE ( 'NONE', *, *, #1489, .F. ) ;
#3792 = PLANE ( 'NONE',  #3609 ) ;
#3793 = EDGE_CURVE ( 'NONE', #6055, #3101, #5493, .T. ) ;
#3794 = VECTOR ( 'NONE', #1745, 1000.000000000000000 ) ;
#3795 = SURFACE_STYLE_FILL_AREA ( #847 ) ;
#3796 =( NAMED_UNIT ( * ) PLANE_ANGLE_UNIT ( ) SI_UNIT ( $, .RADIAN. ) );
#3797 = ADVANCED_FACE ( 'NONE', ( #8378 ), #291, .F. ) ;
#3798 = ORIENTED_EDGE ( 'NONE', *, *, #19, .T. ) ;
#3799 = PRESENTATION_STYLE_ASSIGNMENT (( #8708 ) ) ;
#3800 = LINE ( 'NONE', #3066, #3230 ) ;
#3801 = EDGE_CURVE ( 'NONE', #6429, #3196, #8598, .T. ) ;
#3802 = EDGE_CURVE ( 'NONE', #928, #5419, #5716, .T. ) ;
#3803 = SURFACE_STYLE_USAGE ( .BOTH. , #804 ) ;
#3804 = FILL_AREA_STYLE_COLOUR ( '', #5158 ) ;
#3805 =( NAMED_UNIT ( * ) SI_UNIT ( $, .STERADIAN. ) SOLID_ANGLE_UNIT ( ) );
#3806 = SURFACE_STYLE_USAGE ( .BOTH. , #2749 ) ;
#3807 = DIRECTION ( 'NONE',  ( 0.000000000000000000, -1.000000000000000000, 0.000000000000000000 ) ) ;
#3808 = VECTOR ( 'NONE', #1044, 1000.000000000000000 ) ;
#3809 = PRESENTATION_LAYER_ASSIGNMENT (  '', '', ( #8940 ) ) ;
#3810 = PLANE ( 'NONE',  #8427 ) ;
#3811 = CARTESIAN_POINT ( 'NONE',  ( 3.899999999999999911, -2.900000000000000799, 1.000000000000000000 ) ) ;
#3812 = VERTEX_POINT ( 'NONE', #7882 ) ;
#3813 =( LENGTH_UNIT ( ) NAMED_UNIT ( * ) SI_UNIT ( .MILLI., .METRE. ) );
#3814 = CARTESIAN_POINT ( 'NONE',  ( 0.8500000000000166311, -4.749999999999997335, -0.02000000000000000042 ) ) ;
#3815 = PRESENTATION_LAYER_ASSIGNMENT (  '', '', ( #285 ) ) ;
#3816 = VERTEX_POINT ( 'NONE', #3532 ) ;
#3817 = EDGE_CURVE ( 'NONE', #4287, #590, #1351, .T. ) ;
#3818 = CARTESIAN_POINT ( 'NONE',  ( 0.5284910791532156926, -2.712832828172434319, 0.000000000000000000 ) ) ;
#3819 = STYLED_ITEM ( 'NONE', ( #6575 ), #4601 ) ;
#3820 = CARTESIAN_POINT ( 'NONE',  ( -0.1662307196272721221, -2.899418194026092355, 0.000000000000000000 ) ) ;
#3821 = UNCERTAINTY_MEASURE_WITH_UNIT (LENGTH_MEASURE( 1.000000000000000082E-05 ), #6745, 'distance_accuracy_value', 'NONE');
#3822 = CARTESIAN_POINT ( 'NONE',  ( -0.8499999999999833245, -4.750000000000002665, 0.000000000000000000 ) ) ;
#3823 = ORIENTED_EDGE ( 'NONE', *, *, #3380, .F. ) ;
#3824 = LINE ( 'NONE', #881, #2112 ) ;
#3825 = CARTESIAN_POINT ( 'NONE',  ( 0.6644587173691408610, -2.793320008906116758, 6.352747104407252543E-19 ) ) ;
#3826 = FACE_OUTER_BOUND ( 'NONE', #7159, .T. ) ;
#3827 =( NAMED_UNIT ( * ) SI_UNIT ( $, .STERADIAN. ) SOLID_ANGLE_UNIT ( ) );
#3828 = DIRECTION ( 'NONE',  ( 0.000000000000000000, -0.000000000000000000, -1.000000000000000000 ) ) ;
#3829 = ORIENTED_EDGE ( 'NONE', *, *, #6031, .F. ) ;
#3830 = CARTESIAN_POINT ( 'NONE',  ( 0.6405133736667013578, -2.856035136325696833, 0.001000000000000000021 ) ) ;
#3831 = PLANE ( 'NONE',  #5737 ) ;
#3832 = ORIENTED_EDGE ( 'NONE', *, *, #3423, .F. ) ;
#3833 = ORIENTED_EDGE ( 'NONE', *, *, #932, .F. ) ;
#3834 = CARTESIAN_POINT ( 'NONE',  ( -2.899999999999988365, -3.250000000000010214, -0.02000000000000000042 ) ) ;
#3835 = SURFACE_SIDE_STYLE ('',( #4695 ) ) ;
#3836 = UNCERTAINTY_MEASURE_WITH_UNIT (LENGTH_MEASURE( 1.000000000000000082E-05 ), #3480, 'distance_accuracy_value', 'NONE');
#3837 = PLANE ( 'NONE',  #7862 ) ;
#3838 = COLOUR_RGB ( '',0.2235294117647058654, 0.2235294117647058654, 0.2235294117647058654 ) ;
#3839 = EDGE_CURVE ( 'NONE', #8168, #6055, #3180, .T. ) ;
#3840 = CARTESIAN_POINT ( 'NONE',  ( 0.3993561706166303127, -2.716491364757799953, 0.001000000000000000021 ) ) ;
#3841 = DIRECTION ( 'NONE',  ( -1.047444401652940164E-14, 1.000000000000000000, 0.000000000000000000 ) ) ;
#3842 = CARTESIAN_POINT ( 'NONE',  ( 0.5871173882654330267, -2.974971435323448876, 2.117582368135750848E-19 ) ) ;
#3843 = SURFACE_STYLE_FILL_AREA ( #7429 ) ;
#3844 = CARTESIAN_POINT ( 'NONE',  ( 0.3993561706166303127, -2.716491364757799953, 0.001000000000000000021 ) ) ;
#3845 = AXIS2_PLACEMENT_3D ( 'NONE', #3814, #3859, #6662 ) ;
#3846 = CARTESIAN_POINT ( 'NONE',  ( 0.4578927559824840232, -3.000942584269995272, 0.000000000000000000 ) ) ;
#3847 = AXIS2_PLACEMENT_3D ( 'NONE', #2199, #6463, #8671 ) ;
#3848 = EDGE_LOOP ( 'NONE', ( #1915, #4372, #7847, #2601 ) ) ;
#3849 = EDGE_CURVE ( 'NONE', #6327, #7811, #1719, .T. ) ;
#3850 = CARTESIAN_POINT ( 'NONE',  ( -2.899999999999992806, -3.900000000000000355, 5.299999999999999822 ) ) ;
#3851 = ADVANCED_FACE ( 'NONE', ( #254 ), #8392, .T. ) ;
#3852 = CARTESIAN_POINT ( 'NONE',  ( 0.09701242061663044314, -2.983564535489507286, 0.000000000000000000 ) ) ;
#3853 = MECHANICAL_DESIGN_GEOMETRIC_PRESENTATION_REPRESENTATION (  '', ( #6525 ), #8 ) ;
#3854 = CARTESIAN_POINT ( 'NONE',  ( 0.2530147072019962584, -2.848198681830970802, 0.001000000000000000021 ) ) ;
#3855 = STYLED_ITEM ( 'NONE', ( #6670 ), #1773 ) ;
#3856 =( NAMED_UNIT ( * ) SI_UNIT ( $, .STERADIAN. ) SOLID_ANGLE_UNIT ( ) );
#3857 = CARTESIAN_POINT ( 'NONE',  ( 4.750000000000000000, 2.100000000000000089, 0.000000000000000000 ) ) ;
#3858 = DIRECTION ( 'NONE',  ( 1.495451272393802994E-16, -1.000000000000000000, 0.000000000000000000 ) ) ;
#3859 = DIRECTION ( 'NONE',  ( -3.491481338843134144E-15, 1.000000000000000000, 0.000000000000000000 ) ) ;
#3860 = SURFACE_STYLE_FILL_AREA ( #8957 ) ;
#3861 = UNCERTAINTY_MEASURE_WITH_UNIT (LENGTH_MEASURE( 1.000000000000000082E-05 ), #2717, 'distance_accuracy_value', 'NONE');
#3862 = ORIENTED_EDGE ( 'NONE', *, *, #8062, .F. ) ;
#3863 = ORIENTED_EDGE ( 'NONE', *, *, #1542, .F. ) ;
#3864 = LINE ( 'NONE', #873, #4183 ) ;
#3865 =( NAMED_UNIT ( * ) PLANE_ANGLE_UNIT ( ) SI_UNIT ( $, .RADIAN. ) );
#3866 = ORIENTED_EDGE ( 'NONE', *, *, #2866, .F. ) ;
#3867 =( NAMED_UNIT ( * ) PLANE_ANGLE_UNIT ( ) SI_UNIT ( $, .RADIAN. ) );
#3868 = CARTESIAN_POINT ( 'NONE',  ( 0.3591122681776059422, -2.749418194026092443, 0.001000000000000000021 ) ) ;
#3869 = EDGE_CURVE ( 'NONE', #6509, #7234, #7531, .T. ) ;
#3870 = CARTESIAN_POINT ( 'NONE',  ( 0.4578927559824840232, -2.968015755001702338, 2.117582368135750848E-19 ) ) ;
#3871 = FILL_AREA_STYLE ('',( #5238 ) ) ;
#3872 = ORIENTED_EDGE ( 'NONE', *, *, #6798, .T. ) ;
#3873 = B_SPLINE_CURVE_WITH_KNOTS ( 'NONE', 3,
 ( #5779, #4933, #9239, #571, #2149, #5070, #7949, #4357, #7228, #715, #6504, #8492, #525, #9275, #7805, #4892, #4230, #1236, #7083 ),
 .UNSPECIFIED., .F., .F.,
 ( 4, 1, 1, 1, 1, 1, 1, 1, 1, 1, 1, 1, 1, 1, 1, 1, 4 ),
 ( 0.000000000000000000, 0.07430379644281459584, 0.1443936103644176128, 0.2104994961032796430, 0.2735426065034680110, 0.3338247445790726298, 0.3925296724085031719, 0.4500874545995843801, 0.5078206115557873934, 0.5654649127768455186, 0.6231487223336187320, 0.6812971927909348135, 0.7409134981565805855, 0.8018557521958576961, 0.8652412377209430794, 0.9309416570467442531, 0.9999999999999998890 ),
 .UNSPECIFIED. ) ;
#3874 = CARTESIAN_POINT ( 'NONE',  ( 0.6407156909069433581, -2.865058756987149735, 0.001000000000000000021 ) ) ;
#3875 = CARTESIAN_POINT ( 'NONE',  ( -0.3103999269443450948, -3.016491364757799776, 0.001000000000000000021 ) ) ;
#3876 = LINE ( 'NONE', #6722, #6026 ) ;
#3877 = CARTESIAN_POINT ( 'NONE',  ( 0.6015044574530875598, -2.771314523132818231, 0.000000000000000000 ) ) ;
#3878 = EDGE_LOOP ( 'NONE', ( #7140, #9235, #4686, #703 ) ) ;
#3879 = ORIENTED_EDGE ( 'NONE', *, *, #1489, .T. ) ;
#3880 = ORIENTED_EDGE ( 'NONE', *, *, #434, .F. ) ;
#3881 =( LENGTH_UNIT ( ) NAMED_UNIT ( * ) SI_UNIT ( .MILLI., .METRE. ) );
#3882 = STYLED_ITEM ( 'NONE', ( #3095 ), #5425 ) ;
#3883 = CARTESIAN_POINT ( 'NONE',  ( 0.4000000000000166755, -4.749999999999998224, 0.000000000000000000 ) ) ;
#3884 = COLOUR_RGB ( '',0.9686274509803921573, 0.8784313725490195957, 0.5999999999999999778 ) ;
#3885 = SURFACE_STYLE_FILL_AREA ( #994 ) ;
#3886 =( NAMED_UNIT ( * ) SI_UNIT ( $, .STERADIAN. ) SOLID_ANGLE_UNIT ( ) );
#3887 = CARTESIAN_POINT ( 'NONE',  ( 0.6809328306532521635, -2.866314010205348151, -0.000000000000000000 ) ) ;
#3888 = COLOUR_RGB ( '',0.9686274509803921573, 0.8784313725490195957, 0.5999999999999999778 ) ;
#3889 = CARTESIAN_POINT ( 'NONE',  ( 0.5387475206809709816, -2.987123742649708369, 2.117582368135750848E-19 ) ) ;
#3890 = COLOUR_RGB ( '',0.2235294117647058654, 0.2235294117647058654, 0.2235294117647058654 ) ;
#3891 = FILL_AREA_STYLE_COLOUR ( '', #76 ) ;
#3892 = ADVANCED_FACE ( 'NONE', ( #3950 ), #565, .F. ) ;
#3893 = PLANE ( 'NONE',  #7615 ) ;
#3894 = CARTESIAN_POINT ( 'NONE',  ( 3.899999999999999911, -2.900000000000000799, 5.299999999999999822 ) ) ;
#3895 = CARTESIAN_POINT ( 'NONE',  ( 4.750000000000000000, -2.100000000000000089, 0.000000000000000000 ) ) ;
#3896 = MECHANICAL_DESIGN_GEOMETRIC_PRESENTATION_REPRESENTATION (  '', ( #7184 ), #4653 ) ;
#3897 = SURFACE_SIDE_STYLE ('',( #7474 ) ) ;
#3898 =( GEOMETRIC_REPRESENTATION_CONTEXT ( 3 ) GLOBAL_UNCERTAINTY_ASSIGNED_CONTEXT ( ( #7422 ) ) GLOBAL_UNIT_ASSIGNED_CONTEXT ( ( #2261, #8109, #6059 ) ) REPRESENTATION_CONTEXT ( 'NONE', 'WORKASPACE' ) );
#3899 = AXIS2_PLACEMENT_3D ( 'NONE', #2376, #8080, #1684 ) ;
#3900 = AXIS2_PLACEMENT_3D ( 'NONE', #7214, #7996, #704 ) ;
#3901 = CARTESIAN_POINT ( 'NONE',  ( -0.1969852927980037249, -2.716491364757799953, 0.001000000000000000021 ) ) ;
#3902 = PRODUCT_RELATED_PRODUCT_CATEGORY ( 'part', '', ( #9175 ) ) ;
#3903 = AXIS2_PLACEMENT_3D ( 'NONE', #3211, #1611, #9121 ) ;
#3904 = STYLED_ITEM ( 'NONE', ( #8181 ), #6261 ) ;
#3905 = FILL_AREA_STYLE ('',( #8115 ) ) ;
#3906 = SURFACE_STYLE_FILL_AREA ( #8302 ) ;
#3907 =( NAMED_UNIT ( * ) SI_UNIT ( $, .STERADIAN. ) SOLID_ANGLE_UNIT ( ) );
#3908 = SURFACE_STYLE_FILL_AREA ( #1769 ) ;
#3909 = ORIENTED_EDGE ( 'NONE', *, *, #3839, .F. ) ;
#3910 = DIRECTION ( 'NONE',  ( -3.491481338843134144E-15, 1.000000000000000000, 0.000000000000000000 ) ) ;
#3911 = EDGE_CURVE ( 'NONE', #3390, #2523, #3130, .T. ) ;
#3912 =( LENGTH_UNIT ( ) NAMED_UNIT ( * ) SI_UNIT ( .MILLI., .METRE. ) );
#3913 = VECTOR ( 'NONE', #5528, 1000.000000000000000 ) ;
#3914 = COLOUR_RGB ( '',0.9686274509803921573, 0.8784313725490195957, 0.5999999999999999778 ) ;
#3915 = CARTESIAN_POINT ( 'NONE',  ( 0.5082036486210692594, -2.713518764302259356, 0.000000000000000000 ) ) ;
#3916 = UNCERTAINTY_MEASURE_WITH_UNIT (LENGTH_MEASURE( 1.000000000000000082E-05 ), #3219, 'distance_accuracy_value', 'NONE');
#3917 = DIRECTION ( 'NONE',  ( -0.000000000000000000, -0.000000000000000000, -1.000000000000000000 ) ) ;
#3918 = ORIENTED_EDGE ( 'NONE', *, *, #119, .F. ) ;
#3919 = ADVANCED_FACE ( 'NONE', ( #2414 ), #5329, .F. ) ;
#3920 = CIRCLE ( 'NONE', #1748, 1.200000000000000622 ) ;
#3921 = FACE_OUTER_BOUND ( 'NONE', #6448, .T. ) ;
#3922 = DIRECTION ( 'NONE',  ( -1.000000000000000000, -0.000000000000000000, -0.000000000000000000 ) ) ;
#3923 =( NAMED_UNIT ( * ) SI_UNIT ( $, .STERADIAN. ) SOLID_ANGLE_UNIT ( ) );
#3924 = MECHANICAL_DESIGN_GEOMETRIC_PRESENTATION_REPRESENTATION (  '', ( #2686 ), #2224 ) ;
#3925 = ORIENTED_EDGE ( 'NONE', *, *, #4746, .T. ) ;
#3926 = SURFACE_STYLE_FILL_AREA ( #133 ) ;
#3927 = SURFACE_STYLE_FILL_AREA ( #1550 ) ;
#3928 = ORIENTED_EDGE ( 'NONE', *, *, #1904, .T. ) ;
#3929 = VECTOR ( 'NONE', #2280, 1000.000000000000000 ) ;
#3930 = ORIENTED_EDGE ( 'NONE', *, *, #2843, .T. ) ;
#3931 = AXIS2_PLACEMENT_3D ( 'NONE', #2604, #4063, #5527 ) ;
#3932 = CARTESIAN_POINT ( 'NONE',  ( -0.009043048906411636431, -2.803481518335007472, 0.001000000000000000021 ) ) ;
#3933 =( NAMED_UNIT ( * ) SI_UNIT ( $, .STERADIAN. ) SOLID_ANGLE_UNIT ( ) );
#3934 =( NAMED_UNIT ( * ) PLANE_ANGLE_UNIT ( ) SI_UNIT ( $, .RADIAN. ) );
#3935 = VECTOR ( 'NONE', #8619, 1000.000000000000000 ) ;
#3936 = EDGE_CURVE ( 'NONE', #3643, #1790, #3409, .T. ) ;
#3937 = MECHANICAL_DESIGN_GEOMETRIC_PRESENTATION_REPRESENTATION (  '', ( #2694 ), #2542 ) ;
#3938 = CARTESIAN_POINT ( 'NONE',  ( 0.6570706429251763625, -2.780089457537938902, 0.000000000000000000 ) ) ;
#3939 = CARTESIAN_POINT ( 'NONE',  ( 0.3591122681776059422, -2.881125511099263736, 0.001000000000000000021 ) ) ;
#3940 = CARTESIAN_POINT ( 'NONE',  ( -0.2147817846726387536, -2.759248585543775167, 0.000000000000000000 ) ) ;
#3941 = SURFACE_STYLE_USAGE ( .BOTH. , #997 ) ;
#3942 = COLOUR_RGB ( '',0.9686274509803921573, 0.8784313725490195957, 0.5999999999999999778 ) ;
#3943 = LINE ( 'NONE', #8290, #9041 ) ;
#3944 = ORIENTED_EDGE ( 'NONE', *, *, #6251, .F. ) ;
#3945 = VECTOR ( 'NONE', #3720, 1000.000000000000000 ) ;
#3946 = UNCERTAINTY_MEASURE_WITH_UNIT (LENGTH_MEASURE( 1.000000000000000082E-05 ), #802, 'distance_accuracy_value', 'NONE');
#3947 = CARTESIAN_POINT ( 'NONE',  ( -1.649999999999988809, -3.250000000000005329, 0.000000000000000000 ) ) ;
#3948 =( NAMED_UNIT ( * ) SI_UNIT ( $, .STERADIAN. ) SOLID_ANGLE_UNIT ( ) );
#3949 = CARTESIAN_POINT ( 'NONE',  ( 2.399999999999998579, -2.399999999999999911, -0.02000000000000005246 ) ) ;
#3950 = FACE_OUTER_BOUND ( 'NONE', #3272, .T. ) ;
#3951 = ORIENTED_EDGE ( 'NONE', *, *, #374, .T. ) ;
#3952 = MECHANICAL_DESIGN_GEOMETRIC_PRESENTATION_REPRESENTATION (  '', ( #4567 ), #1023 ) ;
#3953 =( NAMED_UNIT ( * ) PLANE_ANGLE_UNIT ( ) SI_UNIT ( $, .RADIAN. ) );
#3954 = PRESENTATION_LAYER_ASSIGNMENT (  '', '', ( #879 ) ) ;
#3955 = AXIS2_PLACEMENT_3D ( 'NONE', #2352, #5167, #5830 ) ;
#3956 = CARTESIAN_POINT ( 'NONE',  ( 0.5284910791532156926, -2.712832828172434319, 0.001000000000000000021 ) ) ;
#3957 = CARTESIAN_POINT ( 'NONE',  ( 0.5348935181776058867, -2.987223072074873365, 0.000000000000000000 ) ) ;
#3958 = EDGE_LOOP ( 'NONE', ( #3686, #5655, #536, #2786 ) ) ;
#3959 =( NAMED_UNIT ( * ) SI_UNIT ( $, .STERADIAN. ) SOLID_ANGLE_UNIT ( ) );
#3960 = CARTESIAN_POINT ( 'NONE',  ( 1.250000000000000000, 4.471698423304956386E-15, -0.02000000000000000042 ) ) ;
#3961 =( LENGTH_UNIT ( ) NAMED_UNIT ( * ) SI_UNIT ( .MILLI., .METRE. ) );
#3962 = EDGE_CURVE ( 'NONE', #3390, #3011, #8932, .T. ) ;
#3963 = MECHANICAL_DESIGN_GEOMETRIC_PRESENTATION_REPRESENTATION (  '', ( #3819 ), #3668 ) ;
#3964 = VERTEX_POINT ( 'NONE', #3369 ) ;
#3965 = CARTESIAN_POINT ( 'NONE',  ( -0.2157924574321501143, -2.753076730611458522, 0.000000000000000000 ) ) ;
#3966 = EDGE_CURVE ( 'NONE', #5815, #9160, #4936, .T. ) ;
#3967 = CARTESIAN_POINT ( 'NONE',  ( 0.8200878779337035240, -2.983564535489507286, 0.000000000000000000 ) ) ;
#3968 = CARTESIAN_POINT ( 'NONE',  ( 0.3993561706166303127, -2.716491364757799953, 0.000000000000000000 ) ) ;
#3969 = ORIENTED_EDGE ( 'NONE', *, *, #3695, .F. ) ;
#3970 = VERTEX_POINT ( 'NONE', #576 ) ;
#3971 = STYLED_ITEM ( 'NONE', ( #6334 ), #5170 ) ;
#3972 = CARTESIAN_POINT ( 'NONE',  ( 0.03774430483394165120, -2.760425219869667046, 0.000000000000000000 ) ) ;
#3973 = FILL_AREA_STYLE_COLOUR ( '', #579 ) ;
#3974 = CARTESIAN_POINT ( 'NONE',  ( 0.5927231091359704829, -2.764505767420454951, 0.000000000000000000 ) ) ;
#3975 = UNCERTAINTY_MEASURE_WITH_UNIT (LENGTH_MEASURE( 1.000000000000000082E-05 ), #4536, 'distance_accuracy_value', 'NONE');
#3976 = LINE ( 'NONE', #6822, #1946 ) ;
#3977 = CARTESIAN_POINT ( 'NONE',  ( -0.1662307196272721221, -2.899418194026092355, 0.001000000000000000021 ) ) ;
#3978 = FILL_AREA_STYLE_COLOUR ( '', #7842 ) ;
#3979 = FILL_AREA_STYLE ('',( #7603 ) ) ;
#3980 = EDGE_LOOP ( 'NONE', ( #2767, #1364, #3646 ) ) ;
#3981 =( LENGTH_UNIT ( ) NAMED_UNIT ( * ) SI_UNIT ( .MILLI., .METRE. ) );
#3982 = EDGE_LOOP ( 'NONE', ( #2939, #5020, #8699, #3823 ) ) ;
#3983 = UNCERTAINTY_MEASURE_WITH_UNIT (LENGTH_MEASURE( 1.000000000000000082E-05 ), #8161, 'distance_accuracy_value', 'NONE');
#3984 = CARTESIAN_POINT ( 'NONE',  ( -0.003987670644457722881, -2.934713324918984068, 0.001000000000000000021 ) ) ;
#3985 = VECTOR ( 'NONE', #1617, 1000.000000000000000 ) ;
#3986 = DIRECTION ( 'NONE',  ( -0.000000000000000000, -0.000000000000000000, 1.000000000000000000 ) ) ;
#3987 = EDGE_CURVE ( 'NONE', #2322, #1652, #9331, .T. ) ;
#3988 = EDGE_CURVE ( 'NONE', #7150, #7870, #7130, .T. ) ;
#3989 = FILL_AREA_STYLE_COLOUR ( '', #9044 ) ;
#3990 = STYLED_ITEM ( 'NONE', ( #2689 ), #9000 ) ;
#3991 = CARTESIAN_POINT ( 'NONE',  ( -0.1561125793833695319, -2.932345023294385289, 0.001000000000000000021 ) ) ;
#3992 = CARTESIAN_POINT ( 'NONE',  ( 0.2456976340312645724, -2.749418194026092443, 0.001000000000000000021 ) ) ;
#3993 = FILL_AREA_STYLE ('',( #7573 ) ) ;
#3994 = PLANE ( 'NONE',  #3845 ) ;
#3995 = ORIENTED_EDGE ( 'NONE', *, *, #6512, .T. ) ;
#3996 = FILL_AREA_STYLE ('',( #7396 ) ) ;
#3997 = PRESENTATION_LAYER_ASSIGNMENT (  '', '', ( #8971 ) ) ;
#3998 = SURFACE_STYLE_USAGE ( .BOTH. , #9051 ) ;
#3999 =( GEOMETRIC_REPRESENTATION_CONTEXT ( 3 ) GLOBAL_UNCERTAINTY_ASSIGNED_CONTEXT ( ( #6368 ) ) GLOBAL_UNIT_ASSIGNED_CONTEXT ( ( #7447, #931, #8926 ) ) REPRESENTATION_CONTEXT ( 'NONE', 'WORKASPACE' ) );
#4000 = PRESENTATION_STYLE_ASSIGNMENT (( #6298 ) ) ;
#4001 = LINE ( 'NONE', #6852, #8313 ) ;
#4002 = CARTESIAN_POINT ( 'NONE',  ( 0.4935631600167175725, -2.982538857037524416, 0.000000000000000000 ) ) ;
#4003 = EDGE_LOOP ( 'NONE', ( #5726, #6880, #2566, #1844 ) ) ;
#4004 = FILL_AREA_STYLE_COLOUR ( '', #1727 ) ;
#4005 = LINE ( 'NONE', #1782, #4261 ) ;
#4006 = MECHANICAL_DESIGN_GEOMETRIC_PRESENTATION_REPRESENTATION (  '', ( #8370 ), #5515 ) ;
#4007 = FILL_AREA_STYLE ('',( #6118 ) ) ;
#4008 = STYLED_ITEM ( 'NONE', ( #3370 ), #2009 ) ;
#4009 = SURFACE_SIDE_STYLE ('',( #4629 ) ) ;
#4010 = EDGE_CURVE ( 'NONE', #7773, #8778, #619, .T. ) ;
#4011 = CARTESIAN_POINT ( 'NONE',  ( 0.5404384876898011836, -3.020149901343165855, 0.001000000000000000021 ) ) ;
#4012 = ORIENTED_EDGE ( 'NONE', *, *, #2260, .T. ) ;
#4013 = PLANE ( 'NONE',  #8283 ) ;
#4014 = DIRECTION ( 'NONE',  ( -0.000000000000000000, -0.000000000000000000, 1.000000000000000000 ) ) ;
#4015 =( GEOMETRIC_REPRESENTATION_CONTEXT ( 3 ) GLOBAL_UNCERTAINTY_ASSIGNED_CONTEXT ( ( #9277 ) ) GLOBAL_UNIT_ASSIGNED_CONTEXT ( ( #2449, #5263, #3805 ) ) REPRESENTATION_CONTEXT ( 'NONE', 'WORKASPACE' ) );
#4016 = CARTESIAN_POINT ( 'NONE',  ( 0.2383805608605327753, -3.016491364757799776, 0.001000000000000000021 ) ) ;
#4017 = ORIENTED_EDGE ( 'NONE', *, *, #6702, .F. ) ;
#4018 = LINE ( 'NONE', #4828, #5450 ) ;
#4019 = EDGE_CURVE ( 'NONE', #7087, #5419, #8446, .T. ) ;
#4020 = CARTESIAN_POINT ( 'NONE',  ( -0.02127720252571943180, -2.858979702875077411, 2.117582368135750848E-19 ) ) ;
#4021 = SURFACE_SIDE_STYLE ('',( #364 ) ) ;
#4022 =( NAMED_UNIT ( * ) PLANE_ANGLE_UNIT ( ) SI_UNIT ( $, .RADIAN. ) );
#4023 = PLANE ( 'NONE',  #7406 ) ;
#4024 = PLANE ( 'NONE',  #3903 ) ;
#4025 = FACE_BOUND ( 'NONE', #2705, .T. ) ;
#4026 = CARTESIAN_POINT ( 'NONE',  ( 0.8499999999999658939, 3.250000000000008882, -0.02000000000000000042 ) ) ;
#4027 = DIRECTION ( 'NONE',  ( 1.000000000000000000, -5.421010862427523156E-16, 0.000000000000000000 ) ) ;
#4028 = EDGE_CURVE ( 'NONE', #1836, #5683, #6006, .T. ) ;
#4029 = EDGE_LOOP ( 'NONE', ( #4869, #409, #293, #463 ) ) ;
#4030 = DIRECTION ( 'NONE',  ( 1.000000000000000000, 1.047444401652940164E-14, 0.000000000000000000 ) ) ;
#4031 = MECHANICAL_DESIGN_GEOMETRIC_PRESENTATION_REPRESENTATION (  '', ( #3882 ), #2482 ) ;
#4032 = DIRECTION ( 'NONE',  ( 0.000000000000000000, -1.000000000000000000, 0.000000000000000000 ) ) ;
#4033 = EDGE_CURVE ( 'NONE', #7635, #264, #7715, .T. ) ;
#4034 = VERTEX_POINT ( 'NONE', #4138 ) ;
#4035 =( NAMED_UNIT ( * ) PLANE_ANGLE_UNIT ( ) SI_UNIT ( $, .RADIAN. ) );
#4036 = DIRECTION ( 'NONE',  ( -0.000000000000000000, -0.000000000000000000, -1.000000000000000000 ) ) ;
#4037 = UNCERTAINTY_MEASURE_WITH_UNIT (LENGTH_MEASURE( 1.000000000000000082E-05 ), #2976, 'distance_accuracy_value', 'NONE');
#4038 = VECTOR ( 'NONE', #2751, 1000.000000000000000 ) ;
#4039 = STYLED_ITEM ( 'NONE', ( #1152 ), #5753 ) ;
#4040 = FACE_OUTER_BOUND ( 'NONE', #8382, .T. ) ;
#4041 = EDGE_CURVE ( 'NONE', #8440, #9407, #1474, .T. ) ;
#4042 = LINE ( 'NONE', #1926, #6161 ) ;
#4043 =( NAMED_UNIT ( * ) PLANE_ANGLE_UNIT ( ) SI_UNIT ( $, .RADIAN. ) );
#4044 = CARTESIAN_POINT ( 'NONE',  ( -0.8499999999999885425, -3.250000000000003109, 0.000000000000000000 ) ) ;
#4045 = VERTEX_POINT ( 'NONE', #8712 ) ;
#4046 = CIRCLE ( 'NONE', #3121, 1.000000000000000000 ) ;
#4047 = LINE ( 'NONE', #9097, #8418 ) ;
#4048 = CARTESIAN_POINT ( 'NONE',  ( -0.05074490669223331862, -2.802650212219532033, 0.000000000000000000 ) ) ;
#4049 = CARTESIAN_POINT ( 'NONE',  ( 3.250000000000000444, 0.4000000000000000777, 0.000000000000000000 ) ) ;
#4050 = AXIS2_PLACEMENT_3D ( 'NONE', #1342, #9289, #8024 ) ;
#4051 = DIRECTION ( 'NONE',  ( -1.000000000000000000, 0.000000000000000000, -0.000000000000000000 ) ) ;
#4052 = ORIENTED_EDGE ( 'NONE', *, *, #8304, .F. ) ;
#4053 =( NAMED_UNIT ( * ) SI_UNIT ( $, .STERADIAN. ) SOLID_ANGLE_UNIT ( ) );
#4054 = CARTESIAN_POINT ( 'NONE',  ( 0.3999999999999659384, 3.250000000000003997, -0.02000000000000000042 ) ) ;
#4055 = ORIENTED_EDGE ( 'NONE', *, *, #5757, .T. ) ;
#4056 = FILL_AREA_STYLE_COLOUR ( '', #7143 ) ;
#4057 = PRESENTATION_LAYER_ASSIGNMENT (  '', '', ( #2822 ) ) ;
#4058 = VECTOR ( 'NONE', #775, 1000.000000000000000 ) ;
#4059 = VECTOR ( 'NONE', #8993, 1000.000000000000000 ) ;
#4060 = FILL_AREA_STYLE_COLOUR ( '', #6860 ) ;
#4061 =( NAMED_UNIT ( * ) SI_UNIT ( $, .STERADIAN. ) SOLID_ANGLE_UNIT ( ) );
#4062 = LINE ( 'NONE', #3481, #4479 ) ;
#4063 = DIRECTION ( 'NONE',  ( -0.000000000000000000, 0.000000000000000000, 1.000000000000000000 ) ) ;
#4064 = CARTESIAN_POINT ( 'NONE',  ( 4.750000000000000000, -1.649999999999999911, 0.000000000000000000 ) ) ;
#4065 = ORIENTED_EDGE ( 'NONE', *, *, #1079, .F. ) ;
#4066 = VECTOR ( 'NONE', #3917, 1000.000000000000000 ) ;
#4067 = CARTESIAN_POINT ( 'NONE',  ( 0.2383805608605327753, -2.983564535489507286, 0.001000000000000000021 ) ) ;
#4068 = STYLED_ITEM ( 'NONE', ( #7897 ), #8424 ) ;
#4069 = DIRECTION ( 'NONE',  ( 0.000000000000000000, -0.000000000000000000, -1.000000000000000000 ) ) ;
#4070 = CARTESIAN_POINT ( 'NONE',  ( 0.02805725097586346875, -2.765357711974909538, 0.000000000000000000 ) ) ;
#4071 = SURFACE_STYLE_FILL_AREA ( #4920 ) ;
#4072 = LINE ( 'NONE', #8372, #3017 ) ;
#4073 = UNCERTAINTY_MEASURE_WITH_UNIT (LENGTH_MEASURE( 1.000000000000000082E-05 ), #4456, 'distance_accuracy_value', 'NONE');
#4074 = PLANE ( 'NONE',  #711 ) ;
#4075 = STYLED_ITEM ( 'NONE', ( #7460 ), #8530 ) ;
#4076 = DIRECTION ( 'NONE',  ( 1.000000000000000000, -0.000000000000000000, 0.000000000000000000 ) ) ;
#4077 = FACE_BOUND ( 'NONE', #8885, .T. ) ;
#4078 = PRESENTATION_LAYER_ASSIGNMENT (  '', '', ( #2993 ) ) ;
#4079 = SURFACE_STYLE_USAGE ( .BOTH. , #6879 ) ;
#4080 = ORIENTED_EDGE ( 'NONE', *, *, #9342, .F. ) ;
#4081 = CARTESIAN_POINT ( 'NONE',  ( -2.400000000000000799, 2.399999999999999911, -6.808225099390855739 ) ) ;
#4082 = SURFACE_STYLE_USAGE ( .BOTH. , #5448 ) ;
#4083 = ORIENTED_EDGE ( 'NONE', *, *, #3793, .T. ) ;
#4084 = UNCERTAINTY_MEASURE_WITH_UNIT (LENGTH_MEASURE( 1.000000000000000082E-05 ), #6548, 'distance_accuracy_value', 'NONE');
#4085 = VECTOR ( 'NONE', #2905, 1000.000000000000000 ) ;
#4086 = CARTESIAN_POINT ( 'NONE',  ( 0.5281480913483377337, -2.745759657440726809, 0.001000000000000000021 ) ) ;
#4087 = FILL_AREA_STYLE ('',( #7704 ) ) ;
#4088 = EDGE_CURVE ( 'NONE', #7444, #924, #7232, .T. ) ;
#4089 = VERTEX_POINT ( 'NONE', #2930 ) ;
#4090 = EDGE_CURVE ( 'NONE', #733, #3216, #6507, .T. ) ;
#4091 =( NAMED_UNIT ( * ) SI_UNIT ( $, .STERADIAN. ) SOLID_ANGLE_UNIT ( ) );
#4092 = COLOUR_RGB ( '',0.2235294117647058654, 0.2235294117647058654, 0.2235294117647058654 ) ;
#4093 = ADVANCED_FACE ( 'NONE', ( #2204 ), #1522, .F. ) ;
#4094 =( LENGTH_UNIT ( ) NAMED_UNIT ( * ) SI_UNIT ( .MILLI., .METRE. ) );
#4095 = CARTESIAN_POINT ( 'NONE',  ( 0.5312708920078789143, -2.987175509910647619, 0.001000000000000000021 ) ) ;
#4096 = VECTOR ( 'NONE', #970, 1000.000000000000000 ) ;
#4097 = CARTESIAN_POINT ( 'NONE',  ( -4.750000000000000000, 1.649999999999999911, -0.02000000000000000042 ) ) ;
#4098 = CARTESIAN_POINT ( 'NONE',  ( -0.05908484747271971343, -2.831140498329974164, 0.001000000000000000021 ) ) ;
#4099 =( NAMED_UNIT ( * ) PLANE_ANGLE_UNIT ( ) SI_UNIT ( $, .RADIAN. ) );
#4100 =( NAMED_UNIT ( * ) SI_UNIT ( $, .STERADIAN. ) SOLID_ANGLE_UNIT ( ) );
#4101 = PRESENTATION_LAYER_ASSIGNMENT (  '', '', ( #8317 ) ) ;
#4102 =( LENGTH_UNIT ( ) NAMED_UNIT ( * ) SI_UNIT ( .MILLI., .METRE. ) );
#4103 = VECTOR ( 'NONE', #9118, 1000.000000000000000 ) ;
#4104 = CARTESIAN_POINT ( 'NONE',  ( 0.04789897725888041247, -2.721859869472561755, 0.000000000000000000 ) ) ;
#4105 = DIRECTION ( 'NONE',  ( -0.000000000000000000, -0.000000000000000000, -1.000000000000000000 ) ) ;
#4106 = ORIENTED_EDGE ( 'NONE', *, *, #6203, .T. ) ;
#4107 =( NAMED_UNIT ( * ) PLANE_ANGLE_UNIT ( ) SI_UNIT ( $, .RADIAN. ) );
#4108 = PLANE ( 'NONE',  #3065 ) ;
#4109 = PRESENTATION_LAYER_ASSIGNMENT (  '', '', ( #4713 ) ) ;
#4110 = VERTEX_POINT ( 'NONE', #6601 ) ;
#4111 = DIRECTION ( 'NONE',  ( -1.000000000000000000, 0.000000000000000000, 0.000000000000000000 ) ) ;
#4112 = DIRECTION ( 'NONE',  ( 0.000000000000000000, 0.000000000000000000, -1.000000000000000000 ) ) ;
#4113 = CARTESIAN_POINT ( 'NONE',  ( -0.8499999999999885425, -3.250000000000003109, -0.02000000000000000042 ) ) ;
#4114 = AXIS2_PLACEMENT_3D ( 'NONE', #7223, #1515, #709 ) ;
#4115 = VECTOR ( 'NONE', #6468, 1000.000000000000227 ) ;
#4116 = DIRECTION ( 'NONE',  ( -0.000000000000000000, -0.000000000000000000, -1.000000000000000000 ) ) ;
#4117 = ORIENTED_EDGE ( 'NONE', *, *, #2207, .T. ) ;
#4118 = SURFACE_STYLE_USAGE ( .BOTH. , #2474 ) ;
#4119 = VECTOR ( 'NONE', #6460, 1000.000000000000000 ) ;
#4120 = CARTESIAN_POINT ( 'NONE',  ( 0.6405133736667013578, -2.856035136325696833, 0.000000000000000000 ) ) ;
#4121 = CARTESIAN_POINT ( 'NONE',  ( -2.899999999999988365, -3.250000000000010214, -0.02000000000000000042 ) ) ;
#4122 = SURFACE_STYLE_USAGE ( .BOTH. , #3444 ) ;
#4123 = FACE_BOUND ( 'NONE', #7913, .T. ) ;
#4124 = VERTEX_POINT ( 'NONE', #5876 ) ;
#4125 = CARTESIAN_POINT ( 'NONE',  ( 2.100000000000011635, -3.249999999999992006, -0.02000000000000000042 ) ) ;
#4126 = CARTESIAN_POINT ( 'NONE',  ( -2.900000000000000799, 2.899999999999999911, 0.8000000000000000444 ) ) ;
#4127 = ORIENTED_EDGE ( 'NONE', *, *, #554, .F. ) ;
#4128 = CARTESIAN_POINT ( 'NONE',  ( 0.4578927559824840232, -2.764966974513897835, 0.000000000000000000 ) ) ;
#4129 = FACE_OUTER_BOUND ( 'NONE', #1107, .T. ) ;
#4130 = EDGE_CURVE ( 'NONE', #633, #721, #3611, .T. ) ;
#4131 = LINE ( 'NONE', #8753, #1486 ) ;
#4132 = ORIENTED_EDGE ( 'NONE', *, *, #7611, .T. ) ;
#4133 = CARTESIAN_POINT ( 'NONE',  ( -2.899999999999992806, -4.100000000000000533, 1.000000000000000000 ) ) ;
#4134 = PLANE ( 'NONE',  #845 ) ;
#4135 = LINE ( 'NONE', #7571, #6458 ) ;
#4136 = DIRECTION ( 'NONE',  ( -0.000000000000000000, -0.000000000000000000, -1.000000000000000000 ) ) ;
#4137 = EDGE_CURVE ( 'NONE', #2390, #8636, #7282, .T. ) ;
#4138 = CARTESIAN_POINT ( 'NONE',  ( -0.3999999999999833689, -4.750000000000001776, 0.000000000000000000 ) ) ;
#4139 =( LENGTH_UNIT ( ) NAMED_UNIT ( * ) SI_UNIT ( .MILLI., .METRE. ) );
#4140 = ORIENTED_EDGE ( 'NONE', *, *, #6820, .T. ) ;
#4141 = CARTESIAN_POINT ( 'NONE',  ( -2.899999999999999911, -2.900000000000000355, 5.299999999999999822 ) ) ;
#4142 = PRESENTATION_LAYER_ASSIGNMENT (  '', '', ( #3990 ) ) ;
#4143 = LINE ( 'NONE', #8452, #4293 ) ;
#4144 =( NAMED_UNIT ( * ) SI_UNIT ( $, .STERADIAN. ) SOLID_ANGLE_UNIT ( ) );
#4145 = SURFACE_STYLE_USAGE ( .BOTH. , #6902 ) ;
#4146 = ORIENTED_EDGE ( 'NONE', *, *, #7942, .F. ) ;
#4147 = PLANE ( 'NONE',  #6585 ) ;
#4148 = FILL_AREA_STYLE ('',( #3379 ) ) ;
#4149 = ORIENTED_EDGE ( 'NONE', *, *, #7706, .F. ) ;
#4150 = PLANE ( 'NONE',  #3391 ) ;
#4151 = STYLED_ITEM ( 'NONE', ( #991 ), #9231 ) ;
#4152 = CARTESIAN_POINT ( 'NONE',  ( -0.8500000000000340616, 3.249999999999991118, -0.02000000000000000042 ) ) ;
#4153 = PRESENTATION_LAYER_ASSIGNMENT (  '', '', ( #4442 ) ) ;
#4154 = DIRECTION ( 'NONE',  ( 0.000000000000000000, -1.000000000000000000, 0.000000000000000000 ) ) ;
#4155 = ORIENTED_EDGE ( 'NONE', *, *, #4830, .F. ) ;
#4156 = CARTESIAN_POINT ( 'NONE',  ( 0.5890968818536285179, -2.723483936413088280, 0.001000000000000000021 ) ) ;
#4157 = DIRECTION ( 'NONE',  ( 0.000000000000000000, -1.000000000000000000, 0.000000000000000000 ) ) ;
#4158 = ORIENTED_EDGE ( 'NONE', *, *, #1366, .F. ) ;
#4159 = VECTOR ( 'NONE', #6479, 1000.000000000000000 ) ;
#4160 = LINE ( 'NONE', #9112, #8639 ) ;
#4161 = EDGE_CURVE ( 'NONE', #4490, #7345, #8763, .T. ) ;
#4162 = CARTESIAN_POINT ( 'NONE',  ( 0.05898949623280984322, -2.753209175988995394, 0.001000000000000000021 ) ) ;
#4163 = CARTESIAN_POINT ( 'NONE',  ( -0.03665496759470768945, -2.951901018113343156, 0.000000000000000000 ) ) ;
#4164 = SURFACE_SIDE_STYLE ('',( #9163 ) ) ;
#4165 = LINE ( 'NONE', #7642, #6480 ) ;
#4166 = CARTESIAN_POINT ( 'NONE',  ( 3.250000000000000000, 0.8500000000000000888, 0.000000000000000000 ) ) ;
#4167 =( LENGTH_UNIT ( ) NAMED_UNIT ( * ) SI_UNIT ( .MILLI., .METRE. ) );
#4168 = PLANE ( 'NONE',  #3625 ) ;
#4169 = ORIENTED_EDGE ( 'NONE', *, *, #787, .F. ) ;
#4170 = CARTESIAN_POINT ( 'NONE',  ( 0.5249824524355108935, -2.745807519619628323, 0.001000000000000000021 ) ) ;
#4171 = ORIENTED_EDGE ( 'NONE', *, *, #7854, .F. ) ;
#4172 = UNCERTAINTY_MEASURE_WITH_UNIT (LENGTH_MEASURE( 1.000000000000000082E-05 ), #7818, 'distance_accuracy_value', 'NONE');
#4173 = CARTESIAN_POINT ( 'NONE',  ( 0.5249824524355108935, -2.745807519619628323, 0.000000000000000000 ) ) ;
#4174 = CARTESIAN_POINT ( 'NONE',  ( -0.01379437075660084819, -2.914026949468142558, 0.001000000000000000021 ) ) ;
#4175 = SURFACE_SIDE_STYLE ('',( #567 ) ) ;
#4176 = VERTEX_POINT ( 'NONE', #3 ) ;
#4177 = CARTESIAN_POINT ( 'NONE',  ( 0.05872794407593257687, -2.979331685322764045, 0.001000000000000000021 ) ) ;
#4178 = EDGE_CURVE ( 'NONE', #5642, #1455, #762, .T. ) ;
#4179 = ORIENTED_EDGE ( 'NONE', *, *, #4226, .F. ) ;
#4180 = SURFACE_SIDE_STYLE ('',( #962 ) ) ;
#4181 = SURFACE_STYLE_FILL_AREA ( #2738 ) ;
#4182 = ORIENTED_EDGE ( 'NONE', *, *, #6942, .F. ) ;
#4183 = VECTOR ( 'NONE', #260, 1000.000000000000000 ) ;
#4184 = SURFACE_SIDE_STYLE ('',( #1340 ) ) ;
#4185 = ORIENTED_EDGE ( 'NONE', *, *, #6965, .T. ) ;
#4186 = AXIS2_PLACEMENT_3D ( 'NONE', #3097, #227, #7453 ) ;
#4187 = COLOUR_RGB ( '',0.9686274509803921573, 0.8784313725490195957, 0.5999999999999999778 ) ;
#4188 = PRESENTATION_LAYER_ASSIGNMENT (  '', '', ( #2066 ) ) ;
#4189 = EDGE_CURVE ( 'NONE', #230, #7978, #1184, .T. ) ;
#4190 = CARTESIAN_POINT ( 'NONE',  ( 0.6430275429406590026, -2.979722659675584584, 0.000000000000000000 ) ) ;
#4191 = CARTESIAN_POINT ( 'NONE',  ( -0.08357065865166232732, -3.016491364757799776, 0.001000000000000000021 ) ) ;
#4192 = ORIENTED_EDGE ( 'NONE', *, *, #727, .T. ) ;
#4193 = CARTESIAN_POINT ( 'NONE',  ( 0.4578927559824840232, -2.724723072074873187, 0.000000000000000000 ) ) ;
#4194 = EDGE_CURVE ( 'NONE', #5180, #3669, #51, .T. ) ;
#4195 = FACE_OUTER_BOUND ( 'NONE', #1502, .T. ) ;
#4196 = PRESENTATION_LAYER_ASSIGNMENT (  '', '', ( #7645 ) ) ;
#4197 = STYLED_ITEM ( 'NONE', ( #5017 ), #6086 ) ;
#4198 = VERTEX_POINT ( 'NONE', #5209 ) ;
#4199 = SURFACE_STYLE_USAGE ( .BOTH. , #7778 ) ;
#4200 = COLOUR_RGB ( '',0.2235294117647058654, 0.2235294117647058654, 0.2235294117647058654 ) ;
#4201 = DIRECTION ( 'NONE',  ( -0.000000000000000000, -0.000000000000000000, 1.000000000000000000 ) ) ;
#4202 = ADVANCED_FACE ( 'NONE', ( #1431 ), #8105, .F. ) ;
#4203 = CARTESIAN_POINT ( 'NONE',  ( 0.5281480913483377337, -2.745759657440726809, 0.000000000000000000 ) ) ;
#4204 = B_SPLINE_SURFACE_WITH_KNOTS ( 'NONE', 3, 1, ( 
 ( #1022, #3965 ),
 ( #5293, #356 ),
 ( #6769, #6810 ),
 ( #3243, #6122 ),
 ( #8316, #4736 ),
 ( #6029, #7452 ),
 ( #1791, #9013 ) ),
 .UNSPECIFIED., .F., .F., .F.,
 ( 4, 1, 1, 1, 4 ),
 ( 2, 2 ),
 ( 0.000000000000000000, 0.3005411131585049023, 0.5677471464835859294, 0.8000336137369676859, 0.9999999999999998890 ),
 ( 0.000000000000000000, 1.000000000000000000 ),
 .UNSPECIFIED. ) ;
#4205 = LINE ( 'NONE', #6864, #2056 ) ;
#4206 = ORIENTED_EDGE ( 'NONE', *, *, #5294, .F. ) ;
#4207 = EDGE_CURVE ( 'NONE', #6066, #6391, #1810, .T. ) ;
#4208 =( LENGTH_UNIT ( ) NAMED_UNIT ( * ) SI_UNIT ( .MILLI., .METRE. ) );
#4209 = VECTOR ( 'NONE', #6971, 1000.000000000000000 ) ;
#4210 = AXIS2_PLACEMENT_3D ( 'NONE', #2863, #5769, #3685 ) ;
#4211 = FILL_AREA_STYLE_COLOUR ( '', #797 ) ;
#4212 =( GEOMETRIC_REPRESENTATION_CONTEXT ( 3 ) GLOBAL_UNCERTAINTY_ASSIGNED_CONTEXT ( ( #5544 ) ) GLOBAL_UNIT_ASSIGNED_CONTEXT ( ( #3565, #5745, #8637 ) ) REPRESENTATION_CONTEXT ( 'NONE', 'WORKASPACE' ) );
#4213 = PLANE ( 'NONE',  #4885 ) ;
#4214 = EDGE_CURVE ( 'NONE', #4997, #3089, #7608, .T. ) ;
#4215 = DIRECTION ( 'NONE',  ( -0.000000000000000000, -0.000000000000000000, -1.000000000000000000 ) ) ;
#4216 = VECTOR ( 'NONE', #3530, 1000.000000000000000 ) ;
#4217 = LINE ( 'NONE', #7792, #222 ) ;
#4218 = VECTOR ( 'NONE', #2351, 1000.000000000000000 ) ;
#4219 = ORIENTED_EDGE ( 'NONE', *, *, #1969, .T. ) ;
#4220 = FILL_AREA_STYLE_COLOUR ( '', #1749 ) ;
#4221 = ORIENTED_EDGE ( 'NONE', *, *, #1195, .T. ) ;
#4222 = STYLED_ITEM ( 'NONE', ( #4904 ), #6947 ) ;
#4223 =( NAMED_UNIT ( * ) SI_UNIT ( $, .STERADIAN. ) SOLID_ANGLE_UNIT ( ) );
#4224 = CARTESIAN_POINT ( 'NONE',  ( 3.250000000000000444, -0.8499999999999999778, -0.02000000000000000042 ) ) ;
#4225 = VECTOR ( 'NONE', #1859, 1000.000000000000000 ) ;
#4226 = EDGE_CURVE ( 'NONE', #4381, #2958, #4564, .T. ) ;
#4227 = CARTESIAN_POINT ( 'NONE',  ( 0.06301773016183086218, -2.718684768529917584, 0.001000000000000000021 ) ) ;
#4228 = PRESENTATION_LAYER_ASSIGNMENT (  '', '', ( #3621 ) ) ;
#4229 = FACE_OUTER_BOUND ( 'NONE', #5432, .T. ) ;
#4230 = CARTESIAN_POINT ( 'NONE',  ( 0.08274701071319001677, -2.749677614774582501, 0.001000000000000000021 ) ) ;
#4231 = CARTESIAN_POINT ( 'NONE',  ( -1.649999999999983480, -4.750000000000006217, -0.02000000000000000042 ) ) ;
#4232 = COLOUR_RGB ( '',0.9686274509803921573, 0.8784313725490195957, 0.5999999999999999778 ) ;
#4233 = SURFACE_STYLE_USAGE ( .BOTH. , #4180 ) ;
#4234 = ORIENTED_EDGE ( 'NONE', *, *, #219, .T. ) ;
#4235 = DIRECTION ( 'NONE',  ( 0.000000000000000000, 0.000000000000000000, -1.000000000000000000 ) ) ;
#4236 = SURFACE_SIDE_STYLE ('',( #4995 ) ) ;
#4237 = PRESENTATION_STYLE_ASSIGNMENT (( #6348 ) ) ;
#4238 = ORIENTED_EDGE ( 'NONE', *, *, #1137, .F. ) ;
#4239 = LINE ( 'NONE', #4278, #6155 ) ;
#4240 = VECTOR ( 'NONE', #7692, 1000.000000000000000 ) ;
#4241 = FACE_OUTER_BOUND ( 'NONE', #4650, .T. ) ;
#4242 = ORIENTED_EDGE ( 'NONE', *, *, #4882, .F. ) ;
#4243 = FACE_OUTER_BOUND ( 'NONE', #6354, .T. ) ;
#4244 = VECTOR ( 'NONE', #2395, 1000.000000000000000 ) ;
#4245 =( NAMED_UNIT ( * ) SI_UNIT ( $, .STERADIAN. ) SOLID_ANGLE_UNIT ( ) );
#4246 = ORIENTED_EDGE ( 'NONE', *, *, #6843, .T. ) ;
#4247 = CARTESIAN_POINT ( 'NONE',  ( 0.6185638941341379260, -2.947318995770349392, 0.000000000000000000 ) ) ;
#4248 = VERTEX_POINT ( 'NONE', #3894 ) ;
#4249 = AXIS2_PLACEMENT_3D ( 'NONE', #6108, #5367, #4664 ) ;
#4250 = DIRECTION ( 'NONE',  ( -3.491481338843134144E-15, 1.000000000000000000, 0.000000000000000000 ) ) ;
#4251 = CARTESIAN_POINT ( 'NONE',  ( -0.003475099456352708817, -2.794057759806280572, 2.117582368135750848E-19 ) ) ;
#4252 = ADVANCED_FACE ( 'NONE', ( #6696 ), #6143, .T. ) ;
#4253 = SURFACE_SIDE_STYLE ('',( #5049 ) ) ;
#4254 = DIRECTION ( 'NONE',  ( -0.000000000000000000, -0.000000000000000000, 1.000000000000000000 ) ) ;
#4255 = ADVANCED_FACE ( 'NONE', ( #9033 ), #514, .T. ) ;
#4256 = COLOUR_RGB ( '',0.6666666666666666297, 0.6980392156862744724, 0.7686274509803920907 ) ;
#4257 = ORIENTED_EDGE ( 'NONE', *, *, #91, .F. ) ;
#4258 = ORIENTED_EDGE ( 'NONE', *, *, #8041, .F. ) ;
#4259 = PRESENTATION_STYLE_ASSIGNMENT (( #8523 ) ) ;
#4260 = ORIENTED_EDGE ( 'NONE', *, *, #3283, .F. ) ;
#4261 = VECTOR ( 'NONE', #4731, 1000.000000000000000 ) ;
#4262 = CARTESIAN_POINT ( 'NONE',  ( -0.3999999999999886424, -3.250000000000001332, -0.02000000000000000042 ) ) ;
#4263 = DIRECTION ( 'NONE',  ( 3.491481338843133355E-15, -1.000000000000000000, 0.000000000000000000 ) ) ;
#4264 = CARTESIAN_POINT ( 'NONE',  ( 0.04789897725888041247, -2.721859869472561755, 0.000000000000000000 ) ) ;
#4265 = CARTESIAN_POINT ( 'NONE',  ( 0.009787462282770685584, -2.952147907142028682, 0.000000000000000000 ) ) ;
#4266 = SURFACE_STYLE_USAGE ( .BOTH. , #8672 ) ;
#4267 = PRESENTATION_STYLE_ASSIGNMENT (( #7084 ) ) ;
#4268 = UNCERTAINTY_MEASURE_WITH_UNIT (LENGTH_MEASURE( 1.000000000000000082E-05 ), #8812, 'distance_accuracy_value', 'NONE');
#4269 = EDGE_CURVE ( 'NONE', #5006, #8168, #8484, .T. ) ;
#4270 = CARTESIAN_POINT ( 'NONE',  ( 0.01970549893513501988, -2.731724926454992985, 0.001000000000000000021 ) ) ;
#4271 = CARTESIAN_POINT ( 'NONE',  ( 0.5363968895997235364, -3.020102500200047668, 0.001000000000000000021 ) ) ;
#4272 = ORIENTED_EDGE ( 'NONE', *, *, #3207, .F. ) ;
#4273 = EDGE_CURVE ( 'NONE', #8136, #7661, #2769, .T. ) ;
#4274 = CARTESIAN_POINT ( 'NONE',  ( 0.09249214998515851993, -2.983466822814470287, -0.000000000000000000 ) ) ;
#4275 = SURFACE_STYLE_FILL_AREA ( #5787 ) ;
#4276 = CARTESIAN_POINT ( 'NONE',  ( 0.4809869892362342858, -2.717338691256047323, 0.001000000000000000021 ) ) ;
#4277 = ORIENTED_EDGE ( 'NONE', *, *, #9391, .F. ) ;
#4278 = CARTESIAN_POINT ( 'NONE',  ( -3.250000000000000000, 1.649999999999999911, -0.02000000000000000042 ) ) ;
#4279 =( NAMED_UNIT ( * ) PLANE_ANGLE_UNIT ( ) SI_UNIT ( $, .RADIAN. ) );
#4280 = FACE_OUTER_BOUND ( 'NONE', #942, .T. ) ;
#4281 = VERTEX_POINT ( 'NONE', #4262 ) ;
#4282 = CARTESIAN_POINT ( 'NONE',  ( 0.2383805608605327753, -3.016491364757799776, 0.001000000000000000021 ) ) ;
#4283 = PRESENTATION_LAYER_ASSIGNMENT (  '', '', ( #8370 ) ) ;
#4284 = SURFACE_STYLE_USAGE ( .BOTH. , #5710 ) ;
#4285 = SURFACE_STYLE_FILL_AREA ( #2225 ) ;
#4286 = DIRECTION ( 'NONE',  ( 1.000000000000000000, 0.000000000000000000, 0.000000000000000000 ) ) ;
#4287 = VERTEX_POINT ( 'NONE', #7799 ) ;
#4288 = ORIENTED_EDGE ( 'NONE', *, *, #3713, .F. ) ;
#4289 = CARTESIAN_POINT ( 'NONE',  ( 0.8500000000000113021, -3.249999999999996891, -0.02000000000000000042 ) ) ;
#4290 = COLOUR_RGB ( '',0.9686274509803921573, 0.8784313725490195957, 0.5999999999999999778 ) ;
#4291 = ADVANCED_FACE ( 'NONE', ( #3402 ), #2727, .T. ) ;
#4292 = CARTESIAN_POINT ( 'NONE',  ( -4.750000000000000000, -2.900000000000000355, -0.02000000000000000042 ) ) ;
#4293 = VECTOR ( 'NONE', #5511, 1000.000000000000000 ) ;
#4294 = CARTESIAN_POINT ( 'NONE',  ( -3.250000000000000000, 1.649999999999999911, 0.000000000000000000 ) ) ;
#4295 = CARTESIAN_POINT ( 'NONE',  ( -0.8499999999999885425, -3.250000000000003109, -0.02000000000000000042 ) ) ;
#4296 = ORIENTED_EDGE ( 'NONE', *, *, #8469, .T. ) ;
#4297 = DIRECTION ( 'NONE',  ( -1.000000000000000000, 5.421010862427523156E-16, 0.000000000000000000 ) ) ;
#4298 = UNCERTAINTY_MEASURE_WITH_UNIT (LENGTH_MEASURE( 1.000000000000000082E-05 ), #2463, 'distance_accuracy_value', 'NONE');
#4299 =( NAMED_UNIT ( * ) PLANE_ANGLE_UNIT ( ) SI_UNIT ( $, .RADIAN. ) );
#4300 = VECTOR ( 'NONE', #9106, 1000.000000000000000 ) ;
#4301 = EDGE_CURVE ( 'NONE', #1319, #8778, #2052, .T. ) ;
#4302 = PLANE ( 'NONE',  #8731 ) ;
#4303 = ORIENTED_EDGE ( 'NONE', *, *, #5309, .F. ) ;
#4304 = ORIENTED_EDGE ( 'NONE', *, *, #7890, .F. ) ;
#4305 = DIRECTION ( 'NONE',  ( 0.000000000000000000, -0.000000000000000000, -1.000000000000000000 ) ) ;
#4306 = UNCERTAINTY_MEASURE_WITH_UNIT (LENGTH_MEASURE( 1.000000000000000082E-05 ), #40, 'distance_accuracy_value', 'NONE');
#4307 = CARTESIAN_POINT ( 'NONE',  ( -1.250000000000000000, -4.471698423304956386E-15, -0.02000000000000000042 ) ) ;
#4308 = MECHANICAL_DESIGN_GEOMETRIC_PRESENTATION_REPRESENTATION (  '', ( #5205 ), #7595 ) ;
#4309 = CARTESIAN_POINT ( 'NONE',  ( -0.8500000000000340616, 3.249999999999991118, -0.02000000000000000042 ) ) ;
#4310 =( NAMED_UNIT ( * ) SI_UNIT ( $, .STERADIAN. ) SOLID_ANGLE_UNIT ( ) );
#4311 = CARTESIAN_POINT ( 'NONE',  ( 0.02017756194002314971, -3.000337453444266611, 0.001000000000000000021 ) ) ;
#4312 = EDGE_CURVE ( 'NONE', #1948, #3662, #2625, .T. ) ;
#4313 = CARTESIAN_POINT ( 'NONE',  ( -0.8500000000000340616, 3.249999999999991118, 0.000000000000000000 ) ) ;
#4314 = SURFACE_STYLE_FILL_AREA ( #1048 ) ;
#4315 = EDGE_CURVE ( 'NONE', #420, #8836, #4845, .T. ) ;
#4316 = CARTESIAN_POINT ( 'NONE',  ( -3.549999999999999822, 2.899999999999999911, -0.02000000000000000042 ) ) ;
#4317 =( LENGTH_UNIT ( ) NAMED_UNIT ( * ) SI_UNIT ( .MILLI., .METRE. ) );
#4318 = CARTESIAN_POINT ( 'NONE',  ( 0.4754475346320915508, -3.009488671183211839, 0.001000000000000000021 ) ) ;
#4319 = ORIENTED_EDGE ( 'NONE', *, *, #8755, .F. ) ;
#4320 =( NAMED_UNIT ( * ) SI_UNIT ( $, .STERADIAN. ) SOLID_ANGLE_UNIT ( ) );
#4321 = CARTESIAN_POINT ( 'NONE',  ( -2.500000000000000000, -8.943396846609912771E-15, -0.02000000000000000042 ) ) ;
#4322 = EDGE_LOOP ( 'NONE', ( #1982, #7397, #72, #4132 ) ) ;
#4323 =( NAMED_UNIT ( * ) SI_UNIT ( $, .STERADIAN. ) SOLID_ANGLE_UNIT ( ) );
#4324 = CIRCLE ( 'NONE', #8998, 1.200000000000000178 ) ;
#4325 = DIRECTION ( 'NONE',  ( -1.000000000000000000, -3.491481338843134144E-15, 0.000000000000000000 ) ) ;
#4326 = ORIENTED_EDGE ( 'NONE', *, *, #7854, .T. ) ;
#4327 = CARTESIAN_POINT ( 'NONE',  ( -0.2190458075798705495, -2.765468394293151277, 0.000000000000000000 ) ) ;
#4328 = VECTOR ( 'NONE', #741, 1000.000000000000000 ) ;
#4329 = CARTESIAN_POINT ( 'NONE',  ( -3.250000000000000444, -0.4000000000000000777, -0.02000000000000000042 ) ) ;
#4330 = AXIS2_PLACEMENT_3D ( 'NONE', #8352, #1774, #9142 ) ;
#4331 = CARTESIAN_POINT ( 'NONE',  ( -4.750000000000000000, -0.8500000000000000888, 0.000000000000000000 ) ) ;
#4332 = DIRECTION ( 'NONE',  ( -0.000000000000000000, 0.000000000000000000, -1.000000000000000000 ) ) ;
#4333 = MECHANICAL_DESIGN_GEOMETRIC_PRESENTATION_REPRESENTATION (  '', ( #8421 ), #2644 ) ;
#4334 = CARTESIAN_POINT ( 'NONE',  ( -1.073467497510400490E-16, 1.250000000000000000, -0.02000000000000000042 ) ) ;
#4335 = VERTEX_POINT ( 'NONE', #3650 ) ;
#4336 = ORIENTED_EDGE ( 'NONE', *, *, #3009, .F. ) ;
#4337 = PRESENTATION_LAYER_ASSIGNMENT (  '', '', ( #7184 ) ) ;
#4338 = AXIS2_PLACEMENT_3D ( 'NONE', #580, #2782, #5699 ) ;
#4339 = DIRECTION ( 'NONE',  ( 5.421010862427523156E-16, 1.000000000000000000, 0.000000000000000000 ) ) ;
#4340 = CARTESIAN_POINT ( 'NONE',  ( -2.899999999999988365, -3.250000000000010214, 0.000000000000000000 ) ) ;
#4341 = PLANE ( 'NONE',  #2787 ) ;
#4342 = ORIENTED_EDGE ( 'NONE', *, *, #990, .T. ) ;
#4343 = LINE ( 'NONE', #8697, #1572 ) ;
#4344 = PLANE ( 'NONE',  #2370 ) ;
#4345 = CARTESIAN_POINT ( 'NONE',  ( -0.1274730976760524714, -3.016491364757799776, 0.001000000000000000021 ) ) ;
#4346 =( LENGTH_UNIT ( ) NAMED_UNIT ( * ) SI_UNIT ( .MILLI., .METRE. ) );
#4347 = VERTEX_POINT ( 'NONE', #6499 ) ;
#4348 = MECHANICAL_DESIGN_GEOMETRIC_PRESENTATION_REPRESENTATION (  '', ( #361 ), #5859 ) ;
#4349 = MECHANICAL_DESIGN_GEOMETRIC_PRESENTATION_REPRESENTATION (  '', ( #3904 ), #2512 ) ;
#4350 = ORIENTED_EDGE ( 'NONE', *, *, #7000, .F. ) ;
#4351 = VERTEX_POINT ( 'NONE', #5775 ) ;
#4352 = STYLED_ITEM ( 'NONE', ( #4423 ), #7832 ) ;
#4353 = CARTESIAN_POINT ( 'NONE',  ( 0.09827004256784986624, -3.016491364757799776, 0.000000000000000000 ) ) ;
#4354 = LINE ( 'NONE', #4309, #735 ) ;
#4355 = PRESENTATION_STYLE_ASSIGNMENT (( #5160 ) ) ;
#4356 = AXIS2_PLACEMENT_3D ( 'NONE', #972, #4625, #829 ) ;
#4357 = CARTESIAN_POINT ( 'NONE',  ( -0.003475099456352708817, -2.794057759806280572, 0.001000000000000000021 ) ) ;
#4358 = CARTESIAN_POINT ( 'NONE',  ( -0.06126078229956252730, -2.879491738543590085, 0.001000000000000000021 ) ) ;
#4359 = COLOUR_RGB ( '',0.6666666666666666297, 0.6980392156862744724, 0.7686274509803920907 ) ;
#4360 =( NAMED_UNIT ( * ) SI_UNIT ( $, .STERADIAN. ) SOLID_ANGLE_UNIT ( ) );
#4361 = PRESENTATION_LAYER_ASSIGNMENT (  '', '', ( #4068 ) ) ;
#4362 = CARTESIAN_POINT ( 'NONE',  ( 2.900000000000011458, -3.249999999999989786, -0.02000000000000000042 ) ) ;
#4363 = CARTESIAN_POINT ( 'NONE',  ( 0.4663786352867125284, -3.005626444149551268, 0.000000000000000000 ) ) ;
#4364 = ORIENTED_EDGE ( 'NONE', *, *, #6590, .T. ) ;
#4365 = EDGE_CURVE ( 'NONE', #1275, #4351, #4402, .T. ) ;
#4366 = CARTESIAN_POINT ( 'NONE',  ( -0.009352123692031864485, -2.924747536271643522, 0.000000000000000000 ) ) ;
#4367 = EDGE_CURVE ( 'NONE', #4045, #1948, #4354, .T. ) ;
#4368 = LINE ( 'NONE', #7237, #8122 ) ;
#4369 = MECHANICAL_DESIGN_GEOMETRIC_PRESENTATION_REPRESENTATION (  '', ( #3152 ), #2028 ) ;
#4370 = LINE ( 'NONE', #676, #1308 ) ;
#4371 = LINE ( 'NONE', #1386, #6599 ) ;
#4372 = ORIENTED_EDGE ( 'NONE', *, *, #2783, .F. ) ;
#4373 = VECTOR ( 'NONE', #472, 1000.000000000000000 ) ;
#4374 = DIRECTION ( 'NONE',  ( 0.000000000000000000, 0.000000000000000000, -1.000000000000000000 ) ) ;
#4375 = VERTEX_POINT ( 'NONE', #7164 ) ;
#4376 = CARTESIAN_POINT ( 'NONE',  ( 0.7066732437873620709, -2.983564535489507286, 0.001000000000000000021 ) ) ;
#4377 = DIRECTION ( 'NONE',  ( -1.000000000000000000, 0.000000000000000000, 0.000000000000000000 ) ) ;
#4378 = VECTOR ( 'NONE', #774, 1000.000000000000000 ) ;
#4379 = CARTESIAN_POINT ( 'NONE',  ( 0.6337259148424844168, -2.918101036200972942, 0.000000000000000000 ) ) ;
#4380 = SURFACE_STYLE_FILL_AREA ( #2033 ) ;
#4381 = VERTEX_POINT ( 'NONE', #5730 ) ;
#4382 = ORIENTED_EDGE ( 'NONE', *, *, #6635, .F. ) ;
#4383 = AXIS2_PLACEMENT_3D ( 'NONE', #8472, #7558, #458 ) ;
#4384 = DIRECTION ( 'NONE',  ( -0.000000000000000000, -0.000000000000000000, -1.000000000000000000 ) ) ;
#4385 = COLOUR_RGB ( '',0.2235294117647058654, 0.2235294117647058654, 0.2235294117647058654 ) ;
#4386 = MECHANICAL_DESIGN_GEOMETRIC_PRESENTATION_REPRESENTATION (  '', ( #3172 ), #6342 ) ;
#4387 =( NAMED_UNIT ( * ) SI_UNIT ( $, .STERADIAN. ) SOLID_ANGLE_UNIT ( ) );
#4388 = LINE ( 'NONE', #3050, #1526 ) ;
#4389 = EDGE_CURVE ( 'NONE', #8589, #3593, #9319, .T. ) ;
#4390 = DIRECTION ( 'NONE',  ( 1.000000000000000000, 0.000000000000000000, 0.000000000000000000 ) ) ;
#4391 = MECHANICAL_DESIGN_GEOMETRIC_PRESENTATION_REPRESENTATION (  '', ( #6780 ), #1758 ) ;
#4392 = FILL_AREA_STYLE ('',( #2134 ) ) ;
#4393 = CARTESIAN_POINT ( 'NONE',  ( -2.100000000000050271, 4.749999999999977796, 0.000000000000000000 ) ) ;
#4394 =( NAMED_UNIT ( * ) SI_UNIT ( $, .STERADIAN. ) SOLID_ANGLE_UNIT ( ) );
#4395 = ORIENTED_EDGE ( 'NONE', *, *, #3849, .T. ) ;
#4396 = ORIENTED_EDGE ( 'NONE', *, *, #2481, .T. ) ;
#4397 = EDGE_LOOP ( 'NONE', ( #1546, #6362, #1352, #2334 ) ) ;
#4398 = UNCERTAINTY_MEASURE_WITH_UNIT (LENGTH_MEASURE( 1.000000000000000082E-05 ), #2990, 'distance_accuracy_value', 'NONE');
#4399 =( LENGTH_UNIT ( ) NAMED_UNIT ( * ) SI_UNIT ( .MILLI., .METRE. ) );
#4400 = CARTESIAN_POINT ( 'NONE',  ( 0.7066732437873620709, -3.016491364757799776, 0.000000000000000000 ) ) ;
#4401 =( GEOMETRIC_REPRESENTATION_CONTEXT ( 3 ) GLOBAL_UNCERTAINTY_ASSIGNED_CONTEXT ( ( #6225 ) ) GLOBAL_UNIT_ASSIGNED_CONTEXT ( ( #380, #6196, #4799 ) ) REPRESENTATION_CONTEXT ( 'NONE', 'WORKASPACE' ) );
#4402 = LINE ( 'NONE', #2919, #7728 ) ;
#4403 = VECTOR ( 'NONE', #4455, 1000.000000000000000 ) ;
#4404 = UNCERTAINTY_MEASURE_WITH_UNIT (LENGTH_MEASURE( 1.000000000000000082E-05 ), #631, 'distance_accuracy_value', 'NONE');
#4405 = FACE_OUTER_BOUND ( 'NONE', #8958, .T. ) ;
#4406 = UNCERTAINTY_MEASURE_WITH_UNIT (LENGTH_MEASURE( 1.000000000000000082E-05 ), #5970, 'distance_accuracy_value', 'NONE');
#4407 = CARTESIAN_POINT ( 'NONE',  ( -0.05076071132687982185, -2.925560342401520852, 0.001000000000000000021 ) ) ;
#4408 = PRESENTATION_STYLE_ASSIGNMENT (( #1470 ) ) ;
#4409 = STYLED_ITEM ( 'NONE', ( #4355 ), #5179 ) ;
#4410 = COLOUR_RGB ( '',0.9686274509803921573, 0.8784313725490195957, 0.5999999999999999778 ) ;
#4411 = CARTESIAN_POINT ( 'NONE',  ( -4.750000000000000000, -0.8500000000000000888, -0.02000000000000000042 ) ) ;
#4412 = FACE_OUTER_BOUND ( 'NONE', #2651, .T. ) ;
#4413 = EDGE_CURVE ( 'NONE', #1345, #2094, #8618, .T. ) ;
#4414 = CARTESIAN_POINT ( 'NONE',  ( 3.250000000000000000, -0.3999999999999999667, -0.02000000000000000042 ) ) ;
#4415 = PRESENTATION_STYLE_ASSIGNMENT (( #7131 ) ) ;
#4416 = ORIENTED_EDGE ( 'NONE', *, *, #3022, .F. ) ;
#4417 = SURFACE_STYLE_FILL_AREA ( #7435 ) ;
#4418 = MECHANICAL_DESIGN_GEOMETRIC_PRESENTATION_REPRESENTATION (  '', ( #3351 ), #6951 ) ;
#4419 = CARTESIAN_POINT ( 'NONE',  ( 1.250000000000000000, 1.320040177041278898E-14, -0.02000000000000000042 ) ) ;
#4420 = FACE_OUTER_BOUND ( 'NONE', #3756, .T. ) ;
#4421 = EDGE_CURVE ( 'NONE', #9407, #4124, #8667, .T. ) ;
#4422 = ORIENTED_EDGE ( 'NONE', *, *, #5149, .T. ) ;
#4424 = AXIS2_PLACEMENT_3D ( 'NONE', #5291, #6627, #6807 ) ;
#4423 = PRESENTATION_STYLE_ASSIGNMENT (( #9384 ) ) ;
#4425 = FILL_AREA_STYLE_COLOUR ( '', #1383 ) ;
#4426 = PLANE ( 'NONE',  #8473 ) ;
#4427 = ORIENTED_EDGE ( 'NONE', *, *, #1366, .T. ) ;
#4428 = CARTESIAN_POINT ( 'NONE',  ( -0.06161943913946714424, -2.862718498904141207, 0.001000000000000000021 ) ) ;
#4429 = B_SPLINE_SURFACE_WITH_KNOTS ( 'NONE', 3, 1, ( 
 ( #2543, #3852 ),
 ( #6008, #8904 ),
 ( #7476, #1973 ),
 ( #524, #4849 ),
 ( #4177, #471 ),
 ( #7662, #7709 ),
 ( #2681, #9325 ),
 ( #7031, #568 ),
 ( #3459, #612 ),
 ( #6337, #4265 ),
 ( #2827, #7857 ),
 ( #4890, #1329 ),
 ( #1280, #6287 ),
 ( #7757, #9133 ),
 ( #1866, #8490 ),
 ( #4985, #7081 ),
 ( #9236, #7127 ),
 ( #2730, #2629 ),
 ( #5547, #2058 ) ),
 .UNSPECIFIED., .F., .F., .F.,
 ( 4, 1, 1, 1, 1, 1, 1, 1, 1, 1, 1, 1, 1, 1, 1, 1, 4 ),
 ( 2, 2 ),
 ( 0.000000000000000000, 0.07082657255516276729, 0.1381690332797999854, 0.2024753315338420900, 0.2639737544135192238, 0.3233803205980371187, 0.3817976227131850142, 0.4393900745193885515, 0.4969027245459976538, 0.5546621696093702036, 0.6127418784921968564, 0.6715388363911719560, 0.7316557220901965808, 0.7942978116139525202, 0.8594822049793570118, 0.9276813254527902508, 1.000000000000000000 ),
 ( 0.000000000000000000, 1.000000000000000000 ),
 .UNSPECIFIED. ) ;
#4430 = DIRECTION ( 'NONE',  ( 0.000000000000000000, -1.000000000000000000, 0.000000000000000000 ) ) ;
#4431 = EDGE_LOOP ( 'NONE', ( #8915, #632, #836, #5217 ) ) ;
#4432 = ADVANCED_FACE ( 'NONE', ( #7273 ), #3598, .F. ) ;
#4433 = SURFACE_SIDE_STYLE ('',( #9399 ) ) ;
#4434 =( LENGTH_UNIT ( ) NAMED_UNIT ( * ) SI_UNIT ( .MILLI., .METRE. ) );
#4435 = FILL_AREA_STYLE_COLOUR ( '', #5457 ) ;
#4436 = CARTESIAN_POINT ( 'NONE',  ( 0.6597862725280622120, -2.957721622111992854, 0.001000000000000000021 ) ) ;
#4437 = ORIENTED_EDGE ( 'NONE', *, *, #2569, .F. ) ;
#4438 = PRESENTATION_STYLE_ASSIGNMENT (( #1504 ) ) ;
#4439 = ORIENTED_EDGE ( 'NONE', *, *, #8934, .T. ) ;
#4440 = ORIENTED_EDGE ( 'NONE', *, *, #9274, .T. ) ;
#4441 = EDGE_CURVE ( 'NONE', #1029, #4110, #2193, .T. ) ;
#4442 = STYLED_ITEM ( 'NONE', ( #4408 ), #1538 ) ;
#4443 = ORIENTED_EDGE ( 'NONE', *, *, #3673, .T. ) ;
#4444 = CARTESIAN_POINT ( 'NONE',  ( -0.1274730976760524714, -3.016491364757799776, 0.001000000000000000021 ) ) ;
#4445 = SURFACE_STYLE_FILL_AREA ( #9412 ) ;
#4446 = DIRECTION ( 'NONE',  ( 0.000000000000000000, -0.000000000000000000, 1.000000000000000000 ) ) ;
#4447 =( LENGTH_UNIT ( ) NAMED_UNIT ( * ) SI_UNIT ( .MILLI., .METRE. ) );
#4448 = ORIENTED_EDGE ( 'NONE', *, *, #5694, .T. ) ;
#4449 = FACE_OUTER_BOUND ( 'NONE', #5697, .T. ) ;
#4450 = CARTESIAN_POINT ( 'NONE',  ( 0.6041202596886104947, -2.963014699177461519, 2.117582368135750848E-19 ) ) ;
#4451 = CARTESIAN_POINT ( 'NONE',  ( -0.1274730976760524714, -3.016491364757799776, 0.001000000000000000021 ) ) ;
#4452 = STYLED_ITEM ( 'NONE', ( #5408 ), #8930 ) ;
#4453 =( GEOMETRIC_REPRESENTATION_CONTEXT ( 3 ) GLOBAL_UNCERTAINTY_ASSIGNED_CONTEXT ( ( #616 ) ) GLOBAL_UNIT_ASSIGNED_CONTEXT ( ( #5708, #1491, #3767 ) ) REPRESENTATION_CONTEXT ( 'NONE', 'WORKASPACE' ) );
#4454 = SURFACE_STYLE_FILL_AREA ( #4609 ) ;
#4455 = DIRECTION ( 'NONE',  ( 0.000000000000000000, -1.000000000000000000, 0.000000000000000000 ) ) ;
#4456 =( LENGTH_UNIT ( ) NAMED_UNIT ( * ) SI_UNIT ( .MILLI., .METRE. ) );
#4457 = DIRECTION ( 'NONE',  ( -1.000000000000000000, 0.000000000000000000, 0.000000000000000000 ) ) ;
#4458 = SURFACE_STYLE_USAGE ( .BOTH. , #7390 ) ;
#4459 = ORIENTED_EDGE ( 'NONE', *, *, #2667, .F. ) ;
#4460 = LINE ( 'NONE', #5036, #178 ) ;
#4461 = DIRECTION ( 'NONE',  ( 1.000000000000000000, 0.000000000000000000, -0.000000000000000000 ) ) ;
#4462 = PRESENTATION_STYLE_ASSIGNMENT (( #822 ) ) ;
#4463 = VERTEX_POINT ( 'NONE', #1512 ) ;
#4464 = EDGE_LOOP ( 'NONE', ( #8055, #2465, #8647, #2556 ) ) ;
#4465 = CARTESIAN_POINT ( 'NONE',  ( 0.5404384876898011836, -3.020149901343165855, 0.000000000000000000 ) ) ;
#4466 = CARTESIAN_POINT ( 'NONE',  ( 0.4578927559824840232, -2.724723072074873187, 0.000000000000000000 ) ) ;
#4467 = LINE ( 'NONE', #827, #4096 ) ;
#4468 = UNCERTAINTY_MEASURE_WITH_UNIT (LENGTH_MEASURE( 1.000000000000000082E-05 ), #4167, 'distance_accuracy_value', 'NONE');
#4469 = CARTESIAN_POINT ( 'NONE',  ( 1.649999999999965938, 3.250000000000017319, -0.02000000000000000042 ) ) ;
#4470 = EDGE_CURVE ( 'NONE', #2259, #3970, #7898, .T. ) ;
#4471 = EDGE_LOOP ( 'NONE', ( #5897, #1919, #7315, #5791 ) ) ;
#4472 = AXIS2_PLACEMENT_3D ( 'NONE', #6628, #7933, #1401 ) ;
#4473 = CARTESIAN_POINT ( 'NONE',  ( 3.250000000000000444, 1.649999999999999911, 0.000000000000000000 ) ) ;
#4474 = EDGE_CURVE ( 'NONE', #7909, #5300, #795, .T. ) ;
#4475 = COLOUR_RGB ( '',0.9686274509803921573, 0.8784313725490195957, 0.5999999999999999778 ) ;
#4476 = FILL_AREA_STYLE_COLOUR ( '', #4232 ) ;
#4477 = APPLICATION_PROTOCOL_DEFINITION ( 'draft international standard', 'automotive_design', 1998, #2825 ) ;
#4478 = SURFACE_STYLE_USAGE ( .BOTH. , #2513 ) ;
#4479 = VECTOR ( 'NONE', #448, 1000.000000000000000 ) ;
#4480 =( LENGTH_UNIT ( ) NAMED_UNIT ( * ) SI_UNIT ( .MILLI., .METRE. ) );
#4481 = AXIS2_PLACEMENT_3D ( 'NONE', #3771, #5335, #164 ) ;
#4482 = EDGE_CURVE ( 'NONE', #3426, #4557, #9367, .T. ) ;
#4483 = EDGE_LOOP ( 'NONE', ( #8035, #9095, #8107, #1170 ) ) ;
#4484 = DIRECTION ( 'NONE',  ( 1.000000000000000000, 2.949380252600381138E-15, 0.000000000000000000 ) ) ;
#4485 = MECHANICAL_DESIGN_GEOMETRIC_PRESENTATION_REPRESENTATION (  '', ( #6567 ), #3730 ) ;
#4486 = ADVANCED_FACE ( 'NONE', ( #1556 ), #4497, .F. ) ;
#4487 = SURFACE_SIDE_STYLE ('',( #1405 ) ) ;
#4488 = LINE ( 'NONE', #4591, #8005 ) ;
#4489 = LINE ( 'NONE', #7549, #7198 ) ;
#4490 = VERTEX_POINT ( 'NONE', #8236 ) ;
#4491 = EDGE_LOOP ( 'NONE', ( #8496, #5858, #6496, #4326 ) ) ;
#4492 = CARTESIAN_POINT ( 'NONE',  ( 3.250000000000000444, 1.649999999999999911, -0.02000000000000000042 ) ) ;
#4493 = VECTOR ( 'NONE', #7613, 1000.000000000000000 ) ;
#4494 =( GEOMETRIC_REPRESENTATION_CONTEXT ( 3 ) GLOBAL_UNCERTAINTY_ASSIGNED_CONTEXT ( ( #8001 ) ) GLOBAL_UNIT_ASSIGNED_CONTEXT ( ( #6970, #5680, #2044 ) ) REPRESENTATION_CONTEXT ( 'NONE', 'WORKASPACE' ) );
#4495 = VECTOR ( 'NONE', #7517, 1000.000000000000000 ) ;
#4496 = CARTESIAN_POINT ( 'NONE',  ( -3.250000000000000444, 0.8499999999999999778, -0.02000000000000000042 ) ) ;
#4497 = PLANE ( 'NONE',  #5331 ) ;
#4498 = UNCERTAINTY_MEASURE_WITH_UNIT (LENGTH_MEASURE( 1.000000000000000082E-05 ), #6793, 'distance_accuracy_value', 'NONE');
#4499 = SURFACE_STYLE_FILL_AREA ( #6043 ) ;
#4500 = ORIENTED_EDGE ( 'NONE', *, *, #6495, .F. ) ;
#4501 = CARTESIAN_POINT ( 'NONE',  ( 0.06481617527065203221, -3.014090329183992889, 0.001000000000000000021 ) ) ;
#4502 = MECHANICAL_DESIGN_GEOMETRIC_PRESENTATION_REPRESENTATION (  '', ( #3437 ), #820 ) ;
#4503 = CARTESIAN_POINT ( 'NONE',  ( -4.750000000000000000, -0.4000000000000000777, 0.000000000000000000 ) ) ;
#4504 = DIRECTION ( 'NONE',  ( 1.000000000000000000, 0.000000000000000000, 0.000000000000000000 ) ) ;
#4505 = STYLED_ITEM ( 'NONE', ( #3682 ), #869 ) ;
#4506 = ADVANCED_FACE ( 'NONE', ( #1699 ), #188, .F. ) ;
#4508 = PRESENTATION_LAYER_ASSIGNMENT (  '', '', ( #9185 ) ) ;
#4507 = CARTESIAN_POINT ( 'NONE',  ( -3.250000000000000000, 2.899999999999999911, -0.02000000000000000042 ) ) ;
#4509 = SURFACE_STYLE_USAGE ( .BOTH. , #7908 ) ;
#4510 = PLANE ( 'NONE',  #3005 ) ;
#4511 = ORIENTED_EDGE ( 'NONE', *, *, #7944, .T. ) ;
#4512 = LINE ( 'NONE', #3947, #3583 ) ;
#4513 =( NAMED_UNIT ( * ) PLANE_ANGLE_UNIT ( ) SI_UNIT ( $, .RADIAN. ) );
#4514 = MECHANICAL_DESIGN_GEOMETRIC_PRESENTATION_REPRESENTATION (  '', ( #8591 ), #1145 ) ;
#4515 = SURFACE_STYLE_USAGE ( .BOTH. , #8112 ) ;
#4516 = STYLED_ITEM ( 'NONE', ( #5874 ), #8246 ) ;
#4517 = DIRECTION ( 'NONE',  ( -1.000000000000000000, -3.491481338843134144E-15, 0.000000000000000000 ) ) ;
#4518 = VERTEX_POINT ( 'NONE', #6819 ) ;
#4519 = PRESENTATION_STYLE_ASSIGNMENT (( #6063 ) ) ;
#4520 = SURFACE_STYLE_FILL_AREA ( #8303 ) ;
#4521 = VECTOR ( 'NONE', #5365, 1000.000000000000000 ) ;
#4522 = CARTESIAN_POINT ( 'NONE',  ( 3.250000000000000000, 2.100000000000000089, -0.02000000000000000042 ) ) ;
#4523 = ORIENTED_EDGE ( 'NONE', *, *, #2309, .F. ) ;
#4524 = CARTESIAN_POINT ( 'NONE',  ( -4.520365320521144703, 4.310522442972755996, 0.7990000000000000435 ) ) ;
#4525 = MECHANICAL_DESIGN_GEOMETRIC_PRESENTATION_REPRESENTATION (  '', ( #3621 ), #5733 ) ;
#4526 = CARTESIAN_POINT ( 'NONE',  ( -4.270365320521144703, 4.310522442972755996, 0.7990000000000000435 ) ) ;
#4527 = FILL_AREA_STYLE ('',( #6617 ) ) ;
#4528 = ORIENTED_EDGE ( 'NONE', *, *, #1606, .F. ) ;
#4529 = CARTESIAN_POINT ( 'NONE',  ( 3.899999999999999023, 2.899999999999992806, 1.000000000000000000 ) ) ;
#4530 = STYLED_ITEM ( 'NONE', ( #9025 ), #2896 ) ;
#4531 = PRESENTATION_STYLE_ASSIGNMENT (( #1587 ) ) ;
#4532 = CARTESIAN_POINT ( 'NONE',  ( 0.000000000000000000, -4.100000000000000533, 0.8000000000000000444 ) ) ;
#4533 = ADVANCED_FACE ( 'NONE', ( #5308 ), #8147, .F. ) ;
#4534 = CARTESIAN_POINT ( 'NONE',  ( -0.4000000000000341061, 3.249999999999996003, 0.000000000000000000 ) ) ;
#4535 = PRESENTATION_LAYER_ASSIGNMENT (  '', '', ( #8756 ) ) ;
#4536 =( LENGTH_UNIT ( ) NAMED_UNIT ( * ) SI_UNIT ( .MILLI., .METRE. ) );
#4537 = CARTESIAN_POINT ( 'NONE',  ( 4.750000000000000000, -2.100000000000000089, -0.02000000000000000042 ) ) ;
#4538 = ORIENTED_EDGE ( 'NONE', *, *, #9036, .T. ) ;
#4539 = CARTESIAN_POINT ( 'NONE',  ( 0.5518313154461953474, -2.747701419169913617, 0.001000000000000000021 ) ) ;
#4540 = CARTESIAN_POINT ( 'NONE',  ( 4.750000000000000000, -1.649999999999999911, -0.02000000000000000042 ) ) ;
#4541 = CARTESIAN_POINT ( 'NONE',  ( 0.6405133736667013578, -2.856035136325696833, 0.000000000000000000 ) ) ;
#4542 = EDGE_LOOP ( 'NONE', ( #7055, #1213, #5092, #2516 ) ) ;
#4543 = VERTEX_POINT ( 'NONE', #8559 ) ;
#4544 = VECTOR ( 'NONE', #4624, 1000.000000000000000 ) ;
#4545 = ORIENTED_EDGE ( 'NONE', *, *, #2382, .F. ) ;
#4546 = PRESENTATION_STYLE_ASSIGNMENT (( #1411 ) ) ;
#4547 = ADVANCED_FACE ( 'NONE', ( #6181 ), #1995, .F. ) ;
#4548 = CARTESIAN_POINT ( 'NONE',  ( 2.399999999999998579, -2.399999999999999911, 0.000000000000000000 ) ) ;
#4549 =( NAMED_UNIT ( * ) SI_UNIT ( $, .STERADIAN. ) SOLID_ANGLE_UNIT ( ) );
#4550 = AXIS2_PLACEMENT_3D ( 'NONE', #9072, #1799, #4696 ) ;
#4551 =( NAMED_UNIT ( * ) SI_UNIT ( $, .STERADIAN. ) SOLID_ANGLE_UNIT ( ) );
#4552 = ADVANCED_FACE ( 'NONE', ( #9216 ), #7743, .F. ) ;
#4553 = LINE ( 'NONE', #3106, #1615 ) ;
#4554 =( LENGTH_UNIT ( ) NAMED_UNIT ( * ) SI_UNIT ( .MILLI., .METRE. ) );
#4555 = STYLED_ITEM ( 'NONE', ( #5185 ), #175 ) ;
#4556 = VECTOR ( 'NONE', #2760, 1000.000000000000000 ) ;
#4557 = VERTEX_POINT ( 'NONE', #1124 ) ;
#4558 = CARTESIAN_POINT ( 'NONE',  ( 0.6705366244347081839, -2.807400550781240955, 0.000000000000000000 ) ) ;
#4559 = CARTESIAN_POINT ( 'NONE',  ( 0.6245596994600802754, -2.938283340280032352, 0.001000000000000000021 ) ) ;
#4560 = FILL_AREA_STYLE_COLOUR ( '', #6130 ) ;
#4561 = SURFACE_STYLE_FILL_AREA ( #8153 ) ;
#4562 = STYLED_ITEM ( 'NONE', ( #339 ), #3892 ) ;
#4563 = LINE ( 'NONE', #3116, #2614 ) ;
#4564 = LINE ( 'NONE', #909, #3658 ) ;
#4565 = ORIENTED_EDGE ( 'NONE', *, *, #6095, .F. ) ;
#4566 = SURFACE_STYLE_FILL_AREA ( #8806 ) ;
#4567 = STYLED_ITEM ( 'NONE', ( #7828 ), #4917 ) ;
#4568 = COLOUR_RGB ( '',0.9686274509803921573, 0.8784313725490195957, 0.5999999999999999778 ) ;
#4569 = VECTOR ( 'NONE', #859, 1000.000000000000000 ) ;
#4570 = PLANE ( 'NONE',  #7965 ) ;
#4571 = CARTESIAN_POINT ( 'NONE',  ( -2.146934995020800979E-16, 2.500000000000000000, -0.02000000000000000042 ) ) ;
#4572 = ADVANCED_FACE ( 'NONE', ( #5531 ), #4213, .F. ) ;
#4573 = CARTESIAN_POINT ( 'NONE',  ( -2.899999999999992806, -4.100000000000000533, 1.000000000000000000 ) ) ;
#4574 = SURFACE_STYLE_USAGE ( .BOTH. , #2500 ) ;
#4575 = SURFACE_STYLE_USAGE ( .BOTH. , #5411 ) ;
#4576 = ORIENTED_EDGE ( 'NONE', *, *, #6148, .F. ) ;
#4577 = EDGE_LOOP ( 'NONE', ( #5043, #7749, #2081, #9100 ) ) ;
#4578 =( NAMED_UNIT ( * ) SI_UNIT ( $, .STERADIAN. ) SOLID_ANGLE_UNIT ( ) );
#4579 = CARTESIAN_POINT ( 'NONE',  ( 0.4986794654826581796, -2.714383876917705773, 0.001000000000000000021 ) ) ;
#4580 = AXIS2_PLACEMENT_3D ( 'NONE', #5902, #2283, #6403 ) ;
#4581 = CARTESIAN_POINT ( 'NONE',  ( -0.2665546525541012679, -2.899418194026092355, 0.000000000000000000 ) ) ;
#4582 = ORIENTED_EDGE ( 'NONE', *, *, #4786, .F. ) ;
#4583 = DIRECTION ( 'NONE',  ( 1.000000000000000000, -0.000000000000000000, -0.000000000000000000 ) ) ;
#4584 = DIRECTION ( 'NONE',  ( 0.000000000000000000, -1.000000000000000000, 0.000000000000000000 ) ) ;
#4585 = FILL_AREA_STYLE_COLOUR ( '', #2151 ) ;
#4586 = SURFACE_STYLE_USAGE ( .BOTH. , #28 ) ;
#4587 =( LENGTH_UNIT ( ) NAMED_UNIT ( * ) SI_UNIT ( .MILLI., .METRE. ) );
#4588 = EDGE_LOOP ( 'NONE', ( #1492, #8030, #2844, #2580 ) ) ;
#4589 = CARTESIAN_POINT ( 'NONE',  ( 0.7066732437873620709, -2.983564535489507286, 0.001000000000000000021 ) ) ;
#4590 = SURFACE_STYLE_FILL_AREA ( #2331 ) ;
#4591 = CARTESIAN_POINT ( 'NONE',  ( 0.2456976340312645724, -2.716491364757799953, 0.001000000000000000021 ) ) ;
#4592 = CARTESIAN_POINT ( 'NONE',  ( 0.6288202365026442919, -2.807646632669423603, 0.001000000000000000021 ) ) ;
#4593 = EDGE_CURVE ( 'NONE', #4351, #5622, #1453, .T. ) ;
#4594 = ORIENTED_EDGE ( 'NONE', *, *, #1421, .F. ) ;
#4595 = ORIENTED_EDGE ( 'NONE', *, *, #2075, .F. ) ;
#4596 = DIRECTION ( 'NONE',  ( -1.000000000000000000, 0.000000000000000000, 0.000000000000000000 ) ) ;
#4597 = DIRECTION ( 'NONE',  ( 0.000000000000000000, 1.000000000000000000, 0.000000000000000000 ) ) ;
#4598 =( NAMED_UNIT ( * ) PLANE_ANGLE_UNIT ( ) SI_UNIT ( $, .RADIAN. ) );
#4599 = SURFACE_SIDE_STYLE ('',( #1656 ) ) ;
#4600 =( GEOMETRIC_REPRESENTATION_CONTEXT ( 3 ) GLOBAL_UNCERTAINTY_ASSIGNED_CONTEXT ( ( #1322 ) ) GLOBAL_UNIT_ASSIGNED_CONTEXT ( ( #7574, #5330, #3907 ) ) REPRESENTATION_CONTEXT ( 'NONE', 'WORKASPACE' ) );
#4601 = ADVANCED_FACE ( 'NONE', ( #7202 ), #2906, .F. ) ;
#4602 = CARTESIAN_POINT ( 'NONE',  ( -0.2124241960335546409, -2.769790222147953340, 0.001000000000000000021 ) ) ;
#4603 = CARTESIAN_POINT ( 'NONE',  ( -0.8500000000000340616, 3.249999999999991118, 0.000000000000000000 ) ) ;
#4604 = CARTESIAN_POINT ( 'NONE',  ( 0.5463133934278093795, -2.986928746982175475, 2.117582368135750848E-19 ) ) ;
#4605 = SURFACE_SIDE_STYLE ('',( #905 ) ) ;
#4606 = EDGE_CURVE ( 'NONE', #2471, #8746, #5141, .T. ) ;
#4607 = EDGE_CURVE ( 'NONE', #4176, #3733, #8787, .T. ) ;
#4608 = MECHANICAL_DESIGN_GEOMETRIC_PRESENTATION_REPRESENTATION (  '', ( #8971 ), #8081 ) ;
#4609 = FILL_AREA_STYLE ('',( #2448 ) ) ;
#4610 = FILL_AREA_STYLE_COLOUR ( '', #9386 ) ;
#4611 = VECTOR ( 'NONE', #3327, 1000.000000000000000 ) ;
#4612 = FILL_AREA_STYLE_COLOUR ( '', #3557 ) ;
#4613 = DIRECTION ( 'NONE',  ( -0.000000000000000000, -0.000000000000000000, 1.000000000000000000 ) ) ;
#4614 = SPHERICAL_SURFACE ( 'NONE', #214, 1.000000000000000000 ) ;
#4615 = EDGE_CURVE ( 'NONE', #7811, #1324, #1039, .T. ) ;
#4616 = PLANE ( 'NONE',  #5279 ) ;
#4617 = CARTESIAN_POINT ( 'NONE',  ( -4.750000000000000000, 0.8499999999999999778, -0.02000000000000000042 ) ) ;
#4618 = DIRECTION ( 'NONE',  ( -1.000000000000000000, 0.000000000000000000, 0.000000000000000000 ) ) ;
#4619 = FACE_OUTER_BOUND ( 'NONE', #5577, .T. ) ;
#4620 = VECTOR ( 'NONE', #8165, 1000.000000000000000 ) ;
#4621 = UNCERTAINTY_MEASURE_WITH_UNIT (LENGTH_MEASURE( 1.000000000000000082E-05 ), #5638, 'distance_accuracy_value', 'NONE');
#4622 = CARTESIAN_POINT ( 'NONE',  ( -4.750000000000000000, 0.3999999999999999667, -0.02000000000000000042 ) ) ;
#4623 = SURFACE_SIDE_STYLE ('',( #2318 ) ) ;
#4624 = DIRECTION ( 'NONE',  ( -0.3635424856527064708, -0.9315776194850602376, 0.000000000000000000 ) ) ;
#4625 = DIRECTION ( 'NONE',  ( -0.000000000000000000, -1.000000000000000000, -0.000000000000000000 ) ) ;
#4626 = ORIENTED_EDGE ( 'NONE', *, *, #6921, .F. ) ;
#4627 = PRESENTATION_STYLE_ASSIGNMENT (( #5936 ) ) ;
#4628 = CARTESIAN_POINT ( 'NONE',  ( 0.5890968818536285179, -2.723483936413088280, 6.352747104407252543E-19 ) ) ;
#4629 = SURFACE_STYLE_FILL_AREA ( #7586 ) ;
#4630 = ADVANCED_FACE ( 'NONE', ( #783 ), #5852, .F. ) ;
#4631 = FACE_OUTER_BOUND ( 'NONE', #4471, .T. ) ;
#4632 =( NAMED_UNIT ( * ) PLANE_ANGLE_UNIT ( ) SI_UNIT ( $, .RADIAN. ) );
#4633 = ORIENTED_EDGE ( 'NONE', *, *, #914, .T. ) ;
#4634 = CARTESIAN_POINT ( 'NONE',  ( 2.899999999999991918, 3.899999999999999911, 5.299999999999999822 ) ) ;
#4635 = CARTESIAN_POINT ( 'NONE',  ( 0.3591122681776059422, -2.983564535489507286, 0.001000000000000000021 ) ) ;
#4636 = CARTESIAN_POINT ( 'NONE',  ( -5.050000000000001599, -5.049999999999999822, 0.8000000000000000444 ) ) ;
#4637 = CARTESIAN_POINT ( 'NONE',  ( 0.6332206298798028765, -2.818663421739392660, 0.001000000000000000021 ) ) ;
#4638 = ORIENTED_EDGE ( 'NONE', *, *, #2626, .F. ) ;
#4639 = ORIENTED_EDGE ( 'NONE', *, *, #1203, .T. ) ;
#4640 = CARTESIAN_POINT ( 'NONE',  ( -0.02137553670044279111, -2.863575968416336881, 0.001000000000000000021 ) ) ;
#4641 = VECTOR ( 'NONE', #2383, 1000.000000000000000 ) ;
#4642 = PRESENTATION_STYLE_ASSIGNMENT (( #8841 ) ) ;
#4643 = VECTOR ( 'NONE', #266, 1000.000000000000000 ) ;
#4644 = FILL_AREA_STYLE ('',( #8241 ) ) ;
#4645 = DIRECTION ( 'NONE',  ( -0.000000000000000000, -0.000000000000000000, 1.000000000000000000 ) ) ;
#4646 = VECTOR ( 'NONE', #6395, 1000.000000000000000 ) ;
#4647 =( GEOMETRIC_REPRESENTATION_CONTEXT ( 3 ) GLOBAL_UNCERTAINTY_ASSIGNED_CONTEXT ( ( #8751 ) ) GLOBAL_UNIT_ASSIGNED_CONTEXT ( ( #5470, #1821, #5611 ) ) REPRESENTATION_CONTEXT ( 'NONE', 'WORKASPACE' ) );
#4648 = SURFACE_STYLE_USAGE ( .BOTH. , #327 ) ;
#4649 = PRESENTATION_STYLE_ASSIGNMENT (( #4079 ) ) ;
#4650 = EDGE_LOOP ( 'NONE', ( #8014, #746, #2914, #398 ) ) ;
#4651 = SURFACE_SIDE_STYLE ('',( #9085 ) ) ;
#4652 = LINE ( 'NONE', #1001, #1004 ) ;
#4653 =( GEOMETRIC_REPRESENTATION_CONTEXT ( 3 ) GLOBAL_UNCERTAINTY_ASSIGNED_CONTEXT ( ( #828 ) ) GLOBAL_UNIT_ASSIGNED_CONTEXT ( ( #5215, #863, #814 ) ) REPRESENTATION_CONTEXT ( 'NONE', 'WORKASPACE' ) );
#4654 = PRESENTATION_STYLE_ASSIGNMENT (( #6100 ) ) ;
#4655 =( GEOMETRIC_REPRESENTATION_CONTEXT ( 3 ) GLOBAL_UNCERTAINTY_ASSIGNED_CONTEXT ( ( #8840 ) ) GLOBAL_UNIT_ASSIGNED_CONTEXT ( ( #3354, #9119, #4835 ) ) REPRESENTATION_CONTEXT ( 'NONE', 'WORKASPACE' ) );
#4656 = VECTOR ( 'NONE', #2643, 1000.000000000000000 ) ;
#4657 = FACE_OUTER_BOUND ( 'NONE', #2002, .T. ) ;
#4658 = CARTESIAN_POINT ( 'NONE',  ( -3.250000000000000444, 0.8499999999999999778, -0.02000000000000000042 ) ) ;
#4659 = DIRECTION ( 'NONE',  ( 1.000000000000000000, -0.000000000000000000, -0.000000000000000000 ) ) ;
#4660 =( GEOMETRIC_REPRESENTATION_CONTEXT ( 3 ) GLOBAL_UNCERTAINTY_ASSIGNED_CONTEXT ( ( #1583 ) ) GLOBAL_UNIT_ASSIGNED_CONTEXT ( ( #5534, #2721, #5637 ) ) REPRESENTATION_CONTEXT ( 'NONE', 'WORKASPACE' ) );
#4661 = STYLED_ITEM ( 'NONE', ( #5056 ), #6424 ) ;
#4662 =( NAMED_UNIT ( * ) PLANE_ANGLE_UNIT ( ) SI_UNIT ( $, .RADIAN. ) );
#4663 = ADVANCED_FACE ( 'NONE', ( #4631 ), #8876, .T. ) ;
#4664 = DIRECTION ( 'NONE',  ( 0.000000000000000000, -0.000000000000000000, 1.000000000000000000 ) ) ;
#4665 = SURFACE_STYLE_USAGE ( .BOTH. , #1768 ) ;
#4666 = FILL_AREA_STYLE_COLOUR ( '', #5679 ) ;
#4667 = ORIENTED_EDGE ( 'NONE', *, *, #8655, .F. ) ;
#4668 = CARTESIAN_POINT ( 'NONE',  ( 3.250000000000000000, -0.3999999999999999667, -0.02000000000000000042 ) ) ;
#4669 = EDGE_CURVE ( 'NONE', #3400, #633, #1688, .T. ) ;
#4670 = PRESENTATION_STYLE_ASSIGNMENT (( #304 ) ) ;
#4671 = PRESENTATION_STYLE_ASSIGNMENT (( #6021 ) ) ;
#4672 =( LENGTH_UNIT ( ) NAMED_UNIT ( * ) SI_UNIT ( .MILLI., .METRE. ) );
#4673 = DIRECTION ( 'NONE',  ( -0.000000000000000000, 1.000000000000000000, -0.000000000000000000 ) ) ;
#4674 = ORIENTED_EDGE ( 'NONE', *, *, #1507, .T. ) ;
#4675 = DIRECTION ( 'NONE',  ( 1.000000000000000000, 1.047444401652940007E-14, 0.000000000000000000 ) ) ;
#4676 = PRESENTATION_LAYER_ASSIGNMENT (  '', '', ( #1286 ) ) ;
#4677 = PRESENTATION_STYLE_ASSIGNMENT (( #6168 ) ) ;
#4678 = CARTESIAN_POINT ( 'NONE',  ( 0.2530147072019962584, -2.848198681830970802, 0.001000000000000000021 ) ) ;
#4679 = MECHANICAL_DESIGN_GEOMETRIC_PRESENTATION_REPRESENTATION (  '', ( #4516 ), #8600 ) ;
#4680 = DIRECTION ( 'NONE',  ( 0.000000000000000000, 0.000000000000000000, -1.000000000000000000 ) ) ;
#4681 = CARTESIAN_POINT ( 'NONE',  ( 0.8499999999999658939, 3.250000000000008882, -0.02000000000000000042 ) ) ;
#4682 = DIRECTION ( 'NONE',  ( -9.035018104045871927E-17, -1.000000000000000000, 0.000000000000000000 ) ) ;
#4683 = SURFACE_STYLE_USAGE ( .BOTH. , #8881 ) ;
#4684 = PRESENTATION_STYLE_ASSIGNMENT (( #1737 ) ) ;
#4685 = VERTEX_POINT ( 'NONE', #3870 ) ;
#4686 = ORIENTED_EDGE ( 'NONE', *, *, #8780, .F. ) ;
#4687 = MECHANICAL_DESIGN_GEOMETRIC_PRESENTATION_REPRESENTATION (  '', ( #4530 ), #2849 ) ;
#4688 = VERTEX_POINT ( 'NONE', #7492 ) ;
#4689 = MECHANICAL_DESIGN_GEOMETRIC_PRESENTATION_REPRESENTATION (  '', ( #8613 ), #5885 ) ;
#4690 = ADVANCED_FACE ( 'NONE', ( #6717 ), #8266, .F. ) ;
#4691 =( NAMED_UNIT ( * ) SI_UNIT ( $, .STERADIAN. ) SOLID_ANGLE_UNIT ( ) );
#4692 = ADVANCED_FACE ( 'NONE', ( #3240 ), #6672, .T. ) ;
#4693 = ORIENTED_EDGE ( 'NONE', *, *, #3740, .F. ) ;
#4694 = CARTESIAN_POINT ( 'NONE',  ( -0.003475099456352708817, -2.794057759806280572, 0.000000000000000000 ) ) ;
#4695 = SURFACE_STYLE_FILL_AREA ( #7507 ) ;
#4696 = DIRECTION ( 'NONE',  ( -1.000000000000000000, -3.491481338843134144E-15, 0.000000000000000000 ) ) ;
#4697 = AXIS2_PLACEMENT_3D ( 'NONE', #5024, #8706, #3599 ) ;
#4698 = AXIS2_PLACEMENT_3D ( 'NONE', #4321, #5123, #7181 ) ;
#4699 = PRESENTATION_STYLE_ASSIGNMENT (( #945 ) ) ;
#4700 = CARTESIAN_POINT ( 'NONE',  ( 0.6810634876898010726, -2.872150663538287851, 0.000000000000000000 ) ) ;
#4701 = CARTESIAN_POINT ( 'NONE',  ( 0.6717735435510672204, -2.932368633417598236, 0.000000000000000000 ) ) ;
#4702 =( LENGTH_UNIT ( ) NAMED_UNIT ( * ) SI_UNIT ( .MILLI., .METRE. ) );
#4703 = ORIENTED_EDGE ( 'NONE', *, *, #5356, .F. ) ;
#4704 = MECHANICAL_DESIGN_GEOMETRIC_PRESENTATION_REPRESENTATION (  '', ( #9219 ), #8025 ) ;
#4705 = LINE ( 'NONE', #330, #1287 ) ;
#4706 = ORIENTED_EDGE ( 'NONE', *, *, #240, .T. ) ;
#4707 = AXIS2_PLACEMENT_3D ( 'NONE', #4571, #5882, #5325 ) ;
#4708 = DIRECTION ( 'NONE',  ( 1.000000000000000000, 0.000000000000000000, 0.000000000000000000 ) ) ;
#4709 = STYLED_ITEM ( 'NONE', ( #1905 ), #5372 ) ;
#4710 = LINE ( 'NONE', #5361, #3808 ) ;
#4711 = UNCERTAINTY_MEASURE_WITH_UNIT (LENGTH_MEASURE( 1.000000000000000082E-05 ), #3233, 'distance_accuracy_value', 'NONE');
#4712 = DIRECTION ( 'NONE',  ( -0.000000000000000000, -0.000000000000000000, 1.000000000000000000 ) ) ;
#4713 = STYLED_ITEM ( 'NONE', ( #3463 ), #3919 ) ;
#4714 = CARTESIAN_POINT ( 'NONE',  ( 2.099999999999949907, 4.750000000000021316, 0.000000000000000000 ) ) ;
#4715 = CARTESIAN_POINT ( 'NONE',  ( 0.4840760818234167706, -2.979870056182526206, 0.001000000000000000021 ) ) ;
#4716 = EDGE_CURVE ( 'NONE', #3330, #8023, #9107, .T. ) ;
#4717 = DIRECTION ( 'NONE',  ( 1.000000000000000000, 0.000000000000000000, 0.000000000000000000 ) ) ;
#4718 = SURFACE_STYLE_USAGE ( .BOTH. , #1817 ) ;
#4719 = FACE_OUTER_BOUND ( 'NONE', #85, .T. ) ;
#4720 = EDGE_LOOP ( 'NONE', ( #7020, #7247, #6712, #8696 ) ) ;
#4721 = PRESENTATION_LAYER_ASSIGNMENT (  '', '', ( #4567 ) ) ;
#4722 = DIRECTION ( 'NONE',  ( 1.000000000000000000, 0.000000000000000000, 0.000000000000000000 ) ) ;
#4723 = COLOUR_RGB ( '',0.9686274509803921573, 0.8784313725490195957, 0.5999999999999999778 ) ;
#4724 = PLANE ( 'NONE',  #4330 ) ;
#4725 = CARTESIAN_POINT ( 'NONE',  ( 0.006743702593691367625, -2.738656933972565710, 0.000000000000000000 ) ) ;
#4726 = CARTESIAN_POINT ( 'NONE',  ( 0.4578927559824840232, -2.968015755001702338, 0.000000000000000000 ) ) ;
#4727 =( NAMED_UNIT ( * ) SI_UNIT ( $, .STERADIAN. ) SOLID_ANGLE_UNIT ( ) );
#4728 = ORIENTED_EDGE ( 'NONE', *, *, #6378, .T. ) ;
#4730 = PRESENTATION_LAYER_ASSIGNMENT (  '', '', ( #8789 ) ) ;
#4729 = LINE ( 'NONE', #1056, #8133 ) ;
#4731 = DIRECTION ( 'NONE',  ( 1.000000000000000000, 0.000000000000000000, 0.000000000000000000 ) ) ;
#4732 = CARTESIAN_POINT ( 'NONE',  ( 0.5404384876898011836, -3.020149901343165855, 0.000000000000000000 ) ) ;
#4733 =( NAMED_UNIT ( * ) SI_UNIT ( $, .STERADIAN. ) SOLID_ANGLE_UNIT ( ) );
#4734 = DIRECTION ( 'NONE',  ( 1.000000000000000000, 0.000000000000000000, 0.000000000000000000 ) ) ;
#4735 = EDGE_LOOP ( 'NONE', ( #1983, #7307, #3909, #5904 ) ) ;
#4736 = CARTESIAN_POINT ( 'NONE',  ( -0.2124241960335546409, -2.769790222147953340, 0.000000000000000000 ) ) ;
#4737 = FILL_AREA_STYLE_COLOUR ( '', #8715 ) ;
#4738 = EDGE_CURVE ( 'NONE', #3782, #3514, #6956, .T. ) ;
#4739 = LINE ( 'NONE', #5629, #6442 ) ;
#4740 = ORIENTED_EDGE ( 'NONE', *, *, #5001, .T. ) ;
#4741 = VERTEX_POINT ( 'NONE', #5520 ) ;
#4742 = PRESENTATION_STYLE_ASSIGNMENT (( #8191 ) ) ;
#4743 = CARTESIAN_POINT ( 'NONE',  ( -2.099999999999988542, -3.250000000000007994, -0.02000000000000000042 ) ) ;
#4744 = UNCERTAINTY_MEASURE_WITH_UNIT (LENGTH_MEASURE( 1.000000000000000082E-05 ), #29, 'distance_accuracy_value', 'NONE');
#4745 = FILL_AREA_STYLE_COLOUR ( '', #6624 ) ;
#4746 = EDGE_CURVE ( 'NONE', #7978, #2086, #5926, .T. ) ;
#4747 = CARTESIAN_POINT ( 'NONE',  ( 3.899999999999999023, 2.899999999999992806, 1.000000000000000000 ) ) ;
#4748 = CARTESIAN_POINT ( 'NONE',  ( 0.8603317803727279500, -2.716491364757799953, 0.001000000000000000021 ) ) ;
#4749 = LINE ( 'NONE', #6738, #3385 ) ;
#4750 = CARTESIAN_POINT ( 'NONE',  ( -1.650000000000034328, 3.249999999999983125, -0.02000000000000000042 ) ) ;
#4751 = EDGE_LOOP ( 'NONE', ( #4999, #7519, #6280, #6439 ) ) ;
#4752 = CARTESIAN_POINT ( 'NONE',  ( 0.3999999999999659384, 3.250000000000003997, 0.000000000000000000 ) ) ;
#4753 = EDGE_LOOP ( 'NONE', ( #8274, #4065, #5494, #681 ) ) ;
#4754 = UNCERTAINTY_MEASURE_WITH_UNIT (LENGTH_MEASURE( 1.000000000000000082E-05 ), #7432, 'distance_accuracy_value', 'NONE');
#4755 = SURFACE_STYLE_USAGE ( .BOTH. , #4651 ) ;
#4756 = DIRECTION ( 'NONE',  ( -0.000000000000000000, -0.000000000000000000, 1.000000000000000000 ) ) ;
#4757 = COLOUR_RGB ( '',0.2235294117647058654, 0.2235294117647058654, 0.2235294117647058654 ) ;
#4758 = FILL_AREA_STYLE_COLOUR ( '', #5014 ) ;
#4759 = SURFACE_STYLE_USAGE ( .BOTH. , #7527 ) ;
#4760 = PRESENTATION_STYLE_ASSIGNMENT (( #4805 ) ) ;
#4761 = CARTESIAN_POINT ( 'NONE',  ( 0.4578927559824840232, -2.968015755001702338, 0.001000000000000000021 ) ) ;
#4762 = CARTESIAN_POINT ( 'NONE',  ( 2.399999999999999023, 2.399999999999999911, -0.02000000000000005246 ) ) ;
#4763 = STYLED_ITEM ( 'NONE', ( #7516 ), #1619 ) ;
#4764 = LINE ( 'NONE', #6246, #2467 ) ;
#4765 = ORIENTED_EDGE ( 'NONE', *, *, #374, .F. ) ;
#4766 = FILL_AREA_STYLE_COLOUR ( '', #8680 ) ;
#4767 = PLANE ( 'NONE',  #2703 ) ;
#4768 = DIRECTION ( 'NONE',  ( 0.000000000000000000, -0.000000000000000000, -1.000000000000000000 ) ) ;
#4769 = ORIENTED_EDGE ( 'NONE', *, *, #3335, .F. ) ;
#4770 = FILL_AREA_STYLE ('',( #4004 ) ) ;
#4771 =( GEOMETRIC_REPRESENTATION_CONTEXT ( 3 ) GLOBAL_UNCERTAINTY_ASSIGNED_CONTEXT ( ( #5816 ) ) GLOBAL_UNIT_ASSIGNED_CONTEXT ( ( #2592, #5621, #7676 ) ) REPRESENTATION_CONTEXT ( 'NONE', 'WORKASPACE' ) );
#4772 = CARTESIAN_POINT ( 'NONE',  ( 0.5558304845547572537, -3.019806615468028088, 0.000000000000000000 ) ) ;
#4773 = PRESENTATION_LAYER_ASSIGNMENT (  '', '', ( #7321 ) ) ;
#4774 = ORIENTED_EDGE ( 'NONE', *, *, #9101, .F. ) ;
#4775 = SURFACE_STYLE_FILL_AREA ( #9201 ) ;
#4776 = CARTESIAN_POINT ( 'NONE',  ( -1.649999999999983480, -4.750000000000006217, 0.000000000000000000 ) ) ;
#4777 = ORIENTED_EDGE ( 'NONE', *, *, #5873, .F. ) ;
#4778 = EDGE_CURVE ( 'NONE', #5949, #264, #9254, .T. ) ;
#4779 = LINE ( 'NONE', #1989, #9315 ) ;
#4780 = CARTESIAN_POINT ( 'NONE',  ( 0.5601206753189078569, -2.715320587107371342, 0.001000000000000000021 ) ) ;
#4781 = DIRECTION ( 'NONE',  ( -0.000000000000000000, -0.000000000000000000, -1.000000000000000000 ) ) ;
#4782 = VERTEX_POINT ( 'NONE', #9204 ) ;
#4783 = CARTESIAN_POINT ( 'NONE',  ( 1.649999999999950173, 4.750000000000016875, -0.02000000000000000042 ) ) ;
#4784 = SURFACE_STYLE_FILL_AREA ( #362 ) ;
#4785 = CARTESIAN_POINT ( 'NONE',  ( 0.01066894518778780179, -2.777907473057401599, 0.000000000000000000 ) ) ;
#4786 = EDGE_CURVE ( 'NONE', #7176, #1965, #6262, .T. ) ;
#4787 = CARTESIAN_POINT ( 'NONE',  ( 0.4000000000000114020, -3.249999999999999112, -0.02000000000000000042 ) ) ;
#4788 = LINE ( 'NONE', #4881, #2251 ) ;
#4789 = EDGE_CURVE ( 'NONE', #1658, #6553, #7680, .T. ) ;
#4790 = DIRECTION ( 'NONE',  ( 0.000000000000000000, -1.000000000000000000, 0.000000000000000000 ) ) ;
#4791 = SURFACE_STYLE_FILL_AREA ( #6228 ) ;
#4792 = SURFACE_STYLE_FILL_AREA ( #1856 ) ;
#4793 = ORIENTED_EDGE ( 'NONE', *, *, #5704, .F. ) ;
#4794 = DIRECTION ( 'NONE',  ( -0.000000000000000000, 1.000000000000000000, -0.000000000000000000 ) ) ;
#4795 = PRESENTATION_LAYER_ASSIGNMENT (  '', '', ( #3882 ) ) ;
#4796 =( GEOMETRIC_REPRESENTATION_CONTEXT ( 3 ) GLOBAL_UNCERTAINTY_ASSIGNED_CONTEXT ( ( #6539 ) ) GLOBAL_UNIT_ASSIGNED_CONTEXT ( ( #9262, #7741, #1994 ) ) REPRESENTATION_CONTEXT ( 'NONE', 'WORKASPACE' ) );
#4797 = SURFACE_SIDE_STYLE ('',( #9230 ) ) ;
#4798 = CARTESIAN_POINT ( 'NONE',  ( 0.009787462282770685584, -2.952147907142028682, 0.001000000000000000021 ) ) ;
#4799 =( NAMED_UNIT ( * ) SI_UNIT ( $, .STERADIAN. ) SOLID_ANGLE_UNIT ( ) );
#4800 = ORIENTED_EDGE ( 'NONE', *, *, #7587, .F. ) ;
#4801 = UNCERTAINTY_MEASURE_WITH_UNIT (LENGTH_MEASURE( 1.000000000000000082E-05 ), #2745, 'distance_accuracy_value', 'NONE');
#4802 = MECHANICAL_DESIGN_GEOMETRIC_PRESENTATION_REPRESENTATION (  '', ( #5717 ), #8856 ) ;
#4803 = COLOUR_RGB ( '',0.9686274509803921573, 0.8784313725490195957, 0.5999999999999999778 ) ;
#4804 =( GEOMETRIC_REPRESENTATION_CONTEXT ( 3 ) GLOBAL_UNCERTAINTY_ASSIGNED_CONTEXT ( ( #4037 ) ) GLOBAL_UNIT_ASSIGNED_CONTEXT ( ( #2976, #5116, #2349 ) ) REPRESENTATION_CONTEXT ( 'NONE', 'WORKASPACE' ) );
#4805 = SURFACE_STYLE_USAGE ( .BOTH. , #5549 ) ;
#4806 = LINE ( 'NONE', #3225, #7369 ) ;
#4807 =( GEOMETRIC_REPRESENTATION_CONTEXT ( 3 ) GLOBAL_UNCERTAINTY_ASSIGNED_CONTEXT ( ( #70 ) ) GLOBAL_UNIT_ASSIGNED_CONTEXT ( ( #6546, #1423, #6595 ) ) REPRESENTATION_CONTEXT ( 'NONE', 'WORKASPACE' ) );
#4808 = MECHANICAL_DESIGN_GEOMETRIC_PRESENTATION_REPRESENTATION (  '', ( #3270 ), #4494 ) ;
#4809 = ORIENTED_EDGE ( 'NONE', *, *, #4899, .F. ) ;
#4810 =( NAMED_UNIT ( * ) SI_UNIT ( $, .STERADIAN. ) SOLID_ANGLE_UNIT ( ) );
#4811 =( NAMED_UNIT ( * ) SI_UNIT ( $, .STERADIAN. ) SOLID_ANGLE_UNIT ( ) );
#4812 = CARTESIAN_POINT ( 'NONE',  ( 0.5312708920078789143, -2.987175509910647619, 0.001000000000000000021 ) ) ;
#4813 = AXIS2_PLACEMENT_3D ( 'NONE', #9148, #5475, #9199 ) ;
#4814 = ORIENTED_EDGE ( 'NONE', *, *, #1036, .F. ) ;
#4815 = PRESENTATION_STYLE_ASSIGNMENT (( #6390 ) ) ;
#4816 = PRESENTATION_STYLE_ASSIGNMENT (( #7139 ) ) ;
#4817 = ORIENTED_EDGE ( 'NONE', *, *, #6512, .F. ) ;
#4818 = SURFACE_STYLE_USAGE ( .BOTH. , #5664 ) ;
#4819 =( GEOMETRIC_REPRESENTATION_CONTEXT ( 3 ) GLOBAL_UNCERTAINTY_ASSIGNED_CONTEXT ( ( #4404 ) ) GLOBAL_UNIT_ASSIGNED_CONTEXT ( ( #631, #4959, #6521 ) ) REPRESENTATION_CONTEXT ( 'NONE', 'WORKASPACE' ) );
#4820 =( NAMED_UNIT ( * ) PLANE_ANGLE_UNIT ( ) SI_UNIT ( $, .RADIAN. ) );
#4821 = VECTOR ( 'NONE', #8011, 1000.000000000000000 ) ;
#4822 = CARTESIAN_POINT ( 'NONE',  ( 0.7066732437873620709, -3.016491364757799776, 0.001000000000000000021 ) ) ;
#4823 = VERTEX_POINT ( 'NONE', #6355 ) ;
#4824 = SURFACE_SIDE_STYLE ('',( #5626 ) ) ;
#4825 = DIRECTION ( 'NONE',  ( 0.000000000000000000, -1.000000000000000000, 0.000000000000000000 ) ) ;
#4826 = ORIENTED_EDGE ( 'NONE', *, *, #4786, .T. ) ;
#4827 = VECTOR ( 'NONE', #8454, 1000.000000000000000 ) ;
#4828 = CARTESIAN_POINT ( 'NONE',  ( -3.250000000000000000, -0.8500000000000000888, 0.000000000000000000 ) ) ;
#4829 = AXIS2_PLACEMENT_3D ( 'NONE', #6278, #4841, #2483 ) ;
#4830 = EDGE_CURVE ( 'NONE', #4848, #9224, #5570, .T. ) ;
#4831 = PRESENTATION_STYLE_ASSIGNMENT (( #1901 ) ) ;
#4832 = CARTESIAN_POINT ( 'NONE',  ( 0.2383805608605327753, -2.983564535489507286, 0.000000000000000000 ) ) ;
#4833 = UNCERTAINTY_MEASURE_WITH_UNIT (LENGTH_MEASURE( 1.000000000000000082E-05 ), #2759, 'distance_accuracy_value', 'NONE');
#4834 = AXIS2_PLACEMENT_3D ( 'NONE', #5326, #4517, #3037 ) ;
#4835 =( NAMED_UNIT ( * ) SI_UNIT ( $, .STERADIAN. ) SOLID_ANGLE_UNIT ( ) );
#4836 = PRESENTATION_LAYER_ASSIGNMENT (  '', '', ( #4075 ) ) ;
#4837 = EDGE_CURVE ( 'NONE', #1884, #5660, #6306, .T. ) ;
#4838 = AXIS2_PLACEMENT_3D ( 'NONE', #614, #3556, #5649 ) ;
#4839 = VERTEX_POINT ( 'NONE', #4776 ) ;
#4840 = FACE_OUTER_BOUND ( 'NONE', #7060, .T. ) ;
#4841 = DIRECTION ( 'NONE',  ( 1.000000000000000000, 0.000000000000000000, -0.000000000000000000 ) ) ;
#4842 = EDGE_LOOP ( 'NONE', ( #4257, #7337, #6963, #4012 ) ) ;
#4843 = UNCERTAINTY_MEASURE_WITH_UNIT (LENGTH_MEASURE( 1.000000000000000082E-05 ), #2104, 'distance_accuracy_value', 'NONE');
#4844 = STYLED_ITEM ( 'NONE', ( #8426 ), #2900 ) ;
#4845 = LINE ( 'NONE', #7702, #9238 ) ;
#4846 = PLANE ( 'NONE',  #9211 ) ;
#4847 = CARTESIAN_POINT ( 'NONE',  ( -0.06149968877133491635, -2.857280408932846516, 0.000000000000000000 ) ) ;
#4848 = VERTEX_POINT ( 'NONE', #9063 ) ;
#4849 = CARTESIAN_POINT ( 'NONE',  ( 0.07082300361848978265, -2.981762463677703590, 0.000000000000000000 ) ) ;
#4850 =( GEOMETRIC_REPRESENTATION_CONTEXT ( 3 ) GLOBAL_UNCERTAINTY_ASSIGNED_CONTEXT ( ( #968 ) ) GLOBAL_UNIT_ASSIGNED_CONTEXT ( ( #8890, #3160, #2340 ) ) REPRESENTATION_CONTEXT ( 'NONE', 'WORKASPACE' ) );
#4851 = FACE_OUTER_BOUND ( 'NONE', #9372, .T. ) ;
#4852 = CARTESIAN_POINT ( 'NONE',  ( -3.250000000000000444, -0.4000000000000000777, 0.000000000000000000 ) ) ;
#4853 = COLOUR_RGB ( '',0.9686274509803921573, 0.8784313725490195957, 0.5999999999999999778 ) ;
#4854 = SURFACE_SIDE_STYLE ('',( #6844 ) ) ;
#4855 = COLOUR_RGB ( '',0.9686274509803921573, 0.8784313725490195957, 0.5999999999999999778 ) ;
#4856 = CARTESIAN_POINT ( 'NONE',  ( 0.04789897725888041247, -2.721859869472561755, 0.001000000000000000021 ) ) ;
#4857 = SURFACE_STYLE_FILL_AREA ( #5555 ) ;
#4858 = ORIENTED_EDGE ( 'NONE', *, *, #119, .T. ) ;
#4859 = VECTOR ( 'NONE', #8280, 1000.000000000000000 ) ;
#4860 = FILL_AREA_STYLE ('',( #7578 ) ) ;
#4861 = VECTOR ( 'NONE', #4675, 1000.000000000000000 ) ;
#4862 = EDGE_CURVE ( 'NONE', #9160, #1029, #7731, .T. ) ;
#4863 = DIRECTION ( 'NONE',  ( -0.000000000000000000, 0.000000000000000000, 1.000000000000000000 ) ) ;
#4864 =( NAMED_UNIT ( * ) PLANE_ANGLE_UNIT ( ) SI_UNIT ( $, .RADIAN. ) );
#4865 = ORIENTED_EDGE ( 'NONE', *, *, #4441, .T. ) ;
#4866 = VECTOR ( 'NONE', #2406, 1000.000000000000000 ) ;
#4867 = CARTESIAN_POINT ( 'NONE',  ( 3.250000000000000000, 0.8500000000000000888, -0.02000000000000000042 ) ) ;
#4868 = AXIS2_PLACEMENT_3D ( 'NONE', #6941, #1283, #7035 ) ;
#4869 = ORIENTED_EDGE ( 'NONE', *, *, #5648, .T. ) ;
#4870 = DIRECTION ( 'NONE',  ( -0.000000000000000000, -0.000000000000000000, -1.000000000000000000 ) ) ;
#4871 = SURFACE_SIDE_STYLE ('',( #1947 ) ) ;
#4872 = ORIENTED_EDGE ( 'NONE', *, *, #4367, .T. ) ;
#4873 = DIRECTION ( 'NONE',  ( -1.047444401652940007E-14, 1.000000000000000000, 0.000000000000000000 ) ) ;
#4874 = PRESENTATION_LAYER_ASSIGNMENT (  '', '', ( #2877 ) ) ;
#4875 = DIRECTION ( 'NONE',  ( 0.000000000000000000, 0.000000000000000000, -1.000000000000000000 ) ) ;
#4876 = EDGE_LOOP ( 'NONE', ( #2852, #3791, #2435, #2739 ) ) ;
#4877 = CARTESIAN_POINT ( 'NONE',  ( 0.04804343439900235491, -2.756371942058945645, 0.001000000000000000021 ) ) ;
#4878 = LINE ( 'NONE', #2715, #3691 ) ;
#4879 = AXIS2_PLACEMENT_3D ( 'NONE', #284, #3206, #6731 ) ;
#4880 = SURFACE_STYLE_FILL_AREA ( #5585 ) ;
#4881 = CARTESIAN_POINT ( 'NONE',  ( 4.750000000000000000, 0.8500000000000000888, 0.000000000000000000 ) ) ;
#4882 = EDGE_CURVE ( 'NONE', #1948, #1448, #7629, .T. ) ;
#4883 = CARTESIAN_POINT ( 'NONE',  ( 0.4000000000000166755, -4.749999999999998224, -0.02000000000000000042 ) ) ;
#4884 = FACE_BOUND ( 'NONE', #5841, .T. ) ;
#4885 = AXIS2_PLACEMENT_3D ( 'NONE', #7262, #7154, #8605 ) ;
#4886 = VERTEX_POINT ( 'NONE', #3422 ) ;
#4887 = CARTESIAN_POINT ( 'NONE',  ( 0.4658608728326150139, -2.760336898401609673, 0.001000000000000000021 ) ) ;
#4888 = CARTESIAN_POINT ( 'NONE',  ( 0.03346713914973709070, -2.726191419091444690, 0.000000000000000000 ) ) ;
#4889 = ORIENTED_EDGE ( 'NONE', *, *, #3614, .F. ) ;
#4890 = CARTESIAN_POINT ( 'NONE',  ( -0.003987670644457722881, -2.934713324918984068, 0.001000000000000000021 ) ) ;
#4891 = EDGE_CURVE ( 'NONE', #1698, #6238, #7775, .T. ) ;
#4892 = CARTESIAN_POINT ( 'NONE',  ( 0.07054890846258526915, -2.751013895707869583, 0.001000000000000000021 ) ) ;
#4893 = ADVANCED_FACE ( 'NONE', ( #4195 ), #353, .F. ) ;
#4894 = LINE ( 'NONE', #7859, #9165 ) ;
#4895 =( NAMED_UNIT ( * ) PLANE_ANGLE_UNIT ( ) SI_UNIT ( $, .RADIAN. ) );
#4896 = CARTESIAN_POINT ( 'NONE',  ( 2.900000000000011458, -3.249999999999989786, -0.02000000000000000042 ) ) ;
#4897 = PRESENTATION_STYLE_ASSIGNMENT (( #9139 ) ) ;
#4898 = ORIENTED_EDGE ( 'NONE', *, *, #6150, .F. ) ;
#4899 = EDGE_CURVE ( 'NONE', #607, #2418, #8156, .T. ) ;
#4900 = LINE ( 'NONE', #343, #503 ) ;
#4901 = UNCERTAINTY_MEASURE_WITH_UNIT (LENGTH_MEASURE( 1.000000000000000082E-05 ), #1174, 'distance_accuracy_value', 'NONE');
#4902 = VECTOR ( 'NONE', #3083, 1000.000000000000000 ) ;
#4903 = CARTESIAN_POINT ( 'NONE',  ( 0.4578927559824840232, -2.968015755001702338, 0.001000000000000000021 ) ) ;
#4904 = PRESENTATION_STYLE_ASSIGNMENT (( #1981 ) ) ;
#4905 = VERTEX_POINT ( 'NONE', #6698 ) ;
#4906 = DIRECTION ( 'NONE',  ( 0.000000000000000000, -0.000000000000000000, 1.000000000000000000 ) ) ;
#4907 = LINE ( 'NONE', #7771, #6236 ) ;
#4908 = ORIENTED_EDGE ( 'NONE', *, *, #1067, .T. ) ;
#4909 = DIRECTION ( 'NONE',  ( 1.000000000000000000, 0.000000000000000000, 0.000000000000000000 ) ) ;
#4910 = VERTEX_POINT ( 'NONE', #2355 ) ;
#4911 = SURFACE_STYLE_FILL_AREA ( #1214 ) ;
#4912 = CARTESIAN_POINT ( 'NONE',  ( -0.2201656499706449166, -2.770184112165309465, 0.001000000000000000021 ) ) ;
#4913 = FILL_AREA_STYLE_COLOUR ( '', #1610 ) ;
#4914 = CARTESIAN_POINT ( 'NONE',  ( 3.899999999999999023, 2.899999999999992806, 5.299999999999999822 ) ) ;
#4915 = ORIENTED_EDGE ( 'NONE', *, *, #7385, .F. ) ;
#4916 = PLANE ( 'NONE',  #1775 ) ;
#4917 = ADVANCED_FACE ( 'NONE', ( #4950 ), #765, .F. ) ;
#4918 = CARTESIAN_POINT ( 'NONE',  ( -0.08357065865166232732, -3.016491364757799776, 0.000000000000000000 ) ) ;
#4919 = CARTESIAN_POINT ( 'NONE',  ( 0.8500000000000113021, -3.249999999999996891, 0.000000000000000000 ) ) ;
#4920 = FILL_AREA_STYLE ('',( #8518 ) ) ;
#4921 = DIRECTION ( 'NONE',  ( -1.000000000000000000, -9.932342930286647849E-15, 0.000000000000000000 ) ) ;
#4922 = COLOUR_RGB ( '',0.2235294117647058654, 0.2235294117647058654, 0.2235294117647058654 ) ;
#4923 = FACE_OUTER_BOUND ( 'NONE', #3108, .T. ) ;
#4924 = SURFACE_SIDE_STYLE ('',( #7117 ) ) ;
#4925 = FACE_BOUND ( 'NONE', #8385, .T. ) ;
#4926 = ORIENTED_EDGE ( 'NONE', *, *, #6242, .F. ) ;
#4927 = PLANE ( 'NONE',  #6729 ) ;
#4928 = SURFACE_STYLE_FILL_AREA ( #7023 ) ;
#4929 = VERTEX_POINT ( 'NONE', #3031 ) ;
#4930 = CARTESIAN_POINT ( 'NONE',  ( -4.750000000000000000, 1.649999999999999911, 0.000000000000000000 ) ) ;
#4931 =( NAMED_UNIT ( * ) SI_UNIT ( $, .STERADIAN. ) SOLID_ANGLE_UNIT ( ) );
#4932 = CYLINDRICAL_SURFACE ( 'NONE', #8275, 0.1999999999999999833 ) ;
#4933 = CARTESIAN_POINT ( 'NONE',  ( -0.02127720252571943180, -2.858979702875077411, 0.001000000000000000021 ) ) ;
#4934 = FILL_AREA_STYLE_COLOUR ( '', #8860 ) ;
#4935 = CARTESIAN_POINT ( 'NONE',  ( -2.899999999999988365, -3.250000000000010214, -0.02000000000000000042 ) ) ;
#4936 = LINE ( 'NONE', #530, #724 ) ;
#4937 =( NAMED_UNIT ( * ) PLANE_ANGLE_UNIT ( ) SI_UNIT ( $, .RADIAN. ) );
#4938 = ORIENTED_EDGE ( 'NONE', *, *, #6965, .F. ) ;
#4939 = STYLED_ITEM ( 'NONE', ( #4670 ), #5672 ) ;
#4940 = CARTESIAN_POINT ( 'NONE',  ( 0.05872794407593257687, -2.979331685322764045, 0.000000000000000000 ) ) ;
#4941 = FILL_AREA_STYLE ('',( #9339 ) ) ;
#4942 = ADVANCED_FACE ( 'NONE', ( #8716 ), #722, .F. ) ;
#4943 = ORIENTED_EDGE ( 'NONE', *, *, #6645, .F. ) ;
#4944 = COLOUR_RGB ( '',0.2235294117647058654, 0.2235294117647058654, 0.2235294117647058654 ) ;
#4945 = VECTOR ( 'NONE', #8851, 1000.000000000000000 ) ;
#4946 = CARTESIAN_POINT ( 'NONE',  ( 0.6430275429406590026, -2.979722659675584584, 0.001000000000000000021 ) ) ;
#4947 = EDGE_CURVE ( 'NONE', #690, #7176, #1477, .T. ) ;
#4948 = ORIENTED_EDGE ( 'NONE', *, *, #848, .F. ) ;
#4949 = LINE ( 'NONE', #7774, #3079 ) ;
#4950 = FACE_OUTER_BOUND ( 'NONE', #4491, .T. ) ;
#4951 = SURFACE_STYLE_FILL_AREA ( #1255 ) ;
#4952 = STYLED_ITEM ( 'NONE', ( #7056 ), #6364 ) ;
#4953 = STYLED_ITEM ( 'NONE', ( #4627 ), #271 ) ;
#4954 = ORIENTED_EDGE ( 'NONE', *, *, #4482, .F. ) ;
#4955 =( NAMED_UNIT ( * ) PLANE_ANGLE_UNIT ( ) SI_UNIT ( $, .RADIAN. ) );
#4956 = DIRECTION ( 'NONE',  ( -3.491481338843133355E-15, 1.000000000000000000, 0.000000000000000000 ) ) ;
#4957 = PRESENTATION_STYLE_ASSIGNMENT (( #2797 ) ) ;
#4958 = B_SPLINE_SURFACE_WITH_KNOTS ( 'NONE', 3, 1, ( 
 ( #642, #1406 ),
 ( #6535, #5603 ),
 ( #7312, #6289 ),
 ( #8491, #3589 ),
 ( #2092, #1362 ),
 ( #3787, #3099 ),
 ( #5242, #229 ),
 ( #8091, #8140 ),
 ( #1599, #3877 ),
 ( #6723, #6034 ),
 ( #9015, #8935 ),
 ( #1695, #1738 ),
 ( #4592, #889 ),
 ( #4637, #3201 ),
 ( #1649, #2434 ),
 ( #5984, #983 ),
 ( #7456, #4541 ),
 ( #3153, #939 ),
 ( #5347, #7414 ) ),
 .UNSPECIFIED., .F., .F., .F.,
 ( 4, 1, 1, 1, 1, 1, 1, 1, 1, 1, 1, 1, 1, 1, 1, 1, 4 ),
 ( 2, 2 ),
 ( 0.000000000000000000, 0.06460397028839137690, 0.1267024139629469581, 0.1867568140356172801, 0.2455056873654372918, 0.3036520244499744114, 0.3615030739706249774, 0.4202402229284660229, 0.4800333407766966820, 0.5406781347755147404, 0.6011918063807812906, 0.6623335024774423818, 0.7247395102972303826, 0.7894677361728851261, 0.8565048600438287529, 0.9263120958391896087, 0.9999999999999998890 ),
 ( 0.000000000000000000, 1.000000000000000000 ),
 .UNSPECIFIED. ) ;
#4959 =( NAMED_UNIT ( * ) PLANE_ANGLE_UNIT ( ) SI_UNIT ( $, .RADIAN. ) );
#4960 = ORIENTED_EDGE ( 'NONE', *, *, #4669, .T. ) ;
#4961 = SURFACE_SIDE_STYLE ('',( #4792 ) ) ;
#4962 = DIRECTION ( 'NONE',  ( -1.000000000000000000, -0.000000000000000000, -0.000000000000000000 ) ) ;
#4963 = PRESENTATION_LAYER_ASSIGNMENT (  '', '', ( #4505 ) ) ;
#4964 = COLOUR_RGB ( '',0.2235294117647058654, 0.2235294117647058654, 0.2235294117647058654 ) ;
#4965 = CARTESIAN_POINT ( 'NONE',  ( 0.01066894518778780179, -2.777907473057401599, 0.001000000000000000021 ) ) ;
#4966 = COLOUR_RGB ( '',0.2235294117647058654, 0.2235294117647058654, 0.2235294117647058654 ) ;
#4967 = CARTESIAN_POINT ( 'NONE',  ( -0.05562483988490611597, -2.911060506949888271, 0.000000000000000000 ) ) ;
#4968 = LINE ( 'NONE', #7841, #410 ) ;
#4969 =( GEOMETRIC_REPRESENTATION_CONTEXT ( 3 ) GLOBAL_UNCERTAINTY_ASSIGNED_CONTEXT ( ( #89 ) ) GLOBAL_UNIT_ASSIGNED_CONTEXT ( ( #2995, #168, #3775 ) ) REPRESENTATION_CONTEXT ( 'NONE', 'WORKASPACE' ) );
#4970 = PLANE ( 'NONE',  #8282 ) ;
#4971 = CARTESIAN_POINT ( 'NONE',  ( 0.4000000000000114020, -3.249999999999999112, 0.000000000000000000 ) ) ;
#4972 = ORIENTED_EDGE ( 'NONE', *, *, #4189, .T. ) ;
#4973 = EDGE_CURVE ( 'NONE', #5300, #5502, #8951, .T. ) ;
#4974 = EDGE_CURVE ( 'NONE', #5556, #885, #334, .T. ) ;
#4975 = ORIENTED_EDGE ( 'NONE', *, *, #2742, .F. ) ;
#4976 = DIRECTION ( 'NONE',  ( 0.000000000000000000, 0.000000000000000000, -1.000000000000000000 ) ) ;
#4977 = DIRECTION ( 'NONE',  ( -3.491481338843133355E-15, 1.000000000000000000, 0.000000000000000000 ) ) ;
#4978 = VERTEX_POINT ( 'NONE', #5401 ) ;
#4979 = COLOUR_RGB ( '',0.6666666666666666297, 0.6980392156862744724, 0.7686274509803920907 ) ;
#4980 = CARTESIAN_POINT ( 'NONE',  ( 0.4658608728326150139, -2.760336898401609673, 0.000000000000000000 ) ) ;
#4981 = SURFACE_STYLE_FILL_AREA ( #7899 ) ;
#4982 = PRESENTATION_LAYER_ASSIGNMENT (  '', '', ( #2067 ) ) ;
#4983 = FACE_OUTER_BOUND ( 'NONE', #8543, .T. ) ;
#4984 = COLOUR_RGB ( '',0.9686274509803921573, 0.8784313725490195957, 0.5999999999999999778 ) ;
#4985 = CARTESIAN_POINT ( 'NONE',  ( -0.01964955961218136163, -2.890225812470990530, 0.001000000000000000021 ) ) ;
#4986 =( LENGTH_UNIT ( ) NAMED_UNIT ( * ) SI_UNIT ( .MILLI., .METRE. ) );
#4987 = VECTOR ( 'NONE', #5346, 1000.000000000000000 ) ;
#4988 = CARTESIAN_POINT ( 'NONE',  ( 0.006743702593691367625, -2.738656933972565710, 0.001000000000000000021 ) ) ;
#4989 = SURFACE_STYLE_FILL_AREA ( #2258 ) ;
#4990 = ORIENTED_EDGE ( 'NONE', *, *, #3009, .T. ) ;
#4991 = CARTESIAN_POINT ( 'NONE',  ( 0.07082300361848978265, -2.981762463677703590, 0.000000000000000000 ) ) ;
#4992 = MECHANICAL_DESIGN_GEOMETRIC_PRESENTATION_REPRESENTATION (  '', ( #3784 ), #1939 ) ;
#4993 = EDGE_CURVE ( 'NONE', #5019, #2167, #1141, .T. ) ;
#4994 = PRESENTATION_LAYER_ASSIGNMENT (  '', '', ( #9052 ) ) ;
#4995 = SURFACE_STYLE_FILL_AREA ( #2842 ) ;
#4996 = DIRECTION ( 'NONE',  ( -0.000000000000000000, -0.000000000000000000, 1.000000000000000000 ) ) ;
#4997 = VERTEX_POINT ( 'NONE', #2541 ) ;
#4998 = CARTESIAN_POINT ( 'NONE',  ( 0.6807862358143497161, -2.888225642244425018, 0.001000000000000000021 ) ) ;
#4999 = ORIENTED_EDGE ( 'NONE', *, *, #9273, .T. ) ;
#5000 = CARTESIAN_POINT ( 'NONE',  ( -3.250000000000000444, -1.649999999999999911, -0.02000000000000000042 ) ) ;
#5001 = EDGE_CURVE ( 'NONE', #1234, #7501, #6146, .T. ) ;
#5002 = CARTESIAN_POINT ( 'NONE',  ( 0.5959255323066581234, -2.969531737274217154, 0.000000000000000000 ) ) ;
#5003 = SURFACE_SIDE_STYLE ('',( #4380 ) ) ;
#5004 =( LENGTH_UNIT ( ) NAMED_UNIT ( * ) SI_UNIT ( .MILLI., .METRE. ) );
#5005 = ORIENTED_EDGE ( 'NONE', *, *, #5479, .F. ) ;
#5006 = VERTEX_POINT ( 'NONE', #5454 ) ;
#5007 = CARTESIAN_POINT ( 'NONE',  ( 0.3591122681776059422, -2.983564535489507286, 0.001000000000000000021 ) ) ;
#5008 = VECTOR ( 'NONE', #1050, 1000.000000000000000 ) ;
#5009 =( LENGTH_UNIT ( ) NAMED_UNIT ( * ) SI_UNIT ( .MILLI., .METRE. ) );
#5010 = CARTESIAN_POINT ( 'NONE',  ( -0.04446308549380671715, -2.939190445006357066, 0.000000000000000000 ) ) ;
#5011 = EDGE_CURVE ( 'NONE', #4110, #5815, #1761, .T. ) ;
#5012 = ORIENTED_EDGE ( 'NONE', *, *, #1885, .T. ) ;
#5013 =( NAMED_UNIT ( * ) PLANE_ANGLE_UNIT ( ) SI_UNIT ( $, .RADIAN. ) );
#5014 = COLOUR_RGB ( '',0.2862745098039215508, 0.6627450980392156632, 0.3294117647058823484 ) ;
#5015 = VECTOR ( 'NONE', #5782, 1000.000000000000000 ) ;
#5016 = EDGE_CURVE ( 'NONE', #2523, #1527, #4710, .T. ) ;
#5017 = PRESENTATION_STYLE_ASSIGNMENT (( #9307 ) ) ;
#5018 = FILL_AREA_STYLE ('',( #3642 ) ) ;
#5019 = VERTEX_POINT ( 'NONE', #9087 ) ;
#5020 = ORIENTED_EDGE ( 'NONE', *, *, #8192, .F. ) ;
#5021 = CARTESIAN_POINT ( 'NONE',  ( 0.1798439754946791203, -2.716491364757799953, 0.001000000000000000021 ) ) ;
#5022 = AXIS2_PLACEMENT_3D ( 'NONE', #7691, #1957, #3439 ) ;
#5023 =( NAMED_UNIT ( * ) PLANE_ANGLE_UNIT ( ) SI_UNIT ( $, .RADIAN. ) );
#5024 = CARTESIAN_POINT ( 'NONE',  ( -0.2665546525541012679, -2.899418194026092355, 0.001000000000000000021 ) ) ;
#5025 = EDGE_CURVE ( 'NONE', #1790, #1319, #3218, .T. ) ;
#5026 = PRESENTATION_LAYER_ASSIGNMENT (  '', '', ( #437 ) ) ;
#5027 =( NAMED_UNIT ( * ) PLANE_ANGLE_UNIT ( ) SI_UNIT ( $, .RADIAN. ) );
#5028 = UNCERTAINTY_MEASURE_WITH_UNIT (LENGTH_MEASURE( 1.000000000000000082E-05 ), #256, 'distance_accuracy_value', 'NONE');
#5029 = DIRECTION ( 'NONE',  ( 0.000000000000000000, -0.000000000000000000, 1.000000000000000000 ) ) ;
#5030 = CARTESIAN_POINT ( 'NONE',  ( -0.04445683940490700869, -2.789659750863539234, 0.001000000000000000021 ) ) ;
#5031 = SURFACE_SIDE_STYLE ('',( #2980 ) ) ;
#5032 = ORIENTED_EDGE ( 'NONE', *, *, #7080, .F. ) ;
#5033 = PRODUCT_DEFINITION_SHAPE ( 'NONE', 'NONE',  #8240 ) ;
#5034 =( LENGTH_UNIT ( ) NAMED_UNIT ( * ) SI_UNIT ( .MILLI., .METRE. ) );
#5035 = EDGE_LOOP ( 'NONE', ( #8494, #3013, #4728, #2711 ) ) ;
#5036 = CARTESIAN_POINT ( 'NONE',  ( 0.8500000000000166311, -4.749999999999997335, -0.02000000000000000042 ) ) ;
#5037 = EDGE_LOOP ( 'NONE', ( #3564, #2368, #5434, #466 ) ) ;
#5038 = FILL_AREA_STYLE ('',( #63 ) ) ;
#5039 = FACE_OUTER_BOUND ( 'NONE', #7495, .T. ) ;
#5040 = CARTESIAN_POINT ( 'NONE',  ( 0.5573601152534924941, -2.985414476189845789, 0.000000000000000000 ) ) ;
#5041 = DIRECTION ( 'NONE',  ( -1.000000000000000000, 0.000000000000000000, 0.000000000000000000 ) ) ;
#5042 = ORIENTED_EDGE ( 'NONE', *, *, #8529, .T. ) ;
#5043 = ORIENTED_EDGE ( 'NONE', *, *, #8079, .T. ) ;
#5044 = LINE ( 'NONE', #1397, #864 ) ;
#5045 = CIRCLE ( 'NONE', #1060, 0.1999999999999999833 ) ;
#5046 = SURFACE_STYLE_FILL_AREA ( #5582 ) ;
#5047 = AXIS2_PLACEMENT_3D ( 'NONE', #1052, #5471, #8398 ) ;
#5048 = SURFACE_STYLE_USAGE ( .BOTH. , #8825 ) ;
#5049 = SURFACE_STYLE_FILL_AREA ( #5761 ) ;
#5050 = ORIENTED_EDGE ( 'NONE', *, *, #988, .F. ) ;
#5051 = PRESENTATION_STYLE_ASSIGNMENT (( #8043 ) ) ;
#5052 = EDGE_LOOP ( 'NONE', ( #8507, #6434, #6126, #1320 ) ) ;
#5053 = CARTESIAN_POINT ( 'NONE',  ( 2.899999999999999911, -2.900000000000000799, 5.299999999999999822 ) ) ;
#5054 = MECHANICAL_DESIGN_GEOMETRIC_PRESENTATION_REPRESENTATION (  '', ( #7919 ), #618 ) ;
#5055 =( NAMED_UNIT ( * ) PLANE_ANGLE_UNIT ( ) SI_UNIT ( $, .RADIAN. ) );
#5056 = PRESENTATION_STYLE_ASSIGNMENT (( #8792 ) ) ;
#5057 = VERTEX_POINT ( 'NONE', #1002 ) ;
#5058 = ORIENTED_EDGE ( 'NONE', *, *, #3413, .F. ) ;
#5059 = ORIENTED_EDGE ( 'NONE', *, *, #2132, .T. ) ;
#5060 = FILL_AREA_STYLE_COLOUR ( '', #1891 ) ;
#5061 = EDGE_CURVE ( 'NONE', #447, #4335, #294, .T. ) ;
#5062 = UNCERTAINTY_MEASURE_WITH_UNIT (LENGTH_MEASURE( 1.000000000000000082E-05 ), #7408, 'distance_accuracy_value', 'NONE');
#5063 = FACE_OUTER_BOUND ( 'NONE', #4753, .T. ) ;
#5064 = SURFACE_SIDE_STYLE ('',( #3795 ) ) ;
#5065 = EDGE_CURVE ( 'NONE', #6211, #8656, #9037, .T. ) ;
#5066 = CARTESIAN_POINT ( 'NONE',  ( -2.146934995020800979E-16, 2.500000000000000000, -0.02000000000000000042 ) ) ;
#5067 = PLANE ( 'NONE',  #8925 ) ;
#5068 = UNCERTAINTY_MEASURE_WITH_UNIT (LENGTH_MEASURE( 1.000000000000000082E-05 ), #660, 'distance_accuracy_value', 'NONE');
#5069 = FACE_OUTER_BOUND ( 'NONE', #8488, .T. ) ;
#5070 = CARTESIAN_POINT ( 'NONE',  ( -0.01356480801443438015, -2.813817820319278962, 0.001000000000000000021 ) ) ;
#5071 = DIRECTION ( 'NONE',  ( 1.000000000000000000, 0.000000000000000000, 0.000000000000000000 ) ) ;
#5072 = CARTESIAN_POINT ( 'NONE',  ( 3.250000000000000000, -1.649999999999999911, -0.02000000000000000042 ) ) ;
#5073 = CARTESIAN_POINT ( 'NONE',  ( -0.3103999269443450948, -3.016491364757799776, 0.001000000000000000021 ) ) ;
#5074 = DIRECTION ( 'NONE',  ( -0.000000000000000000, 0.000000000000000000, 1.000000000000000000 ) ) ;
#5075 = SURFACE_STYLE_FILL_AREA ( #5833 ) ;
#5076 = CARTESIAN_POINT ( 'NONE',  ( -3.250000000000000000, 1.649999999999999911, 0.000000000000000000 ) ) ;
#5077 =( LENGTH_UNIT ( ) NAMED_UNIT ( * ) SI_UNIT ( .MILLI., .METRE. ) );
#5078 =( NAMED_UNIT ( * ) SI_UNIT ( $, .STERADIAN. ) SOLID_ANGLE_UNIT ( ) );
#5079 = ORIENTED_EDGE ( 'NONE', *, *, #3869, .F. ) ;
#5080 = SURFACE_STYLE_FILL_AREA ( #2070 ) ;
#5081 = STYLED_ITEM ( 'NONE', ( #6263 ), #5521 ) ;
#5082 = ORIENTED_EDGE ( 'NONE', *, *, #8724, .F. ) ;
#5083 = CARTESIAN_POINT ( 'NONE',  ( 0.3591122681776059422, -2.881125511099263736, 0.001000000000000000021 ) ) ;
#5084 = STYLED_ITEM ( 'NONE', ( #4815 ), #8743 ) ;
#5085 = SURFACE_SIDE_STYLE ('',( #2162 ) ) ;
#5086 = SURFACE_SIDE_STYLE ('',( #2163 ) ) ;
#5087 = PRESENTATION_LAYER_ASSIGNMENT (  '', '', ( #2347 ) ) ;
#5088 = LINE ( 'NONE', #7102, #2346 ) ;
#5089 = SURFACE_SIDE_STYLE ('',( #1348 ) ) ;
#5090 = AXIS2_PLACEMENT_3D ( 'NONE', #7172, #662, #9371 ) ;
#5091 = ORIENTED_EDGE ( 'NONE', *, *, #3197, .T. ) ;
#5092 = ORIENTED_EDGE ( 'NONE', *, *, #331, .T. ) ;
#5093 = CARTESIAN_POINT ( 'NONE',  ( 0.6151435466557347853, -2.737268338003006285, 0.001000000000000000021 ) ) ;
#5094 = SHAPE_DEFINITION_REPRESENTATION ( #5033, #3654 ) ;
#5095 = COLOUR_RGB ( '',0.6666666666666666297, 0.6980392156862744724, 0.7686274509803920907 ) ;
#5096 = CARTESIAN_POINT ( 'NONE',  ( 0.6330120495431426075, -2.989168906985424812, 0.001000000000000000021 ) ) ;
#5097 = ORIENTED_EDGE ( 'NONE', *, *, #1933, .F. ) ;
#5098 = PRESENTATION_STYLE_ASSIGNMENT (( #1503 ) ) ;
#5099 = PRESENTATION_STYLE_ASSIGNMENT (( #7937 ) ) ;
#5100 = ADVANCED_FACE ( 'NONE', ( #1812 ), #199, .F. ) ;
#5101 = EDGE_LOOP ( 'NONE', ( #6485, #8525, #547, #9083 ) ) ;
#5102 = EDGE_LOOP ( 'NONE', ( #6084, #4127, #731, #2936 ) ) ;
#5103 = ORIENTED_EDGE ( 'NONE', *, *, #747, .T. ) ;
#5104 =( LENGTH_UNIT ( ) NAMED_UNIT ( * ) SI_UNIT ( .MILLI., .METRE. ) );
#5105 = COLOUR_RGB ( '',0.6666666666666666297, 0.6980392156862744724, 0.7686274509803920907 ) ;
#5106 = SURFACE_SIDE_STYLE ('',( #2189 ) ) ;
#5107 = PLANE ( 'NONE',  #761 ) ;
#5108 = PRESENTATION_STYLE_ASSIGNMENT (( #8054 ) ) ;
#5109 = CARTESIAN_POINT ( 'NONE',  ( 1.650000000000016787, -4.749999999999993783, -0.02000000000000000042 ) ) ;
#5110 = FILL_AREA_STYLE ('',( #6501 ) ) ;
#5111 = VECTOR ( 'NONE', #2124, 1000.000000000000000 ) ;
#5112 = COLOUR_RGB ( '',0.6666666666666666297, 0.6980392156862744724, 0.7686274509803920907 ) ;
#5113 = EDGE_CURVE ( 'NONE', #2267, #8578, #6005, .T. ) ;
#5114 = CARTESIAN_POINT ( 'NONE',  ( -0.05562483988490611597, -2.911060506949888271, 0.001000000000000000021 ) ) ;
#5115 = CARTESIAN_POINT ( 'NONE',  ( 0.6185638941341379260, -2.947318995770349392, 0.001000000000000000021 ) ) ;
#5116 =( NAMED_UNIT ( * ) PLANE_ANGLE_UNIT ( ) SI_UNIT ( $, .RADIAN. ) );
#5117 = CARTESIAN_POINT ( 'NONE',  ( 0.2383805608605327753, -3.016491364757799776, 0.001000000000000000021 ) ) ;
#5118 = CARTESIAN_POINT ( 'NONE',  ( 0.4754475346320915508, -3.009488671183211839, 0.000000000000000000 ) ) ;
#5119 = ORIENTED_EDGE ( 'NONE', *, *, #5130, .F. ) ;
#5120 = CARTESIAN_POINT ( 'NONE',  ( 0.01799798073857033706, -2.959550425355665926, 0.000000000000000000 ) ) ;
#5121 = EDGE_CURVE ( 'NONE', #5540, #2322, #5321, .T. ) ;
#5122 = LINE ( 'NONE', #1480, #2046 ) ;
#5123 = DIRECTION ( 'NONE',  ( 0.000000000000000000, 0.000000000000000000, -1.000000000000000000 ) ) ;
#5124 = VERTEX_POINT ( 'NONE', #6792 ) ;
#5125 = AXIS2_PLACEMENT_3D ( 'NONE', #2862, #8882, #1597 ) ;
#5126 = PRESENTATION_STYLE_ASSIGNMENT (( #2115 ) ) ;
#5127 = ORIENTED_EDGE ( 'NONE', *, *, #319, .T. ) ;
#5128 = PRESENTATION_STYLE_ASSIGNMENT (( #2119 ) ) ;
#5129 = VERTEX_POINT ( 'NONE', #247 ) ;
#5130 = EDGE_CURVE ( 'NONE', #3613, #4463, #1667, .T. ) ;
#5131 = DIRECTION ( 'NONE',  ( -1.000000000000000000, 0.000000000000000000, 0.000000000000000000 ) ) ;
#5132 = FACE_OUTER_BOUND ( 'NONE', #487, .T. ) ;
#5133 = ORIENTED_EDGE ( 'NONE', *, *, #4593, .T. ) ;
#5134 =( GEOMETRIC_REPRESENTATION_CONTEXT ( 3 ) GLOBAL_UNCERTAINTY_ASSIGNED_CONTEXT ( ( #6756 ) ) GLOBAL_UNIT_ASSIGNED_CONTEXT ( ( #5916, #4598, #7375 ) ) REPRESENTATION_CONTEXT ( 'NONE', 'WORKASPACE' ) );
#5135 = CARTESIAN_POINT ( 'NONE',  ( 4.750000000000000000, -2.100000000000000089, -0.02000000000000000042 ) ) ;
#5136 = MECHANICAL_DESIGN_GEOMETRIC_PRESENTATION_REPRESENTATION (  '', ( #5605 ), #3171 ) ;
#5137 = COLOUR_RGB ( '',0.6666666666666666297, 0.6980392156862744724, 0.7686274509803920907 ) ;
#5138 = AXIS2_PLACEMENT_3D ( 'NONE', #6226, #1269, #6367 ) ;
#5139 = DIRECTION ( 'NONE',  ( -0.000000000000000000, -0.000000000000000000, -1.000000000000000000 ) ) ;
#5140 = DIRECTION ( 'NONE',  ( 1.000000000000000000, 0.000000000000000000, 0.000000000000000000 ) ) ;
#5141 = LINE ( 'NONE', #7986, #7436 ) ;
#5142 = CARTESIAN_POINT ( 'NONE',  ( 0.6105560543972731180, -3.004561449717878752, 0.001000000000000000021 ) ) ;
#5143 = VECTOR ( 'NONE', #2367, 1000.000000000000000 ) ;
#5144 = VERTEX_POINT ( 'NONE', #610 ) ;
#5145 = LINE ( 'NONE', #697, #8439 ) ;
#5146 = FILL_AREA_STYLE_COLOUR ( '', #1127 ) ;
#5147 = MECHANICAL_DESIGN_GEOMETRIC_PRESENTATION_REPRESENTATION (  '', ( #2559 ), #1326 ) ;
#5148 = SURFACE_STYLE_FILL_AREA ( #5856 ) ;
#5149 = EDGE_CURVE ( 'NONE', #1965, #4198, #6934, .T. ) ;
#5150 = ORIENTED_EDGE ( 'NONE', *, *, #7302, .F. ) ;
#5151 = EDGE_LOOP ( 'NONE', ( #940, #5800, #5801, #9012 ) ) ;
#5152 = ORIENTED_EDGE ( 'NONE', *, *, #4778, .F. ) ;
#5153 = FILL_AREA_STYLE ('',( #1603 ) ) ;
#5154 = UNCERTAINTY_MEASURE_WITH_UNIT (LENGTH_MEASURE( 1.000000000000000082E-05 ), #1183, 'distance_accuracy_value', 'NONE');
#5155 = LINE ( 'NONE', #235, #5665 ) ;
#5156 = VECTOR ( 'NONE', #4613, 1000.000000000000000 ) ;
#5157 = CARTESIAN_POINT ( 'NONE',  ( 0.8499999999999658939, 3.250000000000008882, 0.000000000000000000 ) ) ;
#5158 = COLOUR_RGB ( '',0.9686274509803921573, 0.8784313725490195957, 0.5999999999999999778 ) ;
#5159 = UNCERTAINTY_MEASURE_WITH_UNIT (LENGTH_MEASURE( 1.000000000000000082E-05 ), #2156, 'distance_accuracy_value', 'NONE');
#5160 = SURFACE_STYLE_USAGE ( .BOTH. , #2249 ) ;
#5161 = FILL_AREA_STYLE ('',( #3655 ) ) ;
#5162 = COLOUR_RGB ( '',0.2862745098039215508, 0.6627450980392156632, 0.3294117647058823484 ) ;
#5163 = CARTESIAN_POINT ( 'NONE',  ( 0.6408195852507767576, -2.869692584269995184, 2.117582368135750848E-19 ) ) ;
#5164 = FILL_AREA_STYLE ('',( #4934 ) ) ;
#5165 = PLANE ( 'NONE',  #9338 ) ;
#5166 =( NAMED_UNIT ( * ) PLANE_ANGLE_UNIT ( ) SI_UNIT ( $, .RADIAN. ) );
#5167 = DIRECTION ( 'NONE',  ( -0.000000000000000000, 0.000000000000000000, 1.000000000000000000 ) ) ;
#5168 = CARTESIAN_POINT ( 'NONE',  ( 0.4663786352867125284, -3.005626444149551268, 0.001000000000000000021 ) ) ;
#5169 = ORIENTED_EDGE ( 'NONE', *, *, #5477, .T. ) ;
#5170 = ADVANCED_FACE ( 'NONE', ( #4983 ), #6372, .T. ) ;
#5171 = DIRECTION ( 'NONE',  ( 5.421010862427523156E-16, 1.000000000000000000, 0.000000000000000000 ) ) ;
#5172 = EDGE_CURVE ( 'NONE', #6484, #1448, #4131, .T. ) ;
#5173 = LINE ( 'NONE', #866, #2530 ) ;
#5174 = VERTEX_POINT ( 'NONE', #7275 ) ;
#5176 = STYLED_ITEM ( 'NONE', ( #6858 ), #4893 ) ;
#5175 =( LENGTH_UNIT ( ) NAMED_UNIT ( * ) SI_UNIT ( .MILLI., .METRE. ) );
#5177 = DIRECTION ( 'NONE',  ( -0.000000000000000000, -0.000000000000000000, 1.000000000000000000 ) ) ;
#5178 = EDGE_CURVE ( 'NONE', #8729, #4543, #5917, .T. ) ;
#5179 = ADVANCED_FACE ( 'NONE', ( #851 ), #7166, .T. ) ;
#5180 = VERTEX_POINT ( 'NONE', #755 ) ;
#5181 = LINE ( 'NONE', #1678, #1880 ) ;
#5182 = EDGE_CURVE ( 'NONE', #6111, #4287, #9415, .T. ) ;
#5183 =( NAMED_UNIT ( * ) PLANE_ANGLE_UNIT ( ) SI_UNIT ( $, .RADIAN. ) );
#5184 = ORIENTED_EDGE ( 'NONE', *, *, #1904, .F. ) ;
#5185 = PRESENTATION_STYLE_ASSIGNMENT (( #2085 ) ) ;
#5186 = FILL_AREA_STYLE ('',( #4435 ) ) ;
#5187 = AXIS2_PLACEMENT_3D ( 'NONE', #8774, #6477, #8725 ) ;
#5188 = CARTESIAN_POINT ( 'NONE',  ( 0.4578927559824840232, -2.968015755001702338, 0.001000000000000000021 ) ) ;
#5189 = SURFACE_STYLE_FILL_AREA ( #2858 ) ;
#5190 = FACE_OUTER_BOUND ( 'NONE', #5052, .T. ) ;
#5191 = ORIENTED_EDGE ( 'NONE', *, *, #844, .T. ) ;
#5192 = CARTESIAN_POINT ( 'NONE',  ( -1.649999999999988809, -3.250000000000005329, -0.02000000000000000042 ) ) ;
#5193 = AXIS2_PLACEMENT_3D ( 'NONE', #8956, #301, #4618 ) ;
#5194 = SURFACE_STYLE_USAGE ( .BOTH. , #6774 ) ;
#5195 = ORIENTED_EDGE ( 'NONE', *, *, #9329, .T. ) ;
#5196 = EDGE_CURVE ( 'NONE', #211, #6336, #3743, .T. ) ;
#5197 = ORIENTED_EDGE ( 'NONE', *, *, #5668, .F. ) ;
#5198 = SURFACE_STYLE_FILL_AREA ( #9172 ) ;
#5199 =( NAMED_UNIT ( * ) PLANE_ANGLE_UNIT ( ) SI_UNIT ( $, .RADIAN. ) );
#5200 = DIRECTION ( 'NONE',  ( 1.000000000000000000, 0.000000000000000000, 0.000000000000000000 ) ) ;
#5201 = DIRECTION ( 'NONE',  ( 1.047444401652940007E-14, -1.000000000000000000, 0.000000000000000000 ) ) ;
#5202 = TOROIDAL_SURFACE ( 'NONE', #5811, 1.200000000000000178, 0.2000000000000000111 ) ;
#5203 = CARTESIAN_POINT ( 'NONE',  ( 0.04912276795081486902, -3.010905835647171180, 0.001000000000000000021 ) ) ;
#5204 = FILL_AREA_STYLE_COLOUR ( '', #6760 ) ;
#5205 = STYLED_ITEM ( 'NONE', ( #2256 ), #8808 ) ;
#5206 =( NAMED_UNIT ( * ) PLANE_ANGLE_UNIT ( ) SI_UNIT ( $, .RADIAN. ) );
#5207 =( GEOMETRIC_REPRESENTATION_CONTEXT ( 3 ) GLOBAL_UNCERTAINTY_ASSIGNED_CONTEXT ( ( #5028 ) ) GLOBAL_UNIT_ASSIGNED_CONTEXT ( ( #256, #7394, #2312 ) ) REPRESENTATION_CONTEXT ( 'NONE', 'WORKASPACE' ) );
#5208 = DIRECTION ( 'NONE',  ( 1.000000000000000000, 2.949380252600381138E-15, 0.000000000000000000 ) ) ;
#5209 = CARTESIAN_POINT ( 'NONE',  ( -0.2213945915784912566, -2.774113315977312144, 0.000000000000000000 ) ) ;
#5210 = CARTESIAN_POINT ( 'NONE',  ( 0.07082300361848978265, -2.981762463677703590, 0.001000000000000000021 ) ) ;
#5211 = VERTEX_POINT ( 'NONE', #6545 ) ;
#5212 = SURFACE_STYLE_USAGE ( .BOTH. , #860 ) ;
#5213 = LINE ( 'NONE', #813, #7646 ) ;
#5215 =( LENGTH_UNIT ( ) NAMED_UNIT ( * ) SI_UNIT ( .MILLI., .METRE. ) );
#5214 = AXIS2_PLACEMENT_3D ( 'NONE', #246, #198, #3118 ) ;
#5216 = FILL_AREA_STYLE ('',( #8022 ) ) ;
#5217 = ORIENTED_EDGE ( 'NONE', *, *, #7826, .T. ) ;
#5218 = ADVANCED_FACE ( 'NONE', ( #43 ), #5067, .T. ) ;
#5219 = B_SPLINE_CURVE_WITH_KNOTS ( 'NONE', 3,
 ( #3271, #963, #7532, #6753, #6064, #8347, #6109 ),
 .UNSPECIFIED., .F., .F.,
 ( 4, 1, 1, 1, 4 ),
 ( 0.000000000000000000, 0.1744817153170535873, 0.3982857591281118714, 0.6738978473986801943, 1.000000000000000000 ),
 .UNSPECIFIED. ) ;
#5220 = DIRECTION ( 'NONE',  ( -1.000000000000000000, 0.000000000000000000, 0.000000000000000000 ) ) ;
#5221 = CARTESIAN_POINT ( 'NONE',  ( -0.2372291952370281787, -2.716491364757799953, 0.001000000000000000021 ) ) ;
#5222 = LINE ( 'NONE', #6801, #7926 ) ;
#5223 = PLANE ( 'NONE',  #7244 ) ;
#5224 = EDGE_LOOP ( 'NONE', ( #2996, #4171, #4350, #2051 ) ) ;
#5225 = SURFACE_SIDE_STYLE ('',( #7483 ) ) ;
#5226 = ADVANCED_FACE ( 'NONE', ( #7945 ), #2922, .T. ) ;
#5227 = LINE ( 'NONE', #8124, #2000 ) ;
#5228 = LINE ( 'NONE', #8076, #4544 ) ;
#5229 = ORIENTED_EDGE ( 'NONE', *, *, #2320, .F. ) ;
#5230 = VECTOR ( 'NONE', #8788, 1000.000000000000000 ) ;
#5231 = EDGE_CURVE ( 'NONE', #1652, #6509, #6044, .T. ) ;
#5232 = FILL_AREA_STYLE ('',( #6713 ) ) ;
#5233 = CARTESIAN_POINT ( 'NONE',  ( 0.6786445872575369576, -2.838188017221631387, 6.352747104407252543E-19 ) ) ;
#5234 = FILL_AREA_STYLE ('',( #4476 ) ) ;
#5235 = SURFACE_STYLE_FILL_AREA ( #7358 ) ;
#5236 = DIRECTION ( 'NONE',  ( -9.932342930286647849E-15, 1.000000000000000000, 0.000000000000000000 ) ) ;
#5237 = VECTOR ( 'NONE', #1839, 1000.000000000000000 ) ;
#5238 = FILL_AREA_STYLE_COLOUR ( '', #2337 ) ;
#5239 = PRESENTATION_LAYER_ASSIGNMENT (  '', '', ( #6288 ) ) ;
#5240 = DIRECTION ( 'NONE',  ( 6.505213034913027393E-15, 0.000000000000000000, -1.000000000000000000 ) ) ;
#5241 = LINE ( 'NONE', #8229, #252 ) ;
#5242 = CARTESIAN_POINT ( 'NONE',  ( 0.5833957119363540889, -2.758660625226820873, 0.001000000000000000021 ) ) ;
#5243 = ORIENTED_EDGE ( 'NONE', *, *, #4315, .T. ) ;
#5244 = ORIENTED_EDGE ( 'NONE', *, *, #8557, .F. ) ;
#5245 = EDGE_LOOP ( 'NONE', ( #7865, #7888, #512, #8722 ) ) ;
#5246 = CYLINDRICAL_SURFACE ( 'NONE', #60, 1.000000000000000000 ) ;
#5247 =( GEOMETRIC_REPRESENTATION_CONTEXT ( 3 ) GLOBAL_UNCERTAINTY_ASSIGNED_CONTEXT ( ( #6618 ) ) GLOBAL_UNIT_ASSIGNED_CONTEXT ( ( #2771, #2011, #4091 ) ) REPRESENTATION_CONTEXT ( 'NONE', 'WORKASPACE' ) );
#5248 = FILL_AREA_STYLE_COLOUR ( '', #3294 ) ;
#5249 = PRESENTATION_LAYER_ASSIGNMENT (  '', '', ( #9173 ) ) ;
#5250 =( NAMED_UNIT ( * ) SI_UNIT ( $, .STERADIAN. ) SOLID_ANGLE_UNIT ( ) );
#5251 = UNCERTAINTY_MEASURE_WITH_UNIT (LENGTH_MEASURE( 1.000000000000000082E-05 ), #278, 'distance_accuracy_value', 'NONE');
#5252 = CARTESIAN_POINT ( 'NONE',  ( 2.100000000000011635, -3.249999999999992006, -0.02000000000000000042 ) ) ;
#5253 = EDGE_LOOP ( 'NONE', ( #15, #6269, #8700, #8458 ) ) ;
#5254 = ADVANCED_FACE ( 'NONE', ( #286 ), #1747, .T. ) ;
#5255 = SURFACE_STYLE_USAGE ( .BOTH. , #8980 ) ;
#5256 = CARTESIAN_POINT ( 'NONE',  ( -0.2372291952370281787, -2.716491364757799953, 0.000000000000000000 ) ) ;
#5257 = DIRECTION ( 'NONE',  ( 1.000000000000000000, 2.949380252600381138E-15, 0.000000000000000000 ) ) ;
#5258 = CARTESIAN_POINT ( 'NONE',  ( 0.6391749906247802260, -2.895148710293695693, 0.001000000000000000021 ) ) ;
#5259 = DIRECTION ( 'NONE',  ( 1.000000000000000000, 0.000000000000000000, -0.000000000000000000 ) ) ;
#5260 = CARTESIAN_POINT ( 'NONE',  ( 3.250000000000000444, 2.900000000000000355, 0.000000000000000000 ) ) ;
#5261 = AXIS2_PLACEMENT_3D ( 'NONE', #5192, #7156, #6451 ) ;
#5262 = CIRCLE ( 'NONE', #4356, 0.1999999999999999833 ) ;
#5263 =( NAMED_UNIT ( * ) PLANE_ANGLE_UNIT ( ) SI_UNIT ( $, .RADIAN. ) );
#5264 = VECTOR ( 'NONE', #5606, 1000.000000000000000 ) ;
#5265 = DIRECTION ( 'NONE',  ( -1.047444401652940007E-14, 1.000000000000000000, 0.000000000000000000 ) ) ;
#5266 = CARTESIAN_POINT ( 'NONE',  ( -4.750000000000000000, -2.900000000000000355, 0.000000000000000000 ) ) ;
#5267 = VECTOR ( 'NONE', #4996, 1000.000000000000000 ) ;
#5268 = FILL_AREA_STYLE_COLOUR ( '', #6341 ) ;
#5269 = MECHANICAL_DESIGN_GEOMETRIC_PRESENTATION_REPRESENTATION (  '', ( #239 ), #1140 ) ;
#5270 = EDGE_LOOP ( 'NONE', ( #9245, #2472, #122, #59 ) ) ;
#5271 = DIRECTION ( 'NONE',  ( 0.000000000000000000, 1.000000000000000000, 0.000000000000000000 ) ) ;
#5272 = CARTESIAN_POINT ( 'NONE',  ( 3.250000000000000444, 2.900000000000000355, -0.02000000000000000042 ) ) ;
#5273 = VECTOR ( 'NONE', #7478, 1000.000000000000000 ) ;
#5274 = ORIENTED_EDGE ( 'NONE', *, *, #1607, .T. ) ;
#5275 = COLOUR_RGB ( '',0.6666666666666666297, 0.6980392156862744724, 0.7686274509803920907 ) ;
#5276 = EDGE_CURVE ( 'NONE', #7870, #6741, #1078, .T. ) ;
#5277 = ORIENTED_EDGE ( 'NONE', *, *, #3456, .F. ) ;
#5278 = CARTESIAN_POINT ( 'NONE',  ( 0.1396000730556547775, -2.983564535489507286, 0.001000000000000000021 ) ) ;
#5279 = AXIS2_PLACEMENT_3D ( 'NONE', #3854, #201, #7389 ) ;
#5280 = CARTESIAN_POINT ( 'NONE',  ( 0.5250030209660694336, -2.712857831503116213, 0.001000000000000000021 ) ) ;
#5281 = SURFACE_SIDE_STYLE ('',( #8920 ) ) ;
#5282 = FILL_AREA_STYLE_COLOUR ( '', #4359 ) ;
#5283 = ORIENTED_EDGE ( 'NONE', *, *, #1006, .T. ) ;
#5284 = LINE ( 'NONE', #1640, #2887 ) ;
#5285 =( GEOMETRIC_REPRESENTATION_CONTEXT ( 3 ) GLOBAL_UNCERTAINTY_ASSIGNED_CONTEXT ( ( #6017 ) ) GLOBAL_UNIT_ASSIGNED_CONTEXT ( ( #833, #26, #692 ) ) REPRESENTATION_CONTEXT ( 'NONE', 'WORKASPACE' ) );
#5286 = CARTESIAN_POINT ( 'NONE',  ( 0.6270808938087122364, -2.746214464845285530, 0.001000000000000000021 ) ) ;
#5287 = PLANE ( 'NONE',  #5948 ) ;
#5288 = EDGE_CURVE ( 'NONE', #6905, #9192, #3976, .T. ) ;
#5289 = DIRECTION ( 'NONE',  ( 0.000000000000000000, 0.000000000000000000, 1.000000000000000000 ) ) ;
#5290 = VECTOR ( 'NONE', #6312, 1000.000000000000000 ) ;
#5291 = CARTESIAN_POINT ( 'NONE',  ( 0.3591122681776059422, -2.983564535489507286, 0.001000000000000000021 ) ) ;
#5292 = CARTESIAN_POINT ( 'NONE',  ( 0.6117194241949173161, -2.955594003544417259, 0.001000000000000000021 ) ) ;
#5293 = CARTESIAN_POINT ( 'NONE',  ( -0.2154426326904131939, -2.755212998297924987, 0.001000000000000000021 ) ) ;
#5294 = EDGE_CURVE ( 'NONE', #8820, #3330, #6872, .T. ) ;
#5295 = VECTOR ( 'NONE', #4756, 1000.000000000000000 ) ;
#5296 =( NAMED_UNIT ( * ) PLANE_ANGLE_UNIT ( ) SI_UNIT ( $, .RADIAN. ) );
#5297 = CARTESIAN_POINT ( 'NONE',  ( 0.4578927559824840232, -3.000942584269995272, 0.000000000000000000 ) ) ;
#5298 = ADVANCED_FACE ( 'NONE', ( #898 ), #3837, .F. ) ;
#5299 = PLANE ( 'NONE',  #2669 ) ;
#5300 = VERTEX_POINT ( 'NONE', #6274 ) ;
#5301 = VECTOR ( 'NONE', #8355, 1000.000000000000000 ) ;
#5302 = ORIENTED_EDGE ( 'NONE', *, *, #1542, .T. ) ;
#5303 = DIRECTION ( 'NONE',  ( 0.000000000000000000, 1.000000000000000000, 0.000000000000000000 ) ) ;
#5304 = FILL_AREA_STYLE_COLOUR ( '', #3301 ) ;
#5305 = ADVANCED_FACE ( 'NONE', ( #9166 ), #7745, .F. ) ;
#5306 = CARTESIAN_POINT ( 'NONE',  ( 1.649999999999965938, 3.250000000000017319, 0.000000000000000000 ) ) ;
#5307 = COLOUR_RGB ( '',0.9686274509803921573, 0.8784313725490195957, 0.5999999999999999778 ) ;
#5308 = FACE_OUTER_BOUND ( 'NONE', #5861, .T. ) ;
#5309 = EDGE_CURVE ( 'NONE', #8260, #8636, #8519, .T. ) ;
#5310 = CARTESIAN_POINT ( 'NONE',  ( 0.000000000000000000, 0.000000000000000000, -0.02000000000000000042 ) ) ;
#5311 =( NAMED_UNIT ( * ) SI_UNIT ( $, .STERADIAN. ) SOLID_ANGLE_UNIT ( ) );
#5312 = ORIENTED_EDGE ( 'NONE', *, *, #8017, .T. ) ;
#5313 =( LENGTH_UNIT ( ) NAMED_UNIT ( * ) SI_UNIT ( .MILLI., .METRE. ) );
#5314 = LINE ( 'NONE', #4748, #8305 ) ;
#5315 = LINE ( 'NONE', #4603, #3071 ) ;
#5316 = CARTESIAN_POINT ( 'NONE',  ( 0.5573601152534924941, -2.985414476189845789, 0.001000000000000000021 ) ) ;
#5317 =( NAMED_UNIT ( * ) PLANE_ANGLE_UNIT ( ) SI_UNIT ( $, .RADIAN. ) );
#5318 =( NAMED_UNIT ( * ) SI_UNIT ( $, .STERADIAN. ) SOLID_ANGLE_UNIT ( ) );
#5319 = DIRECTION ( 'NONE',  ( -1.047444401652940007E-14, 1.000000000000000000, 0.000000000000000000 ) ) ;
#5320 = CARTESIAN_POINT ( 'NONE',  ( -3.250000000000000000, 0.3999999999999999667, -0.02000000000000000042 ) ) ;
#5321 = LINE ( 'NONE', #6744, #1500 ) ;
#5322 =( GEOMETRIC_REPRESENTATION_CONTEXT ( 3 ) GLOBAL_UNCERTAINTY_ASSIGNED_CONTEXT ( ( #993 ) ) GLOBAL_UNIT_ASSIGNED_CONTEXT ( ( #4447, #5866, #4310 ) ) REPRESENTATION_CONTEXT ( 'NONE', 'WORKASPACE' ) );
#5323 = MECHANICAL_DESIGN_GEOMETRIC_PRESENTATION_REPRESENTATION (  '', ( #422 ), #8019 ) ;
#5324 = CARTESIAN_POINT ( 'NONE',  ( -2.100000000000049827, 4.749999999999977796, -0.02000000000000000042 ) ) ;
#5325 = DIRECTION ( 'NONE',  ( -1.000000000000000000, 0.000000000000000000, 0.000000000000000000 ) ) ;
#5326 = CARTESIAN_POINT ( 'NONE',  ( 1.650000000000011458, -3.249999999999994671, -0.02000000000000000042 ) ) ;
#5327 = EDGE_CURVE ( 'NONE', #1527, #5930, #553, .T. ) ;
#5328 = LINE ( 'NONE', #2311, #3757 ) ;
#5329 = PLANE ( 'NONE',  #7250 ) ;
#5330 =( NAMED_UNIT ( * ) PLANE_ANGLE_UNIT ( ) SI_UNIT ( $, .RADIAN. ) );
#5331 = AXIS2_PLACEMENT_3D ( 'NONE', #2339, #5992, #6781 ) ;
#5332 = ORIENTED_EDGE ( 'NONE', *, *, #1246, .F. ) ;
#5333 = CARTESIAN_POINT ( 'NONE',  ( 1.073467497510400490E-16, -1.250000000000000000, -0.02000000000000000042 ) ) ;
#5334 = ORIENTED_EDGE ( 'NONE', *, *, #5016, .T. ) ;
#5335 = DIRECTION ( 'NONE',  ( -1.000000000000000000, -1.047444401652940164E-14, 0.000000000000000000 ) ) ;
#5336 =( LENGTH_UNIT ( ) NAMED_UNIT ( * ) SI_UNIT ( .MILLI., .METRE. ) );
#5337 = COLOUR_RGB ( '',0.9686274509803921573, 0.8784313725490195957, 0.5999999999999999778 ) ;
#5338 = LINE ( 'NONE', #8221, #2674 ) ;
#5339 = ORIENTED_EDGE ( 'NONE', *, *, #9321, .T. ) ;
#5340 = SURFACE_STYLE_FILL_AREA ( #5232 ) ;
#5341 = CARTESIAN_POINT ( 'NONE',  ( 0.5284910791532156926, -2.712832828172434319, 6.352747104407252543E-19 ) ) ;
#5342 = CARTESIAN_POINT ( 'NONE',  ( 4.750000000000000000, -0.3999999999999999667, 0.000000000000000000 ) ) ;
#5343 = DIRECTION ( 'NONE',  ( 1.000000000000000000, -1.807003620809174385E-16, 0.000000000000000000 ) ) ;
#5344 = CARTESIAN_POINT ( 'NONE',  ( 0.6169883773357220935, -2.787860765442013999, 0.001000000000000000021 ) ) ;
#5345 = LINE ( 'NONE', #7548, #7957 ) ;
#5346 = DIRECTION ( 'NONE',  ( -3.491481338843133355E-15, 1.000000000000000000, 0.000000000000000000 ) ) ;
#5347 = CARTESIAN_POINT ( 'NONE',  ( 0.6408195852507767576, -2.869692584269995184, 0.001000000000000000021 ) ) ;
#5348 = ORIENTED_EDGE ( 'NONE', *, *, #4789, .T. ) ;
#5349 = ORIENTED_EDGE ( 'NONE', *, *, #7238, .F. ) ;
#5350 = DIRECTION ( 'NONE',  ( 1.000000000000000000, 0.000000000000000000, 0.000000000000000000 ) ) ;
#5351 =( NAMED_UNIT ( * ) PLANE_ANGLE_UNIT ( ) SI_UNIT ( $, .RADIAN. ) );
#5352 = DIRECTION ( 'NONE',  ( 0.000000000000000000, 0.000000000000000000, -1.000000000000000000 ) ) ;
#5353 = EDGE_CURVE ( 'NONE', #8168, #4557, #4165, .T. ) ;
#5354 = CARTESIAN_POINT ( 'NONE',  ( 0.5281480913483377337, -2.745759657440726809, 0.001000000000000000021 ) ) ;
#5355 = LINE ( 'NONE', #6133, #5903 ) ;
#5356 = EDGE_CURVE ( 'NONE', #8186, #1942, #4788, .T. ) ;
#5357 =( NAMED_UNIT ( * ) SI_UNIT ( $, .STERADIAN. ) SOLID_ANGLE_UNIT ( ) );
#5358 = EDGE_CURVE ( 'NONE', #1952, #7087, #4968, .T. ) ;
#5359 = VERTEX_POINT ( 'NONE', #7114 ) ;
#5360 = LINE ( 'NONE', #6058, #9058 ) ;
#5361 = CARTESIAN_POINT ( 'NONE',  ( 2.899999999999999023, 2.899999999999999911, 6.299999999999999822 ) ) ;
#5362 = SURFACE_STYLE_USAGE ( .BOTH. , #7437 ) ;
#5363 =( NAMED_UNIT ( * ) SI_UNIT ( $, .STERADIAN. ) SOLID_ANGLE_UNIT ( ) );
#5364 = CIRCLE ( 'NONE', #2007, 1.000000000000000000 ) ;
#5365 = DIRECTION ( 'NONE',  ( -1.000000000000000000, 0.000000000000000000, 0.000000000000000000 ) ) ;
#5366 = DIRECTION ( 'NONE',  ( 1.000000000000000000, 0.000000000000000000, 0.000000000000000000 ) ) ;
#5367 = DIRECTION ( 'NONE',  ( 0.000000000000000000, 1.000000000000000000, 0.000000000000000000 ) ) ;
#5368 = DIRECTION ( 'NONE',  ( -0.000000000000000000, -0.000000000000000000, -1.000000000000000000 ) ) ;
#5369 = ORIENTED_EDGE ( 'NONE', *, *, #1781, .T. ) ;
#5370 = UNCERTAINTY_MEASURE_WITH_UNIT (LENGTH_MEASURE( 1.000000000000000082E-05 ), #259, 'distance_accuracy_value', 'NONE');
#5371 = EDGE_CURVE ( 'NONE', #609, #4910, #9305, .T. ) ;
#5372 = ADVANCED_FACE ( 'NONE', ( #1126 ), #4074, .F. ) ;
#5373 = CARTESIAN_POINT ( 'NONE',  ( 0.4809869892362342858, -2.717338691256047323, 0.001000000000000000021 ) ) ;
#5374 = SURFACE_STYLE_USAGE ( .BOTH. , #6666 ) ;
#5375 = CARTESIAN_POINT ( 'NONE',  ( -2.899999999999993694, 3.899999999999999911, 6.299999999999999822 ) ) ;
#5376 = EDGE_LOOP ( 'NONE', ( #8561, #2819, #5523, #6515 ) ) ;
#5377 = SURFACE_SIDE_STYLE ('',( #124 ) ) ;
#5378 = CARTESIAN_POINT ( 'NONE',  ( 0.5339094322441299001, -2.712958895676470306, 6.352747104407252543E-19 ) ) ;
#5379 = DIRECTION ( 'NONE',  ( 1.000000000000000000, 1.047444401652940007E-14, 0.000000000000000000 ) ) ;
#5380 = CARTESIAN_POINT ( 'NONE',  ( 0.5777779620625375090, -2.979482205587871135, 0.001000000000000000021 ) ) ;
#5381 = SURFACE_SIDE_STYLE ('',( #2564 ) ) ;
#5382 =( NAMED_UNIT ( * ) SI_UNIT ( $, .STERADIAN. ) SOLID_ANGLE_UNIT ( ) );
#5383 = CARTESIAN_POINT ( 'NONE',  ( 0.5284553475966166092, -3.020009359278887917, 0.000000000000000000 ) ) ;
#5384 = ORIENTED_EDGE ( 'NONE', *, *, #7158, .F. ) ;
#5385 = ORIENTED_EDGE ( 'NONE', *, *, #7542, .F. ) ;
#5386 = AXIS2_PLACEMENT_3D ( 'NONE', #8218, #925, #1725 ) ;
#5387 = CARTESIAN_POINT ( 'NONE',  ( -3.250000000000000444, 2.100000000000000089, -0.02000000000000000042 ) ) ;
#5388 = UNCERTAINTY_MEASURE_WITH_UNIT (LENGTH_MEASURE( 1.000000000000000082E-05 ), #1087, 'distance_accuracy_value', 'NONE');
#5389 =( NAMED_UNIT ( * ) PLANE_ANGLE_UNIT ( ) SI_UNIT ( $, .RADIAN. ) );
#5390 = ADVANCED_FACE ( 'NONE', ( #2951 ), #2236, .F. ) ;
#5391 = CARTESIAN_POINT ( 'NONE',  ( 0.5890968818536285179, -2.723483936413088280, 0.000000000000000000 ) ) ;
#5392 = MECHANICAL_DESIGN_GEOMETRIC_PRESENTATION_REPRESENTATION (  '', ( #6868 ), #3417 ) ;
#5393 = DIRECTION ( 'NONE',  ( 1.000000000000000000, 1.047444401652940164E-14, 0.000000000000000000 ) ) ;
#5394 = DIRECTION ( 'NONE',  ( -0.000000000000000000, 1.000000000000000000, -0.000000000000000000 ) ) ;
#5395 = PRESENTATION_STYLE_ASSIGNMENT (( #3941 ) ) ;
#5396 = AXIS2_PLACEMENT_3D ( 'NONE', #1182, #1083, #8289 ) ;
#5397 = CARTESIAN_POINT ( 'NONE',  ( -1.649999999999988809, -3.250000000000005329, 0.000000000000000000 ) ) ;
#5398 = DIRECTION ( 'NONE',  ( -0.000000000000000000, -0.000000000000000000, -1.000000000000000000 ) ) ;
#5399 = DIRECTION ( 'NONE',  ( 0.000000000000000000, -1.000000000000000000, 0.000000000000000000 ) ) ;
#5400 = EDGE_CURVE ( 'NONE', #1884, #7391, #2407, .T. ) ;
#5401 = CARTESIAN_POINT ( 'NONE',  ( 0.2383805608605327753, -3.016491364757799776, 0.000000000000000000 ) ) ;
#5402 = AXIS2_PLACEMENT_3D ( 'NONE', #6322, #1907, #8607 ) ;
#5403 = DIRECTION ( 'NONE',  ( 0.000000000000000000, 0.000000000000000000, 1.000000000000000000 ) ) ;
#5404 = CARTESIAN_POINT ( 'NONE',  ( 0.5033913852728028049, -2.984670871454110141, 0.001000000000000000021 ) ) ;
#5405 = STYLED_ITEM ( 'NONE', ( #2387 ), #6427 ) ;
#5406 =( LENGTH_UNIT ( ) NAMED_UNIT ( * ) SI_UNIT ( .MILLI., .METRE. ) );
#5407 =( LENGTH_UNIT ( ) NAMED_UNIT ( * ) SI_UNIT ( .MILLI., .METRE. ) );
#5408 = PRESENTATION_STYLE_ASSIGNMENT (( #4665 ) ) ;
#5409 = DIRECTION ( 'NONE',  ( 0.000000000000000000, 1.000000000000000000, 0.000000000000000000 ) ) ;
#5410 = ORIENTED_EDGE ( 'NONE', *, *, #154, .T. ) ;
#5411 = SURFACE_SIDE_STYLE ('',( #5793 ) ) ;
#5412 = EDGE_CURVE ( 'NONE', #8269, #8173, #6488, .T. ) ;
#5413 = FILL_AREA_STYLE_COLOUR ( '', #4803 ) ;
#5414 =( GEOMETRIC_REPRESENTATION_CONTEXT ( 3 ) GLOBAL_UNCERTAINTY_ASSIGNED_CONTEXT ( ( #3741 ) ) GLOBAL_UNIT_ASSIGNED_CONTEXT ( ( #5004, #7300, #7923 ) ) REPRESENTATION_CONTEXT ( 'NONE', 'WORKASPACE' ) );
#5415 = STYLED_ITEM ( 'NONE', ( #6600 ), #8245 ) ;
#5416 = FACE_OUTER_BOUND ( 'NONE', #442, .T. ) ;
#5417 = DIRECTION ( 'NONE',  ( -1.000000000000000000, 0.000000000000000000, 0.000000000000000000 ) ) ;
#5418 =( NAMED_UNIT ( * ) PLANE_ANGLE_UNIT ( ) SI_UNIT ( $, .RADIAN. ) );
#5419 = VERTEX_POINT ( 'NONE', #2285 ) ;
#5420 = LINE ( 'NONE', #6856, #6797 ) ;
#5421 = PRESENTATION_LAYER_ASSIGNMENT (  '', '', ( #9194 ) ) ;
#5422 = LINE ( 'NONE', #7446, #4643 ) ;
#5423 = LINE ( 'NONE', #8225, #7609 ) ;
#5424 = AXIS2_PLACEMENT_3D ( 'NONE', #4307, #7162, #2916 ) ;
#5425 = ADVANCED_FACE ( 'NONE', ( #5190 ), #4341, .F. ) ;
#5426 = SURFACE_STYLE_FILL_AREA ( #3476 ) ;
#5427 =( GEOMETRIC_REPRESENTATION_CONTEXT ( 3 ) GLOBAL_UNCERTAINTY_ASSIGNED_CONTEXT ( ( #426 ) ) GLOBAL_UNIT_ASSIGNED_CONTEXT ( ( #1482, #5928, #6606 ) ) REPRESENTATION_CONTEXT ( 'NONE', 'WORKASPACE' ) );
#5428 = ORIENTED_EDGE ( 'NONE', *, *, #7385, .T. ) ;
#5429 = CARTESIAN_POINT ( 'NONE',  ( -2.899999999999992806, -3.900000000000000355, 1.000000000000000000 ) ) ;
#5430 = LINE ( 'NONE', #3875, #348 ) ;
#5431 = CARTESIAN_POINT ( 'NONE',  ( 0.8603317803727279500, -3.016491364757799776, 0.000000000000000000 ) ) ;
#5432 = EDGE_LOOP ( 'NONE', ( #1827, #6580, #6830, #2883 ) ) ;
#5433 = VERTEX_POINT ( 'NONE', #272 ) ;
#5434 = ORIENTED_EDGE ( 'NONE', *, *, #1771, .T. ) ;
#5435 = VECTOR ( 'NONE', #3344, 1000.000000000000000 ) ;
#5436 = SURFACE_STYLE_FILL_AREA ( #6040 ) ;
#5437 = FACE_OUTER_BOUND ( 'NONE', #5245, .T. ) ;
#5438 =( NAMED_UNIT ( * ) PLANE_ANGLE_UNIT ( ) SI_UNIT ( $, .RADIAN. ) );
#5439 = CARTESIAN_POINT ( 'NONE',  ( 0.6332206298798028765, -2.818663421739392660, 0.000000000000000000 ) ) ;
#5440 = AXIS2_PLACEMENT_3D ( 'NONE', #5310, #3064, #6732 ) ;
#5441 =( GEOMETRIC_REPRESENTATION_CONTEXT ( 3 ) GLOBAL_UNCERTAINTY_ASSIGNED_CONTEXT ( ( #7656 ) ) GLOBAL_UNIT_ASSIGNED_CONTEXT ( ( #5077, #726, #6385 ) ) REPRESENTATION_CONTEXT ( 'NONE', 'WORKASPACE' ) );
#5442 = DIRECTION ( 'NONE',  ( 0.000000000000000000, 1.000000000000000000, 0.000000000000000000 ) ) ;
#5443 = CARTESIAN_POINT ( 'NONE',  ( 0.5404384876898011836, -3.020149901343165855, 0.000000000000000000 ) ) ;
#5444 = SURFACE_STYLE_FILL_AREA ( #6136 ) ;
#5445 = VERTEX_POINT ( 'NONE', #6078 ) ;
#5446 = FACE_OUTER_BOUND ( 'NONE', #6762, .T. ) ;
#5447 = PRESENTATION_LAYER_ASSIGNMENT (  '', '', ( #8768 ) ) ;
#5448 = SURFACE_SIDE_STYLE ('',( #6789 ) ) ;
#5449 = ORIENTED_EDGE ( 'NONE', *, *, #9391, .T. ) ;
#5450 = VECTOR ( 'NONE', #452, 1000.000000000000000 ) ;
#5451 =( NAMED_UNIT ( * ) PLANE_ANGLE_UNIT ( ) SI_UNIT ( $, .RADIAN. ) );
#5452 = VECTOR ( 'NONE', #1701, 1000.000000000000000 ) ;
#5453 = CARTESIAN_POINT ( 'NONE',  ( 3.250000000000000000, -1.649999999999999911, 0.000000000000000000 ) ) ;
#5454 = CARTESIAN_POINT ( 'NONE',  ( 3.250000000000000444, 0.4000000000000000777, -0.02000000000000000042 ) ) ;
#5455 = UNCERTAINTY_MEASURE_WITH_UNIT (LENGTH_MEASURE( 1.000000000000000082E-05 ), #1616, 'distance_accuracy_value', 'NONE');
#5456 = SURFACE_STYLE_USAGE ( .BOTH. , #8209 ) ;
#5457 = COLOUR_RGB ( '',0.9686274509803921573, 0.8784313725490195957, 0.5999999999999999778 ) ;
#5458 = AXIS2_PLACEMENT_3D ( 'NONE', #1805, #7106, #2800 ) ;
#5459 = CARTESIAN_POINT ( 'NONE',  ( 2.100000000000011635, -3.249999999999992006, -0.02000000000000000042 ) ) ;
#5460 = CARTESIAN_POINT ( 'NONE',  ( -0.08357065865166232732, -3.016491364757799776, 0.001000000000000000021 ) ) ;
#5461 =( NAMED_UNIT ( * ) PLANE_ANGLE_UNIT ( ) SI_UNIT ( $, .RADIAN. ) );
#5462 =( NAMED_UNIT ( * ) SI_UNIT ( $, .STERADIAN. ) SOLID_ANGLE_UNIT ( ) );
#5463 = PLANE ( 'NONE',  #5517 ) ;
#5464 = ORIENTED_EDGE ( 'NONE', *, *, #311, .T. ) ;
#5465 = EDGE_CURVE ( 'NONE', #2628, #3100, #7485, .T. ) ;
#5466 = VECTOR ( 'NONE', #8295, 1000.000000000000000 ) ;
#5467 = FACE_OUTER_BOUND ( 'NONE', #257, .T. ) ;
#5468 = VECTOR ( 'NONE', #719, 1000.000000000000000 ) ;
#5469 = EDGE_CURVE ( 'NONE', #2447, #7255, #7450, .T. ) ;
#5470 =( LENGTH_UNIT ( ) NAMED_UNIT ( * ) SI_UNIT ( .MILLI., .METRE. ) );
#5471 = DIRECTION ( 'NONE',  ( 0.9466707760722533616, 0.3222024856061133091, -0.000000000000000000 ) ) ;
#5472 = CARTESIAN_POINT ( 'NONE',  ( 0.2456976340312645724, -2.716491364757799953, 0.000000000000000000 ) ) ;
#5473 = FILL_AREA_STYLE ('',( #9099 ) ) ;
#5474 = VERTEX_POINT ( 'NONE', #8828 ) ;
#5476 = AXIS2_PLACEMENT_3D ( 'NONE', #7219, #3018, #8750 ) ;
#5475 = DIRECTION ( 'NONE',  ( 1.000000000000000000, 3.491481338843134144E-15, 0.000000000000000000 ) ) ;
#5477 = EDGE_CURVE ( 'NONE', #3057, #2030, #4324, .T. ) ;
#5478 = CARTESIAN_POINT ( 'NONE',  ( 0.5456462061552515008, -3.020033754217711142, 0.001000000000000000021 ) ) ;
#5479 = EDGE_CURVE ( 'NONE', #701, #7551, #6121, .T. ) ;
#5480 = ORIENTED_EDGE ( 'NONE', *, *, #5863, .T. ) ;
#5481 = AXIS2_PLACEMENT_3D ( 'NONE', #7110, #3725, #4680 ) ;
#5482 = CARTESIAN_POINT ( 'NONE',  ( 0.5833957119363540889, -2.758660625226820873, 0.001000000000000000021 ) ) ;
#5483 = CARTESIAN_POINT ( 'NONE',  ( 4.750000000000000000, -2.899999999999999911, 0.000000000000000000 ) ) ;
#5484 =( LENGTH_UNIT ( ) NAMED_UNIT ( * ) SI_UNIT ( .MILLI., .METRE. ) );
#5485 = DIRECTION ( 'NONE',  ( 0.000000000000000000, 1.000000000000000000, 0.000000000000000000 ) ) ;
#5486 = VERTEX_POINT ( 'NONE', #4537 ) ;
#5487 =( NAMED_UNIT ( * ) PLANE_ANGLE_UNIT ( ) SI_UNIT ( $, .RADIAN. ) );
#5488 = CARTESIAN_POINT ( 'NONE',  ( 0.6169883773357220935, -2.787860765442013999, 0.000000000000000000 ) ) ;
#5489 = UNCERTAINTY_MEASURE_WITH_UNIT (LENGTH_MEASURE( 1.000000000000000082E-05 ), #599, 'distance_accuracy_value', 'NONE');
#5490 = ADVANCED_FACE ( 'NONE', ( #7546 ), #1644, .T. ) ;
#5491 = FILL_AREA_STYLE_COLOUR ( '', #2538 ) ;
#5492 = CARTESIAN_POINT ( 'NONE',  ( 0.5348935181776058867, -2.987223072074873365, 0.001000000000000000021 ) ) ;
#5493 = LINE ( 'NONE', #9077, #7867 ) ;
#5494 = ORIENTED_EDGE ( 'NONE', *, *, #8657, .T. ) ;
#5495 = DIRECTION ( 'NONE',  ( 1.000000000000000000, -6.938893903907226011E-15, 0.000000000000000000 ) ) ;
#5496 = CARTESIAN_POINT ( 'NONE',  ( 3.250000000000000444, 2.900000000000000355, 0.000000000000000000 ) ) ;
#5497 = ORIENTED_EDGE ( 'NONE', *, *, #7936, .T. ) ;
#5498 = UNCERTAINTY_MEASURE_WITH_UNIT (LENGTH_MEASURE( 1.000000000000000082E-05 ), #5844, 'distance_accuracy_value', 'NONE');
#5499 = CARTESIAN_POINT ( 'NONE',  ( 3.250000000000000444, 0.4000000000000000777, -0.02000000000000000042 ) ) ;
#5500 = PRESENTATION_STYLE_ASSIGNMENT (( #9233 ) ) ;
#5501 = CARTESIAN_POINT ( 'NONE',  ( -3.250000000000000444, -2.900000000000000355, -0.02000000000000000042 ) ) ;
#5502 = VERTEX_POINT ( 'NONE', #1212 ) ;
#5503 = PLANE ( 'NONE',  #2680 ) ;
#5504 = STYLED_ITEM ( 'NONE', ( #4897 ), #9047 ) ;
#5505 = CARTESIAN_POINT ( 'NONE',  ( 2.899999999999950173, 4.750000000000030198, -0.02000000000000000042 ) ) ;
#5506 = FILL_AREA_STYLE ('',( #2141 ) ) ;
#5507 = ORIENTED_EDGE ( 'NONE', *, *, #2263, .F. ) ;
#5508 = COLOUR_RGB ( '',1.000000000000000000, 1.000000000000000000, 1.000000000000000000 ) ;
#5509 = AXIS2_PLACEMENT_3D ( 'NONE', #5976, #1687, #309 ) ;
#5510 = EDGE_CURVE ( 'NONE', #8746, #7874, #8362, .T. ) ;
#5511 = DIRECTION ( 'NONE',  ( -1.000000000000000000, 0.000000000000000000, 0.000000000000000000 ) ) ;
#5512 = FACE_OUTER_BOUND ( 'NONE', #7073, .T. ) ;
#5513 = CARTESIAN_POINT ( 'NONE',  ( 0.4749839359280766948, -2.976517837850314319, 0.000000000000000000 ) ) ;
#5514 = ORIENTED_EDGE ( 'NONE', *, *, #1800, .F. ) ;
#5515 =( GEOMETRIC_REPRESENTATION_CONTEXT ( 3 ) GLOBAL_UNCERTAINTY_ASSIGNED_CONTEXT ( ( #3647 ) ) GLOBAL_UNIT_ASSIGNED_CONTEXT ( ( #7048, #444, #6954 ) ) REPRESENTATION_CONTEXT ( 'NONE', 'WORKASPACE' ) );
#5516 = CARTESIAN_POINT ( 'NONE',  ( 0.6105560543972731180, -3.004561449717878752, 0.001000000000000000021 ) ) ;
#5517 = AXIS2_PLACEMENT_3D ( 'NONE', #9244, #8536, #6896 ) ;
#5518 = VERTEX_POINT ( 'NONE', #7630 ) ;
#5519 = CARTESIAN_POINT ( 'NONE',  ( 0.09518315232394750081, -2.716491364757799953, 0.001000000000000000021 ) ) ;
#5520 = CARTESIAN_POINT ( 'NONE',  ( 0.3591122681776059422, -2.848198681830970802, 0.000000000000000000 ) ) ;
#5521 = ADVANCED_FACE ( 'NONE', ( #6356 ), #544, .T. ) ;
#5522 = FILL_AREA_STYLE_COLOUR ( '', #1098 ) ;
#5523 = ORIENTED_EDGE ( 'NONE', *, *, #1933, .T. ) ;
#5524 = CARTESIAN_POINT ( 'NONE',  ( 2.500000000000000000, 2.640080354082557797E-14, -0.02000000000000000042 ) ) ;
#5525 = EDGE_CURVE ( 'NONE', #4886, #7093, #5572, .T. ) ;
#5526 = CARTESIAN_POINT ( 'NONE',  ( -0.2167642562126378403, -2.753076730611458522, 0.000000000000000000 ) ) ;
#5527 = DIRECTION ( 'NONE',  ( 1.000000000000000000, 0.000000000000000000, 0.000000000000000000 ) ) ;
#5528 = DIRECTION ( 'NONE',  ( -0.000000000000000000, -0.000000000000000000, 1.000000000000000000 ) ) ;
#5529 = ORIENTED_EDGE ( 'NONE', *, *, #8982, .T. ) ;
#5530 = PLANE ( 'NONE',  #7758 ) ;
#5531 = FACE_OUTER_BOUND ( 'NONE', #7701, .T. ) ;
#5532 = DIRECTION ( 'NONE',  ( 1.000000000000000000, -0.000000000000000000, 0.000000000000000000 ) ) ;
#5533 = SURFACE_SIDE_STYLE ('',( #3441 ) ) ;
#5534 =( LENGTH_UNIT ( ) NAMED_UNIT ( * ) SI_UNIT ( .MILLI., .METRE. ) );
#5535 = CARTESIAN_POINT ( 'NONE',  ( 0.000000000000000000, 0.000000000000000000, 0.000000000000000000 ) ) ;
#5536 = CARTESIAN_POINT ( 'NONE',  ( -4.750000000000000000, 2.100000000000000089, -0.02000000000000000042 ) ) ;
#5537 = ORIENTED_EDGE ( 'NONE', *, *, #4474, .T. ) ;
#5538 = LINE ( 'NONE', #6094, #5990 ) ;
#5539 = DIRECTION ( 'NONE',  ( -0.000000000000000000, -0.000000000000000000, 1.000000000000000000 ) ) ;
#5540 = VERTEX_POINT ( 'NONE', #1110 ) ;
#5541 = CARTESIAN_POINT ( 'NONE',  ( -0.8500000000000340616, 3.249999999999991118, -0.02000000000000000042 ) ) ;
#5542 = ADVANCED_FACE ( 'NONE', ( #9155 ), #6908, .F. ) ;
#5543 = ORIENTED_EDGE ( 'NONE', *, *, #1369, .T. ) ;
#5544 = UNCERTAINTY_MEASURE_WITH_UNIT (LENGTH_MEASURE( 1.000000000000000082E-05 ), #3565, 'distance_accuracy_value', 'NONE');
#5545 = COLOUR_RGB ( '',0.2235294117647058654, 0.2235294117647058654, 0.2235294117647058654 ) ;
#5546 = MECHANICAL_DESIGN_GEOMETRIC_PRESENTATION_REPRESENTATION (  '', ( #2347 ), #4647 ) ;
#5547 = CARTESIAN_POINT ( 'NONE',  ( -0.02137553670044278764, -2.863575968416336437, 0.001000000000000000021 ) ) ;
#5548 =( GEOMETRIC_REPRESENTATION_CONTEXT ( 3 ) GLOBAL_UNCERTAINTY_ASSIGNED_CONTEXT ( ( #2581 ) ) GLOBAL_UNIT_ASSIGNED_CONTEXT ( ( #4986, #5027, #7951 ) ) REPRESENTATION_CONTEXT ( 'NONE', 'WORKASPACE' ) );
#5549 = SURFACE_SIDE_STYLE ('',( #3406 ) ) ;
#5550 = LINE ( 'NONE', #3991, #1595 ) ;
#5551 = CARTESIAN_POINT ( 'NONE',  ( 2.899999999999950173, 4.750000000000030198, -0.02000000000000000042 ) ) ;
#5552 = VECTOR ( 'NONE', #4712, 1000.000000000000000 ) ;
#5553 = STYLED_ITEM ( 'NONE', ( #7526 ), #5939 ) ;
#5554 = CARTESIAN_POINT ( 'NONE',  ( -0.05562740322703364076, -2.816480470945827541, 0.001000000000000000021 ) ) ;
#5555 = FILL_AREA_STYLE ('',( #1367 ) ) ;
#5556 = VERTEX_POINT ( 'NONE', #7920 ) ;
#5557 =( GEOMETRIC_REPRESENTATION_CONTEXT ( 3 ) GLOBAL_UNCERTAINTY_ASSIGNED_CONTEXT ( ( #5895 ) ) GLOBAL_UNIT_ASSIGNED_CONTEXT ( ( #8843, #6735, #8331 ) ) REPRESENTATION_CONTEXT ( 'NONE', 'WORKASPACE' ) );
#5558 = COLOUR_RGB ( '',0.9686274509803921573, 0.8784313725490195957, 0.5999999999999999778 ) ;
#5559 = LINE ( 'NONE', #395, #4611 ) ;
#5560 = AXIS2_PLACEMENT_3D ( 'NONE', #3082, #8072, #5366 ) ;
#5561 = CARTESIAN_POINT ( 'NONE',  ( 0.8500000000000113021, -3.249999999999996891, -0.02000000000000000042 ) ) ;
#5562 = ORIENTED_EDGE ( 'NONE', *, *, #4470, .T. ) ;
#5563 = SURFACE_SIDE_STYLE ('',( #1248 ) ) ;
#5564 = PLANE ( 'NONE',  #47 ) ;
#5565 = DIRECTION ( 'NONE',  ( -0.9353882635801357148, -0.3536223923290754967, 0.000000000000000000 ) ) ;
#5566 = ORIENTED_EDGE ( 'NONE', *, *, #5479, .T. ) ;
#5567 = PRESENTATION_STYLE_ASSIGNMENT (( #2791 ) ) ;
#5568 = EDGE_CURVE ( 'NONE', #7773, #1836, #3672, .T. ) ;
#5569 = AXIS2_PLACEMENT_3D ( 'NONE', #5943, #6962, #1894 ) ;
#5570 = LINE ( 'NONE', #8461, #2262 ) ;
#5571 =( GEOMETRIC_REPRESENTATION_CONTEXT ( 3 ) GLOBAL_UNCERTAINTY_ASSIGNED_CONTEXT ( ( #5455 ) ) GLOBAL_UNIT_ASSIGNED_CONTEXT ( ( #1616, #5206, #5953 ) ) REPRESENTATION_CONTEXT ( 'NONE', 'WORKASPACE' ) );
#5572 = LINE ( 'NONE', #4822, #6414 ) ;
#5573 = CARTESIAN_POINT ( 'NONE',  ( 0.4605568716708117738, -2.763418922616454498, -0.000000000000000000 ) ) ;
#5574 = FACE_OUTER_BOUND ( 'NONE', #5270, .T. ) ;
#5575 = CARTESIAN_POINT ( 'NONE',  ( 0.6806771219632843373, -2.854891104734772256, 0.001000000000000000021 ) ) ;
#5576 = CARTESIAN_POINT ( 'NONE',  ( 4.750000000000000000, -2.899999999999999911, -0.02000000000000000042 ) ) ;
#5577 = EDGE_LOOP ( 'NONE', ( #4565, #1830, #3590, #4017 ) ) ;
#5578 = VECTOR ( 'NONE', #1937, 1000.000000000000000 ) ;
#5579 = CARTESIAN_POINT ( 'NONE',  ( 1.649999999999950173, 4.750000000000016875, -0.02000000000000000042 ) ) ;
#5580 = VECTOR ( 'NONE', #4596, 1000.000000000000000 ) ;
#5581 = ADVANCED_FACE ( 'NONE', ( #5039 ), #6481, .F. ) ;
#5582 = FILL_AREA_STYLE ('',( #9352 ) ) ;
#5583 = CARTESIAN_POINT ( 'NONE',  ( -0.005496442122008239270, -2.984449112067651733, 0.000000000000000000 ) ) ;
#5584 =( NAMED_UNIT ( * ) PLANE_ANGLE_UNIT ( ) SI_UNIT ( $, .RADIAN. ) );
#5585 = FILL_AREA_STYLE ('',( #2666 ) ) ;
#5586 = ADVANCED_FACE ( 'NONE', ( #2222 ), #5751, .F. ) ;
#5587 = DIRECTION ( 'NONE',  ( -1.000000000000000000, -3.491481338843134144E-15, 0.000000000000000000 ) ) ;
#5588 = ADVANCED_FACE ( 'NONE', ( #8779 ), #6803, .T. ) ;
#5589 = PLANE ( 'NONE',  #8276 ) ;
#5590 = FACE_BOUND ( 'NONE', #3358, .T. ) ;
#5591 = VECTOR ( 'NONE', #1560, 1000.000000000000000 ) ;
#5592 = ORIENTED_EDGE ( 'NONE', *, *, #3034, .F. ) ;
#5593 = CARTESIAN_POINT ( 'NONE',  ( 4.750000000000000000, -0.8499999999999999778, -0.02000000000000000042 ) ) ;
#5594 = CARTESIAN_POINT ( 'NONE',  ( 2.899999999999966160, 3.250000000000030642, -0.02000000000000000042 ) ) ;
#5595 = EDGE_CURVE ( 'NONE', #5556, #5433, #5181, .T. ) ;
#5596 = ORIENTED_EDGE ( 'NONE', *, *, #1507, .F. ) ;
#5597 = UNCERTAINTY_MEASURE_WITH_UNIT (LENGTH_MEASURE( 1.000000000000000082E-05 ), #5407, 'distance_accuracy_value', 'NONE');
#5598 = VECTOR ( 'NONE', #4263, 1000.000000000000000 ) ;
#5599 =( NAMED_UNIT ( * ) SI_UNIT ( $, .STERADIAN. ) SOLID_ANGLE_UNIT ( ) );
#5600 = CARTESIAN_POINT ( 'NONE',  ( 0.1396000730556547775, -2.749418194026092443, 0.001000000000000000021 ) ) ;
#5601 = ORIENTED_EDGE ( 'NONE', *, *, #1074, .T. ) ;
#5602 = SURFACE_STYLE_USAGE ( .BOTH. , #3507 ) ;
#5603 = CARTESIAN_POINT ( 'NONE',  ( 0.5322128999076907174, -2.745847058266519536, 0.000000000000000000 ) ) ;
#5604 = DIRECTION ( 'NONE',  ( -1.047444401652940164E-14, 1.000000000000000000, 0.000000000000000000 ) ) ;
#5605 = STYLED_ITEM ( 'NONE', ( #2889 ), #3442 ) ;
#5606 = DIRECTION ( 'NONE',  ( -1.000000000000000000, 0.000000000000000000, 0.000000000000000000 ) ) ;
#5607 = AXIS2_PLACEMENT_3D ( 'NONE', #2476, #5352, #1609 ) ;
#5608 = LINE ( 'NONE', #9189, #8374 ) ;
#5609 = ORIENTED_EDGE ( 'NONE', *, *, #151, .T. ) ;
#5610 = EDGE_CURVE ( 'NONE', #4685, #8803, #3864, .T. ) ;
#5611 =( NAMED_UNIT ( * ) SI_UNIT ( $, .STERADIAN. ) SOLID_ANGLE_UNIT ( ) );
#5612 = VECTOR ( 'NONE', #2533, 1000.000000000000000 ) ;
#5613 = EDGE_CURVE ( 'NONE', #7441, #5518, #2317, .T. ) ;
#5614 = CARTESIAN_POINT ( 'NONE',  ( 0.5241280184596512903, -2.987081729733275903, 0.001000000000000000021 ) ) ;
#5615 = FACE_OUTER_BOUND ( 'NONE', #7118, .T. ) ;
#5616 = ORIENTED_EDGE ( 'NONE', *, *, #5121, .T. ) ;
#5617 = CARTESIAN_POINT ( 'NONE',  ( -0.02137553670044278764, -2.863575968416336437, 0.001000000000000000021 ) ) ;
#5618 = COLOUR_RGB ( '',0.9686274509803921573, 0.8784313725490195957, 0.5999999999999999778 ) ;
#5619 = VECTOR ( 'NONE', #7836, 1000.000000000000000 ) ;
#5620 = SURFACE_STYLE_FILL_AREA ( #4148 ) ;
#5621 =( NAMED_UNIT ( * ) PLANE_ANGLE_UNIT ( ) SI_UNIT ( $, .RADIAN. ) );
#5622 = VERTEX_POINT ( 'NONE', #7399 ) ;
#5623 = CARTESIAN_POINT ( 'NONE',  ( 0.09701242061663044314, -2.983564535489507286, 0.001000000000000000021 ) ) ;
#5624 = CARTESIAN_POINT ( 'NONE',  ( -2.900000000000000799, 2.899999999999999023, 5.299999999999999822 ) ) ;
#5625 = EDGE_LOOP ( 'NONE', ( #182, #8503, #2310, #1578 ) ) ;
#5626 = SURFACE_STYLE_FILL_AREA ( #6911 ) ;
#5627 = LINE ( 'NONE', #2602, #7638 ) ;
#5628 = DIRECTION ( 'NONE',  ( -0.000000000000000000, 1.000000000000000000, -0.000000000000000000 ) ) ;
#5629 = CARTESIAN_POINT ( 'NONE',  ( 3.250000000000000444, -2.100000000000000089, -0.02000000000000000042 ) ) ;
#5630 = ORIENTED_EDGE ( 'NONE', *, *, #311, .F. ) ;
#5631 = DIRECTION ( 'NONE',  ( 1.000000000000000000, -0.000000000000000000, -0.000000000000000000 ) ) ;
#5632 = CARTESIAN_POINT ( 'NONE',  ( -0.02754680246296869681, -2.963788975642644097, 0.000000000000000000 ) ) ;
#5633 = DIRECTION ( 'NONE',  ( 0.000000000000000000, 1.000000000000000000, 0.000000000000000000 ) ) ;
#5634 = MECHANICAL_DESIGN_GEOMETRIC_PRESENTATION_REPRESENTATION (  '', ( #2892 ), #7887 ) ;
#5635 =( NAMED_UNIT ( * ) PLANE_ANGLE_UNIT ( ) SI_UNIT ( $, .RADIAN. ) );
#5636 = DIRECTION ( 'NONE',  ( 0.3363908276654489771, -0.9417224702971433992, 0.000000000000000000 ) ) ;
#5637 =( NAMED_UNIT ( * ) SI_UNIT ( $, .STERADIAN. ) SOLID_ANGLE_UNIT ( ) );
#5638 =( LENGTH_UNIT ( ) NAMED_UNIT ( * ) SI_UNIT ( .MILLI., .METRE. ) );
#5639 = EDGE_LOOP ( 'NONE', ( #2329, #7049, #2575, #3788, #6165, #8948, #9124, #3676, #7673, #3677, #808, #4511 ) ) ;
#5640 = FACE_OUTER_BOUND ( 'NONE', #7010, .T. ) ;
#5641 = CARTESIAN_POINT ( 'NONE',  ( 0.5284553475966166092, -3.020009359278887917, 0.001000000000000000021 ) ) ;
#5642 = VERTEX_POINT ( 'NONE', #1579 ) ;
#5643 = PRESENTATION_STYLE_ASSIGNMENT (( #7754 ) ) ;
#5644 = DIRECTION ( 'NONE',  ( 1.000000000000000000, 1.047444401652940164E-14, 0.000000000000000000 ) ) ;
#5645 = CARTESIAN_POINT ( 'NONE',  ( 0.01970549893513501988, -2.731724926454992985, 0.001000000000000000021 ) ) ;
#5646 = EDGE_CURVE ( 'NONE', #600, #8291, #6113, .T. ) ;
#5647 = VERTEX_POINT ( 'NONE', #4622 ) ;
#5648 = EDGE_CURVE ( 'NONE', #3812, #4124, #6068, .T. ) ;
#5649 = DIRECTION ( 'NONE',  ( 0.000000000000000000, -0.000000000000000000, -1.000000000000000000 ) ) ;
#5650 = DIRECTION ( 'NONE',  ( 3.491481338843133355E-15, -1.000000000000000000, 0.000000000000000000 ) ) ;
#5651 = ORIENTED_EDGE ( 'NONE', *, *, #7329, .T. ) ;
#5652 = DIRECTION ( 'NONE',  ( 2.949380252600381533E-15, -1.000000000000000000, 0.000000000000000000 ) ) ;
#5653 = DIRECTION ( 'NONE',  ( 1.000000000000000000, 0.000000000000000000, 0.000000000000000000 ) ) ;
#5654 = EDGE_LOOP ( 'NONE', ( #4448, #2069, #4155, #2126 ) ) ;
#5655 = ORIENTED_EDGE ( 'NONE', *, *, #1702, .F. ) ;
#5656 = FILL_AREA_STYLE_COLOUR ( '', #3888 ) ;
#5657 = PRESENTATION_STYLE_ASSIGNMENT (( #3518 ) ) ;
#5658 =( GEOMETRIC_REPRESENTATION_CONTEXT ( 3 ) GLOBAL_UNCERTAINTY_ASSIGNED_CONTEXT ( ( #756 ) ) GLOBAL_UNIT_ASSIGNED_CONTEXT ( ( #8101, #6596, #3750 ) ) REPRESENTATION_CONTEXT ( 'NONE', 'WORKASPACE' ) );
#5659 = DIRECTION ( 'NONE',  ( -0.000000000000000000, -0.000000000000000000, -1.000000000000000000 ) ) ;
#5660 = VERTEX_POINT ( 'NONE', #4465 ) ;
#5661 = CARTESIAN_POINT ( 'NONE',  ( 0.1798439754946791203, -2.716491364757799953, 0.001000000000000000021 ) ) ;
#5662 = CARTESIAN_POINT ( 'NONE',  ( 0.6597862725280622120, -2.957721622111992854, 0.001000000000000000021 ) ) ;
#5663 = ORIENTED_EDGE ( 'NONE', *, *, #3493, .T. ) ;
#5664 = SURFACE_SIDE_STYLE ('',( #4775 ) ) ;
#5665 = VECTOR ( 'NONE', #6041, 1000.000000000000000 ) ;
#5666 =( NAMED_UNIT ( * ) SI_UNIT ( $, .STERADIAN. ) SOLID_ANGLE_UNIT ( ) );
#5667 = FILL_AREA_STYLE ('',( #4060 ) ) ;
#5668 = EDGE_CURVE ( 'NONE', #4381, #1698, #825, .T. ) ;
#5669 = ORIENTED_EDGE ( 'NONE', *, *, #8587, .T. ) ;
#5670 = CARTESIAN_POINT ( 'NONE',  ( 0.5003179252267718757, -2.748319469946274296, 0.000000000000000000 ) ) ;
#5671 = SURFACE_STYLE_FILL_AREA ( #1167 ) ;
#5672 = ADVANCED_FACE ( 'NONE', ( #6020 ), #3229, .F. ) ;
#5673 = EDGE_LOOP ( 'NONE', ( #8401, #4972, #2880, #999 ) ) ;
#5674 =( GEOMETRIC_REPRESENTATION_CONTEXT ( 3 ) GLOBAL_UNCERTAINTY_ASSIGNED_CONTEXT ( ( #4398 ) ) GLOBAL_UNIT_ASSIGNED_CONTEXT ( ( #2990, #5836, #7915 ) ) REPRESENTATION_CONTEXT ( 'NONE', 'WORKASPACE' ) );
#5675 = STYLED_ITEM ( 'NONE', ( #870 ), #1986 ) ;
#5676 = LINE ( 'NONE', #1897, #7407 ) ;
#5677 = DIRECTION ( 'NONE',  ( -0.000000000000000000, -0.000000000000000000, 1.000000000000000000 ) ) ;
#5678 = DIRECTION ( 'NONE',  ( 0.000000000000000000, -1.000000000000000000, 0.000000000000000000 ) ) ;
#5679 = COLOUR_RGB ( '',0.6666666666666666297, 0.6980392156862744724, 0.7686274509803920907 ) ;
#5680 =( NAMED_UNIT ( * ) PLANE_ANGLE_UNIT ( ) SI_UNIT ( $, .RADIAN. ) );
#5681 = FACE_OUTER_BOUND ( 'NONE', #1523, .T. ) ;
#5682 = LINE ( 'NONE', #4971, #7088 ) ;
#5683 = VERTEX_POINT ( 'NONE', #118 ) ;
#5684 = ORIENTED_EDGE ( 'NONE', *, *, #2548, .F. ) ;
#5685 = CARTESIAN_POINT ( 'NONE',  ( 0.5094185108288394881, -2.746874486732431286, 0.000000000000000000 ) ) ;
#5686 = SURFACE_SIDE_STYLE ('',( #3504 ) ) ;
#5687 = EDGE_CURVE ( 'NONE', #1303, #2353, #800, .T. ) ;
#5688 = CARTESIAN_POINT ( 'NONE',  ( 0.04789897725888041247, -2.721859869472561755, 0.001000000000000000021 ) ) ;
#5689 = PRESENTATION_LAYER_ASSIGNMENT (  '', '', ( #5081 ) ) ;
#5690 = CARTESIAN_POINT ( 'NONE',  ( 0.09827004256784986624, -3.016491364757799776, 0.001000000000000000021 ) ) ;
#5691 = VECTOR ( 'NONE', #2699, 1000.000000000000000 ) ;
#5692 = UNCERTAINTY_MEASURE_WITH_UNIT (LENGTH_MEASURE( 1.000000000000000082E-05 ), #1760, 'distance_accuracy_value', 'NONE');
#5693 = PLANE ( 'NONE',  #3762 ) ;
#5694 = EDGE_CURVE ( 'NONE', #8810, #6066, #5969, .T. ) ;
#5695 = CARTESIAN_POINT ( 'NONE',  ( 0.08967159310404260175, -2.716614212343574586, 0.001000000000000000021 ) ) ;
#5696 = CARTESIAN_POINT ( 'NONE',  ( 0.4607077732149808535, -3.002496359170963025, 0.001000000000000000021 ) ) ;
#5697 = EDGE_LOOP ( 'NONE', ( #6569, #8233, #5651, #64 ) ) ;
#5698 = COLOUR_RGB ( '',0.9686274509803921573, 0.8784313725490195957, 0.5999999999999999778 ) ;
#5699 = DIRECTION ( 'NONE',  ( -0.3393303772748776370, -0.9406672605435404400, 0.000000000000000000 ) ) ;
#5700 = DIRECTION ( 'NONE',  ( -1.000000000000000000, -3.491481338843133355E-15, 0.000000000000000000 ) ) ;
#5701 = CARTESIAN_POINT ( 'NONE',  ( 0.5181934221116705208, -2.712906644522520061, 0.001000000000000000021 ) ) ;
#5702 = ORIENTED_EDGE ( 'NONE', *, *, #7628, .F. ) ;
#5703 =( LENGTH_UNIT ( ) NAMED_UNIT ( * ) SI_UNIT ( .MILLI., .METRE. ) );
#5704 = EDGE_CURVE ( 'NONE', #4463, #2696, #2692, .T. ) ;
#5705 = MECHANICAL_DESIGN_GEOMETRIC_PRESENTATION_REPRESENTATION (  '', ( #9173 ), #1114 ) ;
#5706 = EDGE_CURVE ( 'NONE', #3156, #633, #4900, .T. ) ;
#5707 = ORIENTED_EDGE ( 'NONE', *, *, #9195, .T. ) ;
#5708 =( LENGTH_UNIT ( ) NAMED_UNIT ( * ) SI_UNIT ( .MILLI., .METRE. ) );
#5709 = COLOUR_RGB ( '',0.2235294117647058654, 0.2235294117647058654, 0.2235294117647058654 ) ;
#5710 = SURFACE_SIDE_STYLE ('',( #2793 ) ) ;
#5711 = AXIS2_PLACEMENT_3D ( 'NONE', #3992, #1197, #2632 ) ;
#5712 = LINE ( 'NONE', #686, #502 ) ;
#5713 = B_SPLINE_SURFACE_WITH_KNOTS ( 'NONE', 3, 1, ( 
 ( #9102, #4732 ),
 ( #5478, #1829 ),
 ( #3144, #4772 ),
 ( #7625, #1106 ),
 ( #6024, #400 ),
 ( #3332, #6213 ),
 ( #5516, #1343 ),
 ( #8457, #1882 ),
 ( #6999, #3420 ),
 ( #4946, #4190 ),
 ( #2072, #6352 ),
 ( #5662, #2023 ),
 ( #2645, #8546 ),
 ( #7281, #6953 ),
 ( #7823, #6257 ),
 ( #585, #539 ),
 ( #4998, #3471 ),
 ( #7729, #9251 ),
 ( #2746, #1293 ) ),
 .UNSPECIFIED., .F., .F., .F.,
 ( 4, 1, 1, 1, 1, 1, 1, 1, 1, 1, 1, 1, 1, 1, 1, 1, 4 ),
 ( 2, 2 ),
 ( 0.000000000000000000, 0.06783324845577301532, 0.1326555365079038762, 0.1950508840508277941, 0.2555829330687764966, 0.3147998341472894035, 0.3736004728263741526, 0.4325455953267431375, 0.4924306292835655685, 0.5526712559629683996, 0.6125130441881160293, 0.6726102503570065005, 0.7338383693139446384, 0.7965942385677740045, 0.8614497992905724155, 0.9291989423509053880, 0.9999999999999998890 ),
 ( 0.000000000000000000, 1.000000000000000000 ),
 .UNSPECIFIED. ) ;
#5714 = LINE ( 'NONE', #7104, #2210 ) ;
#5715 = ORIENTED_EDGE ( 'NONE', *, *, #7170, .T. ) ;
#5716 = LINE ( 'NONE', #5007, #2873 ) ;
#5717 = STYLED_ITEM ( 'NONE', ( #8969 ), #907 ) ;
#5718 = EDGE_CURVE ( 'NONE', #3579, #1118, #4047, .T. ) ;
#5719 = VECTOR ( 'NONE', #4504, 1000.000000000000000 ) ;
#5720 = SURFACE_SIDE_STYLE ('',( #5762 ) ) ;
#5721 = ORIENTED_EDGE ( 'NONE', *, *, #8015, .T. ) ;
#5722 = CARTESIAN_POINT ( 'NONE',  ( 0.5847831061484218829, -3.014706295321321949, 0.001000000000000000021 ) ) ;
#5723 = DIRECTION ( 'NONE',  ( -9.932342930286647849E-15, 1.000000000000000000, 0.000000000000000000 ) ) ;
#5724 = UNCERTAINTY_MEASURE_WITH_UNIT (LENGTH_MEASURE( 1.000000000000000082E-05 ), #8286, 'distance_accuracy_value', 'NONE');
#5725 = PRESENTATION_LAYER_ASSIGNMENT (  '', '', ( #9196 ) ) ;
#5726 = ORIENTED_EDGE ( 'NONE', *, *, #8655, .T. ) ;
#5727 = EDGE_LOOP ( 'NONE', ( #1529, #273, #941, #8869 ) ) ;
#5728 = UNCERTAINTY_MEASURE_WITH_UNIT (LENGTH_MEASURE( 1.000000000000000082E-05 ), #908, 'distance_accuracy_value', 'NONE');
#5729 = EDGE_LOOP ( 'NONE', ( #7037, #3862, #7782, #318 ) ) ;
#5730 = CARTESIAN_POINT ( 'NONE',  ( 0.1396000730556547775, -2.983564535489507286, 0.001000000000000000021 ) ) ;
#5731 = CARTESIAN_POINT ( 'NONE',  ( -4.770365320521144703, 4.310522442972755996, 0.7990000000000000435 ) ) ;
#5732 = CARTESIAN_POINT ( 'NONE',  ( -0.05562740322703364076, -2.816480470945827541, 0.000000000000000000 ) ) ;
#5733 =( GEOMETRIC_REPRESENTATION_CONTEXT ( 3 ) GLOBAL_UNCERTAINTY_ASSIGNED_CONTEXT ( ( #3309 ) ) GLOBAL_UNIT_ASSIGNED_CONTEXT ( ( #8299, #2683, #6290 ) ) REPRESENTATION_CONTEXT ( 'NONE', 'WORKASPACE' ) );
#5734 = CARTESIAN_POINT ( 'NONE',  ( 2.099999999999949907, 4.750000000000021316, -0.02000000000000000042 ) ) ;
#5735 = CARTESIAN_POINT ( 'NONE',  ( -0.06161943913946714424, -2.862718498904141207, 0.000000000000000000 ) ) ;
#5736 = CARTESIAN_POINT ( 'NONE',  ( -2.900000000000000799, 2.899999999999993250, 5.299999999999999822 ) ) ;
#5737 = AXIS2_PLACEMENT_3D ( 'NONE', #6676, #2468, #7685 ) ;
#5738 = CARTESIAN_POINT ( 'NONE',  ( -0.01704690236302308995, -2.756011231037401643, 0.001000000000000000021 ) ) ;
#5739 = CARTESIAN_POINT ( 'NONE',  ( 0.4849902145089665662, -3.012820023766296096, 0.000000000000000000 ) ) ;
#5740 = VERTEX_POINT ( 'NONE', #2553 ) ;
#5741 = SURFACE_STYLE_FILL_AREA ( #3516 ) ;
#5742 = CARTESIAN_POINT ( 'NONE',  ( -4.520365320521144703, 4.310522442972755996, 0.7990000000000000435 ) ) ;
#5743 = CARTESIAN_POINT ( 'NONE',  ( 4.750000000000000000, -0.3999999999999999667, -0.02000000000000000042 ) ) ;
#5744 = EDGE_LOOP ( 'NONE', ( #973, #2176, #1278, #4319 ) ) ;
#5745 =( NAMED_UNIT ( * ) PLANE_ANGLE_UNIT ( ) SI_UNIT ( $, .RADIAN. ) );
#5746 = PRESENTATION_LAYER_ASSIGNMENT (  '', '', ( #405 ) ) ;
#5747 = LINE ( 'NONE', #7245, #7309 ) ;
#5748 = ORIENTED_EDGE ( 'NONE', *, *, #7134, .F. ) ;
#5749 = CARTESIAN_POINT ( 'NONE',  ( 0.5404384876898011836, -3.020149901343165855, 0.001000000000000000021 ) ) ;
#5750 = COLOUR_RGB ( '',0.9686274509803921573, 0.8784313725490195957, 0.5999999999999999778 ) ;
#5751 = PLANE ( 'NONE',  #8268 ) ;
#5752 = DIRECTION ( 'NONE',  ( -0.000000000000000000, -0.000000000000000000, -1.000000000000000000 ) ) ;
#5753 = ADVANCED_FACE ( 'NONE', ( #532 ), #4724, .F. ) ;
#5754 = SURFACE_STYLE_USAGE ( .BOTH. , #593 ) ;
#5755 = VERTEX_POINT ( 'NONE', #2636 ) ;
#5756 = VERTEX_POINT ( 'NONE', #8397 ) ;
#5757 = EDGE_CURVE ( 'NONE', #3390, #531, #961, .T. ) ;
#5758 = AXIS2_PLACEMENT_3D ( 'NONE', #6703, #6752, #205 ) ;
#5759 = LINE ( 'NONE', #8650, #1783 ) ;
#5760 = CARTESIAN_POINT ( 'NONE',  ( 0.01066894518778780179, -2.777907473057401599, 2.117582368135750848E-19 ) ) ;
#5761 = FILL_AREA_STYLE ('',( #3487 ) ) ;
#5762 = SURFACE_STYLE_FILL_AREA ( #8695 ) ;
#5763 = CARTESIAN_POINT ( 'NONE',  ( 0.6810634876898010726, -2.872150663538287851, 0.001000000000000000021 ) ) ;
#5764 = VECTOR ( 'NONE', #7569, 1000.000000000000000 ) ;
#5765 = PRESENTATION_LAYER_ASSIGNMENT (  '', '', ( #422 ) ) ;
#5766 = MECHANICAL_DESIGN_GEOMETRIC_PRESENTATION_REPRESENTATION (  '', ( #2103 ), #123 ) ;
#5767 = CARTESIAN_POINT ( 'NONE',  ( 2.899999999999991473, -4.100000000000000533, 1.000000000000000000 ) ) ;
#5768 = CARTESIAN_POINT ( 'NONE',  ( -3.250000000000000444, -2.900000000000000355, 0.000000000000000000 ) ) ;
#5769 = DIRECTION ( 'NONE',  ( -0.000000000000000000, -0.000000000000000000, 1.000000000000000000 ) ) ;
#5770 = ORIENTED_EDGE ( 'NONE', *, *, #8062, .T. ) ;
#5771 = EDGE_LOOP ( 'NONE', ( #2913, #1484, #7845, #8829 ) ) ;
#5772 = ORIENTED_EDGE ( 'NONE', *, *, #2888, .T. ) ;
#5773 =( NAMED_UNIT ( * ) SI_UNIT ( $, .STERADIAN. ) SOLID_ANGLE_UNIT ( ) );
#5774 = CARTESIAN_POINT ( 'NONE',  ( 0.4754475346320915508, -3.009488671183211839, 0.001000000000000000021 ) ) ;
#5775 = CARTESIAN_POINT ( 'NONE',  ( 0.8603317803727279500, -2.716491364757799953, 0.000000000000000000 ) ) ;
#5776 = DIRECTION ( 'NONE',  ( 1.000000000000000000, 0.000000000000000000, 0.000000000000000000 ) ) ;
#5777 = CARTESIAN_POINT ( 'NONE',  ( -0.05909004870995430286, -2.895701397067207861, 0.000000000000000000 ) ) ;
#5778 = FACE_OUTER_BOUND ( 'NONE', #4842, .T. ) ;
#5779 = CARTESIAN_POINT ( 'NONE',  ( -0.02137553670044278764, -2.863575968416336437, 0.001000000000000000021 ) ) ;
#5780 = FACE_OUTER_BOUND ( 'NONE', #3281, .T. ) ;
#5781 = DIRECTION ( 'NONE',  ( -1.000000000000000000, 0.000000000000000000, 0.000000000000000000 ) ) ;
#5782 = DIRECTION ( 'NONE',  ( -0.000000000000000000, -0.000000000000000000, 1.000000000000000000 ) ) ;
#5783 = EDGE_LOOP ( 'NONE', ( #6674, #2137, #4667 ) ) ;
#5784 = B_SPLINE_SURFACE_WITH_KNOTS ( 'NONE', 3, 1, ( 
 ( #2778, #6381 ),
 ( #5696, #3661 ),
 ( #5168, #4363 ),
 ( #4318, #5118 ),
 ( #2064, #5739 ),
 ( #7233, #6508 ),
 ( #9376, #4 ),
 ( #8713, #2205 ),
 ( #8013, #52 ),
 ( #4271, #3560 ),
 ( #8065, #1475 ) ),
 .UNSPECIFIED., .F., .F., .F.,
 ( 4, 1, 1, 1, 1, 1, 1, 1, 4 ),
 ( 2, 2 ),
 ( 0.000000000000000000, 0.1124483899087998645, 0.2265276752126770821, 0.3444019493260278009, 0.4658649724874584508, 0.5916594493521163400, 0.7221684870248870070, 0.8586063875549251323, 1.000000000000000000 ),
 ( 0.000000000000000000, 1.000000000000000000 ),
 .UNSPECIFIED. ) ;
#5785 = PRESENTATION_STYLE_ASSIGNMENT (( #6 ) ) ;
#5786 = CARTESIAN_POINT ( 'NONE',  ( 3.250000000000000000, -1.649999999999999911, -0.02000000000000000042 ) ) ;
#5787 = FILL_AREA_STYLE ('',( #1339 ) ) ;
#5788 = CARTESIAN_POINT ( 'NONE',  ( 2.100000000000016964, -4.749999999999992895, -0.02000000000000000042 ) ) ;
#5789 = ORIENTED_EDGE ( 'NONE', *, *, #5113, .T. ) ;
#5790 =( NAMED_UNIT ( * ) PLANE_ANGLE_UNIT ( ) SI_UNIT ( $, .RADIAN. ) );
#5791 = ORIENTED_EDGE ( 'NONE', *, *, #7302, .T. ) ;
#5792 = CARTESIAN_POINT ( 'NONE',  ( -1.649999999999988809, -3.250000000000005329, -0.02000000000000000042 ) ) ;
#5793 = SURFACE_STYLE_FILL_AREA ( #2895 ) ;
#5794 = MECHANICAL_DESIGN_GEOMETRIC_PRESENTATION_REPRESENTATION (  '', ( #7911 ), #2451 ) ;
#5795 = ADVANCED_FACE ( 'NONE', ( #8449 ), #7766, .F. ) ;
#5796 = SURFACE_STYLE_USAGE ( .BOTH. , #6562 ) ;
#5797 = CARTESIAN_POINT ( 'NONE',  ( 0.5871173882654330267, -2.974971435323448876, 0.000000000000000000 ) ) ;
#5798 = DIRECTION ( 'NONE',  ( -1.000000000000000000, 5.421010862427523156E-16, 0.000000000000000000 ) ) ;
#5799 = DIRECTION ( 'NONE',  ( -1.000000000000000000, 0.000000000000000000, 0.000000000000000000 ) ) ;
#5800 = ORIENTED_EDGE ( 'NONE', *, *, #4178, .F. ) ;
#5801 = ORIENTED_EDGE ( 'NONE', *, *, #7371, .F. ) ;
#5802 = PRESENTATION_STYLE_ASSIGNMENT (( #691 ) ) ;
#5803 = SURFACE_SIDE_STYLE ('',( #8082 ) ) ;
#5804 = PRESENTATION_LAYER_ASSIGNMENT (  '', '', ( #7601 ) ) ;
#5805 = ADVANCED_FACE ( 'NONE', ( #3465 ), #2741, .T. ) ;
#5806 = SURFACE_STYLE_USAGE ( .BOTH. , #5720 ) ;
#5807 = CARTESIAN_POINT ( 'NONE',  ( 5.049999999999997158, 5.049999999999999822, 0.8000000000000000444 ) ) ;
#5808 = EDGE_LOOP ( 'NONE', ( #7256, #8911, #2221, #7183, #6073, #9151, #7881, #6513 ) ) ;
#5809 =( LENGTH_UNIT ( ) NAMED_UNIT ( * ) SI_UNIT ( .MILLI., .METRE. ) );
#5810 =( NAMED_UNIT ( * ) SI_UNIT ( $, .STERADIAN. ) SOLID_ANGLE_UNIT ( ) );
#5811 = AXIS2_PLACEMENT_3D ( 'NONE', #3334, #8508, #542 ) ;
#5812 = DIRECTION ( 'NONE',  ( 0.000000000000000000, 0.000000000000000000, -1.000000000000000000 ) ) ;
#5813 = DIRECTION ( 'NONE',  ( 0.000000000000000000, -0.000000000000000000, -1.000000000000000000 ) ) ;
#5814 = ORIENTED_EDGE ( 'NONE', *, *, #7826, .F. ) ;
#5815 = VERTEX_POINT ( 'NONE', #3562 ) ;
#5816 = UNCERTAINTY_MEASURE_WITH_UNIT (LENGTH_MEASURE( 1.000000000000000082E-05 ), #2592, 'distance_accuracy_value', 'NONE');
#5817 = PRESENTATION_STYLE_ASSIGNMENT (( #3738 ) ) ;
#5818 = CARTESIAN_POINT ( 'NONE',  ( 2.399999999999999023, 2.399999999999999911, -6.808225099390855739 ) ) ;
#5819 = DIRECTION ( 'NONE',  ( -0.000000000000000000, -0.000000000000000000, -1.000000000000000000 ) ) ;
#5820 = UNCERTAINTY_MEASURE_WITH_UNIT (LENGTH_MEASURE( 1.000000000000000082E-05 ), #2850, 'distance_accuracy_value', 'NONE');
#5821 = LINE ( 'NONE', #5109, #8166 ) ;
#5822 = FILL_AREA_STYLE_COLOUR ( '', #4855 ) ;
#5823 = UNCERTAINTY_MEASURE_WITH_UNIT (LENGTH_MEASURE( 1.000000000000000082E-05 ), #3198, 'distance_accuracy_value', 'NONE');
#5824 = CARTESIAN_POINT ( 'NONE',  ( -2.900000000000034106, 3.249999999999969358, 0.000000000000000000 ) ) ;
#5825 = SURFACE_SIDE_STYLE ('',( #2924 ) ) ;
#5826 =( NAMED_UNIT ( * ) SI_UNIT ( $, .STERADIAN. ) SOLID_ANGLE_UNIT ( ) );
#5827 = B_SPLINE_CURVE_WITH_KNOTS ( 'NONE', 3,
 ( #2113, #3467, #5701, #1437, #11, #7869, #4276, #535, #6387, #7241, #7182 ),
 .UNSPECIFIED., .F., .F.,
 ( 4, 1, 1, 1, 1, 1, 1, 1, 4 ),
 ( 0.000000000000000000, 0.1451868664724705604, 0.2834426109197300536, 0.4165243659288301870, 0.5431811235350828548, 0.6651530826377142214, 0.7813602063127165209, 0.8927566556418096155, 1.000000000000000000 ),
 .UNSPECIFIED. ) ;
#5828 =( NAMED_UNIT ( * ) PLANE_ANGLE_UNIT ( ) SI_UNIT ( $, .RADIAN. ) );
#5829 = EDGE_CURVE ( 'NONE', #6238, #7734, #1016, .T. ) ;
#5830 = DIRECTION ( 'NONE',  ( 1.000000000000000000, 0.000000000000000000, 0.000000000000000000 ) ) ;
#5831 = CARTESIAN_POINT ( 'NONE',  ( 0.09827004256784986624, -3.016491364757799776, 0.001000000000000000021 ) ) ;
#5832 = DIRECTION ( 'NONE',  ( 1.495451272393802994E-16, -1.000000000000000000, 0.000000000000000000 ) ) ;
#5833 = FILL_AREA_STYLE ('',( #57 ) ) ;
#5834 = DIRECTION ( 'NONE',  ( -0.000000000000000000, -0.000000000000000000, -1.000000000000000000 ) ) ;
#5835 = ORIENTED_EDGE ( 'NONE', *, *, #4367, .F. ) ;
#5836 =( NAMED_UNIT ( * ) PLANE_ANGLE_UNIT ( ) SI_UNIT ( $, .RADIAN. ) );
#5837 = ORIENTED_EDGE ( 'NONE', *, *, #6611, .F. ) ;
#5838 = CARTESIAN_POINT ( 'NONE',  ( -0.2171802650133558554, -2.755382942802756752, -0.000000000000000000 ) ) ;
#5839 = PRESENTATION_LAYER_ASSIGNMENT (  '', '', ( #9308 ) ) ;
#5840 =( NAMED_UNIT ( * ) SI_UNIT ( $, .STERADIAN. ) SOLID_ANGLE_UNIT ( ) );
#5841 = EDGE_LOOP ( 'NONE', ( #6301, #2182, #3038, #2183 ) ) ;
#5842 = VECTOR ( 'NONE', #8032, 1000.000000000000000 ) ;
#5843 = DIRECTION ( 'NONE',  ( 1.000000000000000000, 0.000000000000000000, 0.000000000000000000 ) ) ;
#5844 =( LENGTH_UNIT ( ) NAMED_UNIT ( * ) SI_UNIT ( .MILLI., .METRE. ) );
#5845 = CIRCLE ( 'NONE', #5981, 1.000000000000000000 ) ;
#5846 = DIRECTION ( 'NONE',  ( 0.000000000000000000, -0.000000000000000000, -1.000000000000000000 ) ) ;
#5847 = ORIENTED_EDGE ( 'NONE', *, *, #7430, .F. ) ;
#5848 = ADVANCED_FACE ( 'NONE', ( #6555 ), #7089, .T. ) ;
#5849 = STYLED_ITEM ( 'NONE', ( #8159 ), #428 ) ;
#5850 = PRESENTATION_LAYER_ASSIGNMENT (  '', '', ( #6877 ) ) ;
#5851 = DIRECTION ( 'NONE',  ( -1.047444401652940007E-14, 1.000000000000000000, 0.000000000000000000 ) ) ;
#5852 = PLANE ( 'NONE',  #5481 ) ;
#5853 = VECTOR ( 'NONE', #3378, 1000.000000000000000 ) ;
#5854 = CARTESIAN_POINT ( 'NONE',  ( 0.2383805608605327753, -2.983564535489507286, 0.001000000000000000021 ) ) ;
#5855 = SURFACE_STYLE_USAGE ( .BOTH. , #1548 ) ;
#5856 = FILL_AREA_STYLE ('',( #9310 ) ) ;
#5857 = CARTESIAN_POINT ( 'NONE',  ( 4.750000000000000000, -0.8499999999999999778, 0.000000000000000000 ) ) ;
#5858 = ORIENTED_EDGE ( 'NONE', *, *, #2129, .F. ) ;
#5859 =( GEOMETRIC_REPRESENTATION_CONTEXT ( 3 ) GLOBAL_UNCERTAINTY_ASSIGNED_CONTEXT ( ( #2275 ) ) GLOBAL_UNIT_ASSIGNED_CONTEXT ( ( #5313, #8284, #3886 ) ) REPRESENTATION_CONTEXT ( 'NONE', 'WORKASPACE' ) );
#5860 = MECHANICAL_DESIGN_GEOMETRIC_PRESENTATION_REPRESENTATION (  '', ( #4952 ), #5994 ) ;
#5861 = EDGE_LOOP ( 'NONE', ( #9141, #4382, #5349, #5229 ) ) ;
#5862 = STYLED_ITEM ( 'NONE', ( #3178 ), #7928 ) ;
#5863 = EDGE_CURVE ( 'NONE', #3189, #3011, #9335, .T. ) ;
#5864 = LINE ( 'NONE', #1655, #1932 ) ;
#5865 = EDGE_CURVE ( 'NONE', #4375, #3514, #8158, .T. ) ;
#5866 =( NAMED_UNIT ( * ) PLANE_ANGLE_UNIT ( ) SI_UNIT ( $, .RADIAN. ) );
#5867 = AXIS2_PLACEMENT_3D ( 'NONE', #2881, #3660, #5781 ) ;
#5868 = ORIENTED_EDGE ( 'NONE', *, *, #9398, .F. ) ;
#5869 = CARTESIAN_POINT ( 'NONE',  ( 0.006886008762042548741, -2.993127155745622936, 0.000000000000000000 ) ) ;
#5870 = EDGE_CURVE ( 'NONE', #230, #6327, #6431, .T. ) ;
#5871 = FILL_AREA_STYLE ('',( #759 ) ) ;
#5872 = COLOUR_RGB ( '',0.9686274509803921573, 0.8784313725490195957, 0.5999999999999999778 ) ;
#5873 = EDGE_CURVE ( 'NONE', #8288, #9016, #4512, .T. ) ;
#5874 = PRESENTATION_STYLE_ASSIGNMENT (( #2977 ) ) ;
#5875 = LINE ( 'NONE', #7675, #5691 ) ;
#5876 = CARTESIAN_POINT ( 'NONE',  ( 2.900000000000016787, -4.749999999999989342, 0.000000000000000000 ) ) ;
#5877 = SURFACE_STYLE_USAGE ( .BOTH. , #5031 ) ;
#5878 = COLOUR_RGB ( '',0.9686274509803921573, 0.8784313725490195957, 0.5999999999999999778 ) ;
#5879 = EDGE_CURVE ( 'NONE', #3371, #4741, #2408, .T. ) ;
#5880 = DIRECTION ( 'NONE',  ( 0.000000000000000000, 1.000000000000000000, 0.000000000000000000 ) ) ;
#5881 = VECTOR ( 'NONE', #1703, 1000.000000000000000 ) ;
#5882 = DIRECTION ( 'NONE',  ( -0.000000000000000000, 0.000000000000000000, -1.000000000000000000 ) ) ;
#5883 = CARTESIAN_POINT ( 'NONE',  ( -4.750000000000000000, 0.8499999999999999778, -0.02000000000000000042 ) ) ;
#5884 = ORIENTED_EDGE ( 'NONE', *, *, #2078, .F. ) ;
#5885 =( GEOMETRIC_REPRESENTATION_CONTEXT ( 3 ) GLOBAL_UNCERTAINTY_ASSIGNED_CONTEXT ( ( #3401 ) ) GLOBAL_UNIT_ASSIGNED_CONTEXT ( ( #2812, #5055, #1360 ) ) REPRESENTATION_CONTEXT ( 'NONE', 'WORKASPACE' ) );
#5886 = CARTESIAN_POINT ( 'NONE',  ( -4.750000000000000000, 0.3999999999999999667, -0.02000000000000000042 ) ) ;
#5887 = CARTESIAN_POINT ( 'NONE',  ( 3.250000000000000000, -0.3999999999999999667, -0.02000000000000000042 ) ) ;
#5888 = CARTESIAN_POINT ( 'NONE',  ( -0.2179478723956538855, -2.759638298699388148, 0.000000000000000000 ) ) ;
#5889 = FILL_AREA_STYLE ('',( #2120 ) ) ;
#5890 = ORIENTED_EDGE ( 'NONE', *, *, #5477, .F. ) ;
#5891 = ADVANCED_FACE ( 'NONE', ( #5960 ), #4614, .T. ) ;
#5892 =( GEOMETRIC_REPRESENTATION_CONTEXT ( 3 ) GLOBAL_UNCERTAINTY_ASSIGNED_CONTEXT ( ( #2624 ) ) GLOBAL_UNIT_ASSIGNED_CONTEXT ( ( #7253, #8734, #120 ) ) REPRESENTATION_CONTEXT ( 'NONE', 'WORKASPACE' ) );
#5893 = LINE ( 'NONE', #21, #1104 ) ;
#5894 =( NAMED_UNIT ( * ) PLANE_ANGLE_UNIT ( ) SI_UNIT ( $, .RADIAN. ) );
#5895 = UNCERTAINTY_MEASURE_WITH_UNIT (LENGTH_MEASURE( 1.000000000000000082E-05 ), #8843, 'distance_accuracy_value', 'NONE');
#5896 = FACE_OUTER_BOUND ( 'NONE', #1185, .T. ) ;
#5897 = ORIENTED_EDGE ( 'NONE', *, *, #7944, .F. ) ;
#5898 = DIRECTION ( 'NONE',  ( -0.000000000000000000, -0.000000000000000000, -1.000000000000000000 ) ) ;
#5899 = STYLED_ITEM ( 'NONE', ( #1035 ), #5254 ) ;
#5900 = CARTESIAN_POINT ( 'NONE',  ( -0.02137553670044278764, -2.863575968416336437, 0.001000000000000000021 ) ) ;
#5901 = LINE ( 'NONE', #7985, #1375 ) ;
#5902 = CARTESIAN_POINT ( 'NONE',  ( -3.250000000000000000, 1.649999999999999911, -0.02000000000000000042 ) ) ;
#5903 = VECTOR ( 'NONE', #8242, 1000.000000000000000 ) ;
#5904 = ORIENTED_EDGE ( 'NONE', *, *, #5353, .T. ) ;
#5905 = LINE ( 'NONE', #2288, #8575 ) ;
#5906 =( NAMED_UNIT ( * ) SI_UNIT ( $, .STERADIAN. ) SOLID_ANGLE_UNIT ( ) );
#5907 = PRESENTATION_LAYER_ASSIGNMENT (  '', '', ( #6632 ) ) ;
#5908 = PRESENTATION_STYLE_ASSIGNMENT (( #8047 ) ) ;
#5909 = LINE ( 'NONE', #2181, #3277 ) ;
#5910 = ORIENTED_EDGE ( 'NONE', *, *, #6529, .T. ) ;
#5911 = ORIENTED_EDGE ( 'NONE', *, *, #3936, .F. ) ;
#5912 = ORIENTED_EDGE ( 'NONE', *, *, #8584, .F. ) ;
#5913 =( LENGTH_UNIT ( ) NAMED_UNIT ( * ) SI_UNIT ( .MILLI., .METRE. ) );
#5914 = DIRECTION ( 'NONE',  ( -1.000000000000000000, 0.000000000000000000, 0.000000000000000000 ) ) ;
#5915 = UNCERTAINTY_MEASURE_WITH_UNIT (LENGTH_MEASURE( 1.000000000000000082E-05 ), #5809, 'distance_accuracy_value', 'NONE');
#5916 =( LENGTH_UNIT ( ) NAMED_UNIT ( * ) SI_UNIT ( .MILLI., .METRE. ) );
#5917 = LINE ( 'NONE', #2197, #6060 ) ;
#5918 = CARTESIAN_POINT ( 'NONE',  ( 0.06481617527065203221, -3.014090329183992889, 0.000000000000000000 ) ) ;
#5919 = SURFACE_STYLE_FILL_AREA ( #3656 ) ;
#5920 = VECTOR ( 'NONE', #2247, 1000.000000000000000 ) ;
#5921 = CARTESIAN_POINT ( 'NONE',  ( 0.5871173882654330267, -2.974971435323448876, 0.001000000000000000021 ) ) ;
#5922 = DIRECTION ( 'NONE',  ( 1.000000000000000000, 0.000000000000000000, 0.000000000000000000 ) ) ;
#5923 = DIRECTION ( 'NONE',  ( -0.000000000000000000, -0.000000000000000000, -1.000000000000000000 ) ) ;
#5924 = ORIENTED_EDGE ( 'NONE', *, *, #7959, .T. ) ;
#5925 = EDGE_CURVE ( 'NONE', #4741, #7721, #5213, .T. ) ;
#5926 = CIRCLE ( 'NONE', #1804, 0.1999999999999996503 ) ;
#5927 = EDGE_CURVE ( 'NONE', #2657, #8027, #3075, .T. ) ;
#5928 =( NAMED_UNIT ( * ) PLANE_ANGLE_UNIT ( ) SI_UNIT ( $, .RADIAN. ) );
#5929 = SURFACE_SIDE_STYLE ('',( #8211 ) ) ;
#5930 = VERTEX_POINT ( 'NONE', #7475 ) ;
#5931 = DIRECTION ( 'NONE',  ( -5.421010862427522170E-16, -1.000000000000000000, 0.000000000000000000 ) ) ;
#5932 = UNCERTAINTY_MEASURE_WITH_UNIT (LENGTH_MEASURE( 1.000000000000000082E-05 ), #2265, 'distance_accuracy_value', 'NONE');
#5933 = ORIENTED_EDGE ( 'NONE', *, *, #3869, .T. ) ;
#5934 = CARTESIAN_POINT ( 'NONE',  ( 2.100000000000016964, -4.749999999999992895, -0.02000000000000000042 ) ) ;
#5935 = ORIENTED_EDGE ( 'NONE', *, *, #5687, .T. ) ;
#5936 = SURFACE_STYLE_USAGE ( .BOTH. , #2507 ) ;
#5937 = CARTESIAN_POINT ( 'NONE',  ( 0.6810634876898010726, -2.872150663538287851, 0.001000000000000000021 ) ) ;
#5938 = PRESENTATION_LAYER_ASSIGNMENT (  '', '', ( #1361 ) ) ;
#5939 = ADVANCED_FACE ( 'NONE', ( #4657 ), #6699, .F. ) ;
#5940 = PRESENTATION_STYLE_ASSIGNMENT (( #4478 ) ) ;
#5941 = CARTESIAN_POINT ( 'NONE',  ( 0.5959255323066581234, -2.969531737274217154, 0.001000000000000000021 ) ) ;
#5942 = CARTESIAN_POINT ( 'NONE',  ( -0.1561125793833695319, -2.932345023294385289, 0.000000000000000000 ) ) ;
#5943 = CARTESIAN_POINT ( 'NONE',  ( -4.520365320521144703, 4.310522442972755996, 0.8000000000000000444 ) ) ;
#5944 = ORIENTED_EDGE ( 'NONE', *, *, #1867, .F. ) ;
#5945 = ORIENTED_EDGE ( 'NONE', *, *, #3313, .F. ) ;
#5946 = FILL_AREA_STYLE_COLOUR ( '', #4092 ) ;
#5947 = VECTOR ( 'NONE', #6779, 1000.000000000000000 ) ;
#5948 = AXIS2_PLACEMENT_3D ( 'NONE', #3960, #2428, #8177 ) ;
#5949 = VERTEX_POINT ( 'NONE', #4166 ) ;
#5950 = FACE_OUTER_BOUND ( 'NONE', #9191, .T. ) ;
#5951 = PLANE ( 'NONE',  #6098 ) ;
#5952 = PRESENTATION_STYLE_ASSIGNMENT (( #6691 ) ) ;
#5953 =( NAMED_UNIT ( * ) SI_UNIT ( $, .STERADIAN. ) SOLID_ANGLE_UNIT ( ) );
#5954 = VECTOR ( 'NONE', #9281, 1000.000000000000000 ) ;
#5955 = EDGE_CURVE ( 'NONE', #8045, #7874, #2811, .T. ) ;
#5956 =( NAMED_UNIT ( * ) SI_UNIT ( $, .STERADIAN. ) SOLID_ANGLE_UNIT ( ) );
#5957 = SURFACE_STYLE_FILL_AREA ( #148 ) ;
#5958 = CARTESIAN_POINT ( 'NONE',  ( 0.09249214998515851993, -2.983466822814470287, 0.001000000000000000021 ) ) ;
#5959 = EDGE_LOOP ( 'NONE', ( #4990, #4595, #2161, #1252 ) ) ;
#5960 = FACE_OUTER_BOUND ( 'NONE', #8834, .T. ) ;
#5961 = SURFACE_STYLE_FILL_AREA ( #155 ) ;
#5962 = CARTESIAN_POINT ( 'NONE',  ( -1.650000000000049871, 4.749999999999982236, 0.000000000000000000 ) ) ;
#5963 = DIRECTION ( 'NONE',  ( -0.000000000000000000, -0.000000000000000000, 1.000000000000000000 ) ) ;
#5964 = EDGE_CURVE ( 'NONE', #4782, #4176, #7694, .T. ) ;
#5965 = EDGE_LOOP ( 'NONE', ( #4246, #1142, #3969, #6777 ) ) ;
#5966 = FACE_BOUND ( 'NONE', #7284, .T. ) ;
#5967 = SURFACE_STYLE_USAGE ( .BOTH. , #3131 ) ;
#5968 = FILL_AREA_STYLE_COLOUR ( '', #9226 ) ;
#5969 = LINE ( 'NONE', #2371, #649 ) ;
#5970 =( LENGTH_UNIT ( ) NAMED_UNIT ( * ) SI_UNIT ( .MILLI., .METRE. ) );
#5971 = ORIENTED_EDGE ( 'NONE', *, *, #4891, .T. ) ;
#5972 = MECHANICAL_DESIGN_GEOMETRIC_PRESENTATION_REPRESENTATION (  '', ( #793 ), #2022 ) ;
#5973 = EDGE_CURVE ( 'NONE', #2523, #4248, #7349, .T. ) ;
#5974 = VECTOR ( 'NONE', #7047, 1000.000000000000000 ) ;
#5975 = CARTESIAN_POINT ( 'NONE',  ( 0.6482523525726866520, -2.767777064601752102, 0.001000000000000000021 ) ) ;
#5976 = CARTESIAN_POINT ( 'NONE',  ( -4.099999999999999645, -2.899999999999991473, 1.000000000000000000 ) ) ;
#5977 = FILL_AREA_STYLE_COLOUR ( '', #6366 ) ;
#5978 = VECTOR ( 'NONE', #9109, 1000.000000000000000 ) ;
#5979 = MECHANICAL_DESIGN_GEOMETRIC_PRESENTATION_REPRESENTATION (  '', ( #4039 ), #7958 ) ;
#5980 = FACE_OUTER_BOUND ( 'NONE', #6815, .T. ) ;
#5981 = AXIS2_PLACEMENT_3D ( 'NONE', #5736, #7032, #6465 ) ;
#5982 = CARTESIAN_POINT ( 'NONE',  ( 0.3993561706166303127, -2.716491364757799953, 0.001000000000000000021 ) ) ;
#5983 = DIRECTION ( 'NONE',  ( 0.3222024856061132536, -0.9466707760722532505, 0.000000000000000000 ) ) ;
#5984 = CARTESIAN_POINT ( 'NONE',  ( 0.6390882288619647023, -2.842854203299950200, 0.001000000000000000021 ) ) ;
#5985 = ORIENTED_EDGE ( 'NONE', *, *, #3610, .F. ) ;
#5986 = ORIENTED_EDGE ( 'NONE', *, *, #5595, .F. ) ;
#5987 =( GEOMETRIC_REPRESENTATION_CONTEXT ( 3 ) GLOBAL_UNCERTAINTY_ASSIGNED_CONTEXT ( ( #5932 ) ) GLOBAL_UNIT_ASSIGNED_CONTEXT ( ( #2265, #4513, #8719 ) ) REPRESENTATION_CONTEXT ( 'NONE', 'WORKASPACE' ) );
#5988 = MECHANICAL_DESIGN_GEOMETRIC_PRESENTATION_REPRESENTATION (  '', ( #5553 ), #3898 ) ;
#5989 = SURFACE_STYLE_FILL_AREA ( #2336 ) ;
#5990 = VECTOR ( 'NONE', #4794, 1000.000000000000000 ) ;
#5991 = SURFACE_STYLE_USAGE ( .BOTH. , #2965 ) ;
#5992 = DIRECTION ( 'NONE',  ( 0.000000000000000000, 1.000000000000000000, 0.000000000000000000 ) ) ;
#5993 = DIRECTION ( 'NONE',  ( -0.000000000000000000, -0.000000000000000000, -1.000000000000000000 ) ) ;
#5994 =( GEOMETRIC_REPRESENTATION_CONTEXT ( 3 ) GLOBAL_UNCERTAINTY_ASSIGNED_CONTEXT ( ( #3836 ) ) GLOBAL_UNIT_ASSIGNED_CONTEXT ( ( #3480, #4955, #4061 ) ) REPRESENTATION_CONTEXT ( 'NONE', 'WORKASPACE' ) );
#5995 = DIRECTION ( 'NONE',  ( 0.000000000000000000, -1.000000000000000000, 0.000000000000000000 ) ) ;
#5996 = CARTESIAN_POINT ( 'NONE',  ( 0.6753095297365010463, -2.822349818585074388, 0.000000000000000000 ) ) ;
#5997 = PRESENTATION_LAYER_ASSIGNMENT (  '', '', ( #4352 ) ) ;
#5998 = CARTESIAN_POINT ( 'NONE',  ( 0.5777779620625375090, -2.979482205587871135, 2.117582368135750848E-19 ) ) ;
#5999 = SURFACE_SIDE_STYLE ('',( #3843 ) ) ;
#6001 = MECHANICAL_DESIGN_GEOMETRIC_PRESENTATION_REPRESENTATION (  '', ( #9185 ), #1128 ) ;
#6000 = FACE_OUTER_BOUND ( 'NONE', #545, .T. ) ;
#6002 = SURFACE_STYLE_USAGE ( .BOTH. , #245 ) ;
#6003 = DIRECTION ( 'NONE',  ( -1.495451272393802994E-16, 1.000000000000000000, -0.000000000000000000 ) ) ;
#6004 = STYLED_ITEM ( 'NONE', ( #476 ), #8094 ) ;
#6005 = LINE ( 'NONE', #8902, #4866 ) ;
#6006 = B_SPLINE_CURVE_WITH_KNOTS ( 'NONE', 3,
 ( #2063, #5695, #8576, #9188, #4856, #8495, #4270, #4988, #2835, #5738, #8628, #2107, #5030, #1150, #5554, #4098, #1927, #435, #9138 ),
 .UNSPECIFIED., .F., .F.,
 ( 4, 1, 1, 1, 1, 1, 1, 1, 1, 1, 1, 1, 1, 1, 1, 1, 4 ),
 ( 0.000000000000000000, 0.06863117867660142868, 0.1345664660386775568, 0.1983281540108814411, 0.2607897666408452997, 0.3219991514841583080, 0.3827217465030194887, 0.4435374740357291845, 0.5051334294849257889, 0.5662138747646718873, 0.6261058646175461373, 0.6853493221605172492, 0.7449958703477970179, 0.8054158418145624942, 0.8676362663459530333, 0.9323077823023292465, 1.000000000000000000 ),
 .UNSPECIFIED. ) ;
#6007 = DIRECTION ( 'NONE',  ( 0.000000000000000000, -6.505213034913027393E-15, -1.000000000000000000 ) ) ;
#6008 = CARTESIAN_POINT ( 'NONE',  ( 0.09249214998515851993, -2.983466822814470287, 0.001000000000000000021 ) ) ;
#6009 = STYLED_ITEM ( 'NONE', ( #2276 ), #6823 ) ;
#6010 = FILL_AREA_STYLE ('',( #5268 ) ) ;
#6011 =( GEOMETRIC_REPRESENTATION_CONTEXT ( 3 ) GLOBAL_UNCERTAINTY_ASSIGNED_CONTEXT ( ( #7896 ) ) GLOBAL_UNIT_ASSIGNED_CONTEXT ( ( #2870, #7751, #705 ) ) REPRESENTATION_CONTEXT ( 'NONE', 'WORKASPACE' ) );
#6012 = DIRECTION ( 'NONE',  ( 0.000000000000000000, 1.000000000000000000, 0.000000000000000000 ) ) ;
#6013 = B_SPLINE_CURVE_WITH_KNOTS ( 'NONE', 3,
 ( #6457, #2766, #9364, #5774, #7074, #6329, #3449, #6371, #5641, #8524, #8666 ),
 .UNSPECIFIED., .F., .F.,
 ( 4, 1, 1, 1, 1, 1, 1, 1, 4 ),
 ( 0.000000000000000000, 0.1124483899087998645, 0.2265276752126770821, 0.3444019493260278009, 0.4658649724874584508, 0.5916594493521163400, 0.7221684870248870070, 0.8586063875549251323, 1.000000000000000000 ),
 .UNSPECIFIED. ) ;
#6014 = CARTESIAN_POINT ( 'NONE',  ( 2.899999999999999023, -2.899999999999999911, 6.299999999999999822 ) ) ;
#6015 = ORIENTED_EDGE ( 'NONE', *, *, #5178, .F. ) ;
#6016 =( NAMED_UNIT ( * ) SI_UNIT ( $, .STERADIAN. ) SOLID_ANGLE_UNIT ( ) );
#6017 = UNCERTAINTY_MEASURE_WITH_UNIT (LENGTH_MEASURE( 1.000000000000000082E-05 ), #833, 'distance_accuracy_value', 'NONE');
#6018 =( GEOMETRIC_REPRESENTATION_CONTEXT ( 3 ) GLOBAL_UNCERTAINTY_ASSIGNED_CONTEXT ( ( #8747 ) ) GLOBAL_UNIT_ASSIGNED_CONTEXT ( ( #2610, #5487, #1031 ) ) REPRESENTATION_CONTEXT ( 'NONE', 'WORKASPACE' ) );
#6019 = ORIENTED_EDGE ( 'NONE', *, *, #2834, .F. ) ;
#6020 = FACE_OUTER_BOUND ( 'NONE', #3464, .T. ) ;
#6021 = SURFACE_STYLE_USAGE ( .BOTH. , #4623 ) ;
#6022 = CARTESIAN_POINT ( 'NONE',  ( 0.4000000000000114020, -3.249999999999999112, -0.02000000000000000042 ) ) ;
#6023 = VERTEX_POINT ( 'NONE', #1178 ) ;
#6024 = CARTESIAN_POINT ( 'NONE',  ( 0.5847831061484218829, -3.014706295321321949, 0.001000000000000000021 ) ) ;
#6025 = FACE_OUTER_BOUND ( 'NONE', #5771, .T. ) ;
#6026 = VECTOR ( 'NONE', #228, 1000.000000000000000 ) ;
#6027 = SURFACE_STYLE_FILL_AREA ( #2381 ) ;
#6028 = EDGE_CURVE ( 'NONE', #7176, #8023, #1270, .T. ) ;
#6029 = CARTESIAN_POINT ( 'NONE',  ( -0.2114440553427995584, -2.772745952575283557, 0.001000000000000000021 ) ) ;
#6030 = VECTOR ( 'NONE', #6003, 1000.000000000000000 ) ;
#6031 = EDGE_CURVE ( 'NONE', #3048, #690, #2720, .T. ) ;
#6032 = DIRECTION ( 'NONE',  ( -0.000000000000000000, -0.000000000000000000, -1.000000000000000000 ) ) ;
#6033 = CARTESIAN_POINT ( 'NONE',  ( 0.4607077732149808535, -3.002496359170963025, -0.000000000000000000 ) ) ;
#6034 = CARTESIAN_POINT ( 'NONE',  ( 0.6096058004029661914, -2.779171834309049682, 0.000000000000000000 ) ) ;
#6035 = EDGE_LOOP ( 'NONE', ( #2290, #5385, #3059, #144 ) ) ;
#6036 = ORIENTED_EDGE ( 'NONE', *, *, #383, .F. ) ;
#6037 =( GEOMETRIC_REPRESENTATION_CONTEXT ( 3 ) GLOBAL_UNCERTAINTY_ASSIGNED_CONTEXT ( ( #9084 ) ) GLOBAL_UNIT_ASSIGNED_CONTEXT ( ( #4672, #5894, #7671 ) ) REPRESENTATION_CONTEXT ( 'NONE', 'WORKASPACE' ) );
#6038 = COLOUR_RGB ( '',0.6666666666666666297, 0.6980392156862744724, 0.7686274509803920907 ) ;
#6039 = ORIENTED_EDGE ( 'NONE', *, *, #5196, .T. ) ;
#6040 = FILL_AREA_STYLE ('',( #9114 ) ) ;
#6041 = DIRECTION ( 'NONE',  ( -0.000000000000000000, -0.000000000000000000, 1.000000000000000000 ) ) ;
#6042 = SURFACE_STYLE_USAGE ( .BOTH. , #3835 ) ;
#6043 = FILL_AREA_STYLE ('',( #5946 ) ) ;
#6044 = LINE ( 'NONE', #7560, #5452 ) ;
#6045 = CIRCLE ( 'NONE', #819, 0.2000000000000000944 ) ;
#6046 = VECTOR ( 'NONE', #2777, 1000.000000000000000 ) ;
#6047 = FILL_AREA_STYLE_COLOUR ( '', #2510 ) ;
#6048 = LINE ( 'NONE', #7466, #543 ) ;
#6049 = CARTESIAN_POINT ( 'NONE',  ( 0.6597862725280622120, -2.957721622111992854, 0.000000000000000000 ) ) ;
#6050 = DIRECTION ( 'NONE',  ( -0.000000000000000000, -0.000000000000000000, 1.000000000000000000 ) ) ;
#6051 =( NAMED_UNIT ( * ) PLANE_ANGLE_UNIT ( ) SI_UNIT ( $, .RADIAN. ) );
#6052 = VECTOR ( 'NONE', #8509, 1000.000000000000000 ) ;
#6053 =( NAMED_UNIT ( * ) SI_UNIT ( $, .STERADIAN. ) SOLID_ANGLE_UNIT ( ) );
#6054 = PRESENTATION_LAYER_ASSIGNMENT (  '', '', ( #4562 ) ) ;
#6055 = VERTEX_POINT ( 'NONE', #7068 ) ;
#6056 = SURFACE_SIDE_STYLE ('',( #8762 ) ) ;
#6057 =( NAMED_UNIT ( * ) PLANE_ANGLE_UNIT ( ) SI_UNIT ( $, .RADIAN. ) );
#6058 = CARTESIAN_POINT ( 'NONE',  ( 2.899999999999991918, 3.899999999999999911, 6.299999999999999822 ) ) ;
#6059 =( NAMED_UNIT ( * ) SI_UNIT ( $, .STERADIAN. ) SOLID_ANGLE_UNIT ( ) );
#6060 = VECTOR ( 'NONE', #5776, 1000.000000000000000 ) ;
#6061 = CARTESIAN_POINT ( 'NONE',  ( 3.250000000000000000, 0.8500000000000000888, -0.02000000000000000042 ) ) ;
#6062 =( NAMED_UNIT ( * ) PLANE_ANGLE_UNIT ( ) SI_UNIT ( $, .RADIAN. ) );
#6063 = SURFACE_STYLE_USAGE ( .BOTH. , #8773 ) ;
#6064 = CARTESIAN_POINT ( 'NONE',  ( -0.2179478723956538855, -2.759638298699388148, 0.001000000000000000021 ) ) ;
#6065 = PRESENTATION_LAYER_ASSIGNMENT (  '', '', ( #3040 ) ) ;
#6066 = VERTEX_POINT ( 'NONE', #8520 ) ;
#6067 = DIRECTION ( 'NONE',  ( -1.000000000000000000, -3.491481338843133355E-15, 0.000000000000000000 ) ) ;
#6068 = LINE ( 'NONE', #6615, #2795 ) ;
#6069 = CARTESIAN_POINT ( 'NONE',  ( 0.4986794654826581796, -2.714383876917705773, 0.000000000000000000 ) ) ;
#6070 = MECHANICAL_DESIGN_GEOMETRIC_PRESENTATION_REPRESENTATION (  '', ( #290 ), #6656 ) ;
#6071 =( LENGTH_UNIT ( ) NAMED_UNIT ( * ) SI_UNIT ( .MILLI., .METRE. ) );
#6072 = DIRECTION ( 'NONE',  ( -0.3363908276654489771, 0.9417224702971433992, 0.000000000000000000 ) ) ;
#6073 = ORIENTED_EDGE ( 'NONE', *, *, #3087, .T. ) ;
#6074 = CARTESIAN_POINT ( 'NONE',  ( -4.100000000000000533, 2.899999999999991918, 1.000000000000000000 ) ) ;
#6075 = FILL_AREA_STYLE ('',( #4585 ) ) ;
#6076 = ADVANCED_FACE ( 'NONE', ( #4923 ), #5589, .F. ) ;
#6077 = PRESENTATION_STYLE_ASSIGNMENT (( #8132 ) ) ;
#6078 = CARTESIAN_POINT ( 'NONE',  ( 0.2456976340312645724, -2.749418194026092443, 0.000000000000000000 ) ) ;
#6079 = ORIENTED_EDGE ( 'NONE', *, *, #2626, .T. ) ;
#6080 = LINE ( 'NONE', #4589, #7809 ) ;
#6081 = LINE ( 'NONE', #1647, #2794 ) ;
#6082 = DIRECTION ( 'NONE',  ( 1.000000000000000000, 1.047444401652940007E-14, 0.000000000000000000 ) ) ;
#6083 =( NAMED_UNIT ( * ) PLANE_ANGLE_UNIT ( ) SI_UNIT ( $, .RADIAN. ) );
#6084 = ORIENTED_EDGE ( 'NONE', *, *, #1221, .T. ) ;
#6085 = EDGE_LOOP ( 'NONE', ( #5789, #355, #9387, #9210 ) ) ;
#6086 = ADVANCED_FACE ( 'NONE', ( #3538 ), #2668, .F. ) ;
#6087 = CARTESIAN_POINT ( 'NONE',  ( -0.003475099456352708817, -2.794057759806280572, 0.001000000000000000021 ) ) ;
#6088 = CARTESIAN_POINT ( 'NONE',  ( -0.01710745121657728310, -2.825007444361972819, 0.000000000000000000 ) ) ;
#6089 = CARTESIAN_POINT ( 'NONE',  ( 0.5281480913483377337, -2.745759657440726809, 0.000000000000000000 ) ) ;
#6090 = PRESENTATION_LAYER_ASSIGNMENT (  '', '', ( #6824 ) ) ;
#6091 = CARTESIAN_POINT ( 'NONE',  ( 4.750000000000000000, -2.899999999999999911, 0.000000000000000000 ) ) ;
#6092 = CARTESIAN_POINT ( 'NONE',  ( 0.6786445872575369576, -2.838188017221631387, 0.000000000000000000 ) ) ;
#6093 = LINE ( 'NONE', #6187, #7458 ) ;
#6094 = CARTESIAN_POINT ( 'NONE',  ( -4.750000000000000000, -2.100000000000000089, -0.02000000000000000042 ) ) ;
#6095 = EDGE_CURVE ( 'NONE', #1324, #3770, #8569, .T. ) ;
#6096 = COLOUR_RGB ( '',0.9686274509803921573, 0.8784313725490195957, 0.5999999999999999778 ) ;
#6097 = SURFACE_STYLE_FILL_AREA ( #7471 ) ;
#6098 = AXIS2_PLACEMENT_3D ( 'NONE', #2876, #97, #45 ) ;
#6099 = CARTESIAN_POINT ( 'NONE',  ( -2.900000000000000799, 2.899999999999999911, 1.000000000000000000 ) ) ;
#6100 = SURFACE_STYLE_USAGE ( .BOTH. , #3897 ) ;
#6101 = UNCERTAINTY_MEASURE_WITH_UNIT (LENGTH_MEASURE( 1.000000000000000082E-05 ), #893, 'distance_accuracy_value', 'NONE');
#6102 = CARTESIAN_POINT ( 'NONE',  ( -3.899999999999999911, -2.899999999999992806, 5.299999999999999822 ) ) ;
#6103 = FACE_OUTER_BOUND ( 'NONE', #7830, .T. ) ;
#6104 = STYLED_ITEM ( 'NONE', ( #5567 ), #1864 ) ;
#6105 = SURFACE_SIDE_STYLE ('',( #9136 ) ) ;
#6106 = ADVANCED_FACE ( 'NONE', ( #9357 ), #6450, .F. ) ;
#6107 = DIRECTION ( 'NONE',  ( -1.000000000000000000, -3.491481338843133355E-15, 0.000000000000000000 ) ) ;
#6108 = CARTESIAN_POINT ( 'NONE',  ( 0.09827004256784986624, -3.016491364757799776, 0.001000000000000000021 ) ) ;
#6109 = CARTESIAN_POINT ( 'NONE',  ( -0.2167642562126378403, -2.753076730611458522, 0.001000000000000000021 ) ) ;
#6110 = CARTESIAN_POINT ( 'NONE',  ( 0.2530147072019962584, -2.881125511099263736, 0.000000000000000000 ) ) ;
#6111 = VERTEX_POINT ( 'NONE', #80 ) ;
#6112 = VECTOR ( 'NONE', #7864, 1000.000000000000000 ) ;
#6113 = LINE ( 'NONE', #2419, #6869 ) ;
#6114 = CARTESIAN_POINT ( 'NONE',  ( -0.06126553178296113844, -2.846646898656049807, 0.000000000000000000 ) ) ;
#6115 = CARTESIAN_POINT ( 'NONE',  ( 0.4840760818234167706, -2.979870056182526206, 0.000000000000000000 ) ) ;
#6116 = ORIENTED_EDGE ( 'NONE', *, *, #5294, .T. ) ;
#6117 = DIRECTION ( 'NONE',  ( 1.000000000000000000, 0.000000000000000000, 0.000000000000000000 ) ) ;
#6118 = FILL_AREA_STYLE_COLOUR ( '', #3570 ) ;
#6119 =( NAMED_UNIT ( * ) SI_UNIT ( $, .STERADIAN. ) SOLID_ANGLE_UNIT ( ) );
#6120 = FILL_AREA_STYLE ('',( #3051 ) ) ;
#6121 = LINE ( 'NONE', #4681, #3411 ) ;
#6122 = CARTESIAN_POINT ( 'NONE',  ( -0.2136662382102970659, -2.764903278780943108, 0.000000000000000000 ) ) ;
#6123 = FILL_AREA_STYLE_COLOUR ( '', #6178 ) ;
#6124 = CIRCLE ( 'NONE', #6714, 1.000000000000000000 ) ;
#6125 = DIRECTION ( 'NONE',  ( 1.000000000000000000, 1.047444401652940007E-14, 0.000000000000000000 ) ) ;
#6126 = ORIENTED_EDGE ( 'NONE', *, *, #1093, .T. ) ;
#6127 = ORIENTED_EDGE ( 'NONE', *, *, #7533, .F. ) ;
#6128 = CARTESIAN_POINT ( 'NONE',  ( 0.4000000000000114020, -3.249999999999999112, 0.000000000000000000 ) ) ;
#6129 =( LENGTH_UNIT ( ) NAMED_UNIT ( * ) SI_UNIT ( .MILLI., .METRE. ) );
#6130 = COLOUR_RGB ( '',0.2235294117647058654, 0.2235294117647058654, 0.2235294117647058654 ) ;
#6131 = UNCERTAINTY_MEASURE_WITH_UNIT (LENGTH_MEASURE( 1.000000000000000082E-05 ), #4554, 'distance_accuracy_value', 'NONE');
#6132 = SURFACE_STYLE_USAGE ( .BOTH. , #3210 ) ;
#6133 = CARTESIAN_POINT ( 'NONE',  ( -0.8499999999999833245, -4.750000000000002665, -0.02000000000000000042 ) ) ;
#6134 = PRESENTATION_LAYER_ASSIGNMENT (  '', '', ( #809 ) ) ;
#6135 = CARTESIAN_POINT ( 'NONE',  ( 0.6759581335767189669, -2.918467498739853561, 0.000000000000000000 ) ) ;
#6136 = FILL_AREA_STYLE ('',( #1705 ) ) ;
#6137 = EDGE_LOOP ( 'NONE', ( #6382, #6910, #280, #6172 ) ) ;
#6138 = DIRECTION ( 'NONE',  ( -1.047444401652940164E-14, 1.000000000000000000, 0.000000000000000000 ) ) ;
#6139 = DIRECTION ( 'NONE',  ( -0.000000000000000000, -0.000000000000000000, 1.000000000000000000 ) ) ;
#6140 = EDGE_CURVE ( 'NONE', #4248, #3189, #1430, .T. ) ;
#6141 = ORIENTED_EDGE ( 'NONE', *, *, #1590, .T. ) ;
#6142 = UNCERTAINTY_MEASURE_WITH_UNIT (LENGTH_MEASURE( 1.000000000000000082E-05 ), #477, 'distance_accuracy_value', 'NONE');
#6143 = PLANE ( 'NONE',  #3343 ) ;
#6144 = CARTESIAN_POINT ( 'NONE',  ( -0.02137553670044278764, -2.863575968416336437, 0.001000000000000000021 ) ) ;
#6145 = COLOUR_RGB ( '',0.9686274509803921573, 0.8784313725490195957, 0.5999999999999999778 ) ;
#6146 = LINE ( 'NONE', #6837, #5466 ) ;
#6147 = MECHANICAL_DESIGN_GEOMETRIC_PRESENTATION_REPRESENTATION (  '', ( #4661 ), #67 ) ;
#6148 = EDGE_CURVE ( 'NONE', #1636, #8260, #7935, .T. ) ;
#6149 = FACE_OUTER_BOUND ( 'NONE', #7993, .T. ) ;
#6150 = EDGE_CURVE ( 'NONE', #3003, #8049, #5145, .T. ) ;
#6151 = DIRECTION ( 'NONE',  ( -1.000000000000000000, 0.000000000000000000, 0.000000000000000000 ) ) ;
#6152 = CARTESIAN_POINT ( 'NONE',  ( -4.750000000000000000, 2.899999999999999911, 0.000000000000000000 ) ) ;
#6153 = VECTOR ( 'NONE', #5442, 1000.000000000000000 ) ;
#6154 = CARTESIAN_POINT ( 'NONE',  ( 0.3591122681776059422, -2.983564535489507286, 0.000000000000000000 ) ) ;
#6155 = VECTOR ( 'NONE', #7138, 1000.000000000000000 ) ;
#6156 = DIRECTION ( 'NONE',  ( 0.000000000000000000, -1.000000000000000000, 0.000000000000000000 ) ) ;
#6157 = SURFACE_SIDE_STYLE ('',( #7036 ) ) ;
#6158 = VERTEX_POINT ( 'NONE', #1403 ) ;
#6159 = PRESENTATION_STYLE_ASSIGNMENT (( #3133 ) ) ;
#6160 =( GEOMETRIC_REPRESENTATION_CONTEXT ( 3 ) GLOBAL_UNCERTAINTY_ASSIGNED_CONTEXT ( ( #4711 ) ) GLOBAL_UNIT_ASSIGNED_CONTEXT ( ( #3233, #5418, #5078 ) ) REPRESENTATION_CONTEXT ( 'NONE', 'WORKASPACE' ) );
#6161 = VECTOR ( 'NONE', #6107, 1000.000000000000000 ) ;
#6162 = CARTESIAN_POINT ( 'NONE',  ( -0.02751638503056266088, -2.766312677383753194, 0.000000000000000000 ) ) ;
#6163 = CARTESIAN_POINT ( 'NONE',  ( 0.5033913852728028049, -2.984670871454110141, 0.001000000000000000021 ) ) ;
#6164 = CARTESIAN_POINT ( 'NONE',  ( 0.4578927559824840232, -2.968015755001702338, 2.117582368135750848E-19 ) ) ;
#6165 = ORIENTED_EDGE ( 'NONE', *, *, #3423, .T. ) ;
#6166 = CARTESIAN_POINT ( 'NONE',  ( -0.02137553670044278764, -2.863575968416336437, 0.000000000000000000 ) ) ;
#6167 = DIRECTION ( 'NONE',  ( 0.000000000000000000, -1.000000000000000000, 0.000000000000000000 ) ) ;
#6168 = SURFACE_STYLE_USAGE ( .BOTH. , #8965 ) ;
#6169 = DIRECTION ( 'NONE',  ( 1.000000000000000000, 0.000000000000000000, 0.000000000000000000 ) ) ;
#6170 = EDGE_CURVE ( 'NONE', #420, #5622, #1547, .T. ) ;
#6171 = AXIS2_PLACEMENT_3D ( 'NONE', #1005, #8388, #7616 ) ;
#6172 = ORIENTED_EDGE ( 'NONE', *, *, #3214, .T. ) ;
#6173 = LINE ( 'NONE', #6720, #7190 ) ;
#6174 = LINE ( 'NONE', #2565, #5237 ) ;
#6175 = CARTESIAN_POINT ( 'NONE',  ( -2.100000000000034284, 3.249999999999977796, 0.000000000000000000 ) ) ;
#6176 = ORIENTED_EDGE ( 'NONE', *, *, #5865, .F. ) ;
#6177 = SURFACE_STYLE_FILL_AREA ( #9212 ) ;
#6178 = COLOUR_RGB ( '',0.2235294117647058654, 0.2235294117647058654, 0.2235294117647058654 ) ;
#6179 = CARTESIAN_POINT ( 'NONE',  ( -0.01710745121657728310, -2.825007444361972819, 2.117582368135750848E-19 ) ) ;
#6180 = CARTESIAN_POINT ( 'NONE',  ( -0.02137553670044278764, -2.863575968416336437, 0.000000000000000000 ) ) ;
#6181 = FACE_OUTER_BOUND ( 'NONE', #360, .T. ) ;
#6182 = CARTESIAN_POINT ( 'NONE',  ( 0.5734649827963140822, -2.753904416123264198, 0.000000000000000000 ) ) ;
#6183 = SURFACE_STYLE_FILL_AREA ( #8707 ) ;
#6184 = MECHANICAL_DESIGN_GEOMETRIC_PRESENTATION_REPRESENTATION (  '', ( #8018 ), #3012 ) ;
#6185 = DIRECTION ( 'NONE',  ( -0.000000000000000000, -0.000000000000000000, 1.000000000000000000 ) ) ;
#6186 = FACE_OUTER_BOUND ( 'NONE', #2867, .T. ) ;
#6187 = CARTESIAN_POINT ( 'NONE',  ( -3.250000000000000000, -2.100000000000000089, 0.000000000000000000 ) ) ;
#6188 = ORIENTED_EDGE ( 'NONE', *, *, #1660, .F. ) ;
#6189 = DIRECTION ( 'NONE',  ( 6.938893903907228378E-15, 1.000000000000000000, 0.000000000000000000 ) ) ;
#6190 = ORIENTED_EDGE ( 'NONE', *, *, #1800, .T. ) ;
#6191 =( GEOMETRIC_REPRESENTATION_CONTEXT ( 3 ) GLOBAL_UNCERTAINTY_ASSIGNED_CONTEXT ( ( #1632 ) ) GLOBAL_UNIT_ASSIGNED_CONTEXT ( ( #779, #6441, #7260 ) ) REPRESENTATION_CONTEXT ( 'NONE', 'WORKASPACE' ) );
#6192 = DIRECTION ( 'NONE',  ( 0.000000000000000000, 0.000000000000000000, -1.000000000000000000 ) ) ;
#6193 = COLOUR_RGB ( '',0.9686274509803921573, 0.8784313725490195957, 0.5999999999999999778 ) ;
#6194 = CARTESIAN_POINT ( 'NONE',  ( -4.520365320521144703, 4.310522442972755996, 0.8000000000000000444 ) ) ;
#6195 = EDGE_CURVE ( 'NONE', #2447, #600, #4343, .T. ) ;
#6196 =( NAMED_UNIT ( * ) PLANE_ANGLE_UNIT ( ) SI_UNIT ( $, .RADIAN. ) );
#6197 = ORIENTED_EDGE ( 'NONE', *, *, #5964, .F. ) ;
#6198 = UNCERTAINTY_MEASURE_WITH_UNIT (LENGTH_MEASURE( 1.000000000000000082E-05 ), #8562, 'distance_accuracy_value', 'NONE');
#6199 =( NAMED_UNIT ( * ) SI_UNIT ( $, .STERADIAN. ) SOLID_ANGLE_UNIT ( ) );
#6200 =( GEOMETRIC_REPRESENTATION_CONTEXT ( 3 ) GLOBAL_UNCERTAINTY_ASSIGNED_CONTEXT ( ( #2537 ) ) GLOBAL_UNIT_ASSIGNED_CONTEXT ( ( #4702, #9027, #8556 ) ) REPRESENTATION_CONTEXT ( 'NONE', 'WORKASPACE' ) );
#6201 = CARTESIAN_POINT ( 'NONE',  ( -0.1969852927980037249, -2.716491364757799953, 0.000000000000000000 ) ) ;
#6202 = LINE ( 'NONE', #7665, #3446 ) ;
#6203 = EDGE_CURVE ( 'NONE', #5006, #3426, #1456, .T. ) ;
#6204 = LINE ( 'NONE', #8447, #7448 ) ;
#6205 = FACE_OUTER_BOUND ( 'NONE', #638, .T. ) ;
#6206 = VECTOR ( 'NONE', #2561, 1000.000000000000000 ) ;
#6207 = PRESENTATION_STYLE_ASSIGNMENT (( #9096 ) ) ;
#6208 = EDGE_CURVE ( 'NONE', #34, #2118, #2953, .T. ) ;
#6209 = DIRECTION ( 'NONE',  ( -1.000000000000000000, -9.932342930286647849E-15, 0.000000000000000000 ) ) ;
#6210 = LINE ( 'NONE', #8400, #4827 ) ;
#6211 = VERTEX_POINT ( 'NONE', #3639 ) ;
#6212 = DIRECTION ( 'NONE',  ( 0.000000000000000000, 1.000000000000000000, 0.000000000000000000 ) ) ;
#6213 = CARTESIAN_POINT ( 'NONE',  ( 0.5980502450196105713, -3.010224573027741712, 0.000000000000000000 ) ) ;
#6214 = DIRECTION ( 'NONE',  ( 0.000000000000000000, 1.000000000000000000, 0.000000000000000000 ) ) ;
#6215 = EDGE_LOOP ( 'NONE', ( #5562, #5428, #8144, #2837 ) ) ;
#6216 = DIRECTION ( 'NONE',  ( 0.000000000000000000, 0.000000000000000000, -1.000000000000000000 ) ) ;
#6217 = CARTESIAN_POINT ( 'NONE',  ( -0.2210202200414741192, -2.772916365641378889, 0.001000000000000000021 ) ) ;
#6218 = DIRECTION ( 'NONE',  ( 1.495451272393802994E-16, -1.000000000000000000, -0.000000000000000000 ) ) ;
#6219 = ORIENTED_EDGE ( 'NONE', *, *, #7520, .T. ) ;
#6220 = VERTEX_POINT ( 'NONE', #3004 ) ;
#6221 =( NAMED_UNIT ( * ) PLANE_ANGLE_UNIT ( ) SI_UNIT ( $, .RADIAN. ) );
#6222 = EDGE_CURVE ( 'NONE', #4281, #6474, #5905, .T. ) ;
#6223 = CARTESIAN_POINT ( 'NONE',  ( 0.08274701071319001677, -2.749677614774582501, 0.000000000000000000 ) ) ;
#6224 = LINE ( 'NONE', #4787, #7082 ) ;
#6225 = UNCERTAINTY_MEASURE_WITH_UNIT (LENGTH_MEASURE( 1.000000000000000082E-05 ), #380, 'distance_accuracy_value', 'NONE');
#6226 = CARTESIAN_POINT ( 'NONE',  ( 4.750000000000000000, 0.8500000000000000888, -0.02000000000000000042 ) ) ;
#6227 =( NAMED_UNIT ( * ) PLANE_ANGLE_UNIT ( ) SI_UNIT ( $, .RADIAN. ) );
#6228 = FILL_AREA_STYLE ('',( #5491 ) ) ;
#6229 = DIRECTION ( 'NONE',  ( -1.000000000000000000, 0.000000000000000000, 0.000000000000000000 ) ) ;
#6230 = ORIENTED_EDGE ( 'NONE', *, *, #7972, .F. ) ;
#6231 =( NAMED_UNIT ( * ) SI_UNIT ( $, .STERADIAN. ) SOLID_ANGLE_UNIT ( ) );
#6232 = ORIENTED_EDGE ( 'NONE', *, *, #1407, .T. ) ;
#6233 = UNCERTAINTY_MEASURE_WITH_UNIT (LENGTH_MEASURE( 1.000000000000000082E-05 ), #9297, 'distance_accuracy_value', 'NONE');
#6234 = CARTESIAN_POINT ( 'NONE',  ( 0.4914293167285168074, -2.750473819872647940, 0.001000000000000000021 ) ) ;
#6235 =( NAMED_UNIT ( * ) SI_UNIT ( $, .STERADIAN. ) SOLID_ANGLE_UNIT ( ) );
#6236 = VECTOR ( 'NONE', #1251, 1000.000000000000000 ) ;
#6237 = CARTESIAN_POINT ( 'NONE',  ( -0.005560468622701360795, -2.746746520552238113, 0.000000000000000000 ) ) ;
#6238 = VERTEX_POINT ( 'NONE', #7361 ) ;
#6239 = CARTESIAN_POINT ( 'NONE',  ( -2.900000000000034106, 3.249999999999969358, -0.02000000000000000042 ) ) ;
#6240 =( GEOMETRIC_REPRESENTATION_CONTEXT ( 3 ) GLOBAL_UNCERTAINTY_ASSIGNED_CONTEXT ( ( #3547 ) ) GLOBAL_UNIT_ASSIGNED_CONTEXT ( ( #2586, #4099, #3322 ) ) REPRESENTATION_CONTEXT ( 'NONE', 'WORKASPACE' ) );
#6241 = CARTESIAN_POINT ( 'NONE',  ( 3.250000000000000444, 2.900000000000000355, -0.02000000000000000042 ) ) ;
#6242 = EDGE_CURVE ( 'NONE', #733, #2628, #9408, .T. ) ;
#6243 = CARTESIAN_POINT ( 'NONE',  ( 4.750000000000000000, 2.100000000000000089, -0.02000000000000000042 ) ) ;
#6244 =( GEOMETRIC_REPRESENTATION_CONTEXT ( 3 ) GLOBAL_UNCERTAINTY_ASSIGNED_CONTEXT ( ( #5724 ) ) GLOBAL_UNIT_ASSIGNED_CONTEXT ( ( #8286, #2532, #1081 ) ) REPRESENTATION_CONTEXT ( 'NONE', 'WORKASPACE' ) );
#6245 = FACE_OUTER_BOUND ( 'NONE', #8565, .T. ) ;
#6246 = CARTESIAN_POINT ( 'NONE',  ( 2.899999999999966160, 3.250000000000030642, -0.02000000000000000042 ) ) ;
#6247 = EDGE_LOOP ( 'NONE', ( #3363, #5837, #4185, #3746 ) ) ;
#6248 = AXIS2_PLACEMENT_3D ( 'NONE', #2233, #5289, #5140 ) ;
#6249 = DIRECTION ( 'NONE',  ( -0.000000000000000000, -0.000000000000000000, 1.000000000000000000 ) ) ;
#6250 = PRESENTATION_LAYER_ASSIGNMENT (  '', '', ( #1378 ) ) ;
#6251 = EDGE_CURVE ( 'NONE', #7550, #4886, #6080, .T. ) ;
#6252 = CARTESIAN_POINT ( 'NONE',  ( -0.06149968877133491635, -2.857280408932846516, -0.000000000000000000 ) ) ;
#6253 = CARTESIAN_POINT ( 'NONE',  ( 0.4840760818234167706, -2.979870056182526206, 0.001000000000000000021 ) ) ;
#6254 = VERTEX_POINT ( 'NONE', #4634 ) ;
#6255 = PRESENTATION_STYLE_ASSIGNMENT (( #6350 ) ) ;
#6256 = EDGE_CURVE ( 'NONE', #8027, #7909, #8364, .T. ) ;
#6257 = CARTESIAN_POINT ( 'NONE',  ( 0.6759581335767189669, -2.918467498739853561, 0.000000000000000000 ) ) ;
#6258 = PRESENTATION_LAYER_ASSIGNMENT (  '', '', ( #8083 ) ) ;
#6259 = ORIENTED_EDGE ( 'NONE', *, *, #5288, .F. ) ;
#6260 = CARTESIAN_POINT ( 'NONE',  ( 0.5181934221116705208, -2.712906644522520061, 0.000000000000000000 ) ) ;
#6261 = ADVANCED_FACE ( 'NONE', ( #5980 ), #4204, .T. ) ;
#6262 = LINE ( 'NONE', #402, #3491 ) ;
#6263 = PRESENTATION_STYLE_ASSIGNMENT (( #6308 ) ) ;
#6264 = EDGE_LOOP ( 'NONE', ( #4765, #5884, #8963, #3501 ) ) ;
#6265 = CARTESIAN_POINT ( 'NONE',  ( -0.8499999999999885425, -3.250000000000003109, -0.02000000000000000042 ) ) ;
#6266 = EDGE_CURVE ( 'NONE', #5647, #5740, #6173, .T. ) ;
#6267 = CARTESIAN_POINT ( 'NONE',  ( 0.6270808938087122364, -2.746214464845285530, 0.001000000000000000021 ) ) ;
#6268 = LINE ( 'NONE', #1262, #3913 ) ;
#6269 = ORIENTED_EDGE ( 'NONE', *, *, #4993, .F. ) ;
#6270 = CARTESIAN_POINT ( 'NONE',  ( 0.09535464622638649412, -2.749418194026092443, 0.001000000000000000021 ) ) ;
#6271 = FACE_OUTER_BOUND ( 'NONE', #6137, .T. ) ;
#6272 = PRESENTATION_STYLE_ASSIGNMENT (( #7014 ) ) ;
#6273 = CARTESIAN_POINT ( 'NONE',  ( 0.6407156909069433581, -2.865058756987149735, -0.000000000000000000 ) ) ;
#6274 = CARTESIAN_POINT ( 'NONE',  ( -2.400000000000002132, -2.399999999999999911, -0.02000000000000005246 ) ) ;
#6275 = SURFACE_STYLE_FILL_AREA ( #3443 ) ;
#6276 = DIRECTION ( 'NONE',  ( 2.949380252600381533E-15, -1.000000000000000000, 0.000000000000000000 ) ) ;
#6277 = ORIENTED_EDGE ( 'NONE', *, *, #210, .F. ) ;
#6278 = CARTESIAN_POINT ( 'NONE',  ( 0.1396000730556547775, -2.749418194026092443, 0.001000000000000000021 ) ) ;
#6279 = STYLED_ITEM ( 'NONE', ( #3535 ), #8545 ) ;
#6280 = ORIENTED_EDGE ( 'NONE', *, *, #6938, .F. ) ;
#6281 = CARTESIAN_POINT ( 'NONE',  ( -3.900000000000000799, 2.899999999999993250, 5.299999999999999822 ) ) ;
#6282 = EDGE_CURVE ( 'NONE', #3666, #6254, #2517, .T. ) ;
#6283 = CARTESIAN_POINT ( 'NONE',  ( -0.3103999269443450948, -3.016491364757799776, 0.000000000000000000 ) ) ;
#6284 = EDGE_LOOP ( 'NONE', ( #5592, #739, #4296, #9111 ) ) ;
#6285 = VECTOR ( 'NONE', #6565, 1000.000000000000000 ) ;
#6286 = PRESENTATION_LAYER_ASSIGNMENT (  '', '', ( #3727 ) ) ;
#6287 = CARTESIAN_POINT ( 'NONE',  ( -0.009352123692031864485, -2.924747536271643522, 0.000000000000000000 ) ) ;
#6288 = STYLED_ITEM ( 'NONE', ( #2401 ), #7464 ) ;
#6289 = CARTESIAN_POINT ( 'NONE',  ( 0.5401848721327450198, -2.746018470264279809, 0.000000000000000000 ) ) ;
#6290 =( NAMED_UNIT ( * ) SI_UNIT ( $, .STERADIAN. ) SOLID_ANGLE_UNIT ( ) );
#6291 = CARTESIAN_POINT ( 'NONE',  ( 0.5348935181776058867, -2.987223072074873365, 0.001000000000000000021 ) ) ;
#6292 = VECTOR ( 'NONE', #4215, 1000.000000000000000 ) ;
#6293 = CARTESIAN_POINT ( 'NONE',  ( -3.250000000000000444, 2.100000000000000089, -0.02000000000000000042 ) ) ;
#6294 = CARTESIAN_POINT ( 'NONE',  ( -3.250000000000000000, 0.3999999999999999667, -0.02000000000000000042 ) ) ;
#6295 = ORIENTED_EDGE ( 'NONE', *, *, #9220, .F. ) ;
#6296 = PRESENTATION_LAYER_ASSIGNMENT (  '', '', ( #6432 ) ) ;
#6297 =( GEOMETRIC_REPRESENTATION_CONTEXT ( 3 ) GLOBAL_UNCERTAINTY_ASSIGNED_CONTEXT ( ( #189 ) ) GLOBAL_UNIT_ASSIGNED_CONTEXT ( ( #4346, #2136, #2682 ) ) REPRESENTATION_CONTEXT ( 'NONE', 'WORKASPACE' ) );
#6298 = SURFACE_STYLE_USAGE ( .BOTH. , #6900 ) ;
#6299 = FILL_AREA_STYLE ('',( #3279 ) ) ;
#6300 = CARTESIAN_POINT ( 'NONE',  ( 0.4978491690592065089, -3.015988101409274869, 0.001000000000000000021 ) ) ;
#6301 = ORIENTED_EDGE ( 'NONE', *, *, #1093, .F. ) ;
#6302 = CARTESIAN_POINT ( 'NONE',  ( 0.2530147072019962584, -2.848198681830970802, 0.000000000000000000 ) ) ;
#6303 = ORIENTED_EDGE ( 'NONE', *, *, #6251, .T. ) ;
#6304 = FACE_BOUND ( 'NONE', #3288, .T. ) ;
#6305 = AXIS2_PLACEMENT_3D ( 'NONE', #2166, #2946, #4286 ) ;
#6306 = LINE ( 'NONE', #4011, #8784 ) ;
#6307 = MECHANICAL_DESIGN_GEOMETRIC_PRESENTATION_REPRESENTATION (  '', ( #6004 ), #9187 ) ;
#6308 = SURFACE_STYLE_USAGE ( .BOTH. , #7054 ) ;
#6309 = VERTEX_POINT ( 'NONE', #5429 ) ;
#6310 = CARTESIAN_POINT ( 'NONE',  ( 0.4827060752620407902, -2.753141720121554226, 0.000000000000000000 ) ) ;
#6311 = SURFACE_SIDE_STYLE ('',( #5671 ) ) ;
#6312 = DIRECTION ( 'NONE',  ( -0.000000000000000000, 1.000000000000000000, -0.000000000000000000 ) ) ;
#6313 = SURFACE_STYLE_FILL_AREA ( #8319 ) ;
#6314 = ORIENTED_EDGE ( 'NONE', *, *, #4891, .F. ) ;
#6315 = AXIS2_PLACEMENT_3D ( 'NONE', #6300, #2639, #4051 ) ;
#6316 = DIRECTION ( 'NONE',  ( 1.000000000000000000, 0.000000000000000000, 0.000000000000000000 ) ) ;
#6317 = CARTESIAN_POINT ( 'NONE',  ( 0.09535464622638649412, -2.749418194026092443, 2.117582368135750848E-19 ) ) ;
#6318 = ADVANCED_FACE ( 'NONE', ( #7589 ), #4013, .T. ) ;
#6319 = DIRECTION ( 'NONE',  ( 0.000000000000000000, 1.000000000000000000, 0.000000000000000000 ) ) ;
#6320 = SURFACE_STYLE_USAGE ( .BOTH. , #5533 ) ;
#6321 = EDGE_CURVE ( 'NONE', #3816, #3216, #2153, .T. ) ;
#6322 = CARTESIAN_POINT ( 'NONE',  ( 2.899999999999999911, -2.900000000000000799, 5.299999999999999822 ) ) ;
#6323 =( GEOMETRIC_REPRESENTATION_CONTEXT ( 3 ) GLOBAL_UNCERTAINTY_ASSIGNED_CONTEXT ( ( #332 ) ) GLOBAL_UNIT_ASSIGNED_CONTEXT ( ( #2912, #8610, #7208 ) ) REPRESENTATION_CONTEXT ( 'NONE', 'WORKASPACE' ) );
#6324 = SURFACE_STYLE_USAGE ( .BOTH. , #4924 ) ;
#6325 = FACE_OUTER_BOUND ( 'NONE', #8141, .T. ) ;
#6326 = STYLED_ITEM ( 'NONE', ( #3675 ), #3220 ) ;
#6327 = VERTEX_POINT ( 'NONE', #8463 ) ;
#6328 = CARTESIAN_POINT ( 'NONE',  ( 0.8499999999999502398, 4.750000000000008882, -0.02000000000000000042 ) ) ;
#6329 = CARTESIAN_POINT ( 'NONE',  ( 0.4950901982527754486, -3.015476478634709689, 0.001000000000000000021 ) ) ;
#6330 = EDGE_LOOP ( 'NONE', ( #7956, #8195, #2114, #2750 ) ) ;
#6331 =( GEOMETRIC_REPRESENTATION_CONTEXT ( 3 ) GLOBAL_UNCERTAINTY_ASSIGNED_CONTEXT ( ( #5692 ) ) GLOBAL_UNIT_ASSIGNED_CONTEXT ( ( #1760, #1043, #7125 ) ) REPRESENTATION_CONTEXT ( 'NONE', 'WORKASPACE' ) );
#6332 = FILL_AREA_STYLE_COLOUR ( '', #4256 ) ;
#6333 = SURFACE_STYLE_USAGE ( .BOTH. , #1863 ) ;
#6334 = PRESENTATION_STYLE_ASSIGNMENT (( #521 ) ) ;
#6335 = PRESENTATION_LAYER_ASSIGNMENT (  '', '', ( #7856 ) ) ;
#6336 = VERTEX_POINT ( 'NONE', #4113 ) ;
#6337 = CARTESIAN_POINT ( 'NONE',  ( 0.009787462282770685584, -2.952147907142028682, 0.001000000000000000021 ) ) ;
#6338 = MECHANICAL_DESIGN_GEOMETRIC_PRESENTATION_REPRESENTATION (  '', ( #8768 ), #8481 ) ;
#6339 = CARTESIAN_POINT ( 'NONE',  ( -0.3543023659687354887, -3.016491364757799776, 0.000000000000000000 ) ) ;
#6340 = ORIENTED_EDGE ( 'NONE', *, *, #8017, .F. ) ;
#6341 = COLOUR_RGB ( '',0.2235294117647058654, 0.2235294117647058654, 0.2235294117647058654 ) ;
#6342 =( GEOMETRIC_REPRESENTATION_CONTEXT ( 3 ) GLOBAL_UNCERTAINTY_ASSIGNED_CONTEXT ( ( #8422 ) ) GLOBAL_UNIT_ASSIGNED_CONTEXT ( ( #6528, #639, #7889 ) ) REPRESENTATION_CONTEXT ( 'NONE', 'WORKASPACE' ) );
#6343 = EDGE_CURVE ( 'NONE', #2567, #3607, #6959, .T. ) ;
#6344 = DIRECTION ( 'NONE',  ( -1.000000000000000000, 0.000000000000000000, 0.000000000000000000 ) ) ;
#6345 =( NAMED_UNIT ( * ) SI_UNIT ( $, .STERADIAN. ) SOLID_ANGLE_UNIT ( ) );
#6346 = EDGE_LOOP ( 'NONE', ( #4769, #4080, #2486, #764 ) ) ;
#6347 =( NAMED_UNIT ( * ) PLANE_ANGLE_UNIT ( ) SI_UNIT ( $, .RADIAN. ) );
#6348 = SURFACE_STYLE_USAGE ( .BOTH. , #4184 ) ;
#6349 = ORIENTED_EDGE ( 'NONE', *, *, #8212, .T. ) ;
#6350 = SURFACE_STYLE_USAGE ( .BOTH. , #399 ) ;
#6351 = MECHANICAL_DESIGN_GEOMETRIC_PRESENTATION_REPRESENTATION (  '', ( #5176 ), #8638 ) ;
#6352 = CARTESIAN_POINT ( 'NONE',  ( 0.6519640484311448603, -2.969153627557259867, 0.000000000000000000 ) ) ;
#6353 = SURFACE_SIDE_STYLE ('',( #540 ) ) ;
#6354 = EDGE_LOOP ( 'NONE', ( #8167, #3457, #5127, #6768 ) ) ;
#6355 = CARTESIAN_POINT ( 'NONE',  ( 1.650000000000016787, -4.749999999999993783, -0.02000000000000000042 ) ) ;
#6356 = FACE_OUTER_BOUND ( 'NONE', #9028, .T. ) ;
#6357 = ORIENTED_EDGE ( 'NONE', *, *, #2323, .T. ) ;
#6358 = PRESENTATION_STYLE_ASSIGNMENT (( #1215 ) ) ;
#6359 = MECHANICAL_DESIGN_GEOMETRIC_PRESENTATION_REPRESENTATION (  '', ( #8044 ), #3499 ) ;
#6360 = CARTESIAN_POINT ( 'NONE',  ( 0.6810634876898010726, -2.872150663538287851, 0.001000000000000000021 ) ) ;
#6361 =( NAMED_UNIT ( * ) PLANE_ANGLE_UNIT ( ) SI_UNIT ( $, .RADIAN. ) );
#6362 = ORIENTED_EDGE ( 'NONE', *, *, #6518, .F. ) ;
#6363 = CARTESIAN_POINT ( 'NONE',  ( 1.649999999999950173, 4.750000000000016875, -0.02000000000000000042 ) ) ;
#6364 = ADVANCED_FACE ( 'NONE', ( #2706 ), #4302, .T. ) ;
#6365 = LINE ( 'NONE', #4292, #8111 ) ;
#6366 = COLOUR_RGB ( '',0.2235294117647058654, 0.2235294117647058654, 0.2235294117647058654 ) ;
#6367 = DIRECTION ( 'NONE',  ( -0.000000000000000000, 0.000000000000000000, 1.000000000000000000 ) ) ;
#6368 = UNCERTAINTY_MEASURE_WITH_UNIT (LENGTH_MEASURE( 1.000000000000000082E-05 ), #7447, 'distance_accuracy_value', 'NONE');
#6369 = ORIENTED_EDGE ( 'NONE', *, *, #8265, .T. ) ;
#6370 = DIRECTION ( 'NONE',  ( -3.491481338843133355E-15, 1.000000000000000000, 0.000000000000000000 ) ) ;
#6371 = CARTESIAN_POINT ( 'NONE',  ( 0.5168167669172716305, -3.019057464375464850, 0.001000000000000000021 ) ) ;
#6372 = B_SPLINE_SURFACE_WITH_KNOTS ( 'NONE', 3, 1, ( 
 ( #7855, #3455 ),
 ( #8487, #2099 ),
 ( #1327, #7900 ),
 ( #4227, #1918 ),
 ( #5688, #4264 ),
 ( #1968, #4888 ),
 ( #5645, #1372 ),
 ( #1233, #2010 ),
 ( #9322, #6237 ),
 ( #7801, #429 ),
 ( #6376, #1279 ),
 ( #7078, #3505 ),
 ( #7126, #8567 ),
 ( #3362, #9271 ),
 ( #6412, #5732 ),
 ( #469, #2823 ),
 ( #8620, #9130 ),
 ( #2627, #4847 ),
 ( #7705, #1190 ) ),
 .UNSPECIFIED., .F., .F., .F.,
 ( 4, 1, 1, 1, 1, 1, 1, 1, 1, 1, 1, 1, 1, 1, 1, 1, 4 ),
 ( 2, 2 ),
 ( 0.000000000000000000, 0.06863117867660142868, 0.1345664660386775568, 0.1983281540108814411, 0.2607897666408452997, 0.3219991514841583080, 0.3827217465030194887, 0.4435374740357291845, 0.5051334294849257889, 0.5662138747646718873, 0.6261058646175461373, 0.6853493221605172492, 0.7449958703477970179, 0.8054158418145624942, 0.8676362663459530333, 0.9323077823023292465, 1.000000000000000000 ),
 ( 0.000000000000000000, 1.000000000000000000 ),
 .UNSPECIFIED. ) ;
#6373 = ORIENTED_EDGE ( 'NONE', *, *, #5231, .F. ) ;
#6374 = CARTESIAN_POINT ( 'NONE',  ( 0.4827060752620407902, -2.753141720121554226, 0.000000000000000000 ) ) ;
#6375 = SURFACE_SIDE_STYLE ('',( #4981 ) ) ;
#6376 = CARTESIAN_POINT ( 'NONE',  ( -0.02751638503056266088, -2.766312677383753194, 0.001000000000000000021 ) ) ;
#6377 = CARTESIAN_POINT ( 'NONE',  ( -2.899999999999993694, 3.899999999999999911, 5.299999999999999822 ) ) ;
#6378 = EDGE_CURVE ( 'NONE', #9362, #7441, #5909, .T. ) ;
#6379 = CARTESIAN_POINT ( 'NONE',  ( 0.08127359343126804025, -3.016183854766506744, 0.001000000000000000021 ) ) ;
#6380 = CARTESIAN_POINT ( 'NONE',  ( -3.250000000000000000, 0.3999999999999999667, 0.000000000000000000 ) ) ;
#6381 = CARTESIAN_POINT ( 'NONE',  ( 0.4578927559824840232, -3.000942584269995272, 0.000000000000000000 ) ) ;
#6382 = ORIENTED_EDGE ( 'NONE', *, *, #1906, .T. ) ;
#6383 =( NAMED_UNIT ( * ) PLANE_ANGLE_UNIT ( ) SI_UNIT ( $, .RADIAN. ) );
#6384 = ADVANCED_FACE ( 'NONE', ( #6452 ), #6493, .F. ) ;
#6385 =( NAMED_UNIT ( * ) SI_UNIT ( $, .STERADIAN. ) SOLID_ANGLE_UNIT ( ) );
#6386 = VECTOR ( 'NONE', #8818, 1000.000000000000000 ) ;
#6387 = CARTESIAN_POINT ( 'NONE',  ( 0.4651493462475655982, -2.721777462099268519, 0.001000000000000000021 ) ) ;
#6388 = ORIENTED_EDGE ( 'NONE', *, *, #6843, .F. ) ;
#6389 = FILL_AREA_STYLE_COLOUR ( '', #7974 ) ;
#6390 = SURFACE_STYLE_USAGE ( .BOTH. , #3522 ) ;
#6391 = VERTEX_POINT ( 'NONE', #5857 ) ;
#6392 = CARTESIAN_POINT ( 'NONE',  ( 0.4651493462475655982, -2.721777462099268519, 0.000000000000000000 ) ) ;
#6393 = VECTOR ( 'NONE', #5379, 1000.000000000000000 ) ;
#6394 = CARTESIAN_POINT ( 'NONE',  ( 2.899999999999950173, 4.750000000000030198, -0.02000000000000000042 ) ) ;
#6395 = DIRECTION ( 'NONE',  ( 1.807003620809174139E-16, 1.000000000000000000, -0.000000000000000000 ) ) ;
#6396 = SURFACE_SIDE_STYLE ('',( #7194 ) ) ;
#6397 = FILL_AREA_STYLE ('',( #687 ) ) ;
#6398 = ORIENTED_EDGE ( 'NONE', *, *, #5525, .F. ) ;
#6399 = AXIS2_PLACEMENT_3D ( 'NONE', #5221, #8117, #6433 ) ;
#6400 = CARTESIAN_POINT ( 'NONE',  ( -4.750000000000000000, -1.649999999999999911, -0.02000000000000000042 ) ) ;
#6401 =( GEOMETRIC_REPRESENTATION_CONTEXT ( 3 ) GLOBAL_UNCERTAINTY_ASSIGNED_CONTEXT ( ( #1377 ) ) GLOBAL_UNIT_ASSIGNED_CONTEXT ( ( #6847, #4937, #6943 ) ) REPRESENTATION_CONTEXT ( 'NONE', 'WORKASPACE' ) );
#6402 = CARTESIAN_POINT ( 'NONE',  ( -0.06126078229956252730, -2.879491738543590085, 0.000000000000000000 ) ) ;
#6403 = DIRECTION ( 'NONE',  ( -5.421010862427523156E-16, -1.000000000000000000, 0.000000000000000000 ) ) ;
#6404 = PRESENTATION_LAYER_ASSIGNMENT (  '', '', ( #6849 ) ) ;
#6405 = SURFACE_STYLE_FILL_AREA ( #8474 ) ;
#6406 = PLANE ( 'NONE',  #5125 ) ;
#6407 = ORIENTED_EDGE ( 'NONE', *, *, #622, .T. ) ;
#6408 = ORIENTED_EDGE ( 'NONE', *, *, #1867, .T. ) ;
#6409 = VERTEX_POINT ( 'NONE', #7210 ) ;
#6410 = DIRECTION ( 'NONE',  ( 0.000000000000000000, 1.000000000000000000, 0.000000000000000000 ) ) ;
#6411 = CARTESIAN_POINT ( 'NONE',  ( -2.899999999999983480, -4.750000000000010658, -0.02000000000000000042 ) ) ;
#6412 = CARTESIAN_POINT ( 'NONE',  ( -0.05562740322703364076, -2.816480470945827541, 0.001000000000000000021 ) ) ;
#6413 = FILL_AREA_STYLE_COLOUR ( '', #9323 ) ;
#6414 = VECTOR ( 'NONE', #3478, 1000.000000000000000 ) ;
#6415 = DIRECTION ( 'NONE',  ( 1.000000000000000000, 0.000000000000000000, 0.000000000000000000 ) ) ;
#6416 = STYLED_ITEM ( 'NONE', ( #2301 ), #8769 ) ;
#6417 = UNCERTAINTY_MEASURE_WITH_UNIT (LENGTH_MEASURE( 1.000000000000000082E-05 ), #577, 'distance_accuracy_value', 'NONE');
#6418 = PRESENTATION_STYLE_ASSIGNMENT (( #8711 ) ) ;
#6419 =( NAMED_UNIT ( * ) SI_UNIT ( $, .STERADIAN. ) SOLID_ANGLE_UNIT ( ) );
#6420 = CARTESIAN_POINT ( 'NONE',  ( -3.250000000000000000, -2.100000000000000089, 0.000000000000000000 ) ) ;
#6421 = ORIENTED_EDGE ( 'NONE', *, *, #6321, .T. ) ;
#6422 = STYLED_ITEM ( 'NONE', ( #9346 ), #1250 ) ;
#6423 = TOROIDAL_SURFACE ( 'NONE', #1714, 1.200000000000000178, 0.2000000000000000111 ) ;
#6424 = ADVANCED_FACE ( 'NONE', ( #3732 ), #4958, .T. ) ;
#6425 = STYLED_ITEM ( 'NONE', ( #4267 ), #7325 ) ;
#6426 =( LENGTH_UNIT ( ) NAMED_UNIT ( * ) SI_UNIT ( .MILLI., .METRE. ) );
#6427 = ADVANCED_FACE ( 'NONE', ( #8883 ), #5299, .F. ) ;
#6428 = DIRECTION ( 'NONE',  ( 1.000000000000000000, 0.000000000000000000, -0.000000000000000000 ) ) ;
#6429 = VERTEX_POINT ( 'NONE', #8230 ) ;
#6430 = STYLED_ITEM ( 'NONE', ( #1235 ), #596 ) ;
#6431 = CIRCLE ( 'NONE', #6564, 0.1999999999999999833 ) ;
#6432 = STYLED_ITEM ( 'NONE', ( #3102 ), #7654 ) ;
#6433 = DIRECTION ( 'NONE',  ( 0.3635424856527064152, 0.9315776194850602376, 0.000000000000000000 ) ) ;
#6434 = ORIENTED_EDGE ( 'NONE', *, *, #4973, .T. ) ;
#6435 = DIRECTION ( 'NONE',  ( -0.000000000000000000, -0.000000000000000000, -1.000000000000000000 ) ) ;
#6436 = COLOUR_RGB ( '',0.9686274509803921573, 0.8784313725490195957, 0.5999999999999999778 ) ;
#6437 = SURFACE_STYLE_USAGE ( .BOTH. , #629 ) ;
#6438 = FACE_OUTER_BOUND ( 'NONE', #3958, .T. ) ;
#6439 = ORIENTED_EDGE ( 'NONE', *, *, #9062, .T. ) ;
#6440 = ORIENTED_EDGE ( 'NONE', *, *, #6875, .F. ) ;
#6441 =( NAMED_UNIT ( * ) PLANE_ANGLE_UNIT ( ) SI_UNIT ( $, .RADIAN. ) );
#6442 = VECTOR ( 'NONE', #7686, 1000.000000000000000 ) ;
#6443 = PLANE ( 'NONE',  #2492 ) ;
#6444 =( NAMED_UNIT ( * ) PLANE_ANGLE_UNIT ( ) SI_UNIT ( $, .RADIAN. ) );
#6445 = VECTOR ( 'NONE', #1473, 1000.000000000000000 ) ;
#6446 = CARTESIAN_POINT ( 'NONE',  ( -0.8499999999999885425, -3.250000000000003109, 0.000000000000000000 ) ) ;
#6447 = CARTESIAN_POINT ( 'NONE',  ( 2.899999999999999911, -2.900000000000000799, 0.8000000000000000444 ) ) ;
#6448 = EDGE_LOOP ( 'NONE', ( #7148, #1263, #3259, #4219 ) ) ;
#6449 = CARTESIAN_POINT ( 'NONE',  ( -5.050000000000001599, -5.049999999999999822, 0.000000000000000000 ) ) ;
#6450 = PLANE ( 'NONE',  #3592 ) ;
#6451 = DIRECTION ( 'NONE',  ( -3.491481338843134144E-15, 1.000000000000000000, 0.000000000000000000 ) ) ;
#6452 = FACE_OUTER_BOUND ( 'NONE', #1770, .T. ) ;
#6453 = ORIENTED_EDGE ( 'NONE', *, *, #848, .T. ) ;
#6454 = ORIENTED_EDGE ( 'NONE', *, *, #5356, .T. ) ;
#6455 =( NAMED_UNIT ( * ) SI_UNIT ( $, .STERADIAN. ) SOLID_ANGLE_UNIT ( ) );
#6456 = UNCERTAINTY_MEASURE_WITH_UNIT (LENGTH_MEASURE( 1.000000000000000082E-05 ), #4434, 'distance_accuracy_value', 'NONE');
#6457 = CARTESIAN_POINT ( 'NONE',  ( 0.4578927559824840232, -3.000942584269995272, 0.001000000000000000021 ) ) ;
#6458 = VECTOR ( 'NONE', #4659, 1000.000000000000000 ) ;
#6459 = DIRECTION ( 'NONE',  ( -9.035018104045871927E-17, -1.000000000000000000, 0.000000000000000000 ) ) ;
#6460 = DIRECTION ( 'NONE',  ( -1.047444401652940007E-14, 1.000000000000000000, 0.000000000000000000 ) ) ;
#6461 =( NAMED_UNIT ( * ) PLANE_ANGLE_UNIT ( ) SI_UNIT ( $, .RADIAN. ) );
#6462 = CARTESIAN_POINT ( 'NONE',  ( -2.900000000000000799, 2.899999999999999023, 6.299999999999999822 ) ) ;
#6463 = DIRECTION ( 'NONE',  ( 0.000000000000000000, 1.000000000000000000, 0.000000000000000000 ) ) ;
#6464 = PLANE ( 'NONE',  #248 ) ;
#6465 = DIRECTION ( 'NONE',  ( 0.000000000000000000, 0.000000000000000000, 1.000000000000000000 ) ) ;
#6466 = VECTOR ( 'NONE', #5139, 1000.000000000000000 ) ;
#6467 = EDGE_CURVE ( 'NONE', #264, #8186, #4489, .T. ) ;
#6468 = DIRECTION ( 'NONE',  ( 0.3393303772748775815, 0.9406672605435404400, 0.000000000000000000 ) ) ;
#6469 = COLOUR_RGB ( '',0.2235294117647058654, 0.2235294117647058654, 0.2235294117647058654 ) ;
#6470 = SURFACE_STYLE_FILL_AREA ( #8068 ) ;
#6471 = VECTOR ( 'NONE', #8819, 1000.000000000000000 ) ;
#6472 = CARTESIAN_POINT ( 'NONE',  ( 0.3591122681776059422, -2.848198681830970802, 0.001000000000000000021 ) ) ;
#6473 = EDGE_CURVE ( 'NONE', #7405, #2590, #6634, .T. ) ;
#6474 = VERTEX_POINT ( 'NONE', #6814 ) ;
#6475 = PLANE ( 'NONE',  #7660 ) ;
#6476 = EDGE_CURVE ( 'NONE', #721, #885, #316, .T. ) ;
#6477 = DIRECTION ( 'NONE',  ( 1.000000000000000000, 0.000000000000000000, -0.000000000000000000 ) ) ;
#6478 = ORIENTED_EDGE ( 'NONE', *, *, #5568, .F. ) ;
#6479 = DIRECTION ( 'NONE',  ( -1.000000000000000000, 0.000000000000000000, 0.000000000000000000 ) ) ;
#6480 = VECTOR ( 'NONE', #4254, 1000.000000000000000 ) ;
#6481 = PLANE ( 'NONE',  #7487 ) ;
#6482 = CARTESIAN_POINT ( 'NONE',  ( 0.6407362392957386410, -2.874078945978726818, -0.000000000000000000 ) ) ;
#6483 = DIRECTION ( 'NONE',  ( -0.000000000000000000, 0.000000000000000000, -1.000000000000000000 ) ) ;
#6484 = VERTEX_POINT ( 'NONE', #3056 ) ;
#6485 = ORIENTED_EDGE ( 'NONE', *, *, #6609, .T. ) ;
#6486 = MECHANICAL_DESIGN_GEOMETRIC_PRESENTATION_REPRESENTATION (  '', ( #4562 ), #3484 ) ;
#6487 = CARTESIAN_POINT ( 'NONE',  ( -0.4000000000000341061, 3.249999999999996003, 0.000000000000000000 ) ) ;
#6488 = LINE ( 'NONE', #6449, #5230 ) ;
#6489 =( GEOMETRIC_REPRESENTATION_CONTEXT ( 3 ) GLOBAL_UNCERTAINTY_ASSIGNED_CONTEXT ( ( #7559 ) ) GLOBAL_UNIT_ASSIGNED_CONTEXT ( ( #1558, #6461, #2342 ) ) REPRESENTATION_CONTEXT ( 'NONE', 'WORKASPACE' ) );
#6490 = VECTOR ( 'NONE', #411, 1000.000000000000000 ) ;
#6491 =( GEOMETRIC_REPRESENTATION_CONTEXT ( 3 ) GLOBAL_UNCERTAINTY_ASSIGNED_CONTEXT ( ( #3299 ) ) GLOBAL_UNIT_ASSIGNED_CONTEXT ( ( #7568, #6057, #6834 ) ) REPRESENTATION_CONTEXT ( 'NONE', 'WORKASPACE' ) );
#6492 = ORIENTED_EDGE ( 'NONE', *, *, #2191, .T. ) ;
#6493 = CYLINDRICAL_SURFACE ( 'NONE', #4210, 0.2500000000000002220 ) ;
#6494 = ORIENTED_EDGE ( 'NONE', *, *, #5829, .T. ) ;
#6495 = EDGE_CURVE ( 'NONE', #7730, #9268, #8143, .T. ) ;
#6496 = ORIENTED_EDGE ( 'NONE', *, *, #6266, .F. ) ;
#6497 =( LENGTH_UNIT ( ) NAMED_UNIT ( * ) SI_UNIT ( .MILLI., .METRE. ) );
#6498 = SURFACE_STYLE_FILL_AREA ( #5506 ) ;
#6499 = CARTESIAN_POINT ( 'NONE',  ( -0.3543023659687354887, -3.016491364757799776, 0.001000000000000000021 ) ) ;
#6500 =( NAMED_UNIT ( * ) SI_UNIT ( $, .STERADIAN. ) SOLID_ANGLE_UNIT ( ) );
#6501 = FILL_AREA_STYLE_COLOUR ( '', #6794 ) ;
#6502 = CARTESIAN_POINT ( 'NONE',  ( -0.06149827897867363169, -2.868384774256046210, 0.000000000000000000 ) ) ;
#6503 = SURFACE_SIDE_STYLE ('',( #5919 ) ) ;
#6504 = CARTESIAN_POINT ( 'NONE',  ( 0.01905815264027546641, -2.771232243020343766, 0.001000000000000000021 ) ) ;
#6505 = CARTESIAN_POINT ( 'NONE',  ( -4.750000000000000000, 2.899999999999999911, -0.02000000000000000042 ) ) ;
#6506 = CARTESIAN_POINT ( 'NONE',  ( 4.750000000000000000, 0.4000000000000000777, -0.02000000000000000042 ) ) ;
#6507 = LINE ( 'NONE', #807, #7720 ) ;
#6508 = CARTESIAN_POINT ( 'NONE',  ( 0.4950901982527754486, -3.015476478634709689, 0.000000000000000000 ) ) ;
#6509 = VERTEX_POINT ( 'NONE', #450 ) ;
#6510 = CARTESIAN_POINT ( 'NONE',  ( -0.02137553670044278764, -2.863575968416336437, 0.000000000000000000 ) ) ;
#6511 = CARTESIAN_POINT ( 'NONE',  ( 2.899999999999999023, 2.899999999999999911, 5.299999999999999822 ) ) ;
#6512 = EDGE_CURVE ( 'NONE', #1506, #5124, #408, .T. ) ;
#6513 = ORIENTED_EDGE ( 'NONE', *, *, #1155, .T. ) ;
#6514 = SURFACE_STYLE_FILL_AREA ( #7290 ) ;
#6515 = ORIENTED_EDGE ( 'NONE', *, *, #8231, .T. ) ;
#6516 = CARTESIAN_POINT ( 'NONE',  ( -2.900000000000000799, 2.899999999999999911, 5.299999999999999822 ) ) ;
#6517 = VECTOR ( 'NONE', #8839, 1000.000000000000000 ) ;
#6518 = EDGE_CURVE ( 'NONE', #9405, #4248, #3389, .T. ) ;
#6519 = ORIENTED_EDGE ( 'NONE', *, *, #7124, .F. ) ;
#6520 = LINE ( 'NONE', #2994, #1718 ) ;
#6521 =( NAMED_UNIT ( * ) SI_UNIT ( $, .STERADIAN. ) SOLID_ANGLE_UNIT ( ) );
#6522 = EDGE_LOOP ( 'NONE', ( #3728, #7739, #5058, #8333 ) ) ;
#6523 = DIRECTION ( 'NONE',  ( 1.000000000000000000, 3.491481338843134144E-15, 0.000000000000000000 ) ) ;
#6524 = EDGE_CURVE ( 'NONE', #1402, #5019, #4739, .T. ) ;
#6525 = STYLED_ITEM ( 'NONE', ( #77 ), #3654 ) ;
#6526 = COLOUR_RGB ( '',0.6666666666666666297, 0.6980392156862744724, 0.7686274509803920907 ) ;
#6527 =( NAMED_UNIT ( * ) PLANE_ANGLE_UNIT ( ) SI_UNIT ( $, .RADIAN. ) );
#6528 =( LENGTH_UNIT ( ) NAMED_UNIT ( * ) SI_UNIT ( .MILLI., .METRE. ) );
#6529 = EDGE_CURVE ( 'NONE', #2947, #447, #2606, .T. ) ;
#6530 = ORIENTED_EDGE ( 'NONE', *, *, #605, .F. ) ;
#6531 = DIRECTION ( 'NONE',  ( -0.000000000000000000, -0.000000000000000000, -1.000000000000000000 ) ) ;
#6532 =( NAMED_UNIT ( * ) PLANE_ANGLE_UNIT ( ) SI_UNIT ( $, .RADIAN. ) );
#6533 = PRESENTATION_LAYER_ASSIGNMENT (  '', '', ( #9279 ) ) ;
#6534 = DIRECTION ( 'NONE',  ( -1.047444401652940007E-14, 1.000000000000000000, 0.000000000000000000 ) ) ;
#6535 = CARTESIAN_POINT ( 'NONE',  ( 0.5322128999076907174, -2.745847058266519536, 0.001000000000000000021 ) ) ;
#6536 = ORIENTED_EDGE ( 'NONE', *, *, #5955, .T. ) ;
#6537 = ORIENTED_EDGE ( 'NONE', *, *, #2014, .T. ) ;
#6538 =( NAMED_UNIT ( * ) SI_UNIT ( $, .STERADIAN. ) SOLID_ANGLE_UNIT ( ) );
#6539 = UNCERTAINTY_MEASURE_WITH_UNIT (LENGTH_MEASURE( 1.000000000000000082E-05 ), #9262, 'distance_accuracy_value', 'NONE');
#6540 =( NAMED_UNIT ( * ) PLANE_ANGLE_UNIT ( ) SI_UNIT ( $, .RADIAN. ) );
#6541 = SURFACE_STYLE_FILL_AREA ( #846 ) ;
#6542 = MECHANICAL_DESIGN_GEOMETRIC_PRESENTATION_REPRESENTATION (  '', ( #4008 ), #1080 ) ;
#6543 = UNCERTAINTY_MEASURE_WITH_UNIT (LENGTH_MEASURE( 1.000000000000000082E-05 ), #403, 'distance_accuracy_value', 'NONE');
#6544 = DIRECTION ( 'NONE',  ( 1.000000000000000000, 0.000000000000000000, 0.000000000000000000 ) ) ;
#6545 = CARTESIAN_POINT ( 'NONE',  ( -0.3999999999999833689, -4.750000000000001776, -0.02000000000000000042 ) ) ;
#6546 =( LENGTH_UNIT ( ) NAMED_UNIT ( * ) SI_UNIT ( .MILLI., .METRE. ) );
#6547 =( NAMED_UNIT ( * ) PLANE_ANGLE_UNIT ( ) SI_UNIT ( $, .RADIAN. ) );
#6548 =( LENGTH_UNIT ( ) NAMED_UNIT ( * ) SI_UNIT ( .MILLI., .METRE. ) );
#6549 = SURFACE_SIDE_STYLE ('',( #8847 ) ) ;
#6550 = SURFACE_STYLE_USAGE ( .BOTH. , #2254 ) ;
#6551 = EDGE_CURVE ( 'NONE', #2369, #8816, #6268, .T. ) ;
#6552 = CARTESIAN_POINT ( 'NONE',  ( -3.250000000000000444, -1.649999999999999911, -0.02000000000000000042 ) ) ;
#6553 = VERTEX_POINT ( 'NONE', #8413 ) ;
#6554 = DIRECTION ( 'NONE',  ( 1.000000000000000000, 0.000000000000000000, 0.000000000000000000 ) ) ;
#6555 = FACE_OUTER_BOUND ( 'NONE', #8630, .T. ) ;
#6556 = STYLED_ITEM ( 'NONE', ( #2279 ), #8614 ) ;
#6557 = DIRECTION ( 'NONE',  ( -0.000000000000000000, -0.000000000000000000, 1.000000000000000000 ) ) ;
#6558 = VERTEX_POINT ( 'NONE', #9159 ) ;
#6559 =( LENGTH_UNIT ( ) NAMED_UNIT ( * ) SI_UNIT ( .MILLI., .METRE. ) );
#6560 =( GEOMETRIC_REPRESENTATION_CONTEXT ( 3 ) GLOBAL_UNCERTAINTY_ASSIGNED_CONTEXT ( ( #6456 ) ) GLOBAL_UNIT_ASSIGNED_CONTEXT ( ( #4434, #1544, #8693 ) ) REPRESENTATION_CONTEXT ( 'NONE', 'WORKASPACE' ) );
#6561 = ORIENTED_EDGE ( 'NONE', *, *, #2493, .F. ) ;
#6562 = SURFACE_SIDE_STYLE ('',( #9389 ) ) ;
#6563 = STYLED_ITEM ( 'NONE', ( #6358 ), #1026 ) ;
#6564 = AXIS2_PLACEMENT_3D ( 'NONE', #1525, #8250, #6007 ) ;
#6565 = DIRECTION ( 'NONE',  ( 1.000000000000000000, -0.000000000000000000, -0.000000000000000000 ) ) ;
#6566 = LINE ( 'NONE', #3529, #4378 ) ;
#6567 = STYLED_ITEM ( 'NONE', ( #3215 ), #7491 ) ;
#6568 = SURFACE_SIDE_STYLE ('',( #1682 ) ) ;
#6569 = ORIENTED_EDGE ( 'NONE', *, *, #9296, .F. ) ;
#6570 = DIRECTION ( 'NONE',  ( 0.000000000000000000, 0.000000000000000000, 1.000000000000000000 ) ) ;
#6571 = CARTESIAN_POINT ( 'NONE',  ( 0.6705366244347081839, -2.807400550781240955, 6.352747104407252543E-19 ) ) ;
#6572 = PLANE ( 'NONE',  #1449 ) ;
#6573 = VECTOR ( 'NONE', #2410, 1000.000000000000000 ) ;
#6574 = VECTOR ( 'NONE', #6630, 1000.000000000000000 ) ;
#6575 = PRESENTATION_STYLE_ASSIGNMENT (( #5806 ) ) ;
#6576 = SURFACE_STYLE_FILL_AREA ( #7360 ) ;
#6577 = ORIENTED_EDGE ( 'NONE', *, *, #475, .F. ) ;
#6578 = DIRECTION ( 'NONE',  ( 0.000000000000000000, -1.000000000000000000, 0.000000000000000000 ) ) ;
#6579 = FILL_AREA_STYLE ('',( #33 ) ) ;
#6580 = ORIENTED_EDGE ( 'NONE', *, *, #844, .F. ) ;
#6581 = VECTOR ( 'NONE', #6185, 1000.000000000000000 ) ;
#6582 =( GEOMETRIC_REPRESENTATION_CONTEXT ( 3 ) GLOBAL_UNCERTAINTY_ASSIGNED_CONTEXT ( ( #5915 ) ) GLOBAL_UNIT_ASSIGNED_CONTEXT ( ( #5809, #7989, #2237 ) ) REPRESENTATION_CONTEXT ( 'NONE', 'WORKASPACE' ) );
#6583 = ORIENTED_EDGE ( 'NONE', *, *, #1193, .T. ) ;
#6584 = DIRECTION ( 'NONE',  ( -1.495451272393802994E-16, 1.000000000000000000, -0.000000000000000000 ) ) ;
#6585 = AXIS2_PLACEMENT_3D ( 'NONE', #538, #6212, #3469 ) ;
#6586 = EDGE_CURVE ( 'NONE', #6391, #451, #8466, .T. ) ;
#6587 =( NAMED_UNIT ( * ) PLANE_ANGLE_UNIT ( ) SI_UNIT ( $, .RADIAN. ) );
#6588 = CARTESIAN_POINT ( 'NONE',  ( 0.4578927559824840232, -2.724723072074873187, 0.001000000000000000021 ) ) ;
#6589 = CARTESIAN_POINT ( 'NONE',  ( 3.250000000000000444, 0.4000000000000000777, 0.000000000000000000 ) ) ;
#6590 = EDGE_CURVE ( 'NONE', #696, #3593, #4205, .T. ) ;
#6591 = SURFACE_STYLE_USAGE ( .BOTH. , #3742 ) ;
#6592 = VECTOR ( 'NONE', #4116, 1000.000000000000000 ) ;
#6593 = VECTOR ( 'NONE', #5923, 1000.000000000000000 ) ;
#6594 = UNCERTAINTY_MEASURE_WITH_UNIT (LENGTH_MEASURE( 1.000000000000000082E-05 ), #7109, 'distance_accuracy_value', 'NONE');
#6595 =( NAMED_UNIT ( * ) SI_UNIT ( $, .STERADIAN. ) SOLID_ANGLE_UNIT ( ) );
#6596 =( NAMED_UNIT ( * ) PLANE_ANGLE_UNIT ( ) SI_UNIT ( $, .RADIAN. ) );
#6597 = CARTESIAN_POINT ( 'NONE',  ( 0.5348935181776058867, -2.987223072074873365, 0.001000000000000000021 ) ) ;
#6598 = CARTESIAN_POINT ( 'NONE',  ( -3.900000000000000799, 2.899999999999992806, 6.299999999999999822 ) ) ;
#6599 = VECTOR ( 'NONE', #7044, 1000.000000000000000 ) ;
#6600 = PRESENTATION_STYLE_ASSIGNMENT (( #6550 ) ) ;
#6601 = CARTESIAN_POINT ( 'NONE',  ( 0.8499999999999502398, 4.750000000000008882, 0.000000000000000000 ) ) ;
#6602 = DIRECTION ( 'NONE',  ( 0.000000000000000000, -0.000000000000000000, -1.000000000000000000 ) ) ;
#6603 = ORIENTED_EDGE ( 'NONE', *, *, #4189, .F. ) ;
#6604 =( LENGTH_UNIT ( ) NAMED_UNIT ( * ) SI_UNIT ( .MILLI., .METRE. ) );
#6605 = FILL_AREA_STYLE_COLOUR ( '', #6145 ) ;
#6606 =( NAMED_UNIT ( * ) SI_UNIT ( $, .STERADIAN. ) SOLID_ANGLE_UNIT ( ) );
#6607 = ORIENTED_EDGE ( 'NONE', *, *, #475, .T. ) ;
#6608 = AXIS2_PLACEMENT_3D ( 'NONE', #8687, #4332, #7299 ) ;
#6609 = EDGE_CURVE ( 'NONE', #5486, #9312, #8515, .T. ) ;
#6610 = PLANE ( 'NONE',  #7906 ) ;
#6611 = EDGE_CURVE ( 'NONE', #1600, #1256, #7059, .T. ) ;
#6612 = PRESENTATION_LAYER_ASSIGNMENT (  '', '', ( #250 ) ) ;
#6613 = DIRECTION ( 'NONE',  ( 3.491481338843134144E-15, -1.000000000000000000, 0.000000000000000000 ) ) ;
#6614 = VERTEX_POINT ( 'NONE', #2656 ) ;
#6615 = CARTESIAN_POINT ( 'NONE',  ( 2.900000000000011458, -3.249999999999989786, 0.000000000000000000 ) ) ;
#6616 = CARTESIAN_POINT ( 'NONE',  ( 0.8603317803727279500, -2.716491364757799953, 0.001000000000000000021 ) ) ;
#6617 = FILL_AREA_STYLE_COLOUR ( '', #1765 ) ;
#6618 = UNCERTAINTY_MEASURE_WITH_UNIT (LENGTH_MEASURE( 1.000000000000000082E-05 ), #2771, 'distance_accuracy_value', 'NONE');
#6619 = CARTESIAN_POINT ( 'NONE',  ( 5.049999999999997158, 5.049999999999999822, 0.8000000000000000444 ) ) ;
#6620 = ORIENTED_EDGE ( 'NONE', *, *, #7191, .T. ) ;
#6621 = MECHANICAL_DESIGN_GEOMETRIC_PRESENTATION_REPRESENTATION (  '', ( #6927 ), #1166 ) ;
#6622 = FILL_AREA_STYLE_COLOUR ( '', #7648 ) ;
#6623 = DIRECTION ( 'NONE',  ( 1.000000000000000000, 3.491481338843134144E-15, 0.000000000000000000 ) ) ;
#6624 = COLOUR_RGB ( '',0.2235294117647058654, 0.2235294117647058654, 0.2235294117647058654 ) ;
#6625 = SURFACE_STYLE_FILL_AREA ( #5234 ) ;
#6626 = CARTESIAN_POINT ( 'NONE',  ( 2.900000000000016787, -4.749999999999989342, -0.02000000000000000042 ) ) ;
#6627 = DIRECTION ( 'NONE',  ( 0.000000000000000000, -1.000000000000000000, 0.000000000000000000 ) ) ;
#6628 = CARTESIAN_POINT ( 'NONE',  ( 2.899999999999999023, 2.899999999999999911, 6.299999999999999822 ) ) ;
#6629 = ORIENTED_EDGE ( 'NONE', *, *, #4862, .F. ) ;
#6630 = DIRECTION ( 'NONE',  ( 1.047444401652940007E-14, -1.000000000000000000, 0.000000000000000000 ) ) ;
#6631 = FACE_OUTER_BOUND ( 'NONE', #5744, .T. ) ;
#6632 = STYLED_ITEM ( 'NONE', ( #4649 ), #3724 ) ;
#6633 =( NAMED_UNIT ( * ) SI_UNIT ( $, .STERADIAN. ) SOLID_ANGLE_UNIT ( ) );
#6634 = LINE ( 'NONE', #3968, #8581 ) ;
#6635 = EDGE_CURVE ( 'NONE', #7459, #7333, #6914, .T. ) ;
#6636 = ORIENTED_EDGE ( 'NONE', *, *, #19, .F. ) ;
#6637 = ORIENTED_EDGE ( 'NONE', *, *, #4947, .T. ) ;
#6638 = ORIENTED_EDGE ( 'NONE', *, *, #1179, .T. ) ;
#6639 = FILL_AREA_STYLE ('',( #8145 ) ) ;
#6640 = DIRECTION ( 'NONE',  ( 0.000000000000000000, -0.000000000000000000, 1.000000000000000000 ) ) ;
#6641 =( GEOMETRIC_REPRESENTATION_CONTEXT ( 3 ) GLOBAL_UNCERTAINTY_ASSIGNED_CONTEXT ( ( #4073 ) ) GLOBAL_UNIT_ASSIGNED_CONTEXT ( ( #4456, #3074, #8850 ) ) REPRESENTATION_CONTEXT ( 'NONE', 'WORKASPACE' ) );
#6642 = STYLED_ITEM ( 'NONE', ( #1379 ), #4093 ) ;
#6643 = UNCERTAINTY_MEASURE_WITH_UNIT (LENGTH_MEASURE( 1.000000000000000082E-05 ), #6982, 'distance_accuracy_value', 'NONE');
#6644 = CARTESIAN_POINT ( 'NONE',  ( -0.4000000000000341061, 3.249999999999996003, -0.02000000000000000042 ) ) ;
#6645 = EDGE_CURVE ( 'NONE', #924, #1942, #7738, .T. ) ;
#6646 = ORIENTED_EDGE ( 'NONE', *, *, #6170, .T. ) ;
#6647 = CARTESIAN_POINT ( 'NONE',  ( -3.250000000000000444, 0.8499999999999999778, 0.000000000000000000 ) ) ;
#6648 = SURFACE_SIDE_STYLE ('',( #2296 ) ) ;
#6649 = PRESENTATION_LAYER_ASSIGNMENT (  '', '', ( #8044 ) ) ;
#6650 = LINE ( 'NONE', #3067, #5591 ) ;
#6651 = LINE ( 'NONE', #5260, #5719 ) ;
#6652 = DIRECTION ( 'NONE',  ( -0.000000000000000000, -0.000000000000000000, -1.000000000000000000 ) ) ;
#6653 = CARTESIAN_POINT ( 'NONE',  ( 0.03684987419237220618, -2.971412850662325411, 0.001000000000000000021 ) ) ;
#6654 = ORIENTED_EDGE ( 'NONE', *, *, #7040, .F. ) ;
#6655 = DIRECTION ( 'NONE',  ( 0.000000000000000000, 0.000000000000000000, -1.000000000000000000 ) ) ;
#6656 =( GEOMETRIC_REPRESENTATION_CONTEXT ( 3 ) GLOBAL_UNCERTAINTY_ASSIGNED_CONTEXT ( ( #1076 ) ) GLOBAL_UNIT_ASSIGNED_CONTEXT ( ( #3961, #1020, #270 ) ) REPRESENTATION_CONTEXT ( 'NONE', 'WORKASPACE' ) );
#6657 = ADVANCED_FACE ( 'NONE', ( #7009 ), #498, .T. ) ;
#6658 = EDGE_CURVE ( 'NONE', #986, #6023, #1842, .T. ) ;
#6659 = DIRECTION ( 'NONE',  ( 0.000000000000000000, -1.000000000000000000, 0.000000000000000000 ) ) ;
#6660 = VERTEX_POINT ( 'NONE', #7977 ) ;
#6661 =( NAMED_UNIT ( * ) SI_UNIT ( $, .STERADIAN. ) SOLID_ANGLE_UNIT ( ) );
#6662 = DIRECTION ( 'NONE',  ( -1.000000000000000000, -3.491481338843134144E-15, 0.000000000000000000 ) ) ;
#6663 = CARTESIAN_POINT ( 'NONE',  ( -0.4000000000000341061, 3.249999999999996003, -0.02000000000000000042 ) ) ;
#6664 = ORIENTED_EDGE ( 'NONE', *, *, #4421, .T. ) ;
#6665 = EDGE_CURVE ( 'NONE', #3607, #1872, #737, .T. ) ;
#6666 = SURFACE_SIDE_STYLE ('',( #8866 ) ) ;
#6667 = ORIENTED_EDGE ( 'NONE', *, *, #7942, .T. ) ;
#6668 = FACE_OUTER_BOUND ( 'NONE', #4720, .T. ) ;
#6669 = CARTESIAN_POINT ( 'NONE',  ( 0.6570706429251763625, -2.780089457537938902, 0.001000000000000000021 ) ) ;
#6670 = PRESENTATION_STYLE_ASSIGNMENT (( #9060 ) ) ;
#6671 = PRESENTATION_LAYER_ASSIGNMENT (  '', '', ( #157 ) ) ;
#6672 = PLANE ( 'NONE',  #3506 ) ;
#6673 = PRESENTATION_STYLE_ASSIGNMENT (( #1592 ) ) ;
#6674 = ORIENTED_EDGE ( 'NONE', *, *, #1911, .F. ) ;
#6675 = CARTESIAN_POINT ( 'NONE',  ( 0.6408195852507767576, -2.869692584269995184, 0.001000000000000000021 ) ) ;
#6676 = CARTESIAN_POINT ( 'NONE',  ( 0.7066732437873620709, -3.016491364757799776, 0.001000000000000000021 ) ) ;
#6677 = COLOUR_RGB ( '',0.9686274509803921573, 0.8784313725490195957, 0.5999999999999999778 ) ;
#6678 = EDGE_LOOP ( 'NONE', ( #2633, #1729, #5616, #8744, #8793 ) ) ;
#6679 = EDGE_LOOP ( 'NONE', ( #7939, #7291, #9360, #3234, #8350, #114, #9332, #9198 ) ) ;
#6680 = MECHANICAL_DESIGN_GEOMETRIC_PRESENTATION_REPRESENTATION (  '', ( #7601 ), #7912 ) ;
#6681 = DIRECTION ( 'NONE',  ( 1.047444401652940007E-14, -1.000000000000000000, 0.000000000000000000 ) ) ;
#6682 = SURFACE_SIDE_STYLE ('',( #1462 ) ) ;
#6683 = FILL_AREA_STYLE ('',( #8838 ) ) ;
#6684 = CARTESIAN_POINT ( 'NONE',  ( 0.8603317803727279500, -3.016491364757799776, 0.001000000000000000021 ) ) ;
#6685 = VECTOR ( 'NONE', #2806, 1000.000000000000000 ) ;
#6686 = FILL_AREA_STYLE_COLOUR ( '', #8321 ) ;
#6687 = LINE ( 'NONE', #368, #976 ) ;
#6688 = CARTESIAN_POINT ( 'NONE',  ( 0.6024762326832869830, -2.729708113336110742, 0.000000000000000000 ) ) ;
#6689 = CARTESIAN_POINT ( 'NONE',  ( 0.6519640484311448603, -2.969153627557259867, 0.000000000000000000 ) ) ;
#6690 = SURFACE_SIDE_STYLE ('',( #3698 ) ) ;
#6691 = SURFACE_STYLE_USAGE ( .BOTH. , #4605 ) ;
#6692 = AXIS2_PLACEMENT_3D ( 'NONE', #4867, #6214, #2646 ) ;
#6693 = DIRECTION ( 'NONE',  ( -0.000000000000000000, 0.000000000000000000, 1.000000000000000000 ) ) ;
#6694 =( GEOMETRIC_REPRESENTATION_CONTEXT ( 3 ) GLOBAL_UNCERTAINTY_ASSIGNED_CONTEXT ( ( #4268 ) ) GLOBAL_UNIT_ASSIGNED_CONTEXT ( ( #8812, #7481, #161 ) ) REPRESENTATION_CONTEXT ( 'NONE', 'WORKASPACE' ) );
#6695 = DIRECTION ( 'NONE',  ( 1.000000000000000000, 0.000000000000000000, -0.000000000000000000 ) ) ;
#6696 = FACE_OUTER_BOUND ( 'NONE', #3520, .T. ) ;
#6697 = ORIENTED_EDGE ( 'NONE', *, *, #4615, .T. ) ;
#6698 = CARTESIAN_POINT ( 'NONE',  ( 0.6408195852507767576, -2.869692584269995184, 0.000000000000000000 ) ) ;
#6699 = PLANE ( 'NONE',  #1888 ) ;
#6700 =( NAMED_UNIT ( * ) PLANE_ANGLE_UNIT ( ) SI_UNIT ( $, .RADIAN. ) );
#6701 = CARTESIAN_POINT ( 'NONE',  ( 2.899999999999999023, 2.899999999999999911, 5.299999999999999822 ) ) ;
#6702 = EDGE_CURVE ( 'NONE', #3770, #7119, #985, .T. ) ;
#6703 = CARTESIAN_POINT ( 'NONE',  ( -2.900000000000000799, 2.899999999999999911, 1.000000000000000000 ) ) ;
#6704 = FILL_AREA_STYLE ('',( #8995 ) ) ;
#6705 = CARTESIAN_POINT ( 'NONE',  ( -2.899999999999983480, -4.750000000000010658, -0.02000000000000000042 ) ) ;
#6706 = EDGE_CURVE ( 'NONE', #7333, #5540, #5714, .T. ) ;
#6707 = EDGE_LOOP ( 'NONE', ( #4396, #2865, #7934, #5933 ) ) ;
#6708 =( NAMED_UNIT ( * ) PLANE_ANGLE_UNIT ( ) SI_UNIT ( $, .RADIAN. ) );
#6709 = FACE_OUTER_BOUND ( 'NONE', #6247, .T. ) ;
#6710 = CARTESIAN_POINT ( 'NONE',  ( -3.250000000000000000, 1.649999999999999911, -0.02000000000000000042 ) ) ;
#6711 = DIRECTION ( 'NONE',  ( 0.000000000000000000, -0.000000000000000000, -1.000000000000000000 ) ) ;
#6712 = ORIENTED_EDGE ( 'NONE', *, *, #8814, .F. ) ;
#6713 = FILL_AREA_STYLE_COLOUR ( '', #3747 ) ;
#6714 = AXIS2_PLACEMENT_3D ( 'NONE', #6764, #8264, #8224 ) ;
#6715 =( LENGTH_UNIT ( ) NAMED_UNIT ( * ) SI_UNIT ( .MILLI., .METRE. ) );
#6716 = SURFACE_STYLE_USAGE ( .BOTH. , #4009 ) ;
#6717 = FACE_OUTER_BOUND ( 'NONE', #3155, .T. ) ;
#6718 = SURFACE_STYLE_FILL_AREA ( #934 ) ;
#6719 = ORIENTED_EDGE ( 'NONE', *, *, #8941, .F. ) ;
#6720 = CARTESIAN_POINT ( 'NONE',  ( -3.250000000000000000, 0.3999999999999999667, -0.02000000000000000042 ) ) ;
#6721 = DIRECTION ( 'NONE',  ( 1.000000000000000000, 0.000000000000000000, 6.505213034913027393E-15 ) ) ;
#6722 = CARTESIAN_POINT ( 'NONE',  ( -0.3999999999999886424, -3.250000000000001332, -0.02000000000000000042 ) ) ;
#6723 = CARTESIAN_POINT ( 'NONE',  ( 0.6096058004029661914, -2.779171834309049682, 0.001000000000000000021 ) ) ;
#6724 = ORIENTED_EDGE ( 'NONE', *, *, #7428, .T. ) ;
#6725 = ORIENTED_EDGE ( 'NONE', *, *, #2511, .F. ) ;
#6726 = AXIS2_PLACEMENT_3D ( 'NONE', #5786, #7, #5171 ) ;
#6727 = VECTOR ( 'NONE', #1314, 1000.000000000000000 ) ;
#6728 = CARTESIAN_POINT ( 'NONE',  ( 3.250000000000000444, 2.900000000000000355, -0.02000000000000000042 ) ) ;
#6729 = AXIS2_PLACEMENT_3D ( 'NONE', #5021, #464, #4305 ) ;
#6730 = LINE ( 'NONE', #187, #8526 ) ;
#6731 = DIRECTION ( 'NONE',  ( 1.000000000000000000, 1.047444401652940164E-14, 0.000000000000000000 ) ) ;
#6732 = DIRECTION ( 'NONE',  ( 3.491481338843133355E-15, -1.000000000000000000, 0.000000000000000000 ) ) ;
#6733 = PRESENTATION_LAYER_ASSIGNMENT (  '', '', ( #1571 ) ) ;
#6734 = EDGE_LOOP ( 'NONE', ( #5514, #872, #3134, #1496 ) ) ;
#6735 =( NAMED_UNIT ( * ) PLANE_ANGLE_UNIT ( ) SI_UNIT ( $, .RADIAN. ) );
#6736 = CARTESIAN_POINT ( 'NONE',  ( 0.6270808938087122364, -2.746214464845285530, 0.000000000000000000 ) ) ;
#6737 = STYLED_ITEM ( 'NONE', ( #6255 ), #7762 ) ;
#6738 = CARTESIAN_POINT ( 'NONE',  ( 1.649999999999965938, 3.250000000000017319, -0.02000000000000000042 ) ) ;
#6739 = CARTESIAN_POINT ( 'NONE',  ( 0.5348935181776058867, -2.987223072074873365, 2.117582368135750848E-19 ) ) ;
#6740 = FILL_AREA_STYLE_COLOUR ( '', #8582 ) ;
#6741 = VERTEX_POINT ( 'NONE', #2753 ) ;
#6743 = VECTOR ( 'NONE', #6218, 1000.000000000000000 ) ;
#6742 = SURFACE_STYLE_USAGE ( .BOTH. , #6056 ) ;
#6744 = CARTESIAN_POINT ( 'NONE',  ( -3.250000000000000000, 2.899999999999999911, -0.02000000000000000042 ) ) ;
#6745 =( LENGTH_UNIT ( ) NAMED_UNIT ( * ) SI_UNIT ( .MILLI., .METRE. ) );
#6746 = PRESENTATION_LAYER_ASSIGNMENT (  '', '', ( #6009 ) ) ;
#6747 = FILL_AREA_STYLE_COLOUR ( '', #5878 ) ;
#6748 =( GEOMETRIC_REPRESENTATION_CONTEXT ( 3 ) GLOBAL_UNCERTAINTY_ASSIGNED_CONTEXT ( ( #8665 ) ) GLOBAL_UNIT_ASSIGNED_CONTEXT ( ( #5913, #38, #3061 ) ) REPRESENTATION_CONTEXT ( 'NONE', 'WORKASPACE' ) );
#6749 = LINE ( 'NONE', #8954, #689 ) ;
#6750 = ADVANCED_FACE ( 'NONE', ( #2798 ), #9395, .T. ) ;
#6751 = SURFACE_SIDE_STYLE ('',( #1573 ) ) ;
#6752 = DIRECTION ( 'NONE',  ( -0.000000000000000000, 0.000000000000000000, 1.000000000000000000 ) ) ;
#6753 = CARTESIAN_POINT ( 'NONE',  ( -0.2190458075798705495, -2.765468394293151277, 0.001000000000000000021 ) ) ;
#6754 = ORIENTED_EDGE ( 'NONE', *, *, #2437, .T. ) ;
#6755 = PRESENTATION_STYLE_ASSIGNMENT (( #4575 ) ) ;
#6756 = UNCERTAINTY_MEASURE_WITH_UNIT (LENGTH_MEASURE( 1.000000000000000082E-05 ), #5916, 'distance_accuracy_value', 'NONE');
#6757 = DIRECTION ( 'NONE',  ( 1.047444401652940007E-14, -1.000000000000000000, 0.000000000000000000 ) ) ;
#6758 = PRESENTATION_LAYER_ASSIGNMENT (  '', '', ( #9358 ) ) ;
#6759 = ADVANCED_FACE ( 'NONE', ( #7146 ), #1394, .T. ) ;
#6760 = COLOUR_RGB ( '',0.2235294117647058654, 0.2235294117647058654, 0.2235294117647058654 ) ;
#6761 = CARTESIAN_POINT ( 'NONE',  ( 0.3591122681776059422, -2.749418194026092443, 0.000000000000000000 ) ) ;
#6762 = EDGE_LOOP ( 'NONE', ( #688, #381, #3880, #6989 ) ) ;
#6763 = FILL_AREA_STYLE ('',( #6622 ) ) ;
#6764 = CARTESIAN_POINT ( 'NONE',  ( -2.900000000000000799, 2.899999999999999911, 5.299999999999999822 ) ) ;
#6765 = DIRECTION ( 'NONE',  ( -0.000000000000000000, -0.000000000000000000, -1.000000000000000000 ) ) ;
#6766 = COLOUR_RGB ( '',0.9686274509803921573, 0.8784313725490195957, 0.5999999999999999778 ) ;
#6767 = SURFACE_STYLE_FILL_AREA ( #126 ) ;
#6768 = ORIENTED_EDGE ( 'NONE', *, *, #3802, .T. ) ;
#6769 = CARTESIAN_POINT ( 'NONE',  ( -0.2147817846726387536, -2.759248585543775167, 0.001000000000000000021 ) ) ;
#6770 = VECTOR ( 'NONE', #1051, 1000.000000000000000 ) ;
#6771 = FILL_AREA_STYLE_COLOUR ( '', #367 ) ;
#6772 = EDGE_CURVE ( 'NONE', #1041, #4347, #2227, .T. ) ;
#6773 = CARTESIAN_POINT ( 'NONE',  ( 1.650000000000016787, -4.749999999999993783, 0.000000000000000000 ) ) ;
#6774 = SURFACE_SIDE_STYLE ('',( #3927 ) ) ;
#6775 = ORIENTED_EDGE ( 'NONE', *, *, #8416, .T. ) ;
#6776 = EDGE_LOOP ( 'NONE', ( #4793, #6340, #9048, #7251 ) ) ;
#6777 = ORIENTED_EDGE ( 'NONE', *, *, #3801, .T. ) ;
#6778 = CARTESIAN_POINT ( 'NONE',  ( -0.009043048906411636431, -2.803481518335007472, 2.117582368135750848E-19 ) ) ;
#6779 = DIRECTION ( 'NONE',  ( -0.000000000000000000, -0.000000000000000000, -1.000000000000000000 ) ) ;
#6780 = STYLED_ITEM ( 'NONE', ( #6207 ), #2713 ) ;
#6781 = DIRECTION ( 'NONE',  ( 0.000000000000000000, -0.000000000000000000, 1.000000000000000000 ) ) ;
#6782 = UNCERTAINTY_MEASURE_WITH_UNIT (LENGTH_MEASURE( 1.000000000000000082E-05 ), #321, 'distance_accuracy_value', 'NONE');
#6783 = VECTOR ( 'NONE', #3858, 1000.000000000000000 ) ;
#6784 = EDGE_CURVE ( 'NONE', #2958, #6238, #1495, .T. ) ;
#6785 = CARTESIAN_POINT ( 'NONE',  ( 0.6381442802254901903, -2.756466516795656574, 0.000000000000000000 ) ) ;
#6786 = CARTESIAN_POINT ( 'NONE',  ( 0.6788844946242912348, -2.903746283810091366, 0.000000000000000000 ) ) ;
#6787 = PRESENTATION_STYLE_ASSIGNMENT (( #8009 ) ) ;
#6788 = VECTOR ( 'NONE', #490, 1000.000000000000000 ) ;
#6789 = SURFACE_STYLE_FILL_AREA ( #3399 ) ;
#6790 = CARTESIAN_POINT ( 'NONE',  ( 3.250000000000000444, -0.8499999999999999778, 0.000000000000000000 ) ) ;
#6791 =( NAMED_UNIT ( * ) PLANE_ANGLE_UNIT ( ) SI_UNIT ( $, .RADIAN. ) );
#6792 = CARTESIAN_POINT ( 'NONE',  ( -0.2157924574321501143, -2.753076730611458522, 0.000000000000000000 ) ) ;
#6793 =( LENGTH_UNIT ( ) NAMED_UNIT ( * ) SI_UNIT ( .MILLI., .METRE. ) );
#6794 = COLOUR_RGB ( '',0.9686274509803921573, 0.8784313725490195957, 0.5999999999999999778 ) ;
#6795 =( GEOMETRIC_REPRESENTATION_CONTEXT ( 3 ) GLOBAL_UNCERTAINTY_ASSIGNED_CONTEXT ( ( #6871 ) ) GLOBAL_UNIT_ASSIGNED_CONTEXT ( ( #3105, #236, #4551 ) ) REPRESENTATION_CONTEXT ( 'NONE', 'WORKASPACE' ) );
#6796 = FILL_AREA_STYLE_COLOUR ( '', #7808 ) ;
#6797 = VECTOR ( 'NONE', #350, 1000.000000000000000 ) ;
#6798 = EDGE_CURVE ( 'NONE', #7119, #7811, #5262, .T. ) ;
#6799 = DIRECTION ( 'NONE',  ( -9.035018104045870694E-17, -1.000000000000000000, 0.000000000000000000 ) ) ;
#6800 = AXIS2_PLACEMENT_3D ( 'NONE', #1734, #5236, #312 ) ;
#6801 = CARTESIAN_POINT ( 'NONE',  ( 0.3993561706166303127, -3.016491364757799776, 0.001000000000000000021 ) ) ;
#6802 =( NAMED_UNIT ( * ) SI_UNIT ( $, .STERADIAN. ) SOLID_ANGLE_UNIT ( ) );
#6803 = SPHERICAL_SURFACE ( 'NONE', #5386, 1.000000000000000000 ) ;
#6804 = VECTOR ( 'NONE', #3986, 1000.000000000000000 ) ;
#6805 = VERTEX_POINT ( 'NONE', #3822 ) ;
#6806 = FILL_AREA_STYLE_COLOUR ( '', #2608 ) ;
#6807 = DIRECTION ( 'NONE',  ( 0.000000000000000000, -0.000000000000000000, -1.000000000000000000 ) ) ;
#6808 = CARTESIAN_POINT ( 'NONE',  ( 0.6041202596886104947, -2.963014699177461519, 0.001000000000000000021 ) ) ;
#6809 = ORIENTED_EDGE ( 'NONE', *, *, #489, .T. ) ;
#6810 = CARTESIAN_POINT ( 'NONE',  ( -0.2147817846726387536, -2.759248585543775167, 0.000000000000000000 ) ) ;
#6811 = ADVANCED_FACE ( 'NONE', ( #5896 ), #1017, .T. ) ;
#6812 = CARTESIAN_POINT ( 'NONE',  ( -2.899999999999992806, -4.100000000000000533, 0.8000000000000000444 ) ) ;
#6813 = EDGE_CURVE ( 'NONE', #1508, #8681, #7404, .T. ) ;
#6814 = CARTESIAN_POINT ( 'NONE',  ( 0.4000000000000114020, -3.249999999999999112, -0.02000000000000000042 ) ) ;
#6815 = EDGE_LOOP ( 'NONE', ( #4693, #1158, #1461, #4538 ) ) ;
#6816 = EDGE_LOOP ( 'NONE', ( #9069, #7434, #7756, #8615, #842, #6958, #6421, #9291, #8677, #8772 ) ) ;
#6817 = DIRECTION ( 'NONE',  ( 0.000000000000000000, 0.000000000000000000, -1.000000000000000000 ) ) ;
#6818 = CARTESIAN_POINT ( 'NONE',  ( 0.07054890846258526915, -2.751013895707869583, 0.000000000000000000 ) ) ;
#6819 = CARTESIAN_POINT ( 'NONE',  ( 0.8500000000000113021, -3.249999999999996891, 0.000000000000000000 ) ) ;
#6820 = EDGE_CURVE ( 'NONE', #8023, #4198, #1728, .T. ) ;
#6821 = SURFACE_STYLE_USAGE ( .BOTH. , #7744 ) ;
#6822 = CARTESIAN_POINT ( 'NONE',  ( 0.7066732437873620709, -2.983564535489507286, 0.000000000000000000 ) ) ;
#6823 = ADVANCED_FACE ( 'NONE', ( #3092 ), #8127, .F. ) ;
#6824 = STYLED_ITEM ( 'NONE', ( #390 ), #9050 ) ;
#6825 = CARTESIAN_POINT ( 'NONE',  ( -2.900000000000050093, 4.749999999999969802, 0.000000000000000000 ) ) ;
#6826 =( GEOMETRIC_REPRESENTATION_CONTEXT ( 3 ) GLOBAL_UNCERTAINTY_ASSIGNED_CONTEXT ( ( #7892 ) ) GLOBAL_UNIT_ASSIGNED_CONTEXT ( ( #1855, #1661, #1133 ) ) REPRESENTATION_CONTEXT ( 'NONE', 'WORKASPACE' ) );
#6827 = LINE ( 'NONE', #2478, #5881 ) ;
#6828 = SURFACE_STYLE_FILL_AREA ( #3979 ) ;
#6829 = DIRECTION ( 'NONE',  ( -0.000000000000000000, -0.000000000000000000, 1.000000000000000000 ) ) ;
#6830 = ORIENTED_EDGE ( 'NONE', *, *, #8934, .F. ) ;
#6831 =( NAMED_UNIT ( * ) SI_UNIT ( $, .STERADIAN. ) SOLID_ANGLE_UNIT ( ) );
#6832 = DIRECTION ( 'NONE',  ( -5.421010862427522170E-16, -1.000000000000000000, 0.000000000000000000 ) ) ;
#6833 = VERTEX_POINT ( 'NONE', #1584 ) ;
#6834 =( NAMED_UNIT ( * ) SI_UNIT ( $, .STERADIAN. ) SOLID_ANGLE_UNIT ( ) );
#6835 = AXIS2_PLACEMENT_3D ( 'NONE', #4282, #9388, #7141 ) ;
#6836 = CARTESIAN_POINT ( 'NONE',  ( -0.01964955961218136163, -2.890225812470990530, 0.001000000000000000021 ) ) ;
#6837 = CARTESIAN_POINT ( 'NONE',  ( -3.250000000000000000, 1.649999999999999911, -0.02000000000000000042 ) ) ;
#6838 = UNCERTAINTY_MEASURE_WITH_UNIT (LENGTH_MEASURE( 1.000000000000000082E-05 ), #3608, 'distance_accuracy_value', 'NONE');
#6839 = LINE ( 'NONE', #5324, #6573 ) ;
#6840 = DIRECTION ( 'NONE',  ( 1.000000000000000000, 3.491481338843134144E-15, 0.000000000000000000 ) ) ;
#6841 = STYLED_ITEM ( 'NONE', ( #9190 ), #2071 ) ;
#6842 = PLANE ( 'NONE',  #3115 ) ;
#6843 = EDGE_CURVE ( 'NONE', #3196, #1118, #5338, .T. ) ;
#6844 = SURFACE_STYLE_FILL_AREA ( #6985 ) ;
#6845 = SURFACE_STYLE_USAGE ( .BOTH. , #8994 ) ;
#6846 = LINE ( 'NONE', #340, #1519 ) ;
#6847 =( LENGTH_UNIT ( ) NAMED_UNIT ( * ) SI_UNIT ( .MILLI., .METRE. ) );
#6848 = CARTESIAN_POINT ( 'NONE',  ( -0.3999999999999833689, -4.750000000000001776, -0.02000000000000000042 ) ) ;
#6849 = STYLED_ITEM ( 'NONE', ( #7472 ), #2121 ) ;
#6850 = CARTESIAN_POINT ( 'NONE',  ( -0.2800455062126377959, -2.932345023294385289, 0.000000000000000000 ) ) ;
#6851 = CARTESIAN_POINT ( 'NONE',  ( 0.09518315232394750081, -2.716491364757799953, 0.000000000000000000 ) ) ;
#6852 = CARTESIAN_POINT ( 'NONE',  ( -2.899999999999993694, 3.899999999999999911, 6.299999999999999822 ) ) ;
#6853 = CARTESIAN_POINT ( 'NONE',  ( -5.050000000000001599, -5.049999999999999822, 0.8000000000000000444 ) ) ;
#6854 = ORIENTED_EDGE ( 'NONE', *, *, #550, .F. ) ;
#6855 = FACE_OUTER_BOUND ( 'NONE', #7294, .T. ) ;
#6856 = CARTESIAN_POINT ( 'NONE',  ( -0.3543023659687354887, -3.016491364757799776, 0.001000000000000000021 ) ) ;
#6857 = SURFACE_STYLE_FILL_AREA ( #6075 ) ;
#6858 = PRESENTATION_STYLE_ASSIGNMENT (( #1788 ) ) ;
#6859 =( NAMED_UNIT ( * ) SI_UNIT ( $, .STERADIAN. ) SOLID_ANGLE_UNIT ( ) );
#6860 = COLOUR_RGB ( '',0.6666666666666666297, 0.6980392156862744724, 0.7686274509803920907 ) ;
#6861 = CARTESIAN_POINT ( 'NONE',  ( -0.2179478723956538855, -2.759638298699388148, 0.000000000000000000 ) ) ;
#6862 = LINE ( 'NONE', #9208, #702 ) ;
#6863 = PRESENTATION_LAYER_ASSIGNMENT (  '', '', ( #6279 ) ) ;
#6864 = CARTESIAN_POINT ( 'NONE',  ( -0.1969852927980037249, -2.716491364757799953, 0.001000000000000000021 ) ) ;
#6865 = VERTEX_POINT ( 'NONE', #7540 ) ;
#6866 =( NAMED_UNIT ( * ) PLANE_ANGLE_UNIT ( ) SI_UNIT ( $, .RADIAN. ) );
#6867 = FACE_OUTER_BOUND ( 'NONE', #4588, .T. ) ;
#6868 = STYLED_ITEM ( 'NONE', ( #839 ), #959 ) ;
#6869 = VECTOR ( 'NONE', #3135, 1000.000000000000000 ) ;
#6870 = CARTESIAN_POINT ( 'NONE',  ( 0.5518313154461953474, -2.747701419169913617, 0.000000000000000000 ) ) ;
#6871 = UNCERTAINTY_MEASURE_WITH_UNIT (LENGTH_MEASURE( 1.000000000000000082E-05 ), #3105, 'distance_accuracy_value', 'NONE');
#6872 = LINE ( 'NONE', #366, #9374 ) ;
#6873 = LINE ( 'NONE', #1751, #6153 ) ;
#6874 = FILL_AREA_STYLE_COLOUR ( '', #93 ) ;
#6875 = EDGE_CURVE ( 'NONE', #594, #9160, #8868, .T. ) ;
#6876 =( GEOMETRIC_REPRESENTATION_CONTEXT ( 3 ) GLOBAL_UNCERTAINTY_ASSIGNED_CONTEXT ( ( #3821 ) ) GLOBAL_UNIT_ASSIGNED_CONTEXT ( ( #6745, #915, #3948 ) ) REPRESENTATION_CONTEXT ( 'NONE', 'WORKASPACE' ) );
#6877 = STYLED_ITEM ( 'NONE', ( #5098 ), #6106 ) ;
#6878 = LINE ( 'NONE', #3939, #8817 ) ;
#6879 = SURFACE_SIDE_STYLE ('',( #5444 ) ) ;
#6880 = ORIENTED_EDGE ( 'NONE', *, *, #5327, .F. ) ;
#6881 = AXIS2_PLACEMENT_3D ( 'NONE', #37, #5303, #2335 ) ;
#6882 = EDGE_CURVE ( 'NONE', #3089, #8269, #9003, .T. ) ;
#6883 = CARTESIAN_POINT ( 'NONE',  ( -0.8500000000000498268, 4.749999999999991118, -0.02000000000000000042 ) ) ;
#6884 = ORIENTED_EDGE ( 'NONE', *, *, #7053, .F. ) ;
#6885 = UNCERTAINTY_MEASURE_WITH_UNIT (LENGTH_MEASURE( 1.000000000000000082E-05 ), #7868, 'distance_accuracy_value', 'NONE');
#6886 =( GEOMETRIC_REPRESENTATION_CONTEXT ( 3 ) GLOBAL_UNCERTAINTY_ASSIGNED_CONTEXT ( ( #7403 ) ) GLOBAL_UNIT_ASSIGNED_CONTEXT ( ( #3006, #6532, #5906 ) ) REPRESENTATION_CONTEXT ( 'NONE', 'WORKASPACE' ) );
#6887 = AXIS2_PLACEMENT_3D ( 'NONE', #5053, #3681, #8790 ) ;
#6888 = PRESENTATION_LAYER_ASSIGNMENT (  '', '', ( #6737 ) ) ;
#6889 = ORIENTED_EDGE ( 'NONE', *, *, #5706, .F. ) ;
#6890 = DIRECTION ( 'NONE',  ( -1.000000000000000000, 0.000000000000000000, 0.000000000000000000 ) ) ;
#6891 = FILL_AREA_STYLE_COLOUR ( '', #838 ) ;
#6892 =( GEOMETRIC_REPRESENTATION_CONTEXT ( 3 ) GLOBAL_UNCERTAINTY_ASSIGNED_CONTEXT ( ( #8754 ) ) GLOBAL_UNIT_ASSIGNED_CONTEXT ( ( #2178, #4299, #5382 ) ) REPRESENTATION_CONTEXT ( 'NONE', 'WORKASPACE' ) );
#6893 = LINE ( 'NONE', #3321, #4059 ) ;
#6894 =( GEOMETRIC_REPRESENTATION_CONTEXT ( 3 ) GLOBAL_UNCERTAINTY_ASSIGNED_CONTEXT ( ( #1813 ) ) GLOBAL_UNIT_ASSIGNED_CONTEXT ( ( #8899, #5317, #6053 ) ) REPRESENTATION_CONTEXT ( 'NONE', 'WORKASPACE' ) );
#6895 =( NAMED_UNIT ( * ) SI_UNIT ( $, .STERADIAN. ) SOLID_ANGLE_UNIT ( ) );
#6896 = DIRECTION ( 'NONE',  ( 0.000000000000000000, 0.000000000000000000, 1.000000000000000000 ) ) ;
#6897 = SURFACE_STYLE_FILL_AREA ( #8861 ) ;
#6898 = DIRECTION ( 'NONE',  ( 1.000000000000000000, 2.949380252600381533E-15, 0.000000000000000000 ) ) ;
#6899 = EDGE_CURVE ( 'NONE', #2086, #6327, #3920, .T. ) ;
#6900 = SURFACE_SIDE_STYLE ('',( #1777 ) ) ;
#6901 = FILL_AREA_STYLE_COLOUR ( '', #2403 ) ;
#6902 = SURFACE_SIDE_STYLE ('',( #397 ) ) ;
#6903 = VERTEX_POINT ( 'NONE', #441 ) ;
#6904 = VECTOR ( 'NONE', #6557, 1000.000000000000000 ) ;
#6905 = VERTEX_POINT ( 'NONE', #3375 ) ;
#6906 = CARTESIAN_POINT ( 'NONE',  ( 0.1798439754946791203, -3.016491364757799776, 0.001000000000000000021 ) ) ;
#6907 =( NAMED_UNIT ( * ) PLANE_ANGLE_UNIT ( ) SI_UNIT ( $, .RADIAN. ) );
#6908 = CYLINDRICAL_SURFACE ( 'NONE', #8560, 0.2000000000000000944 ) ;
#6909 = PRESENTATION_LAYER_ASSIGNMENT (  '', '', ( #8903 ) ) ;
#6910 = ORIENTED_EDGE ( 'NONE', *, *, #6524, .F. ) ;
#6911 = FILL_AREA_STYLE ('',( #1257 ) ) ;
#6912 =( NAMED_UNIT ( * ) PLANE_ANGLE_UNIT ( ) SI_UNIT ( $, .RADIAN. ) );
#6913 = CARTESIAN_POINT ( 'NONE',  ( -4.750000000000000000, 2.899999999999999911, 0.000000000000000000 ) ) ;
#6914 = LINE ( 'NONE', #1951, #1740 ) ;
#6915 = ORIENTED_EDGE ( 'NONE', *, *, #7191, .F. ) ;
#6916 = VECTOR ( 'NONE', #2345, 1000.000000000000000 ) ;
#6917 = MECHANICAL_DESIGN_GEOMETRIC_PRESENTATION_REPRESENTATION (  '', ( #8908 ), #9361 ) ;
#6918 = CARTESIAN_POINT ( 'NONE',  ( -0.02127720252571943180, -2.858979702875077411, -0.000000000000000000 ) ) ;
#6919 = FILL_AREA_STYLE_COLOUR ( '', #8020 ) ;
#6920 = VECTOR ( 'NONE', #2248, 1000.000000000000000 ) ;
#6921 = EDGE_CURVE ( 'NONE', #6336, #35, #6210, .T. ) ;
#6922 = PLANE ( 'NONE',  #2659 ) ;
#6923 = FACE_BOUND ( 'NONE', #7101, .T. ) ;
#6924 = LINE ( 'NONE', #1754, #5612 ) ;
#6925 = ORIENTED_EDGE ( 'NONE', *, *, #6875, .T. ) ;
#6926 = DIRECTION ( 'NONE',  ( -0.000000000000000000, -0.000000000000000000, 1.000000000000000000 ) ) ;
#6927 = STYLED_ITEM ( 'NONE', ( #2271 ), #2588 ) ;
#6928 = ORIENTED_EDGE ( 'NONE', *, *, #7959, .F. ) ;
#6929 = STYLED_ITEM ( 'NONE', ( #5802 ), #197 ) ;
#6930 = CARTESIAN_POINT ( 'NONE',  ( 0.4827060752620407902, -2.753141720121554226, 0.001000000000000000021 ) ) ;
#6931 = VECTOR ( 'NONE', #4921, 1000.000000000000000 ) ;
#6932 = DIRECTION ( 'NONE',  ( 0.000000000000000000, 0.000000000000000000, 1.000000000000000000 ) ) ;
#6933 = ADVANCED_FACE ( 'NONE', ( #1054 ), #7672, .T. ) ;
#6934 = LINE ( 'NONE', #3552, #6945 ) ;
#6935 = ORIENTED_EDGE ( 'NONE', *, *, #3754, .F. ) ;
#6936 = UNCERTAINTY_MEASURE_WITH_UNIT (LENGTH_MEASURE( 1.000000000000000082E-05 ), #158, 'distance_accuracy_value', 'NONE');
#6937 = COLOUR_RGB ( '',0.9686274509803921573, 0.8784313725490195957, 0.5999999999999999778 ) ;
#6938 = EDGE_CURVE ( 'NONE', #1755, #5756, #8356, .T. ) ;
#6939 = LINE ( 'NONE', #432, #651 ) ;
#6940 = LINE ( 'NONE', #5551, #7984 ) ;
#6941 = CARTESIAN_POINT ( 'NONE',  ( -2.899999999999999911, -2.900000000000000355, 5.299999999999999822 ) ) ;
#6942 = EDGE_CURVE ( 'NONE', #135, #4685, #8760, .T. ) ;
#6943 =( NAMED_UNIT ( * ) SI_UNIT ( $, .STERADIAN. ) SOLID_ANGLE_UNIT ( ) );
#6944 = EDGE_LOOP ( 'NONE', ( #4703, #8273, #5152, #2109 ) ) ;
#6945 = VECTOR ( 'NONE', #2678, 1000.000000000000000 ) ;
#6946 = COLOUR_RGB ( '',0.2235294117647058654, 0.2235294117647058654, 0.2235294117647058654 ) ;
#6947 = ADVANCED_FACE ( 'NONE', ( #5615 ), #346, .T. ) ;
#6948 = CARTESIAN_POINT ( 'NONE',  ( -0.01704690236302308995, -2.756011231037401643, 0.000000000000000000 ) ) ;
#6949 = CARTESIAN_POINT ( 'NONE',  ( 0.4935631600167175725, -2.982538857037524416, 0.001000000000000000021 ) ) ;
#6950 = EDGE_LOOP ( 'NONE', ( #3483, #4915, #8967, #5702 ) ) ;
#6951 =( GEOMETRIC_REPRESENTATION_CONTEXT ( 3 ) GLOBAL_UNCERTAINTY_ASSIGNED_CONTEXT ( ( #3209 ) ) GLOBAL_UNIT_ASSIGNED_CONTEXT ( ( #1902, #5584, #3297 ) ) REPRESENTATION_CONTEXT ( 'NONE', 'WORKASPACE' ) );
#6952 = EDGE_CURVE ( 'NONE', #5755, #8726, #7820, .T. ) ;
#6953 = CARTESIAN_POINT ( 'NONE',  ( 0.6717735435510672204, -2.932368633417598236, 0.000000000000000000 ) ) ;
#6954 =( NAMED_UNIT ( * ) SI_UNIT ( $, .STERADIAN. ) SOLID_ANGLE_UNIT ( ) );
#6955 = ORIENTED_EDGE ( 'NONE', *, *, #338, .T. ) ;
#6956 = LINE ( 'NONE', #9153, #584 ) ;
#6957 =( NAMED_UNIT ( * ) SI_UNIT ( $, .STERADIAN. ) SOLID_ANGLE_UNIT ( ) );
#6958 = ORIENTED_EDGE ( 'NONE', *, *, #7134, .T. ) ;
#6959 = LINE ( 'NONE', #9258, #666 ) ;
#6960 = CARTESIAN_POINT ( 'NONE',  ( -0.2210202200414741192, -2.772916365641378889, 0.000000000000000000 ) ) ;
#6961 = LINE ( 'NONE', #6913, #7392 ) ;
#6962 = DIRECTION ( 'NONE',  ( 0.000000000000000000, 0.000000000000000000, 1.000000000000000000 ) ) ;
#6963 = ORIENTED_EDGE ( 'NONE', *, *, #5178, .T. ) ;
#6964 = PRESENTATION_STYLE_ASSIGNMENT (( #1264 ) ) ;
#6965 = EDGE_CURVE ( 'NONE', #1600, #6865, #5827, .T. ) ;
#6966 =( LENGTH_UNIT ( ) NAMED_UNIT ( * ) SI_UNIT ( .MILLI., .METRE. ) );
#6967 = SURFACE_SIDE_STYLE ('',( #1267 ) ) ;
#6968 = CARTESIAN_POINT ( 'NONE',  ( 2.099999999999965894, 3.250000000000022204, 0.000000000000000000 ) ) ;
#6969 = UNCERTAINTY_MEASURE_WITH_UNIT (LENGTH_MEASURE( 1.000000000000000082E-05 ), #752, 'distance_accuracy_value', 'NONE');
#6970 =( LENGTH_UNIT ( ) NAMED_UNIT ( * ) SI_UNIT ( .MILLI., .METRE. ) );
#6971 = DIRECTION ( 'NONE',  ( -0.000000000000000000, -0.000000000000000000, 1.000000000000000000 ) ) ;
#6972 = FACE_BOUND ( 'NONE', #587, .T. ) ;
#6973 = ORIENTED_EDGE ( 'NONE', *, *, #4130, .T. ) ;
#6974 = DIRECTION ( 'NONE',  ( 1.047444401652940164E-14, -1.000000000000000000, 0.000000000000000000 ) ) ;
#6975 = FACE_OUTER_BOUND ( 'NONE', #2073, .T. ) ;
#6976 = VERTEX_POINT ( 'NONE', #678 ) ;
#6977 = UNCERTAINTY_MEASURE_WITH_UNIT (LENGTH_MEASURE( 1.000000000000000082E-05 ), #9045, 'distance_accuracy_value', 'NONE');
#6978 = CARTESIAN_POINT ( 'NONE',  ( 0.4605568716708117738, -2.763418922616454498, 0.000000000000000000 ) ) ;
#6979 =( LENGTH_UNIT ( ) NAMED_UNIT ( * ) SI_UNIT ( .MILLI., .METRE. ) );
#6980 = ORIENTED_EDGE ( 'NONE', *, *, #9390, .F. ) ;
#6981 = CARTESIAN_POINT ( 'NONE',  ( 2.100000000000016964, -4.749999999999992895, 0.000000000000000000 ) ) ;
#6982 =( LENGTH_UNIT ( ) NAMED_UNIT ( * ) SI_UNIT ( .MILLI., .METRE. ) );
#6983 = LINE ( 'NONE', #1194, #4373 ) ;
#6984 = DIRECTION ( 'NONE',  ( -0.000000000000000000, -0.000000000000000000, -1.000000000000000000 ) ) ;
#6985 = FILL_AREA_STYLE ('',( #7760 ) ) ;
#6986 =( GEOMETRIC_REPRESENTATION_CONTEXT ( 3 ) GLOBAL_UNCERTAINTY_ASSIGNED_CONTEXT ( ( #5068 ) ) GLOBAL_UNIT_ASSIGNED_CONTEXT ( ( #660, #1875, #4811 ) ) REPRESENTATION_CONTEXT ( 'NONE', 'WORKASPACE' ) );
#6987 =( LENGTH_UNIT ( ) NAMED_UNIT ( * ) SI_UNIT ( .MILLI., .METRE. ) );
#6988 = SURFACE_SIDE_STYLE ('',( #4181 ) ) ;
#6989 = ORIENTED_EDGE ( 'NONE', *, *, #3713, .T. ) ;
#6990 = ORIENTED_EDGE ( 'NONE', *, *, #2196, .F. ) ;
#6991 = PRESENTATION_STYLE_ASSIGNMENT (( #3998 ) ) ;
#6992 = VECTOR ( 'NONE', #221, 1000.000000000000000 ) ;
#6993 = LINE ( 'NONE', #481, #7761 ) ;
#6994 = CARTESIAN_POINT ( 'NONE',  ( 0.5348935181776058867, -2.987223072074873365, 0.001000000000000000021 ) ) ;
#6995 = CARTESIAN_POINT ( 'NONE',  ( 0.5241280184596512903, -2.987081729733275903, 0.000000000000000000 ) ) ;
#6996 = ADVANCED_FACE ( 'NONE', ( #9287 ), #7092, .F. ) ;
#6997 = ORIENTED_EDGE ( 'NONE', *, *, #9180, .T. ) ;
#6998 = FILL_AREA_STYLE_COLOUR ( '', #2514 ) ;
#6999 = CARTESIAN_POINT ( 'NONE',  ( 0.6330120495431426075, -2.989168906985424812, 0.001000000000000000021 ) ) ;
#7000 = EDGE_CURVE ( 'NONE', #5180, #5647, #4371, .T. ) ;
#7001 = SURFACE_STYLE_USAGE ( .BOTH. , #2024 ) ;
#7002 = TOROIDAL_SURFACE ( 'NONE', #9135, 1.199999999999999956, 0.2000000000000000111 ) ;
#7003 = ORIENTED_EDGE ( 'NONE', *, *, #6242, .T. ) ;
#7004 = DIRECTION ( 'NONE',  ( -0.000000000000000000, -0.000000000000000000, 1.000000000000000000 ) ) ;
#7005 =( NAMED_UNIT ( * ) PLANE_ANGLE_UNIT ( ) SI_UNIT ( $, .RADIAN. ) );
#7006 = ORIENTED_EDGE ( 'NONE', *, *, #4669, .F. ) ;
#7007 = DIRECTION ( 'NONE',  ( -1.000000000000000000, 5.421010862427523156E-16, 0.000000000000000000 ) ) ;
#7008 = CARTESIAN_POINT ( 'NONE',  ( 0.5445388858815987110, -2.713206208589980850, 0.001000000000000000021 ) ) ;
#7009 = FACE_OUTER_BOUND ( 'NONE', #6776, .T. ) ;
#7010 = EDGE_LOOP ( 'NONE', ( #129, #7824, #3254, #5609 ) ) ;
#7011 = FACE_OUTER_BOUND ( 'NONE', #2388, .T. ) ;
#7012 = FACE_OUTER_BOUND ( 'NONE', #5224, .T. ) ;
#7013 = CARTESIAN_POINT ( 'NONE',  ( 0.2456976340312645724, -2.749418194026092443, 0.001000000000000000021 ) ) ;
#7014 = SURFACE_STYLE_USAGE ( .BOTH. , #6967 ) ;
#7015 = FILL_AREA_STYLE_COLOUR ( '', #6193 ) ;
#7016 = FILL_AREA_STYLE_COLOUR ( '', #811 ) ;
#7017 = DIRECTION ( 'NONE',  ( -0.000000000000000000, 0.000000000000000000, 1.000000000000000000 ) ) ;
#7018 = EDGE_CURVE ( 'NONE', #531, #5129, #9248, .T. ) ;
#7019 = EDGE_CURVE ( 'NONE', #1552, #4741, #1245, .T. ) ;
#7020 = ORIENTED_EDGE ( 'NONE', *, *, #4778, .T. ) ;
#7021 = SURFACE_SIDE_STYLE ('',( #7941 ) ) ;
#7022 = STYLED_ITEM ( 'NONE', ( #3715 ), #5586 ) ;
#7023 = FILL_AREA_STYLE ('',( #7849 ) ) ;
#7024 = EDGE_LOOP ( 'NONE', ( #3346, #7794, #2847, #6724 ) ) ;
#7025 = CARTESIAN_POINT ( 'NONE',  ( 0.4658608728326150139, -2.760336898401609673, 0.001000000000000000021 ) ) ;
#7026 = CARTESIAN_POINT ( 'NONE',  ( -0.01718887640476395376, -2.902504321437422430, 0.001000000000000000021 ) ) ;
#7027 = DIRECTION ( 'NONE',  ( 0.3393303772748775815, 0.9406672605435404400, 0.000000000000000000 ) ) ;
#7028 = VERTEX_POINT ( 'NONE', #1289 ) ;
#7029 = MECHANICAL_DESIGN_GEOMETRIC_PRESENTATION_REPRESENTATION (  '', ( #6422 ), #7802 ) ;
#7030 = PRESENTATION_LAYER_ASSIGNMENT (  '', '', ( #7340 ) ) ;
#7031 = CARTESIAN_POINT ( 'NONE',  ( 0.02703099031408841280, -2.965996171119433811, 0.001000000000000000021 ) ) ;
#7032 = DIRECTION ( 'NONE',  ( 0.000000000000000000, 1.000000000000000000, -0.000000000000000000 ) ) ;
#7033 = EDGE_LOOP ( 'NONE', ( #5663, #6654, #3714, #6664 ) ) ;
#7034 =( NAMED_UNIT ( * ) SI_UNIT ( $, .STERADIAN. ) SOLID_ANGLE_UNIT ( ) );
#7035 = DIRECTION ( 'NONE',  ( -6.938893903907228378E-15, 1.000000000000000000, 0.000000000000000000 ) ) ;
#7036 = SURFACE_STYLE_FILL_AREA ( #391 ) ;
#7037 = ORIENTED_EDGE ( 'NONE', *, *, #718, .T. ) ;
#7038 = STYLED_ITEM ( 'NONE', ( #4259 ), #7590 ) ;
#7039 = DIRECTION ( 'NONE',  ( 2.949380252600381533E-15, -1.000000000000000000, 0.000000000000000000 ) ) ;
#7040 = EDGE_CURVE ( 'NONE', #8884, #609, #2890, .T. ) ;
#7041 = VECTOR ( 'NONE', #4076, 1000.000000000000000 ) ;
#7042 = COLOUR_RGB ( '',1.000000000000000000, 0.9372549019607843146, 0.1372549019607843257 ) ;
#7043 = FILL_AREA_STYLE_COLOUR ( '', #4853 ) ;
#7044 = DIRECTION ( 'NONE',  ( -0.000000000000000000, 1.000000000000000000, -0.000000000000000000 ) ) ;
#7045 = ORIENTED_EDGE ( 'NONE', *, *, #3644, .T. ) ;
#7046 = CARTESIAN_POINT ( 'NONE',  ( -2.899999999999999911, -2.900000000000000355, 6.299999999999999822 ) ) ;
#7047 = DIRECTION ( 'NONE',  ( 3.491481338843133355E-15, -1.000000000000000000, 0.000000000000000000 ) ) ;
#7048 =( LENGTH_UNIT ( ) NAMED_UNIT ( * ) SI_UNIT ( .MILLI., .METRE. ) );
#7049 = ORIENTED_EDGE ( 'NONE', *, *, #1246, .T. ) ;
#7050 = AXIS2_PLACEMENT_3D ( 'NONE', #22, #4430, #5846 ) ;
#7051 = FILL_AREA_STYLE_COLOUR ( '', #5618 ) ;
#7052 = MECHANICAL_DESIGN_GEOMETRIC_PRESENTATION_REPRESENTATION (  '', ( #987 ), #5571 ) ;
#7053 = EDGE_CURVE ( 'NONE', #3058, #1508, #2158, .T. ) ;
#7054 = SURFACE_SIDE_STYLE ('',( #4951 ) ) ;
#7055 = ORIENTED_EDGE ( 'NONE', *, *, #5610, .F. ) ;
#7056 = PRESENTATION_STYLE_ASSIGNMENT (( #4199 ) ) ;
#7057 = CARTESIAN_POINT ( 'NONE',  ( -0.2171802650133558554, -2.755382942802756752, 0.001000000000000000021 ) ) ;
#7058 = FACE_OUTER_BOUND ( 'NONE', #1459, .T. ) ;
#7059 = LINE ( 'NONE', #1169, #6592 ) ;
#7060 = EDGE_LOOP ( 'NONE', ( #5543, #8606, #8322, #3623 ) ) ;
#7061 = MECHANICAL_DESIGN_GEOMETRIC_PRESENTATION_REPRESENTATION (  '', ( #1286 ), #9343 ) ;
#7062 = SURFACE_SIDE_STYLE ('',( #6177 ) ) ;
#7063 = DIRECTION ( 'NONE',  ( 1.000000000000000000, 0.000000000000000000, 0.000000000000000000 ) ) ;
#7064 = CARTESIAN_POINT ( 'NONE',  ( 0.006886008762042548741, -2.993127155745622936, 0.000000000000000000 ) ) ;
#7065 = COLOUR_RGB ( '',0.2235294117647058654, 0.2235294117647058654, 0.2235294117647058654 ) ;
#7066 = SURFACE_STYLE_USAGE ( .BOTH. , #9116 ) ;
#7067 = EDGE_CURVE ( 'NONE', #7576, #6391, #8542, .T. ) ;
#7068 = CARTESIAN_POINT ( 'NONE',  ( 4.750000000000000000, -0.3999999999999999667, -0.02000000000000000042 ) ) ;
#7069 = PRESENTATION_LAYER_ASSIGNMENT (  '', '', ( #4530 ) ) ;
#7070 = LINE ( 'NONE', #3355, #4209 ) ;
#7071 = FACE_BOUND ( 'NONE', #3878, .T. ) ;
#7072 = COLOUR_RGB ( '',0.9686274509803921573, 0.8784313725490195957, 0.5999999999999999778 ) ;
#7073 = EDGE_LOOP ( 'NONE', ( #4182, #1341, #6620, #6809 ) ) ;
#7074 = CARTESIAN_POINT ( 'NONE',  ( 0.4849902145089665662, -3.012820023766296096, 0.001000000000000000021 ) ) ;
#7075 = ORIENTED_EDGE ( 'NONE', *, *, #4273, .F. ) ;
#7076 = DIRECTION ( 'NONE',  ( -0.000000000000000000, -0.000000000000000000, -1.000000000000000000 ) ) ;
#7077 = FILL_AREA_STYLE ('',( #42 ) ) ;
#7078 = CARTESIAN_POINT ( 'NONE',  ( -0.03664302130330721746, -2.777579079482656699, 0.001000000000000000021 ) ) ;
#7079 = PRESENTATION_LAYER_ASSIGNMENT (  '', '', ( #8018 ) ) ;
#7080 = EDGE_CURVE ( 'NONE', #8879, #721, #5173, .T. ) ;
#7081 = CARTESIAN_POINT ( 'NONE',  ( -0.01964955961218136163, -2.890225812470990530, 0.000000000000000000 ) ) ;
#7082 = VECTOR ( 'NONE', #7598, 1000.000000000000000 ) ;
#7083 = CARTESIAN_POINT ( 'NONE',  ( 0.09535464622638649412, -2.749418194026092443, 0.001000000000000000021 ) ) ;
#7084 = SURFACE_STYLE_USAGE ( .BOTH. , #8625 ) ;
#7085 = PRESENTATION_LAYER_ASSIGNMENT (  '', '', ( #5899 ) ) ;
#7086 = CARTESIAN_POINT ( 'NONE',  ( 0.000000000000000000, 0.000000000000000000, 0.001000000000000000021 ) ) ;
#7087 = VERTEX_POINT ( 'NONE', #2986 ) ;
#7088 = VECTOR ( 'NONE', #3304, 1000.000000000000000 ) ;
#7089 = PLANE ( 'NONE',  #4338 ) ;
#7090 = AXIS2_PLACEMENT_3D ( 'NONE', #9123, #4027, #2445 ) ;
#7091 = SURFACE_STYLE_USAGE ( .BOTH. , #623 ) ;
#7092 = PLANE ( 'NONE',  #3292 ) ;
#7093 = VERTEX_POINT ( 'NONE', #1569 ) ;
#7094 = FILL_AREA_STYLE ('',( #625 ) ) ;
#7095 = SURFACE_STYLE_FILL_AREA ( #8506 ) ;
#7096 = PLANE ( 'NONE',  #5187 ) ;
#7097 = ORIENTED_EDGE ( 'NONE', *, *, #919, .T. ) ;
#7098 = CARTESIAN_POINT ( 'NONE',  ( 0.8500000000000166311, -4.749999999999997335, -0.02000000000000000042 ) ) ;
#7099 =( NAMED_UNIT ( * ) PLANE_ANGLE_UNIT ( ) SI_UNIT ( $, .RADIAN. ) );
#7100 = FILL_AREA_STYLE ('',( #9293 ) ) ;
#7101 = EDGE_LOOP ( 'NONE', ( #891, #2672, #53, #3586 ) ) ;
#7102 = CARTESIAN_POINT ( 'NONE',  ( -0.1969852927980037249, -2.716491364757799953, 0.000000000000000000 ) ) ;
#7103 = VECTOR ( 'NONE', #653, 1000.000000000000000 ) ;
#7104 = CARTESIAN_POINT ( 'NONE',  ( -1.575000000000000178, 0.9250000000000000444, -0.02000000000000000042 ) ) ;
#7105 = VERTEX_POINT ( 'NONE', #5883 ) ;
#7106 = DIRECTION ( 'NONE',  ( 1.000000000000000000, 0.000000000000000000, 0.000000000000000000 ) ) ;
#7107 = SURFACE_STYLE_FILL_AREA ( #9351 ) ;
#7108 = FILL_AREA_STYLE ('',( #4211 ) ) ;
#7109 =( LENGTH_UNIT ( ) NAMED_UNIT ( * ) SI_UNIT ( .MILLI., .METRE. ) );
#7110 = CARTESIAN_POINT ( 'NONE',  ( 2.399999999999999023, 2.399999999999999911, -6.808225099390855739 ) ) ;
#7111 =( GEOMETRIC_REPRESENTATION_CONTEXT ( 3 ) GLOBAL_UNCERTAINTY_ASSIGNED_CONTEXT ( ( #4744 ) ) GLOBAL_UNIT_ASSIGNED_CONTEXT ( ( #29, #9355, #8042 ) ) REPRESENTATION_CONTEXT ( 'NONE', 'WORKASPACE' ) );
#7112 = ADVANCED_FACE ( 'NONE', ( #113 ), #8907, .F. ) ;
#7113 = ORIENTED_EDGE ( 'NONE', *, *, #7430, .T. ) ;
#7114 = CARTESIAN_POINT ( 'NONE',  ( 0.4578927559824840232, -2.724723072074873187, 0.000000000000000000 ) ) ;
#7115 = EDGE_CURVE ( 'NONE', #4929, #451, #8809, .T. ) ;
#7116 = CARTESIAN_POINT ( 'NONE',  ( -3.250000000000000000, -0.8500000000000000888, -0.02000000000000000042 ) ) ;
#7117 = SURFACE_STYLE_FILL_AREA ( #1316 ) ;
#7118 = EDGE_LOOP ( 'NONE', ( #7655, #1895, #7594, #3416 ) ) ;
#7119 = VERTEX_POINT ( 'NONE', #3811 ) ;
#7120 = UNCERTAINTY_MEASURE_WITH_UNIT (LENGTH_MEASURE( 1.000000000000000082E-05 ), #6987, 'distance_accuracy_value', 'NONE');
#7121 = ADVANCED_FACE ( 'NONE', ( #4420 ), #2361, .F. ) ;
#7122 = B_SPLINE_SURFACE_WITH_KNOTS ( 'NONE', 3, 1, ( 
 ( #6994, #9145 ),
 ( #4812, #9002 ),
 ( #5614, #306 ),
 ( #3232, #1157 ),
 ( #6163, #2638 ),
 ( #6949, #440 ),
 ( #6253, #6115 ),
 ( #8453, #396 ),
 ( #7581, #8501 ),
 ( #1980, #2505 ),
 ( #4903, #4726 ) ),
 .UNSPECIFIED., .F., .F., .F.,
 ( 4, 1, 1, 1, 1, 1, 1, 1, 4 ),
 ( 2, 2 ),
 ( 0.000000000000000000, 0.1352946047634291660, 0.2667656579247479343, 0.3948160188358714184, 0.5200516544342449476, 0.6421757029708214937, 0.7626518205584231769, 0.8818340043805000805, 1.000000000000000000 ),
 ( 0.000000000000000000, 1.000000000000000000 ),
 .UNSPECIFIED. ) ;
#7123 = ORIENTED_EDGE ( 'NONE', *, *, #5613, .T. ) ;
#7124 = EDGE_CURVE ( 'NONE', #7105, #8136, #2412, .T. ) ;
#7125 =( NAMED_UNIT ( * ) SI_UNIT ( $, .STERADIAN. ) SOLID_ANGLE_UNIT ( ) );
#7126 = CARTESIAN_POINT ( 'NONE',  ( -0.04445683940490700869, -2.789659750863539234, 0.001000000000000000021 ) ) ;
#7127 = CARTESIAN_POINT ( 'NONE',  ( -0.02107083002889863221, -2.877157380882158222, 0.000000000000000000 ) ) ;
#7128 = DIRECTION ( 'NONE',  ( 0.000000000000000000, 0.000000000000000000, -1.000000000000000000 ) ) ;
#7129 = PRESENTATION_STYLE_ASSIGNMENT (( #2776 ) ) ;
#7130 = LINE ( 'NONE', #6380, #6046 ) ;
#7131 = SURFACE_STYLE_USAGE ( .BOTH. , #8676 ) ;
#7132 = ORIENTED_EDGE ( 'NONE', *, *, #2429, .T. ) ;
#7133 = COLOUR_RGB ( '',0.2235294117647058654, 0.2235294117647058654, 0.2235294117647058654 ) ;
#7134 = EDGE_CURVE ( 'NONE', #5359, #3816, #6749, .T. ) ;
#7135 = CARTESIAN_POINT ( 'NONE',  ( -3.250000000000000000, 1.649999999999999911, -0.02000000000000000042 ) ) ;
#7136 =( NAMED_UNIT ( * ) SI_UNIT ( $, .STERADIAN. ) SOLID_ANGLE_UNIT ( ) );
#7137 = ORIENTED_EDGE ( 'NONE', *, *, #3326, .F. ) ;
#7138 = DIRECTION ( 'NONE',  ( -0.000000000000000000, -0.000000000000000000, 1.000000000000000000 ) ) ;
#7139 = SURFACE_STYLE_USAGE ( .BOTH. , #6353 ) ;
#7140 = ORIENTED_EDGE ( 'NONE', *, *, #3493, .F. ) ;
#7141 = DIRECTION ( 'NONE',  ( 0.000000000000000000, -0.000000000000000000, 1.000000000000000000 ) ) ;
#7142 = VECTOR ( 'NONE', #9353, 1000.000000000000000 ) ;
#7143 = COLOUR_RGB ( '',0.2235294117647058654, 0.2235294117647058654, 0.2235294117647058654 ) ;
#7144 = PRESENTATION_STYLE_ASSIGNMENT (( #4284 ) ) ;
#7145 = LINE ( 'NONE', #3528, #5842 ) ;
#7146 = FACE_OUTER_BOUND ( 'NONE', #8690, .T. ) ;
#7147 = VERTEX_POINT ( 'NONE', #768 ) ;
#7148 = ORIENTED_EDGE ( 'NONE', *, *, #1577, .F. ) ;
#7149 = STYLED_ITEM ( 'NONE', ( #8764 ), #2098 ) ;
#7150 = VERTEX_POINT ( 'NONE', #815 ) ;
#7151 = CARTESIAN_POINT ( 'NONE',  ( 0.05898949623280984322, -2.753209175988995394, 2.117582368135750848E-19 ) ) ;
#7152 =( LENGTH_UNIT ( ) NAMED_UNIT ( * ) SI_UNIT ( .MILLI., .METRE. ) );
#7153 = CARTESIAN_POINT ( 'NONE',  ( 0.09827004256784986624, -3.016491364757799776, 0.000000000000000000 ) ) ;
#7154 = DIRECTION ( 'NONE',  ( -9.932342930286647849E-15, 1.000000000000000000, 0.000000000000000000 ) ) ;
#7155 = CARTESIAN_POINT ( 'NONE',  ( 0.5980502450196105713, -3.010224573027741712, 0.001000000000000000021 ) ) ;
#7156 = DIRECTION ( 'NONE',  ( 1.000000000000000000, 3.491481338843134144E-15, 0.000000000000000000 ) ) ;
#7157 = DIRECTION ( 'NONE',  ( 0.000000000000000000, -1.000000000000000000, 0.000000000000000000 ) ) ;
#7158 = EDGE_CURVE ( 'NONE', #6741, #3669, #2545, .T. ) ;
#7159 = EDGE_LOOP ( 'NONE', ( #4439, #4146, #6188, #5890 ) ) ;
#7160 = ORIENTED_EDGE ( 'NONE', *, *, #7167, .T. ) ;
#7161 = CARTESIAN_POINT ( 'NONE',  ( 3.250000000000000444, -0.8499999999999999778, -0.02000000000000000042 ) ) ;
#7162 = DIRECTION ( 'NONE',  ( 0.000000000000000000, 0.000000000000000000, -1.000000000000000000 ) ) ;
#7163 =( NAMED_UNIT ( * ) SI_UNIT ( $, .STERADIAN. ) SOLID_ANGLE_UNIT ( ) );
#7164 = CARTESIAN_POINT ( 'NONE',  ( -1.650000000000034328, 3.249999999999983125, 0.000000000000000000 ) ) ;
#7165 = CARTESIAN_POINT ( 'NONE',  ( 1.650000000000011458, -3.249999999999994671, -0.02000000000000000042 ) ) ;
#7166 = PLANE ( 'NONE',  #4114 ) ;
#7167 = EDGE_CURVE ( 'NONE', #5518, #696, #9042, .T. ) ;
#7168 = CARTESIAN_POINT ( 'NONE',  ( 0.09827004256784986624, -3.016491364757799776, 0.000000000000000000 ) ) ;
#7169 = CARTESIAN_POINT ( 'NONE',  ( -2.099999999999983213, -4.750000000000007105, 0.000000000000000000 ) ) ;
#7170 = EDGE_CURVE ( 'NONE', #6220, #8269, #337, .T. ) ;
#7171 =( NAMED_UNIT ( * ) PLANE_ANGLE_UNIT ( ) SI_UNIT ( $, .RADIAN. ) );
#7172 = CARTESIAN_POINT ( 'NONE',  ( -2.899999999999999911, -2.900000000000000355, 5.299999999999999822 ) ) ;
#7173 = UNCERTAINTY_MEASURE_WITH_UNIT (LENGTH_MEASURE( 1.000000000000000082E-05 ), #4139, 'distance_accuracy_value', 'NONE');
#7174 = SURFACE_STYLE_USAGE ( .BOTH. , #8848 ) ;
#7175 = DIRECTION ( 'NONE',  ( 1.000000000000000000, 0.000000000000000000, 0.000000000000000000 ) ) ;
#7176 = VERTEX_POINT ( 'NONE', #7713 ) ;
#7177 = PRESENTATION_LAYER_ASSIGNMENT (  '', '', ( #6868 ) ) ;
#7178 = VECTOR ( 'NONE', #1012, 1000.000000000000000 ) ;
#7179 = CARTESIAN_POINT ( 'NONE',  ( -0.003987670644457722881, -2.934713324918984068, 0.000000000000000000 ) ) ;
#7180 = SURFACE_SIDE_STYLE ('',( #6470 ) ) ;
#7181 = DIRECTION ( 'NONE',  ( 3.491481338843133355E-15, -1.000000000000000000, 0.000000000000000000 ) ) ;
#7182 = CARTESIAN_POINT ( 'NONE',  ( 0.4578927559824840232, -2.724723072074873187, 0.001000000000000000021 ) ) ;
#7183 = ORIENTED_EDGE ( 'NONE', *, *, #5704, .T. ) ;
#7184 = STYLED_ITEM ( 'NONE', ( #3035 ), #439 ) ;
#7185 = COLOUR_RGB ( '',0.9686274509803921573, 0.8784313725490195957, 0.5999999999999999778 ) ;
#7186 = COLOUR_RGB ( '',0.9686274509803921573, 0.8784313725490195957, 0.5999999999999999778 ) ;
#7187 = EDGE_LOOP ( 'NONE', ( #3645, #7726, #7045, #7132 ) ) ;
#7188 =( GEOMETRIC_REPRESENTATION_CONTEXT ( 3 ) GLOBAL_UNCERTAINTY_ASSIGNED_CONTEXT ( ( #9416 ) ) GLOBAL_UNIT_ASSIGNED_CONTEXT ( ( #2289, #1359, #5810 ) ) REPRESENTATION_CONTEXT ( 'NONE', 'WORKASPACE' ) );
#7189 =( NAMED_UNIT ( * ) SI_UNIT ( $, .STERADIAN. ) SOLID_ANGLE_UNIT ( ) );
#7190 = VECTOR ( 'NONE', #226, 1000.000000000000000 ) ;
#7191 = EDGE_CURVE ( 'NONE', #3100, #9350, #7508, .T. ) ;
#7192 = STYLED_ITEM ( 'NONE', ( #2937 ), #7835 ) ;
#7193 = CARTESIAN_POINT ( 'NONE',  ( 0.6117194241949173161, -2.955594003544417259, 0.000000000000000000 ) ) ;
#7194 = SURFACE_STYLE_FILL_AREA ( #736 ) ;
#7195 = ORIENTED_EDGE ( 'NONE', *, *, #8985, .F. ) ;
#7196 = ORIENTED_EDGE ( 'NONE', *, *, #50, .F. ) ;
#7197 =( NAMED_UNIT ( * ) PLANE_ANGLE_UNIT ( ) SI_UNIT ( $, .RADIAN. ) );
#7198 = VECTOR ( 'NONE', #1028, 1000.000000000000000 ) ;
#7199 = CARTESIAN_POINT ( 'NONE',  ( -0.8500000000000340616, 3.249999999999991118, -0.02000000000000000042 ) ) ;
#7200 = AXIS2_PLACEMENT_3D ( 'NONE', #5072, #7861, #5029 ) ;
#7201 = DIRECTION ( 'NONE',  ( 3.491481338843134144E-15, -1.000000000000000000, 0.000000000000000000 ) ) ;
#7202 = FACE_OUTER_BOUND ( 'NONE', #4431, .T. ) ;
#7203 = CARTESIAN_POINT ( 'NONE',  ( 0.6222357529416699951, -2.997561270599523375, 0.001000000000000000021 ) ) ;
#7204 = EDGE_LOOP ( 'NONE', ( #2809, #2021, #7003, #4443 ) ) ;
#7205 = DIRECTION ( 'NONE',  ( -0.000000000000000000, -0.000000000000000000, 1.000000000000000000 ) ) ;
#7206 = AXIS2_PLACEMENT_3D ( 'NONE', #5375, #2422, #6711 ) ;
#7207 = SURFACE_SIDE_STYLE ('',( #7893 ) ) ;
#7208 =( NAMED_UNIT ( * ) SI_UNIT ( $, .STERADIAN. ) SOLID_ANGLE_UNIT ( ) );
#7209 = AXIS2_PLACEMENT_3D ( 'NONE', #6728, #234, #8146 ) ;
#7210 = CARTESIAN_POINT ( 'NONE',  ( 2.399999999999998579, 2.399999999999999911, 0.000000000000000000 ) ) ;
#7211 = ORIENTED_EDGE ( 'NONE', *, *, #6028, .F. ) ;
#7212 = EDGE_LOOP ( 'NONE', ( #1860, #4948, #6127, #3333 ) ) ;
#7213 = ORIENTED_EDGE ( 'NONE', *, *, #1298, .T. ) ;
#7214 = CARTESIAN_POINT ( 'NONE',  ( -2.100000000000034284, 3.249999999999977796, -0.02000000000000000042 ) ) ;
#7215 = UNCERTAINTY_MEASURE_WITH_UNIT (LENGTH_MEASURE( 1.000000000000000082E-05 ), #104, 'distance_accuracy_value', 'NONE');
#7216 = VECTOR ( 'NONE', #8853, 1000.000000000000000 ) ;
#7217 = SURFACE_SIDE_STYLE ('',( #4928 ) ) ;
#7218 = PLANE ( 'NONE',  #3534 ) ;
#7219 = CARTESIAN_POINT ( 'NONE',  ( -3.250000000000000000, 2.899999999999999911, -0.02000000000000000042 ) ) ;
#7220 = CARTESIAN_POINT ( 'NONE',  ( -3.250000000000000444, 2.100000000000000089, -0.02000000000000000042 ) ) ;
#7221 = COLOUR_RGB ( '',0.2235294117647058654, 0.2235294117647058654, 0.2235294117647058654 ) ;
#7222 = EDGE_CURVE ( 'NONE', #745, #6409, #4135, .T. ) ;
#7223 = CARTESIAN_POINT ( 'NONE',  ( -1.073467497510400490E-16, 1.250000000000000000, -0.02000000000000000042 ) ) ;
#7224 = UNCERTAINTY_MEASURE_WITH_UNIT (LENGTH_MEASURE( 1.000000000000000082E-05 ), #132, 'distance_accuracy_value', 'NONE');
#7225 =( GEOMETRIC_REPRESENTATION_CONTEXT ( 3 ) GLOBAL_UNCERTAINTY_ASSIGNED_CONTEXT ( ( #4843 ) ) GLOBAL_UNIT_ASSIGNED_CONTEXT ( ( #2104, #7171, #3460 ) ) REPRESENTATION_CONTEXT ( 'NONE', 'WORKASPACE' ) );
#7226 = CARTESIAN_POINT ( 'NONE',  ( 0.09827004256784986624, -3.016491364757799776, 0.001000000000000000021 ) ) ;
#7227 = FILL_AREA_STYLE_COLOUR ( '', #7296 ) ;
#7228 = CARTESIAN_POINT ( 'NONE',  ( 0.003095880659897171702, -2.785500344776729253, 0.001000000000000000021 ) ) ;
#7229 = CARTESIAN_POINT ( 'NONE',  ( -0.005496442122008239270, -2.984449112067651733, 0.001000000000000000021 ) ) ;
#7230 = VECTOR ( 'NONE', #8205, 1000.000000000000000 ) ;
#7231 = EDGE_CURVE ( 'NONE', #9362, #2696, #5550, .T. ) ;
#7232 = LINE ( 'NONE', #667, #4403 ) ;
#7233 = CARTESIAN_POINT ( 'NONE',  ( 0.4950901982527754486, -3.015476478634709689, 0.001000000000000000021 ) ) ;
#7234 = VERTEX_POINT ( 'NONE', #6152 ) ;
#7235 = EDGE_CURVE ( 'NONE', #8778, #8095, #8254, .T. ) ;
#7236 = PRESENTATION_LAYER_ASSIGNMENT (  '', '', ( #2693 ) ) ;
#7237 = CARTESIAN_POINT ( 'NONE',  ( 0.8200878779337035240, -2.983564535489507286, 0.001000000000000000021 ) ) ;
#7238 = EDGE_CURVE ( 'NONE', #8683, #7459, #1092, .T. ) ;
#7239 = AXIS2_PLACEMENT_3D ( 'NONE', #6022, #7484, #7539 ) ;
#7240 = STYLED_ITEM ( 'NONE', ( #2529 ), #5226 ) ;
#7241 = CARTESIAN_POINT ( 'NONE',  ( 0.4602807930356802579, -2.723753715185611046, 0.001000000000000000021 ) ) ;
#7242 = ORIENTED_EDGE ( 'NONE', *, *, #2843, .F. ) ;
#7243 = FILL_AREA_STYLE_COLOUR ( '', #5105 ) ;
#7244 = AXIS2_PLACEMENT_3D ( 'NONE', #6705, #3910, #2454 ) ;
#7245 = CARTESIAN_POINT ( 'NONE',  ( 0.8603317803727279500, -3.016491364757799776, 0.000000000000000000 ) ) ;
#7246 = ADVANCED_FACE ( 'NONE', ( #4040 ), #6842, .F. ) ;
#7247 = ORIENTED_EDGE ( 'NONE', *, *, #4033, .F. ) ;
#7248 = LINE ( 'NONE', #5792, #8239 ) ;
#7249 = SURFACE_STYLE_FILL_AREA ( #5038 ) ;
#7250 = AXIS2_PLACEMENT_3D ( 'NONE', #4896, #8535, #7763 ) ;
#7251 = ORIENTED_EDGE ( 'NONE', *, *, #7231, .T. ) ;
#7252 = CARTESIAN_POINT ( 'NONE',  ( 0.5463133934278093795, -2.986928746982175475, 0.000000000000000000 ) ) ;
#7253 =( LENGTH_UNIT ( ) NAMED_UNIT ( * ) SI_UNIT ( .MILLI., .METRE. ) );
#7254 = EDGE_CURVE ( 'NONE', #5622, #2244, #6939, .T. ) ;
#7255 = VERTEX_POINT ( 'NONE', #6241 ) ;
#7256 = ORIENTED_EDGE ( 'NONE', *, *, #3335, .T. ) ;
#7257 = COLOUR_RGB ( '',0.6666666666666666297, 0.6980392156862744724, 0.7686274509803920907 ) ;
#7258 = VECTOR ( 'NONE', #6681, 1000.000000000000000 ) ;
#7259 = PRESENTATION_LAYER_ASSIGNMENT (  '', '', ( #2103 ) ) ;
#7260 =( NAMED_UNIT ( * ) SI_UNIT ( $, .STERADIAN. ) SOLID_ANGLE_UNIT ( ) );
#7261 = LINE ( 'NONE', #3049, #4328 ) ;
#7262 = CARTESIAN_POINT ( 'NONE',  ( 2.899999999999966160, 3.250000000000030642, -0.02000000000000000042 ) ) ;
#7263 = CARTESIAN_POINT ( 'NONE',  ( 0.5558304845547572537, -3.019806615468028088, 0.001000000000000000021 ) ) ;
#7264 = COLOUR_RGB ( '',0.2235294117647058654, 0.2235294117647058654, 0.2235294117647058654 ) ;
#7265 =( GEOMETRIC_REPRESENTATION_CONTEXT ( 3 ) GLOBAL_UNCERTAINTY_ASSIGNED_CONTEXT ( ( #8329 ) ) GLOBAL_UNIT_ASSIGNED_CONTEXT ( ( #8566, #7657, #4223 ) ) REPRESENTATION_CONTEXT ( 'NONE', 'WORKASPACE' ) );
#7266 = ORIENTED_EDGE ( 'NONE', *, *, #2722, .F. ) ;
#7267 = CARTESIAN_POINT ( 'NONE',  ( 0.3999999999999659384, 3.250000000000003997, 0.000000000000000000 ) ) ;
#7268 = DIRECTION ( 'NONE',  ( 0.3222024856061132536, -0.9466707760722532505, 0.000000000000000000 ) ) ;
#7269 = ORIENTED_EDGE ( 'NONE', *, *, #1155, .F. ) ;
#7270 = EDGE_CURVE ( 'NONE', #6409, #2397, #2631, .T. ) ;
#7271 = VERTEX_POINT ( 'NONE', #4231 ) ;
#7272 = CARTESIAN_POINT ( 'NONE',  ( -4.750000000000000000, 2.100000000000000089, -0.02000000000000000042 ) ) ;
#7273 = FACE_OUTER_BOUND ( 'NONE', #6707, .T. ) ;
#7274 = LINE ( 'NONE', #7165, #5598 ) ;
#7275 = CARTESIAN_POINT ( 'NONE',  ( -2.899999999999993694, 3.899999999999999911, 1.000000000000000000 ) ) ;
#7276 = MECHANICAL_DESIGN_GEOMETRIC_PRESENTATION_REPRESENTATION (  '', ( #7733 ), #2729 ) ;
#7277 = SURFACE_SIDE_STYLE ('',( #1469 ) ) ;
#7278 = FILL_AREA_STYLE ('',( #5204 ) ) ;
#7279 = LINE ( 'NONE', #100, #7960 ) ;
#7280 = PLANE ( 'NONE',  #685 ) ;
#7281 = CARTESIAN_POINT ( 'NONE',  ( 0.6717735435510672204, -2.932368633417598236, 0.001000000000000000021 ) ) ;
#7282 = LINE ( 'NONE', #7386, #5015 ) ;
#7283 =( NAMED_UNIT ( * ) SI_UNIT ( $, .STERADIAN. ) SOLID_ANGLE_UNIT ( ) );
#7284 = EDGE_LOOP ( 'NONE', ( #1135, #4500 ) ) ;
#7285 = CARTESIAN_POINT ( 'NONE',  ( -0.1662307196272721221, -2.899418194026092355, 0.001000000000000000021 ) ) ;
#7286 = CARTESIAN_POINT ( 'NONE',  ( -0.01379437075660084819, -2.914026949468142558, 0.000000000000000000 ) ) ;
#7287 = SURFACE_STYLE_USAGE ( .BOTH. , #7180 ) ;
#7288 = CARTESIAN_POINT ( 'NONE',  ( -0.1274730976760524714, -3.016491364757799776, 0.000000000000000000 ) ) ;
#7289 = ORIENTED_EDGE ( 'NONE', *, *, #3044, .F. ) ;
#7290 = FILL_AREA_STYLE ('',( #7243 ) ) ;
#7291 = ORIENTED_EDGE ( 'NONE', *, *, #3543, .F. ) ;
#7292 = CARTESIAN_POINT ( 'NONE',  ( -0.2210202200414741192, -2.772916365641378889, -0.000000000000000000 ) ) ;
#7293 =( NAMED_UNIT ( * ) PLANE_ANGLE_UNIT ( ) SI_UNIT ( $, .RADIAN. ) );
#7294 = EDGE_LOOP ( 'NONE', ( #190, #7564, #1072, #4083 ) ) ;
#7295 =( NAMED_UNIT ( * ) PLANE_ANGLE_UNIT ( ) SI_UNIT ( $, .RADIAN. ) );
#7296 = COLOUR_RGB ( '',0.9686274509803921573, 0.8784313725490195957, 0.5999999999999999778 ) ;
#7297 = EDGE_CURVE ( 'NONE', #7345, #9362, #4894, .T. ) ;
#7298 = DIRECTION ( 'NONE',  ( 5.421010862427522170E-16, 1.000000000000000000, 0.000000000000000000 ) ) ;
#7299 = DIRECTION ( 'NONE',  ( -1.000000000000000000, 0.000000000000000000, 0.000000000000000000 ) ) ;
#7300 =( NAMED_UNIT ( * ) PLANE_ANGLE_UNIT ( ) SI_UNIT ( $, .RADIAN. ) );
#7301 = ORIENTED_EDGE ( 'NONE', *, *, #4273, .T. ) ;
#7302 = EDGE_CURVE ( 'NONE', #34, #8928, #3509, .T. ) ;
#7303 = LINE ( 'NONE', #1307, #3945 ) ;
#7304 = FACE_OUTER_BOUND ( 'NONE', #9266, .T. ) ;
#7305 = VECTOR ( 'NONE', #2148, 1000.000000000000000 ) ;
#7306 = DIRECTION ( 'NONE',  ( 2.949380252600381533E-15, -1.000000000000000000, 0.000000000000000000 ) ) ;
#7307 = ORIENTED_EDGE ( 'NONE', *, *, #3793, .F. ) ;
#7308 = DIRECTION ( 'NONE',  ( 6.505213034913023449E-15, 1.000000000000000000, 0.000000000000000000 ) ) ;
#7309 = VECTOR ( 'NONE', #8640, 1000.000000000000000 ) ;
#7310 = VECTOR ( 'NONE', #4111, 1000.000000000000000 ) ;
#7311 = SURFACE_STYLE_USAGE ( .BOTH. , #2135 ) ;
#7312 = CARTESIAN_POINT ( 'NONE',  ( 0.5401848721327450198, -2.746018470264279809, 0.001000000000000000021 ) ) ;
#7313 = ORIENTED_EDGE ( 'NONE', *, *, #4716, .T. ) ;
#7314 = EDGE_LOOP ( 'NONE', ( #9396, #7451, #3479, #4908 ) ) ;
#7315 = ORIENTED_EDGE ( 'NONE', *, *, #520, .T. ) ;
#7316 = SURFACE_STYLE_FILL_AREA ( #6639 ) ;
#7317 = UNCERTAINTY_MEASURE_WITH_UNIT (LENGTH_MEASURE( 1.000000000000000082E-05 ), #1630, 'distance_accuracy_value', 'NONE');
#7318 = SURFACE_SIDE_STYLE ('',( #8097 ) ) ;
#7319 = LINE ( 'NONE', #6588, #5947 ) ;
#7320 = DIRECTION ( 'NONE',  ( -0.000000000000000000, -0.000000000000000000, -1.000000000000000000 ) ) ;
#7321 = STYLED_ITEM ( 'NONE', ( #2366 ), #1970 ) ;
#7322 = UNCERTAINTY_MEASURE_WITH_UNIT (LENGTH_MEASURE( 1.000000000000000082E-05 ), #8512, 'distance_accuracy_value', 'NONE');
#7323 = FILL_AREA_STYLE_COLOUR ( '', #7264 ) ;
#7324 = EDGE_CURVE ( 'NONE', #2259, #5930, #5845, .T. ) ;
#7325 = ADVANCED_FACE ( 'NONE', ( #5780 ), #1281, .F. ) ;
#7326 = CARTESIAN_POINT ( 'NONE',  ( -0.06149827897867363169, -2.868384774256046210, 0.001000000000000000021 ) ) ;
#7327 = PRESENTATION_STYLE_ASSIGNMENT (( #2253 ) ) ;
#7328 = CARTESIAN_POINT ( 'NONE',  ( 0.5678650563468309320, -2.982969653145802535, 2.117582368135750848E-19 ) ) ;
#7329 = EDGE_CURVE ( 'NONE', #5683, #3643, #8433, .T. ) ;
#7330 = PLANE ( 'NONE',  #505 ) ;
#7331 =( NAMED_UNIT ( * ) PLANE_ANGLE_UNIT ( ) SI_UNIT ( $, .RADIAN. ) );
#7332 = CARTESIAN_POINT ( 'NONE',  ( 0.09701242061663044314, -2.983564535489507286, 0.001000000000000000021 ) ) ;
#7333 = VERTEX_POINT ( 'NONE', #4316 ) ;
#7334 = SURFACE_SIDE_STYLE ('',( #8767 ) ) ;
#7335 = AXIS2_PLACEMENT_3D ( 'NONE', #8652, #7063, #3486 ) ;
#7336 =( LENGTH_UNIT ( ) NAMED_UNIT ( * ) SI_UNIT ( .MILLI., .METRE. ) );
#7337 = ORIENTED_EDGE ( 'NONE', *, *, #2429, .F. ) ;
#7338 =( NAMED_UNIT ( * ) PLANE_ANGLE_UNIT ( ) SI_UNIT ( $, .RADIAN. ) );
#7339 = VECTOR ( 'NONE', #7298, 1000.000000000000000 ) ;
#7340 = STYLED_ITEM ( 'NONE', ( #5785 ), #5848 ) ;
#7341 = PRESENTATION_STYLE_ASSIGNMENT (( #626 ) ) ;
#7342 = CARTESIAN_POINT ( 'NONE',  ( 2.899999999999966160, 3.250000000000030642, 0.000000000000000000 ) ) ;
#7343 = MECHANICAL_DESIGN_GEOMETRIC_PRESENTATION_REPRESENTATION (  '', ( #6425 ), #5548 ) ;
#7344 = UNCERTAINTY_MEASURE_WITH_UNIT (LENGTH_MEASURE( 1.000000000000000082E-05 ), #831, 'distance_accuracy_value', 'NONE');
#7345 = VERTEX_POINT ( 'NONE', #2775 ) ;
#7346 = EDGE_CURVE ( 'NONE', #3011, #531, #8564, .T. ) ;
#7347 = EDGE_LOOP ( 'NONE', ( #1162, #6638, #2138, #7687 ) ) ;
#7348 =( GEOMETRIC_REPRESENTATION_CONTEXT ( 3 ) GLOBAL_UNCERTAINTY_ASSIGNED_CONTEXT ( ( #3916 ) ) GLOBAL_UNIT_ASSIGNED_CONTEXT ( ( #3219, #1814, #6199 ) ) REPRESENTATION_CONTEXT ( 'NONE', 'WORKASPACE' ) );
#7349 = CIRCLE ( 'NONE', #5402, 1.000000000000000000 ) ;
#7350 = MECHANICAL_DESIGN_GEOMETRIC_PRESENTATION_REPRESENTATION (  '', ( #4953 ), #7967 ) ;
#7351 = FACE_OUTER_BOUND ( 'NONE', #3324, .T. ) ;
#7352 = PRESENTATION_LAYER_ASSIGNMENT (  '', '', ( #8278 ) ) ;
#7353 = ORIENTED_EDGE ( 'NONE', *, *, #3966, .T. ) ;
#7354 = CARTESIAN_POINT ( 'NONE',  ( 0.6809328306532521635, -2.866314010205348151, 0.001000000000000000021 ) ) ;
#7355 = LINE ( 'NONE', #2856, #6466 ) ;
#7356 = COLOUR_RGB ( '',0.2235294117647058654, 0.2235294117647058654, 0.2235294117647058654 ) ;
#7357 = PRESENTATION_LAYER_ASSIGNMENT (  '', '', ( #2815 ) ) ;
#7358 = FILL_AREA_STYLE ('',( #1591 ) ) ;
#7359 = VECTOR ( 'NONE', #5931, 1000.000000000000000 ) ;
#7360 = FILL_AREA_STYLE ('',( #9356 ) ) ;
#7361 = CARTESIAN_POINT ( 'NONE',  ( 0.09701242061663044314, -2.983564535489507286, 0.000000000000000000 ) ) ;
#7362 = DIRECTION ( 'NONE',  ( 1.000000000000000000, 0.000000000000000000, 0.000000000000000000 ) ) ;
#7363 =( NAMED_UNIT ( * ) PLANE_ANGLE_UNIT ( ) SI_UNIT ( $, .RADIAN. ) );
#7364 = EDGE_LOOP ( 'NONE', ( #7301, #6230, #3708, #1720 ) ) ;
#7365 = VECTOR ( 'NONE', #5995, 1000.000000000000000 ) ;
#7366 = PRESENTATION_LAYER_ASSIGNMENT (  '', '', ( #5405 ) ) ;
#7367 = VERTEX_POINT ( 'NONE', #6339 ) ;
#7368 = SURFACE_SIDE_STYLE ('',( #7316 ) ) ;
#7369 = VECTOR ( 'NONE', #2584, 1000.000000000000000 ) ;
#7370 = PLANE ( 'NONE',  #7209 ) ;
#7371 = EDGE_CURVE ( 'NONE', #2536, #5642, #3659, .T. ) ;
#7372 = DIRECTION ( 'NONE',  ( 0.000000000000000000, -1.000000000000000000, 0.000000000000000000 ) ) ;
#7373 = FILL_AREA_STYLE_COLOUR ( '', #5162 ) ;
#7374 = ADVANCED_FACE ( 'NONE', ( #8532 ), #2013, .F. ) ;
#7375 =( NAMED_UNIT ( * ) SI_UNIT ( $, .STERADIAN. ) SOLID_ANGLE_UNIT ( ) );
#7376 = ORIENTED_EDGE ( 'NONE', *, *, #1710, .T. ) ;
#7377 = LINE ( 'NONE', #6647, #656 ) ;
#7378 = PLANE ( 'NONE',  #3847 ) ;
#7379 = CARTESIAN_POINT ( 'NONE',  ( 0.8500000000000166311, -4.749999999999997335, -0.02000000000000000042 ) ) ;
#7380 = DIRECTION ( 'NONE',  ( 1.495451272393802994E-16, -1.000000000000000000, 0.000000000000000000 ) ) ;
#7381 = VECTOR ( 'NONE', #1196, 1000.000000000000000 ) ;
#7382 = CARTESIAN_POINT ( 'NONE',  ( 0.8499999999999502398, 4.750000000000008882, -0.02000000000000000042 ) ) ;
#7383 = MECHANICAL_DESIGN_GEOMETRIC_PRESENTATION_REPRESENTATION (  '', ( #7837 ), #6748 ) ;
#7384 = FILL_AREA_STYLE ('',( #7470 ) ) ;
#7385 = EDGE_CURVE ( 'NONE', #3970, #5129, #7279, .T. ) ;
#7386 = CARTESIAN_POINT ( 'NONE',  ( -0.4000000000000341061, 3.249999999999996003, -0.02000000000000000042 ) ) ;
#7387 = CARTESIAN_POINT ( 'NONE',  ( 0.04738719028682065321, -2.975926536875061146, 0.001000000000000000021 ) ) ;
#7388 = AXIS2_PLACEMENT_3D ( 'NONE', #1227, #6276, #2618 ) ;
#7389 = DIRECTION ( 'NONE',  ( -0.000000000000000000, 0.000000000000000000, -1.000000000000000000 ) ) ;
#7390 = SURFACE_SIDE_STYLE ('',( #1483 ) ) ;
#7391 = VERTEX_POINT ( 'NONE', #8201 ) ;
#7392 = VECTOR ( 'NONE', #5628, 1000.000000000000000 ) ;
#7393 =( NAMED_UNIT ( * ) PLANE_ANGLE_UNIT ( ) SI_UNIT ( $, .RADIAN. ) );
#7394 =( NAMED_UNIT ( * ) PLANE_ANGLE_UNIT ( ) SI_UNIT ( $, .RADIAN. ) );
#7395 = VECTOR ( 'NONE', #2821, 1000.000000000000000 ) ;
#7396 = FILL_AREA_STYLE_COLOUR ( '', #2698 ) ;
#7397 = ORIENTED_EDGE ( 'NONE', *, *, #7067, .F. ) ;
#7398 = EDGE_LOOP ( 'NONE', ( #3925, #5684, #1242, #4459 ) ) ;
#7399 = CARTESIAN_POINT ( 'NONE',  ( 0.8200878779337035240, -2.716491364757799953, 0.000000000000000000 ) ) ;
#7400 = VECTOR ( 'NONE', #3187, 1000.000000000000000 ) ;
#7401 = CARTESIAN_POINT ( 'NONE',  ( 0.5181934221116705208, -2.712906644522520061, 0.000000000000000000 ) ) ;
#7402 = FILL_AREA_STYLE ('',( #1582 ) ) ;
#7403 = UNCERTAINTY_MEASURE_WITH_UNIT (LENGTH_MEASURE( 1.000000000000000082E-05 ), #3006, 'distance_accuracy_value', 'NONE');
#7404 = LINE ( 'NONE', #6619, #4066 ) ;
#7405 = VERTEX_POINT ( 'NONE', #8897 ) ;
#7406 = AXIS2_PLACEMENT_3D ( 'NONE', #4522, #6319, #1443 ) ;
#7407 = VECTOR ( 'NONE', #4962, 1000.000000000000000 ) ;
#7408 =( LENGTH_UNIT ( ) NAMED_UNIT ( * ) SI_UNIT ( .MILLI., .METRE. ) );
#7409 = CARTESIAN_POINT ( 'NONE',  ( 1.650000000000011458, -3.249999999999994671, 0.000000000000000000 ) ) ;
#7410 = FILL_AREA_STYLE_COLOUR ( '', #5337 ) ;
#7411 = SURFACE_STYLE_FILL_AREA ( #3871 ) ;
#7412 = EDGE_LOOP ( 'NONE', ( #8074, #7821, #1021, #169 ) ) ;
#7413 = CARTESIAN_POINT ( 'NONE',  ( 0.6332206298798028765, -2.818663421739392660, 0.001000000000000000021 ) ) ;
#7414 = CARTESIAN_POINT ( 'NONE',  ( 0.6408195852507767576, -2.869692584269995184, 0.000000000000000000 ) ) ;
#7415 = ORIENTED_EDGE ( 'NONE', *, *, #1288, .T. ) ;
#7416 = ORIENTED_EDGE ( 'NONE', *, *, #7950, .F. ) ;
#7417 = LINE ( 'NONE', #892, #7258 ) ;
#7418 = FACE_OUTER_BOUND ( 'NONE', #6085, .T. ) ;
#7419 =( NAMED_UNIT ( * ) SI_UNIT ( $, .STERADIAN. ) SOLID_ANGLE_UNIT ( ) );
#7420 =( GEOMETRIC_REPRESENTATION_CONTEXT ( 3 ) GLOBAL_UNCERTAINTY_ASSIGNED_CONTEXT ( ( #8119 ) ) GLOBAL_UNIT_ASSIGNED_CONTEXT ( ( #4208, #6221, #500 ) ) REPRESENTATION_CONTEXT ( 'NONE', 'WORKASPACE' ) );
#7421 = DIRECTION ( 'NONE',  ( -0.7071067811865475727, -0.7071067811865475727, 0.000000000000000000 ) ) ;
#7422 = UNCERTAINTY_MEASURE_WITH_UNIT (LENGTH_MEASURE( 1.000000000000000082E-05 ), #2261, 'distance_accuracy_value', 'NONE');
#7423 = CARTESIAN_POINT ( 'NONE',  ( 0.4578927559824840232, -2.724723072074873187, 0.001000000000000000021 ) ) ;
#7424 = DIRECTION ( 'NONE',  ( 0.000000000000000000, -1.000000000000000000, 0.000000000000000000 ) ) ;
#7425 = CARTESIAN_POINT ( 'NONE',  ( 2.899999999999991918, 2.899999999999999911, 6.299999999999999822 ) ) ;
#7426 = VECTOR ( 'NONE', #7320, 1000.000000000000000 ) ;
#7427 = CARTESIAN_POINT ( 'NONE',  ( 0.5959255323066581234, -2.969531737274217154, 2.117582368135750848E-19 ) ) ;
#7428 = EDGE_CURVE ( 'NONE', #7635, #7444, #1663, .T. ) ;
#7429 = FILL_AREA_STYLE ('',( #4560 ) ) ;
#7430 = EDGE_CURVE ( 'NONE', #35, #7271, #3699, .T. ) ;
#7431 = DIRECTION ( 'NONE',  ( 0.000000000000000000, -0.000000000000000000, -1.000000000000000000 ) ) ;
#7432 =( LENGTH_UNIT ( ) NAMED_UNIT ( * ) SI_UNIT ( .MILLI., .METRE. ) );
#7433 = CARTESIAN_POINT ( 'NONE',  ( 0.2383805608605327753, -3.016491364757799776, 0.001000000000000000021 ) ) ;
#7434 = ORIENTED_EDGE ( 'NONE', *, *, #3034, .T. ) ;
#7435 = FILL_AREA_STYLE ('',( #108 ) ) ;
#7436 = VECTOR ( 'NONE', #1355, 1000.000000000000000 ) ;
#7437 = SURFACE_SIDE_STYLE ('',( #4566 ) ) ;
#7438 = DIRECTION ( 'NONE',  ( -1.000000000000000000, 0.000000000000000000, 0.000000000000000000 ) ) ;
#7439 = SURFACE_STYLE_FILL_AREA ( #6010 ) ;
#7440 = CARTESIAN_POINT ( 'NONE',  ( 2.899999999999999911, -2.900000000000000799, 1.000000000000000000 ) ) ;
#7441 = VERTEX_POINT ( 'NONE', #4451 ) ;
#7442 = B_SPLINE_CURVE_WITH_KNOTS ( 'NONE', 3,
 ( #7332, #5958, #106, #5210, #8106, #7387, #6653, #149, #427, #4798, #7610, #3984, #3312, #4174, #7026, #6836, #1088, #8437, #6144 ),
 .UNSPECIFIED., .F., .F.,
 ( 4, 1, 1, 1, 1, 1, 1, 1, 1, 1, 1, 1, 1, 1, 1, 1, 4 ),
 ( 0.000000000000000000, 0.07082657255516276729, 0.1381690332797999854, 0.2024753315338420900, 0.2639737544135192238, 0.3233803205980371187, 0.3817976227131850142, 0.4393900745193885515, 0.4969027245459976538, 0.5546621696093702036, 0.6127418784921968564, 0.6715388363911719560, 0.7316557220901965808, 0.7942978116139525202, 0.8594822049793570118, 0.9276813254527902508, 1.000000000000000000 ),
 .UNSPECIFIED. ) ;
#7443 = FILL_AREA_STYLE_COLOUR ( '', #4944 ) ;
#7444 = VERTEX_POINT ( 'NONE', #1472 ) ;
#7445 = LINE ( 'NONE', #3143, #4861 ) ;
#7446 = CARTESIAN_POINT ( 'NONE',  ( 3.250000000000000000, -2.899999999999999911, -0.02000000000000000042 ) ) ;
#7447 =( LENGTH_UNIT ( ) NAMED_UNIT ( * ) SI_UNIT ( .MILLI., .METRE. ) );
#7448 = VECTOR ( 'NONE', #1417, 1000.000000000000000 ) ;
#7449 = LINE ( 'NONE', #4534, #1998 ) ;
#7450 = LINE ( 'NONE', #3241, #4641 ) ;
#7451 = ORIENTED_EDGE ( 'NONE', *, *, #4137, .F. ) ;
#7452 = CARTESIAN_POINT ( 'NONE',  ( -0.2114440553427995584, -2.772745952575283557, 0.000000000000000000 ) ) ;
#7453 = DIRECTION ( 'NONE',  ( 1.000000000000000000, 0.000000000000000000, 0.000000000000000000 ) ) ;
#7454 = LINE ( 'NONE', #1648, #394 ) ;
#7455 =( GEOMETRIC_REPRESENTATION_CONTEXT ( 3 ) GLOBAL_UNCERTAINTY_ASSIGNED_CONTEXT ( ( #7120 ) ) GLOBAL_UNIT_ASSIGNED_CONTEXT ( ( #6987, #478, #7163 ) ) REPRESENTATION_CONTEXT ( 'NONE', 'WORKASPACE' ) );
#7456 = CARTESIAN_POINT ( 'NONE',  ( 0.6405133736667013578, -2.856035136325696833, 0.001000000000000000021 ) ) ;
#7457 = EDGE_LOOP ( 'NONE', ( #1139, #1030, #6997, #8247 ) ) ;
#7458 = VECTOR ( 'NONE', #3112, 1000.000000000000000 ) ;
#7459 = VERTEX_POINT ( 'NONE', #8060 ) ;
#7460 = PRESENTATION_STYLE_ASSIGNMENT (( #1653 ) ) ;
#7461 = PRODUCT_DEFINITION_FORMATION_WITH_SPECIFIED_SOURCE ( 'ÈÎºÎ', '', #9175, .NOT_KNOWN. ) ;
#7462 = SURFACE_STYLE_USAGE ( .BOTH. , #4599 ) ;
#7463 = MECHANICAL_DESIGN_GEOMETRIC_PRESENTATION_REPRESENTATION (  '', ( #3855 ), #3999 ) ;
#7464 = ADVANCED_FACE ( 'NONE', ( #2926 ), #7330, .T. ) ;
#7465 = SURFACE_STYLE_FILL_AREA ( #4644 ) ;
#7466 = CARTESIAN_POINT ( 'NONE',  ( 0.2456976340312645724, -2.749418194026092443, 0.001000000000000000021 ) ) ;
#7467 = CARTESIAN_POINT ( 'NONE',  ( -3.250000000000000444, 0.8499999999999999778, 0.000000000000000000 ) ) ;
#7468 = CARTESIAN_POINT ( 'NONE',  ( 0.5387475206809709816, -2.987123742649708369, 0.001000000000000000021 ) ) ;
#7469 = DIRECTION ( 'NONE',  ( -1.495451272393802994E-16, 1.000000000000000000, 0.000000000000000000 ) ) ;
#7470 = FILL_AREA_STYLE_COLOUR ( '', #3526 ) ;
#7471 = FILL_AREA_STYLE ('',( #4610 ) ) ;
#7472 = PRESENTATION_STYLE_ASSIGNMENT (( #3072 ) ) ;
#7473 = ADVANCED_FACE ( 'NONE', ( #1614 ), #195, .T. ) ;
#7474 = SURFACE_STYLE_FILL_AREA ( #1711 ) ;
#7475 = CARTESIAN_POINT ( 'NONE',  ( -2.900000000000000799, 2.899999999999999911, 6.299999999999999822 ) ) ;
#7476 = CARTESIAN_POINT ( 'NONE',  ( 0.08367397058184050662, -2.983276204161583678, 0.001000000000000000021 ) ) ;
#7477 = SURFACE_STYLE_FILL_AREA ( #2411 ) ;
#7478 = DIRECTION ( 'NONE',  ( -0.000000000000000000, -0.000000000000000000, 1.000000000000000000 ) ) ;
#7479 = FACE_OUTER_BOUND ( 'NONE', #5037, .T. ) ;
#7480 = FILL_AREA_STYLE ('',( #1671 ) ) ;
#7481 =( NAMED_UNIT ( * ) PLANE_ANGLE_UNIT ( ) SI_UNIT ( $, .RADIAN. ) );
#7482 = CARTESIAN_POINT ( 'NONE',  ( 0.2456976340312645724, -2.749418194026092443, 0.000000000000000000 ) ) ;
#7483 = SURFACE_STYLE_FILL_AREA ( #2456 ) ;
#7484 = DIRECTION ( 'NONE',  ( -1.000000000000000000, -3.491481338843134144E-15, 0.000000000000000000 ) ) ;
#7485 = B_SPLINE_CURVE_WITH_KNOTS ( 'NONE', 3,
 ( #8966, #8227, #1689, #3052, #2464, #2515, #883, #8315, #1063, #5292, #6808, #5941, #225, #5380, #1789, #8267, #3148, #313, #1735 ),
 .UNSPECIFIED., .F., .F.,
 ( 4, 1, 1, 1, 1, 1, 1, 1, 1, 1, 1, 1, 1, 1, 1, 1, 4 ),
 ( 0.000000000000000000, 0.07377411937406366804, 0.1440791147260396254, 0.2113485183089109098, 0.2760768857398822607, 0.3385209158196761381, 0.3998851166931330914, 0.4602540674652124686, 0.5205889643912473552, 0.5802076845630437241, 0.6386329085525457305, 0.6963645494905238431, 0.7540017746600119475, 0.8128056813744973796, 0.8727544255255602623, 0.9351819969782662056, 1.000000000000000000 ),
 .UNSPECIFIED. ) ;
#7486 = EDGE_LOOP ( 'NONE', ( #9105, #7416, #5348, #7213 ) ) ;
#7487 = AXIS2_PLACEMENT_3D ( 'NONE', #6394, #7877, #8685 ) ;
#7488 =( NAMED_UNIT ( * ) PLANE_ANGLE_UNIT ( ) SI_UNIT ( $, .RADIAN. ) );
#7489 = VECTOR ( 'NONE', #8312, 1000.000000000000000 ) ;
#7490 = LINE ( 'NONE', #3868, #2635 ) ;
#7491 = ADVANCED_FACE ( 'NONE', ( #5446 ), #8334, .F. ) ;
#7492 = CARTESIAN_POINT ( 'NONE',  ( 3.250000000000000000, -0.3999999999999999667, 0.000000000000000000 ) ) ;
#7493 = AXIS2_PLACEMENT_3D ( 'NONE', #8931, #6721, #5240 ) ;
#7494 = SURFACE_STYLE_USAGE ( .BOTH. , #979 ) ;
#7495 = EDGE_LOOP ( 'NONE', ( #841, #4258, #8155, #8842 ) ) ;
#7496 = FILL_AREA_STYLE_COLOUR ( '', #1120 ) ;
#7497 = PRESENTATION_LAYER_ASSIGNMENT (  '', '', ( #6425 ) ) ;
#7498 = SURFACE_SIDE_STYLE ('',( #4590 ) ) ;
#7499 = CARTESIAN_POINT ( 'NONE',  ( 0.5348935181776058867, -2.987223072074873365, 0.001000000000000000021 ) ) ;
#7500 = FILL_AREA_STYLE_COLOUR ( '', #1732 ) ;
#7501 = VERTEX_POINT ( 'NONE', #373 ) ;
#7502 = ORIENTED_EDGE ( 'NONE', *, *, #295, .T. ) ;
#7503 = MECHANICAL_DESIGN_GEOMETRIC_PRESENTATION_REPRESENTATION (  '', ( #7340 ), #2650 ) ;
#7504 = CARTESIAN_POINT ( 'NONE',  ( -0.02108611099082808096, -2.850047839262875193, 2.117582368135750848E-19 ) ) ;
#7505 = PRESENTATION_LAYER_ASSIGNMENT (  '', '', ( #2808 ) ) ;
#7506 = FILL_AREA_STYLE ('',( #9071 ) ) ;
#7507 = FILL_AREA_STYLE ('',( #8326 ) ) ;
#7508 = B_SPLINE_CURVE_WITH_KNOTS ( 'NONE', 3,
 ( #6291, #4095, #3223, #1764, #5404, #9184, #4715, #1869, #1925, #1815, #4761 ),
 .UNSPECIFIED., .F., .F.,
 ( 4, 1, 1, 1, 1, 1, 1, 1, 4 ),
 ( 0.000000000000000000, 0.1352946047634291660, 0.2667656579247479343, 0.3948160188358714184, 0.5200516544342449476, 0.6421757029708214937, 0.7626518205584231769, 0.8818340043805000805, 1.000000000000000000 ),
 .UNSPECIFIED. ) ;
#7509 = CARTESIAN_POINT ( 'NONE',  ( -3.250000000000000000, 0.3999999999999999667, 0.000000000000000000 ) ) ;
#7510 = EDGE_CURVE ( 'NONE', #2523, #3189, #1566, .T. ) ;
#7511 =( GEOMETRIC_REPRESENTATION_CONTEXT ( 3 ) GLOBAL_UNCERTAINTY_ASSIGNED_CONTEXT ( ( #4468 ) ) GLOBAL_UNIT_ASSIGNED_CONTEXT ( ( #4167, #6227, #3303 ) ) REPRESENTATION_CONTEXT ( 'NONE', 'WORKASPACE' ) );
#7512 = PRESENTATION_LAYER_ASSIGNMENT (  '', '', ( #4952 ) ) ;
#7513 = PRESENTATION_STYLE_ASSIGNMENT (( #5255 ) ) ;
#7514 = LINE ( 'NONE', #902, #6916 ) ;
#7515 = PRESENTATION_LAYER_ASSIGNMENT (  '', '', ( #7192 ) ) ;
#7516 = PRESENTATION_STYLE_ASSIGNMENT (( #4648 ) ) ;
#7517 = DIRECTION ( 'NONE',  ( 3.491481338843133355E-15, -1.000000000000000000, 0.000000000000000000 ) ) ;
#7518 =( NAMED_UNIT ( * ) SI_UNIT ( $, .STERADIAN. ) SOLID_ANGLE_UNIT ( ) );
#7519 = ORIENTED_EDGE ( 'NONE', *, *, #154, .F. ) ;
#7520 = EDGE_CURVE ( 'NONE', #1697, #3003, #8380, .T. ) ;
#7521 = COLOUR_RGB ( '',0.9686274509803921573, 0.8784313725490195957, 0.5999999999999999778 ) ;
#7522 = FACE_OUTER_BOUND ( 'NONE', #2893, .T. ) ;
#7523 = VECTOR ( 'NONE', #4136, 1000.000000000000000 ) ;
#7524 = DIRECTION ( 'NONE',  ( 1.000000000000000000, 1.047444401652940007E-14, 0.000000000000000000 ) ) ;
#7525 = UNCERTAINTY_MEASURE_WITH_UNIT (LENGTH_MEASURE( 1.000000000000000082E-05 ), #5175, 'distance_accuracy_value', 'NONE');
#7526 = PRESENTATION_STYLE_ASSIGNMENT (( #2307 ) ) ;
#7527 = SURFACE_SIDE_STYLE ('',( #1003 ) ) ;
#7528 = PRESENTATION_LAYER_ASSIGNMENT (  '', '', ( #4222 ) ) ;
#7529 =( NAMED_UNIT ( * ) PLANE_ANGLE_UNIT ( ) SI_UNIT ( $, .RADIAN. ) );
#7530 = CARTESIAN_POINT ( 'NONE',  ( -3.250000000000000000, -2.100000000000000089, 0.000000000000000000 ) ) ;
#7531 = LINE ( 'NONE', #389, #8632 ) ;
#7532 = CARTESIAN_POINT ( 'NONE',  ( -0.2201656499706449166, -2.770184112165309465, 0.001000000000000000021 ) ) ;
#7533 = EDGE_CURVE ( 'NONE', #8656, #3386, #5538, .T. ) ;
#7534 = CARTESIAN_POINT ( 'NONE',  ( -2.400000000000000799, 2.399999999999999911, -0.02000000000000005246 ) ) ;
#7535 = UNCERTAINTY_MEASURE_WITH_UNIT (LENGTH_MEASURE( 1.000000000000000082E-05 ), #6129, 'distance_accuracy_value', 'NONE');
#7536 = EDGE_CURVE ( 'NONE', #2657, #745, #1136, .T. ) ;
#7537 =( NAMED_UNIT ( * ) PLANE_ANGLE_UNIT ( ) SI_UNIT ( $, .RADIAN. ) );
#7538 = AXIS2_PLACEMENT_3D ( 'NONE', #83, #3542, #603 ) ;
#7539 = DIRECTION ( 'NONE',  ( 3.491481338843134144E-15, -1.000000000000000000, 0.000000000000000000 ) ) ;
#7540 = CARTESIAN_POINT ( 'NONE',  ( 0.4578927559824840232, -2.724723072074873187, 0.001000000000000000021 ) ) ;
#7541 = ORIENTED_EDGE ( 'NONE', *, *, #8178, .F. ) ;
#7542 = EDGE_CURVE ( 'NONE', #4997, #6220, #421, .T. ) ;
#7543 = CARTESIAN_POINT ( 'NONE',  ( 2.899999999999999023, 2.899999999999999911, 1.000000000000000000 ) ) ;
#7544 = PRESENTATION_LAYER_ASSIGNMENT (  '', '', ( #3784 ) ) ;
#7545 = ADVANCED_FACE ( 'NONE', ( #4840 ), #8244, .F. ) ;
#7546 = FACE_OUTER_BOUND ( 'NONE', #5673, .T. ) ;
#7547 = EDGE_CURVE ( 'NONE', #8884, #6833, #8616, .T. ) ;
#7548 = CARTESIAN_POINT ( 'NONE',  ( 5.049999999999999822, -5.049999999999999822, 0.8000000000000000444 ) ) ;
#7549 = CARTESIAN_POINT ( 'NONE',  ( 3.250000000000000444, 1.649999999999999911, 0.000000000000000000 ) ) ;
#7550 = VERTEX_POINT ( 'NONE', #9225 ) ;
#7551 = VERTEX_POINT ( 'NONE', #6328 ) ;
#7552 = STYLED_ITEM ( 'NONE', ( #865 ), #3555 ) ;
#7553 = MECHANICAL_DESIGN_GEOMETRIC_PRESENTATION_REPRESENTATION (  '', ( #1776 ), #717 ) ;
#7554 = ORIENTED_EDGE ( 'NONE', *, *, #2453, .F. ) ;
#7555 = DIRECTION ( 'NONE',  ( 0.000000000000000000, -1.000000000000000000, 0.000000000000000000 ) ) ;
#7556 = LINE ( 'NONE', #5387, #2455 ) ;
#7557 = CARTESIAN_POINT ( 'NONE',  ( -3.250000000000000000, 2.600000000000000089, -0.02000000000000000042 ) ) ;
#7558 = DIRECTION ( 'NONE',  ( -0.000000000000000000, -0.000000000000000000, -1.000000000000000000 ) ) ;
#7559 = UNCERTAINTY_MEASURE_WITH_UNIT (LENGTH_MEASURE( 1.000000000000000082E-05 ), #1558, 'distance_accuracy_value', 'NONE');
#7560 = CARTESIAN_POINT ( 'NONE',  ( -4.750000000000000000, 2.899999999999999911, -0.02000000000000000042 ) ) ;
#7561 = EDGE_CURVE ( 'NONE', #6254, #1527, #4046, .T. ) ;
#7562 = DIRECTION ( 'NONE',  ( -1.000000000000000000, 0.000000000000000000, 0.000000000000000000 ) ) ;
#7563 = FACE_OUTER_BOUND ( 'NONE', #4397, .T. ) ;
#7564 = ORIENTED_EDGE ( 'NONE', *, *, #8863, .F. ) ;
#7565 = FILL_AREA_STYLE_COLOUR ( '', #1268 ) ;
#7566 = AXIS2_PLACEMENT_3D ( 'NONE', #3705, #8108, #6655 ) ;
#7567 = VECTOR ( 'NONE', #4708, 1000.000000000000000 ) ;
#7568 =( LENGTH_UNIT ( ) NAMED_UNIT ( * ) SI_UNIT ( .MILLI., .METRE. ) );
#7569 = DIRECTION ( 'NONE',  ( 1.000000000000000000, 0.000000000000000000, 0.000000000000000000 ) ) ;
#7570 = FILL_AREA_STYLE_COLOUR ( '', #7065 ) ;
#7571 = CARTESIAN_POINT ( 'NONE',  ( 2.399999999999999023, 2.399999999999999911, 0.000000000000000000 ) ) ;
#7572 = CARTESIAN_POINT ( 'NONE',  ( 0.8500000000000165201, -4.749999999999997335, 0.000000000000000000 ) ) ;
#7573 = FILL_AREA_STYLE_COLOUR ( '', #267 ) ;
#7574 =( LENGTH_UNIT ( ) NAMED_UNIT ( * ) SI_UNIT ( .MILLI., .METRE. ) );
#7575 = PRESENTATION_STYLE_ASSIGNMENT (( #5967 ) ) ;
#7576 = VERTEX_POINT ( 'NONE', #5593 ) ;
#7577 = CARTESIAN_POINT ( 'NONE',  ( 2.899999999999992806, -3.900000000000000355, 6.299999999999999822 ) ) ;
#7578 = FILL_AREA_STYLE_COLOUR ( '', #204 ) ;
#7579 = CARTESIAN_POINT ( 'NONE',  ( -0.04445683940490700869, -2.789659750863539234, 0.000000000000000000 ) ) ;
#7580 = STYLED_ITEM ( 'NONE', ( #4654 ), #5100 ) ;
#7581 = CARTESIAN_POINT ( 'NONE',  ( 0.4661895683916110200, -2.972688911334339767, 0.001000000000000000021 ) ) ;
#7582 = EDGE_LOOP ( 'NONE', ( #5449, #1202, #5847, #3930 ) ) ;
#7583 = LINE ( 'NONE', #5617, #4656 ) ;
#7584 = LINE ( 'NONE', #3284, #8649 ) ;
#7585 = CARTESIAN_POINT ( 'NONE',  ( -0.3999999999999886424, -3.250000000000001332, 0.000000000000000000 ) ) ;
#7586 = FILL_AREA_STYLE ('',( #6806 ) ) ;
#7587 = EDGE_CURVE ( 'NONE', #5144, #733, #2740, .T. ) ;
#7588 = CARTESIAN_POINT ( 'NONE',  ( -2.400000000000000799, 2.399999999999999911, -6.808225099390855739 ) ) ;
#7589 = FACE_OUTER_BOUND ( 'NONE', #2885, .T. ) ;
#7590 = ADVANCED_FACE ( 'NONE', ( #5640 ), #4927, .T. ) ;
#7591 =( LENGTH_UNIT ( ) NAMED_UNIT ( * ) SI_UNIT ( .MILLI., .METRE. ) );
#7592 = CARTESIAN_POINT ( 'NONE',  ( 4.750000000000000000, 0.8500000000000000888, -0.02000000000000000042 ) ) ;
#7593 = EDGE_LOOP ( 'NONE', ( #7850, #9068, #3688, #6536 ) ) ;
#7594 = ORIENTED_EDGE ( 'NONE', *, *, #2437, .F. ) ;
#7595 =( GEOMETRIC_REPRESENTATION_CONTEXT ( 3 ) GLOBAL_UNCERTAINTY_ASSIGNED_CONTEXT ( ( #5728 ) ) GLOBAL_UNIT_ASSIGNED_CONTEXT ( ( #908, #5166, #5318 ) ) REPRESENTATION_CONTEXT ( 'NONE', 'WORKASPACE' ) );
#7596 = PLANE ( 'NONE',  #766 ) ;
#7597 =( LENGTH_UNIT ( ) NAMED_UNIT ( * ) SI_UNIT ( .MILLI., .METRE. ) );
#7598 = DIRECTION ( 'NONE',  ( -0.000000000000000000, -0.000000000000000000, 1.000000000000000000 ) ) ;
#7599 = DIRECTION ( 'NONE',  ( 1.000000000000000000, 0.000000000000000000, -0.000000000000000000 ) ) ;
#7600 = MECHANICAL_DESIGN_GEOMETRIC_PRESENTATION_REPRESENTATION (  '', ( #3990 ), #7455 ) ;
#7601 = STYLED_ITEM ( 'NONE', ( #7327 ), #1466 ) ;
#7602 =( LENGTH_UNIT ( ) NAMED_UNIT ( * ) SI_UNIT ( .MILLI., .METRE. ) );
#7603 = FILL_AREA_STYLE_COLOUR ( '', #6526 ) ;
#7604 = ORIENTED_EDGE ( 'NONE', *, *, #1445, .F. ) ;
#7605 = CARTESIAN_POINT ( 'NONE',  ( -1.650000000000034328, 3.249999999999983125, -0.02000000000000000042 ) ) ;
#7606 = VECTOR ( 'NONE', #751, 1000.000000000000000 ) ;
#7607 = ORIENTED_EDGE ( 'NONE', *, *, #3185, .F. ) ;
#7608 = LINE ( 'NONE', #1620, #3492 ) ;
#7609 = VECTOR ( 'NONE', #6169, 1000.000000000000000 ) ;
#7610 = CARTESIAN_POINT ( 'NONE',  ( 0.002469039114930167943, -2.943825477926420575, 0.001000000000000000021 ) ) ;
#7611 = EDGE_CURVE ( 'NONE', #9224, #6066, #1365, .T. ) ;
#7612 = UNCERTAINTY_MEASURE_WITH_UNIT (LENGTH_MEASURE( 1.000000000000000082E-05 ), #7336, 'distance_accuracy_value', 'NONE');
#7613 = DIRECTION ( 'NONE',  ( -1.000000000000000000, 0.000000000000000000, 0.000000000000000000 ) ) ;
#7614 = ADVANCED_FACE ( 'NONE', ( #646 ), #2139, .F. ) ;
#7615 = AXIS2_PLACEMENT_3D ( 'NONE', #244, #6695, #8063 ) ;
#7616 = DIRECTION ( 'NONE',  ( -1.000000000000000000, 0.000000000000000000, 0.000000000000000000 ) ) ;
#7617 = PRESENTATION_LAYER_ASSIGNMENT (  '', '', ( #9285 ) ) ;
#7618 = CARTESIAN_POINT ( 'NONE',  ( 0.1798439754946791203, -2.716491364757799953, 0.000000000000000000 ) ) ;
#7619 = CARTESIAN_POINT ( 'NONE',  ( 2.899999999999991918, 3.899999999999999911, 1.000000000000000000 ) ) ;
#7620 =( NAMED_UNIT ( * ) PLANE_ANGLE_UNIT ( ) SI_UNIT ( $, .RADIAN. ) );
#7621 = SURFACE_STYLE_FILL_AREA ( #4860 ) ;
#7622 = DIRECTION ( 'NONE',  ( -1.000000000000000000, 0.000000000000000000, 0.000000000000000000 ) ) ;
#7623 = EDGE_LOOP ( 'NONE', ( #1912, #6190, #1645, #5133, #3315, #8232 ) ) ;
#7624 = PRESENTATION_STYLE_ASSIGNMENT (( #8456 ) ) ;
#7625 = CARTESIAN_POINT ( 'NONE',  ( 0.5707082231143995044, -3.017896049790345980, 0.001000000000000000021 ) ) ;
#7626 = EDGE_LOOP ( 'NONE', ( #8997, #772, #9252, #1009 ) ) ;
#7627 = CARTESIAN_POINT ( 'NONE',  ( 0.5082036486210692594, -2.713518764302259356, 0.000000000000000000 ) ) ;
#7628 = EDGE_CURVE ( 'NONE', #2030, #2728, #1553, .T. ) ;
#7629 = LINE ( 'NONE', #4152, #275 ) ;
#7630 = CARTESIAN_POINT ( 'NONE',  ( -0.08357065865166232732, -3.016491364757799776, 0.001000000000000000021 ) ) ;
#7631 = DIRECTION ( 'NONE',  ( 1.000000000000000000, 0.000000000000000000, 0.000000000000000000 ) ) ;
#7632 = LINE ( 'NONE', #4016, #1154 ) ;
#7633 = COLOUR_RGB ( '',0.9686274509803921573, 0.8784313725490195957, 0.5999999999999999778 ) ;
#7634 =( LENGTH_UNIT ( ) NAMED_UNIT ( * ) SI_UNIT ( .MILLI., .METRE. ) );
#7635 = VERTEX_POINT ( 'NONE', #4492 ) ;
#7636 = ADVANCED_FACE ( 'NONE', ( #7418 ), #8837, .F. ) ;
#7637 = CARTESIAN_POINT ( 'NONE',  ( -0.01356480801443438015, -2.813817820319278962, 2.117582368135750848E-19 ) ) ;
#7638 = VECTOR ( 'NONE', #4014, 1000.000000000000000 ) ;
#7639 = CARTESIAN_POINT ( 'NONE',  ( 0.01905815264027546641, -2.771232243020343766, 0.000000000000000000 ) ) ;
#7640 = CARTESIAN_POINT ( 'NONE',  ( 2.399999999999998579, -2.399999999999999911, -6.808225099390855739 ) ) ;
#7641 = UNCERTAINTY_MEASURE_WITH_UNIT (LENGTH_MEASURE( 1.000000000000000082E-05 ), #238, 'distance_accuracy_value', 'NONE');
#7642 = CARTESIAN_POINT ( 'NONE',  ( 4.750000000000000000, 0.4000000000000000777, -0.02000000000000000042 ) ) ;
#7643 = CARTESIAN_POINT ( 'NONE',  ( -2.899999999999992806, -3.900000000000000355, 1.000000000000000000 ) ) ;
#7644 = SURFACE_SIDE_STYLE ('',( #4791 ) ) ;
#7645 = STYLED_ITEM ( 'NONE', ( #3799 ), #613 ) ;
#7646 = VECTOR ( 'NONE', #861, 1000.000000000000000 ) ;
#7647 = DIRECTION ( 'NONE',  ( -1.495451272393802994E-16, 1.000000000000000000, 0.000000000000000000 ) ) ;
#7648 = COLOUR_RGB ( '',0.6666666666666666297, 0.6980392156862744724, 0.7686274509803920907 ) ;
#7649 = LINE ( 'NONE', #4750, #8029 ) ;
#7650 = ORIENTED_EDGE ( 'NONE', *, *, #6551, .T. ) ;
#7651 = CARTESIAN_POINT ( 'NONE',  ( 2.899999999999999911, -2.899999999999999911, 5.299999999999999822 ) ) ;
#7652 = STYLED_ITEM ( 'NONE', ( #4546 ), #7614 ) ;
#7653 = DIRECTION ( 'NONE',  ( 1.000000000000000000, 0.000000000000000000, 0.000000000000000000 ) ) ;
#7654 = ADVANCED_FACE ( 'NONE', ( #2960 ), #5246, .T. ) ;
#7655 = ORIENTED_EDGE ( 'NONE', *, *, #2687, .T. ) ;
#7656 = UNCERTAINTY_MEASURE_WITH_UNIT (LENGTH_MEASURE( 1.000000000000000082E-05 ), #5077, 'distance_accuracy_value', 'NONE');
#7657 =( NAMED_UNIT ( * ) PLANE_ANGLE_UNIT ( ) SI_UNIT ( $, .RADIAN. ) );
#7658 = DIRECTION ( 'NONE',  ( 1.000000000000000000, 0.000000000000000000, 0.000000000000000000 ) ) ;
#7659 = MECHANICAL_DESIGN_GEOMETRIC_PRESENTATION_REPRESENTATION (  '', ( #2814 ), #7188 ) ;
#7660 = AXIS2_PLACEMENT_3D ( 'NONE', #8682, #1439, #4374 ) ;
#7661 = VERTEX_POINT ( 'NONE', #7727 ) ;
#7662 = CARTESIAN_POINT ( 'NONE',  ( 0.04738719028682065321, -2.975926536875061146, 0.001000000000000000021 ) ) ;
#7663 = DIRECTION ( 'NONE',  ( 0.000000000000000000, 1.000000000000000000, 0.000000000000000000 ) ) ;
#7664 = VECTOR ( 'NONE', #1217, 1000.000000000000000 ) ;
#7665 = CARTESIAN_POINT ( 'NONE',  ( 2.399999999999999023, 2.399999999999999911, -6.808225099390855739 ) ) ;
#7666 = PRESENTATION_LAYER_ASSIGNMENT (  '', '', ( #2212 ) ) ;
#7667 = SURFACE_SIDE_STYLE ('',( #4857 ) ) ;
#7668 =( NAMED_UNIT ( * ) PLANE_ANGLE_UNIT ( ) SI_UNIT ( $, .RADIAN. ) );
#7669 = FILL_AREA_STYLE_COLOUR ( '', #4187 ) ;
#7670 = MECHANICAL_DESIGN_GEOMETRIC_PRESENTATION_REPRESENTATION (  '', ( #6009 ), #3451 ) ;
#7671 =( NAMED_UNIT ( * ) SI_UNIT ( $, .STERADIAN. ) SOLID_ANGLE_UNIT ( ) );
#7672 = PLANE ( 'NONE',  #6315 ) ;
#7673 = ORIENTED_EDGE ( 'NONE', *, *, #805, .T. ) ;
#7674 = VECTOR ( 'NONE', #8344, 1000.000000000000000 ) ;
#7675 = CARTESIAN_POINT ( 'NONE',  ( -4.270365320521144703, 4.310522442972755996, 0.7990000000000000435 ) ) ;
#7676 =( NAMED_UNIT ( * ) SI_UNIT ( $, .STERADIAN. ) SOLID_ANGLE_UNIT ( ) );
#7677 = ORIENTED_EDGE ( 'NONE', *, *, #5595, .T. ) ;
#7678 =( LENGTH_UNIT ( ) NAMED_UNIT ( * ) SI_UNIT ( .MILLI., .METRE. ) );
#7679 = MECHANICAL_DESIGN_GEOMETRIC_PRESENTATION_REPRESENTATION (  '', ( #4075 ), #1598 ) ;
#7680 = LINE ( 'NONE', #446, #6788 ) ;
#7681 = CARTESIAN_POINT ( 'NONE',  ( -2.899999999999993694, 4.099999999999999645, 1.000000000000000000 ) ) ;
#7682 = ORIENTED_EDGE ( 'NONE', *, *, #6473, .F. ) ;
#7683 =( NAMED_UNIT ( * ) PLANE_ANGLE_UNIT ( ) SI_UNIT ( $, .RADIAN. ) );
#7684 = DIRECTION ( 'NONE',  ( 3.491481338843133355E-15, -1.000000000000000000, 0.000000000000000000 ) ) ;
#7685 = DIRECTION ( 'NONE',  ( 0.000000000000000000, -0.000000000000000000, 1.000000000000000000 ) ) ;
#7686 = DIRECTION ( 'NONE',  ( -0.000000000000000000, -0.000000000000000000, 1.000000000000000000 ) ) ;
#7687 = ORIENTED_EDGE ( 'NONE', *, *, #1898, .T. ) ;
#7688 = FILL_AREA_STYLE ('',( #7740 ) ) ;
#7689 = MECHANICAL_DESIGN_GEOMETRIC_PRESENTATION_REPRESENTATION (  '', ( #8756 ), #3626 ) ;
#7690 = CARTESIAN_POINT ( 'NONE',  ( -0.02137553670044279111, -2.863575968416336881, 2.117582368135750848E-19 ) ) ;
#7691 = CARTESIAN_POINT ( 'NONE',  ( 3.250000000000000000, -2.899999999999999911, -0.02000000000000000042 ) ) ;
#7692 = DIRECTION ( 'NONE',  ( 0.000000000000000000, -1.000000000000000000, 0.000000000000000000 ) ) ;
#7693 = MECHANICAL_DESIGN_GEOMETRIC_PRESENTATION_REPRESENTATION (  '', ( #8468 ), #5134 ) ;
#7694 = LINE ( 'NONE', #4121, #6727 ) ;
#7695 = FILL_AREA_STYLE_COLOUR ( '', #5709 ) ;
#7696 = FACE_BOUND ( 'NONE', #8434, .T. ) ;
#7697 = ORIENTED_EDGE ( 'NONE', *, *, #3817, .T. ) ;
#7698 = FILL_AREA_STYLE_COLOUR ( '', #3749 ) ;
#7699 = MECHANICAL_DESIGN_GEOMETRIC_PRESENTATION_REPRESENTATION (  '', ( #2409 ), #2246 ) ;
#7700 = CARTESIAN_POINT ( 'NONE',  ( -3.250000000000000000, -0.8500000000000000888, -0.02000000000000000042 ) ) ;
#7701 = EDGE_LOOP ( 'NONE', ( #317, #6725, #2647, #3246 ) ) ;
#7702 = CARTESIAN_POINT ( 'NONE',  ( 0.8200878779337035240, -2.716491364757799953, 0.001000000000000000021 ) ) ;
#7703 = PRESENTATION_LAYER_ASSIGNMENT (  '', '', ( #7240 ) ) ;
#7704 = FILL_AREA_STYLE_COLOUR ( '', #8617 ) ;
#7705 = CARTESIAN_POINT ( 'NONE',  ( -0.06161943913946714424, -2.862718498904141207, 0.001000000000000000021 ) ) ;
#7706 = EDGE_CURVE ( 'NONE', #2206, #1636, #9056, .T. ) ;
#7707 = ORIENTED_EDGE ( 'NONE', *, *, #2484, .F. ) ;
#7708 = UNCERTAINTY_MEASURE_WITH_UNIT (LENGTH_MEASURE( 1.000000000000000082E-05 ), #8886, 'distance_accuracy_value', 'NONE');
#7709 = CARTESIAN_POINT ( 'NONE',  ( 0.04738719028682065321, -2.975926536875061146, 0.000000000000000000 ) ) ;
#7710 = SURFACE_SIDE_STYLE ('',( #700 ) ) ;
#7711 = EDGE_CURVE ( 'NONE', #2734, #7734, #7583, .T. ) ;
#7712 =( GEOMETRIC_REPRESENTATION_CONTEXT ( 3 ) GLOBAL_UNCERTAINTY_ASSIGNED_CONTEXT ( ( #6142 ) ) GLOBAL_UNIT_ASSIGNED_CONTEXT ( ( #477, #9280, #6419 ) ) REPRESENTATION_CONTEXT ( 'NONE', 'WORKASPACE' ) );
#7713 = CARTESIAN_POINT ( 'NONE',  ( -0.2665546525541012679, -2.899418194026092355, 0.001000000000000000021 ) ) ;
#7714 = SURFACE_STYLE_USAGE ( .BOTH. , #4854 ) ;
#7715 = LINE ( 'NONE', #2688, #8038 ) ;
#7716 = DIRECTION ( 'NONE',  ( -0.000000000000000000, 0.000000000000000000, 1.000000000000000000 ) ) ;
#7717 = FACE_OUTER_BOUND ( 'NONE', #2521, .T. ) ;
#7718 = ORIENTED_EDGE ( 'NONE', *, *, #5469, .T. ) ;
#7719 =( GEOMETRIC_REPRESENTATION_CONTEXT ( 3 ) GLOBAL_UNCERTAINTY_ASSIGNED_CONTEXT ( ( #1177 ) ) GLOBAL_UNIT_ASSIGNED_CONTEXT ( ( #9234, #2770, #4931 ) ) REPRESENTATION_CONTEXT ( 'NONE', 'WORKASPACE' ) );
#7720 = VECTOR ( 'NONE', #6652, 1000.000000000000000 ) ;
#7721 = VERTEX_POINT ( 'NONE', #6302 ) ;
#7722 =( NAMED_UNIT ( * ) PLANE_ANGLE_UNIT ( ) SI_UNIT ( $, .RADIAN. ) );
#7723 = CARTESIAN_POINT ( 'NONE',  ( 0.2456976340312645724, -2.716491364757799953, 0.001000000000000000021 ) ) ;
#7724 =( LENGTH_UNIT ( ) NAMED_UNIT ( * ) SI_UNIT ( .MILLI., .METRE. ) );
#7725 = CARTESIAN_POINT ( 'NONE',  ( 0.4840760818234167706, -2.979870056182526206, 0.000000000000000000 ) ) ;
#7726 = ORIENTED_EDGE ( 'NONE', *, *, #7711, .F. ) ;
#7728 = VECTOR ( 'NONE', #5819, 1000.000000000000000 ) ;
#7727 = CARTESIAN_POINT ( 'NONE',  ( -4.750000000000000000, 1.649999999999999911, 0.000000000000000000 ) ) ;
#7729 = CARTESIAN_POINT ( 'NONE',  ( 0.6809697231422598973, -2.877587103247343681, 0.001000000000000000021 ) ) ;
#7730 = VERTEX_POINT ( 'NONE', #2557 ) ;
#7731 = LINE ( 'NONE', #1211, #6206 ) ;
#7732 = DIRECTION ( 'NONE',  ( -0.000000000000000000, -0.000000000000000000, -1.000000000000000000 ) ) ;
#7733 = STYLED_ITEM ( 'NONE', ( #5940 ), #4692 ) ;
#7734 = VERTEX_POINT ( 'NONE', #6166 ) ;
#7735 = CARTESIAN_POINT ( 'NONE',  ( 0.4578927559824840232, -2.764966974513897835, 0.000000000000000000 ) ) ;
#7736 = LINE ( 'NONE', #6265, #5978 ) ;
#7737 = CARTESIAN_POINT ( 'NONE',  ( 0.6151435466557347853, -2.737268338003006285, 0.001000000000000000021 ) ) ;
#7738 = LINE ( 'NONE', #7592, #7664 ) ;
#7739 = ORIENTED_EDGE ( 'NONE', *, *, #2667, .T. ) ;
#7740 = FILL_AREA_STYLE_COLOUR ( '', #7872 ) ;
#7741 =( NAMED_UNIT ( * ) PLANE_ANGLE_UNIT ( ) SI_UNIT ( $, .RADIAN. ) );
#7742 = CARTESIAN_POINT ( 'NONE',  ( 0.04912276795081486902, -3.010905835647171180, 0.000000000000000000 ) ) ;
#7743 = PLANE ( 'NONE',  #2884 ) ;
#7744 = SURFACE_SIDE_STYLE ('',( #4880 ) ) ;
#7745 = PLANE ( 'NONE',  #5138 ) ;
#7746 = FILL_AREA_STYLE_COLOUR ( '', #1565 ) ;
#7747 = PRESENTATION_STYLE_ASSIGNMENT (( #4122 ) ) ;
#7748 =( NAMED_UNIT ( * ) SI_UNIT ( $, .STERADIAN. ) SOLID_ANGLE_UNIT ( ) );
#7749 = ORIENTED_EDGE ( 'NONE', *, *, #8985, .T. ) ;
#7750 = CARTESIAN_POINT ( 'NONE',  ( 0.4914293167285168074, -2.750473819872647940, 0.001000000000000000021 ) ) ;
#7751 =( NAMED_UNIT ( * ) PLANE_ANGLE_UNIT ( ) SI_UNIT ( $, .RADIAN. ) );
#7752 = ORIENTED_EDGE ( 'NONE', *, *, #550, .T. ) ;
#7753 = UNCERTAINTY_MEASURE_WITH_UNIT (LENGTH_MEASURE( 1.000000000000000082E-05 ), #6071, 'distance_accuracy_value', 'NONE');
#7754 = SURFACE_STYLE_USAGE ( .BOTH. , #4797 ) ;
#7755 = ADVANCED_FACE ( 'NONE', ( #6855 ), #4147, .F. ) ;
#7756 = ORIENTED_EDGE ( 'NONE', *, *, #1577, .T. ) ;
#7757 = CARTESIAN_POINT ( 'NONE',  ( -0.01379437075660084819, -2.914026949468142558, 0.001000000000000000021 ) ) ;
#7758 = AXIS2_PLACEMENT_3D ( 'NONE', #4295, #1354, #7201 ) ;
#7759 = CARTESIAN_POINT ( 'NONE',  ( -0.06161943913946714424, -2.862718498904141207, 0.001000000000000000021 ) ) ;
#7760 = FILL_AREA_STYLE_COLOUR ( '', #3914 ) ;
#7761 = VECTOR ( 'NONE', #2828, 1000.000000000000000 ) ;
#7762 = ADVANCED_FACE ( 'NONE', ( #2591 ), #3419, .F. ) ;
#7763 = DIRECTION ( 'NONE',  ( 3.491481338843134144E-15, -1.000000000000000000, 0.000000000000000000 ) ) ;
#7764 =( NAMED_UNIT ( * ) PLANE_ANGLE_UNIT ( ) SI_UNIT ( $, .RADIAN. ) );
#7765 = EDGE_LOOP ( 'NONE', ( #5911, #1082, #2217, #6478, #8483 ) ) ;
#7766 = PLANE ( 'NONE',  #2642 ) ;
#7767 = CARTESIAN_POINT ( 'NONE',  ( 3.250000000000000000, 2.100000000000000089, 0.000000000000000000 ) ) ;
#7768 = FILL_AREA_STYLE_COLOUR ( '', #4979 ) ;
#7769 = ORIENTED_EDGE ( 'NONE', *, *, #5358, .F. ) ;
#7770 = SURFACE_SIDE_STYLE ('',( #5620 ) ) ;
#7771 = CARTESIAN_POINT ( 'NONE',  ( 3.250000000000000000, 0.8500000000000000888, -0.02000000000000000042 ) ) ;
#7772 = EDGE_CURVE ( 'NONE', #4848, #8810, #4729, .T. ) ;
#7773 = VERTEX_POINT ( 'NONE', #5661 ) ;
#7774 = CARTESIAN_POINT ( 'NONE',  ( 0.7066732437873620709, -3.016491364757799776, 0.000000000000000000 ) ) ;
#7775 = LINE ( 'NONE', #5623, #6052 ) ;
#7776 =( LENGTH_UNIT ( ) NAMED_UNIT ( * ) SI_UNIT ( .MILLI., .METRE. ) );
#7777 = ORIENTED_EDGE ( 'NONE', *, *, #2722, .T. ) ;
#7778 = SURFACE_SIDE_STYLE ('',( #4911 ) ) ;
#7779 = CARTESIAN_POINT ( 'NONE',  ( -0.2167642562126378403, -2.753076730611458522, 0.001000000000000000021 ) ) ;
#7780 = CARTESIAN_POINT ( 'NONE',  ( 0.6644587173691408610, -2.793320008906116758, 0.001000000000000000021 ) ) ;
#7781 = CARTESIAN_POINT ( 'NONE',  ( -0.2167642562126378403, -2.753076730611458522, 0.000000000000000000 ) ) ;
#7782 = ORIENTED_EDGE ( 'NONE', *, *, #6609, .F. ) ;
#7783 = CARTESIAN_POINT ( 'NONE',  ( 0.8500000000000113021, -3.249999999999996891, -0.02000000000000000042 ) ) ;
#7784 = ADVANCED_FACE ( 'NONE', ( #8544 ), #8586, .F. ) ;
#7785 = CARTESIAN_POINT ( 'NONE',  ( 0.08274701071319001677, -2.749677614774582501, 0.001000000000000000021 ) ) ;
#7786 = CARTESIAN_POINT ( 'NONE',  ( -0.01707618759245709689, -2.974691442823069742, 0.000000000000000000 ) ) ;
#7787 = SURFACE_STYLE_USAGE ( .BOTH. , #4164 ) ;
#7788 = DIRECTION ( 'NONE',  ( -3.491481338843134144E-15, 1.000000000000000000, 0.000000000000000000 ) ) ;
#7789 = COLOUR_RGB ( '',0.9686274509803921573, 0.8784313725490195957, 0.5999999999999999778 ) ;
#7790 = CARTESIAN_POINT ( 'NONE',  ( -0.2665546525541012679, -2.899418194026092355, 0.001000000000000000021 ) ) ;
#7791 =( GEOMETRIC_REPRESENTATION_CONTEXT ( 3 ) GLOBAL_UNCERTAINTY_ASSIGNED_CONTEXT ( ( #9410 ) ) GLOBAL_UNIT_ASSIGNED_CONTEXT ( ( #6715, #220, #3959 ) ) REPRESENTATION_CONTEXT ( 'NONE', 'WORKASPACE' ) );
#7792 = CARTESIAN_POINT ( 'NONE',  ( 0.2530147072019962584, -2.848198681830970802, 0.000000000000000000 ) ) ;
#7793 = SURFACE_STYLE_USAGE ( .BOTH. , #1962 ) ;
#7794 = ORIENTED_EDGE ( 'NONE', *, *, #2180, .T. ) ;
#7795 =( LENGTH_UNIT ( ) NAMED_UNIT ( * ) SI_UNIT ( .MILLI., .METRE. ) );
#7796 = SURFACE_STYLE_USAGE ( .BOTH. , #7217 ) ;
#7797 = AXIS2_PLACEMENT_3D ( 'NONE', #6598, #2298, #7469 ) ;
#7798 = ORIENTED_EDGE ( 'NONE', *, *, #3044, .T. ) ;
#7799 = CARTESIAN_POINT ( 'NONE',  ( 2.099999999999965894, 3.250000000000022204, -0.02000000000000000042 ) ) ;
#7800 = SURFACE_STYLE_USAGE ( .BOTH. , #6375 ) ;
#7801 = CARTESIAN_POINT ( 'NONE',  ( -0.01704690236302308995, -2.756011231037401643, 0.001000000000000000021 ) ) ;
#7802 =( GEOMETRIC_REPRESENTATION_CONTEXT ( 3 ) GLOBAL_UNCERTAINTY_ASSIGNED_CONTEXT ( ( #8004 ) ) GLOBAL_UNIT_ASSIGNED_CONTEXT ( ( #5336, #8219, #3091 ) ) REPRESENTATION_CONTEXT ( 'NONE', 'WORKASPACE' ) );
#7803 = VECTOR ( 'NONE', #8952, 1000.000000000000000 ) ;
#7804 = CARTESIAN_POINT ( 'NONE',  ( 3.250000000000000000, 2.100000000000000089, 0.000000000000000000 ) ) ;
#7805 = CARTESIAN_POINT ( 'NONE',  ( 0.05898949623280984322, -2.753209175988995394, 0.001000000000000000021 ) ) ;
#7806 = EDGE_LOOP ( 'NONE', ( #6775, #8480, #6036, #431 ) ) ;
#7807 = CARTESIAN_POINT ( 'NONE',  ( 0.7066732437873620709, -3.016491364757799776, 0.001000000000000000021 ) ) ;
#7808 = COLOUR_RGB ( '',0.2235294117647058654, 0.2235294117647058654, 0.2235294117647058654 ) ;
#7809 = VECTOR ( 'NONE', #3096, 1000.000000000000000 ) ;
#7810 = DIRECTION ( 'NONE',  ( 0.000000000000000000, -1.000000000000000000, 0.000000000000000000 ) ) ;
#7811 = VERTEX_POINT ( 'NONE', #7822 ) ;
#7812 = MECHANICAL_DESIGN_GEOMETRIC_PRESENTATION_REPRESENTATION (  '', ( #6432 ), #3428 ) ;
#7813 = B_SPLINE_SURFACE_WITH_KNOTS ( 'NONE', 3, 1, ( 
 ( #3956, #8919 ),
 ( #5280, #3186 ),
 ( #8075, #7401 ),
 ( #2420, #3915 ),
 ( #4579, #6069 ),
 ( #8961, #2457 ),
 ( #5373, #8258 ),
 ( #1014, #305 ),
 ( #3231, #8781 ),
 ( #2274, #166 ),
 ( #1539, #4466 ) ),
 .UNSPECIFIED., .F., .F., .F.,
 ( 4, 1, 1, 1, 1, 1, 1, 1, 4 ),
 ( 2, 2 ),
 ( 0.000000000000000000, 0.1451868664724705604, 0.2834426109197300536, 0.4165243659288301870, 0.5431811235350828548, 0.6651530826377142214, 0.7813602063127165209, 0.8927566556418096155, 1.000000000000000000 ),
 ( 0.000000000000000000, 1.000000000000000000 ),
 .UNSPECIFIED. ) ;
#7814 = ORIENTED_EDGE ( 'NONE', *, *, #1702, .T. ) ;
#7815 = CARTESIAN_POINT ( 'NONE',  ( 0.03684987419237220618, -2.971412850662325411, 0.000000000000000000 ) ) ;
#7816 = STYLED_ITEM ( 'NONE', ( #4699 ), #670 ) ;
#7817 = VECTOR ( 'NONE', #3345, 1000.000000000000000 ) ;
#7818 =( LENGTH_UNIT ( ) NAMED_UNIT ( * ) SI_UNIT ( .MILLI., .METRE. ) );
#7819 = MECHANICAL_DESIGN_GEOMETRIC_PRESENTATION_REPRESENTATION (  '', ( #8732 ), #224 ) ;
#7820 = LINE ( 'NONE', #3563, #8450 ) ;
#7821 = ORIENTED_EDGE ( 'NONE', *, *, #5955, .F. ) ;
#7822 = CARTESIAN_POINT ( 'NONE',  ( 4.099999999999999645, -2.900000000000000799, 0.8000000000000000444 ) ) ;
#7823 = CARTESIAN_POINT ( 'NONE',  ( 0.6759581335767189669, -2.918467498739853561, 0.001000000000000000021 ) ) ;
#7824 = ORIENTED_EDGE ( 'NONE', *, *, #4010, .F. ) ;
#7825 = CARTESIAN_POINT ( 'NONE',  ( 0.4602807930356802579, -2.723753715185611046, -0.000000000000000000 ) ) ;
#7826 = EDGE_CURVE ( 'NONE', #1234, #438, #4239, .T. ) ;
#7827 = VECTOR ( 'NONE', #2520, 1000.000000000000000 ) ;
#7828 = PRESENTATION_STYLE_ASSIGNMENT (( #3806 ) ) ;
#7829 =( NAMED_UNIT ( * ) SI_UNIT ( $, .STERADIAN. ) SOLID_ANGLE_UNIT ( ) );
#7830 = EDGE_LOOP ( 'NONE', ( #2534, #9031, #5772, #6646 ) ) ;
#7831 = LINE ( 'NONE', #7975, #6285 ) ;
#7832 = ADVANCED_FACE ( 'NONE', ( #7914 ), #6475, .F. ) ;
#7833 = EDGE_LOOP ( 'NONE', ( #7895, #7289, #303, #8662 ) ) ;
#7834 = VECTOR ( 'NONE', #8721, 1000.000000000000000 ) ;
#7835 = ADVANCED_FACE ( 'NONE', ( #3709 ), #917, .T. ) ;
#7836 = DIRECTION ( 'NONE',  ( -0.000000000000000000, -0.000000000000000000, 1.000000000000000000 ) ) ;
#7837 = STYLED_ITEM ( 'NONE', ( #8796 ), #8500 ) ;
#7838 = CARTESIAN_POINT ( 'NONE',  ( 0.07054890846258526915, -2.751013895707869583, 2.117582368135750848E-19 ) ) ;
#7839 = CARTESIAN_POINT ( 'NONE',  ( 0.09252782747414747822, -3.016387473144952480, -0.000000000000000000 ) ) ;
#7840 =( GEOMETRIC_REPRESENTATION_CONTEXT ( 3 ) GLOBAL_UNCERTAINTY_ASSIGNED_CONTEXT ( ( #9177 ) ) GLOBAL_UNIT_ASSIGNED_CONTEXT ( ( #1426, #8571, #2731 ) ) REPRESENTATION_CONTEXT ( 'NONE', 'WORKASPACE' ) );
#7841 = CARTESIAN_POINT ( 'NONE',  ( 0.2530147072019962584, -2.881125511099263736, 0.000000000000000000 ) ) ;
#7842 = COLOUR_RGB ( '',0.9686274509803921573, 0.8784313725490195957, 0.5999999999999999778 ) ;
#7843 = CARTESIAN_POINT ( 'NONE',  ( -3.250000000000000444, 0.8499999999999999778, -0.02000000000000000042 ) ) ;
#7844 = FACE_BOUND ( 'NONE', #5639, .T. ) ;
#7845 = ORIENTED_EDGE ( 'NONE', *, *, #6938, .T. ) ;
#7846 = AXIS2_PLACEMENT_3D ( 'NONE', #2899, #5798, #2165 ) ;
#7847 = ORIENTED_EDGE ( 'NONE', *, *, #9154, .F. ) ;
#7848 = CARTESIAN_POINT ( 'NONE',  ( 0.5187138311491881204, -2.745902296655712949, 0.001000000000000000021 ) ) ;
#7849 = FILL_AREA_STYLE_COLOUR ( '', #8451 ) ;
#7850 = ORIENTED_EDGE ( 'NONE', *, *, #3380, .T. ) ;
#7851 = CIRCLE ( 'NONE', #3162, 1.000000000000000000 ) ;
#7852 = CARTESIAN_POINT ( 'NONE',  ( 0.5187138311491881204, -2.745902296655712949, 0.000000000000000000 ) ) ;
#7853 = CARTESIAN_POINT ( 'NONE',  ( -5.050000000000001599, -5.049999999999999822, 0.8000000000000000444 ) ) ;
#7854 = EDGE_CURVE ( 'NONE', #5647, #7150, #3667, .T. ) ;
#7855 = CARTESIAN_POINT ( 'NONE',  ( 0.09518315232394750081, -2.716491364757799953, 0.001000000000000000021 ) ) ;
#7856 = STYLED_ITEM ( 'NONE', ( #1936 ), #3376 ) ;
#7857 = CARTESIAN_POINT ( 'NONE',  ( 0.002469039114930167943, -2.943825477926420575, 0.000000000000000000 ) ) ;
#7858 = COLOUR_RGB ( '',0.9686274509803921573, 0.8784313725490195957, 0.5999999999999999778 ) ;
#7859 = CARTESIAN_POINT ( 'NONE',  ( -0.2800455062126377959, -2.932345023294385289, 0.001000000000000000021 ) ) ;
#7860 = UNCERTAINTY_MEASURE_WITH_UNIT (LENGTH_MEASURE( 1.000000000000000082E-05 ), #9270, 'distance_accuracy_value', 'NONE');
#7861 = DIRECTION ( 'NONE',  ( 0.000000000000000000, 1.000000000000000000, 0.000000000000000000 ) ) ;
#7862 = AXIS2_PLACEMENT_3D ( 'NONE', #506, #7788, #5587 ) ;
#7863 = DIRECTION ( 'NONE',  ( 1.047444401652940007E-14, -1.000000000000000000, 0.000000000000000000 ) ) ;
#7864 = DIRECTION ( 'NONE',  ( -0.000000000000000000, -0.000000000000000000, -1.000000000000000000 ) ) ;
#7865 = ORIENTED_EDGE ( 'NONE', *, *, #7000, .T. ) ;
#7866 = DIRECTION ( 'NONE',  ( -1.047444401652940007E-14, 1.000000000000000000, 0.000000000000000000 ) ) ;
#7867 = VECTOR ( 'NONE', #6050, 1000.000000000000000 ) ;
#7868 =( LENGTH_UNIT ( ) NAMED_UNIT ( * ) SI_UNIT ( .MILLI., .METRE. ) );
#7869 = CARTESIAN_POINT ( 'NONE',  ( 0.4896070900804860293, -2.715732863438485190, 0.001000000000000000021 ) ) ;
#7870 = VERTEX_POINT ( 'NONE', #3765 ) ;
#7871 = VECTOR ( 'NONE', #8766, 1000.000000000000000 ) ;
#7872 = COLOUR_RGB ( '',0.9686274509803921573, 0.8784313725490195957, 0.5999999999999999778 ) ;
#7873 =( NAMED_UNIT ( * ) SI_UNIT ( $, .STERADIAN. ) SOLID_ANGLE_UNIT ( ) );
#7874 = VERTEX_POINT ( 'NONE', #3857 ) ;
#7875 = CARTESIAN_POINT ( 'NONE',  ( -0.2201656499706449166, -2.770184112165309465, 0.000000000000000000 ) ) ;
#7876 = ADVANCED_FACE ( 'NONE', ( #8255 ), #2413, .F. ) ;
#7877 = DIRECTION ( 'NONE',  ( 1.047444401652940164E-14, -1.000000000000000000, 0.000000000000000000 ) ) ;
#7878 = LINE ( 'NONE', #2796, #3572 ) ;
#7879 = FILL_AREA_STYLE_COLOUR ( '', #7521 ) ;
#7880 = ORIENTED_EDGE ( 'NONE', *, *, #1421, .T. ) ;
#7881 = ORIENTED_EDGE ( 'NONE', *, *, #4389, .T. ) ;
#7882 = CARTESIAN_POINT ( 'NONE',  ( 2.900000000000011458, -3.249999999999989786, 0.000000000000000000 ) ) ;
#7883 = SURFACE_STYLE_USAGE ( .BOTH. , #501 ) ;
#7884 = EDGE_CURVE ( 'NONE', #2094, #2947, #1530, .T. ) ;
#7885 =( NAMED_UNIT ( * ) SI_UNIT ( $, .STERADIAN. ) SOLID_ANGLE_UNIT ( ) );
#7886 =( NAMED_UNIT ( * ) SI_UNIT ( $, .STERADIAN. ) SOLID_ANGLE_UNIT ( ) );
#7887 =( GEOMETRIC_REPRESENTATION_CONTEXT ( 3 ) GLOBAL_UNCERTAINTY_ASSIGNED_CONTEXT ( ( #3975 ) ) GLOBAL_UNIT_ASSIGNED_CONTEXT ( ( #4536, #8827, #1643 ) ) REPRESENTATION_CONTEXT ( 'NONE', 'WORKASPACE' ) );
#7888 = ORIENTED_EDGE ( 'NONE', *, *, #6266, .T. ) ;
#7889 =( NAMED_UNIT ( * ) SI_UNIT ( $, .STERADIAN. ) SOLID_ANGLE_UNIT ( ) );
#7890 = EDGE_CURVE ( 'NONE', #3101, #4688, #5328, .T. ) ;
#7891 = SURFACE_SIDE_STYLE ('',( #6275 ) ) ;
#7892 = UNCERTAINTY_MEASURE_WITH_UNIT (LENGTH_MEASURE( 1.000000000000000082E-05 ), #1855, 'distance_accuracy_value', 'NONE');
#7893 = SURFACE_STYLE_FILL_AREA ( #3540 ) ;
#7894 = EDGE_LOOP ( 'NONE', ( #7415, #8360, #8093, #159 ) ) ;
#7895 = ORIENTED_EDGE ( 'NONE', *, *, #1137, .T. ) ;
#7896 = UNCERTAINTY_MEASURE_WITH_UNIT (LENGTH_MEASURE( 1.000000000000000082E-05 ), #2870, 'distance_accuracy_value', 'NONE');
#7897 = PRESENTATION_STYLE_ASSIGNMENT (( #9227 ) ) ;
#7898 = LINE ( 'NONE', #2872, #7426 ) ;
#7899 = FILL_AREA_STYLE ('',( #2008 ) ) ;
#7900 = CARTESIAN_POINT ( 'NONE',  ( 0.07886497341767033376, -2.716855081957033402, 0.000000000000000000 ) ) ;
#7901 = CARTESIAN_POINT ( 'NONE',  ( -0.06126078229956252730, -2.879491738543590085, 0.000000000000000000 ) ) ;
#7902 = CARTESIAN_POINT ( 'NONE',  ( 0.1798439754946791203, -3.016491364757799776, 0.000000000000000000 ) ) ;
#7903 = PRESENTATION_STYLE_ASSIGNMENT (( #1332 ) ) ;
#7904 = CARTESIAN_POINT ( 'NONE',  ( 0.09252782747414747822, -3.016387473144952480, 0.001000000000000000021 ) ) ;
#7905 = LINE ( 'NONE', #7807, #6445 ) ;
#7906 = AXIS2_PLACEMENT_3D ( 'NONE', #1388, #61, #4325 ) ;
#7907 = EDGE_CURVE ( 'NONE', #701, #1029, #8213, .T. ) ;
#7908 = SURFACE_SIDE_STYLE ('',( #2882 ) ) ;
#7909 = VERTEX_POINT ( 'NONE', #3949 ) ;
#7910 = CARTESIAN_POINT ( 'NONE',  ( 0.02703099031408841280, -2.965996171119433811, 0.000000000000000000 ) ) ;
#7911 = STYLED_ITEM ( 'NONE', ( #2338 ), #9143 ) ;
#7912 =( GEOMETRIC_REPRESENTATION_CONTEXT ( 3 ) GLOBAL_UNCERTAINTY_ASSIGNED_CONTEXT ( ( #1420 ) ) GLOBAL_UNIT_ASSIGNED_CONTEXT ( ( #8845, #6547, #713 ) ) REPRESENTATION_CONTEXT ( 'NONE', 'WORKASPACE' ) );
#7913 = EDGE_LOOP ( 'NONE', ( #6388, #8092, #980, #3918 ) ) ;
#7914 = FACE_OUTER_BOUND ( 'NONE', #117, .T. ) ;
#7915 =( NAMED_UNIT ( * ) SI_UNIT ( $, .STERADIAN. ) SOLID_ANGLE_UNIT ( ) );
#7916 = ORIENTED_EDGE ( 'NONE', *, *, #9329, .F. ) ;
#7917 = COLOUR_RGB ( '',0.9686274509803921573, 0.8784313725490195957, 0.5999999999999999778 ) ;
#7918 = CARTESIAN_POINT ( 'NONE',  ( -2.099999999999988542, -3.250000000000007994, -0.02000000000000000042 ) ) ;
#7919 = STYLED_ITEM ( 'NONE', ( #8550 ), #1785 ) ;
#7920 = CARTESIAN_POINT ( 'NONE',  ( -2.100000000000049827, 4.749999999999977796, -0.02000000000000000042 ) ) ;
#7921 = CARTESIAN_POINT ( 'NONE',  ( 0.6405734666117708365, -2.882645406916847897, 0.000000000000000000 ) ) ;
#7922 =( NAMED_UNIT ( * ) PLANE_ANGLE_UNIT ( ) SI_UNIT ( $, .RADIAN. ) );
#7923 =( NAMED_UNIT ( * ) SI_UNIT ( $, .STERADIAN. ) SOLID_ANGLE_UNIT ( ) );
#7924 = ORIENTED_EDGE ( 'NONE', *, *, #912, .F. ) ;
#7925 = ORIENTED_EDGE ( 'NONE', *, *, #6476, .F. ) ;
#7926 = VECTOR ( 'NONE', #5409, 1000.000000000000000 ) ;
#7927 = FACE_OUTER_BOUND ( 'NONE', #4003, .T. ) ;
#7928 = ADVANCED_FACE ( 'NONE', ( #7479 ), #958, .T. ) ;
#7929 = LINE ( 'NONE', #1955, #1873 ) ;
#7930 = SURFACE_SIDE_STYLE ('',( #8039 ) ) ;
#7931 = CARTESIAN_POINT ( 'NONE',  ( 0.06481617527065203221, -3.014090329183992889, 0.000000000000000000 ) ) ;
#7932 = DIRECTION ( 'NONE',  ( 0.000000000000000000, -0.000000000000000000, -1.000000000000000000 ) ) ;
#7933 = DIRECTION ( 'NONE',  ( -0.000000000000000000, 0.000000000000000000, -1.000000000000000000 ) ) ;
#7934 = ORIENTED_EDGE ( 'NONE', *, *, #8805, .F. ) ;
#7935 = LINE ( 'NONE', #7267, #6574 ) ;
#7936 = EDGE_CURVE ( 'NONE', #6055, #2621, #6893, .T. ) ;
#7937 = SURFACE_STYLE_USAGE ( .BOTH. , #7710 ) ;
#7938 = ORIENTED_EDGE ( 'NONE', *, *, #9101, .T. ) ;
#7939 = ORIENTED_EDGE ( 'NONE', *, *, #6772, .F. ) ;
#7940 = ORIENTED_EDGE ( 'NONE', *, *, #6899, .T. ) ;
#7941 = SURFACE_STYLE_FILL_AREA ( #2868 ) ;
#7942 = EDGE_CURVE ( 'NONE', #5129, #6309, #2826, .T. ) ;
#7943 = SURFACE_STYLE_USAGE ( .BOTH. , #5064 ) ;
#7944 = EDGE_CURVE ( 'NONE', #5419, #8928, #1816, .T. ) ;
#7945 = FACE_OUTER_BOUND ( 'NONE', #8498, .T. ) ;
#7946 = DIRECTION ( 'NONE',  ( -1.000000000000000000, 0.000000000000000000, 0.000000000000000000 ) ) ;
#7947 = PRESENTATION_LAYER_ASSIGNMENT (  '', '', ( #2634 ) ) ;
#7948 = PLANE ( 'NONE',  #1373 ) ;
#7949 = CARTESIAN_POINT ( 'NONE',  ( -0.009043048906411636431, -2.803481518335007472, 0.001000000000000000021 ) ) ;
#7950 = EDGE_CURVE ( 'NONE', #1658, #7721, #4806, .T. ) ;
#7951 =( NAMED_UNIT ( * ) SI_UNIT ( $, .STERADIAN. ) SOLID_ANGLE_UNIT ( ) );
#7952 = PRESENTATION_LAYER_ASSIGNMENT (  '', '', ( #3258 ) ) ;
#7953 = VERTEX_POINT ( 'NONE', #5505 ) ;
#7954 = FACE_OUTER_BOUND ( 'NONE', #3848, .T. ) ;
#7955 = DIRECTION ( 'NONE',  ( -0.000000000000000000, -0.000000000000000000, 1.000000000000000000 ) ) ;
#7956 = ORIENTED_EDGE ( 'NONE', *, *, #3517, .T. ) ;
#7957 = VECTOR ( 'NONE', #315, 1000.000000000000000 ) ;
#7958 =( GEOMETRIC_REPRESENTATION_CONTEXT ( 3 ) GLOBAL_UNCERTAINTY_ASSIGNED_CONTEXT ( ( #8098 ) ) GLOBAL_UNIT_ASSIGNED_CONTEXT ( ( #4102, #7722, #4810 ) ) REPRESENTATION_CONTEXT ( 'NONE', 'WORKASPACE' ) );
#7959 = EDGE_CURVE ( 'NONE', #607, #1506, #9043, .T. ) ;
#7960 = VECTOR ( 'NONE', #7380, 1000.000000000000000 ) ;
#7961 = CARTESIAN_POINT ( 'NONE',  ( 0.002469039114930167943, -2.943825477926420575, 0.000000000000000000 ) ) ;
#7962 = DIRECTION ( 'NONE',  ( -6.938893903907228378E-15, -1.000000000000000000, 0.000000000000000000 ) ) ;
#7963 = CARTESIAN_POINT ( 'NONE',  ( 2.899999999999999911, -2.900000000000000799, 6.299999999999999822 ) ) ;
#7964 = ORIENTED_EDGE ( 'NONE', *, *, #7270, .T. ) ;
#7965 = AXIS2_PLACEMENT_3D ( 'NONE', #249, #7438, #5403 ) ;
#7966 = PRESENTATION_LAYER_ASSIGNMENT (  '', '', ( #3270 ) ) ;
#7967 =( GEOMETRIC_REPRESENTATION_CONTEXT ( 3 ) GLOBAL_UNCERTAINTY_ASSIGNED_CONTEXT ( ( #7344 ) ) GLOBAL_UNIT_ASSIGNED_CONTEXT ( ( #831, #7488, #2324 ) ) REPRESENTATION_CONTEXT ( 'NONE', 'WORKASPACE' ) );
#7968 = CARTESIAN_POINT ( 'NONE',  ( 2.100000000000016964, -4.749999999999992895, -0.02000000000000000042 ) ) ;
#7969 = ORIENTED_EDGE ( 'NONE', *, *, #1119, .F. ) ;
#7970 = LINE ( 'NONE', #4376, #3238 ) ;
#7971 = SURFACE_STYLE_USAGE ( .BOTH. , #5086 ) ;
#7972 = EDGE_CURVE ( 'NONE', #644, #7661, #8391, .T. ) ;
#7973 = VECTOR ( 'NONE', #6531, 1000.000000000000000 ) ;
#7974 = COLOUR_RGB ( '',0.9686274509803921573, 0.8784313725490195957, 0.5999999999999999778 ) ;
#7975 = CARTESIAN_POINT ( 'NONE',  ( -3.250000000000000000, -0.8500000000000000888, -0.02000000000000000042 ) ) ;
#7976 = PLANE ( 'NONE',  #7239 ) ;
#7977 = CARTESIAN_POINT ( 'NONE',  ( 0.09535464622638649412, -2.749418194026092443, 0.000000000000000000 ) ) ;
#7978 = VERTEX_POINT ( 'NONE', #7619 ) ;
#7979 = ORIENTED_EDGE ( 'NONE', *, *, #5927, .T. ) ;
#7980 = DIRECTION ( 'NONE',  ( -5.421010862427522170E-16, -1.000000000000000000, 0.000000000000000000 ) ) ;
#7981 = VECTOR ( 'NONE', #6125, 1000.000000000000000 ) ;
#7982 = CARTESIAN_POINT ( 'NONE',  ( 0.6151435466557347853, -2.737268338003006285, 6.352747104407252543E-19 ) ) ;
#7983 = LINE ( 'NONE', #2232, #3929 ) ;
#7984 = VECTOR ( 'NONE', #8445, 1000.000000000000000 ) ;
#7985 = CARTESIAN_POINT ( 'NONE',  ( -0.2372291952370281787, -2.716491364757799953, 0.001000000000000000021 ) ) ;
#7986 = CARTESIAN_POINT ( 'NONE',  ( 4.750000000000000000, 2.900000000000000355, -0.02000000000000000042 ) ) ;
#7987 = CARTESIAN_POINT ( 'NONE',  ( 0.5404384876898011836, -3.020149901343165855, 0.001000000000000000021 ) ) ;
#7988 = ORIENTED_EDGE ( 'NONE', *, *, #143, .T. ) ;
#7989 =( NAMED_UNIT ( * ) PLANE_ANGLE_UNIT ( ) SI_UNIT ( $, .RADIAN. ) );
#7990 = VECTOR ( 'NONE', #4105, 1000.000000000000000 ) ;
#7991 = FILL_AREA_STYLE ('',( #3641 ) ) ;
#7992 = COLOUR_RGB ( '',0.2235294117647058654, 0.2235294117647058654, 0.2235294117647058654 ) ;
#7993 = EDGE_LOOP ( 'NONE', ( #663, #6314, #3142, #3404 ) ) ;
#7994 = ORIENTED_EDGE ( 'NONE', *, *, #4830, .T. ) ;
#7995 = ORIENTED_EDGE ( 'NONE', *, *, #967, .T. ) ;
#7996 = DIRECTION ( 'NONE',  ( -9.932342930286647849E-15, 1.000000000000000000, 0.000000000000000000 ) ) ;
#7997 = UNCERTAINTY_MEASURE_WITH_UNIT (LENGTH_MEASURE( 1.000000000000000082E-05 ), #423, 'distance_accuracy_value', 'NONE');
#7998 = PRESENTATION_LAYER_ASSIGNMENT (  '', '', ( #8604 ) ) ;
#7999 = DIRECTION ( 'NONE',  ( 1.000000000000000000, 1.047444401652940164E-14, 0.000000000000000000 ) ) ;
#8000 = DIRECTION ( 'NONE',  ( -0.000000000000000000, -0.000000000000000000, 1.000000000000000000 ) ) ;
#8001 = UNCERTAINTY_MEASURE_WITH_UNIT (LENGTH_MEASURE( 1.000000000000000082E-05 ), #6970, 'distance_accuracy_value', 'NONE');
#8002 = DIRECTION ( 'NONE',  ( -0.000000000000000000, -0.000000000000000000, 1.000000000000000000 ) ) ;
#8003 = SURFACE_STYLE_FILL_AREA ( #5110 ) ;
#8004 = UNCERTAINTY_MEASURE_WITH_UNIT (LENGTH_MEASURE( 1.000000000000000082E-05 ), #5336, 'distance_accuracy_value', 'NONE');
#8005 = VECTOR ( 'NONE', #2386, 1000.000000000000000 ) ;
#8006 = CARTESIAN_POINT ( 'NONE',  ( -0.005496442122008239270, -2.984449112067651733, 0.000000000000000000 ) ) ;
#8007 = FILL_AREA_STYLE ('',( #3697 ) ) ;
#8008 = LINE ( 'NONE', #4411, #3458 ) ;
#8009 = SURFACE_STYLE_USAGE ( .BOTH. , #5999 ) ;
#8010 =( GEOMETRIC_REPRESENTATION_CONTEXT ( 3 ) GLOBAL_UNCERTAINTY_ASSIGNED_CONTEXT ( ( #7860 ) ) GLOBAL_UNIT_ASSIGNED_CONTEXT ( ( #9270, #654, #6500 ) ) REPRESENTATION_CONTEXT ( 'NONE', 'WORKASPACE' ) );
#8011 = DIRECTION ( 'NONE',  ( -0.000000000000000000, -0.000000000000000000, -1.000000000000000000 ) ) ;
#8012 = PRESENTATION_LAYER_ASSIGNMENT (  '', '', ( #2694 ) ) ;
#8013 = CARTESIAN_POINT ( 'NONE',  ( 0.5284553475966166092, -3.020009359278887917, 0.001000000000000000021 ) ) ;
#8014 = ORIENTED_EDGE ( 'NONE', *, *, #2732, .T. ) ;
#8015 = EDGE_CURVE ( 'NONE', #8027, #6409, #6202, .T. ) ;
#8016 = DIRECTION ( 'NONE',  ( 1.000000000000000000, 0.000000000000000000, 0.000000000000000000 ) ) ;
#8017 = EDGE_CURVE ( 'NONE', #7345, #4463, #9091, .T. ) ;
#8018 = STYLED_ITEM ( 'NONE', ( #167 ), #3302 ) ;
#8019 =( GEOMETRIC_REPRESENTATION_CONTEXT ( 3 ) GLOBAL_UNCERTAINTY_ASSIGNED_CONTEXT ( ( #871 ) ) GLOBAL_UNIT_ASSIGNED_CONTEXT ( ( #2609, #6866, #3392 ) ) REPRESENTATION_CONTEXT ( 'NONE', 'WORKASPACE' ) );
#8020 = COLOUR_RGB ( '',0.2862745098039215508, 0.6627450980392156632, 0.3294117647058823484 ) ;
#8021 = PLANE ( 'NONE',  #4707 ) ;
#8022 = FILL_AREA_STYLE_COLOUR ( '', #2840 ) ;
#8023 = VERTEX_POINT ( 'NONE', #1148 ) ;
#8024 = DIRECTION ( 'NONE',  ( 0.000000000000000000, 0.000000000000000000, -1.000000000000000000 ) ) ;
#8025 =( GEOMETRIC_REPRESENTATION_CONTEXT ( 3 ) GLOBAL_UNCERTAINTY_ASSIGNED_CONTEXT ( ( #1724 ) ) GLOBAL_UNIT_ASSIGNED_CONTEXT ( ( #1011, #3953, #6016 ) ) REPRESENTATION_CONTEXT ( 'NONE', 'WORKASPACE' ) );
#8026 = FILL_AREA_STYLE_COLOUR ( '', #3838 ) ;
#8027 = VERTEX_POINT ( 'NONE', #4762 ) ;
#8028 = UNCERTAINTY_MEASURE_WITH_UNIT (LENGTH_MEASURE( 1.000000000000000082E-05 ), #5009, 'distance_accuracy_value', 'NONE');
#8029 = VECTOR ( 'NONE', #6829, 1000.000000000000000 ) ;
#8030 = ORIENTED_EDGE ( 'NONE', *, *, #5863, .F. ) ;
#8031 =( LENGTH_UNIT ( ) NAMED_UNIT ( * ) SI_UNIT ( .MILLI., .METRE. ) );
#8032 = DIRECTION ( 'NONE',  ( 0.000000000000000000, -1.000000000000000000, 0.000000000000000000 ) ) ;
#8033 = SURFACE_STYLE_USAGE ( .BOTH. , #6396 ) ;
#8034 = CARTESIAN_POINT ( 'NONE',  ( -0.2372291952370281787, -2.716491364757799953, 0.001000000000000000021 ) ) ;
#8035 = ORIENTED_EDGE ( 'NONE', *, *, #7884, .T. ) ;
#8036 = COLOUR_RGB ( '',0.9686274509803921573, 0.8784313725490195957, 0.5999999999999999778 ) ;
#8037 = CLOSED_SHELL ( 'NONE', ( #907, #2900, #5372, #6106, #5100, #4486, #9000, #5490, #6823, #4291, #7374, #7654, #7121, #6947, #1466, #5390, #5521, #5891, #5588, #8538, #175, #8930, #7835, #1619, #1970, #8138, #596, #276, #1773, #5542, #4942, #3892, #6384, #3442, #8545, #4917, #3253, #2595, #9231, #2961, #4893, #6076, #8743, #3571, #3797, #7832, #869, #7246, #3220, #7784, #3302, #4601, #792, #6750, #7325, #4432, #1026, #7636, #3500, #2470, #7762, #2772, #3256, #2385, #8892, #890, #2896, #9247, #8424, #2600, #8614, #8128, #2588, #3489, #8955, #197, #99, #7112, #1733, #5298, #3575, #5795, #3919, #2713, #6996, #7755, #4093, #8530, #4692, #899, #8094, #428, #8769, #2663, #5753, #4547, #9294, #8375, #2098, #5305, #8835, #271, #439, #5179, #5586, #2583, #3724, #8500, #2300, #2201, #1250, #6086, #9143, #2917, #27, #2908, #5939, #1538, #5805, #5581, #7545, #4572, #6427, #6318, #4202, #2774, #4690, #7491, #5226, #4506, #5672, #7614, #3622, #4252, #4533, #5425, #4630, #9047, #4552, #3600, #8914, #2462, #5848, #6657, #1313, #9050, #8811, #6364, #3373, #8246, #6811, #6261, #776, #959, #2282, #3851, #2009, #7590, #5170, #613, #1785, #1481, #8541, #575, #2121, #8345, #8808, #1914, #7473, #670, #7464, #7928, #8479, #6759, #3555, #8188, #1864, #4663, #2071, #5218, #2084, #8705, #8644, #1274, #5254, #4255, #6424, #3678, #3376, #6933, #780, #3125, #495, #3617, #8855, #1986, #7876, #8245, #3163 ) ) ;
#8038 = VECTOR ( 'NONE', #1198, 1000.000000000000000 ) ;
#8039 = SURFACE_STYLE_FILL_AREA ( #5186 ) ;
#8040 =( NAMED_UNIT ( * ) SI_UNIT ( $, .STERADIAN. ) SOLID_ANGLE_UNIT ( ) );
#8041 = EDGE_CURVE ( 'NONE', #7953, #1872, #6940, .T. ) ;
#8042 =( NAMED_UNIT ( * ) SI_UNIT ( $, .STERADIAN. ) SOLID_ANGLE_UNIT ( ) );
#8043 = SURFACE_STYLE_USAGE ( .BOTH. , #1357 ) ;
#8044 = STYLED_ITEM ( 'NONE', ( #4742 ), #4533 ) ;
#8045 = VERTEX_POINT ( 'NONE', #6243 ) ;
#8046 = DIRECTION ( 'NONE',  ( -1.000000000000000000, -9.932342930286647849E-15, 0.000000000000000000 ) ) ;
#8047 = SURFACE_STYLE_USAGE ( .BOTH. , #641 ) ;
#8048 = VERTEX_POINT ( 'NONE', #1766 ) ;
#8049 = VERTEX_POINT ( 'NONE', #7572 ) ;
#8050 = ORIENTED_EDGE ( 'NONE', *, *, #2929, .F. ) ;
#8051 = DIRECTION ( 'NONE',  ( 1.000000000000000000, 0.000000000000000000, -0.000000000000000000 ) ) ;
#8052 = MECHANICAL_DESIGN_GEOMETRIC_PRESENTATION_REPRESENTATION (  '', ( #1200 ), #8348 ) ;
#8053 = CARTESIAN_POINT ( 'NONE',  ( 0.8500000000000113021, -3.249999999999996891, -0.02000000000000000042 ) ) ;
#8054 = SURFACE_STYLE_USAGE ( .BOTH. , #1368 ) ;
#8055 = ORIENTED_EDGE ( 'NONE', *, *, #6476, .T. ) ;
#8056 = COLOUR_RGB ( '',0.2235294117647058654, 0.2235294117647058654, 0.2235294117647058654 ) ;
#8057 = CARTESIAN_POINT ( 'NONE',  ( -0.02754680246296869681, -2.963788975642644097, 0.001000000000000000021 ) ) ;
#8058 = PRESENTATION_STYLE_ASSIGNMENT (( #758 ) ) ;
#8059 = CARTESIAN_POINT ( 'NONE',  ( 0.6405734666117708365, -2.882645406916847897, 2.117582368135750848E-19 ) ) ;
#8060 = CARTESIAN_POINT ( 'NONE',  ( -3.549999999999999822, 2.899999999999999911, 0.000000000000000000 ) ) ;
#8061 = DIRECTION ( 'NONE',  ( 1.000000000000000000, 0.000000000000000000, 0.000000000000000000 ) ) ;
#8062 = EDGE_CURVE ( 'NONE', #9312, #986, #433, .T. ) ;
#8063 = DIRECTION ( 'NONE',  ( -0.000000000000000000, 0.000000000000000000, -1.000000000000000000 ) ) ;
#8064 = CARTESIAN_POINT ( 'NONE',  ( -4.750000000000000000, -0.4000000000000000777, -0.02000000000000000042 ) ) ;
#8065 = CARTESIAN_POINT ( 'NONE',  ( 0.5404384876898011836, -3.020149901343165855, 0.001000000000000000021 ) ) ;
#8066 = B_SPLINE_SURFACE_WITH_KNOTS ( 'NONE', 3, 1, ( 
 ( #8757, #799 ),
 ( #7326, #6502 ),
 ( #9417, #7901 ),
 ( #853, #5777 ),
 ( #5114, #3604 ),
 ( #4407, #757 ),
 ( #3748, #44 ),
 ( #145, #2252 ),
 ( #8057, #712 ),
 ( #3696, #2100 ),
 ( #2973, #8006 ),
 ( #3023, #5869 ),
 ( #4311, #2147 ),
 ( #1517, #2875 ),
 ( #5203, #96 ),
 ( #4501, #5918 ),
 ( #8799, #2923 ),
 ( #8622, #8100 ),
 ( #7226, #7168 ) ),
 .UNSPECIFIED., .F., .F., .F.,
 ( 4, 1, 1, 1, 1, 1, 1, 1, 1, 1, 1, 1, 1, 1, 1, 1, 4 ),
 ( 2, 2 ),
 ( 0.000000000000000000, 0.06806869584499372627, 0.1334274328189551384, 0.1961460338131562897, 0.2570485924493138841, 0.3168826631591628584, 0.3761872086663214931, 0.4359603353635471135, 0.4965352368627264923, 0.5574653434807333996, 0.6176868634101470024, 0.6779436406969066020, 0.7388052848060407962, 0.8009493367665841967, 0.8648146674702266168, 0.9310247810786571598, 1.000000000000000000 ),
 ( 0.000000000000000000, 1.000000000000000000 ),
 .UNSPECIFIED. ) ;
#8067 = FILL_AREA_STYLE_COLOUR ( '', #2972 ) ;
#8068 = FILL_AREA_STYLE ('',( #6605 ) ) ;
#8069 = DIRECTION ( 'NONE',  ( -1.000000000000000000, 0.000000000000000000, 0.000000000000000000 ) ) ;
#8070 =( NAMED_UNIT ( * ) PLANE_ANGLE_UNIT ( ) SI_UNIT ( $, .RADIAN. ) );
#8071 = ORIENTED_EDGE ( 'NONE', *, *, #4389, .F. ) ;
#8072 = DIRECTION ( 'NONE',  ( -0.000000000000000000, 0.000000000000000000, 1.000000000000000000 ) ) ;
#8073 =( LENGTH_UNIT ( ) NAMED_UNIT ( * ) SI_UNIT ( .MILLI., .METRE. ) );
#8074 = ORIENTED_EDGE ( 'NONE', *, *, #5510, .T. ) ;
#8075 = CARTESIAN_POINT ( 'NONE',  ( 0.5181934221116705208, -2.712906644522520061, 0.001000000000000000021 ) ) ;
#8076 = CARTESIAN_POINT ( 'NONE',  ( -0.2372291952370281787, -2.716491364757799953, 0.000000000000000000 ) ) ;
#8077 = FILL_AREA_STYLE_COLOUR ( '', #231 ) ;
#8078 = ORIENTED_EDGE ( 'NONE', *, *, #8365, .F. ) ;
#8079 = EDGE_CURVE ( 'NONE', #5642, #2369, #4042, .T. ) ;
#8080 = DIRECTION ( 'NONE',  ( 1.000000000000000000, -5.421010862427523156E-16, 0.000000000000000000 ) ) ;
#8081 =( GEOMETRIC_REPRESENTATION_CONTEXT ( 3 ) GLOBAL_UNCERTAINTY_ASSIGNED_CONTEXT ( ( #6594 ) ) GLOBAL_UNIT_ASSIGNED_CONTEXT ( ( #7109, #9302, #551 ) ) REPRESENTATION_CONTEXT ( 'NONE', 'WORKASPACE' ) );
#8082 = SURFACE_STYLE_FILL_AREA ( #74 ) ;
#8083 = STYLED_ITEM ( 'NONE', ( #7575 ), #1931 ) ;
#8084 = PRESENTATION_STYLE_ASSIGNMENT (( #125 ) ) ;
#8085 = DIRECTION ( 'NONE',  ( -0.000000000000000000, -0.000000000000000000, 1.000000000000000000 ) ) ;
#8086 = ORIENTED_EDGE ( 'NONE', *, *, #7115, .F. ) ;
#8087 = SURFACE_STYLE_FILL_AREA ( #4392 ) ;
#8088 =( GEOMETRIC_REPRESENTATION_CONTEXT ( 3 ) GLOBAL_UNCERTAINTY_ASSIGNED_CONTEXT ( ( #7215 ) ) GLOBAL_UNIT_ASSIGNED_CONTEXT ( ( #104, #950, #5956 ) ) REPRESENTATION_CONTEXT ( 'NONE', 'WORKASPACE' ) );
#8089 =( GEOMETRIC_REPRESENTATION_CONTEXT ( 3 ) GLOBAL_UNCERTAINTY_ASSIGNED_CONTEXT ( ( #8626 ) ) GLOBAL_UNIT_ASSIGNED_CONTEXT ( ( #1871, #7668, #4100 ) ) REPRESENTATION_CONTEXT ( 'NONE', 'WORKASPACE' ) );
#8090 = DIRECTION ( 'NONE',  ( -1.000000000000000000, 0.000000000000000000, 0.000000000000000000 ) ) ;
#8091 = CARTESIAN_POINT ( 'NONE',  ( 0.5927231091359704829, -2.764505767420454951, 0.001000000000000000021 ) ) ;
#8092 = ORIENTED_EDGE ( 'NONE', *, *, #2732, .F. ) ;
#8093 = ORIENTED_EDGE ( 'NONE', *, *, #2453, .T. ) ;
#8094 = ADVANCED_FACE ( 'NONE', ( #2547 ), #2685, .F. ) ;
#8095 = VERTEX_POINT ( 'NONE', #9278 ) ;
#8096 = SURFACE_SIDE_STYLE ('',( #5198 ) ) ;
#8097 = SURFACE_STYLE_FILL_AREA ( #6683 ) ;
#8098 = UNCERTAINTY_MEASURE_WITH_UNIT (LENGTH_MEASURE( 1.000000000000000082E-05 ), #4102, 'distance_accuracy_value', 'NONE');
#8099 = CARTESIAN_POINT ( 'NONE',  ( 2.899999999999966160, 3.250000000000030642, -0.02000000000000000042 ) ) ;
#8100 = CARTESIAN_POINT ( 'NONE',  ( 0.09252782747414747822, -3.016387473144952480, 0.000000000000000000 ) ) ;
#8101 =( LENGTH_UNIT ( ) NAMED_UNIT ( * ) SI_UNIT ( .MILLI., .METRE. ) );
#8102 = CARTESIAN_POINT ( 'NONE',  ( 0.6185638941341379260, -2.947318995770349392, 2.117582368135750848E-19 ) ) ;
#8103 = CARTESIAN_POINT ( 'NONE',  ( 0.2530147072019962584, -2.881125511099263736, 0.001000000000000000021 ) ) ;
#8104 = LINE ( 'NONE', #4507, #3985 ) ;
#8105 = PLANE ( 'NONE',  #1639 ) ;
#8106 = CARTESIAN_POINT ( 'NONE',  ( 0.05872794407593257687, -2.979331685322764045, 0.001000000000000000021 ) ) ;
#8107 = ORIENTED_EDGE ( 'NONE', *, *, #3278, .F. ) ;
#8108 = DIRECTION ( 'NONE',  ( 0.000000000000000000, -1.000000000000000000, -0.000000000000000000 ) ) ;
#8109 =( NAMED_UNIT ( * ) PLANE_ANGLE_UNIT ( ) SI_UNIT ( $, .RADIAN. ) );
#8110 = STYLED_ITEM ( 'NONE', ( #6673 ), #5490 ) ;
#8111 = VECTOR ( 'NONE', #5677, 1000.000000000000000 ) ;
#8112 = SURFACE_SIDE_STYLE ('',( #7439 ) ) ;
#8113 = PRESENTATION_STYLE_ASSIGNMENT (( #916 ) ) ;
#8114 = ORIENTED_EDGE ( 'NONE', *, *, #2511, .T. ) ;
#8115 = FILL_AREA_STYLE_COLOUR ( '', #4966 ) ;
#8116 = PRESENTATION_LAYER_ASSIGNMENT (  '', '', ( #1258 ) ) ;
#8117 = DIRECTION ( 'NONE',  ( 0.9315776194850603487, -0.3635424856527064708, 0.000000000000000000 ) ) ;
#8118 = AXIS2_PLACEMENT_3D ( 'NONE', #6505, #6415, #7128 ) ;
#8119 = UNCERTAINTY_MEASURE_WITH_UNIT (LENGTH_MEASURE( 1.000000000000000082E-05 ), #4208, 'distance_accuracy_value', 'NONE');
#8120 = FILL_AREA_STYLE_COLOUR ( '', #5307 ) ;
#8121 = ORIENTED_EDGE ( 'NONE', *, *, #8416, .F. ) ;
#8122 = VECTOR ( 'NONE', #1047, 1000.000000000000000 ) ;
#8123 = AXIS2_PLACEMENT_3D ( 'NONE', #1594, #2860, #8046 ) ;
#8124 = CARTESIAN_POINT ( 'NONE',  ( 0.2530147072019962584, -2.881125511099263736, 0.001000000000000000021 ) ) ;
#8125 = FACE_OUTER_BOUND ( 'NONE', #6679, .T. ) ;
#8126 = AXIS2_PLACEMENT_3D ( 'NONE', #9267, #3594, #6974 ) ;
#8127 = PLANE ( 'NONE',  #7206 ) ;
#8128 = ADVANCED_FACE ( 'NONE', ( #7954 ), #5693, .F. ) ;
#8129 = VERTEX_POINT ( 'NONE', #573 ) ;
#8130 = CARTESIAN_POINT ( 'NONE',  ( 0.6705366244347081839, -2.807400550781240955, 0.001000000000000000021 ) ) ;
#8131 = COLOUR_RGB ( '',0.2235294117647058654, 0.2235294117647058654, 0.2235294117647058654 ) ;
#8132 = SURFACE_STYLE_USAGE ( .BOTH. , #3146 ) ;
#8133 = VECTOR ( 'NONE', #8358, 1000.000000000000000 ) ;
#8134 = SURFACE_SIDE_STYLE ('',( #7411 ) ) ;
#8135 = EDGE_CURVE ( 'NONE', #4886, #9192, #7905, .T. ) ;
#8136 = VERTEX_POINT ( 'NONE', #8533 ) ;
#8137 = CARTESIAN_POINT ( 'NONE',  ( 0.8200878779337035240, -2.716491364757799953, 0.001000000000000000021 ) ) ;
#8138 = ADVANCED_FACE ( 'NONE', ( #2832 ), #8573, .F. ) ;
#8139 = FACE_OUTER_BOUND ( 'NONE', #1971, .T. ) ;
#8140 = CARTESIAN_POINT ( 'NONE',  ( 0.5927231091359704829, -2.764505767420454951, 0.000000000000000000 ) ) ;
#8141 = EDGE_LOOP ( 'NONE', ( #2017, #1181, #2065, #499 ) ) ;
#8142 = MECHANICAL_DESIGN_GEOMETRIC_PRESENTATION_REPRESENTATION (  '', ( #2822 ), #6892 ) ;
#8143 = CIRCLE ( 'NONE', #5569, 0.2500000000000002220 ) ;
#8144 = ORIENTED_EDGE ( 'NONE', *, *, #7018, .F. ) ;
#8145 = FILL_AREA_STYLE_COLOUR ( '', #7186 ) ;
#8146 = DIRECTION ( 'NONE',  ( 0.000000000000000000, -0.000000000000000000, -1.000000000000000000 ) ) ;
#8147 = PLANE ( 'NONE',  #1798 ) ;
#8148 = ORIENTED_EDGE ( 'NONE', *, *, #2888, .F. ) ;
#8149 = B_SPLINE_CURVE_WITH_KNOTS ( 'NONE', 3,
 ( #1253, #488, #6260, #7627, #2594, #1163, #9253, #9152, #6392, #7825, #4193 ),
 .UNSPECIFIED., .F., .F.,
 ( 4, 1, 1, 1, 1, 1, 1, 1, 4 ),
 ( 0.000000000000000000, 0.1451868664724705604, 0.2834426109197300536, 0.4165243659288301870, 0.5431811235350828548, 0.6651530826377142214, 0.7813602063127165209, 0.8927566556418096155, 1.000000000000000000 ),
 .UNSPECIFIED. ) ;
#8150 = CARTESIAN_POINT ( 'NONE',  ( 0.6337259148424844168, -2.918101036200972942, 2.117582368135750848E-19 ) ) ;
#8151 = DIRECTION ( 'NONE',  ( -0.000000000000000000, 0.000000000000000000, -1.000000000000000000 ) ) ;
#8152 = AXIS2_PLACEMENT_3D ( 'NONE', #3124, #6012, #58 ) ;
#8153 = FILL_AREA_STYLE ('',( #6740 ) ) ;
#8154 = DIRECTION ( 'NONE',  ( 1.000000000000000000, 0.000000000000000000, 0.000000000000000000 ) ) ;
#8155 = ORIENTED_EDGE ( 'NONE', *, *, #3084, .F. ) ;
#8156 = LINE ( 'NONE', #2029, #8335 ) ;
#8157 = MECHANICAL_DESIGN_GEOMETRIC_PRESENTATION_REPRESENTATION (  '', ( #7552 ), #1291 ) ;
#8158 = LINE ( 'NONE', #1567, #1266 ) ;
#8159 = PRESENTATION_STYLE_ASSIGNMENT (( #7287 ) ) ;
#8160 = MECHANICAL_DESIGN_GEOMETRIC_PRESENTATION_REPRESENTATION (  '', ( #4844 ), #8608 ) ;
#8161 =( LENGTH_UNIT ( ) NAMED_UNIT ( * ) SI_UNIT ( .MILLI., .METRE. ) );
#8162 = AXIS2_PLACEMENT_3D ( 'NONE', #3007, #5812, #6534 ) ;
#8163 = DIRECTION ( 'NONE',  ( -0.000000000000000000, -0.000000000000000000, 1.000000000000000000 ) ) ;
#8164 = SURFACE_STYLE_FILL_AREA ( #2365 ) ;
#8165 = DIRECTION ( 'NONE',  ( -0.000000000000000000, -0.000000000000000000, 1.000000000000000000 ) ) ;
#8166 = VECTOR ( 'NONE', #8002, 1000.000000000000000 ) ;
#8167 = ORIENTED_EDGE ( 'NONE', *, *, #4019, .F. ) ;
#8168 = VERTEX_POINT ( 'NONE', #6506 ) ;
#8169 = DIRECTION ( 'NONE',  ( 5.421010862427522170E-16, 1.000000000000000000, 0.000000000000000000 ) ) ;
#8170 = PRESENTATION_LAYER_ASSIGNMENT (  '', '', ( #1618 ) ) ;
#8171 = SURFACE_STYLE_USAGE ( .BOTH. , #5281 ) ;
#8172 = SURFACE_STYLE_USAGE ( .BOTH. , #121 ) ;
#8173 = VERTEX_POINT ( 'NONE', #2150 ) ;
#8174 = MECHANICAL_DESIGN_GEOMETRIC_PRESENTATION_REPRESENTATION (  '', ( #6929 ), #8631 ) ;
#8175 = CARTESIAN_POINT ( 'NONE',  ( 0.6644587173691408610, -2.793320008906116758, 0.001000000000000000021 ) ) ;
#8176 = STYLED_ITEM ( 'NONE', ( #944 ), #5298 ) ;
#8177 = DIRECTION ( 'NONE',  ( 3.491481338843133355E-15, -1.000000000000000000, 0.000000000000000000 ) ) ;
#8178 = EDGE_CURVE ( 'NONE', #2118, #4978, #2202, .T. ) ;
#8179 = SURFACE_SIDE_STYLE ('',( #6767 ) ) ;
#8180 = CARTESIAN_POINT ( 'NONE',  ( -2.899999999999999911, -2.900000000000000355, 0.8000000000000000444 ) ) ;
#8181 = PRESENTATION_STYLE_ASSIGNMENT (( #8968 ) ) ;
#8182 = AXIS2_PLACEMENT_3D ( 'NONE', #4289, #6523, #4250 ) ;
#8183 = MECHANICAL_DESIGN_GEOMETRIC_PRESENTATION_REPRESENTATION (  '', ( #6632 ), #6200 ) ;
#8184 = CARTESIAN_POINT ( 'NONE',  ( 0.5168167669172716305, -3.019057464375464850, 0.000000000000000000 ) ) ;
#8185 = DIRECTION ( 'NONE',  ( -1.047444401652940164E-14, 1.000000000000000000, 0.000000000000000000 ) ) ;
#8186 = VERTEX_POINT ( 'NONE', #8761 ) ;
#8187 = ORIENTED_EDGE ( 'NONE', *, *, #8300, .F. ) ;
#8188 = ADVANCED_FACE ( 'NONE', ( #2299 ), #243, .T. ) ;
#8189 = FILL_AREA_STYLE ('',( #5304 ) ) ;
#8190 = VECTOR ( 'NONE', #3692, 1000.000000000000000 ) ;
#8191 = SURFACE_STYLE_USAGE ( .BOTH. , #1033 ) ;
#8192 = EDGE_CURVE ( 'NONE', #8291, #8746, #6651, .T. ) ;
#8193 = MECHANICAL_DESIGN_GEOMETRIC_PRESENTATION_REPRESENTATION (  '', ( #2877 ), #1025 ) ;
#8194 = SURFACE_SIDE_STYLE ('',( #4499 ) ) ;
#8195 = ORIENTED_EDGE ( 'NONE', *, *, #8265, .F. ) ;
#8196 = FACE_OUTER_BOUND ( 'NONE', #1285, .T. ) ;
#8197 = LINE ( 'NONE', #3165, #2396 ) ;
#8198 = CARTESIAN_POINT ( 'NONE',  ( 0.3591122681776059422, -2.848198681830970802, 0.001000000000000000021 ) ) ;
#8199 = COLOUR_RGB ( '',0.9686274509803921573, 0.8784313725490195957, 0.5999999999999999778 ) ;
#8200 = CARTESIAN_POINT ( 'NONE',  ( 0.6407362392957386410, -2.874078945978726818, 2.117582368135750848E-19 ) ) ;
#8201 = CARTESIAN_POINT ( 'NONE',  ( 0.6810634876898010726, -2.872150663538287851, 0.001000000000000000021 ) ) ;
#8202 = FACE_OUTER_BOUND ( 'NONE', #2048, .T. ) ;
#8203 = CARTESIAN_POINT ( 'NONE',  ( 3.250000000000000000, -1.649999999999999911, 0.000000000000000000 ) ) ;
#8204 = FILL_AREA_STYLE ('',( #8949 ) ) ;
#8205 = DIRECTION ( 'NONE',  ( -0.000000000000000000, -0.000000000000000000, 1.000000000000000000 ) ) ;
#8206 = DIRECTION ( 'NONE',  ( -5.421010862427522170E-16, -1.000000000000000000, 0.000000000000000000 ) ) ;
#8207 = PRESENTATION_LAYER_ASSIGNMENT (  '', '', ( #2892 ) ) ;
#8208 =( NAMED_UNIT ( * ) SI_UNIT ( $, .STERADIAN. ) SOLID_ANGLE_UNIT ( ) );
#8209 = SURFACE_SIDE_STYLE ('',( #8387 ) ) ;
#8210 = CARTESIAN_POINT ( 'NONE',  ( -0.8500000000000498268, 4.749999999999991118, 0.000000000000000000 ) ) ;
#8211 = SURFACE_STYLE_FILL_AREA ( #5216 ) ;
#8212 = EDGE_CURVE ( 'NONE', #7551, #4110, #858, .T. ) ;
#8213 = LINE ( 'NONE', #1670, #522 ) ;
#8214 = CARTESIAN_POINT ( 'NONE',  ( 4.750000000000000000, -0.3999999999999999667, -0.02000000000000000042 ) ) ;
#8215 =( NAMED_UNIT ( * ) PLANE_ANGLE_UNIT ( ) SI_UNIT ( $, .RADIAN. ) );
#8216 = UNCERTAINTY_MEASURE_WITH_UNIT (LENGTH_MEASURE( 1.000000000000000082E-05 ), #7602, 'distance_accuracy_value', 'NONE');
#8217 = ORIENTED_EDGE ( 'NONE', *, *, #6170, .F. ) ;
#8218 = CARTESIAN_POINT ( 'NONE',  ( -2.900000000000000799, 2.899999999999999911, 5.299999999999999822 ) ) ;
#8219 =( NAMED_UNIT ( * ) PLANE_ANGLE_UNIT ( ) SI_UNIT ( $, .RADIAN. ) );
#8220 = CARTESIAN_POINT ( 'NONE',  ( 3.250000000000000444, -2.100000000000000089, -0.02000000000000000042 ) ) ;
#8221 = CARTESIAN_POINT ( 'NONE',  ( -4.750000000000000000, -0.8500000000000000888, 0.000000000000000000 ) ) ;
#8222 = EDGE_LOOP ( 'NONE', ( #8736, #790, #2473, #8936 ) ) ;
#8223 = PLANE ( 'NONE',  #3899 ) ;
#8224 = DIRECTION ( 'NONE',  ( 6.938893903907228378E-15, 1.000000000000000000, 0.000000000000000000 ) ) ;
#8225 = CARTESIAN_POINT ( 'NONE',  ( 0.2456976340312645724, -2.749418194026092443, 0.001000000000000000021 ) ) ;
#8226 =( GEOMETRIC_REPRESENTATION_CONTEXT ( 3 ) GLOBAL_UNCERTAINTY_ASSIGNED_CONTEXT ( ( #2095 ) ) GLOBAL_UNIT_ASSIGNED_CONTEXT ( ( #436, #5199, #4549 ) ) REPRESENTATION_CONTEXT ( 'NONE', 'WORKASPACE' ) );
#8227 = CARTESIAN_POINT ( 'NONE',  ( 0.6407362392957386410, -2.874078945978726818, 0.001000000000000000021 ) ) ;
#8228 = CARTESIAN_POINT ( 'NONE',  ( 0.5734649827963140822, -2.753904416123264198, 0.001000000000000000021 ) ) ;
#8229 = CARTESIAN_POINT ( 'NONE',  ( 2.899999999999950173, 4.750000000000030198, -0.02000000000000000042 ) ) ;
#8230 = CARTESIAN_POINT ( 'NONE',  ( -4.750000000000000000, -1.649999999999999911, -0.02000000000000000042 ) ) ;
#8231 = EDGE_CURVE ( 'NONE', #911, #7405, #906, .T. ) ;
#8232 = ORIENTED_EDGE ( 'NONE', *, *, #3022, .T. ) ;
#8233 = ORIENTED_EDGE ( 'NONE', *, *, #1189, .F. ) ;
#8234 = ORIENTED_EDGE ( 'NONE', *, *, #6256, .T. ) ;
#8235 =( LENGTH_UNIT ( ) NAMED_UNIT ( * ) SI_UNIT ( .MILLI., .METRE. ) );
#8236 = CARTESIAN_POINT ( 'NONE',  ( -0.3103999269443450948, -3.016491364757799776, 0.001000000000000000021 ) ) ;
#8237 = CARTESIAN_POINT ( 'NONE',  ( 2.399999999999998579, -2.399999999999999911, 0.000000000000000000 ) ) ;
#8238 = DIRECTION ( 'NONE',  ( 0.000000000000000000, -1.000000000000000000, 0.000000000000000000 ) ) ;
#8239 = VECTOR ( 'NONE', #1390, 1000.000000000000000 ) ;
#8240 = PRODUCT_DEFINITION ( 'Î´Öª', '', #7461, #1338 ) ;
#8241 = FILL_AREA_STYLE_COLOUR ( '', #519 ) ;
#8242 = DIRECTION ( 'NONE',  ( -0.000000000000000000, -0.000000000000000000, 1.000000000000000000 ) ) ;
#8243 = CARTESIAN_POINT ( 'NONE',  ( 0.6222357529416699951, -2.997561270599523375, 0.000000000000000000 ) ) ;
#8244 = PLANE ( 'NONE',  #8126 ) ;
#8245 = ADVANCED_FACE ( 'NONE', ( #8202 ), #5165, .F. ) ;
#8246 = ADVANCED_FACE ( 'NONE', ( #4412 ), #7280, .T. ) ;
#8247 = ORIENTED_EDGE ( 'NONE', *, *, #4365, .T. ) ;
#8248 = DIRECTION ( 'NONE',  ( -0.000000000000000000, -0.000000000000000000, -1.000000000000000000 ) ) ;
#8249 = CARTESIAN_POINT ( 'NONE',  ( -5.050000000000002487, 5.049999999999999822, 0.8000000000000000444 ) ) ;
#8250 = DIRECTION ( 'NONE',  ( 0.000000000000000000, -1.000000000000000000, 6.505213034913027393E-15 ) ) ;
#8251 = EDGE_CURVE ( 'NONE', #2728, #1865, #379, .T. ) ;
#8252 = LINE ( 'NONE', #1090, #817 ) ;
#8253 = CARTESIAN_POINT ( 'NONE',  ( -4.750000000000000000, -0.8500000000000000888, -0.02000000000000000042 ) ) ;
#8254 = LINE ( 'NONE', #7618, #4521 ) ;
#8255 = FACE_OUTER_BOUND ( 'NONE', #1350, .T. ) ;
#8256 = DIRECTION ( 'NONE',  ( 0.000000000000000000, -1.000000000000000000, 0.000000000000000000 ) ) ;
#8257 = SURFACE_SIDE_STYLE ('',( #162 ) ) ;
#8258 = CARTESIAN_POINT ( 'NONE',  ( 0.4809869892362342858, -2.717338691256047323, 0.000000000000000000 ) ) ;
#8259 = PRESENTATION_STYLE_ASSIGNMENT (( #5374 ) ) ;
#8260 = VERTEX_POINT ( 'NONE', #4752 ) ;
#8261 = MECHANICAL_DESIGN_GEOMETRIC_PRESENTATION_REPRESENTATION (  '', ( #7022 ), #8717 ) ;
#8262 = CARTESIAN_POINT ( 'NONE',  ( -1.649999999999988809, -3.250000000000005329, -0.02000000000000000042 ) ) ;
#8263 = MECHANICAL_DESIGN_GEOMETRIC_PRESENTATION_REPRESENTATION (  '', ( #6279 ), #4796 ) ;
#8264 = DIRECTION ( 'NONE',  ( 1.000000000000000000, -6.938893903907228378E-15, 0.000000000000000000 ) ) ;
#8265 = EDGE_CURVE ( 'NONE', #4045, #6484, #2535, .T. ) ;
#8266 = PLANE ( 'NONE',  #6800 ) ;
#8267 = CARTESIAN_POINT ( 'NONE',  ( 0.5573601152534924941, -2.985414476189845789, 0.001000000000000000021 ) ) ;
#8268 = AXIS2_PLACEMENT_3D ( 'NONE', #8592, #20, #66 ) ;
#8269 = VERTEX_POINT ( 'NONE', #3257 ) ;
#8270 = SURFACE_STYLE_USAGE ( .BOTH. , #7498 ) ;
#8271 = SURFACE_SIDE_STYLE ('',( #3926 ) ) ;
#8272 = ORIENTED_EDGE ( 'NONE', *, *, #3313, .T. ) ;
#8273 = ORIENTED_EDGE ( 'NONE', *, *, #6467, .F. ) ;
#8274 = ORIENTED_EDGE ( 'NONE', *, *, #5879, .F. ) ;
#8275 = AXIS2_PLACEMENT_3D ( 'NONE', #4133, #3365, #3405 ) ;
#8276 = AXIS2_PLACEMENT_3D ( 'NONE', #7116, #4297, #601 ) ;
#8277 = SURFACE_SIDE_STYLE ('',( #5436 ) ) ;
#8278 = STYLED_ITEM ( 'NONE', ( #7624 ), #7755 ) ;
#8279 = DIRECTION ( 'NONE',  ( -0.000000000000000000, 0.000000000000000000, -1.000000000000000000 ) ) ;
#8280 = DIRECTION ( 'NONE',  ( 1.000000000000000000, -0.000000000000000000, -0.000000000000000000 ) ) ;
#8281 =( NAMED_UNIT ( * ) SI_UNIT ( $, .STERADIAN. ) SOLID_ANGLE_UNIT ( ) );
#8282 = AXIS2_PLACEMENT_3D ( 'NONE', #7843, #416, #1908 ) ;
#8283 = AXIS2_PLACEMENT_3D ( 'NONE', #5524, #404, #9156 ) ;
#8284 =( NAMED_UNIT ( * ) PLANE_ANGLE_UNIT ( ) SI_UNIT ( $, .RADIAN. ) );
#8285 = CARTESIAN_POINT ( 'NONE',  ( 0.5749563094532027518, -2.718732757553671053, 0.000000000000000000 ) ) ;
#8286 =( LENGTH_UNIT ( ) NAMED_UNIT ( * ) SI_UNIT ( .MILLI., .METRE. ) );
#8287 = CARTESIAN_POINT ( 'NONE',  ( -0.2109906281638573855, -2.774113315977312588, 0.000000000000000000 ) ) ;
#8288 = VERTEX_POINT ( 'NONE', #5397 ) ;
#8289 = DIRECTION ( 'NONE',  ( 0.000000000000000000, 0.000000000000000000, 1.000000000000000000 ) ) ;
#8290 = CARTESIAN_POINT ( 'NONE',  ( -4.770365320521144703, 4.310522442972755996, 0.7990000000000000435 ) ) ;
#8291 = VERTEX_POINT ( 'NONE', #5496 ) ;
#8292 = COLOUR_RGB ( '',0.2235294117647058654, 0.2235294117647058654, 0.2235294117647058654 ) ;
#8293 = PRESENTATION_STYLE_ASSIGNMENT (( #6002 ) ) ;
#8294 = LINE ( 'NONE', #1709, #3317 ) ;
#8295 = DIRECTION ( 'NONE',  ( -5.421010862427522170E-16, -1.000000000000000000, 0.000000000000000000 ) ) ;
#8296 = UNCERTAINTY_MEASURE_WITH_UNIT (LENGTH_MEASURE( 1.000000000000000082E-05 ), #528, 'distance_accuracy_value', 'NONE');
#8297 = FACE_OUTER_BOUND ( 'NONE', #7457, .T. ) ;
#8298 = VECTOR ( 'NONE', #5659, 1000.000000000000000 ) ;
#8299 =( LENGTH_UNIT ( ) NAMED_UNIT ( * ) SI_UNIT ( .MILLI., .METRE. ) );
#8300 = EDGE_CURVE ( 'NONE', #5474, #5755, #1707, .T. ) ;
#8301 = PRESENTATION_LAYER_ASSIGNMENT (  '', '', ( #7552 ) ) ;
#8302 = FILL_AREA_STYLE ('',( #1767 ) ) ;
#8303 = FILL_AREA_STYLE ('',( #1631 ) ) ;
#8304 = EDGE_CURVE ( 'NONE', #3011, #6309, #9081, .T. ) ;
#8305 = VECTOR ( 'NONE', #7562, 1000.000000000000000 ) ;
#8306 = MECHANICAL_DESIGN_GEOMETRIC_PRESENTATION_REPRESENTATION (  '', ( #6326 ), #9205 ) ;
#8307 = CARTESIAN_POINT ( 'NONE',  ( -2.900000000000034106, 3.249999999999969358, -0.02000000000000000042 ) ) ;
#8308 = CARTESIAN_POINT ( 'NONE',  ( 2.899999999999999023, 2.899999999999999911, 0.8000000000000000444 ) ) ;
#8309 = VERTEX_POINT ( 'NONE', #1756 ) ;
#8310 = CARTESIAN_POINT ( 'NONE',  ( 0.3591122681776059422, -2.881125511099263736, 0.001000000000000000021 ) ) ;
#8311 = STYLED_ITEM ( 'NONE', ( #1418 ), #2300 ) ;
#8312 = DIRECTION ( 'NONE',  ( 5.421010862427522170E-16, 1.000000000000000000, 0.000000000000000000 ) ) ;
#8313 = VECTOR ( 'NONE', #345, 1000.000000000000000 ) ;
#8314 = SURFACE_SIDE_STYLE ('',( #5426 ) ) ;
#8315 = CARTESIAN_POINT ( 'NONE',  ( 0.6245596994600802754, -2.938283340280032352, 0.001000000000000000021 ) ) ;
#8316 = CARTESIAN_POINT ( 'NONE',  ( -0.2124241960335546409, -2.769790222147953340, 0.001000000000000000021 ) ) ;
#8317 = STYLED_ITEM ( 'NONE', ( #2441 ), #2470 ) ;
#8318 = FILL_AREA_STYLE ('',( #4913 ) ) ;
#8319 = FILL_AREA_STYLE ('',( #3431 ) ) ;
#8320 = EDGE_LOOP ( 'NONE', ( #877, #4242, #5835, #6369 ) ) ;
#8321 = COLOUR_RGB ( '',0.9686274509803921573, 0.8784313725490195957, 0.5999999999999999778 ) ;
#8322 = ORIENTED_EDGE ( 'NONE', *, *, #2014, .F. ) ;
#8323 = EDGE_CURVE ( 'NONE', #3669, #7150, #4705, .T. ) ;
#8324 = PRESENTATION_STYLE_ASSIGNMENT (( #4118 ) ) ;
#8325 = FILL_AREA_STYLE ('',( #3205 ) ) ;
#8326 = FILL_AREA_STYLE_COLOUR ( '', #3663 ) ;
#8327 = STYLED_ITEM ( 'NONE', ( #8084 ), #2772 ) ;
#8328 = DIRECTION ( 'NONE',  ( -0.000000000000000000, -0.000000000000000000, -1.000000000000000000 ) ) ;
#8329 = UNCERTAINTY_MEASURE_WITH_UNIT (LENGTH_MEASURE( 1.000000000000000082E-05 ), #8566, 'distance_accuracy_value', 'NONE');
#8330 = VECTOR ( 'NONE', #8256, 1000.000000000000000 ) ;
#8331 =( NAMED_UNIT ( * ) SI_UNIT ( $, .STERADIAN. ) SOLID_ANGLE_UNIT ( ) );
#8332 = CARTESIAN_POINT ( 'NONE',  ( -0.2154426326904131939, -2.755212998297924987, -0.000000000000000000 ) ) ;
#8333 = ORIENTED_EDGE ( 'NONE', *, *, #6282, .T. ) ;
#8334 = PLANE ( 'NONE',  #9007 ) ;
#8335 = VECTOR ( 'NONE', #6554, 1000.000000000000000 ) ;
#8336 = PRESENTATION_STYLE_ASSIGNMENT (( #4082 ) ) ;
#8337 = AXIS2_PLACEMENT_3D ( 'NONE', #4414, #3755, #2302 ) ;
#8338 = ORIENTED_EDGE ( 'NONE', *, *, #8633, .T. ) ;
#8339 = UNCERTAINTY_MEASURE_WITH_UNIT (LENGTH_MEASURE( 1.000000000000000082E-05 ), #4317, 'distance_accuracy_value', 'NONE');
#8340 = CARTESIAN_POINT ( 'NONE',  ( -0.8500000000000498268, 4.749999999999991118, -0.02000000000000000042 ) ) ;
#8341 = DIRECTION ( 'NONE',  ( -0.000000000000000000, -0.000000000000000000, -1.000000000000000000 ) ) ;
#8342 = DIRECTION ( 'NONE',  ( -1.000000000000000000, 0.000000000000000000, 0.000000000000000000 ) ) ;
#8343 = DIRECTION ( 'NONE',  ( -3.491481338843134144E-15, 1.000000000000000000, 0.000000000000000000 ) ) ;
#8344 = DIRECTION ( 'NONE',  ( -0.3536223923290754967, 0.9353882635801357148, 0.000000000000000000 ) ) ;
#8345 = ADVANCED_FACE ( 'NONE', ( #6975 ), #2622, .T. ) ;
#8346 = DIRECTION ( 'NONE',  ( -0.000000000000000000, 0.000000000000000000, 1.000000000000000000 ) ) ;
#8347 = CARTESIAN_POINT ( 'NONE',  ( -0.2171802650133558554, -2.755382942802756752, 0.001000000000000000021 ) ) ;
#8348 =( GEOMETRIC_REPRESENTATION_CONTEXT ( 3 ) GLOBAL_UNCERTAINTY_ASSIGNED_CONTEXT ( ( #4833 ) ) GLOBAL_UNIT_ASSIGNED_CONTEXT ( ( #2759, #4022, #2173 ) ) REPRESENTATION_CONTEXT ( 'NONE', 'WORKASPACE' ) );
#8349 = CARTESIAN_POINT ( 'NONE',  ( -4.099999999999999645, -2.899999999999991473, 0.8000000000000000444 ) ) ;
#8350 = ORIENTED_EDGE ( 'NONE', *, *, #6378, .F. ) ;
#8351 = DIRECTION ( 'NONE',  ( 0.000000000000000000, 0.000000000000000000, -1.000000000000000000 ) ) ;
#8352 = CARTESIAN_POINT ( 'NONE',  ( 4.750000000000000000, -2.899999999999999911, -0.02000000000000000042 ) ) ;
#8353 = EDGE_CURVE ( 'NONE', #6111, #1896, #1808, .T. ) ;
#8354 = LINE ( 'NONE', #1824, #10 ) ;
#8355 = DIRECTION ( 'NONE',  ( 0.000000000000000000, -1.000000000000000000, 0.000000000000000000 ) ) ;
#8356 = LINE ( 'NONE', #5561, #5578 ) ;
#8357 = ORIENTED_EDGE ( 'NONE', *, *, #5065, .T. ) ;
#8358 = DIRECTION ( 'NONE',  ( -0.000000000000000000, -0.000000000000000000, 1.000000000000000000 ) ) ;
#8359 = CARTESIAN_POINT ( 'NONE',  ( 3.250000000000000000, -0.3999999999999999667, 0.000000000000000000 ) ) ;
#8360 = ORIENTED_EDGE ( 'NONE', *, *, #7547, .T. ) ;
#8361 = PLANE ( 'NONE',  #2928 ) ;
#8362 = LINE ( 'NONE', #2599, #9306 ) ;
#8363 = EDGE_LOOP ( 'NONE', ( #1427, #5497, #6583, #79 ) ) ;
#8364 = LINE ( 'NONE', #8880, #1900 ) ;
#8365 = EDGE_CURVE ( 'NONE', #2353, #7730, #3943, .T. ) ;
#8366 = CARTESIAN_POINT ( 'NONE',  ( 0.6381442802254901903, -2.756466516795656574, 0.001000000000000000021 ) ) ;
#8367 = DIRECTION ( 'NONE',  ( 0.000000000000000000, -0.000000000000000000, 1.000000000000000000 ) ) ;
#8368 = ORIENTED_EDGE ( 'NONE', *, *, #6518, .T. ) ;
#8369 = CARTESIAN_POINT ( 'NONE',  ( -0.8499999999999833245, -4.750000000000002665, -0.02000000000000000042 ) ) ;
#8370 = STYLED_ITEM ( 'NONE', ( #3381 ), #8811 ) ;
#8371 = FILL_AREA_STYLE_COLOUR ( '', #8505 ) ;
#8372 = CARTESIAN_POINT ( 'NONE',  ( -0.1662307196272721221, -2.899418194026092355, 0.001000000000000000021 ) ) ;
#8373 = PRESENTATION_STYLE_ASSIGNMENT (( #6320 ) ) ;
#8374 = VECTOR ( 'NONE', #1976, 1000.000000000000000 ) ;
#8375 = ADVANCED_FACE ( 'NONE', ( #3548 ), #562, .F. ) ;
#8376 =( NAMED_UNIT ( * ) PLANE_ANGLE_UNIT ( ) SI_UNIT ( $, .RADIAN. ) );
#8377 = CARTESIAN_POINT ( 'NONE',  ( 0.5558304845547572537, -3.019806615468028088, 0.000000000000000000 ) ) ;
#8378 = FACE_OUTER_BOUND ( 'NONE', #7212, .T. ) ;
#8379 = ORIENTED_EDGE ( 'NONE', *, *, #3673, .F. ) ;
#8380 = LINE ( 'NONE', #1858, #4495 ) ;
#8381 = DIRECTION ( 'NONE',  ( 0.000000000000000000, -0.000000000000000000, -1.000000000000000000 ) ) ;
#8382 = EDGE_LOOP ( 'NONE', ( #5910, #5912, #2981, #5369 ) ) ;
#8383 = CARTESIAN_POINT ( 'NONE',  ( 0.5281480913483377337, -2.745759657440726809, 0.000000000000000000 ) ) ;
#8384 = PRESENTATION_LAYER_ASSIGNMENT (  '', '', ( #7919 ) ) ;
#8385 = EDGE_LOOP ( 'NONE', ( #7925, #8783, #6889, #5945 ) ) ;
#8386 = UNCERTAINTY_MEASURE_WITH_UNIT (LENGTH_MEASURE( 1.000000000000000082E-05 ), #9029, 'distance_accuracy_value', 'NONE');
#8387 = SURFACE_STYLE_FILL_AREA ( #9039 ) ;
#8388 = DIRECTION ( 'NONE',  ( -0.000000000000000000, 0.000000000000000000, -1.000000000000000000 ) ) ;
#8389 = MECHANICAL_DESIGN_GEOMETRIC_PRESENTATION_REPRESENTATION (  '', ( #7149 ), #1084 ) ;
#8390 = CARTESIAN_POINT ( 'NONE',  ( -3.250000000000000444, -2.900000000000000355, -0.02000000000000000042 ) ) ;
#8391 = LINE ( 'NONE', #4097, #2057 ) ;
#8392 = PLANE ( 'NONE',  #4249 ) ;
#8393 = SURFACE_STYLE_USAGE ( .BOTH. , #1095 ) ;
#8394 = DIRECTION ( 'NONE',  ( 0.000000000000000000, -0.000000000000000000, -1.000000000000000000 ) ) ;
#8395 = VERTEX_POINT ( 'NONE', #4353 ) ;
#8396 =( LENGTH_UNIT ( ) NAMED_UNIT ( * ) SI_UNIT ( .MILLI., .METRE. ) );
#8397 = CARTESIAN_POINT ( 'NONE',  ( 1.650000000000011458, -3.249999999999994671, -0.02000000000000000042 ) ) ;
#8398 = DIRECTION ( 'NONE',  ( -0.3222024856061132536, 0.9466707760722532505, 0.000000000000000000 ) ) ;
#8399 = SURFACE_STYLE_USAGE ( .BOTH. , #9053 ) ;
#8400 = CARTESIAN_POINT ( 'NONE',  ( -0.8499999999999885425, -3.250000000000003109, -0.02000000000000000042 ) ) ;
#8401 = ORIENTED_EDGE ( 'NONE', *, *, #3138, .T. ) ;
#8402 = FILL_AREA_STYLE ('',( #6998 ) ) ;
#8403 = CARTESIAN_POINT ( 'NONE',  ( 0.5749563094532027518, -2.718732757553671053, 0.001000000000000000021 ) ) ;
#8404 =( NAMED_UNIT ( * ) SI_UNIT ( $, .STERADIAN. ) SOLID_ANGLE_UNIT ( ) );
#8405 = ORIENTED_EDGE ( 'NONE', *, *, #8469, .F. ) ;
#8406 = DIRECTION ( 'NONE',  ( -1.000000000000000000, 0.000000000000000000, -0.000000000000000000 ) ) ;
#8407 = DIRECTION ( 'NONE',  ( -1.000000000000000000, 0.000000000000000000, 0.000000000000000000 ) ) ;
#8408 = CARTESIAN_POINT ( 'NONE',  ( 0.4742031023167549431, -2.756483761573780722, 0.000000000000000000 ) ) ;
#8409 = COLOUR_RGB ( '',0.9686274509803921573, 0.8784313725490195957, 0.5999999999999999778 ) ;
#8410 = CARTESIAN_POINT ( 'NONE',  ( -0.2190458075798705495, -2.765468394293151277, 0.001000000000000000021 ) ) ;
#8411 = CARTESIAN_POINT ( 'NONE',  ( 0.6753095297365010463, -2.822349818585074388, 0.001000000000000000021 ) ) ;
#8412 =( GEOMETRIC_REPRESENTATION_CONTEXT ( 3 ) GLOBAL_UNCERTAINTY_ASSIGNED_CONTEXT ( ( #5062 ) ) GLOBAL_UNIT_ASSIGNED_CONTEXT ( ( #7408, #9400, #2999 ) ) REPRESENTATION_CONTEXT ( 'NONE', 'WORKASPACE' ) );
#8413 = CARTESIAN_POINT ( 'NONE',  ( 0.2530147072019962584, -2.881125511099263736, 0.001000000000000000021 ) ) ;
#8414 = ORIENTED_EDGE ( 'NONE', *, *, #6784, .F. ) ;
#8415 = SURFACE_STYLE_USAGE ( .BOTH. , #8277 ) ;
#8416 = EDGE_CURVE ( 'NONE', #8049, #4518, #2140, .T. ) ;
#8417 = PRESENTATION_LAYER_ASSIGNMENT (  '', '', ( #6563 ) ) ;
#8418 = VECTOR ( 'NONE', #6249, 1000.000000000000000 ) ;
#8419 = SURFACE_SIDE_STYLE ('',( #1797 ) ) ;
#8420 = CARTESIAN_POINT ( 'NONE',  ( 0.6408195852507767576, -2.869692584269995184, 0.000000000000000000 ) ) ;
#8421 = STYLED_ITEM ( 'NONE', ( #5952 ), #7374 ) ;
#8422 = UNCERTAINTY_MEASURE_WITH_UNIT (LENGTH_MEASURE( 1.000000000000000082E-05 ), #6528, 'distance_accuracy_value', 'NONE');
#8423 = SURFACE_STYLE_USAGE ( .BOTH. , #459 ) ;
#8424 = ADVANCED_FACE ( 'NONE', ( #1277 ), #2725, .T. ) ;
#8425 = FILL_AREA_STYLE_COLOUR ( '', #8730 ) ;
#8426 = PRESENTATION_STYLE_ASSIGNMENT (( #7793 ) ) ;
#8427 = AXIS2_PLACEMENT_3D ( 'NONE', #2983, #6659, #2359 ) ;
#8428 = VECTOR ( 'NONE', #460, 1000.000000000000000 ) ;
#8429 = LINE ( 'NONE', #4532, #611 ) ;
#8430 = VERTEX_POINT ( 'NONE', #650 ) ;
#8431 = DIRECTION ( 'NONE',  ( -0.000000000000000000, -0.000000000000000000, -1.000000000000000000 ) ) ;
#8432 =( GEOMETRIC_REPRESENTATION_CONTEXT ( 3 ) GLOBAL_UNCERTAINTY_ASSIGNED_CONTEXT ( ( #6198 ) ) GLOBAL_UNIT_ASSIGNED_CONTEXT ( ( #8562, #513, #6455 ) ) REPRESENTATION_CONTEXT ( 'NONE', 'WORKASPACE' ) );
#8433 = B_SPLINE_CURVE_WITH_KNOTS ( 'NONE', 3,
 ( #7759, #1333, #4358, #8493, #9240, #1975, #3558, #9328, #572, #3606, #7229, #2830, #2060, #716, #2105, #1238, #6379, #7904, #1376 ),
 .UNSPECIFIED., .F., .F.,
 ( 4, 1, 1, 1, 1, 1, 1, 1, 1, 1, 1, 1, 1, 1, 1, 1, 4 ),
 ( 0.000000000000000000, 0.06806869584499372627, 0.1334274328189551384, 0.1961460338131562897, 0.2570485924493138841, 0.3168826631591628584, 0.3761872086663214931, 0.4359603353635471135, 0.4965352368627264923, 0.5574653434807333996, 0.6176868634101470024, 0.6779436406969066020, 0.7388052848060407962, 0.8009493367665841967, 0.8648146674702266168, 0.9310247810786571598, 1.000000000000000000 ),
 .UNSPECIFIED. ) ;
#8434 = EDGE_LOOP ( 'NONE', ( #2790, #1247, #5596, #4238 ) ) ;
#8435 = UNCERTAINTY_MEASURE_WITH_UNIT (LENGTH_MEASURE( 1.000000000000000082E-05 ), #4094, 'distance_accuracy_value', 'NONE');
#8436 = DIRECTION ( 'NONE',  ( -1.000000000000000000, -9.932342930286647849E-15, 0.000000000000000000 ) ) ;
#8437 = CARTESIAN_POINT ( 'NONE',  ( -0.02127200189432375960, -2.868190730867534288, 0.001000000000000000021 ) ) ;
#8438 = MECHANICAL_DESIGN_GEOMETRIC_PRESENTATION_REPRESENTATION (  '', ( #3286 ), #4660 ) ;
#8439 = VECTOR ( 'NONE', #8740, 1000.000000000000000 ) ;
#8440 = VERTEX_POINT ( 'NONE', #3596 ) ;
#8441 = DIRECTION ( 'NONE',  ( -1.047444401652940007E-14, 1.000000000000000000, 0.000000000000000000 ) ) ;
#8442 = LINE ( 'NONE', #4658, #87 ) ;
#8443 = CARTESIAN_POINT ( 'NONE',  ( 2.399999999999999023, 2.399999999999999911, 0.000000000000000000 ) ) ;
#8444 = AXIS2_PLACEMENT_3D ( 'NONE', #4334, #6483, #5041 ) ;
#8445 = DIRECTION ( 'NONE',  ( -0.000000000000000000, -0.000000000000000000, 1.000000000000000000 ) ) ;
#8446 = LINE ( 'NONE', #2736, #8485 ) ;
#8447 = CARTESIAN_POINT ( 'NONE',  ( 0.3993561706166303127, -3.016491364757799776, 0.000000000000000000 ) ) ;
#8448 = EDGE_LOOP ( 'NONE', ( #4639, #3629, #6884, #7097 ) ) ;
#8449 = FACE_OUTER_BOUND ( 'NONE', #2992, .T. ) ;
#8450 = VECTOR ( 'NONE', #8635, 1000.000000000000000 ) ;
#8451 = COLOUR_RGB ( '',0.9686274509803921573, 0.8784313725490195957, 0.5999999999999999778 ) ;
#8452 = CARTESIAN_POINT ( 'NONE',  ( 0.3591122681776059422, -2.848198681830970802, 0.001000000000000000021 ) ) ;
#8453 = CARTESIAN_POINT ( 'NONE',  ( 0.4749839359280766948, -2.976517837850314319, 0.001000000000000000021 ) ) ;
#8454 = DIRECTION ( 'NONE',  ( 3.491481338843133355E-15, -1.000000000000000000, 0.000000000000000000 ) ) ;
#8455 = ORIENTED_EDGE ( 'NONE', *, *, #4413, .F. ) ;
#8456 = SURFACE_STYLE_USAGE ( .BOTH. , #5563 ) ;
#8457 = CARTESIAN_POINT ( 'NONE',  ( 0.6222357529416699951, -2.997561270599523375, 0.001000000000000000021 ) ) ;
#8458 = ORIENTED_EDGE ( 'NONE', *, *, #6658, .F. ) ;
#8459 = CARTESIAN_POINT ( 'NONE',  ( -0.01598990078614499419, -2.755401154628994043, 0.001000000000000000021 ) ) ;
#8460 = PRESENTATION_LAYER_ASSIGNMENT (  '', '', ( #3152 ) ) ;
#8461 = CARTESIAN_POINT ( 'NONE',  ( 3.250000000000000000, -1.649999999999999911, -0.02000000000000000042 ) ) ;
#8462 = ORIENTED_EDGE ( 'NONE', *, *, #5011, .T. ) ;
#8463 = CARTESIAN_POINT ( 'NONE',  ( 4.099999999999998757, 2.899999999999991473, 0.8000000000000000444 ) ) ;
#8464 = CARTESIAN_POINT ( 'NONE',  ( -3.250000000000000000, 2.899999999999999911, -0.02000000000000000042 ) ) ;
#8465 = CARTESIAN_POINT ( 'NONE',  ( 0.6482523525726866520, -2.767777064601752102, 0.001000000000000000021 ) ) ;
#8466 = LINE ( 'NONE', #4064, #2372 ) ;
#8467 = ORIENTED_EDGE ( 'NONE', *, *, #5870, .F. ) ;
#8468 = STYLED_ITEM ( 'NONE', ( #4642 ), #2462 ) ;
#8469 = EDGE_CURVE ( 'NONE', #2343, #1884, #6013, .T. ) ;
#8470 = SURFACE_SIDE_STYLE ('',( #5046 ) ) ;
#8471 = DIRECTION ( 'NONE',  ( -0.000000000000000000, -0.000000000000000000, -1.000000000000000000 ) ) ;
#8472 = CARTESIAN_POINT ( 'NONE',  ( 2.899999999999999023, 2.899999999999999911, 5.299999999999999822 ) ) ;
#8473 = AXIS2_PLACEMENT_3D ( 'NONE', #7918, #504, #6613 ) ;
#8474 = FILL_AREA_STYLE ('',( #7746 ) ) ;
#8475 = VECTOR ( 'NONE', #5417, 1000.000000000000000 ) ;
#8476 = CARTESIAN_POINT ( 'NONE',  ( -2.899999999999983480, -4.750000000000010658, 0.000000000000000000 ) ) ;
#8477 = PRESENTATION_LAYER_ASSIGNMENT (  '', '', ( #3172 ) ) ;
#8478 = FACE_BOUND ( 'NONE', #3630, .T. ) ;
#8479 = ADVANCED_FACE ( 'NONE', ( #5063 ), #3792, .T. ) ;
#8480 = ORIENTED_EDGE ( 'NONE', *, *, #9062, .F. ) ;
#8481 =( GEOMETRIC_REPRESENTATION_CONTEXT ( 3 ) GLOBAL_UNCERTAINTY_ASSIGNED_CONTEXT ( ( #7535 ) ) GLOBAL_UNIT_ASSIGNED_CONTEXT ( ( #6129, #17, #1391 ) ) REPRESENTATION_CONTEXT ( 'NONE', 'WORKASPACE' ) );
#8482 =( NAMED_UNIT ( * ) SI_UNIT ( $, .STERADIAN. ) SOLID_ANGLE_UNIT ( ) );
#8483 = ORIENTED_EDGE ( 'NONE', *, *, #747, .F. ) ;
#8484 = LINE ( 'NONE', #5499, #570 ) ;
#8485 = VECTOR ( 'NONE', #9243, 1000.000000000000000 ) ;
#8486 = LINE ( 'NONE', #1811, #5295 ) ;
#8487 = CARTESIAN_POINT ( 'NONE',  ( 0.08967159310404260175, -2.716614212343574586, 0.001000000000000000021 ) ) ;
#8488 = EDGE_LOOP ( 'NONE', ( #4865, #9206, #5005, #8937 ) ) ;
#8489 = B_SPLINE_CURVE_WITH_KNOTS ( 'NONE', 3,
 ( #2164, #6482, #7921, #1393, #2122, #4379, #8645, #2898, #4247, #7193, #1494, #5002, #5797, #1446, #1301, #5040, #7252, #773, #3574 ),
 .UNSPECIFIED., .F., .F.,
 ( 4, 1, 1, 1, 1, 1, 1, 1, 1, 1, 1, 1, 1, 1, 1, 1, 4 ),
 ( 0.000000000000000000, 0.07377411937406366804, 0.1440791147260396254, 0.2113485183089109098, 0.2760768857398822607, 0.3385209158196761381, 0.3998851166931330914, 0.4602540674652124686, 0.5205889643912473552, 0.5802076845630437241, 0.6386329085525457305, 0.6963645494905238431, 0.7540017746600119475, 0.8128056813744973796, 0.8727544255255602623, 0.9351819969782662056, 1.000000000000000000 ),
 .UNSPECIFIED. ) ;
#8490 = CARTESIAN_POINT ( 'NONE',  ( -0.01718887640476395376, -2.902504321437422430, 0.000000000000000000 ) ) ;
#8491 = CARTESIAN_POINT ( 'NONE',  ( 0.5518313154461953474, -2.747701419169913617, 0.001000000000000000021 ) ) ;
#8492 = CARTESIAN_POINT ( 'NONE',  ( 0.02805725097586346875, -2.765357711974909538, 0.001000000000000000021 ) ) ;
#8493 = CARTESIAN_POINT ( 'NONE',  ( -0.05909004870995430286, -2.895701397067207861, 0.001000000000000000021 ) ) ;
#8494 = ORIENTED_EDGE ( 'NONE', *, *, #3087, .F. ) ;
#8495 = CARTESIAN_POINT ( 'NONE',  ( 0.03346713914973709070, -2.726191419091444690, 0.001000000000000000021 ) ) ;
#8496 = ORIENTED_EDGE ( 'NONE', *, *, #3988, .T. ) ;
#8497 = PRESENTATION_LAYER_ASSIGNMENT (  '', '', ( #8939 ) ) ;
#8498 = EDGE_LOOP ( 'NONE', ( #4706, #4872, #2623, #823 ) ) ;
#8499 = VECTOR ( 'NONE', #8807, 1000.000000000000000 ) ;
#8500 = ADVANCED_FACE ( 'NONE', ( #8702 ), #7370, .F. ) ;
#8501 = CARTESIAN_POINT ( 'NONE',  ( 0.4661895683916110200, -2.972688911334339767, 0.000000000000000000 ) ) ;
#8502 = SURFACE_SIDE_STYLE ('',( #9054 ) ) ;
#8503 = ORIENTED_EDGE ( 'NONE', *, *, #6529, .F. ) ;
#8505 = COLOUR_RGB ( '',0.9686274509803921573, 0.8784313725490195957, 0.5999999999999999778 ) ;
#8504 =( NAMED_UNIT ( * ) PLANE_ANGLE_UNIT ( ) SI_UNIT ( $, .RADIAN. ) );
#8506 = FILL_AREA_STYLE ('',( #9149 ) ) ;
#8507 = ORIENTED_EDGE ( 'NONE', *, *, #2323, .F. ) ;
#8508 = DIRECTION ( 'NONE',  ( -0.000000000000000000, 0.000000000000000000, 1.000000000000000000 ) ) ;
#8509 = DIRECTION ( 'NONE',  ( -0.000000000000000000, -0.000000000000000000, -1.000000000000000000 ) ) ;
#8510 = COLOUR_RGB ( '',0.9686274509803921573, 0.8784313725490195957, 0.5999999999999999778 ) ;
#8511 = ORIENTED_EDGE ( 'NONE', *, *, #2075, .T. ) ;
#8512 =( LENGTH_UNIT ( ) NAMED_UNIT ( * ) SI_UNIT ( .MILLI., .METRE. ) );
#8513 = LINE ( 'NONE', #3289, #3263 ) ;
#8514 = CARTESIAN_POINT ( 'NONE',  ( -4.750000000000000000, -1.649999999999999911, 0.000000000000000000 ) ) ;
#8515 = LINE ( 'NONE', #5576, #675 ) ;
#8516 = EDGE_LOOP ( 'NONE', ( #8714, #1857, #2754, #1987 ) ) ;
#8517 = DIRECTION ( 'NONE',  ( 1.000000000000000000, -5.421010862427523156E-16, 0.000000000000000000 ) ) ;
#8518 = FILL_AREA_STYLE_COLOUR ( '', #8199 ) ;
#8519 = LINE ( 'NONE', #1996, #6931 ) ;
#8520 = CARTESIAN_POINT ( 'NONE',  ( 3.250000000000000444, -0.8499999999999999778, 0.000000000000000000 ) ) ;
#8521 = FACE_BOUND ( 'NONE', #492, .T. ) ;
#8522 = ORIENTED_EDGE ( 'NONE', *, *, #4088, .F. ) ;
#8523 = SURFACE_STYLE_USAGE ( .BOTH. , #7021 ) ;
#8524 = CARTESIAN_POINT ( 'NONE',  ( 0.5363968895997235364, -3.020102500200047668, 0.001000000000000000021 ) ) ;
#8525 = ORIENTED_EDGE ( 'NONE', *, *, #1838, .T. ) ;
#8526 = VECTOR ( 'NONE', #3104, 1000.000000000000000 ) ;
#8527 = FILL_AREA_STYLE_COLOUR ( '', #8056 ) ;
#8528 = MECHANICAL_DESIGN_GEOMETRIC_PRESENTATION_REPRESENTATION (  '', ( #4763 ), #6826 ) ;
#8529 = EDGE_CURVE ( 'NONE', #2397, #5502, #1605, .T. ) ;
#8530 = ADVANCED_FACE ( 'NONE', ( #894 ), #8888, .F. ) ;
#8531 =( GEOMETRIC_REPRESENTATION_CONTEXT ( 3 ) GLOBAL_UNCERTAINTY_ASSIGNED_CONTEXT ( ( #4901 ) ) GLOBAL_UNIT_ASSIGNED_CONTEXT ( ( #1174, #5351, #7885 ) ) REPRESENTATION_CONTEXT ( 'NONE', 'WORKASPACE' ) );
#8532 = FACE_OUTER_BOUND ( 'NONE', #6215, .T. ) ;
#8533 = CARTESIAN_POINT ( 'NONE',  ( -4.750000000000000000, 0.8499999999999999778, 0.000000000000000000 ) ) ;
#8534 = VECTOR ( 'NONE', #6765, 1000.000000000000000 ) ;
#8535 = DIRECTION ( 'NONE',  ( -1.000000000000000000, -3.491481338843134144E-15, 0.000000000000000000 ) ) ;
#8536 = DIRECTION ( 'NONE',  ( -1.000000000000000000, 0.000000000000000000, 0.000000000000000000 ) ) ;
#8537 = ORIENTED_EDGE ( 'NONE', *, *, #5465, .T. ) ;
#8538 = ADVANCED_FACE ( 'NONE', ( #6867 ), #2438, .T. ) ;
#8539 = CARTESIAN_POINT ( 'NONE',  ( 0.09701242061663044314, -2.983564535489507286, 0.000000000000000000 ) ) ;
#8540 = PRESENTATION_LAYER_ASSIGNMENT (  '', '', ( #1533 ) ) ;
#8541 = ADVANCED_FACE ( 'NONE', ( #2525 ), #2123, .T. ) ;
#8542 = LINE ( 'NONE', #2213, #81 ) ;
#8543 = EDGE_LOOP ( 'NONE', ( #4158, #1601, #9282, #9176 ) ) ;
#8544 = FACE_OUTER_BOUND ( 'NONE', #7364, .T. ) ;
#8545 = ADVANCED_FACE ( 'NONE', ( #7012 ), #3436, .F. ) ;
#8546 = CARTESIAN_POINT ( 'NONE',  ( 0.6664038371011840045, -2.945462200823789622, 0.000000000000000000 ) ) ;
#8547 = FILL_AREA_STYLE ('',( #1208 ) ) ;
#8548 = COLOUR_RGB ( '',0.2235294117647058654, 0.2235294117647058654, 0.2235294117647058654 ) ;
#8549 = ORIENTED_EDGE ( 'NONE', *, *, #4947, .F. ) ;
#8550 = PRESENTATION_STYLE_ASSIGNMENT (( #4818 ) ) ;
#8551 =( NAMED_UNIT ( * ) PLANE_ANGLE_UNIT ( ) SI_UNIT ( $, .RADIAN. ) );
#8552 = EDGE_LOOP ( 'NONE', ( #7769, #3620, #1071, #1541 ) ) ;
#8553 = SURFACE_STYLE_USAGE ( .BOTH. , #806 ) ;
#8554 = DIRECTION ( 'NONE',  ( -5.421010862427523156E-16, -1.000000000000000000, 0.000000000000000000 ) ) ;
#8555 = EDGE_LOOP ( 'NONE', ( #3081, #5059, #2080, #645 ) ) ;
#8556 =( NAMED_UNIT ( * ) SI_UNIT ( $, .STERADIAN. ) SOLID_ANGLE_UNIT ( ) );
#8557 = EDGE_CURVE ( 'NONE', #3386, #1345, #2128, .T. ) ;
#8558 = CARTESIAN_POINT ( 'NONE',  ( 0.02805725097586346875, -2.765357711974909538, 2.117582368135750848E-19 ) ) ;
#8559 = CARTESIAN_POINT ( 'NONE',  ( 0.1396000730556547775, -2.749418194026092443, 0.001000000000000000021 ) ) ;
#8560 = AXIS2_PLACEMENT_3D ( 'NONE', #7681, #4377, #2076 ) ;
#8561 = ORIENTED_EDGE ( 'NONE', *, *, #9023, .F. ) ;
#8562 =( LENGTH_UNIT ( ) NAMED_UNIT ( * ) SI_UNIT ( .MILLI., .METRE. ) );
#8563 = COLOUR_RGB ( '',0.6666666666666666297, 0.6980392156862744724, 0.7686274509803920907 ) ;
#8564 = CIRCLE ( 'NONE', #5090, 1.000000000000000000 ) ;
#8565 = EDGE_LOOP ( 'NONE', ( #1650, #5721, #7964, #1396 ) ) ;
#8566 =( LENGTH_UNIT ( ) NAMED_UNIT ( * ) SI_UNIT ( .MILLI., .METRE. ) );
#8567 = CARTESIAN_POINT ( 'NONE',  ( -0.04445683940490700869, -2.789659750863539234, 0.000000000000000000 ) ) ;
#8568 = CIRCLE ( 'NONE', #9018, 1.000000000000000000 ) ;
#8569 = CIRCLE ( 'NONE', #511, 0.2000000000000000944 ) ;
#8570 = LINE ( 'NONE', #6239, #1109 ) ;
#8571 =( NAMED_UNIT ( * ) PLANE_ANGLE_UNIT ( ) SI_UNIT ( $, .RADIAN. ) );
#8572 = FILL_AREA_STYLE_COLOUR ( '', #803 ) ;
#8573 = CYLINDRICAL_SURFACE ( 'NONE', #5867, 0.2000000000000000944 ) ;
#8574 = AXIS2_PLACEMENT_3D ( 'NONE', #3840, #7424, #2344 ) ;
#8575 = VECTOR ( 'NONE', #4484, 1000.000000000000000 ) ;
#8576 = CARTESIAN_POINT ( 'NONE',  ( 0.07886497341767033376, -2.716855081957033402, 0.001000000000000000021 ) ) ;
#8577 = LINE ( 'NONE', #5831, #6112 ) ;
#8578 = VERTEX_POINT ( 'NONE', #1353 ) ;
#8579 =( GEOMETRIC_REPRESENTATION_CONTEXT ( 3 ) GLOBAL_UNCERTAINTY_ASSIGNED_CONTEXT ( ( #296 ) ) GLOBAL_UNIT_ASSIGNED_CONTEXT ( ( #3813, #4662, #3268 ) ) REPRESENTATION_CONTEXT ( 'NONE', 'WORKASPACE' ) );
#8580 = B_SPLINE_SURFACE_WITH_KNOTS ( 'NONE', 3, 1, ( 
 ( #5937, #25 ),
 ( #7354, #8823 ),
 ( #2325, #781 ),
 ( #2949, #5233 ),
 ( #3722, #3094 ),
 ( #8130, #6571 ),
 ( #8175, #3825 ),
 ( #6669, #172 ),
 ( #5975, #8872 ),
 ( #2378, #1641 ),
 ( #5286, #3633 ),
 ( #5093, #7982 ),
 ( #1450, #351 ),
 ( #9008, #4628 ),
 ( #8403, #8924 ),
 ( #9059, #975 ),
 ( #308, #1058 ),
 ( #2460, #5378 ),
 ( #2508, #5341 ) ),
 .UNSPECIFIED., .F., .F., .F.,
 ( 4, 1, 1, 1, 1, 1, 1, 1, 1, 1, 1, 1, 1, 1, 1, 1, 4 ),
 ( 2, 2 ),
 ( 0.000000000000000000, 0.07064371857535321764, 0.1382567155089045596, 0.2033641242175789343, 0.2663240938030558280, 0.3279047615429884766, 0.3887377151730913583, 0.4494235281093024170, 0.5108610114593151730, 0.5720793960475143436, 0.6317344287314451412, 0.6911172105788373488, 0.7503600294901702217, 0.8100329005312619790, 0.8713624508287359793, 0.9344271412311530023, 1.000000000000000000 ),
 ( 0.000000000000000000, 1.000000000000000000 ),
 .UNSPECIFIED. ) ;
#8581 = VECTOR ( 'NONE', #134, 1000.000000000000000 ) ;
#8582 = COLOUR_RGB ( '',0.2235294117647058654, 0.2235294117647058654, 0.2235294117647058654 ) ;
#8583 = DIRECTION ( 'NONE',  ( -1.000000000000000000, 0.000000000000000000, 0.000000000000000000 ) ) ;
#8584 = EDGE_CURVE ( 'NONE', #8656, #447, #6365, .T. ) ;
#8585 = ORIENTED_EDGE ( 'NONE', *, *, #5927, .F. ) ;
#8586 = PLANE ( 'NONE',  #4050 ) ;
#8587 = EDGE_CURVE ( 'NONE', #6558, #8430, #7929, .T. ) ;
#8588 =( NAMED_UNIT ( * ) PLANE_ANGLE_UNIT ( ) SI_UNIT ( $, .RADIAN. ) );
#8589 = VERTEX_POINT ( 'NONE', #4918 ) ;
#8590 = DIRECTION ( 'NONE',  ( -1.000000000000000000, 0.000000000000000000, 0.000000000000000000 ) ) ;
#8591 = STYLED_ITEM ( 'NONE', ( #8771 ), #7112 ) ;
#8592 = CARTESIAN_POINT ( 'NONE',  ( 4.750000000000000000, 2.100000000000000089, -0.02000000000000000042 ) ) ;
#8593 = DIRECTION ( 'NONE',  ( -1.000000000000000000, 0.000000000000000000, 0.000000000000000000 ) ) ;
#8594 =( NAMED_UNIT ( * ) SI_UNIT ( $, .STERADIAN. ) SOLID_ANGLE_UNIT ( ) );
#8595 = FILL_AREA_STYLE ('',( #7879 ) ) ;
#8596 = ORIENTED_EDGE ( 'NONE', *, *, #5353, .F. ) ;
#8597 = MECHANICAL_DESIGN_GEOMETRIC_PRESENTATION_REPRESENTATION (  '', ( #3616 ), #2384 ) ;
#8598 = LINE ( 'NONE', #6400, #9074 ) ;
#8599 =( NAMED_UNIT ( * ) SI_UNIT ( $, .STERADIAN. ) SOLID_ANGLE_UNIT ( ) );
#8600 =( GEOMETRIC_REPRESENTATION_CONTEXT ( 3 ) GLOBAL_UNCERTAINTY_ASSIGNED_CONTEXT ( ( #5154 ) ) GLOBAL_UNIT_ASSIGNED_CONTEXT ( ( #1183, #9030, #375 ) ) REPRESENTATION_CONTEXT ( 'NONE', 'WORKASPACE' ) );
#8601 = ORIENTED_EDGE ( 'NONE', *, *, #615, .T. ) ;
#8602 = CARTESIAN_POINT ( 'NONE',  ( 0.02805725097586346875, -2.765357711974909538, 0.001000000000000000021 ) ) ;
#8603 = CARTESIAN_POINT ( 'NONE',  ( 0.02017756194002314971, -3.000337453444266611, 0.000000000000000000 ) ) ;
#8604 = STYLED_ITEM ( 'NONE', ( #767 ), #3571 ) ;
#8605 = DIRECTION ( 'NONE',  ( -1.000000000000000000, -9.932342930286647849E-15, 0.000000000000000000 ) ) ;
#8606 = ORIENTED_EDGE ( 'NONE', *, *, #8353, .F. ) ;
#8607 = DIRECTION ( 'NONE',  ( 0.000000000000000000, 0.000000000000000000, 1.000000000000000000 ) ) ;
#8608 =( GEOMETRIC_REPRESENTATION_CONTEXT ( 3 ) GLOBAL_UNCERTAINTY_ASSIGNED_CONTEXT ( ( #4621 ) ) GLOBAL_UNIT_ASSIGNED_CONTEXT ( ( #5638, #8376, #7748 ) ) REPRESENTATION_CONTEXT ( 'NONE', 'WORKASPACE' ) );
#8609 = DIRECTION ( 'NONE',  ( -3.491481338843133355E-15, 1.000000000000000000, 0.000000000000000000 ) ) ;
#8610 =( NAMED_UNIT ( * ) PLANE_ANGLE_UNIT ( ) SI_UNIT ( $, .RADIAN. ) );
#8611 = ORIENTED_EDGE ( 'NONE', *, *, #9296, .T. ) ;
#8612 = B_SPLINE_CURVE_WITH_KNOTS ( 'NONE', 3,
 ( #2130, #9263, #6402, #2042, #4967, #2664, #5010, #4163, #5632, #7786, #5583, #7064, #8603, #2857, #7742, #7931, #2758, #7839, #7153 ),
 .UNSPECIFIED., .F., .F.,
 ( 4, 1, 1, 1, 1, 1, 1, 1, 1, 1, 1, 1, 1, 1, 1, 1, 4 ),
 ( 0.000000000000000000, 0.06806869584499372627, 0.1334274328189551384, 0.1961460338131562897, 0.2570485924493138841, 0.3168826631591628584, 0.3761872086663214931, 0.4359603353635471135, 0.4965352368627264923, 0.5574653434807333996, 0.6176868634101470024, 0.6779436406969066020, 0.7388052848060407962, 0.8009493367665841967, 0.8648146674702266168, 0.9310247810786571598, 1.000000000000000000 ),
 .UNSPECIFIED. ) ;
#8613 = STYLED_ITEM ( 'NONE', ( #5908 ), #2961 ) ;
#8614 = ADVANCED_FACE ( 'NONE', ( #1265 ), #6443, .F. ) ;
#8615 = ORIENTED_EDGE ( 'NONE', *, *, #2866, .T. ) ;
#8616 = LINE ( 'NONE', #4125, #9014 ) ;
#8617 = COLOUR_RGB ( '',0.9686274509803921573, 0.8784313725490195957, 0.5999999999999999778 ) ;
#8618 = LINE ( 'NONE', #3690, #128 ) ;
#8619 = DIRECTION ( 'NONE',  ( 1.000000000000000000, 0.000000000000000000, 0.000000000000000000 ) ) ;
#8620 = CARTESIAN_POINT ( 'NONE',  ( -0.06126553178296113844, -2.846646898656049807, 0.001000000000000000021 ) ) ;
#8621 = COLOUR_RGB ( '',0.2235294117647058654, 0.2235294117647058654, 0.2235294117647058654 ) ;
#8622 = CARTESIAN_POINT ( 'NONE',  ( 0.09252782747414747822, -3.016387473144952480, 0.001000000000000000021 ) ) ;
#8623 = CARTESIAN_POINT ( 'NONE',  ( 3.250000000000000444, -2.100000000000000089, -0.02000000000000000042 ) ) ;
#8624 = FILL_AREA_STYLE ('',( #661 ) ) ;
#8625 = SURFACE_SIDE_STYLE ('',( #526 ) ) ;
#8626 = UNCERTAINTY_MEASURE_WITH_UNIT (LENGTH_MEASURE( 1.000000000000000082E-05 ), #1871, 'distance_accuracy_value', 'NONE');
#8627 =( NAMED_UNIT ( * ) PLANE_ANGLE_UNIT ( ) SI_UNIT ( $, .RADIAN. ) );
#8628 = CARTESIAN_POINT ( 'NONE',  ( -0.02751638503056266088, -2.766312677383753194, 0.001000000000000000021 ) ) ;
#8629 = FILL_AREA_STYLE_COLOUR ( '', #1853 ) ;
#8630 = EDGE_LOOP ( 'NONE', ( #5119, #7924, #3154, #5312 ) ) ;
#8631 =( GEOMETRIC_REPRESENTATION_CONTEXT ( 3 ) GLOBAL_UNCERTAINTY_ASSIGNED_CONTEXT ( ( #8028 ) ) GLOBAL_UNIT_ASSIGNED_CONTEXT ( ( #5009, #7197, #8599 ) ) REPRESENTATION_CONTEXT ( 'NONE', 'WORKASPACE' ) );
#8632 = VECTOR ( 'NONE', #1008, 1000.000000000000000 ) ;
#8633 = EDGE_CURVE ( 'NONE', #2471, #8045, #7261, .T. ) ;
#8634 = FILL_AREA_STYLE ('',( #7043 ) ) ;
#8635 = DIRECTION ( 'NONE',  ( -0.000000000000000000, -0.000000000000000000, 1.000000000000000000 ) ) ;
#8636 = VERTEX_POINT ( 'NONE', #6487 ) ;
#8637 =( NAMED_UNIT ( * ) SI_UNIT ( $, .STERADIAN. ) SOLID_ANGLE_UNIT ( ) );
#8638 =( GEOMETRIC_REPRESENTATION_CONTEXT ( 3 ) GLOBAL_UNCERTAINTY_ASSIGNED_CONTEXT ( ( #1850 ) ) GLOBAL_UNIT_ASSIGNED_CONTEXT ( ( #3336, #6907, #5666 ) ) REPRESENTATION_CONTEXT ( 'NONE', 'WORKASPACE' ) );
#8639 = VECTOR ( 'NONE', #6316, 1000.000000000000000 ) ;
#8640 = DIRECTION ( 'NONE',  ( 0.000000000000000000, 1.000000000000000000, 0.000000000000000000 ) ) ;
#8641 = ORIENTED_EDGE ( 'NONE', *, *, #4973, .F. ) ;
#8642 = SURFACE_SIDE_STYLE ('',( #2218 ) ) ;
#8643 = CARTESIAN_POINT ( 'NONE',  ( 0.2456976340312645724, -2.716491364757799953, 0.000000000000000000 ) ) ;
#8644 = ADVANCED_FACE ( 'NONE', ( #7304 ), #8580, .T. ) ;
#8645 = CARTESIAN_POINT ( 'NONE',  ( 0.6295744832858034545, -2.928529338023933448, 0.000000000000000000 ) ) ;
#8646 = PRESENTATION_LAYER_ASSIGNMENT (  '', '', ( #3351 ) ) ;
#8647 = ORIENTED_EDGE ( 'NONE', *, *, #574, .F. ) ;
#8648 = ORIENTED_EDGE ( 'NONE', *, *, #208, .T. ) ;
#8649 = VECTOR ( 'NONE', #1057, 1000.000000000000000 ) ;
#8650 = CARTESIAN_POINT ( 'NONE',  ( -3.250000000000000000, 2.899999999999999911, 0.000000000000000000 ) ) ;
#8651 = EDGE_CURVE ( 'NONE', #1228, #2390, #1731, .T. ) ;
#8652 = CARTESIAN_POINT ( 'NONE',  ( -4.750000000000000000, 0.3999999999999999667, -0.02000000000000000042 ) ) ;
#8653 =( NAMED_UNIT ( * ) SI_UNIT ( $, .STERADIAN. ) SOLID_ANGLE_UNIT ( ) );
#8654 = COLOUR_RGB ( '',0.9686274509803921573, 0.8784313725490195957, 0.5999999999999999778 ) ;
#8655 = EDGE_CURVE ( 'NONE', #3666, #5930, #6124, .T. ) ;
#8656 = VERTEX_POINT ( 'NONE', #1784 ) ;
#8657 = EDGE_CURVE ( 'NONE', #6903, #1552, #7490, .T. ) ;
#8658 = ORIENTED_EDGE ( 'NONE', *, *, #8192, .T. ) ;
#8659 = FILL_AREA_STYLE ('',( #5146 ) ) ;
#8660 = FACE_OUTER_BOUND ( 'NONE', #5965, .T. ) ;
#8661 = SURFACE_SIDE_STYLE ('',( #2956 ) ) ;
#8662 = ORIENTED_EDGE ( 'NONE', *, *, #3283, .T. ) ;
#8663 = ORIENTED_EDGE ( 'NONE', *, *, #2903, .T. ) ;
#8664 = FILL_AREA_STYLE_COLOUR ( '', #4200 ) ;
#8665 = UNCERTAINTY_MEASURE_WITH_UNIT (LENGTH_MEASURE( 1.000000000000000082E-05 ), #5913, 'distance_accuracy_value', 'NONE');
#8666 = CARTESIAN_POINT ( 'NONE',  ( 0.5404384876898011836, -3.020149901343165855, 0.001000000000000000021 ) ) ;
#8667 = LINE ( 'NONE', #2142, #7103 ) ;
#8668 = LINE ( 'NONE', #7853, #3935 ) ;
#8669 = DIRECTION ( 'NONE',  ( 1.000000000000000000, 0.000000000000000000, -0.000000000000000000 ) ) ;
#8670 = DIRECTION ( 'NONE',  ( 1.495451272393802994E-16, -1.000000000000000000, 0.000000000000000000 ) ) ;
#8671 = DIRECTION ( 'NONE',  ( 0.000000000000000000, -0.000000000000000000, 1.000000000000000000 ) ) ;
#8672 = SURFACE_SIDE_STYLE ('',( #4314 ) ) ;
#8673 = FILL_AREA_STYLE ('',( #8572 ) ) ;
#8674 = VECTOR ( 'NONE', #2192, 1000.000000000000000 ) ;
#8675 = EDGE_CURVE ( 'NONE', #8309, #1402, #5422, .T. ) ;
#8676 = SURFACE_SIDE_STYLE ('',( #4989 ) ) ;
#8677 = ORIENTED_EDGE ( 'NONE', *, *, #1119, .T. ) ;
#8678 = SURFACE_SIDE_STYLE ('',( #5741 ) ) ;
#8679 = SURFACE_SIDE_STYLE ('',( #5961 ) ) ;
#8680 = COLOUR_RGB ( '',0.2235294117647058654, 0.2235294117647058654, 0.2235294117647058654 ) ;
#8681 = VERTEX_POINT ( 'NONE', #930 ) ;
#8682 = CARTESIAN_POINT ( 'NONE',  ( -3.250000000000000000, -2.100000000000000089, -0.02000000000000000042 ) ) ;
#8683 = VERTEX_POINT ( 'NONE', #3237 ) ;
#8684 = COLOUR_RGB ( '',0.2235294117647058654, 0.2235294117647058654, 0.2235294117647058654 ) ;
#8685 = DIRECTION ( 'NONE',  ( 1.000000000000000000, 1.047444401652940164E-14, 0.000000000000000000 ) ) ;
#8686 = CARTESIAN_POINT ( 'NONE',  ( -0.3999999999999886424, -3.250000000000001332, 0.000000000000000000 ) ) ;
#8687 = CARTESIAN_POINT ( 'NONE',  ( 2.146934995020800979E-16, -2.500000000000000000, -0.02000000000000000042 ) ) ;
#8688 = SURFACE_STYLE_FILL_AREA ( #6397 ) ;
#8689 = VERTEX_POINT ( 'NONE', #7585 ) ;
#8690 = EDGE_LOOP ( 'NONE', ( #679, #3638, #6232, #9348 ) ) ;
#8691 = AXIS2_PLACEMENT_3D ( 'NONE', #7086, #5074, #7175 ) ;
#8692 = FILL_AREA_STYLE ('',( #2997 ) ) ;
#8693 =( NAMED_UNIT ( * ) SI_UNIT ( $, .STERADIAN. ) SOLID_ANGLE_UNIT ( ) );
#8694 = PRODUCT_CONTEXT ( 'NONE', #2825, 'mechanical' ) ;
#8695 = FILL_AREA_STYLE ('',( #3585 ) ) ;
#8696 = ORIENTED_EDGE ( 'NONE', *, *, #554, .T. ) ;
#8697 = CARTESIAN_POINT ( 'NONE',  ( 3.250000000000000000, 2.100000000000000089, -0.02000000000000000042 ) ) ;
#8698 = ORIENTED_EDGE ( 'NONE', *, *, #4899, .T. ) ;
#8699 = ORIENTED_EDGE ( 'NONE', *, *, #5646, .F. ) ;
#8700 = ORIENTED_EDGE ( 'NONE', *, *, #1906, .F. ) ;
#8701 = EDGE_CURVE ( 'NONE', #4688, #3426, #1685, .T. ) ;
#8702 = FACE_OUTER_BOUND ( 'NONE', #2459, .T. ) ;
#8703 = SURFACE_STYLE_FILL_AREA ( #706 ) ;
#8704 = DIRECTION ( 'NONE',  ( 1.047444401652940007E-14, -1.000000000000000000, 0.000000000000000000 ) ) ;
#8705 = ADVANCED_FACE ( 'NONE', ( #3921 ), #5713, .T. ) ;
#8706 = DIRECTION ( 'NONE',  ( -0.9407669869669984530, 0.3390537954853704017, 0.000000000000000000 ) ) ;
#8707 = FILL_AREA_STYLE ('',( #5822 ) ) ;
#8708 = SURFACE_STYLE_USAGE ( .BOTH. , #7277 ) ;
#8709 = CARTESIAN_POINT ( 'NONE',  ( 0.6369096173517984072, -2.906970726847095676, 2.117582368135750848E-19 ) ) ;
#8710 = PRESENTATION_LAYER_ASSIGNMENT (  '', '', ( #6556 ) ) ;
#8711 = SURFACE_STYLE_USAGE ( .BOTH. , #2106 ) ;
#8712 = CARTESIAN_POINT ( 'NONE',  ( -0.8500000000000498268, 4.749999999999991118, -0.02000000000000000042 ) ) ;
#8713 = CARTESIAN_POINT ( 'NONE',  ( 0.5168167669172716305, -3.019057464375464850, 0.001000000000000000021 ) ) ;
#8714 = ORIENTED_EDGE ( 'NONE', *, *, #9390, .T. ) ;
#8715 = COLOUR_RGB ( '',0.9686274509803921573, 0.8784313725490195957, 0.5999999999999999778 ) ;
#8716 = FACE_OUTER_BOUND ( 'NONE', #6950, .T. ) ;
#8717 =( GEOMETRIC_REPRESENTATION_CONTEXT ( 3 ) GLOBAL_UNCERTAINTY_ASSIGNED_CONTEXT ( ( #2968 ) ) GLOBAL_UNIT_ASSIGNED_CONTEXT ( ( #9345, #2943, #1346 ) ) REPRESENTATION_CONTEXT ( 'NONE', 'WORKASPACE' ) );
#8718 = PRESENTATION_LAYER_ASSIGNMENT (  '', '', ( #8421 ) ) ;
#8719 =( NAMED_UNIT ( * ) SI_UNIT ( $, .STERADIAN. ) SOLID_ANGLE_UNIT ( ) );
#8720 = SURFACE_SIDE_STYLE ('',( #534 ) ) ;
#8721 = DIRECTION ( 'NONE',  ( -2.576321994024960978E-16, 1.000000000000000000, -0.000000000000000000 ) ) ;
#8722 = ORIENTED_EDGE ( 'NONE', *, *, #1328, .T. ) ;
#8723 = MECHANICAL_DESIGN_GEOMETRIC_PRESENTATION_REPRESENTATION (  '', ( #5849 ), #5987 ) ;
#8724 = EDGE_CURVE ( 'NONE', #6474, #6614, #486, .T. ) ;
#8725 = DIRECTION ( 'NONE',  ( -0.000000000000000000, 0.000000000000000000, -1.000000000000000000 ) ) ;
#8726 = VERTEX_POINT ( 'NONE', #443 ) ;
#8727 =( NAMED_UNIT ( * ) PLANE_ANGLE_UNIT ( ) SI_UNIT ( $, .RADIAN. ) );
#8728 =( LENGTH_UNIT ( ) NAMED_UNIT ( * ) SI_UNIT ( .MILLI., .METRE. ) );
#8729 = VERTEX_POINT ( 'NONE', #1207 ) ;
#8730 = COLOUR_RGB ( '',0.9686274509803921573, 0.8784313725490195957, 0.5999999999999999778 ) ;
#8731 = AXIS2_PLACEMENT_3D ( 'NONE', #3008, #7157, #5813 ) ;
#8732 = STYLED_ITEM ( 'NONE', ( #4519 ), #7876 ) ;
#8733 = FACE_OUTER_BOUND ( 'NONE', #2813, .T. ) ;
#8734 =( NAMED_UNIT ( * ) PLANE_ANGLE_UNIT ( ) SI_UNIT ( $, .RADIAN. ) );
#8735 = PRESENTATION_STYLE_ASSIGNMENT (( #5754 ) ) ;
#8736 = ORIENTED_EDGE ( 'NONE', *, *, #6321, .F. ) ;
#8737 = CARTESIAN_POINT ( 'NONE',  ( 0.3999999999999501732, 4.750000000000004441, -0.02000000000000000042 ) ) ;
#8738 = STYLED_ITEM ( 'NONE', ( #8735 ), #6759 ) ;
#8739 = FACE_OUTER_BOUND ( 'NONE', #206, .T. ) ;
#8740 = DIRECTION ( 'NONE',  ( -1.000000000000000000, -3.491481338843133355E-15, 0.000000000000000000 ) ) ;
#8741 = MECHANICAL_DESIGN_GEOMETRIC_PRESENTATION_REPRESENTATION (  '', ( #4222 ), #6160 ) ;
#8742 = PLANE ( 'NONE',  #3591 ) ;
#8743 = ADVANCED_FACE ( 'NONE', ( #4241 ), #5564, .F. ) ;
#8744 = ORIENTED_EDGE ( 'NONE', *, *, #3987, .T. ) ;
#8745 = ORIENTED_EDGE ( 'NONE', *, *, #3966, .F. ) ;
#8746 = VERTEX_POINT ( 'NONE', #1940 ) ;
#8747 = UNCERTAINTY_MEASURE_WITH_UNIT (LENGTH_MEASURE( 1.000000000000000082E-05 ), #2610, 'distance_accuracy_value', 'NONE');
#8748 = PRESENTATION_LAYER_ASSIGNMENT (  '', '', ( #2686 ) ) ;
#8749 =( NAMED_UNIT ( * ) PLANE_ANGLE_UNIT ( ) SI_UNIT ( $, .RADIAN. ) );
#8750 = DIRECTION ( 'NONE',  ( 0.000000000000000000, 0.000000000000000000, -1.000000000000000000 ) ) ;
#8751 = UNCERTAINTY_MEASURE_WITH_UNIT (LENGTH_MEASURE( 1.000000000000000082E-05 ), #5470, 'distance_accuracy_value', 'NONE');
#8752 = LINE ( 'NONE', #5252, #6920 ) ;
#8753 = CARTESIAN_POINT ( 'NONE',  ( -0.8500000000000340616, 3.249999999999991118, 0.000000000000000000 ) ) ;
#8754 = UNCERTAINTY_MEASURE_WITH_UNIT (LENGTH_MEASURE( 1.000000000000000082E-05 ), #2178, 'distance_accuracy_value', 'NONE');
#8755 = EDGE_CURVE ( 'NONE', #1303, #9268, #5875, .T. ) ;
#8756 = STYLED_ITEM ( 'NONE', ( #4684 ), #3125 ) ;
#8757 = CARTESIAN_POINT ( 'NONE',  ( -0.06161943913946714424, -2.862718498904141207, 0.001000000000000000021 ) ) ;
#8758 = FILL_AREA_STYLE_COLOUR ( '', #2146 ) ;
#8759 = CARTESIAN_POINT ( 'NONE',  ( 0.6408195852507767576, -2.869692584269995184, 0.001000000000000000021 ) ) ;
#8760 = B_SPLINE_CURVE_WITH_KNOTS ( 'NONE', 3,
 ( #3957, #1205, #6995, #3329, #483, #4002, #7725, #5513, #3415, #2695, #6164 ),
 .UNSPECIFIED., .F., .F.,
 ( 4, 1, 1, 1, 1, 1, 1, 1, 4 ),
 ( 0.000000000000000000, 0.1352946047634291660, 0.2667656579247479343, 0.3948160188358714184, 0.5200516544342449476, 0.6421757029708214937, 0.7626518205584231769, 0.8818340043805000805, 1.000000000000000000 ),
 .UNSPECIFIED. ) ;
#8761 = CARTESIAN_POINT ( 'NONE',  ( 4.750000000000000000, 1.649999999999999911, 0.000000000000000000 ) ) ;
#8762 = SURFACE_STYLE_FILL_AREA ( #7384 ) ;
#8763 = LINE ( 'NONE', #5073, #4115 ) ;
#8764 = PRESENTATION_STYLE_ASSIGNMENT (( #5877 ) ) ;
#8765 = ORIENTED_EDGE ( 'NONE', *, *, #7772, .F. ) ;
#8766 = DIRECTION ( 'NONE',  ( -1.000000000000000000, 0.000000000000000000, 0.000000000000000000 ) ) ;
#8767 = SURFACE_STYLE_FILL_AREA ( #2358 ) ;
#8768 = STYLED_ITEM ( 'NONE', ( #1224 ), #2583 ) ;
#8769 = ADVANCED_FACE ( 'NONE', ( #1161 ), #4108, .F. ) ;
#8770 =( GEOMETRIC_REPRESENTATION_CONTEXT ( 3 ) GLOBAL_UNCERTAINTY_ASSIGNED_CONTEXT ( ( #4172 ) ) GLOBAL_UNIT_ASSIGNED_CONTEXT ( ( #7818, #9286, #112 ) ) REPRESENTATION_CONTEXT ( 'NONE', 'WORKASPACE' ) );
#8771 = PRESENTATION_STYLE_ASSIGNMENT (( #4458 ) ) ;
#8772 = ORIENTED_EDGE ( 'NONE', *, *, #6942, .T. ) ;
#8773 = SURFACE_SIDE_STYLE ('',( #3128 ) ) ;
#8774 = CARTESIAN_POINT ( 'NONE',  ( 0.8200878779337035240, -2.716491364757799953, 0.001000000000000000021 ) ) ;
#8775 = DIRECTION ( 'NONE',  ( 5.421010862427522170E-16, 1.000000000000000000, 0.000000000000000000 ) ) ;
#8776 = PLANE ( 'NONE',  #3470 ) ;
#8777 = COLOUR_RGB ( '',0.9686274509803921573, 0.8784313725490195957, 0.5999999999999999778 ) ;
#8778 = VERTEX_POINT ( 'NONE', #3028 ) ;
#8779 = FACE_OUTER_BOUND ( 'NONE', #5783, .T. ) ;
#8780 = EDGE_CURVE ( 'NONE', #4910, #3812, #4563, .T. ) ;
#8781 = CARTESIAN_POINT ( 'NONE',  ( 0.4651493462475655982, -2.721777462099268519, 0.000000000000000000 ) ) ;
#8782 = FILL_AREA_STYLE ('',( #5282 ) ) ;
#8783 = ORIENTED_EDGE ( 'NONE', *, *, #4130, .F. ) ;
#8784 = VECTOR ( 'NONE', #4870, 1000.000000000000000 ) ;
#8785 = PRESENTATION_LAYER_ASSIGNMENT (  '', '', ( #6642 ) ) ;
#8786 = LINE ( 'NONE', #3635, #3077 ) ;
#8787 = LINE ( 'NONE', #4340, #9250 ) ;
#8788 = DIRECTION ( 'NONE',  ( 1.000000000000000000, 0.000000000000000000, 0.000000000000000000 ) ) ;
#8789 = STYLED_ITEM ( 'NONE', ( #6272 ), #4547 ) ;
#8790 = DIRECTION ( 'NONE',  ( -1.000000000000000000, 0.000000000000000000, 0.000000000000000000 ) ) ;
#8791 = LINE ( 'NONE', #4345, #2234 ) ;
#8792 = SURFACE_STYLE_USAGE ( .BOTH. , #8661 ) ;
#8793 = ORIENTED_EDGE ( 'NONE', *, *, #5231, .T. ) ;
#8794 = ORIENTED_EDGE ( 'NONE', *, *, #4301, .F. ) ;
#8795 = PRESENTATION_STYLE_ASSIGNMENT (( #138 ) ) ;
#8796 = PRESENTATION_STYLE_ASSIGNMENT (( #2292 ) ) ;
#8797 = VECTOR ( 'NONE', #8407, 1000.000000000000000 ) ;
#8798 = CARTESIAN_POINT ( 'NONE',  ( -0.2157924574321501143, -2.753076730611458522, 0.001000000000000000021 ) ) ;
#8799 = CARTESIAN_POINT ( 'NONE',  ( 0.08127359343126804025, -3.016183854766506744, 0.001000000000000000021 ) ) ;
#8800 = FACE_OUTER_BOUND ( 'NONE', #3382, .T. ) ;
#8801 = DIRECTION ( 'NONE',  ( 0.000000000000000000, -1.000000000000000000, 0.000000000000000000 ) ) ;
#8802 = DIRECTION ( 'NONE',  ( -0.000000000000000000, 0.000000000000000000, 1.000000000000000000 ) ) ;
#8803 = VERTEX_POINT ( 'NONE', #3846 ) ;
#8804 = FILL_AREA_STYLE_COLOUR ( '', #7257 ) ;
#8805 = EDGE_CURVE ( 'NONE', #6509, #7333, #8104, .T. ) ;
#8806 = FILL_AREA_STYLE ('',( #8067 ) ) ;
#8807 = DIRECTION ( 'NONE',  ( -3.491481338843133355E-15, 1.000000000000000000, 0.000000000000000000 ) ) ;
#8808 = ADVANCED_FACE ( 'NONE', ( #6000 ), #3893, .T. ) ;
#8809 = LINE ( 'NONE', #3177, #6904 ) ;
#8810 = VERTEX_POINT ( 'NONE', #8203 ) ;
#8811 = ADVANCED_FACE ( 'NONE', ( #1665 ), #9150, .T. ) ;
#8812 =( LENGTH_UNIT ( ) NAMED_UNIT ( * ) SI_UNIT ( .MILLI., .METRE. ) );
#8813 = DIRECTION ( 'NONE',  ( 0.000000000000000000, 1.000000000000000000, 0.000000000000000000 ) ) ;
#8814 = EDGE_CURVE ( 'NONE', #6976, #7635, #4907, .T. ) ;
#8815 = PRESENTATION_LAYER_ASSIGNMENT (  '', '', ( #5504 ) ) ;
#8816 = VERTEX_POINT ( 'NONE', #586 ) ;
#8817 = VECTOR ( 'NONE', #8895, 1000.000000000000000 ) ;
#8818 = DIRECTION ( 'NONE',  ( -1.000000000000000000, -3.491481338843133355E-15, 0.000000000000000000 ) ) ;
#8819 = DIRECTION ( 'NONE',  ( 1.047444401652940007E-14, -1.000000000000000000, 0.000000000000000000 ) ) ;
#8820 = VERTEX_POINT ( 'NONE', #1294 ) ;
#8821 = DIRECTION ( 'NONE',  ( 6.505213034913037648E-15, -1.000000000000000000, 0.000000000000000000 ) ) ;
#8822 = PRESENTATION_LAYER_ASSIGNMENT (  '', '', ( #3539 ) ) ;
#8823 = CARTESIAN_POINT ( 'NONE',  ( 0.6809328306532521635, -2.866314010205348151, 6.352747104407252543E-19 ) ) ;
#8824 = PRESENTATION_LAYER_ASSIGNMENT (  '', '', ( #3855 ) ) ;
#8825 = SURFACE_SIDE_STYLE ('',( #6625 ) ) ;
#8826 =( NAMED_UNIT ( * ) PLANE_ANGLE_UNIT ( ) SI_UNIT ( $, .RADIAN. ) );
#8827 =( NAMED_UNIT ( * ) PLANE_ANGLE_UNIT ( ) SI_UNIT ( $, .RADIAN. ) );
#8828 = CARTESIAN_POINT ( 'NONE',  ( -3.250000000000000000, -0.8500000000000000888, -0.02000000000000000042 ) ) ;
#8829 = ORIENTED_EDGE ( 'NONE', *, *, #2309, .T. ) ;
#8830 = COLOUR_RGB ( '',0.9686274509803921573, 0.8784313725490195957, 0.5999999999999999778 ) ;
#8831 = CYLINDRICAL_SURFACE ( 'NONE', #4186, 0.2500000000000002220 ) ;
#8832 =( GEOMETRIC_REPRESENTATION_CONTEXT ( 3 ) GLOBAL_UNCERTAINTY_ASSIGNED_CONTEXT ( ( #6417 ) ) GLOBAL_UNIT_ASSIGNED_CONTEXT ( ( #577, #2154, #7283 ) ) REPRESENTATION_CONTEXT ( 'NONE', 'WORKASPACE' ) );
#8833 = DIRECTION ( 'NONE',  ( 1.000000000000000000, 1.047444401652940164E-14, 0.000000000000000000 ) ) ;
#8834 = EDGE_LOOP ( 'NONE', ( #4055, #1843, #1674 ) ) ;
#8835 = ADVANCED_FACE ( 'NONE', ( #2700 ), #1941, .F. ) ;
#8836 = VERTEX_POINT ( 'NONE', #3523 ) ;
#8837 = PLANE ( 'NONE',  #6881 ) ;
#8838 = FILL_AREA_STYLE_COLOUR ( '', #1917 ) ;
#8839 = DIRECTION ( 'NONE',  ( -0.000000000000000000, -0.000000000000000000, 1.000000000000000000 ) ) ;
#8840 = UNCERTAINTY_MEASURE_WITH_UNIT (LENGTH_MEASURE( 1.000000000000000082E-05 ), #3354, 'distance_accuracy_value', 'NONE');
#8841 = SURFACE_STYLE_USAGE ( .BOTH. , #8194 ) ;
#8842 = ORIENTED_EDGE ( 'NONE', *, *, #2263, .T. ) ;
#8843 =( LENGTH_UNIT ( ) NAMED_UNIT ( * ) SI_UNIT ( .MILLI., .METRE. ) );
#8844 = CARTESIAN_POINT ( 'NONE',  ( 0.5339094322441299001, -2.712958895676470306, -0.000000000000000000 ) ) ;
#8845 =( LENGTH_UNIT ( ) NAMED_UNIT ( * ) SI_UNIT ( .MILLI., .METRE. ) );
#8846 =( NAMED_UNIT ( * ) PLANE_ANGLE_UNIT ( ) SI_UNIT ( $, .RADIAN. ) );
#8847 = SURFACE_STYLE_FILL_AREA ( #5871 ) ;
#8848 = SURFACE_SIDE_STYLE ('',( #5957 ) ) ;
#8849 = ORIENTED_EDGE ( 'NONE', *, *, #7053, .T. ) ;
#8850 =( NAMED_UNIT ( * ) SI_UNIT ( $, .STERADIAN. ) SOLID_ANGLE_UNIT ( ) );
#8851 = DIRECTION ( 'NONE',  ( 1.000000000000000000, 0.000000000000000000, 0.000000000000000000 ) ) ;
#8852 = CARTESIAN_POINT ( 'NONE',  ( 0.8200878779337035240, -2.716491364757799953, 0.001000000000000000021 ) ) ;
#8853 = DIRECTION ( 'NONE',  ( 1.000000000000000000, 1.047444401652940007E-14, 0.000000000000000000 ) ) ;
#8854 = ORIENTED_EDGE ( 'NONE', *, *, #2286, .T. ) ;
#8855 = ADVANCED_FACE ( 'NONE', ( #4280 ), #7096, .T. ) ;
#8856 =( GEOMETRIC_REPRESENTATION_CONTEXT ( 3 ) GLOBAL_UNCERTAINTY_ASSIGNED_CONTEXT ( ( #7224 ) ) GLOBAL_UNIT_ASSIGNED_CONTEXT ( ( #132, #887, #3150 ) ) REPRESENTATION_CONTEXT ( 'NONE', 'WORKASPACE' ) );
#8857 =( GEOMETRIC_REPRESENTATION_CONTEXT ( 3 ) GLOBAL_UNCERTAINTY_ASSIGNED_CONTEXT ( ( #5820 ) ) GLOBAL_UNIT_ASSIGNED_CONTEXT ( ( #2850, #6708, #4578 ) ) REPRESENTATION_CONTEXT ( 'NONE', 'WORKASPACE' ) );
#8858 = FACE_BOUND ( 'NONE', #445, .T. ) ;
#8859 = CARTESIAN_POINT ( 'NONE',  ( 0.6810634876898010726, -2.872150663538287851, 0.001000000000000000021 ) ) ;
#8860 = COLOUR_RGB ( '',0.6666666666666666297, 0.6980392156862744724, 0.7686274509803920907 ) ;
#8861 = FILL_AREA_STYLE ('',( #5968 ) ) ;
#8862 = DIRECTION ( 'NONE',  ( 3.491481338843133355E-15, -1.000000000000000000, 0.000000000000000000 ) ) ;
#8863 = EDGE_CURVE ( 'NONE', #2621, #4688, #2216, .T. ) ;
#8864 = MECHANICAL_DESIGN_GEOMETRIC_PRESENTATION_REPRESENTATION (  '', ( #7645 ), #4807 ) ;
#8865 = VECTOR ( 'NONE', #5636, 1000.000000000000114 ) ;
#8866 = SURFACE_STYLE_FILL_AREA ( #7402 ) ;
#8867 = VECTOR ( 'NONE', #6926, 1000.000000000000000 ) ;
#8868 = LINE ( 'NONE', #4469, #2219 ) ;
#8869 = ORIENTED_EDGE ( 'NONE', *, *, #6195, .T. ) ;
#8870 = EDGE_CURVE ( 'NONE', #3671, #8049, #4460, .T. ) ;
#8871 = DIRECTION ( 'NONE',  ( -0.000000000000000000, 0.000000000000000000, 1.000000000000000000 ) ) ;
#8872 = CARTESIAN_POINT ( 'NONE',  ( 0.6482523525726866520, -2.767777064601752102, 6.352747104407252543E-19 ) ) ;
#8873 = LINE ( 'NONE', #1588, #8534 ) ;
#8874 = VECTOR ( 'NONE', #837, 1000.000000000000000 ) ;
#8875 =( LENGTH_UNIT ( ) NAMED_UNIT ( * ) SI_UNIT ( .MILLI., .METRE. ) );
#8876 = PLANE ( 'NONE',  #4424 ) ;
#8877 = COLOUR_RGB ( '',0.2235294117647058654, 0.2235294117647058654, 0.2235294117647058654 ) ;
#8878 = DIRECTION ( 'NONE',  ( 1.807003620809174385E-16, 1.000000000000000000, 0.000000000000000000 ) ) ;
#8879 = VERTEX_POINT ( 'NONE', #9341 ) ;
#8880 = CARTESIAN_POINT ( 'NONE',  ( 2.399999999999999023, 2.399999999999999911, -0.02000000000000005246 ) ) ;
#8881 = SURFACE_SIDE_STYLE ('',( #981 ) ) ;
#8882 = DIRECTION ( 'NONE',  ( 1.000000000000000000, 0.000000000000000000, 0.000000000000000000 ) ) ;
#8883 = FACE_OUTER_BOUND ( 'NONE', #816, .T. ) ;
#8884 = VERTEX_POINT ( 'NONE', #7968 ) ;
#8885 = EDGE_LOOP ( 'NONE', ( #3764, #5050, #3450, #1690 ) ) ;
#8886 =( LENGTH_UNIT ( ) NAMED_UNIT ( * ) SI_UNIT ( .MILLI., .METRE. ) );
#8887 =( GEOMETRIC_REPRESENTATION_CONTEXT ( 3 ) GLOBAL_UNCERTAINTY_ASSIGNED_CONTEXT ( ( #6838 ) ) GLOBAL_UNIT_ASSIGNED_CONTEXT ( ( #3608, #8627, #664 ) ) REPRESENTATION_CONTEXT ( 'NONE', 'WORKASPACE' ) );
#8888 = PLANE ( 'NONE',  #3618 ) ;
#8889 = DIRECTION ( 'NONE',  ( 1.000000000000000000, 2.949380252600381138E-15, 0.000000000000000000 ) ) ;
#8890 =( LENGTH_UNIT ( ) NAMED_UNIT ( * ) SI_UNIT ( .MILLI., .METRE. ) );
#8891 = VECTOR ( 'NONE', #5834, 1000.000000000000000 ) ;
#8892 = ADVANCED_FACE ( 'NONE', ( #1440 ), #6610, .F. ) ;
#8893 = CARTESIAN_POINT ( 'NONE',  ( -2.400000000000000799, 2.399999999999999911, 0.000000000000000000 ) ) ;
#8894 = CARTESIAN_POINT ( 'NONE',  ( 0.5601206753189078569, -2.715320587107371342, 0.000000000000000000 ) ) ;
#8895 = DIRECTION ( 'NONE',  ( -0.000000000000000000, -0.000000000000000000, -1.000000000000000000 ) ) ;
#8896 = CARTESIAN_POINT ( 'NONE',  ( 0.5678650563468309320, -2.982969653145802535, 0.001000000000000000021 ) ) ;
#8897 = CARTESIAN_POINT ( 'NONE',  ( 0.3993561706166303127, -2.716491364757799953, 0.000000000000000000 ) ) ;
#8898 = PRESENTATION_LAYER_ASSIGNMENT (  '', '', ( #3616 ) ) ;
#8899 =( LENGTH_UNIT ( ) NAMED_UNIT ( * ) SI_UNIT ( .MILLI., .METRE. ) );
#8900 = MECHANICAL_DESIGN_GEOMETRIC_PRESENTATION_REPRESENTATION (  '', ( #1146 ), #6018 ) ;
#8901 = LINE ( 'NONE', #5320, #7230 ) ;
#8902 = CARTESIAN_POINT ( 'NONE',  ( -3.250000000000000444, 2.100000000000000089, 0.000000000000000000 ) ) ;
#8903 = STYLED_ITEM ( 'NONE', ( #1763 ), #3600 ) ;
#8904 = CARTESIAN_POINT ( 'NONE',  ( 0.09249214998515851993, -2.983466822814470287, 0.000000000000000000 ) ) ;
#8905 = STYLED_ITEM ( 'NONE', ( #9359 ), #2917 ) ;
#8906 = FACE_OUTER_BOUND ( 'NONE', #7486, .T. ) ;
#8907 = PLANE ( 'NONE',  #4834 ) ;
#8908 = STYLED_ITEM ( 'NONE', ( #1893 ), #3163 ) ;
#8909 = DIRECTION ( 'NONE',  ( 1.000000000000000000, 0.000000000000000000, 0.000000000000000000 ) ) ;
#8910 = CARTESIAN_POINT ( 'NONE',  ( -0.8500000000000340616, 3.249999999999991118, -0.02000000000000000042 ) ) ;
#8911 = ORIENTED_EDGE ( 'NONE', *, *, #1445, .T. ) ;
#8912 = CIRCLE ( 'NONE', #2402, 0.2500000000000002220 ) ;
#8913 = FACE_OUTER_BOUND ( 'NONE', #7894, .T. ) ;
#8914 = ADVANCED_FACE ( 'NONE', ( #1531 ), #14, .T. ) ;
#8915 = ORIENTED_EDGE ( 'NONE', *, *, #2742, .T. ) ;
#8916 = DIRECTION ( 'NONE',  ( 1.000000000000000000, 0.000000000000000000, 0.000000000000000000 ) ) ;
#8917 = VECTOR ( 'NONE', #2019, 1000.000000000000000 ) ;
#8918 = VECTOR ( 'NONE', #5898, 1000.000000000000000 ) ;
#8919 = CARTESIAN_POINT ( 'NONE',  ( 0.5284910791532156926, -2.712832828172434319, 0.000000000000000000 ) ) ;
#8920 = SURFACE_STYLE_FILL_AREA ( #4527 ) ;
#8921 = DIRECTION ( 'NONE',  ( 0.3390537954853704017, 0.9407669869669985641, 0.000000000000000000 ) ) ;
#8922 = EDGE_LOOP ( 'NONE', ( #6973, #5032, #6530, #4960 ) ) ;
#8923 = CARTESIAN_POINT ( 'NONE',  ( -4.520365320521144703, 4.310522442972755996, 0.7990000000000000435 ) ) ;
#8924 = CARTESIAN_POINT ( 'NONE',  ( 0.5749563094532027518, -2.718732757553671053, 6.352747104407252543E-19 ) ) ;
#8925 = AXIS2_PLACEMENT_3D ( 'NONE', #2970, #8669, #2145 ) ;
#8926 =( NAMED_UNIT ( * ) SI_UNIT ( $, .STERADIAN. ) SOLID_ANGLE_UNIT ( ) );
#8927 = EDGE_CURVE ( 'NONE', #3170, #4351, #5747, .T. ) ;
#8928 = VERTEX_POINT ( 'NONE', #9385 ) ;
#8929 = DIRECTION ( 'NONE',  ( 1.000000000000000000, -0.000000000000000000, -0.000000000000000000 ) ) ;
#8930 = ADVANCED_FACE ( 'NONE', ( #2117 ), #2549, .T. ) ;
#8931 = CARTESIAN_POINT ( 'NONE',  ( -2.899999999999993694, 4.099999999999999645, 1.000000000000000000 ) ) ;
#8932 = CIRCLE ( 'NONE', #4868, 1.000000000000000000 ) ;
#8933 = CARTESIAN_POINT ( 'NONE',  ( 0.4849902145089665662, -3.012820023766296096, 0.000000000000000000 ) ) ;
#8934 = EDGE_CURVE ( 'NONE', #3057, #6309, #5045, .T. ) ;
#8935 = CARTESIAN_POINT ( 'NONE',  ( 0.6169883773357220935, -2.787860765442013999, 0.000000000000000000 ) ) ;
#8936 = ORIENTED_EDGE ( 'NONE', *, *, #4090, .T. ) ;
#8937 = ORIENTED_EDGE ( 'NONE', *, *, #7907, .T. ) ;
#8938 = PRESENTATION_STYLE_ASSIGNMENT (( #8415 ) ) ;
#8939 = STYLED_ITEM ( 'NONE', ( #3601 ), #5218 ) ;
#8940 = STYLED_ITEM ( 'NONE', ( #8293 ), #4252 ) ;
#8941 = EDGE_CURVE ( 'NONE', #1965, #607, #5219, .T. ) ;
#8942 = FILL_AREA_STYLE ('',( #796 ) ) ;
#8943 = SURFACE_SIDE_STYLE ('',( #191 ) ) ;
#8944 = DIRECTION ( 'NONE',  ( -0.000000000000000000, -0.000000000000000000, -1.000000000000000000 ) ) ;
#8945 = VECTOR ( 'NONE', #5914, 1000.000000000000000 ) ;
#8946 = SURFACE_STYLE_USAGE ( .BOTH. , #4961 ) ;
#8947 = B_SPLINE_CURVE_WITH_KNOTS ( 'NONE', 3,
 ( #1134, #8332, #3940, #3167, #2480, #371, #8287 ),
 .UNSPECIFIED., .F., .F.,
 ( 4, 1, 1, 1, 4 ),
 ( 0.000000000000000000, 0.3005411131585049023, 0.5677471464835859294, 0.8000336137369676859, 0.9999999999999998890 ),
 .UNSPECIFIED. ) ;
#8948 = ORIENTED_EDGE ( 'NONE', *, *, #2661, .T. ) ;
#8949 = FILL_AREA_STYLE_COLOUR ( '', #6946 ) ;
#8950 =( NAMED_UNIT ( * ) SI_UNIT ( $, .STERADIAN. ) SOLID_ANGLE_UNIT ( ) );
#8951 = LINE ( 'NONE', #2450, #5156 ) ;
#8952 = DIRECTION ( 'NONE',  ( -1.000000000000000000, -0.000000000000000000, -0.000000000000000000 ) ) ;
#8953 = FILL_AREA_STYLE ('',( #6796 ) ) ;
#8954 = CARTESIAN_POINT ( 'NONE',  ( 0.4578927559824840232, -2.724723072074873187, 0.000000000000000000 ) ) ;
#8955 = ADVANCED_FACE ( 'NONE', ( #4719 ), #3994, .F. ) ;
#8956 = CARTESIAN_POINT ( 'NONE',  ( 2.899999999999999911, -2.900000000000000799, 5.299999999999999822 ) ) ;
#8957 = FILL_AREA_STYLE ('',( #920 ) ) ;
#8958 = EDGE_LOOP ( 'NONE', ( #6079, #1741, #3776, #830 ) ) ;
#8959 = UNCERTAINTY_MEASURE_WITH_UNIT (LENGTH_MEASURE( 1.000000000000000082E-05 ), #90, 'distance_accuracy_value', 'NONE');
#8960 =( NAMED_UNIT ( * ) SI_UNIT ( $, .STERADIAN. ) SOLID_ANGLE_UNIT ( ) );
#8961 = CARTESIAN_POINT ( 'NONE',  ( 0.4896070900804860293, -2.715732863438485190, 0.001000000000000000021 ) ) ;
#8962 = PLANE ( 'NONE',  #710 ) ;
#8963 = ORIENTED_EDGE ( 'NONE', *, *, #3936, .T. ) ;
#8964 =( NAMED_UNIT ( * ) SI_UNIT ( $, .STERADIAN. ) SOLID_ANGLE_UNIT ( ) );
#8965 = SURFACE_SIDE_STYLE ('',( #3193 ) ) ;
#8966 = CARTESIAN_POINT ( 'NONE',  ( 0.6408195852507767576, -2.869692584269995184, 0.001000000000000000021 ) ) ;
#8967 = ORIENTED_EDGE ( 'NONE', *, *, #269, .F. ) ;
#8968 = SURFACE_STYLE_USAGE ( .BOTH. , #5381 ) ;
#8969 = PRESENTATION_STYLE_ASSIGNMENT (( #8270 ) ) ;
#8970 = FACE_OUTER_BOUND ( 'NONE', #6734, .T. ) ;
#8971 = STYLED_ITEM ( 'NONE', ( #1956 ), #9294 ) ;
#8972 = ORIENTED_EDGE ( 'NONE', *, *, #8657, .F. ) ;
#8973 = STYLED_ITEM ( 'NONE', ( #4000 ), #1313 ) ;
#8974 = ORIENTED_EDGE ( 'NONE', *, *, #5400, .F. ) ;
#8975 = CARTESIAN_POINT ( 'NONE',  ( 2.899999999999999023, -2.899999999999999911, 5.299999999999999822 ) ) ;
#8976 = FILL_AREA_STYLE ('',( #3973 ) ) ;
#8977 = CARTESIAN_POINT ( 'NONE',  ( 0.5629395334007274432, -2.750219300939594103, 0.000000000000000000 ) ) ;
#8978 = UNCERTAINTY_MEASURE_WITH_UNIT (LENGTH_MEASURE( 1.000000000000000082E-05 ), #3780, 'distance_accuracy_value', 'NONE');
#8979 = VECTOR ( 'NONE', #1787, 1000.000000000000000 ) ;
#8980 = SURFACE_SIDE_STYLE ('',( #7465 ) ) ;
#8981 = CARTESIAN_POINT ( 'NONE',  ( 0.6644587173691408610, -2.793320008906116758, 0.000000000000000000 ) ) ;
#8982 = EDGE_CURVE ( 'NONE', #4543, #4381, #6846, .T. ) ;
#8983 = LINE ( 'NONE', #5492, #1226 ) ;
#8984 = CARTESIAN_POINT ( 'NONE',  ( -5.050000000000002487, 5.049999999999999822, 0.8000000000000000444 ) ) ;
#8985 = EDGE_CURVE ( 'NONE', #2369, #4782, #9046, .T. ) ;
#8986 = VECTOR ( 'NONE', #2016, 1000.000000000000000 ) ;
#8987 = ORIENTED_EDGE ( 'NONE', *, *, #3224, .T. ) ;
#8988 = DIRECTION ( 'NONE',  ( 1.047444401652940164E-14, -1.000000000000000000, 0.000000000000000000 ) ) ;
#8989 = SURFACE_STYLE_FILL_AREA ( #952 ) ;
#8990 = CARTESIAN_POINT ( 'NONE',  ( 0.1798439754946791203, -3.016491364757799776, 0.001000000000000000021 ) ) ;
#8991 = PRESENTATION_STYLE_ASSIGNMENT (( #4759 ) ) ;
#8992 = SURFACE_SIDE_STYLE ('',( #3221 ) ) ;
#8993 = DIRECTION ( 'NONE',  ( -1.000000000000000000, 0.000000000000000000, 0.000000000000000000 ) ) ;
#8994 = SURFACE_SIDE_STYLE ('',( #300 ) ) ;
#8995 = FILL_AREA_STYLE_COLOUR ( '', #4290 ) ;
#8996 = FACE_OUTER_BOUND ( 'NONE', #9304, .T. ) ;
#8997 = ORIENTED_EDGE ( 'NONE', *, *, #8701, .T. ) ;
#8998 = AXIS2_PLACEMENT_3D ( 'NONE', #8180, #3828, #4734 ) ;
#8999 = PLANE ( 'NONE',  #1471 ) ;
#9000 = ADVANCED_FACE ( 'NONE', ( #5966, #8858, #1199 ), #7218, .T. ) ;
#9001 = CARTESIAN_POINT ( 'NONE',  ( -0.03664302130330721746, -2.777579079482656699, 0.000000000000000000 ) ) ;
#9002 = CARTESIAN_POINT ( 'NONE',  ( 0.5312708920078789143, -2.987175509910647619, 0.000000000000000000 ) ) ;
#9003 = LINE ( 'NONE', #6853, #7990 ) ;
#9004 = ORIENTED_EDGE ( 'NONE', *, *, #2223, .T. ) ;
#9005 = MECHANICAL_DESIGN_GEOMETRIC_PRESENTATION_REPRESENTATION (  '', ( #3727 ), #2188 ) ;
#9006 = DIRECTION ( 'NONE',  ( 1.000000000000000000, 0.000000000000000000, 0.000000000000000000 ) ) ;
#9007 = AXIS2_PLACEMENT_3D ( 'NONE', #7605, #4030, #6138 ) ;
#9008 = CARTESIAN_POINT ( 'NONE',  ( 0.5890968818536285179, -2.723483936413088280, 0.001000000000000000021 ) ) ;
#9009 = LINE ( 'NONE', #3194, #8979 ) ;
#9010 = SURFACE_STYLE_FILL_AREA ( #6120 ) ;
#9011 = AXIS2_PLACEMENT_3D ( 'NONE', #1680, #874, #2373 ) ;
#9012 = ORIENTED_EDGE ( 'NONE', *, *, #2783, .T. ) ;
#9013 = CARTESIAN_POINT ( 'NONE',  ( -0.2109906281638573855, -2.774113315977312588, 0.000000000000000000 ) ) ;
#9014 = VECTOR ( 'NONE', #6370, 1000.000000000000000 ) ;
#9015 = CARTESIAN_POINT ( 'NONE',  ( 0.6169883773357220935, -2.787860765442013999, 0.001000000000000000021 ) ) ;
#9016 = VERTEX_POINT ( 'NONE', #4044 ) ;
#9017 = ORIENTED_EDGE ( 'NONE', *, *, #4974, .T. ) ;
#9018 = AXIS2_PLACEMENT_3D ( 'NONE', #6511, #7962, #1434 ) ;
#9019 = MECHANICAL_DESIGN_GEOMETRIC_PRESENTATION_REPRESENTATION (  '', ( #7038 ), #9326 ) ;
#9020 =( NAMED_UNIT ( * ) PLANE_ANGLE_UNIT ( ) SI_UNIT ( $, .RADIAN. ) );
#9021 =( NAMED_UNIT ( * ) SI_UNIT ( $, .STERADIAN. ) SOLID_ANGLE_UNIT ( ) );
#9022 = CARTESIAN_POINT ( 'NONE',  ( 0.5322128999076907174, -2.745847058266519536, -0.000000000000000000 ) ) ;
#9023 = EDGE_CURVE ( 'NONE', #3964, #7405, #6204, .T. ) ;
#9024 =( GEOMETRIC_REPRESENTATION_CONTEXT ( 3 ) GLOBAL_UNCERTAINTY_ASSIGNED_CONTEXT ( ( #5251 ) ) GLOBAL_UNIT_ASSIGNED_CONTEXT ( ( #278, #6083, #2469 ) ) REPRESENTATION_CONTEXT ( 'NONE', 'WORKASPACE' ) );
#9025 = PRESENTATION_STYLE_ASSIGNMENT (( #3252 ) ) ;
#9026 = DIRECTION ( 'NONE',  ( -1.000000000000000000, -9.932342930286647849E-15, 0.000000000000000000 ) ) ;
#9027 =( NAMED_UNIT ( * ) PLANE_ANGLE_UNIT ( ) SI_UNIT ( $, .RADIAN. ) );
#9028 = EDGE_LOOP ( 'NONE', ( #1206, #769, #527, #9311 ) ) ;
#9029 =( LENGTH_UNIT ( ) NAMED_UNIT ( * ) SI_UNIT ( .MILLI., .METRE. ) );
#9030 =( NAMED_UNIT ( * ) PLANE_ANGLE_UNIT ( ) SI_UNIT ( $, .RADIAN. ) );
#9031 = ORIENTED_EDGE ( 'NONE', *, *, #4365, .F. ) ;
#9032 = AXIS2_PLACEMENT_3D ( 'NONE', #7963, #3519, #8583 ) ;
#9033 = FACE_OUTER_BOUND ( 'NONE', #8222, .T. ) ;
#9034 = DIRECTION ( 'NONE',  ( 1.047444401652940164E-14, -1.000000000000000000, 0.000000000000000000 ) ) ;
#9035 = MECHANICAL_DESIGN_GEOMETRIC_PRESENTATION_REPRESENTATION (  '', ( #5415 ), #6894 ) ;
#9036 = EDGE_CURVE ( 'NONE', #3048, #8820, #5608, .T. ) ;
#9037 = LINE ( 'NONE', #5501, #2737 ) ;
#9038 = UNCERTAINTY_MEASURE_WITH_UNIT (LENGTH_MEASURE( 1.000000000000000082E-05 ), #7795, 'distance_accuracy_value', 'NONE');
#9039 = FILL_AREA_STYLE ('',( #1668 ) ) ;
#9040 = PRESENTATION_LAYER_ASSIGNMENT (  '', '', ( #8591 ) ) ;
#9041 = VECTOR ( 'NONE', #6139, 1000.000000000000000 ) ;
#9042 = LINE ( 'NONE', #5460, #7674 ) ;
#9043 = LINE ( 'NONE', #9137, #7523 ) ;
#9044 = COLOUR_RGB ( '',0.9686274509803921573, 0.8784313725490195957, 0.5999999999999999778 ) ;
#9045 =( LENGTH_UNIT ( ) NAMED_UNIT ( * ) SI_UNIT ( .MILLI., .METRE. ) );
#9046 = LINE ( 'NONE', #160, #4902 ) ;
#9047 = ADVANCED_FACE ( 'NONE', ( #6245 ), #652, .F. ) ;
#9048 = ORIENTED_EDGE ( 'NONE', *, *, #7297, .T. ) ;
#9049 = CARTESIAN_POINT ( 'NONE',  ( -0.1561125793833695319, -2.932345023294385289, 0.000000000000000000 ) ) ;
#9050 = ADVANCED_FACE ( 'NONE', ( #9365 ), #2871, .T. ) ;
#9051 = SURFACE_SIDE_STYLE ('',( #7621 ) ) ;
#9052 = STYLED_ITEM ( 'NONE', ( #4957 ), #3256 ) ;
#9053 = SURFACE_SIDE_STYLE ('',( #3328 ) ) ;
#9054 = SURFACE_STYLE_FILL_AREA ( #1826 ) ;
#9055 = ORIENTED_EDGE ( 'NONE', *, *, #6611, .T. ) ;
#9056 = LINE ( 'NONE', #2697, #5853 ) ;
#9057 = LINE ( 'NONE', #8310, #3192 ) ;
#9058 = VECTOR ( 'NONE', #8248, 1000.000000000000000 ) ;
#9059 = CARTESIAN_POINT ( 'NONE',  ( 0.5601206753189078569, -2.715320587107371342, 0.001000000000000000021 ) ) ;
#9060 = SURFACE_STYLE_USAGE ( .BOTH. , #3285 ) ;
#9061 = PRESENTATION_LAYER_ASSIGNMENT (  '', '', ( #3790 ) ) ;
#9062 = EDGE_CURVE ( 'NONE', #1755, #4518, #794, .T. ) ;
#9063 = CARTESIAN_POINT ( 'NONE',  ( 3.250000000000000000, -1.649999999999999911, -0.02000000000000000042 ) ) ;
#9064 = CARTESIAN_POINT ( 'NONE',  ( -2.899999999999993694, 3.899999999999999911, 5.299999999999999822 ) ) ;
#9065 = CIRCLE ( 'NONE', #4383, 1.000000000000000000 ) ;
#9066 = CARTESIAN_POINT ( 'NONE',  ( 0.6786445872575369576, -2.838188017221631387, 0.001000000000000000021 ) ) ;
#9067 = CARTESIAN_POINT ( 'NONE',  ( -0.2800455062126377959, -2.932345023294385289, 0.001000000000000000021 ) ) ;
#9068 = ORIENTED_EDGE ( 'NONE', *, *, #6195, .F. ) ;
#9069 = ORIENTED_EDGE ( 'NONE', *, *, #5610, .T. ) ;
#9070 = FILL_AREA_STYLE_COLOUR ( '', #4568 ) ;
#9071 = FILL_AREA_STYLE_COLOUR ( '', #6096 ) ;
#9072 = CARTESIAN_POINT ( 'NONE',  ( -0.3999999999999833689, -4.750000000000001776, -0.02000000000000000042 ) ) ;
#9073 = UNCERTAINTY_MEASURE_WITH_UNIT (LENGTH_MEASURE( 1.000000000000000082E-05 ), #3350, 'distance_accuracy_value', 'NONE');
#9074 = VECTOR ( 'NONE', #2082, 1000.000000000000000 ) ;
#9075 = PLANE ( 'NONE',  #7538 ) ;
#9076 = DIRECTION ( 'NONE',  ( 1.047444401652940007E-14, -1.000000000000000000, 0.000000000000000000 ) ) ;
#9077 = CARTESIAN_POINT ( 'NONE',  ( 4.750000000000000000, -0.3999999999999999667, -0.02000000000000000042 ) ) ;
#9078 = ORIENTED_EDGE ( 'NONE', *, *, #5687, .F. ) ;
#9079 =( NAMED_UNIT ( * ) PLANE_ANGLE_UNIT ( ) SI_UNIT ( $, .RADIAN. ) );
#9080 = VECTOR ( 'NONE', #3261, 1000.000000000000000 ) ;
#9081 = LINE ( 'NONE', #2577, #4225 ) ;
#9082 = MECHANICAL_DESIGN_GEOMETRIC_PRESENTATION_REPRESENTATION (  '', ( #8940 ), #6491 ) ;
#9083 = ORIENTED_EDGE ( 'NONE', *, *, #3326, .T. ) ;
#9084 = UNCERTAINTY_MEASURE_WITH_UNIT (LENGTH_MEASURE( 1.000000000000000082E-05 ), #4672, 'distance_accuracy_value', 'NONE');
#9085 = SURFACE_STYLE_FILL_AREA ( #8204 ) ;
#9086 = FILL_AREA_STYLE ('',( #3453 ) ) ;
#9087 = CARTESIAN_POINT ( 'NONE',  ( 3.250000000000000444, -2.100000000000000089, 0.000000000000000000 ) ) ;
#9088 = ORIENTED_EDGE ( 'NONE', *, *, #6150, .T. ) ;
#9089 =( GEOMETRIC_REPRESENTATION_CONTEXT ( 3 ) GLOBAL_UNCERTAINTY_ASSIGNED_CONTEXT ( ( #6969 ) ) GLOBAL_UNIT_ASSIGNED_CONTEXT ( ( #752, #5023, #2966 ) ) REPRESENTATION_CONTEXT ( 'NONE', 'WORKASPACE' ) );
#9090 =( NAMED_UNIT ( * ) SI_UNIT ( $, .STERADIAN. ) SOLID_ANGLE_UNIT ( ) );
#9091 = LINE ( 'NONE', #1870, #529 ) ;
#9092 = CARTESIAN_POINT ( 'NONE',  ( 4.099999999999998757, 6.131350216814590400E-16, 0.8000000000000000444 ) ) ;
#9093 = CARTESIAN_POINT ( 'NONE',  ( 0.000000000000000000, 0.000000000000000000, 0.8000000000000000444 ) ) ;
#9094 = SURFACE_STYLE_USAGE ( .BOTH. , #6988 ) ;
#9095 = ORIENTED_EDGE ( 'NONE', *, *, #1781, .F. ) ;
#9096 = SURFACE_STYLE_USAGE ( .BOTH. , #2587 ) ;
#9097 = CARTESIAN_POINT ( 'NONE',  ( -4.750000000000000000, -0.8500000000000000888, -0.02000000000000000042 ) ) ;
#9098 = PLANE ( 'NONE',  #5047 ) ;
#9099 = FILL_AREA_STYLE_COLOUR ( '', #2061 ) ;
#9100 = ORIENTED_EDGE ( 'NONE', *, *, #7371, .T. ) ;
#9101 = EDGE_CURVE ( 'NONE', #7147, #2958, #1511, .T. ) ;
#9102 = CARTESIAN_POINT ( 'NONE',  ( 0.5404384876898011836, -3.020149901343165855, 0.001000000000000000021 ) ) ;
#9103 = EDGE_CURVE ( 'NONE', #7501, #1551, #88, .T. ) ;
#9104 = SURFACE_STYLE_FILL_AREA ( #8547 ) ;
#9105 = ORIENTED_EDGE ( 'NONE', *, *, #805, .F. ) ;
#9106 = DIRECTION ( 'NONE',  ( -1.000000000000000000, -3.491481338843133355E-15, 0.000000000000000000 ) ) ;
#9107 = LINE ( 'NONE', #2597, #8797 ) ;
#9108 =( NAMED_UNIT ( * ) SI_UNIT ( $, .STERADIAN. ) SOLID_ANGLE_UNIT ( ) );
#9109 = DIRECTION ( 'NONE',  ( -0.000000000000000000, -0.000000000000000000, 1.000000000000000000 ) ) ;
#9110 = CARTESIAN_POINT ( 'NONE',  ( -3.250000000000000444, -2.900000000000000355, 0.000000000000000000 ) ) ;
#9111 = ORIENTED_EDGE ( 'NONE', *, *, #4837, .T. ) ;
#9112 = CARTESIAN_POINT ( 'NONE',  ( 0.09535464622638649412, -2.749418194026092443, 0.000000000000000000 ) ) ;
#9113 = STYLED_ITEM ( 'NONE', ( #115 ), #8914 ) ;
#9114 = FILL_AREA_STYLE_COLOUR ( '', #5275 ) ;
#9115 = CARTESIAN_POINT ( 'NONE',  ( 0.09108286336445459153, -2.749506092276820635, -0.000000000000000000 ) ) ;
#9116 = SURFACE_SIDE_STYLE ('',( #4071 ) ) ;
#9117 = CARTESIAN_POINT ( 'NONE',  ( -3.250000000000000000, 2.899999999999999911, 0.000000000000000000 ) ) ;
#9118 = DIRECTION ( 'NONE',  ( -3.491481338843133355E-15, 1.000000000000000000, 0.000000000000000000 ) ) ;
#9119 =( NAMED_UNIT ( * ) PLANE_ANGLE_UNIT ( ) SI_UNIT ( $, .RADIAN. ) );
#9120 = COLOUR_RGB ( '',0.2862745098039215508, 0.6627450980392156632, 0.3294117647058823484 ) ;
#9121 = DIRECTION ( 'NONE',  ( 0.000000000000000000, -0.000000000000000000, 1.000000000000000000 ) ) ;
#9122 = FACE_BOUND ( 'NONE', #5253, .T. ) ;
#9123 = CARTESIAN_POINT ( 'NONE',  ( 3.250000000000000000, 2.100000000000000089, -0.02000000000000000042 ) ) ;
#9124 = ORIENTED_EDGE ( 'NONE', *, *, #5879, .T. ) ;
#9125 = SURFACE_SIDE_STYLE ('',( #2576 ) ) ;
#9126 = COLOUR_RGB ( '',0.9686274509803921573, 0.8784313725490195957, 0.5999999999999999778 ) ;
#9127 = ORIENTED_EDGE ( 'NONE', *, *, #605, .T. ) ;
#9128 = CARTESIAN_POINT ( 'NONE',  ( 0.1798439754946791203, -3.016491364757799776, 0.000000000000000000 ) ) ;
#9129 = VECTOR ( 'NONE', #1210, 1000.000000000000000 ) ;
#9130 = CARTESIAN_POINT ( 'NONE',  ( -0.06126553178296113844, -2.846646898656049807, 0.000000000000000000 ) ) ;
#9131 = ORIENTED_EDGE ( 'NONE', *, *, #4882, .T. ) ;
#9132 = UNCERTAINTY_MEASURE_WITH_UNIT (LENGTH_MEASURE( 1.000000000000000082E-05 ), #5703, 'distance_accuracy_value', 'NONE');
#9133 = CARTESIAN_POINT ( 'NONE',  ( -0.01379437075660084819, -2.914026949468142558, 0.000000000000000000 ) ) ;
#9134 = FILL_AREA_STYLE ('',( #3989 ) ) ;
#9135 = AXIS2_PLACEMENT_3D ( 'NONE', #7440, #964, #302 ) ;
#9136 = SURFACE_STYLE_FILL_AREA ( #2582 ) ;
#9137 = CARTESIAN_POINT ( 'NONE',  ( -0.2167642562126378403, -2.753076730611458522, 0.001000000000000000021 ) ) ;
#9138 = CARTESIAN_POINT ( 'NONE',  ( -0.06161943913946714424, -2.862718498904141207, 0.001000000000000000021 ) ) ;
#9139 = SURFACE_STYLE_USAGE ( .BOTH. , #1151 ) ;
#9140 = LINE ( 'NONE', #1284, #8986 ) ;
#9141 = ORIENTED_EDGE ( 'NONE', *, *, #6706, .F. ) ;
#9142 = DIRECTION ( 'NONE',  ( -0.000000000000000000, 0.000000000000000000, 1.000000000000000000 ) ) ;
#9143 = ADVANCED_FACE ( 'NONE', ( #2393 ), #5107, .F. ) ;
#9144 = FILL_AREA_STYLE ('',( #4766 ) ) ;
#9145 = CARTESIAN_POINT ( 'NONE',  ( 0.5348935181776058867, -2.987223072074873365, 0.000000000000000000 ) ) ;
#9146 = DIRECTION ( 'NONE',  ( 1.000000000000000000, 2.312964634635741636E-14, 0.000000000000000000 ) ) ;
#9147 = ORIENTED_EDGE ( 'NONE', *, *, #1067, .F. ) ;
#9148 = CARTESIAN_POINT ( 'NONE',  ( -0.3999999999999886424, -3.250000000000001332, -0.02000000000000000042 ) ) ;
#9149 = FILL_AREA_STYLE_COLOUR ( '', #3884 ) ;
#9150 = PLANE ( 'NONE',  #2295 ) ;
#9151 = ORIENTED_EDGE ( 'NONE', *, *, #932, .T. ) ;
#9152 = CARTESIAN_POINT ( 'NONE',  ( 0.4728514551478822381, -2.719431964813668223, 0.000000000000000000 ) ) ;
#9153 = CARTESIAN_POINT ( 'NONE',  ( -1.650000000000049871, 4.749999999999982236, -0.02000000000000000042 ) ) ;
#9154 = EDGE_CURVE ( 'NONE', #4782, #2536, #3158, .T. ) ;
#9155 = FACE_OUTER_BOUND ( 'NONE', #7398, .T. ) ;
#9156 = DIRECTION ( 'NONE',  ( -1.047444401652940007E-14, 1.000000000000000000, 0.000000000000000000 ) ) ;
#9157 = AXIS2_PLACEMENT_3D ( 'NONE', #2562, #7732, #1887 ) ;
#9158 = CARTESIAN_POINT ( 'NONE',  ( -0.2201656499706449166, -2.770184112165309465, 0.000000000000000000 ) ) ;
#9159 = CARTESIAN_POINT ( 'NONE',  ( -0.4000000000000498157, 4.749999999999995559, -0.02000000000000000042 ) ) ;
#9160 = VERTEX_POINT ( 'NONE', #5306 ) ;
#9161 = CARTESIAN_POINT ( 'NONE',  ( 0.5348935181776058867, -2.987223072074873365, 0.000000000000000000 ) ) ;
#9162 = AXIS2_PLACEMENT_3D ( 'NONE', #8464, #7007, #8554 ) ;
#9163 = SURFACE_STYLE_FILL_AREA ( #457 ) ;
#9164 = CARTESIAN_POINT ( 'NONE',  ( 0.5833957119363540889, -2.758660625226820873, 0.000000000000000000 ) ) ;
#9165 = VECTOR ( 'NONE', #5071, 1000.000000000000000 ) ;
#9166 = FACE_OUTER_BOUND ( 'NONE', #347, .T. ) ;
#9167 = LINE ( 'NONE', #7643, #7041 ) ;
#9168 = FACE_BOUND ( 'NONE', #935, .T. ) ;
#9169 = PRESENTATION_LAYER_ASSIGNMENT (  '', '', ( #4197 ) ) ;
#9170 = PRESENTATION_LAYER_ASSIGNMENT (  '', '', ( #2807 ) ) ;
#9171 = ORIENTED_EDGE ( 'NONE', *, *, #6343, .T. ) ;
#9172 = FILL_AREA_STYLE ('',( #5060 ) ) ;
#9173 = STYLED_ITEM ( 'NONE', ( #8795 ), #7636 ) ;
#9174 = CARTESIAN_POINT ( 'NONE',  ( -0.1662307196272721221, -2.899418194026092355, 0.001000000000000000021 ) ) ;
#9175 = PRODUCT ( 'LGA-20_L10.1-W10.1-P1.25-TL', 'LGA-20_L10.1-W10.1-P1.25-TL', '', ( #8694 ) ) ;
#9176 = ORIENTED_EDGE ( 'NONE', *, *, #1189, .T. ) ;
#9177 = UNCERTAINTY_MEASURE_WITH_UNIT (LENGTH_MEASURE( 1.000000000000000082E-05 ), #1426, 'distance_accuracy_value', 'NONE');
#9178 = CARTESIAN_POINT ( 'NONE',  ( 0.4742031023167549431, -2.756483761573780722, 0.001000000000000000021 ) ) ;
#9179 = PRESENTATION_LAYER_ASSIGNMENT (  '', '', ( #7816 ) ) ;
#9180 = EDGE_CURVE ( 'NONE', #7093, #1275, #2245, .T. ) ;
#9181 = VECTOR ( 'NONE', #8163, 1000.000000000000000 ) ;
#9182 = ORIENTED_EDGE ( 'NONE', *, *, #6222, .F. ) ;
#9183 = SURFACE_STYLE_FILL_AREA ( #1144 ) ;
#9184 = CARTESIAN_POINT ( 'NONE',  ( 0.4935631600167175725, -2.982538857037524416, 0.001000000000000000021 ) ) ;
#9185 = STYLED_ITEM ( 'NONE', ( #1991 ), #6657 ) ;
#9186 = CARTESIAN_POINT ( 'NONE',  ( -2.899999999999999911, -2.900000000000000355, 1.000000000000000000 ) ) ;
#9187 =( GEOMETRIC_REPRESENTATION_CONTEXT ( 3 ) GLOBAL_UNCERTAINTY_ASSIGNED_CONTEXT ( ( #2489 ) ) GLOBAL_UNIT_ASSIGNED_CONTEXT ( ( #5406, #4895, #7034 ) ) REPRESENTATION_CONTEXT ( 'NONE', 'WORKASPACE' ) );
#9188 = CARTESIAN_POINT ( 'NONE',  ( 0.06301773016183086218, -2.718684768529917584, 0.001000000000000000021 ) ) ;
#9189 = CARTESIAN_POINT ( 'NONE',  ( -0.2109906281638573855, -2.774113315977312588, 0.001000000000000000021 ) ) ;
#9190 = PRESENTATION_STYLE_ASSIGNMENT (( #9094 ) ) ;
#9191 = EDGE_LOOP ( 'NONE', ( #578, #3468, #1381, #8511 ) ) ;
#9192 = VERTEX_POINT ( 'NONE', #4400 ) ;
#9193 = FILL_AREA_STYLE ('',( #7669 ) ) ;
#9194 = STYLED_ITEM ( 'NONE', ( #1877 ), #6933 ) ;
#9195 = EDGE_CURVE ( 'NONE', #9200, #4034, #6730, .T. ) ;
#9196 = STYLED_ITEM ( 'NONE', ( #1230 ), #8375 ) ;
#9197 = CARTESIAN_POINT ( 'NONE',  ( -0.05908484747271971343, -2.831140498329974164, 0.000000000000000000 ) ) ;
#9198 = ORIENTED_EDGE ( 'NONE', *, *, #338, .F. ) ;
#9199 = DIRECTION ( 'NONE',  ( -3.491481338843134144E-15, 1.000000000000000000, 0.000000000000000000 ) ) ;
#9200 = VERTEX_POINT ( 'NONE', #3883 ) ;
#9201 = FILL_AREA_STYLE ('',( #4056 ) ) ;
#9202 = EDGE_CURVE ( 'NONE', #5433, #3156, #5155, .T. ) ;
#9203 = PRESENTATION_LAYER_ASSIGNMENT (  '', '', ( #393 ) ) ;
#9204 = CARTESIAN_POINT ( 'NONE',  ( -2.899999999999988365, -3.250000000000010214, -0.02000000000000000042 ) ) ;
#9205 =( GEOMETRIC_REPRESENTATION_CONTEXT ( 3 ) GLOBAL_UNCERTAINTY_ASSIGNED_CONTEXT ( ( #5498 ) ) GLOBAL_UNIT_ASSIGNED_CONTEXT ( ( #5844, #7922, #8594 ) ) REPRESENTATION_CONTEXT ( 'NONE', 'WORKASPACE' ) );
#9206 = ORIENTED_EDGE ( 'NONE', *, *, #8212, .F. ) ;
#9207 = CARTESIAN_POINT ( 'NONE',  ( 0.5249824524355108935, -2.745807519619628323, -0.000000000000000000 ) ) ;
#9208 = CARTESIAN_POINT ( 'NONE',  ( 3.250000000000000000, -2.899999999999999911, -0.02000000000000000042 ) ) ;
#9209 = SURFACE_SIDE_STYLE ('',( #6313 ) ) ;
#9210 = ORIENTED_EDGE ( 'NONE', *, *, #9228, .T. ) ;
#9211 = AXIS2_PLACEMENT_3D ( 'NONE', #1188, #9034, #5644 ) ;
#9212 = FILL_AREA_STYLE ('',( #9070 ) ) ;
#9213 = PRESENTATION_LAYER_ASSIGNMENT (  '', '', ( #9221 ) ) ;
#9214 = CARTESIAN_POINT ( 'NONE',  ( 0.01905815264027546641, -2.771232243020343766, 2.117582368135750848E-19 ) ) ;
#9215 = LINE ( 'NONE', #4919, #6685 ) ;
#9216 = FACE_OUTER_BOUND ( 'NONE', #2764, .T. ) ;
#9217 = FACE_OUTER_BOUND ( 'NONE', #5151, .T. ) ;
#9218 = EDGE_CURVE ( 'NONE', #1652, #8578, #1463, .T. ) ;
#9219 = STYLED_ITEM ( 'NONE', ( #6159 ), #2663 ) ;
#9220 = EDGE_CURVE ( 'NONE', #6865, #5359, #7319, .T. ) ;
#9221 = STYLED_ITEM ( 'NONE', ( #5657 ), #3489 ) ;
#9222 = PRESENTATION_STYLE_ASSIGNMENT (( #6324 ) ) ;
#9223 = SURFACE_STYLE_FILL_AREA ( #1271 ) ;
#9224 = VERTEX_POINT ( 'NONE', #2526 ) ;
#9225 = CARTESIAN_POINT ( 'NONE',  ( 0.7066732437873620709, -2.983564535489507286, 0.001000000000000000021 ) ) ;
#9226 = COLOUR_RGB ( '',0.9686274509803921573, 0.8784313725490195957, 0.5999999999999999778 ) ;
#9227 = SURFACE_STYLE_USAGE ( .BOTH. , #608 ) ;
#9228 = EDGE_CURVE ( 'NONE', #2322, #2267, #7556, .T. ) ;
#9229 = ORIENTED_EDGE ( 'NONE', *, *, #319, .F. ) ;
#9230 = SURFACE_STYLE_FILL_AREA ( #1862 ) ;
#9231 = ADVANCED_FACE ( 'NONE', ( #5437 ), #7596, .T. ) ;
#9232 = PRESENTATION_LAYER_ASSIGNMENT (  '', '', ( #2559 ) ) ;
#9233 = SURFACE_STYLE_USAGE ( .BOTH. , #2578 ) ;
#9234 =( LENGTH_UNIT ( ) NAMED_UNIT ( * ) SI_UNIT ( .MILLI., .METRE. ) );
#9235 = ORIENTED_EDGE ( 'NONE', *, *, #5648, .F. ) ;
#9236 = CARTESIAN_POINT ( 'NONE',  ( -0.02107083002889863221, -2.877157380882158222, 0.001000000000000000021 ) ) ;
#9237 = EDGE_CURVE ( 'NONE', #7734, #6660, #430, .T. ) ;
#9238 = VECTOR ( 'NONE', #2820, 1000.000000000000000 ) ;
#9239 = CARTESIAN_POINT ( 'NONE',  ( -0.02108611099082808096, -2.850047839262875193, 0.001000000000000000021 ) ) ;
#9240 = CARTESIAN_POINT ( 'NONE',  ( -0.05562483988490611597, -2.911060506949888271, 0.001000000000000000021 ) ) ;
#9241 = VERTEX_POINT ( 'NONE', #6128 ) ;
#9242 = FILL_AREA_STYLE_COLOUR ( '', #5112 ) ;
#9243 = DIRECTION ( 'NONE',  ( 0.000000000000000000, -1.000000000000000000, 0.000000000000000000 ) ) ;
#9244 = CARTESIAN_POINT ( 'NONE',  ( 0.1798439754946791203, -3.016491364757799776, 0.001000000000000000021 ) ) ;
#9245 = ORIENTED_EDGE ( 'NONE', *, *, #5121, .F. ) ;
#9246 = SURFACE_SIDE_STYLE ('',( #392 ) ) ;
#9247 = ADVANCED_FACE ( 'NONE', ( #2611 ), #5530, .F. ) ;
#9248 = LINE ( 'NONE', #3665, #8891 ) ;
#9249 = ORIENTED_EDGE ( 'NONE', *, *, #4315, .F. ) ;
#9250 = VECTOR ( 'NONE', #3636, 1000.000000000000000 ) ;
#9251 = CARTESIAN_POINT ( 'NONE',  ( 0.6809697231422598973, -2.877587103247343681, 0.000000000000000000 ) ) ;
#9252 = ORIENTED_EDGE ( 'NONE', *, *, #1193, .F. ) ;
#9253 = CARTESIAN_POINT ( 'NONE',  ( 0.4809869892362342858, -2.717338691256047323, 0.000000000000000000 ) ) ;
#9254 = LINE ( 'NONE', #1984, #3046 ) ;
#9255 = DIRECTION ( 'NONE',  ( 1.495451272393802994E-16, -1.000000000000000000, 0.000000000000000000 ) ) ;
#9256 = PRESENTATION_LAYER_ASSIGNMENT (  '', '', ( #3971 ) ) ;
#9257 = ORIENTED_EDGE ( 'NONE', *, *, #9273, .F. ) ;
#9258 = CARTESIAN_POINT ( 'NONE',  ( 2.099999999999965894, 3.250000000000022204, 0.000000000000000000 ) ) ;
#9259 =( NAMED_UNIT ( * ) PLANE_ANGLE_UNIT ( ) SI_UNIT ( $, .RADIAN. ) );
#9260 = PRESENTATION_STYLE_ASSIGNMENT (( #3628 ) ) ;
#9261 = ORIENTED_EDGE ( 'NONE', *, *, #3740, .T. ) ;
#9262 =( LENGTH_UNIT ( ) NAMED_UNIT ( * ) SI_UNIT ( .MILLI., .METRE. ) );
#9263 = CARTESIAN_POINT ( 'NONE',  ( -0.06149827897867363169, -2.868384774256046210, -0.000000000000000000 ) ) ;
#9264 =( NAMED_UNIT ( * ) SI_UNIT ( $, .STERADIAN. ) SOLID_ANGLE_UNIT ( ) );
#9265 = DIRECTION ( 'NONE',  ( 1.000000000000000000, 0.000000000000000000, -0.000000000000000000 ) ) ;
#9266 = EDGE_LOOP ( 'NONE', ( #3866, #1387, #5091, #9055 ) ) ;
#9267 = CARTESIAN_POINT ( 'NONE',  ( 2.899999999999966160, 3.250000000000030642, -0.02000000000000000042 ) ) ;
#9268 = VERTEX_POINT ( 'NONE', #693 ) ;
#9269 = CARTESIAN_POINT ( 'NONE',  ( 0.4742031023167549431, -2.756483761573780722, 0.000000000000000000 ) ) ;
#9270 =( LENGTH_UNIT ( ) NAMED_UNIT ( * ) SI_UNIT ( .MILLI., .METRE. ) );
#9271 = CARTESIAN_POINT ( 'NONE',  ( -0.05074490669223331862, -2.802650212219532033, 0.000000000000000000 ) ) ;
#9272 = CIRCLE ( 'NONE', #5509, 0.2000000000000000944 ) ;
#9273 = EDGE_CURVE ( 'NONE', #4518, #1697, #9215, .T. ) ;
#9274 = EDGE_CURVE ( 'NONE', #2418, #5124, #4878, .T. ) ;
#9275 = CARTESIAN_POINT ( 'NONE',  ( 0.04804343439900235491, -2.756371942058945645, 0.001000000000000000021 ) ) ;
#9276 = DIRECTION ( 'NONE',  ( -0.000000000000000000, -0.000000000000000000, -1.000000000000000000 ) ) ;
#9277 = UNCERTAINTY_MEASURE_WITH_UNIT (LENGTH_MEASURE( 1.000000000000000082E-05 ), #2449, 'distance_accuracy_value', 'NONE');
#9278 = CARTESIAN_POINT ( 'NONE',  ( 0.09518315232394750081, -2.716491364757799953, 0.000000000000000000 ) ) ;
#9279 = STYLED_ITEM ( 'NONE', ( #5128 ), #1914 ) ;
#9280 =( NAMED_UNIT ( * ) PLANE_ANGLE_UNIT ( ) SI_UNIT ( $, .RADIAN. ) );
#9281 = DIRECTION ( 'NONE',  ( -0.000000000000000000, -0.000000000000000000, 1.000000000000000000 ) ) ;
#9282 = ORIENTED_EDGE ( 'NONE', *, *, #4028, .T. ) ;
#9283 = CARTESIAN_POINT ( 'NONE',  ( 0.009787462282770685584, -2.952147907142028682, 0.000000000000000000 ) ) ;
#9284 = PRESENTATION_LAYER_ASSIGNMENT (  '', '', ( #9113 ) ) ;
#9285 = STYLED_ITEM ( 'NONE', ( #4415 ), #2084 ) ;
#9286 =( NAMED_UNIT ( * ) PLANE_ANGLE_UNIT ( ) SI_UNIT ( $, .RADIAN. ) );
#9287 = FACE_OUTER_BOUND ( 'NONE', #4735, .T. ) ;
#9288 = ORIENTED_EDGE ( 'NONE', *, *, #1823, .F. ) ;
#9289 = DIRECTION ( 'NONE',  ( 1.000000000000000000, 0.000000000000000000, 0.000000000000000000 ) ) ;
#9290 = PRESENTATION_STYLE_ASSIGNMENT (( #7001 ) ) ;
#9291 = ORIENTED_EDGE ( 'NONE', *, *, #2491, .T. ) ;
#9292 = SURFACE_SIDE_STYLE ('',( #1943 ) ) ;
#9293 = FILL_AREA_STYLE_COLOUR ( '', #8563 ) ;
#9294 = ADVANCED_FACE ( 'NONE', ( #6271 ), #3438, .F. ) ;
#9295 = CARTESIAN_POINT ( 'NONE',  ( 0.3999999999999659384, 3.250000000000003997, -0.02000000000000000042 ) ) ;
#9296 = EDGE_CURVE ( 'NONE', #7028, #8395, #8612, .T. ) ;
#9297 =( LENGTH_UNIT ( ) NAMED_UNIT ( * ) SI_UNIT ( .MILLI., .METRE. ) );
#9298 = SURFACE_SIDE_STYLE ('',( #3718 ) ) ;
#9299 = ORIENTED_EDGE ( 'NONE', *, *, #9036, .F. ) ;
#9300 = CARTESIAN_POINT ( 'NONE',  ( 2.099999999999965894, 3.250000000000022204, -0.02000000000000000042 ) ) ;
#9301 = FACE_OUTER_BOUND ( 'NONE', #7806, .T. ) ;
#9302 =( NAMED_UNIT ( * ) PLANE_ANGLE_UNIT ( ) SI_UNIT ( $, .RADIAN. ) );
#9303 = SURFACE_STYLE_USAGE ( .BOTH. , #2235 ) ;
#9304 = EDGE_LOOP ( 'NONE', ( #4416, #7266, #6607, #6408 ) ) ;
#9305 = LINE ( 'NONE', #2810, #4103 ) ;
#9306 = VECTOR ( 'NONE', #4154, 1000.000000000000000 ) ;
#9307 = SURFACE_STYLE_USAGE ( .BOTH. , #2089 ) ;
#9308 = STYLED_ITEM ( 'NONE', ( #4531 ), #8644 ) ;
#9309 = FILL_AREA_STYLE_COLOUR ( '', #65 ) ;
#9310 = FILL_AREA_STYLE_COLOUR ( '', #3314 ) ;
#9311 = ORIENTED_EDGE ( 'NONE', *, *, #622, .F. ) ;
#9312 = VERTEX_POINT ( 'NONE', #1399 ) ;
#9313 = DIRECTION ( 'NONE',  ( 1.000000000000000000, 0.000000000000000000, 0.000000000000000000 ) ) ;
#9314 = UNCERTAINTY_MEASURE_WITH_UNIT (LENGTH_MEASURE( 1.000000000000000082E-05 ), #3881, 'distance_accuracy_value', 'NONE');
#9315 = VECTOR ( 'NONE', #7684, 1000.000000000000000 ) ;
#9316 = PRESENTATION_LAYER_ASSIGNMENT (  '', '', ( #4039 ) ) ;
#9317 = DIRECTION ( 'NONE',  ( 0.000000000000000000, -1.000000000000000000, 0.000000000000000000 ) ) ;
#9318 = VERTEX_POINT ( 'NONE', #7013 ) ;
#9319 = LINE ( 'NONE', #707, #5920 ) ;
#9320 = PRESENTATION_STYLE_ASSIGNMENT (( #2053 ) ) ;
#9321 = EDGE_CURVE ( 'NONE', #5144, #3816, #1310, .T. ) ;
#9322 = CARTESIAN_POINT ( 'NONE',  ( -0.005560468622701360795, -2.746746520552238113, 0.001000000000000000021 ) ) ;
#9323 = COLOUR_RGB ( '',0.6666666666666666297, 0.6980392156862744724, 0.7686274509803920907 ) ;
#9324 = COLOUR_RGB ( '',0.2862745098039215508, 0.6627450980392156632, 0.3294117647058823484 ) ;
#9325 = CARTESIAN_POINT ( 'NONE',  ( 0.03684987419237220618, -2.971412850662325411, 0.000000000000000000 ) ) ;
#9326 =( GEOMETRIC_REPRESENTATION_CONTEXT ( 3 ) GLOBAL_UNCERTAINTY_ASSIGNED_CONTEXT ( ( #9038 ) ) GLOBAL_UNIT_ASSIGNED_CONTEXT ( ( #7795, #2817, #5773 ) ) REPRESENTATION_CONTEXT ( 'NONE', 'WORKASPACE' ) );
#9327 = PRESENTATION_STYLE_ASSIGNMENT (( #4266 ) ) ;
#9328 = CARTESIAN_POINT ( 'NONE',  ( -0.03665496759470768945, -2.951901018113343156, 0.001000000000000000021 ) ) ;
#9329 = EDGE_CURVE ( 'NONE', #9016, #6805, #3584, .T. ) ;
#9330 = PRESENTATION_LAYER_ASSIGNMENT (  '', '', ( #3286 ) ) ;
#9331 = LINE ( 'NONE', #6293, #1961 ) ;
#9332 = ORIENTED_EDGE ( 'NONE', *, *, #4161, .F. ) ;
#9333 =( GEOMETRIC_REPRESENTATION_CONTEXT ( 3 ) GLOBAL_UNCERTAINTY_ASSIGNED_CONTEXT ( ( #4801 ) ) GLOBAL_UNIT_ASSIGNED_CONTEXT ( ( #2745, #8504, #4053 ) ) REPRESENTATION_CONTEXT ( 'NONE', 'WORKASPACE' ) );
#9334 = B_SPLINE_SURFACE_WITH_KNOTS ( 'NONE', 3, 1, ( 
 ( #8759, #5163 ),
 ( #2348, #8200 ),
 ( #3751, #8059 ),
 ( #5258, #98 ),
 ( #1613, #8709 ),
 ( #3113, #8150 ),
 ( #2297, #2925 ),
 ( #4559, #2400 ),
 ( #5115, #8102 ),
 ( #2200, #2975 ),
 ( #855, #4450 ),
 ( #3024, #7427 ),
 ( #5921, #3842 ),
 ( #194, #5998 ),
 ( #8896, #7328 ),
 ( #5316, #801 ),
 ( #1662, #4604 ),
 ( #7468, #3889 ),
 ( #6597, #6739 ) ),
 .UNSPECIFIED., .F., .F., .F.,
 ( 4, 1, 1, 1, 1, 1, 1, 1, 1, 1, 1, 1, 1, 1, 1, 1, 4 ),
 ( 2, 2 ),
 ( 0.000000000000000000, 0.07377411937406366804, 0.1440791147260396254, 0.2113485183089109098, 0.2760768857398822607, 0.3385209158196761381, 0.3998851166931330914, 0.4602540674652124686, 0.5205889643912473552, 0.5802076845630437241, 0.6386329085525457305, 0.6963645494905238431, 0.7540017746600119475, 0.8128056813744973796, 0.8727544255255602623, 0.9351819969782662056, 1.000000000000000000 ),
 ( 0.000000000000000000, 1.000000000000000000 ),
 .UNSPECIFIED. ) ;
#9335 = LINE ( 'NONE', #3850, #7803 ) ;
#9336 = PRESENTATION_LAYER_ASSIGNMENT (  '', '', ( #8738 ) ) ;
#9337 = DIRECTION ( 'NONE',  ( 0.000000000000000000, 0.000000000000000000, 1.000000000000000000 ) ) ;
#9338 = AXIS2_PLACEMENT_3D ( 'NONE', #103, #6693, #8061 ) ;
#9339 = FILL_AREA_STYLE_COLOUR ( '', #5872 ) ;
#9340 = ORIENTED_EDGE ( 'NONE', *, *, #3553, .T. ) ;
#9341 = CARTESIAN_POINT ( 'NONE',  ( -2.900000000000050093, 4.749999999999969802, -0.02000000000000000042 ) ) ;
#9342 = EDGE_CURVE ( 'NONE', #1041, #2891, #5901, .T. ) ;
#9343 =( GEOMETRIC_REPRESENTATION_CONTEXT ( 3 ) GLOBAL_UNCERTAINTY_ASSIGNED_CONTEXT ( ( #1046 ) ) GLOBAL_UNIT_ASSIGNED_CONTEXT ( ( #5034, #2785, #7136 ) ) REPRESENTATION_CONTEXT ( 'NONE', 'WORKASPACE' ) );
#9344 = VECTOR ( 'NONE', #5539, 1000.000000000000000 ) ;
#9345 =( LENGTH_UNIT ( ) NAMED_UNIT ( * ) SI_UNIT ( .MILLI., .METRE. ) );
#9346 = PRESENTATION_STYLE_ASSIGNMENT (( #6437 ) ) ;
#9347 = SURFACE_STYLE_USAGE ( .BOTH. , #5089 ) ;
#9348 = ORIENTED_EDGE ( 'NONE', *, *, #7950, .T. ) ;
#9349 = VECTOR ( 'NONE', #299, 1000.000000000000000 ) ;
#9350 = VERTEX_POINT ( 'NONE', #5188 ) ;
#9351 = FILL_AREA_STYLE ('',( #3632 ) ) ;
#9352 = FILL_AREA_STYLE_COLOUR ( '', #7633 ) ;
#9353 = DIRECTION ( 'NONE',  ( 3.491481338843133355E-15, -1.000000000000000000, 0.000000000000000000 ) ) ;
#9354 = MECHANICAL_DESIGN_GEOMETRIC_PRESENTATION_REPRESENTATION (  '', ( #3772 ), #7225 ) ;
#9355 =( NAMED_UNIT ( * ) PLANE_ANGLE_UNIT ( ) SI_UNIT ( $, .RADIAN. ) );
#9356 = FILL_AREA_STYLE_COLOUR ( '', #6038 ) ;
#9357 = FACE_OUTER_BOUND ( 'NONE', #6035, .T. ) ;
#9358 = STYLED_ITEM ( 'NONE', ( #2326 ), #2774 ) ;
#9359 = PRESENTATION_STYLE_ASSIGNMENT (( #7311 ) ) ;
#9360 = ORIENTED_EDGE ( 'NONE', *, *, #7167, .F. ) ;
#9361 =( GEOMETRIC_REPRESENTATION_CONTEXT ( 3 ) GLOBAL_UNCERTAINTY_ASSIGNED_CONTEXT ( ( #1086 ) ) GLOBAL_UNIT_ASSIGNED_CONTEXT ( ( #5484, #9259, #3482 ) ) REPRESENTATION_CONTEXT ( 'NONE', 'WORKASPACE' ) );
#9362 = VERTEX_POINT ( 'NONE', #782 ) ;
#9363 = CARTESIAN_POINT ( 'NONE',  ( 0.4742031023167549431, -2.756483761573780722, 0.001000000000000000021 ) ) ;
#9364 = CARTESIAN_POINT ( 'NONE',  ( 0.4663786352867125284, -3.005626444149551268, 0.001000000000000000021 ) ) ;
#9365 = FACE_OUTER_BOUND ( 'NONE', #3549, .T. ) ;
#9366 = AXIS2_PLACEMENT_3D ( 'NONE', #5066, #9414, #6544 ) ;
#9367 = LINE ( 'NONE', #6589, #2269 ) ;
#9368 = FACE_OUTER_BOUND ( 'NONE', #728, .T. ) ;
#9369 =( GEOMETRIC_REPRESENTATION_CONTEXT ( 3 ) GLOBAL_UNCERTAINTY_ASSIGNED_CONTEXT ( ( #3184 ) ) GLOBAL_UNIT_ASSIGNED_CONTEXT ( ( #8728, #7293, #3440 ) ) REPRESENTATION_CONTEXT ( 'NONE', 'WORKASPACE' ) );
#9370 = CARTESIAN_POINT ( 'NONE',  ( -2.900000000000034106, 3.249999999999969358, -0.02000000000000000042 ) ) ;
#9371 = DIRECTION ( 'NONE',  ( -1.000000000000000000, 0.000000000000000000, 0.000000000000000000 ) ) ;
#9372 = EDGE_LOOP ( 'NONE', ( #107, #1018, #643, #1349 ) ) ;
#9373 = SURFACE_SIDE_STYLE ('',( #2735 ) ) ;
#9374 = VECTOR ( 'NONE', #3300, 1000.000000000000114 ) ;
#9375 = PRESENTATION_STYLE_ASSIGNMENT (( #7174 ) ) ;
#9376 = CARTESIAN_POINT ( 'NONE',  ( 0.5056803441466676263, -3.017611403359434341, 0.001000000000000000021 ) ) ;
#9377 = B_SPLINE_CURVE_WITH_KNOTS ( 'NONE', 3,
 ( #5443, #1704, #8377, #370, #3213, #1753, #947, #8243, #1803, #903, #6689, #6049, #193, #4701, #6135, #6786, #2444, #289, #3305 ),
 .UNSPECIFIED., .F., .F.,
 ( 4, 1, 1, 1, 1, 1, 1, 1, 1, 1, 1, 1, 1, 1, 1, 1, 4 ),
 ( 0.000000000000000000, 0.06783324845577301532, 0.1326555365079038762, 0.1950508840508277941, 0.2555829330687764966, 0.3147998341472894035, 0.3736004728263741526, 0.4325455953267431375, 0.4924306292835655685, 0.5526712559629683996, 0.6125130441881160293, 0.6726102503570065005, 0.7338383693139446384, 0.7965942385677740045, 0.8614497992905724155, 0.9291989423509053880, 0.9999999999999998890 ),
 .UNSPECIFIED. ) ;
#9378 = CARTESIAN_POINT ( 'NONE',  ( -0.02127200189432375960, -2.868190730867534288, -0.000000000000000000 ) ) ;
#9379 = CIRCLE ( 'NONE', #3649, 0.2500000000000002220 ) ;
#9380 = MECHANICAL_DESIGN_GEOMETRIC_PRESENTATION_REPRESENTATION (  '', ( #4713 ), #7712 ) ;
#9381 = CARTESIAN_POINT ( 'NONE',  ( 0.8603317803727279500, -3.016491364757799776, 0.001000000000000000021 ) ) ;
#9382 = SURFACE_STYLE_USAGE ( .BOTH. , #4236 ) ;
#9383 = EDGE_LOOP ( 'NONE', ( #2942, #3203, #620, #5566 ) ) ;
#9384 = SURFACE_STYLE_USAGE ( .BOTH. , #583 ) ;
#9385 = CARTESIAN_POINT ( 'NONE',  ( 0.2383805608605327753, -2.983564535489507286, 0.000000000000000000 ) ) ;
#9386 = COLOUR_RGB ( '',0.9686274509803921573, 0.8784313725490195957, 0.5999999999999999778 ) ;
#9387 = ORIENTED_EDGE ( 'NONE', *, *, #3987, .F. ) ;
#9388 = DIRECTION ( 'NONE',  ( 0.000000000000000000, 1.000000000000000000, 0.000000000000000000 ) ) ;
#9389 = SURFACE_STYLE_FILL_AREA ( #2897 ) ;
#9390 = EDGE_CURVE ( 'NONE', #8636, #8430, #7449, .T. ) ;
#9391 = EDGE_CURVE ( 'NONE', #6805, #4839, #4388, .T. ) ;
#9392 = LINE ( 'NONE', #3627, #4646 ) ;
#9393 = MECHANICAL_DESIGN_GEOMETRIC_PRESENTATION_REPRESENTATION (  '', ( #285 ), #1336 ) ;
#9394 = FILL_AREA_STYLE_COLOUR ( '', #7072 ) ;
#9395 = PLANE ( 'NONE',  #8444 ) ;
#9396 = ORIENTED_EDGE ( 'NONE', *, *, #5309, .T. ) ;
#9397 = ORIENTED_EDGE ( 'NONE', *, *, #3197, .F. ) ;
#9398 = EDGE_CURVE ( 'NONE', #5433, #3400, #8786, .T. ) ;
#9399 = SURFACE_STYLE_FILL_AREA ( #8692 ) ;
#9400 =( NAMED_UNIT ( * ) PLANE_ANGLE_UNIT ( ) SI_UNIT ( $, .RADIAN. ) );
#9401 =( LENGTH_UNIT ( ) NAMED_UNIT ( * ) SI_UNIT ( .MILLI., .METRE. ) );
#9402 = DIRECTION ( 'NONE',  ( -1.000000000000000000, 0.000000000000000000, 0.000000000000000000 ) ) ;
#9403 = VECTOR ( 'NONE', #8085, 1000.000000000000000 ) ;
#9404 = FILL_AREA_STYLE_COLOUR ( '', #7789 ) ;
#9405 = VERTEX_POINT ( 'NONE', #1499 ) ;
#9406 = DIRECTION ( 'NONE',  ( 1.000000000000000000, -6.505213034913024237E-15, 0.000000000000000000 ) ) ;
#9407 = VERTEX_POINT ( 'NONE', #6626 ) ;
#9408 = B_SPLINE_CURVE_WITH_KNOTS ( 'NONE', 3,
 ( #3783, #130, #3054, #4539, #1646, #8228, #5482, #1064, #274, #2432, #5344, #2466, #1691, #7413, #886, #3149, #3830, #3874, #6675 ),
 .UNSPECIFIED., .F., .F.,
 ( 4, 1, 1, 1, 1, 1, 1, 1, 1, 1, 1, 1, 1, 1, 1, 1, 4 ),
 ( 0.000000000000000000, 0.06460397028839137690, 0.1267024139629469581, 0.1867568140356172801, 0.2455056873654372918, 0.3036520244499744114, 0.3615030739706249774, 0.4202402229284660229, 0.4800333407766966820, 0.5406781347755147404, 0.6011918063807812906, 0.6623335024774423818, 0.7247395102972303826, 0.7894677361728851261, 0.8565048600438287529, 0.9263120958391896087, 0.9999999999999998890 ),
 .UNSPECIFIED. ) ;
#9409 = EDGE_LOOP ( 'NONE', ( #3872, #541, #8467, #36 ) ) ;
#9410 = UNCERTAINTY_MEASURE_WITH_UNIT (LENGTH_MEASURE( 1.000000000000000082E-05 ), #6715, 'distance_accuracy_value', 'NONE');
#9411 = SURFACE_STYLE_USAGE ( .BOTH. , #7667 ) ;
#9412 = FILL_AREA_STYLE ('',( #2096 ) ) ;
#9413 = UNCERTAINTY_MEASURE_WITH_UNIT (LENGTH_MEASURE( 1.000000000000000082E-05 ), #7776, 'distance_accuracy_value', 'NONE');
#9414 = DIRECTION ( 'NONE',  ( 0.000000000000000000, 0.000000000000000000, -1.000000000000000000 ) ) ;
#9415 = LINE ( 'NONE', #8099, #283 ) ;
#9416 = UNCERTAINTY_MEASURE_WITH_UNIT (LENGTH_MEASURE( 1.000000000000000082E-05 ), #2289, 'distance_accuracy_value', 'NONE');
#9417 = CARTESIAN_POINT ( 'NONE',  ( -0.06126078229956252730, -2.879491738543590085, 0.001000000000000000021 ) ) ;
#9418 = FILL_AREA_STYLE ('',( #7227 ) ) ;
ENDSEC;
END-ISO-10303-21;
