ISO-10303-21;
HEADER;
FILE_DESCRIPTION (( 'STEP AP214' ),
    '1' );
FILE_NAME ('HWSON-8_L2.0-W3.0-P0.50-BL-EP1.STEP',
    '2022-09-17T12:53:00',
    ( '' ),
    ( '' ),
    'SwSTEP 2.0',
    'SolidWorks 2017',
    '' );
FILE_SCHEMA (( 'AUTOMOTIVE_DESIGN' ));
ENDSEC;

DATA;
#1 = EDGE_CURVE ( 'NONE', #1680, #4563, #9995, .T. ) ;
#2 = CARTESIAN_POINT ( 'NONE',  ( -0.3593529308516099600, 1.123901602911467500, 0.4700000000000000300 ) ) ;
#3 = EDGE_LOOP ( 'NONE', ( #1277, #2128, #1901, #3028 ) ) ;
#4 = DIRECTION ( 'NONE',  ( -1.000000000000000000, 0.0000000000000000000, 0.0000000000000000000 ) ) ;
#5 = PRESENTATION_LAYER_ASSIGNMENT (  '', '', ( #10094 ) ) ;
#6 = CARTESIAN_POINT ( 'NONE',  ( 0.4801077106856158600, 1.356932128478890400, 0.4600000000000000200 ) ) ;
#7 = EDGE_LOOP ( 'NONE', ( #2928, #930, #2948, #99, #6758 ) ) ;
#8 = CARTESIAN_POINT ( 'NONE',  ( 0.6271212929828849900, 1.071864893519935500, 0.4600000000000000200 ) ) ;
#9 = CARTESIAN_POINT ( 'NONE',  ( -0.8750000000000001100, -1.101000000000000000, 0.0000000000000000000 ) ) ;
#10 =( GEOMETRIC_REPRESENTATION_CONTEXT ( 3 ) GLOBAL_UNCERTAINTY_ASSIGNED_CONTEXT ( ( #8606 ) ) GLOBAL_UNIT_ASSIGNED_CONTEXT ( ( #5620, #3070, #4785 ) ) REPRESENTATION_CONTEXT ( 'NONE', 'WORKASPACE' ) );
#11 = ORIENTED_EDGE ( 'NONE', *, *, #8628, .T. ) ;
#12 = CARTESIAN_POINT ( 'NONE',  ( 0.4964654769594696300, 1.043924060316350700, 0.4600000000000000200 ) ) ;
#13 = ORIENTED_EDGE ( 'NONE', *, *, #4623, .F. ) ;
#14 = CARTESIAN_POINT ( 'NONE',  ( 0.5361367443559463800, 1.254777141261381100, 0.4700000000000000300 ) ) ;
#15 = CARTESIAN_POINT ( 'NONE',  ( 0.3976409899023887800, 1.260671831810934500, 0.4600000000000000200 ) ) ;
#16 = ORIENTED_EDGE ( 'NONE', *, *, #6339, .F. ) ;
#17 = CARTESIAN_POINT ( 'NONE',  ( 0.7369688513669763200, 1.148554817564847900, 0.4700000000000000300 ) ) ;
#18 = CARTESIAN_POINT ( 'NONE',  ( 0.04561457522409082700, 1.327205123512742200, 0.4600000000000000200 ) ) ;
#19 = EDGE_CURVE ( 'NONE', #3361, #6264, #5365, .T. ) ;
#20 = ORIENTED_EDGE ( 'NONE', *, *, #3614, .F. ) ;
#21 = DIRECTION ( 'NONE',  ( 0.0000000000000000000, -1.000000000000000000, 0.0000000000000000000 ) ) ;
#22 = STYLED_ITEM ( 'NONE', ( #7624 ), #2463 ) ;
#23 = VERTEX_POINT ( 'NONE', #4227 ) ;
#24 = STYLED_ITEM ( 'NONE', ( #5378 ), #4684 ) ;
#25 = ORIENTED_EDGE ( 'NONE', *, *, #4815, .F. ) ;
#26 = EDGE_CURVE ( 'NONE', #5864, #2264, #6796, .T. ) ;
#27 = LINE ( 'NONE', #9681, #4163 ) ;
#28 = B_SPLINE_CURVE_WITH_KNOTS ( 'NONE', 3,
 ( #6469, #9808, #4045, #5681 ),
 .UNSPECIFIED., .F., .F.,
 ( 4, 4 ),
 ( 10.00000000000000000, 11.00000000000000000 ),
 .UNSPECIFIED. ) ;
#29 = CARTESIAN_POINT ( 'NONE',  ( 0.5368146337683330500, 1.343669074743377000, 0.4700000000000000300 ) ) ;
#30 = EDGE_LOOP ( 'NONE', ( #9633, #2130, #7711, #9094 ) ) ;
#31 = LINE ( 'NONE', #6570, #3657 ) ;
#32 = CARTESIAN_POINT ( 'NONE',  ( 0.5099348448647560400, 1.072395415668760100, 0.4700000000000000300 ) ) ;
#33 = DIRECTION ( 'NONE',  ( 1.000000000000000000, 0.0000000000000000000, 0.0000000000000000000 ) ) ;
#34 = EDGE_CURVE ( 'NONE', #681, #3268, #1009, .T. ) ;
#35 = ORIENTED_EDGE ( 'NONE', *, *, #10496, .T. ) ;
#36 = LINE ( 'NONE', #2003, #9648 ) ;
#37 = ADVANCED_FACE ( 'NONE', ( #5884 ), #9857, .F. ) ;
#38 = ORIENTED_EDGE ( 'NONE', *, *, #2023, .T. ) ;
#39 = CARTESIAN_POINT ( 'NONE',  ( 0.4866508171952374000, 1.141068560567251300, 0.4700000000000000300 ) ) ;
#40 = STYLED_ITEM ( 'NONE', ( #1511 ), #6760 ) ;
#41 = CARTESIAN_POINT ( 'NONE',  ( 0.3362772612852169600, 1.081944814358577500, 0.4700000000000000300 ) ) ;
#42 = CARTESIAN_POINT ( 'NONE',  ( 0.6271212929828849900, 1.071864893519935500, 0.4700000000000000300 ) ) ;
#43 = PLANE ( 'NONE',  #805 ) ;
#44 = ORIENTED_EDGE ( 'NONE', *, *, #8775, .T. ) ;
#45 = VECTOR ( 'NONE', #8065, 1000.000000000000000 ) ;
#46 = CARTESIAN_POINT ( 'NONE',  ( 0.1513651772506174900, 1.173087969434327500, 0.4700000000000000300 ) ) ;
#47 = LINE ( 'NONE', #3933, #6188 ) ;
#48 = EDGE_CURVE ( 'NONE', #2692, #6942, #1443, .T. ) ;
#49 = ORIENTED_EDGE ( 'NONE', *, *, #3173, .T. ) ;
#50 = FACE_BOUND ( 'NONE', #10453, .T. ) ;
#51 = CARTESIAN_POINT ( 'NONE',  ( 0.3580286694117305000, 1.142954861543203500, 0.4700000000000000300 ) ) ;
#52 = CARTESIAN_POINT ( 'NONE',  ( 0.5704143698997727900, 1.266802309981406100, 0.4600000000000000200 ) ) ;
#53 = CARTESIAN_POINT ( 'NONE',  ( 0.1513651772506174900, 1.173087969434327500, 0.4700000000000000300 ) ) ;
#54 = CARTESIAN_POINT ( 'NONE',  ( 0.5983846765552801600, 1.300755727545389600, 0.4700000000000000300 ) ) ;
#55 = ORIENTED_EDGE ( 'NONE', *, *, #3692, .F. ) ;
#56 = DIRECTION ( 'NONE',  ( 1.000000000000000000, 0.0000000000000000000, 0.0000000000000000000 ) ) ;
#57 = CARTESIAN_POINT ( 'NONE',  ( 0.4481584879088261200, 1.082887964846950000, 0.4700000000000000300 ) ) ;
#58 = LINE ( 'NONE', #5590, #8899 ) ;
#59 = B_SPLINE_CURVE_WITH_KNOTS ( 'NONE', 3,
 ( #332, #9324, #5214, #10203 ),
 .UNSPECIFIED., .F., .F.,
 ( 4, 4 ),
 ( 2.000000000000000000, 3.000000000000000000 ),
 .UNSPECIFIED. ) ;
#60 = PRESENTATION_LAYER_ASSIGNMENT (  '', '', ( #2461 ) ) ;
#61 = DIRECTION ( 'NONE',  ( 0.0000000000000000000, 0.0000000000000000000, 1.000000000000000000 ) ) ;
#62 = ORIENTED_EDGE ( 'NONE', *, *, #7852, .T. ) ;
#63 = LINE ( 'NONE', #9385, #6999 ) ;
#64 = ORIENTED_EDGE ( 'NONE', *, *, #5892, .T. ) ;
#65 = VECTOR ( 'NONE', #1960, 1000.000000000000000 ) ;
#66 = DIRECTION ( 'NONE',  ( -0.3559357243643166400, 0.9345104387438640800, -0.0000000000000000000 ) ) ;
#67 = CARTESIAN_POINT ( 'NONE',  ( 0.6271212929828849900, 1.071864893519935500, 0.4700000000000000300 ) ) ;
#68 =( NAMED_UNIT ( * ) SI_UNIT ( $, .STERADIAN. ) SOLID_ANGLE_UNIT ( ) );
#69 = EDGE_CURVE ( 'NONE', #4148, #10093, #4046, .T. ) ;
#70 = LINE ( 'NONE', #3130, #3954 ) ;
#71 = ORIENTED_EDGE ( 'NONE', *, *, #9826, .T. ) ;
#72 = VECTOR ( 'NONE', #6753, 1000.000000000000000 ) ;
#73 = ORIENTED_EDGE ( 'NONE', *, *, #1617, .F. ) ;
#74 = AXIS2_PLACEMENT_3D ( 'NONE', #7704, #9455, #4569 ) ;
#75 = CARTESIAN_POINT ( 'NONE',  ( -0.3716495146639740000, 1.155872733333290100, 0.4700000000000000300 ) ) ;
#76 = CARTESIAN_POINT ( 'NONE',  ( -0.2388463875961558100, 1.321466719296756000, 0.4600000000000000200 ) ) ;
#77 = ADVANCED_FACE ( 'NONE', ( #2065 ), #4880, .F. ) ;
#78 = FILL_AREA_STYLE ('',( #1697 ) ) ;
#79 = FACE_OUTER_BOUND ( 'NONE', #10384, .T. ) ;
#80 = FACE_OUTER_BOUND ( 'NONE', #5653, .T. ) ;
#81 = SURFACE_STYLE_USAGE ( .BOTH. , #7428 ) ;
#82 = EDGE_LOOP ( 'NONE', ( #10023, #978, #4658, #10277 ) ) ;
#83 = VECTOR ( 'NONE', #6709, 1000.000000000000000 ) ;
#84 = EDGE_CURVE ( 'NONE', #10599, #3638, #3343, .T. ) ;
#85 = ORIENTED_EDGE ( 'NONE', *, *, #7020, .T. ) ;
#86 =( GEOMETRIC_REPRESENTATION_CONTEXT ( 3 ) GLOBAL_UNCERTAINTY_ASSIGNED_CONTEXT ( ( #9468 ) ) GLOBAL_UNIT_ASSIGNED_CONTEXT ( ( #1194, #8388, #1078 ) ) REPRESENTATION_CONTEXT ( 'NONE', 'WORKASPACE' ) );
#87 =( NAMED_UNIT ( * ) PLANE_ANGLE_UNIT ( ) SI_UNIT ( $, .RADIAN. ) );
#88 = CARTESIAN_POINT ( 'NONE',  ( 0.4964654769594696300, 1.043924060316350700, 0.4700000000000000300 ) ) ;
#89 = CARTESIAN_POINT ( 'NONE',  ( 0.4760403742065889600, 1.020345298119708300, 0.4600000000000000200 ) ) ;
#90 = CARTESIAN_POINT ( 'NONE',  ( 0.4816698036809432000, 1.032311519934303100, 0.4600000000000000200 ) ) ;
#91 = EDGE_CURVE ( 'NONE', #678, #7351, #7381, .T. ) ;
#92 = LINE ( 'NONE', #8942, #6614 ) ;
#93 = AXIS2_PLACEMENT_3D ( 'NONE', #3609, #9149, #9223 ) ;
#94 = LINE ( 'NONE', #1354, #2397 ) ;
#95 = EDGE_LOOP ( 'NONE', ( #71, #3458, #10299, #9435 ) ) ;
#96 = CARTESIAN_POINT ( 'NONE',  ( -0.1117817038333259600, 1.086192122999369800, 0.4700000000000000300 ) ) ;
#97 = VERTEX_POINT ( 'NONE', #847 ) ;
#98 = FILL_AREA_STYLE_COLOUR ( '', #8226 ) ;
#99 = ORIENTED_EDGE ( 'NONE', *, *, #7299, .T. ) ;
#100 = EDGE_CURVE ( 'NONE', #8243, #9512, #7063, .T. ) ;
#101 = DIRECTION ( 'NONE',  ( -0.0000000000000000000, -0.0000000000000000000, -1.000000000000000000 ) ) ;
#102 = DIRECTION ( 'NONE',  ( -1.000000000000000000, 0.0000000000000000000, 0.0000000000000000000 ) ) ;
#103 = LINE ( 'NONE', #2992, #774 ) ;
#105 = DIRECTION ( 'NONE',  ( -0.0000000000000000000, 1.000000000000000000, -0.0000000000000000000 ) ) ;
#104 = PRESENTATION_LAYER_ASSIGNMENT (  '', '', ( #2441 ) ) ;
#106 = EDGE_LOOP ( 'NONE', ( #5445, #1282, #4989, #6973 ) ) ;
#107 = LINE ( 'NONE', #1705, #4234 ) ;
#108 = CARTESIAN_POINT ( 'NONE',  ( 0.4395227662542640600, 1.142954861543203500, 0.4700000000000000300 ) ) ;
#109 = VERTEX_POINT ( 'NONE', #822 ) ;
#110 = AXIS2_PLACEMENT_3D ( 'NONE', #5417, #3966, #8783 ) ;
#111 = ORIENTED_EDGE ( 'NONE', *, *, #9069, .T. ) ;
#112 = ADVANCED_FACE ( 'NONE', ( #9858 ), #2831, .F. ) ;
#113 = VECTOR ( 'NONE', #1111, 1000.000000000000000 ) ;
#114 = EDGE_CURVE ( 'NONE', #6447, #3370, #1176, .T. ) ;
#115 = CARTESIAN_POINT ( 'NONE',  ( 0.4115524595983660100, 1.105818311083129900, 0.4600000000000000200 ) ) ;
#116 = EDGE_CURVE ( 'NONE', #5765, #5893, #270, .T. ) ;
#117 = ORIENTED_EDGE ( 'NONE', *, *, #798, .T. ) ;
#118 = CARTESIAN_POINT ( 'NONE',  ( -0.1117817038333259600, 1.086192122999369800, 0.4700000000000000300 ) ) ;
#119 =( LENGTH_UNIT ( ) NAMED_UNIT ( * ) SI_UNIT ( .MILLI., .METRE. ) );
#120 = DIRECTION ( 'NONE',  ( 1.000000000000000000, 0.0000000000000000000, 0.0000000000000000000 ) ) ;
#121 = ORIENTED_EDGE ( 'NONE', *, *, #3297, .F. ) ;
#122 = LINE ( 'NONE', #8601, #6278 ) ;
#123 = CARTESIAN_POINT ( 'NONE',  ( 0.6323086206657669800, 1.273168575775143600, 0.4700000000000000300 ) ) ;
#124 = ORIENTED_EDGE ( 'NONE', *, *, #2410, .T. ) ;
#125 = CARTESIAN_POINT ( 'NONE',  ( 0.3877968566850573700, 1.058719733595268900, 0.4600000000000000200 ) ) ;
#126 = DIRECTION ( 'NONE',  ( -0.0000000000000000000, -0.0000000000000000000, -1.000000000000000000 ) ) ;
#127 = DIRECTION ( 'NONE',  ( 0.0000000000000000000, -1.000000000000000000, 0.0000000000000000000 ) ) ;
#128 = CARTESIAN_POINT ( 'NONE',  ( 0.5121748272732571400, 1.046281936536486200, 0.4600000000000000200 ) ) ;
#129 = CARTESIAN_POINT ( 'NONE',  ( 0.6646115248754968000, 1.356932128478893600, 0.4700000000000000300 ) ) ;
#130 = B_SPLINE_CURVE_WITH_KNOTS ( 'NONE', 3,
 ( #4205, #925, #8342, #3479 ),
 .UNSPECIFIED., .F., .F.,
 ( 4, 4 ),
 ( 4.000000000000000000, 5.000000000000000000 ),
 .UNSPECIFIED. ) ;
#131 = EDGE_CURVE ( 'NONE', #2843, #7117, #4870, .T. ) ;
#132 = CARTESIAN_POINT ( 'NONE',  ( 0.3540792267435543500, 1.097447850503374500, 0.4700000000000000300 ) ) ;
#133 = CARTESIAN_POINT ( 'NONE',  ( 0.3657212405783116800, 1.239686733455341900, 0.4700000000000000300 ) ) ;
#134 = EDGE_LOOP ( 'NONE', ( #7444, #1182, #3248, #3661 ) ) ;
#135 = ORIENTED_EDGE ( 'NONE', *, *, #6953, .T. ) ;
#136 = LINE ( 'NONE', #6567, #2954 ) ;
#137 = ORIENTED_EDGE ( 'NONE', *, *, #4598, .F. ) ;
#138 = CARTESIAN_POINT ( 'NONE',  ( 0.3733548648394733900, 1.100041514345212200, 0.4600000000000000200 ) ) ;
#139 = DIRECTION ( 'NONE',  ( -0.0000000000000000000, -0.0000000000000000000, -1.000000000000000000 ) ) ;
#140 = CARTESIAN_POINT ( 'NONE',  ( 0.8201134615637640800, 1.103283594146726700, 0.4700000000000000300 ) ) ;
#141 = B_SPLINE_SURFACE_WITH_KNOTS ( 'NONE', 3, 1, ( 
 ( #8415, #7719 ),
 ( #2812, #4581 ),
 ( #7837, #4655 ),
 ( #10382, #9465 ) ),
 .UNSPECIFIED., .F., .F., .F.,
 ( 4, 4 ),
 ( 2, 2 ),
 ( 14.00000000000000000, 15.00000000000000000 ),
 ( 0.0000000000000000000, 1.000000000000000000 ),
 .UNSPECIFIED. ) ;
#142 = ORIENTED_EDGE ( 'NONE', *, *, #4192, .F. ) ;
#143 = CARTESIAN_POINT ( 'NONE',  ( 0.1513651772506174900, 1.173087969434327500, 0.4700000000000000300 ) ) ;
#144 = ORIENTED_EDGE ( 'NONE', *, *, #908, .F. ) ;
#145 = FACE_OUTER_BOUND ( 'NONE', #3903, .T. ) ;
#146 = ORIENTED_EDGE ( 'NONE', *, *, #10313, .T. ) ;
#147 = SURFACE_STYLE_FILL_AREA ( #1350 ) ;
#148 = ORIENTED_EDGE ( 'NONE', *, *, #3261, .T. ) ;
#149 = UNCERTAINTY_MEASURE_WITH_UNIT (LENGTH_MEASURE( 1.000000000000000100E-005 ), #3058, 'distance_accuracy_value', 'NONE');
#150 = ORIENTED_EDGE ( 'NONE', *, *, #2647, .F. ) ;
#151 = EDGE_CURVE ( 'NONE', #8334, #6471, #4634, .T. ) ;
#152 = DIRECTION ( 'NONE',  ( -0.0000000000000000000, -0.0000000000000000000, -1.000000000000000000 ) ) ;
#153 = CARTESIAN_POINT ( 'NONE',  ( 0.6812050787714428700, 1.160756827001928200, 0.4700000000000000300 ) ) ;
#154 = ORIENTED_EDGE ( 'NONE', *, *, #5593, .T. ) ;
#155 = MECHANICAL_DESIGN_GEOMETRIC_PRESENTATION_REPRESENTATION (  '', ( #9543 ), #2350 ) ;
#156 = CARTESIAN_POINT ( 'NONE',  ( 0.002986411752271779200, 1.155052989223940500, 0.4700000000000000300 ) ) ;
#157 = CARTESIAN_POINT ( 'NONE',  ( 0.6249999999999998900, -1.500999999999999900, 0.1000000000000000100 ) ) ;
#158 = CARTESIAN_POINT ( 'NONE',  ( 0.4311228322217993100, 1.068563866812215300, 0.4700000000000000300 ) ) ;
#159 = CARTESIAN_POINT ( 'NONE',  ( 0.4790171929340778000, 1.032311519934303100, 0.4700000000000000300 ) ) ;
#160 = DIRECTION ( 'NONE',  ( -1.000000000000000000, 0.0000000000000000000, 0.0000000000000000000 ) ) ;
#161 = FACE_OUTER_BOUND ( 'NONE', #8283, .T. ) ;
#162 = VECTOR ( 'NONE', #1999, 1000.000000000000000 ) ;
#163 = EDGE_CURVE ( 'NONE', #1729, #6650, #8308, .T. ) ;
#164 = STYLED_ITEM ( 'NONE', ( #6283 ), #8840 ) ;
#165 = EDGE_LOOP ( 'NONE', ( #8651, #5068, #5105, #8204 ) ) ;
#166 = ORIENTED_EDGE ( 'NONE', *, *, #975, .F. ) ;
#167 = CARTESIAN_POINT ( 'NONE',  ( 0.7271247181492411800, 1.117430851465182700, 0.4700000000000000300 ) ) ;
#168 = ORIENTED_EDGE ( 'NONE', *, *, #69, .F. ) ;
#169 = EDGE_CURVE ( 'NONE', #2324, #2710, #8437, .T. ) ;
#170 = ADVANCED_FACE ( 'NONE', ( #9211 ), #6819, .F. ) ;
#171 = CARTESIAN_POINT ( 'NONE',  ( 0.6812050787714428700, 1.160756827001928200, 0.4600000000000000200 ) ) ;
#172 = DIRECTION ( 'NONE',  ( -1.000000000000000000, -0.0000000000000000000, -0.0000000000000000000 ) ) ;
#173 = CARTESIAN_POINT ( 'NONE',  ( -0.1691657459904059300, 1.168989123799456100, 0.4700000000000000300 ) ) ;
#174 = EDGE_CURVE ( 'NONE', #8719, #3778, #537, .T. ) ;
#175 = CARTESIAN_POINT ( 'NONE',  ( 0.7999830933376143000, 1.155805286939957800, 0.4600000000000000200 ) ) ;
#176 = CARTESIAN_POINT ( 'NONE',  ( -0.3716495146639740000, 1.188663623501164700, 0.4700000000000000300 ) ) ;
#177 = ORIENTED_EDGE ( 'NONE', *, *, #708, .T. ) ;
#178 = VERTEX_POINT ( 'NONE', #271 ) ;
#179 = LINE ( 'NONE', #3698, #1225 ) ;
#180 = DIRECTION ( 'NONE',  ( 1.000000000000000000, 0.0000000000000000000, -0.0000000000000000000 ) ) ;
#181 = CARTESIAN_POINT ( 'NONE',  ( 0.3976409899023887800, 1.338599640871340500, 0.4700000000000000300 ) ) ;
#182 = B_SPLINE_CURVE_WITH_KNOTS ( 'NONE', 3,
 ( #10292, #3760, #526, #2835 ),
 .UNSPECIFIED., .F., .F.,
 ( 4, 4 ),
 ( 33.00000000000000000, 34.00000000000000000 ),
 .UNSPECIFIED. ) ;
#183 = CARTESIAN_POINT ( 'NONE',  ( 0.3580286694117305000, 1.142954861543203500, 0.4700000000000000300 ) ) ;
#184 = LINE ( 'NONE', #133, #6444 ) ;
#185 = CARTESIAN_POINT ( 'NONE',  ( 0.1513651772506174900, 1.173087969434327500, 0.4700000000000000300 ) ) ;
#186 = CARTESIAN_POINT ( 'NONE',  ( 0.4254934027470531600, 1.112479311403996400, 0.4600000000000000200 ) ) ;
#187 = FILL_AREA_STYLE ('',( #9148 ) ) ;
#188 = CARTESIAN_POINT ( 'NONE',  ( 0.3362772612852169600, 1.081944814358577500, 0.4700000000000000300 ) ) ;
#189 = EDGE_CURVE ( 'NONE', #4444, #406, #8699, .T. ) ;
#190 = ORIENTED_EDGE ( 'NONE', *, *, #2527, .F. ) ;
#191 = FACE_OUTER_BOUND ( 'NONE', #631, .T. ) ;
#192 = ORIENTED_EDGE ( 'NONE', *, *, #8292, .T. ) ;
#193 = LINE ( 'NONE', #8222, #3536 ) ;
#194 = PRESENTATION_LAYER_ASSIGNMENT (  '', '', ( #4980 ) ) ;
#195 = VECTOR ( 'NONE', #8821, 1000.000000000000000 ) ;
#196 = CARTESIAN_POINT ( 'NONE',  ( 0.6212266024333380500, 1.110651957333468100, 0.4700000000000000300 ) ) ;
#197 = FILL_AREA_STYLE ('',( #2762 ) ) ;
#198 = CARTESIAN_POINT ( 'NONE',  ( 0.3704664664705092900, 1.345437481907692400, 0.4600000000000000200 ) ) ;
#199 = CARTESIAN_POINT ( 'NONE',  ( 0.3113132468091264200, 1.315669294634368000, 0.4700000000000000300 ) ) ;
#200 = ORIENTED_EDGE ( 'NONE', *, *, #189, .T. ) ;
#201 = FACE_OUTER_BOUND ( 'NONE', #3979, .T. ) ;
#202 =( NAMED_UNIT ( * ) PLANE_ANGLE_UNIT ( ) SI_UNIT ( $, .RADIAN. ) );
#203 = DIRECTION ( 'NONE',  ( 0.0000000000000000000, -0.0000000000000000000, 1.000000000000000000 ) ) ;
#204 = VERTEX_POINT ( 'NONE', #983 ) ;
#205 = VECTOR ( 'NONE', #8919, 1000.000000000000100 ) ;
#206 = EDGE_CURVE ( 'NONE', #5626, #5094, #5109, .T. ) ;
#207 = CARTESIAN_POINT ( 'NONE',  ( 0.7930863053950505400, 1.174019880737444500, 0.4700000000000000300 ) ) ;
#208 = LINE ( 'NONE', #5849, #1865 ) ;
#209 = CARTESIAN_POINT ( 'NONE',  ( 0.8005430889399329800, 1.159283154363951900, 0.4600000000000000200 ) ) ;
#210 = EDGE_LOOP ( 'NONE', ( #1063, #788, #2602, #2882 ) ) ;
#211 = DIRECTION ( 'NONE',  ( -0.0000000000000000000, -0.0000000000000000000, -1.000000000000000000 ) ) ;
#212 = COLOUR_RGB ( '',0.6666666666666666300, 0.6666666666666666300, 0.6666666666666666300 ) ;
#213 = CARTESIAN_POINT ( 'NONE',  ( 0.4395227662542640600, 1.142954861543203500, 0.4700000000000000300 ) ) ;
#214 = CARTESIAN_POINT ( 'NONE',  ( 0.3671654397627940300, 1.075342760943928100, 0.4700000000000000300 ) ) ;
#215 = B_SPLINE_CURVE_WITH_KNOTS ( 'NONE', 3,
 ( #5398, #4570, #8664, #6120 ),
 .UNSPECIFIED., .F., .F.,
 ( 4, 4 ),
 ( 2.000000000000000000, 3.000000000000000000 ),
 .UNSPECIFIED. ) ;
#216 = CARTESIAN_POINT ( 'NONE',  ( 0.3426730005308832300, 1.094854186661542200, 0.4600000000000000200 ) ) ;
#217 = ORIENTED_EDGE ( 'NONE', *, *, #2150, .F. ) ;
#218 = DIRECTION ( 'NONE',  ( 0.3658589216693928800, -0.9306703226357381200, -0.0000000000000000000 ) ) ;
#219 = FACE_OUTER_BOUND ( 'NONE', #928, .T. ) ;
#220 = VERTEX_POINT ( 'NONE', #9964 ) ;
#221 = UNCERTAINTY_MEASURE_WITH_UNIT (LENGTH_MEASURE( 1.000000000000000100E-005 ), #3128, 'distance_accuracy_value', 'NONE');
#222 = VECTOR ( 'NONE', #7886, 1000.000000000000000 ) ;
#223 = DIRECTION ( 'NONE',  ( -1.000000000000000000, 0.0000000000000000000, 0.0000000000000000000 ) ) ;
#224 = CARTESIAN_POINT ( 'NONE',  ( 0.4444448328627393900, 1.087544770380222300, 0.4700000000000000300 ) ) ;
#225 = CARTESIAN_POINT ( 'NONE',  ( 0.1005392912368313900, 1.172268178417227500, 0.4700000000000000300 ) ) ;
#226 = ORIENTED_EDGE ( 'NONE', *, *, #8768, .T. ) ;
#227 = CARTESIAN_POINT ( 'NONE',  ( 0.4322722968787630600, 1.108235134207909300, 0.4700000000000000300 ) ) ;
#228 = EDGE_CURVE ( 'NONE', #9639, #4636, #3481, .T. ) ;
#229 = ADVANCED_FACE ( 'NONE', ( #2436 ), #7532, .F. ) ;
#230 = LINE ( 'NONE', #7745, #2270 ) ;
#231 = FACE_OUTER_BOUND ( 'NONE', #6626, .T. ) ;
#232 = ORIENTED_EDGE ( 'NONE', *, *, #8760, .F. ) ;
#233 = VECTOR ( 'NONE', #709, 1000.000000000000000 ) ;
#234 =( GEOMETRIC_REPRESENTATION_CONTEXT ( 3 ) GLOBAL_UNCERTAINTY_ASSIGNED_CONTEXT ( ( #2502 ) ) GLOBAL_UNIT_ASSIGNED_CONTEXT ( ( #9903, #8170, #8997 ) ) REPRESENTATION_CONTEXT ( 'NONE', 'WORKASPACE' ) );
#235 = STYLED_ITEM ( 'NONE', ( #6958 ), #8507 ) ;
#236 = CARTESIAN_POINT ( 'NONE',  ( 0.3296752078697817200, 1.121262400321720600, 0.4600000000000000200 ) ) ;
#237 = DIRECTION ( 'NONE',  ( -1.000000000000000000, -2.709813608826153600E-014, 0.0000000000000000000 ) ) ;
#238 = ORIENTED_EDGE ( 'NONE', *, *, #4961, .T. ) ;
#239 =( LENGTH_UNIT ( ) NAMED_UNIT ( * ) SI_UNIT ( .MILLI., .METRE. ) );
#240 = PRESENTATION_STYLE_ASSIGNMENT (( #2944 ) ) ;
#241 = ORIENTED_EDGE ( 'NONE', *, *, #10037, .T. ) ;
#242 = B_SPLINE_SURFACE_WITH_KNOTS ( 'NONE', 3, 1, ( 
 ( #8787, #8022 ),
 ( #8935, #4922 ),
 ( #7338, #18 ),
 ( #6534, #2427 ) ),
 .UNSPECIFIED., .F., .F., .F.,
 ( 4, 4 ),
 ( 2, 2 ),
 ( 0.0000000000000000000, 1.000000000000000000 ),
 ( 0.0000000000000000000, 1.000000000000000000 ),
 .UNSPECIFIED. ) ;
#243 = FACE_OUTER_BOUND ( 'NONE', #9700, .T. ) ;
#244 =( GEOMETRIC_REPRESENTATION_CONTEXT ( 3 ) GLOBAL_UNCERTAINTY_ASSIGNED_CONTEXT ( ( #7571 ) ) GLOBAL_UNIT_ASSIGNED_CONTEXT ( ( #5234, #202, #7675 ) ) REPRESENTATION_CONTEXT ( 'NONE', 'WORKASPACE' ) );
#245 = ORIENTED_EDGE ( 'NONE', *, *, #3095, .F. ) ;
#246 =( NAMED_UNIT ( * ) SI_UNIT ( $, .STERADIAN. ) SOLID_ANGLE_UNIT ( ) );
#247 = ORIENTED_EDGE ( 'NONE', *, *, #4036, .F. ) ;
#248 = DIRECTION ( 'NONE',  ( -0.0000000000000000000, -0.0000000000000000000, -1.000000000000000000 ) ) ;
#249 = CARTESIAN_POINT ( 'NONE',  ( 0.5362251647140857700, 1.241631981336718300, 0.4700000000000000300 ) ) ;
#250 = CARTESIAN_POINT ( 'NONE',  ( 0.8015451863329445800, 1.155451605507409800, 0.4700000000000000300 ) ) ;
#251 = CARTESIAN_POINT ( 'NONE',  ( 0.4964654769594696300, 1.043924060316350700, 0.4700000000000000300 ) ) ;
#252 = SURFACE_STYLE_FILL_AREA ( #8640 ) ;
#253 = SURFACE_STYLE_USAGE ( .BOTH. , #5138 ) ;
#254 = ORIENTED_EDGE ( 'NONE', *, *, #7257, .T. ) ;
#255 = VECTOR ( 'NONE', #3041, 1000.000000000000000 ) ;
#256 = EDGE_CURVE ( 'NONE', #9967, #444, #792, .T. ) ;
#257 = VERTEX_POINT ( 'NONE', #3502 ) ;
#258 = CARTESIAN_POINT ( 'NONE',  ( -0.1250000000000001100, -1.500999999999999900, 0.1000000000000000100 ) ) ;
#259 = B_SPLINE_CURVE_WITH_KNOTS ( 'NONE', 3,
 ( #9676, #6381, #7219, #819 ),
 .UNSPECIFIED., .F., .F.,
 ( 4, 4 ),
 ( 5.000000000000000000, 6.000000000000000000 ),
 .UNSPECIFIED. ) ;
#260 = DIRECTION ( 'NONE',  ( 0.0000000000000000000, 0.0000000000000000000, -1.000000000000000000 ) ) ;
#261 = CARTESIAN_POINT ( 'NONE',  ( 0.6542663429616545300, 1.334119676053556500, 0.4700000000000000300 ) ) ;
#262 = B_SPLINE_SURFACE_WITH_KNOTS ( 'NONE', 3, 1, ( 
 ( #9033, #7373 ),
 ( #892, #5742 ),
 ( #864, #1676 ),
 ( #7407, #4862 ) ),
 .UNSPECIFIED., .F., .F., .F.,
 ( 4, 4 ),
 ( 2, 2 ),
 ( 2.000000000000000000, 3.000000000000000000 ),
 ( 0.0000000000000000000, 1.000000000000000000 ),
 .UNSPECIFIED. ) ;
#263 = DIRECTION ( 'NONE',  ( 0.9910683662997703500, 0.1333547648938887300, 0.0000000000000000000 ) ) ;
#264 = CARTESIAN_POINT ( 'NONE',  ( 0.5362251647140857700, 1.241631981336718300, 0.4600000000000000200 ) ) ;
#265 = LINE ( 'NONE', #1196, #5746 ) ;
#266 = ORIENTED_EDGE ( 'NONE', *, *, #2949, .T. ) ;
#267 = ADVANCED_FACE ( 'NONE', ( #2169 ), #6413, .F. ) ;
#268 = CARTESIAN_POINT ( 'NONE',  ( 1.000000000000000000, 1.500000000000000000, 0.0000000000000000000 ) ) ;
#269 = EDGE_CURVE ( 'NONE', #9922, #549, #8568, .T. ) ;
#270 = LINE ( 'NONE', #1875, #7688 ) ;
#271 = CARTESIAN_POINT ( 'NONE',  ( 0.6757230165606518100, 1.286195841888956300, 0.4600000000000000200 ) ) ;
#272 = CARTESIAN_POINT ( 'NONE',  ( 0.7427751215583920900, 1.099982567439006500, 0.4600000000000000200 ) ) ;
#273 = CARTESIAN_POINT ( 'NONE',  ( 0.5651091484052507300, 1.174019880737442200, 0.4700000000000000300 ) ) ;
#274 = ORIENTED_EDGE ( 'NONE', *, *, #9296, .T. ) ;
#275 = PRESENTATION_STYLE_ASSIGNMENT (( #1642 ) ) ;
#276 = CARTESIAN_POINT ( 'NONE',  ( 0.4629836346400604800, 1.073574353778822000, 0.4700000000000000300 ) ) ;
#277 = CARTESIAN_POINT ( 'NONE',  ( -0.02570561714402799100, 1.083732781219903100, 0.4700000000000000300 ) ) ;
#278 = ORIENTED_EDGE ( 'NONE', *, *, #4398, .T. ) ;
#279 = CARTESIAN_POINT ( 'NONE',  ( 0.5799932420423163900, 1.160756827001928200, 0.4700000000000000300 ) ) ;
#280 = VERTEX_POINT ( 'NONE', #5822 ) ;
#281 = FACE_OUTER_BOUND ( 'NONE', #7210, .T. ) ;
#282 = ADVANCED_FACE ( 'NONE', ( #7823 ), #4329, .T. ) ;
#283 = DIRECTION ( 'NONE',  ( -1.000000000000000000, 0.0000000000000000000, 0.0000000000000000000 ) ) ;
#284 = DIRECTION ( 'NONE',  ( -6.463944363198580000E-014, 1.000000000000000000, -0.0000000000000000000 ) ) ;
#286 = FACE_BOUND ( 'NONE', #749, .T. ) ;
#285 = PLANE ( 'NONE',  #3002 ) ;
#287 = CARTESIAN_POINT ( 'NONE',  ( 0.5495471653550254600, 1.141068560567252600, 0.4600000000000000200 ) ) ;
#288 = CARTESIAN_POINT ( 'NONE',  ( -0.1937589292518336100, 1.004214897581257300, 0.4600000000000000200 ) ) ;
#289 = CARTESIAN_POINT ( 'NONE',  ( 0.6565063253701535200, 1.342195402106187500, 0.4600000000000000200 ) ) ;
#290 = ORIENTED_EDGE ( 'NONE', *, *, #7476, .F. ) ;
#291 = LINE ( 'NONE', #339, #9636 ) ;
#292 = VECTOR ( 'NONE', #5940, 1000.000000000000000 ) ;
#293 = PRESENTATION_LAYER_ASSIGNMENT (  '', '', ( #590 ) ) ;
#294 = CARTESIAN_POINT ( 'NONE',  ( -0.2380266122149723200, 1.272280430953479900, 0.4600000000000000200 ) ) ;
#295 = CARTESIAN_POINT ( 'NONE',  ( 0.7369688513669763200, 1.085658469405059500, 0.4700000000000000300 ) ) ;
#296 = ORIENTED_EDGE ( 'NONE', *, *, #4242, .F. ) ;
#297 = B_SPLINE_SURFACE_WITH_KNOTS ( 'NONE', 3, 1, ( 
 ( #2134, #9539 ),
 ( #10345, #7120 ),
 ( #1449, #5407 ),
 ( #9572, #545 ) ),
 .UNSPECIFIED., .F., .F., .F.,
 ( 4, 4 ),
 ( 2, 2 ),
 ( 3.000000000000000000, 4.000000000000000000 ),
 ( 0.0000000000000000000, 1.000000000000000000 ),
 .UNSPECIFIED. ) ;
#298 = CARTESIAN_POINT ( 'NONE',  ( 0.4356027970391868100, 1.293564205074917700, 0.4700000000000000300 ) ) ;
#299 = CARTESIAN_POINT ( 'NONE',  ( 0.5544692319634968400, 1.241631981336718300, 0.4600000000000000200 ) ) ;
#300 = ORIENTED_EDGE ( 'NONE', *, *, #2332, .F. ) ;
#301 = ORIENTED_EDGE ( 'NONE', *, *, #8952, .F. ) ;
#302 = CARTESIAN_POINT ( 'NONE',  ( 0.3390477658433275200, 1.332646003416362500, 0.4700000000000000300 ) ) ;
#303 = VECTOR ( 'NONE', #7085, 1000.000000000000000 ) ;
#304 = EDGE_CURVE ( 'NONE', #3511, #7873, #783, .T. ) ;
#305 = DIRECTION ( 'NONE',  ( 0.0000000000000000000, 0.0000000000000000000, -1.000000000000000000 ) ) ;
#306 = ORIENTED_EDGE ( 'NONE', *, *, #7356, .T. ) ;
#307 = CARTESIAN_POINT ( 'NONE',  ( 0.5809953394353111200, 1.341664879956576200, 0.4600000000000000200 ) ) ;
#308 = VECTOR ( 'NONE', #5880, 1000.000000000000000 ) ;
#309 = CARTESIAN_POINT ( 'NONE',  ( 0.4311228322217993100, 1.068563866812215300, 0.4600000000000000200 ) ) ;
#310 = DIRECTION ( 'NONE',  ( -0.0000000000000000000, 1.000000000000000000, -0.0000000000000000000 ) ) ;
#311 = VERTEX_POINT ( 'NONE', #7824 ) ;
#312 = CARTESIAN_POINT ( 'NONE',  ( -0.6250000000000001100, 1.500999999999999900, -0.04000000000000000100 ) ) ;
#313 = EDGE_CURVE ( 'NONE', #2082, #7000, #10509, .T. ) ;
#314 = PRESENTATION_STYLE_ASSIGNMENT (( #4585 ) ) ;
#315 = B_SPLINE_SURFACE_WITH_KNOTS ( 'NONE', 3, 1, ( 
 ( #1112, #8455 ),
 ( #7649, #1847 ),
 ( #250, #7578 ),
 ( #3596, #1070 ) ),
 .UNSPECIFIED., .F., .F., .F.,
 ( 4, 4 ),
 ( 2, 2 ),
 ( 1.000000000000000000, 2.000000000000000000 ),
 ( 0.0000000000000000000, 1.000000000000000000 ),
 .UNSPECIFIED. ) ;
#316 = VERTEX_POINT ( 'NONE', #2837 ) ;
#317 = FACE_OUTER_BOUND ( 'NONE', #1848, .T. ) ;
#318 = EDGE_CURVE ( 'NONE', #9702, #7521, #7053, .T. ) ;
#319 = PLANE ( 'NONE',  #8316 ) ;
#320 = CARTESIAN_POINT ( 'NONE',  ( -0.6250000000000001100, 1.101000000000000000, -0.04000000000000000100 ) ) ;
#321 = ORIENTED_EDGE ( 'NONE', *, *, #533, .T. ) ;
#322 = CARTESIAN_POINT ( 'NONE',  ( -0.3331201968270273200, 1.282117649532498000, 0.4600000000000000200 ) ) ;
#323 = CARTESIAN_POINT ( 'NONE',  ( 0.6249999999999998900, -1.500999999999999900, -0.04000000000000000100 ) ) ;
#324 = VECTOR ( 'NONE', #9847, 1000.000000000000000 ) ;
#325 = ADVANCED_FACE ( 'NONE', ( #2429 ), #6891, .F. ) ;
#326 = CARTESIAN_POINT ( 'NONE',  ( 0.6577442103856461200, 1.335711242501596500, 0.4600000000000000200 ) ) ;
#327 = STYLED_ITEM ( 'NONE', ( #1304 ), #5049 ) ;
#328 = ORIENTED_EDGE ( 'NONE', *, *, #1290, .T. ) ;
#329 = LINE ( 'NONE', #7449, #8755 ) ;
#330 = DIRECTION ( 'NONE',  ( 0.0000000000000000000, 0.0000000000000000000, -1.000000000000000000 ) ) ;
#331 = B_SPLINE_CURVE_WITH_KNOTS ( 'NONE', 3,
 ( #10563, #8748, #5494, #8858 ),
 .UNSPECIFIED., .F., .F.,
 ( 4, 4 ),
 ( 1.000000000000000000, 2.000000000000000000 ),
 .UNSPECIFIED. ) ;
#332 = CARTESIAN_POINT ( 'NONE',  ( 0.5361367443559463800, 1.254777141261381100, 0.4700000000000000300 ) ) ;
#333 = ORIENTED_EDGE ( 'NONE', *, *, #3629, .F. ) ;
#334 = PLANE ( 'NONE',  #4119 ) ;
#335 = CARTESIAN_POINT ( 'NONE',  ( 0.3269341767647745400, 1.312486161738285700, 0.4600000000000000200 ) ) ;
#336 = CARTESIAN_POINT ( 'NONE',  ( 0.6212266024333380500, 1.110651957333468100, 0.4700000000000000300 ) ) ;
#337 = CARTESIAN_POINT ( 'NONE',  ( 0.4465374480076767500, 1.142954861543203500, 0.4600000000000000200 ) ) ;
#338 = EDGE_CURVE ( 'NONE', #2156, #7937, #5717, .T. ) ;
#339 = CARTESIAN_POINT ( 'NONE',  ( 0.8529174144696074500, 1.058719733595270100, 0.4600000000000000200 ) ) ;
#340 = FACE_OUTER_BOUND ( 'NONE', #1448, .T. ) ;
#341 = ADVANCED_FACE ( 'NONE', ( #4864 ), #10052, .F. ) ;
#342 = EDGE_LOOP ( 'NONE', ( #7853, #9605, #2252, #296, #10407, #8912 ) ) ;
#343 = MECHANICAL_DESIGN_GEOMETRIC_PRESENTATION_REPRESENTATION (  '', ( #2461 ), #5744 ) ;
#344 = ORIENTED_EDGE ( 'NONE', *, *, #10363, .F. ) ;
#345 = CARTESIAN_POINT ( 'NONE',  ( 0.3671654397627940300, 1.075342760943928100, 0.4600000000000000200 ) ) ;
#346 = CARTESIAN_POINT ( 'NONE',  ( 0.4211608051936131500, 1.056774485713890800, 0.4700000000000000300 ) ) ;
#347 = CARTESIAN_POINT ( 'NONE',  ( 0.4395227662542640600, 1.105405682744374300, 0.4600000000000000200 ) ) ;
#348 = CARTESIAN_POINT ( 'NONE',  ( 0.4073672293084886200, 1.076521699053208000, 0.4600000000000000200 ) ) ;
#349 =( NAMED_UNIT ( * ) SI_UNIT ( $, .STERADIAN. ) SOLID_ANGLE_UNIT ( ) );
#350 = CARTESIAN_POINT ( 'NONE',  ( -0.1117817038333259600, 1.094389845541732200, 0.4600000000000000200 ) ) ;
#351 = COLOUR_RGB ( '',0.6666666666666666300, 0.6666666666666666300, 0.6666666666666666300 ) ;
#352 = ORIENTED_EDGE ( 'NONE', *, *, #5008, .T. ) ;
#353 = EDGE_CURVE ( 'NONE', #7420, #3051, #7304, .T. ) ;
#354 = ORIENTED_EDGE ( 'NONE', *, *, #7836, .T. ) ;
#355 = CARTESIAN_POINT ( 'NONE',  ( 0.4088114284929684800, 1.109414072317975500, 0.4700000000000000300 ) ) ;
#356 = CARTESIAN_POINT ( 'NONE',  ( 0.4293249516043798300, 1.094913133566968600, 0.4700000000000000300 ) ) ;
#357 = DIRECTION ( 'NONE',  ( 0.0000000000000000000, 0.0000000000000000000, -1.000000000000000000 ) ) ;
#358 = PLANE ( 'NONE',  #4428 ) ;
#359 = CARTESIAN_POINT ( 'NONE',  ( 0.6271212929828849900, 1.058719733595268900, 0.4700000000000000300 ) ) ;
#360 = EDGE_LOOP ( 'NONE', ( #2821, #9142, #6812, #1076 ) ) ;
#361 = COLOUR_RGB ( '',0.6666666666666666300, 0.6666666666666666300, 0.6666666666666666300 ) ;
#362 = CARTESIAN_POINT ( 'NONE',  ( 0.4469206028937245900, 1.085481628687999400, 0.4600000000000000200 ) ) ;
#363 = ORIENTED_EDGE ( 'NONE', *, *, #5554, .T. ) ;
#364 = DIRECTION ( 'NONE',  ( 0.0000000000000000000, 0.0000000000000000000, -1.000000000000000000 ) ) ;
#365 = LINE ( 'NONE', #1281, #4101 ) ;
#366 = ORIENTED_EDGE ( 'NONE', *, *, #3396, .F. ) ;
#367 = COLOUR_RGB ( '',0.6666666666666666300, 0.6666666666666666300, 0.6666666666666666300 ) ;
#368 = CARTESIAN_POINT ( 'NONE',  ( -0.02570561714402799100, 1.083732781219903100, 0.4600000000000000200 ) ) ;
#369 = ORIENTED_EDGE ( 'NONE', *, *, #8742, .T. ) ;
#370 = EDGE_CURVE ( 'NONE', #6841, #5047, #5617, .T. ) ;
#371 = CARTESIAN_POINT ( 'NONE',  ( 0.1280016726970269200, 1.239694441632820600, 0.4700000000000000300 ) ) ;
#372 = EDGE_LOOP ( 'NONE', ( #6467, #9928, #4999, #5774 ) ) ;
#373 = EDGE_CURVE ( 'NONE', #5201, #316, #9200, .T. ) ;
#374 = VECTOR ( 'NONE', #5338, 1000.000000000000000 ) ;
#375 = PRESENTATION_LAYER_ASSIGNMENT (  '', '', ( #6746 ) ) ;
#376 = DIRECTION ( 'NONE',  ( 0.0000000000000000000, 0.0000000000000000000, -1.000000000000000000 ) ) ;
#377 = ORIENTED_EDGE ( 'NONE', *, *, #7114, .T. ) ;
#378 = FACE_OUTER_BOUND ( 'NONE', #10609, .T. ) ;
#379 = ORIENTED_EDGE ( 'NONE', *, *, #8302, .F. ) ;
#380 = CARTESIAN_POINT ( 'NONE',  ( 0.4137334951014448600, 1.058424999067361100, 0.4600000000000000200 ) ) ;
#381 = DIRECTION ( 'NONE',  ( 1.000000000000000000, 3.846415562192292200E-014, -0.0000000000000000000 ) ) ;
#382 = DIRECTION ( 'NONE',  ( 1.000000000000000000, 0.0000000000000000000, 0.0000000000000000000 ) ) ;
#383 = ORIENTED_EDGE ( 'NONE', *, *, #1907, .T. ) ;
#384 = EDGE_CURVE ( 'NONE', #3591, #3955, #9218, .T. ) ;
#385 = EDGE_CURVE ( 'NONE', #5831, #9422, #7183, .T. ) ;
#386 = VECTOR ( 'NONE', #7540, 1000.000000000000000 ) ;
#387 = ORIENTED_EDGE ( 'NONE', *, *, #8458, .F. ) ;
#388 = LINE ( 'NONE', #5348, #3321 ) ;
#389 = VERTEX_POINT ( 'NONE', #6859 ) ;
#390 = ADVANCED_FACE ( 'NONE', ( #7554 ), #5193, .T. ) ;
#391 = PLANE ( 'NONE',  #6132 ) ;
#392 = DIRECTION ( 'NONE',  ( 1.000000000000000000, -0.0000000000000000000, -0.0000000000000000000 ) ) ;
#393 = CARTESIAN_POINT ( 'NONE',  ( 0.3678728026286729500, 1.252949787190854400, 0.4700000000000000300 ) ) ;
#394 = CARTESIAN_POINT ( 'NONE',  ( -0.1117817038333259600, 1.086192122999369800, 0.4700000000000000300 ) ) ;
#395 =( LENGTH_UNIT ( ) NAMED_UNIT ( * ) SI_UNIT ( .MILLI., .METRE. ) );
#396 = EDGE_CURVE ( 'NONE', #6220, #1536, #7517, .T. ) ;
#397 = FACE_OUTER_BOUND ( 'NONE', #1028, .T. ) ;
#398 = VERTEX_POINT ( 'NONE', #7967 ) ;
#399 = B_SPLINE_CURVE_WITH_KNOTS ( 'NONE', 3,
 ( #4972, #5890, #6915, #6877 ),
 .UNSPECIFIED., .F., .F.,
 ( 4, 4 ),
 ( 23.00000000000000000, 24.00000000000000000 ),
 .UNSPECIFIED. ) ;
#400 = DIRECTION ( 'NONE',  ( 0.0000000000000000000, 0.0000000000000000000, 1.000000000000000000 ) ) ;
#402 = STYLED_ITEM ( 'NONE', ( #1476 ), #4149 ) ;
#401 = DIRECTION ( 'NONE',  ( -1.000000000000000000, 0.0000000000000000000, 0.0000000000000000000 ) ) ;
#403 = PLANE ( 'NONE',  #10199 ) ;
#404 = CARTESIAN_POINT ( 'NONE',  ( 0.3566728905853887000, 1.131224427350304900, 0.4700000000000000300 ) ) ;
#405 = CARTESIAN_POINT ( 'NONE',  ( 0.3309720397906990600, 1.324039755214123400, 0.4600000000000000200 ) ) ;
#406 = VERTEX_POINT ( 'NONE', #5431 ) ;
#407 = COLOUR_RGB ( '',0.6666666666666666300, 0.6666666666666666300, 0.6666666666666666300 ) ;
#408 = LINE ( 'NONE', #8713, #4759 ) ;
#409 = VERTEX_POINT ( 'NONE', #5395 ) ;
#410 = CARTESIAN_POINT ( 'NONE',  ( -0.2380266122149723200, 1.272280430953479900, 0.4700000000000000300 ) ) ;
#411 = EDGE_CURVE ( 'NONE', #10628, #1293, #4314, .T. ) ;
#412 = ORIENTED_EDGE ( 'NONE', *, *, #3358, .F. ) ;
#413 = CARTESIAN_POINT ( 'NONE',  ( 0.8201134615637640800, 1.103283594146726700, 0.4600000000000000200 ) ) ;
#414 = CARTESIAN_POINT ( 'NONE',  ( 0.4228997389056087200, 1.140773826040125400, 0.4700000000000000300 ) ) ;
#415 = PLANE ( 'NONE',  #4047 ) ;
#416 = CARTESIAN_POINT ( 'NONE',  ( 0.8008967703732692300, 1.159283154363951900, 0.4700000000000000300 ) ) ;
#417 = ORIENTED_EDGE ( 'NONE', *, *, #7959, .T. ) ;
#418 = LINE ( 'NONE', #42, #683 ) ;
#419 = ORIENTED_EDGE ( 'NONE', *, *, #2694, .F. ) ;
#420 = ORIENTED_EDGE ( 'NONE', *, *, #9057, .F. ) ;
#421 = B_SPLINE_SURFACE_WITH_KNOTS ( 'NONE', 3, 1, ( 
 ( #8429, #5112 ),
 ( #1829, #9294 ),
 ( #5148, #337 ),
 ( #6728, #10131 ) ),
 .UNSPECIFIED., .F., .F., .F.,
 ( 4, 4 ),
 ( 2, 2 ),
 ( 8.000000000000000000, 9.000000000000000000 ),
 ( 0.0000000000000000000, 1.000000000000000000 ),
 .UNSPECIFIED. ) ;
#422 = AXIS2_PLACEMENT_3D ( 'NONE', #6565, #3324, #828 ) ;
#423 = VERTEX_POINT ( 'NONE', #1366 ) ;
#424 = VERTEX_POINT ( 'NONE', #4642 ) ;
#425 = DIRECTION ( 'NONE',  ( 0.0000000000000000000, 0.0000000000000000000, -1.000000000000000000 ) ) ;
#426 = CARTESIAN_POINT ( 'NONE',  ( -0.1486714552719857500, 1.004214897581257300, 0.4600000000000000200 ) ) ;
#427 = SURFACE_STYLE_FILL_AREA ( #6383 ) ;
#428 = CARTESIAN_POINT ( 'NONE',  ( 0.4293249516043798300, 1.094913133566968600, 0.4600000000000000200 ) ) ;
#429 = ADVANCED_FACE ( 'NONE', ( #2817 ), #9932, .F. ) ;
#430 = CARTESIAN_POINT ( 'NONE',  ( 0.8364712278380103100, 1.058719733595270100, 0.4700000000000000300 ) ) ;
#431 = ORIENTED_EDGE ( 'NONE', *, *, #6387, .F. ) ;
#432 = EDGE_LOOP ( 'NONE', ( #10183, #6129, #8672, #1168 ) ) ;
#433 = EDGE_CURVE ( 'NONE', #8549, #8979, #4252, .T. ) ;
#434 = ORIENTED_EDGE ( 'NONE', *, *, #2267, .F. ) ;
#435 = CARTESIAN_POINT ( 'NONE',  ( -0.3200038376330879300, 1.235390679515602000, 0.4600000000000000200 ) ) ;
#436 =( NAMED_UNIT ( * ) SI_UNIT ( $, .STERADIAN. ) SOLID_ANGLE_UNIT ( ) );
#437 = CARTESIAN_POINT ( 'NONE',  ( 0.6988596769666108900, 1.058719733595270100, 0.4600000000000000200 ) ) ;
#438 = PLANE ( 'NONE',  #9048 ) ;
#439 = AXIS2_PLACEMENT_3D ( 'NONE', #9677, #10586, #790 ) ;
#440 = EDGE_LOOP ( 'NONE', ( #3371, #5238, #3354, #1934 ) ) ;
#441 = COLOUR_RGB ( '',0.4980392156862745200, 0.4980392156862745200, 0.4980392156862745200 ) ;
#442 = CARTESIAN_POINT ( 'NONE',  ( 0.1210335975911644700, 1.095209605287003500, 0.4600000000000000200 ) ) ;
#443 = ADVANCED_FACE ( 'NONE', ( #4987 ), #5506, .F. ) ;
#444 = VERTEX_POINT ( 'NONE', #8693 ) ;
#445 = SURFACE_STYLE_FILL_AREA ( #5582 ) ;
#446 = FACE_OUTER_BOUND ( 'NONE', #7817, .T. ) ;
#447 = EDGE_CURVE ( 'NONE', #6331, #6986, #8692, .T. ) ;
#448 = CARTESIAN_POINT ( 'NONE',  ( 0.3540792267435543500, 1.097447850503374500, 0.4700000000000000300 ) ) ;
#449 = CARTESIAN_POINT ( 'NONE',  ( 0.4088114284929684800, 1.109414072317975500, 0.4700000000000000300 ) ) ;
#450 =( GEOMETRIC_REPRESENTATION_CONTEXT ( 3 ) GLOBAL_UNCERTAINTY_ASSIGNED_CONTEXT ( ( #4307 ) ) GLOBAL_UNIT_ASSIGNED_CONTEXT ( ( #2345, #8848, #8884 ) ) REPRESENTATION_CONTEXT ( 'NONE', 'WORKASPACE' ) );
#451 =( NAMED_UNIT ( * ) SI_UNIT ( $, .STERADIAN. ) SOLID_ANGLE_UNIT ( ) );
#452 = PRESENTATION_LAYER_ASSIGNMENT (  '', '', ( #4438 ) ) ;
#453 = ORIENTED_EDGE ( 'NONE', *, *, #953, .F. ) ;
#454 = FACE_OUTER_BOUND ( 'NONE', #8734, .T. ) ;
#455 = CARTESIAN_POINT ( 'NONE',  ( -0.02570561714402799100, 1.070616437661491300, 0.4600000000000000200 ) ) ;
#456 = ORIENTED_EDGE ( 'NONE', *, *, #9872, .F. ) ;
#457 = AXIS2_PLACEMENT_3D ( 'NONE', #2780, #9401, #3640 ) ;
#458 = LINE ( 'NONE', #7553, #7364 ) ;
#459 = CARTESIAN_POINT ( 'NONE',  ( 0.4293249516043798300, 1.094913133566968600, 0.4600000000000000200 ) ) ;
#460 = EDGE_CURVE ( 'NONE', #5560, #4636, #8826, .T. ) ;
#461 = VECTOR ( 'NONE', #3959, 1000.000000000000000 ) ;
#462 = ORIENTED_EDGE ( 'NONE', *, *, #6693, .T. ) ;
#463 = DIRECTION ( 'NONE',  ( -0.0000000000000000000, -0.0000000000000000000, -1.000000000000000000 ) ) ;
#464 = CARTESIAN_POINT ( 'NONE',  ( 0.4147355924948414300, 1.071216477559473200, 0.4700000000000000300 ) ) ;
#465 = EDGE_LOOP ( 'NONE', ( #6476, #168, #1344, #10541, #1480, #6443, #7043 ) ) ;
#466 = CARTESIAN_POINT ( 'NONE',  ( 0.3397551287092143700, 1.056774485713890800, 0.4600000000000000200 ) ) ;
#467 = FACE_OUTER_BOUND ( 'NONE', #4781, .T. ) ;
#468 = CARTESIAN_POINT ( 'NONE',  ( 0.4073672293084886200, 1.076521699053208000, 0.4600000000000000200 ) ) ;
#469 = ORIENTED_EDGE ( 'NONE', *, *, #6249, .F. ) ;
#470 = LINE ( 'NONE', #1813, #8516 ) ;
#471 = B_SPLINE_CURVE_WITH_KNOTS ( 'NONE', 3,
 ( #8857, #2353, #10459, #10426 ),
 .UNSPECIFIED., .F., .F.,
 ( 4, 4 ),
 ( 5.000000000000000000, 6.000000000000000000 ),
 .UNSPECIFIED. ) ;
#472 = DIRECTION ( 'NONE',  ( -0.0000000000000000000, -0.0000000000000000000, -1.000000000000000000 ) ) ;
#473 = CARTESIAN_POINT ( 'NONE',  ( -0.1945787046334087300, 1.117343431132259900, 0.4600000000000000200 ) ) ;
#474 = CARTESIAN_POINT ( 'NONE',  ( -0.2708175023820599300, 1.114884151896459800, 0.4700000000000000300 ) ) ;
#475 = ORIENTED_EDGE ( 'NONE', *, *, #7587, .T. ) ;
#476 = DIRECTION ( 'NONE',  ( -0.3897582650654818900, -0.9209172030172667600, -0.0000000000000000000 ) ) ;
#477 = CARTESIAN_POINT ( 'NONE',  ( 0.5827342731476982100, 1.300343099206631400, 0.4700000000000000300 ) ) ;
#478 = EDGE_CURVE ( 'NONE', #9353, #10287, #2544, .T. ) ;
#479 = CARTESIAN_POINT ( 'NONE',  ( 0.1249999999999998900, 1.101000000000000000, 0.0000000000000000000 ) ) ;
#480 = COLOUR_RGB ( '',0.6666666666666666300, 0.6666666666666666300, 0.6666666666666666300 ) ;
#481 =( GEOMETRIC_REPRESENTATION_CONTEXT ( 3 ) GLOBAL_UNCERTAINTY_ASSIGNED_CONTEXT ( ( #5067 ) ) GLOBAL_UNIT_ASSIGNED_CONTEXT ( ( #7850, #7775, #436 ) ) REPRESENTATION_CONTEXT ( 'NONE', 'WORKASPACE' ) );
#482 = ORIENTED_EDGE ( 'NONE', *, *, #2864, .T. ) ;
#483 = VECTOR ( 'NONE', #4173, 1000.000000000000000 ) ;
#484 = CARTESIAN_POINT ( 'NONE',  ( 0.4475395454010779900, 1.058955521216968300, 0.4700000000000000300 ) ) ;
#485 = ORIENTED_EDGE ( 'NONE', *, *, #6404, .T. ) ;
#486 = CARTESIAN_POINT ( 'NONE',  ( 0.5368146337683330500, 1.343669074743377000, 0.4700000000000000300 ) ) ;
#487 = FILL_AREA_STYLE ('',( #1178 ) ) ;
#488 = CARTESIAN_POINT ( 'NONE',  ( 0.07512636386565972600, 1.110785259353840100, 0.4600000000000000200 ) ) ;
#489 = CARTESIAN_POINT ( 'NONE',  ( -0.2708175023820599300, 1.114884151896459800, 0.4600000000000000200 ) ) ;
#490 = DIRECTION ( 'NONE',  ( 0.0000000000000000000, -0.0000000000000000000, -1.000000000000000000 ) ) ;
#491 = VECTOR ( 'NONE', #4597, 1000.000000000000000 ) ;
#492 = VERTEX_POINT ( 'NONE', #7861 ) ;
#493 = B_SPLINE_SURFACE_WITH_KNOTS ( 'NONE', 3, 1, ( 
 ( #2378, #3216 ),
 ( #4228, #8164 ),
 ( #9022, #3276 ),
 ( #5823, #4161 ) ),
 .UNSPECIFIED., .F., .F., .F.,
 ( 4, 4 ),
 ( 2, 2 ),
 ( 35.00000000000000000, 36.00000000000000000 ),
 ( 0.0000000000000000000, 1.000000000000000000 ),
 .UNSPECIFIED. ) ;
#494 = UNCERTAINTY_MEASURE_WITH_UNIT (LENGTH_MEASURE( 1.000000000000000100E-005 ), #6312, 'distance_accuracy_value', 'NONE');
#495 = LINE ( 'NONE', #1564, #83 ) ;
#496 = VERTEX_POINT ( 'NONE', #7896 ) ;
#497 = CARTESIAN_POINT ( 'NONE',  ( 0.6047804158017304800, 1.241631981336718300, 0.4700000000000000300 ) ) ;
#498 = ORIENTED_EDGE ( 'NONE', *, *, #7144, .T. ) ;
#499 = ADVANCED_FACE ( 'NONE', ( #10252 ), #10398, .T. ) ;
#500 = CARTESIAN_POINT ( 'NONE',  ( 0.1249999999999998900, -1.500999999999999900, -0.04000000000000000100 ) ) ;
#501 = CARTESIAN_POINT ( 'NONE',  ( 0.8749999999999998900, 1.500999999999999900, 0.1000000000000000100 ) ) ;
#502 = CARTESIAN_POINT ( 'NONE',  ( -0.1937589292518336100, 1.004214897581257300, 0.4600000000000000200 ) ) ;
#503 = CARTESIAN_POINT ( 'NONE',  ( 0.8749999999999998900, -1.101000000000000000, -0.04000000000000000100 ) ) ;
#504 = B_SPLINE_CURVE_WITH_KNOTS ( 'NONE', 3,
 ( #502, #426, #3882, #1508 ),
 .UNSPECIFIED., .F., .F.,
 ( 4, 4 ),
 ( 10.00000000000000000, 11.00000000000000000 ),
 .UNSPECIFIED. ) ;
#505 = CARTESIAN_POINT ( 'NONE',  ( 0.6571547413306169100, 1.338363853248858200, 0.4700000000000000300 ) ) ;
#506 = CARTESIAN_POINT ( 'NONE',  ( 0.2606778549914534600, 1.071864893519934900, 0.4600000000000000200 ) ) ;
#507 = ORIENTED_EDGE ( 'NONE', *, *, #8217, .T. ) ;
#508 = EDGE_LOOP ( 'NONE', ( #8152, #2500, #7205, #6844 ) ) ;
#509 = ORIENTED_EDGE ( 'NONE', *, *, #304, .F. ) ;
#510 = DIRECTION ( 'NONE',  ( -1.000000000000000000, -0.0000000000000000000, -0.0000000000000000000 ) ) ;
#511 = CARTESIAN_POINT ( 'NONE',  ( 0.7229100144066523700, 1.142660127015293400, 0.4600000000000000200 ) ) ;
#512 =( NAMED_UNIT ( * ) SI_UNIT ( $, .STERADIAN. ) SOLID_ANGLE_UNIT ( ) );
#513 = B_SPLINE_SURFACE_WITH_KNOTS ( 'NONE', 3, 1, ( 
 ( #1940, #236 ),
 ( #8401, #6008 ),
 ( #2719, #3539 ),
 ( #10138, #5227 ) ),
 .UNSPECIFIED., .F., .F., .F.,
 ( 4, 4 ),
 ( 2, 2 ),
 ( 12.00000000000000000, 13.00000000000000000 ),
 ( 0.0000000000000000000, 1.000000000000000000 ),
 .UNSPECIFIED. ) ;
#514 = CARTESIAN_POINT ( 'NONE',  ( 0.1249999999999998900, -1.500000000000000000, 0.1000000000000000100 ) ) ;
#515 = LINE ( 'NONE', #2067, #3600 ) ;
#516 = CARTESIAN_POINT ( 'NONE',  ( 0.5827342731476982100, 1.314726144146789500, 0.4700000000000000300 ) ) ;
#517 = CARTESIAN_POINT ( 'NONE',  ( -0.3200038376330879300, 1.190303205535364800, 0.4600000000000000200 ) ) ;
#518 = EDGE_CURVE ( 'NONE', #6360, #444, #6918, .T. ) ;
#519 = ORIENTED_EDGE ( 'NONE', *, *, #2628, .F. ) ;
#520 = VECTOR ( 'NONE', #8960, 1000.000000000000000 ) ;
#521 = STYLED_ITEM ( 'NONE', ( #7133 ), #2149 ) ;
#522 = ORIENTED_EDGE ( 'NONE', *, *, #4909, .T. ) ;
#523 = DIRECTION ( 'NONE',  ( 1.128396311045737700E-014, -1.000000000000000000, -0.0000000000000000000 ) ) ;
#524 = AXIS2_PLACEMENT_3D ( 'NONE', #6024, #1155, #846 ) ;
#525 = DIRECTION ( 'NONE',  ( 0.0000000000000000000, -0.0000000000000000000, 1.000000000000000000 ) ) ;
#526 = CARTESIAN_POINT ( 'NONE',  ( 0.1013590822543245200, 1.073895539187008400, 0.4700000000000000300 ) ) ;
#527 = VECTOR ( 'NONE', #9416, 1000.000000000000000 ) ;
#528 = CARTESIAN_POINT ( 'NONE',  ( 0.7427751215583920900, 1.099982567439006500, 0.4700000000000000300 ) ) ;
#529 = CARTESIAN_POINT ( 'NONE',  ( 0.5495471653550254600, 1.141068560567252600, 0.4700000000000000300 ) ) ;
#530 = ADVANCED_FACE ( 'NONE', ( #5611 ), #2887, .F. ) ;
#531 = CARTESIAN_POINT ( 'NONE',  ( -0.1626075898475035600, 1.068157095881235200, 0.4600000000000000200 ) ) ;
#532 = CARTESIAN_POINT ( 'NONE',  ( -0.001932209264175819900, 1.058319853848341400, 0.4600000000000000200 ) ) ;
#533 = EDGE_CURVE ( 'NONE', #7452, #10448, #10242, .T. ) ;
#534 = ORIENTED_EDGE ( 'NONE', *, *, #10191, .T. ) ;
#535 = AXIS2_PLACEMENT_3D ( 'NONE', #7674, #3697, #7786 ) ;
#536 = EDGE_CURVE ( 'NONE', #8688, #1543, #4839, .T. ) ;
#537 = LINE ( 'NONE', #6780, #4373 ) ;
#538 = FACE_OUTER_BOUND ( 'NONE', #2220, .T. ) ;
#539 = DIRECTION ( 'NONE',  ( -0.0000000000000000000, -0.0000000000000000000, -1.000000000000000000 ) ) ;
#540 = CARTESIAN_POINT ( 'NONE',  ( 0.4074556496666246800, 1.126154993477481900, 0.4700000000000000300 ) ) ;
#541 = VERTEX_POINT ( 'NONE', #4958 ) ;
#542 = VECTOR ( 'NONE', #6326, 1000.000000000000000 ) ;
#543 = DIRECTION ( 'NONE',  ( 0.0000000000000000000, 1.000000000000000000, 0.0000000000000000000 ) ) ;
#544 = ORIENTED_EDGE ( 'NONE', *, *, #9526, .T. ) ;
#545 = CARTESIAN_POINT ( 'NONE',  ( 0.7253857844376375700, 1.158752632215126500, 0.4600000000000000200 ) ) ;
#546 = DIRECTION ( 'NONE',  ( -1.000000000000000000, 0.0000000000000000000, 0.0000000000000000000 ) ) ;
#547 = EDGE_CURVE ( 'NONE', #6675, #389, #8559, .T. ) ;
#548 = EDGE_CURVE ( 'NONE', #9674, #8938, #3074, .T. ) ;
#549 = VERTEX_POINT ( 'NONE', #1708 ) ;
#550 = VECTOR ( 'NONE', #6937, 1000.000000000000000 ) ;
#551 = DIRECTION ( 'NONE',  ( -0.0000000000000000000, 1.000000000000000000, -0.0000000000000000000 ) ) ;
#552 = ORIENTED_EDGE ( 'NONE', *, *, #8941, .T. ) ;
#553 = VECTOR ( 'NONE', #5287, 1000.000000000000000 ) ;
#554 = CARTESIAN_POINT ( 'NONE',  ( 0.4768361574306017600, 1.293564205074917700, 0.4700000000000000300 ) ) ;
#555 = CARTESIAN_POINT ( 'NONE',  ( 0.5651091484052523900, 1.058719733595268900, 0.4700000000000000300 ) ) ;
#556 = DIRECTION ( 'NONE',  ( 0.0000000000000000000, 0.0000000000000000000, 1.000000000000000000 ) ) ;
#557 =( NAMED_UNIT ( * ) PLANE_ANGLE_UNIT ( ) SI_UNIT ( $, .RADIAN. ) );
#558 = CARTESIAN_POINT ( 'NONE',  ( -0.6500000000000000200, -0.7500000000000000000, 0.0000000000000000000 ) ) ;
#559 = DIRECTION ( 'NONE',  ( -1.000000000000000000, 0.0000000000000000000, 0.0000000000000000000 ) ) ;
#560 = ORIENTED_EDGE ( 'NONE', *, *, #10091, .T. ) ;
#561 = CARTESIAN_POINT ( 'NONE',  ( -0.3577133859521229900, 1.257524489724944000, 0.4600000000000000200 ) ) ;
#562 = VECTOR ( 'NONE', #775, 1000.000000000000000 ) ;
#563 = CARTESIAN_POINT ( 'NONE',  ( 0.8749999999999998900, 1.500999999999999900, 0.1000000000000000100 ) ) ;
#564 = ORIENTED_EDGE ( 'NONE', *, *, #7299, .F. ) ;
#565 = CARTESIAN_POINT ( 'NONE',  ( 0.5120864069151174200, 1.079056415989621200, 0.4700000000000000300 ) ) ;
#566 = EDGE_CURVE ( 'NONE', #6923, #6420, #3870, .T. ) ;
#567 = DIRECTION ( 'NONE',  ( -0.0000000000000000000, -0.0000000000000000000, -1.000000000000000000 ) ) ;
#568 = ORIENTED_EDGE ( 'NONE', *, *, #8508, .F. ) ;
#569 = CARTESIAN_POINT ( 'NONE',  ( 0.6489021745624993200, 1.058719733595270100, 0.4600000000000000200 ) ) ;
#570 = ORIENTED_EDGE ( 'NONE', *, *, #2232, .T. ) ;
#571 = PLANE ( 'NONE',  #2508 ) ;
#572 = FACE_OUTER_BOUND ( 'NONE', #7820, .T. ) ;
#573 = EDGE_CURVE ( 'NONE', #4565, #2156, #9850, .T. ) ;
#574 = ORIENTED_EDGE ( 'NONE', *, *, #1747, .T. ) ;
#575 = LINE ( 'NONE', #7197, #2853 ) ;
#576 = SURFACE_STYLE_USAGE ( .BOTH. , #1481 ) ;
#577 = CARTESIAN_POINT ( 'NONE',  ( 0.4074556496666246800, 1.126154993477481900, 0.4600000000000000200 ) ) ;
#578 = EDGE_LOOP ( 'NONE', ( #3162, #5846, #10206, #6019, #1320, #5580 ) ) ;
#579 = CARTESIAN_POINT ( 'NONE',  ( 0.3378393542805469000, 1.140420144606789400, 0.4600000000000000200 ) ) ;
#580 = B_SPLINE_CURVE_WITH_KNOTS ( 'NONE', 3,
 ( #2366, #5858, #2328, #3201 ),
 .UNSPECIFIED., .F., .F.,
 ( 4, 4 ),
 ( 4.000000000000000000, 5.000000000000000000 ),
 .UNSPECIFIED. ) ;
#581 = CARTESIAN_POINT ( 'NONE',  ( 0.6637862681987661800, 1.071864893519937300, 0.4700000000000000300 ) ) ;
#582 = EDGE_CURVE ( 'NONE', #2205, #2183, #10053, .T. ) ;
#583 = VERTEX_POINT ( 'NONE', #1739 ) ;
#584 = ADVANCED_FACE ( 'NONE', ( #5103 ), #3289, .T. ) ;
#585 = EDGE_LOOP ( 'NONE', ( #5320, #8846, #7546, #7976 ) ) ;
#586 = LINE ( 'NONE', #4499, #4181 ) ;
#587 = CARTESIAN_POINT ( 'NONE',  ( -0.2199916320041912800, 1.319827176352346600, 0.4700000000000000300 ) ) ;
#588 = DIRECTION ( 'NONE',  ( -0.0000000000000000000, -0.0000000000000000000, -1.000000000000000000 ) ) ;
#589 = CARTESIAN_POINT ( 'NONE',  ( -0.7500000000000000000, -0.6500000000000000200, -0.02000000000000000000 ) ) ;
#590 = STYLED_ITEM ( 'NONE', ( #1301 ), #499 ) ;
#591 = DIRECTION ( 'NONE',  ( -1.000000000000000000, 0.0000000000000000000, -0.0000000000000000000 ) ) ;
#592 = VERTEX_POINT ( 'NONE', #4992 ) ;
#593 = VECTOR ( 'NONE', #10643, 1000.000000000000000 ) ;
#594 = EDGE_CURVE ( 'NONE', #2086, #4849, #1912, .T. ) ;
#595 = EDGE_LOOP ( 'NONE', ( #7961, #4618, #2096, #10159 ) ) ;
#596 = LINE ( 'NONE', #4510, #4923 ) ;
#597 = CARTESIAN_POINT ( 'NONE',  ( 0.7427751215583920900, 1.117843479803158500, 0.4600000000000000200 ) ) ;
#598 = SURFACE_STYLE_USAGE ( .BOTH. , #1402 ) ;
#599 = DIRECTION ( 'NONE',  ( -0.0000000000000000000, -0.0000000000000000000, -1.000000000000000000 ) ) ;
#600 = CARTESIAN_POINT ( 'NONE',  ( 0.5495471653550254600, 1.141068560567252600, 0.4700000000000000300 ) ) ;
#601 = CARTESIAN_POINT ( 'NONE',  ( 0.4487184835111486200, 1.101986762225804200, 0.4600000000000000200 ) ) ;
#602 = ORIENTED_EDGE ( 'NONE', *, *, #1907, .F. ) ;
#603 = EDGE_CURVE ( 'NONE', #10161, #6856, #6124, .T. ) ;
#604 = B_SPLINE_SURFACE_WITH_KNOTS ( 'NONE', 3, 1, ( 
 ( #5481, #4688 ),
 ( #4021, #7977 ),
 ( #9713, #4816 ),
 ( #10552, #2200 ) ),
 .UNSPECIFIED., .F., .F., .F.,
 ( 4, 4 ),
 ( 2, 2 ),
 ( 1.000000000000000000, 2.000000000000000000 ),
 ( 0.0000000000000000000, 1.000000000000000000 ),
 .UNSPECIFIED. ) ;
#605 = VERTEX_POINT ( 'NONE', #6752 ) ;
#606 = VECTOR ( 'NONE', #2702, 1000.000000000000000 ) ;
#607 = DIRECTION ( 'NONE',  ( -1.000000000000000000, 0.0000000000000000000, 0.0000000000000000000 ) ) ;
#608 = EDGE_CURVE ( 'NONE', #7042, #3145, #7814, .T. ) ;
#609 = ADVANCED_FACE ( 'NONE', ( #3992 ), #6343, .T. ) ;
#610 = CARTESIAN_POINT ( 'NONE',  ( 0.7253857844376375700, 1.074871185699745300, 0.4700000000000000300 ) ) ;
#611 = DIRECTION ( 'NONE',  ( -0.0000000000000000000, 1.000000000000000000, -0.0000000000000000000 ) ) ;
#612 = FILL_AREA_STYLE ('',( #2103 ) ) ;
#613 = FACE_OUTER_BOUND ( 'NONE', #432, .T. ) ;
#614 = ORIENTED_EDGE ( 'NONE', *, *, #4942, .T. ) ;
#615 = CARTESIAN_POINT ( 'NONE',  ( 0.3362772612852169600, 1.081944814358577500, 0.4700000000000000300 ) ) ;
#616 = CARTESIAN_POINT ( 'NONE',  ( 0.3477424344033106000, 1.056774485713890800, 0.4600000000000000200 ) ) ;
#617 = MECHANICAL_DESIGN_GEOMETRIC_PRESENTATION_REPRESENTATION (  '', ( #8618 ), #1689 ) ;
#618 = ORIENTED_EDGE ( 'NONE', *, *, #6744, .T. ) ;
#619 = AXIS2_PLACEMENT_3D ( 'NONE', #6632, #2586, #5766 ) ;
#620 = DIRECTION ( 'NONE',  ( -0.9434452330799557600, 0.3315284183576245300, 0.0000000000000000000 ) ) ;
#621 = CARTESIAN_POINT ( 'NONE',  ( 0.0000000000000000000, 0.0000000000000000000, 0.4700000000000000300 ) ) ;
#622 = LINE ( 'NONE', #558, #10212 ) ;
#623 = ORIENTED_EDGE ( 'NONE', *, *, #5302, .T. ) ;
#624 = B_SPLINE_SURFACE_WITH_KNOTS ( 'NONE', 3, 1, ( 
 ( #3291, #3156 ),
 ( #4830, #8860 ),
 ( #2426, #6533 ),
 ( #9833, #8112 ) ),
 .UNSPECIFIED., .F., .F., .F.,
 ( 4, 4 ),
 ( 2, 2 ),
 ( 17.00000000000000000, 18.00000000000000000 ),
 ( 0.0000000000000000000, 1.000000000000000000 ),
 .UNSPECIFIED. ) ;
#625 = LINE ( 'NONE', #6302, #4714 ) ;
#626 = CARTESIAN_POINT ( 'NONE',  ( 0.6812050787714428700, 1.160756827001928200, 0.4700000000000000300 ) ) ;
#627 = FILL_AREA_STYLE_COLOUR ( '', #5716 ) ;
#628 = CARTESIAN_POINT ( 'NONE',  ( -0.6250000000000001100, -1.101000000000000000, 0.0000000000000000000 ) ) ;
#629 = EDGE_CURVE ( 'NONE', #3463, #5705, #2292, .T. ) ;
#630 = CARTESIAN_POINT ( 'NONE',  ( 0.6542663429616545300, 1.334119676053556500, 0.4600000000000000200 ) ) ;
#631 = EDGE_LOOP ( 'NONE', ( #5401, #4715, #7399, #9998 ) ) ;
#632 = VECTOR ( 'NONE', #8870, 1000.000000000000000 ) ;
#633 = CARTESIAN_POINT ( 'NONE',  ( -0.2093345989541941200, 1.333763303109905400, 0.4700000000000000300 ) ) ;
#634 =( LENGTH_UNIT ( ) NAMED_UNIT ( * ) SI_UNIT ( .MILLI., .METRE. ) );
#635 = CARTESIAN_POINT ( 'NONE',  ( 0.3580286694117305000, 1.142954861543203500, 0.4700000000000000300 ) ) ;
#636 = ORIENTED_EDGE ( 'NONE', *, *, #1106, .F. ) ;
#637 = UNCERTAINTY_MEASURE_WITH_UNIT (LENGTH_MEASURE( 1.000000000000000100E-005 ), #4337, 'distance_accuracy_value', 'NONE');
#638 = PRESENTATION_STYLE_ASSIGNMENT (( #2691 ) ) ;
#639 = EDGE_LOOP ( 'NONE', ( #8310, #9601, #5785, #10616 ) ) ;
#640 = CARTESIAN_POINT ( 'NONE',  ( 0.3749999999999998900, -1.101000000000000000, 0.1000000000000000100 ) ) ;
#641 = CARTESIAN_POINT ( 'NONE',  ( 0.8247113201916155300, 1.090256328032908100, 0.4600000000000000200 ) ) ;
#642 = ADVANCED_FACE ( 'NONE', ( #3738 ), #6510, .F. ) ;
#643 = CARTESIAN_POINT ( 'NONE',  ( 0.4395227662542640600, 1.105405682744374300, 0.4700000000000000300 ) ) ;
#644 = CARTESIAN_POINT ( 'NONE',  ( 0.6489021745624993200, 1.058719733595270100, 0.4700000000000000300 ) ) ;
#645 = EDGE_LOOP ( 'NONE', ( #2787, #5810, #704, #8182 ) ) ;
#646 = VECTOR ( 'NONE', #4652, 1000.000000000000000 ) ;
#647 = ORIENTED_EDGE ( 'NONE', *, *, #939, .F. ) ;
#648 = ORIENTED_EDGE ( 'NONE', *, *, #9338, .T. ) ;
#649 = CARTESIAN_POINT ( 'NONE',  ( 0.3877968566850573700, 1.058719733595268900, 0.4600000000000000200 ) ) ;
#650 = CARTESIAN_POINT ( 'NONE',  ( 0.2606778549914534600, 1.071864893519934900, 0.4700000000000000300 ) ) ;
#651 = DIRECTION ( 'NONE',  ( 1.000000000000000000, 0.0000000000000000000, 0.0000000000000000000 ) ) ;
#652 = FILL_AREA_STYLE ('',( #8039 ) ) ;
#653 = CARTESIAN_POINT ( 'NONE',  ( 0.3269341767647745400, 1.284191647102155100, 0.4700000000000000300 ) ) ;
#654 = VECTOR ( 'NONE', #2599, 1000.000000000000000 ) ;
#655 = PRESENTATION_STYLE_ASSIGNMENT (( #6724 ) ) ;
#656 = ORIENTED_EDGE ( 'NONE', *, *, #4405, .F. ) ;
#657 = CARTESIAN_POINT ( 'NONE',  ( 0.4827308479797703900, 1.241631981336718300, 0.4700000000000000300 ) ) ;
#658 = PRESENTATION_LAYER_ASSIGNMENT (  '', '', ( #5020 ) ) ;
#659 = CARTESIAN_POINT ( 'NONE',  ( 0.6370243731052528400, 1.286195841888956300, 0.4700000000000000300 ) ) ;
#660 = FILL_AREA_STYLE_COLOUR ( '', #2743 ) ;
#661 = EDGE_CURVE ( 'NONE', #549, #5526, #3331, .T. ) ;
#662 = CARTESIAN_POINT ( 'NONE',  ( 0.5983846765552801600, 1.300755727545389600, 0.4600000000000000200 ) ) ;
#663 = AXIS2_PLACEMENT_3D ( 'NONE', #3970, #7237, #2255 ) ;
#664 = VECTOR ( 'NONE', #9970, 1000.000000000000000 ) ;
#665 = ORIENTED_EDGE ( 'NONE', *, *, #1220, .F. ) ;
#666 = CARTESIAN_POINT ( 'NONE',  ( 0.4581499883897264300, 1.094736292850697800, 0.4600000000000000200 ) ) ;
#667 = AXIS2_PLACEMENT_3D ( 'NONE', #5543, #5609, #4807 ) ;
#668 = CARTESIAN_POINT ( 'NONE',  ( 0.3556707931919886300, 1.252949787190854400, 0.4700000000000000300 ) ) ;
#669 = DIRECTION ( 'NONE',  ( 1.000000000000000000, 0.0000000000000000000, 0.0000000000000000000 ) ) ;
#670 = CARTESIAN_POINT ( 'NONE',  ( 0.3279657476104935200, 1.341900667578275400, 0.4700000000000000300 ) ) ;
#671 = DIRECTION ( 'NONE',  ( -0.5048830486499483700, 0.8631877589412014800, 0.0000000000000000000 ) ) ;
#672 = CARTESIAN_POINT ( 'NONE',  ( 0.3382519826189163700, 1.265092849722512700, 0.4700000000000000300 ) ) ;
#673 = ORIENTED_EDGE ( 'NONE', *, *, #10363, .T. ) ;
#674 = LINE ( 'NONE', #8721, #6410 ) ;
#675 = EDGE_CURVE ( 'NONE', #2604, #2038, #8812, .T. ) ;
#676 = ORIENTED_EDGE ( 'NONE', *, *, #7171, .F. ) ;
#677 = LINE ( 'NONE', #8962, #8959 ) ;
#678 = VERTEX_POINT ( 'NONE', #5835 ) ;
#679 = ORIENTED_EDGE ( 'NONE', *, *, #1613, .T. ) ;
#680 =( NAMED_UNIT ( * ) PLANE_ANGLE_UNIT ( ) SI_UNIT ( $, .RADIAN. ) );
#681 = VERTEX_POINT ( 'NONE', #958 ) ;
#682 = CARTESIAN_POINT ( 'NONE',  ( 0.3792790288413440700, 1.252949787190854400, 0.4600000000000000200 ) ) ;
#683 = VECTOR ( 'NONE', #6518, 1000.000000000000000 ) ;
#684 = FILL_AREA_STYLE_COLOUR ( '', #695 ) ;
#685 = ORIENTED_EDGE ( 'NONE', *, *, #8125, .T. ) ;
#686 = FILL_AREA_STYLE ('',( #7360 ) ) ;
#687 = DIRECTION ( 'NONE',  ( 0.0000000000000000000, 0.0000000000000000000, 1.000000000000000000 ) ) ;
#688 = ORIENTED_EDGE ( 'NONE', *, *, #7796, .F. ) ;
#689 = EDGE_CURVE ( 'NONE', #2910, #10448, #5745, .T. ) ;
#690 = VERTEX_POINT ( 'NONE', #3476 ) ;
#691 = EDGE_CURVE ( 'NONE', #7000, #3322, #1166, .T. ) ;
#692 = VERTEX_POINT ( 'NONE', #2622 ) ;
#693 = CARTESIAN_POINT ( 'NONE',  ( 0.3382519826189163700, 1.265092849722512700, 0.4700000000000000300 ) ) ;
#694 = CARTESIAN_POINT ( 'NONE',  ( 0.7491708608032712200, 1.058719733595270100, 0.4700000000000000300 ) ) ;
#695 = COLOUR_RGB ( '',0.6666666666666666300, 0.6666666666666666300, 0.6666666666666666300 ) ;
#696 = B_SPLINE_SURFACE_WITH_KNOTS ( 'NONE', 3, 1, ( 
 ( #5077, #264 ),
 ( #3456, #299 ),
 ( #3574, #5930 ),
 ( #6002, #3493 ) ),
 .UNSPECIFIED., .F., .F., .F.,
 ( 4, 4 ),
 ( 2, 2 ),
 ( 5.000000000000000000, 6.000000000000000000 ),
 ( 0.0000000000000000000, 1.000000000000000000 ),
 .UNSPECIFIED. ) ;
#697 = CARTESIAN_POINT ( 'NONE',  ( -0.0002926897732482202800, 1.109145708590685100, 0.4700000000000000300 ) ) ;
#698 = PLANE ( 'NONE',  #3384 ) ;
#699 = B_SPLINE_CURVE_WITH_KNOTS ( 'NONE', 3,
 ( #5329, #1287, #2295, #10400 ),
 .UNSPECIFIED., .F., .F.,
 ( 4, 4 ),
 ( 3.000000000000000000, 4.000000000000000000 ),
 .UNSPECIFIED. ) ;
#700 = ORIENTED_EDGE ( 'NONE', *, *, #8027, .T. ) ;
#701 = LINE ( 'NONE', #3254, #935 ) ;
#702 = DIRECTION ( 'NONE',  ( 0.0000000000000000000, 1.000000000000000000, 0.0000000000000000000 ) ) ;
#703 = VERTEX_POINT ( 'NONE', #1069 ) ;
#704 = ORIENTED_EDGE ( 'NONE', *, *, #5164, .T. ) ;
#705 = VECTOR ( 'NONE', #1119, 1000.000000000000000 ) ;
#706 =( LENGTH_UNIT ( ) NAMED_UNIT ( * ) SI_UNIT ( .MILLI., .METRE. ) );
#707 = CARTESIAN_POINT ( 'NONE',  ( 0.7369688513669763200, 1.148554817564847900, 0.4600000000000000200 ) ) ;
#708 = EDGE_CURVE ( 'NONE', #5224, #5896, #1433, .T. ) ;
#709 = DIRECTION ( 'NONE',  ( -0.0000000000000000000, -0.0000000000000000000, -1.000000000000000000 ) ) ;
#710 = VERTEX_POINT ( 'NONE', #9240 ) ;
#711 = CARTESIAN_POINT ( 'NONE',  ( 0.3749999999999998900, -1.101000000000000000, 0.0000000000000000000 ) ) ;
#712 = CARTESIAN_POINT ( 'NONE',  ( 0.5809953394353111200, 1.341664879956576200, 0.4600000000000000200 ) ) ;
#713 = ORIENTED_EDGE ( 'NONE', *, *, #975, .T. ) ;
#714 = AXIS2_PLACEMENT_3D ( 'NONE', #156, #1098, #9123 ) ;
#715 = FACE_OUTER_BOUND ( 'NONE', #4157, .T. ) ;
#716 = LINE ( 'NONE', #2664, #7743 ) ;
#717 = ORIENTED_EDGE ( 'NONE', *, *, #2677, .F. ) ;
#718 = LINE ( 'NONE', #9258, #1601 ) ;
#719 = CARTESIAN_POINT ( 'NONE',  ( 0.6489021745624993200, 1.058719733595270100, 0.4600000000000000200 ) ) ;
#720 = PLANE ( 'NONE',  #6319 ) ;
#721 = DIRECTION ( 'NONE',  ( -1.000000000000000000, -0.0000000000000000000, -0.0000000000000000000 ) ) ;
#722 = ORIENTED_EDGE ( 'NONE', *, *, #7454, .T. ) ;
#723 = COLOUR_RGB ( '',0.6666666666666666300, 0.6666666666666666300, 0.6666666666666666300 ) ;
#724 = DIRECTION ( 'NONE',  ( -0.0000000000000000000, -0.0000000000000000000, -1.000000000000000000 ) ) ;
#725 = VECTOR ( 'NONE', #588, 1000.000000000000000 ) ;
#726 = EDGE_CURVE ( 'NONE', #9409, #4399, #6638, .T. ) ;
#727 = CARTESIAN_POINT ( 'NONE',  ( -0.2265498037833977300, 1.320646951733529500, 0.4600000000000000200 ) ) ;
#728 = ORIENTED_EDGE ( 'NONE', *, *, #1240, .T. ) ;
#729 = LINE ( 'NONE', #4500, #4564 ) ;
#730 = DIRECTION ( 'NONE',  ( 0.3897582650654818900, 0.9209172030172666500, 0.0000000000000000000 ) ) ;
#731 = FILL_AREA_STYLE_COLOUR ( '', #361 ) ;
#732 = CARTESIAN_POINT ( 'NONE',  ( 0.3296752078697817200, 1.121262400321720600, 0.4700000000000000300 ) ) ;
#733 = CARTESIAN_POINT ( 'NONE',  ( 0.07512636386565972600, 1.060779164356763700, 0.4700000000000000300 ) ) ;
#734 = ORIENTED_EDGE ( 'NONE', *, *, #2410, .F. ) ;
#735 = EDGE_CURVE ( 'NONE', #917, #4524, #2807, .T. ) ;
#736 = AXIS2_PLACEMENT_3D ( 'NONE', #8828, #6438, #4219 ) ;
#737 = EDGE_CURVE ( 'NONE', #389, #7226, #2047, .T. ) ;
#738 = AXIS2_PLACEMENT_3D ( 'NONE', #7208, #1435, #10504 ) ;
#739 = LINE ( 'NONE', #5141, #1108 ) ;
#740 = ORIENTED_EDGE ( 'NONE', *, *, #8841, .F. ) ;
#741 = CARTESIAN_POINT ( 'NONE',  ( 0.2606778549914503000, 1.254777141261381100, 0.4600000000000000200 ) ) ;
#742 = EDGE_CURVE ( 'NONE', #2938, #1650, #1904, .T. ) ;
#743 = SURFACE_STYLE_USAGE ( .BOTH. , #10501 ) ;
#744 = ORIENTED_EDGE ( 'NONE', *, *, #8231, .T. ) ;
#745 = ADVANCED_FACE ( 'NONE', ( #4971 ), #2814, .F. ) ;
#746 = CARTESIAN_POINT ( 'NONE',  ( -0.1937589136159163500, 1.168989123799456100, 0.4600000000000000200 ) ) ;
#747 = VECTOR ( 'NONE', #9253, 1000.000000000000000 ) ;
#748 = LINE ( 'NONE', #4873, #10474 ) ;
#749 = EDGE_LOOP ( 'NONE', ( #3583, #5663, #8126, #8270, #7596, #4279, #5734, #1790, #4233, #2218, #6378, #7952, #9274, #1991, #10328 ) ) ;
#750 = LINE ( 'NONE', #8933, #1124 ) ;
#751 = PLANE ( 'NONE',  #7645 ) ;
#752 = ORIENTED_EDGE ( 'NONE', *, *, #9499, .T. ) ;
#753 = DIRECTION ( 'NONE',  ( -0.0000000000000000000, -0.0000000000000000000, -1.000000000000000000 ) ) ;
#754 = SURFACE_SIDE_STYLE ('',( #10263 ) ) ;
#755 = CARTESIAN_POINT ( 'NONE',  ( -0.6250000000000001100, 1.500000000000000000, 0.0000000000000000000 ) ) ;
#756 = VECTOR ( 'NONE', #5007, 1000.000000000000000 ) ;
#757 = AXIS2_PLACEMENT_3D ( 'NONE', #1923, #9397, #5992 ) ;
#758 = ORIENTED_EDGE ( 'NONE', *, *, #7880, .T. ) ;
#759 = ORIENTED_EDGE ( 'NONE', *, *, #3685, .F. ) ;
#760 = ORIENTED_EDGE ( 'NONE', *, *, #3902, .F. ) ;
#761 = DIRECTION ( 'NONE',  ( 1.000000000000000000, 0.0000000000000000000, 0.0000000000000000000 ) ) ;
#762 = DIRECTION ( 'NONE',  ( -0.0000000000000000000, 0.0000000000000000000, 1.000000000000000000 ) ) ;
#763 = DIRECTION ( 'NONE',  ( 0.0000000000000000000, 0.0000000000000000000, -1.000000000000000000 ) ) ;
#764 = CARTESIAN_POINT ( 'NONE',  ( 0.5983846765552801600, 1.300755727545389600, 0.4700000000000000300 ) ) ;
#765 = CARTESIAN_POINT ( 'NONE',  ( -0.7500000000000000000, -0.6500000000000000200, -0.02000000000000000000 ) ) ;
#766 = B_SPLINE_CURVE_WITH_KNOTS ( 'NONE', 3,
 ( #6425, #7259, #5799, #9936 ),
 .UNSPECIFIED., .F., .F.,
 ( 4, 4 ),
 ( 11.00000000000000000, 12.00000000000000000 ),
 .UNSPECIFIED. ) ;
#767 = UNCERTAINTY_MEASURE_WITH_UNIT (LENGTH_MEASURE( 1.000000000000000100E-005 ), #7647, 'distance_accuracy_value', 'NONE');
#768 = EDGE_CURVE ( 'NONE', #2051, #7566, #8418, .T. ) ;
#769 = EDGE_LOOP ( 'NONE', ( #3755, #10365, #8827, #1591, #816, #6273, #8100, #354, #8954, #9838, #10385, #4289, #8214, #9883, #4024, #3666, #247, #3496, #3486, #2956 ) ) ;
#770 = ADVANCED_FACE ( 'NONE', ( #4616 ), #1957, .F. ) ;
#771 = ORIENTED_EDGE ( 'NONE', *, *, #726, .F. ) ;
#772 = CARTESIAN_POINT ( 'NONE',  ( 0.07020774284960168400, 1.280478106588094100, 0.4700000000000000300 ) ) ;
#773 = DIRECTION ( 'NONE',  ( -0.0000000000000000000, -0.0000000000000000000, 1.000000000000000000 ) ) ;
#774 = VECTOR ( 'NONE', #2198, 1000.000000000000000 ) ;
#775 = DIRECTION ( 'NONE',  ( -0.0000000000000000000, -0.0000000000000000000, -1.000000000000000000 ) ) ;
#776 = ORIENTED_EDGE ( 'NONE', *, *, #7002, .T. ) ;
#777 = VECTOR ( 'NONE', #6254, 1000.000000000000000 ) ;
#778 = CARTESIAN_POINT ( 'NONE',  ( 0.4549079085878258200, 1.098391000990963000, 0.4700000000000000300 ) ) ;
#779 = SURFACE_SIDE_STYLE ('',( #10327 ) ) ;
#780 = ORIENTED_EDGE ( 'NONE', *, *, #573, .T. ) ;
#781 = DIRECTION ( 'NONE',  ( 0.0000000000000000000, -1.000000000000000000, 0.0000000000000000000 ) ) ;
#782 = AXIS2_PLACEMENT_3D ( 'NONE', #4154, #1624, #902 ) ;
#783 = LINE ( 'NONE', #1211, #8428 ) ;
#784 = DIRECTION ( 'NONE',  ( 0.0000000000000000000, 0.0000000000000000000, -1.000000000000000000 ) ) ;
#785 = EDGE_CURVE ( 'NONE', #9238, #8297, #515, .T. ) ;
#786 = VECTOR ( 'NONE', #9984, 1000.000000000000000 ) ;
#787 = CARTESIAN_POINT ( 'NONE',  ( 0.3019112153832579900, 1.123856064163555800, 0.4600000000000000200 ) ) ;
#788 = ORIENTED_EDGE ( 'NONE', *, *, #100, .F. ) ;
#789 = CARTESIAN_POINT ( 'NONE',  ( 0.4704993650903677700, 1.141068560567251300, 0.4700000000000000300 ) ) ;
#790 = DIRECTION ( 'NONE',  ( 0.0000000000000000000, 0.0000000000000000000, -1.000000000000000000 ) ) ;
#791 = CARTESIAN_POINT ( 'NONE',  ( 0.3877968566850573700, 1.058719733595268900, 0.4700000000000000300 ) ) ;
#792 = LINE ( 'NONE', #9159, #6523 ) ;
#793 = FACE_OUTER_BOUND ( 'NONE', #1016, .T. ) ;
#794 = CARTESIAN_POINT ( 'NONE',  ( -0.2322882158169462300, 1.321466719296756000, 0.4700000000000000300 ) ) ;
#795 = VERTEX_POINT ( 'NONE', #3706 ) ;
#796 = VECTOR ( 'NONE', #1420, 1000.000000000000000 ) ;
#797 = DIRECTION ( 'NONE',  ( -1.000000000000000000, 0.0000000000000000000, 0.0000000000000000000 ) ) ;
#798 = EDGE_CURVE ( 'NONE', #2876, #2819, #7666, .T. ) ;
#799 = ORIENTED_EDGE ( 'NONE', *, *, #7443, .F. ) ;
#800 = CARTESIAN_POINT ( 'NONE',  ( 0.03003888988581057300, 1.236210407989039900, 0.4600000000000000200 ) ) ;
#801 = CARTESIAN_POINT ( 'NONE',  ( 0.4223397433032848900, 1.116841382410142600, 0.4600000000000000200 ) ) ;
#802 = CARTESIAN_POINT ( 'NONE',  ( 0.1013590822543245200, 1.073895539187008400, 0.4700000000000000300 ) ) ;
#803 = CARTESIAN_POINT ( 'NONE',  ( -0.04456037273638800000, 1.387868275012904300, 0.4600000000000000200 ) ) ;
#804 = EDGE_CURVE ( 'NONE', #5268, #6705, #7414, .T. ) ;
#805 = AXIS2_PLACEMENT_3D ( 'NONE', #5871, #4911, #4947 ) ;
#806 = AXIS2_PLACEMENT_3D ( 'NONE', #371, #5969, #5185 ) ;
#807 = VERTEX_POINT ( 'NONE', #6934 ) ;
#808 = LINE ( 'NONE', #3516, #5638 ) ;
#809 = FACE_OUTER_BOUND ( 'NONE', #4168, .T. ) ;
#810 = B_SPLINE_CURVE_WITH_KNOTS ( 'NONE', 3,
 ( #9525, #9666, #1469, #3907 ),
 .UNSPECIFIED., .F., .F.,
 ( 4, 4 ),
 ( 12.00000000000000000, 13.00000000000000000 ),
 .UNSPECIFIED. ) ;
#811 = CARTESIAN_POINT ( 'NONE',  ( -0.2199916320041912800, 1.319827176352346600, 0.4700000000000000300 ) ) ;
#812 = CARTESIAN_POINT ( 'NONE',  ( 0.3877968566850573700, 1.111713001631901500, 0.4600000000000000200 ) ) ;
#813 = ORIENTED_EDGE ( 'NONE', *, *, #2364, .T. ) ;
#814 = CARTESIAN_POINT ( 'NONE',  ( 0.7500000000000000000, -0.7500000000000000000, -0.02000000000000000000 ) ) ;
#815 = VECTOR ( 'NONE', #3340, 1000.000000000000000 ) ;
#816 = ORIENTED_EDGE ( 'NONE', *, *, #7033, .F. ) ;
#817 = CARTESIAN_POINT ( 'NONE',  ( 0.5368146337683330500, 1.343669074743377000, 0.4700000000000000300 ) ) ;
#818 = VERTEX_POINT ( 'NONE', #1184 ) ;
#819 = CARTESIAN_POINT ( 'NONE',  ( 0.7253857844376375700, 1.074871185699745300, 0.4700000000000000300 ) ) ;
#820 = ORIENTED_EDGE ( 'NONE', *, *, #8785, .T. ) ;
#821 =( LENGTH_UNIT ( ) NAMED_UNIT ( * ) SI_UNIT ( .MILLI., .METRE. ) );
#822 = CARTESIAN_POINT ( 'NONE',  ( 0.3749999999999998900, -1.101000000000000000, -0.04000000000000000100 ) ) ;
#823 = LINE ( 'NONE', #10516, #8104 ) ;
#824 = CARTESIAN_POINT ( 'NONE',  ( 0.8247113201916155300, 1.090256328032908100, 0.4700000000000000300 ) ) ;
#825 = ORIENTED_EDGE ( 'NONE', *, *, #4361, .F. ) ;
#826 = VECTOR ( 'NONE', #3518, 1000.000000000000000 ) ;
#827 = EDGE_CURVE ( 'NONE', #4374, #6148, #6765, .T. ) ;
#828 = DIRECTION ( 'NONE',  ( 0.0000000000000000000, -0.0000000000000000000, 1.000000000000000000 ) ) ;
#829 = EDGE_LOOP ( 'NONE', ( #166, #848, #6725, #4347 ) ) ;
#830 = LINE ( 'NONE', #1900, #9252 ) ;
#831 = CARTESIAN_POINT ( 'NONE',  ( 0.4734761838178589400, 1.021111607891017800, 0.4600000000000000200 ) ) ;
#832 = B_SPLINE_SURFACE_WITH_KNOTS ( 'NONE', 3, 1, ( 
 ( #2431, #4082 ),
 ( #8970, #10640 ),
 ( #839, #6541 ),
 ( #7379, #9039 ) ),
 .UNSPECIFIED., .F., .F., .F.,
 ( 4, 4 ),
 ( 2, 2 ),
 ( 11.00000000000000000, 12.00000000000000000 ),
 ( 0.0000000000000000000, 1.000000000000000000 ),
 .UNSPECIFIED. ) ;
#833 = COLOUR_RGB ( '',0.6666666666666666300, 0.6666666666666666300, 0.6666666666666666300 ) ;
#834 = B_SPLINE_CURVE_WITH_KNOTS ( 'NONE', 3,
 ( #9904, #9063, #4143, #5836 ),
 .UNSPECIFIED., .F., .F.,
 ( 4, 4 ),
 ( 26.00000000000000000, 27.00000000000000000 ),
 .UNSPECIFIED. ) ;
#835 = ORIENTED_EDGE ( 'NONE', *, *, #3200, .F. ) ;
#836 = COLOUR_RGB ( '',0.6666666666666666300, 0.6666666666666666300, 0.6666666666666666300 ) ;
#837 = ORIENTED_EDGE ( 'NONE', *, *, #9495, .F. ) ;
#838 = FACE_OUTER_BOUND ( 'NONE', #1202, .T. ) ;
#839 = CARTESIAN_POINT ( 'NONE',  ( 0.4334512349888303100, 1.131224427350304900, 0.4700000000000000300 ) ) ;
#840 = FILL_AREA_STYLE_COLOUR ( '', #3113 ) ;
#841 = CARTESIAN_POINT ( 'NONE',  ( 0.8005430889399329800, 1.159283154363951900, 0.4700000000000000300 ) ) ;
#842 = DIRECTION ( 'NONE',  ( 1.000000000000000000, 0.0000000000000000000, 0.0000000000000000000 ) ) ;
#843 = EDGE_LOOP ( 'NONE', ( #7378, #6066, #10024, #4531 ) ) ;
#844 = VERTEX_POINT ( 'NONE', #4543 ) ;
#845 = CARTESIAN_POINT ( 'NONE',  ( 0.5925784063646480900, 1.331467065306295000, 0.4700000000000000300 ) ) ;
#846 = DIRECTION ( 'NONE',  ( 0.0000000000000000000, 0.0000000000000000000, -1.000000000000000000 ) ) ;
#847 = CARTESIAN_POINT ( 'NONE',  ( 0.8008967703732692300, 1.159283154363951900, 0.4600000000000000200 ) ) ;
#848 = ORIENTED_EDGE ( 'NONE', *, *, #10224, .F. ) ;
#849 = ADVANCED_FACE ( 'NONE', ( #1421 ), #7684, .F. ) ;
#850 = FACE_OUTER_BOUND ( 'NONE', #945, .T. ) ;
#851 = CARTESIAN_POINT ( 'NONE',  ( -0.2117939250981358500, 1.117343431132259900, 0.4600000000000000200 ) ) ;
#852 = DIRECTION ( 'NONE',  ( -0.0000000000000000000, -0.0000000000000000000, -1.000000000000000000 ) ) ;
#853 = ORIENTED_EDGE ( 'NONE', *, *, #84, .T. ) ;
#854 = SURFACE_STYLE_FILL_AREA ( #2035 ) ;
#855 = EDGE_CURVE ( 'NONE', #6125, #3404, #2796, .T. ) ;
#856 = AXIS2_PLACEMENT_3D ( 'NONE', #3604, #330, #5414 ) ;
#857 = CARTESIAN_POINT ( 'NONE',  ( 0.4074556496666271700, 1.118845577196947200, 0.4700000000000000300 ) ) ;
#858 =( NAMED_UNIT ( * ) PLANE_ANGLE_UNIT ( ) SI_UNIT ( $, .RADIAN. ) );
#859 = LINE ( 'NONE', #1321, #1880 ) ;
#860 = CARTESIAN_POINT ( 'NONE',  ( -0.2388463875961558100, 1.321466719296756000, 0.4600000000000000200 ) ) ;
#861 = ORIENTED_EDGE ( 'NONE', *, *, #10605, .F. ) ;
#862 = CARTESIAN_POINT ( 'NONE',  ( -1.000000000000000000, -1.500000000000000000, 0.0000000000000000000 ) ) ;
#863 = VECTOR ( 'NONE', #1611, 1000.000000000000000 ) ;
#864 = CARTESIAN_POINT ( 'NONE',  ( 0.3162353134175963600, 1.265918106399244000, 0.4700000000000000300 ) ) ;
#865 = ORIENTED_EDGE ( 'NONE', *, *, #3886, .T. ) ;
#866 = EDGE_CURVE ( 'NONE', #6281, #2257, #5476, .T. ) ;
#867 = VECTOR ( 'NONE', #8743, 1000.000000000000000 ) ;
#868 = LINE ( 'NONE', #10614, #7145 ) ;
#869 = CARTESIAN_POINT ( 'NONE',  ( 0.7500000000000000000, -0.7500000000000000000, -0.0000000000000000000 ) ) ;
#870 = VERTEX_POINT ( 'NONE', #8564 ) ;
#871 = FACE_OUTER_BOUND ( 'NONE', #5587, .T. ) ;
#872 = B_SPLINE_CURVE_WITH_KNOTS ( 'NONE', 3,
 ( #4901, #10538, #4808, #5610 ),
 .UNSPECIFIED., .F., .F.,
 ( 4, 4 ),
 ( 5.000000000000000000, 6.000000000000000000 ),
 .UNSPECIFIED. ) ;
#873 = CARTESIAN_POINT ( 'NONE',  ( 0.5045117295593821700, 1.356932128478890400, 0.4600000000000000200 ) ) ;
#874 = CARTESIAN_POINT ( 'NONE',  ( 0.6249999999999998900, 0.0000000000000000000, -0.0000000000000000000 ) ) ;
#875 = VERTEX_POINT ( 'NONE', #2032 ) ;
#876 = ORIENTED_EDGE ( 'NONE', *, *, #6970, .F. ) ;
#877 = LINE ( 'NONE', #4474, #9311 ) ;
#878 = EDGE_CURVE ( 'NONE', #9277, #2710, #2163, .T. ) ;
#879 = VERTEX_POINT ( 'NONE', #5204 ) ;
#880 = EDGE_CURVE ( 'NONE', #7090, #4805, #2282, .T. ) ;
#881 = ORIENTED_EDGE ( 'NONE', *, *, #6697, .T. ) ;
#882 = CARTESIAN_POINT ( 'NONE',  ( -0.3331201968270273200, 1.282117649532498000, 0.4600000000000000200 ) ) ;
#883 = CARTESIAN_POINT ( 'NONE',  ( -1.000000000000000000, 1.500000000000000000, 0.09999999999999999200 ) ) ;
#884 = AXIS2_PLACEMENT_3D ( 'NONE', #1490, #1609, #761 ) ;
#885 = VECTOR ( 'NONE', #4239, 1000.000000000000000 ) ;
#886 = ORIENTED_EDGE ( 'NONE', *, *, #2171, .F. ) ;
#887 = FACE_OUTER_BOUND ( 'NONE', #9619, .T. ) ;
#888 = ORIENTED_EDGE ( 'NONE', *, *, #7386, .F. ) ;
#889 = CARTESIAN_POINT ( 'NONE',  ( 0.7500000000000000000, 0.7500000000000000000, -0.02000000000000000000 ) ) ;
#890 = CARTESIAN_POINT ( 'NONE',  ( 0.6920807828348962700, 1.241631981336714700, 0.4700000000000000300 ) ) ;
#891 = CARTESIAN_POINT ( 'NONE',  ( -0.02242651561890166700, 1.198500928076939600, 0.4700000000000000300 ) ) ;
#892 = CARTESIAN_POINT ( 'NONE',  ( 0.3113132468091264200, 1.279829576095216300, 0.4700000000000000300 ) ) ;
#893 = B_SPLINE_CURVE_WITH_KNOTS ( 'NONE', 3,
 ( #4144, #5769, #7438, #4892 ),
 .UNSPECIFIED., .F., .F.,
 ( 4, 4 ),
 ( 1.000000000000000000, 2.000000000000000000 ),
 .UNSPECIFIED. ) ;
#894 = EDGE_CURVE ( 'NONE', #2692, #7610, #10377, .T. ) ;
#895 = FILL_AREA_STYLE_COLOUR ( '', #9282 ) ;
#896 = VERTEX_POINT ( 'NONE', #1997 ) ;
#897 = ADVANCED_FACE ( 'NONE', ( #2036 ), #6530, .F. ) ;
#898 = EDGE_CURVE ( 'NONE', #6035, #7332, #8546, .T. ) ;
#899 = CARTESIAN_POINT ( 'NONE',  ( 0.8090019698786129500, 1.174019880737444500, 0.4700000000000000300 ) ) ;
#900 = FILL_AREA_STYLE ('',( #9008 ) ) ;
#901 = CARTESIAN_POINT ( 'NONE',  ( 0.4801077106856158600, 1.343669074743377000, 0.4700000000000000300 ) ) ;
#902 = DIRECTION ( 'NONE',  ( 0.0000000000000000000, 0.0000000000000000000, -1.000000000000000000 ) ) ;
#903 = PRESENTATION_STYLE_ASSIGNMENT (( #8629 ) ) ;
#904 = CARTESIAN_POINT ( 'NONE',  ( 0.7138027175090877500, 1.064083901994432400, 0.4600000000000000200 ) ) ;
#905 = ORIENTED_EDGE ( 'NONE', *, *, #8595, .F. ) ;
#906 = VERTEX_POINT ( 'NONE', #7944 ) ;
#907 = ADVANCED_FACE ( 'NONE', ( #3318 ), #2995, .F. ) ;
#908 = EDGE_CURVE ( 'NONE', #8020, #8781, #10627, .T. ) ;
#909 = CARTESIAN_POINT ( 'NONE',  ( -0.3593529308516099600, 1.123901602911467500, 0.4600000000000000200 ) ) ;
#910 = ORIENTED_EDGE ( 'NONE', *, *, #5873, .F. ) ;
#911 = FACE_OUTER_BOUND ( 'NONE', #1528, .T. ) ;
#912 =( GEOMETRIC_REPRESENTATION_CONTEXT ( 3 ) GLOBAL_UNCERTAINTY_ASSIGNED_CONTEXT ( ( #1860 ) ) GLOBAL_UNIT_ASSIGNED_CONTEXT ( ( #4605, #3695, #1365 ) ) REPRESENTATION_CONTEXT ( 'NONE', 'WORKASPACE' ) );
#913 = CARTESIAN_POINT ( 'NONE',  ( 0.4419690628321468800, 1.089607912072449800, 0.4700000000000000300 ) ) ;
#914 = VERTEX_POINT ( 'NONE', #9462 ) ;
#915 = CARTESIAN_POINT ( 'NONE',  ( -0.6250000000000001100, -1.500999999999999900, 0.1000000000000000100 ) ) ;
#916 = PRESENTATION_LAYER_ASSIGNMENT (  '', '', ( #5830 ) ) ;
#917 = VERTEX_POINT ( 'NONE', #7118 ) ;
#918 = DIRECTION ( 'NONE',  ( 0.0000000000000000000, 0.0000000000000000000, -1.000000000000000000 ) ) ;
#919 = ORIENTED_EDGE ( 'NONE', *, *, #6672, .T. ) ;
#920 = VECTOR ( 'NONE', #8191, 1000.000000000000000 ) ;
#921 = ADVANCED_FACE ( 'NONE', ( #3982 ), #5368, .F. ) ;
#922 = CARTESIAN_POINT ( 'NONE',  ( 0.4223397433032848900, 1.116841382410142600, 0.4700000000000000300 ) ) ;
#923 = ORIENTED_EDGE ( 'NONE', *, *, #7818, .F. ) ;
#924 = CARTESIAN_POINT ( 'NONE',  ( 0.6271212929828849900, 1.058719733595268900, 0.4700000000000000300 ) ) ;
#925 = CARTESIAN_POINT ( 'NONE',  ( 0.5827342731476982100, 1.314726144146789500, 0.4600000000000000200 ) ) ;
#926 = CARTESIAN_POINT ( 'NONE',  ( -0.3716495146639740000, 1.155872733333290100, 0.4600000000000000200 ) ) ;
#927 = AXIS2_PLACEMENT_3D ( 'NONE', #8738, #9573, #10625 ) ;
#928 = EDGE_LOOP ( 'NONE', ( #6003, #5592, #1269, #865 ) ) ;
#929 =( GEOMETRIC_REPRESENTATION_CONTEXT ( 3 ) GLOBAL_UNCERTAINTY_ASSIGNED_CONTEXT ( ( #4874 ) ) GLOBAL_UNIT_ASSIGNED_CONTEXT ( ( #5349, #2895, #512 ) ) REPRESENTATION_CONTEXT ( 'NONE', 'WORKASPACE' ) );
#930 = ORIENTED_EDGE ( 'NONE', *, *, #2346, .T. ) ;
#931 = LINE ( 'NONE', #4422, #7334 ) ;
#932 = LINE ( 'NONE', #1414, #5531 ) ;
#933 = MECHANICAL_DESIGN_GEOMETRIC_PRESENTATION_REPRESENTATION (  '', ( #2988 ), #2034 ) ;
#934 = ORIENTED_EDGE ( 'NONE', *, *, #3936, .T. ) ;
#935 = VECTOR ( 'NONE', #10565, 1000.000000000000000 ) ;
#936 = DIRECTION ( 'NONE',  ( 0.0000000000000000000, 0.0000000000000000000, -1.000000000000000000 ) ) ;
#937 = CARTESIAN_POINT ( 'NONE',  ( 0.6271212929828849900, 1.058719733595268900, 0.4600000000000000200 ) ) ;
#938 = SURFACE_SIDE_STYLE ('',( #8042 ) ) ;
#939 = EDGE_CURVE ( 'NONE', #2827, #10376, #8804, .T. ) ;
#940 = ORIENTED_EDGE ( 'NONE', *, *, #2099, .F. ) ;
#941 = ORIENTED_EDGE ( 'NONE', *, *, #7767, .T. ) ;
#942 = FACE_OUTER_BOUND ( 'NONE', #8766, .T. ) ;
#943 = UNCERTAINTY_MEASURE_WITH_UNIT (LENGTH_MEASURE( 1.000000000000000100E-005 ), #2509, 'distance_accuracy_value', 'NONE');
#944 = EDGE_CURVE ( 'NONE', #4758, #6828, #6257, .T. ) ;
#945 = EDGE_LOOP ( 'NONE', ( #6183, #10570, #4262, #5975 ) ) ;
#946 = CARTESIAN_POINT ( 'NONE',  ( 0.6565063253701535200, 1.342195402106187500, 0.4600000000000000200 ) ) ;
#947 = LINE ( 'NONE', #3684, #9772 ) ;
#948 = DIRECTION ( 'NONE',  ( -0.0000000000000000000, -0.0000000000000000000, -1.000000000000000000 ) ) ;
#949 = ADVANCED_FACE ( 'NONE', ( #2662 ), #7082, .F. ) ;
#950 = CARTESIAN_POINT ( 'NONE',  ( -0.1691657459904059300, 1.168989123799456100, 0.4600000000000000200 ) ) ;
#951 = ORIENTED_EDGE ( 'NONE', *, *, #10245, .T. ) ;
#952 = LINE ( 'NONE', #9876, #1842 ) ;
#953 = EDGE_CURVE ( 'NONE', #1410, #9859, #3203, .T. ) ;
#954 = ORIENTED_EDGE ( 'NONE', *, *, #1835, .T. ) ;
#955 = VECTOR ( 'NONE', #10612, 1000.000000000000000 ) ;
#956 = CARTESIAN_POINT ( 'NONE',  ( 0.3580286694117305000, 1.142954861543203500, 0.4600000000000000200 ) ) ;
#957 = DIRECTION ( 'NONE',  ( 0.0000000000000000000, 0.0000000000000000000, 1.000000000000000000 ) ) ;
#958 = CARTESIAN_POINT ( 'NONE',  ( 0.4293249516043798300, 1.094913133566968600, 0.4700000000000000300 ) ) ;
#959 = VERTEX_POINT ( 'NONE', #10307 ) ;
#960 = CARTESIAN_POINT ( 'NONE',  ( 1.000000000000000000, -1.500000000000000000, 0.4600000000000000200 ) ) ;
#961 = CARTESIAN_POINT ( 'NONE',  ( -0.6250000000000001100, -1.500999999999999900, 0.1000000000000000100 ) ) ;
#962 = B_SPLINE_CURVE_WITH_KNOTS ( 'NONE', 3,
 ( #3891, #8712, #511, #8683 ),
 .UNSPECIFIED., .F., .F.,
 ( 4, 4 ),
 ( 4.000000000000000000, 5.000000000000000000 ),
 .UNSPECIFIED. ) ;
#963 = CARTESIAN_POINT ( 'NONE',  ( 0.4167103138289316400, 1.136411755033188300, 0.4600000000000000200 ) ) ;
#964 =( LENGTH_UNIT ( ) NAMED_UNIT ( * ) SI_UNIT ( .MILLI., .METRE. ) );
#965 = LINE ( 'NONE', #4857, #7365 ) ;
#966 = EDGE_LOOP ( 'NONE', ( #1881, #10120, #8610, #9336, #3501, #1305, #3149, #9641, #3964, #3880, #2160, #3236 ) ) ;
#967 = VECTOR ( 'NONE', #8556, 1000.000000000000000 ) ;
#968 = CARTESIAN_POINT ( 'NONE',  ( -0.1250000000000001100, 1.500000000000000000, 0.0000000000000000000 ) ) ;
#969 = CARTESIAN_POINT ( 'NONE',  ( 0.6249999999999998900, 1.500999999999999900, -0.04000000000000000100 ) ) ;
#970 = ORIENTED_EDGE ( 'NONE', *, *, #9887, .T. ) ;
#971 = VECTOR ( 'NONE', #1156, 1000.000000000000000 ) ;
#972 = CARTESIAN_POINT ( 'NONE',  ( 0.5827342731476982100, 1.300343099206631400, 0.4700000000000000300 ) ) ;
#973 = DIRECTION ( 'NONE',  ( 0.0000000000000000000, -0.0000000000000000000, 1.000000000000000000 ) ) ;
#974 = CARTESIAN_POINT ( 'NONE',  ( 0.4629836346400604800, 1.086542672987214300, 0.4600000000000000200 ) ) ;
#975 = EDGE_CURVE ( 'NONE', #8188, #1988, #103, .T. ) ;
#976 = VECTOR ( 'NONE', #9949, 1000.000000000000000 ) ;
#977 = ADVANCED_FACE ( 'NONE', ( #8274 ), #7151, .F. ) ;
#978 = ORIENTED_EDGE ( 'NONE', *, *, #1106, .T. ) ;
#979 = VERTEX_POINT ( 'NONE', #1336 ) ;
#980 = AXIS2_PLACEMENT_3D ( 'NONE', #7097, #6222, #4525 ) ;
#981 = CARTESIAN_POINT ( 'NONE',  ( 0.3976409899023887800, 1.246406680681625600, 0.4600000000000000200 ) ) ;
#982 = CARTESIAN_POINT ( 'NONE',  ( -0.3372190815516871200, 1.099308466557788400, 0.4600000000000000200 ) ) ;
#983 = CARTESIAN_POINT ( 'NONE',  ( -0.5999999999999999800, -1.200000000000000200, 0.4600000000000000200 ) ) ;
#984 =( NAMED_UNIT ( * ) SI_UNIT ( $, .STERADIAN. ) SOLID_ANGLE_UNIT ( ) );
#985 = CARTESIAN_POINT ( 'NONE',  ( -0.1470318888733100600, 1.158332090749458500, 0.4600000000000000200 ) ) ;
#986 = CARTESIAN_POINT ( 'NONE',  ( 0.7500000000000000000, 0.7500000000000000000, -0.02000000000000000000 ) ) ;
#987 =( GEOMETRIC_REPRESENTATION_CONTEXT ( 3 ) GLOBAL_UNCERTAINTY_ASSIGNED_CONTEXT ( ( #5981 ) ) GLOBAL_UNIT_ASSIGNED_CONTEXT ( ( #10075, #5058, #8331 ) ) REPRESENTATION_CONTEXT ( 'NONE', 'WORKASPACE' ) );
#988 = ORIENTED_EDGE ( 'NONE', *, *, #8585, .T. ) ;
#989 = EDGE_CURVE ( 'NONE', #8183, #9024, #6504, .T. ) ;
#990 = EDGE_LOOP ( 'NONE', ( #6943, #9579, #6938, #2277 ) ) ;
#991 = MECHANICAL_DESIGN_GEOMETRIC_PRESENTATION_REPRESENTATION (  '', ( #10469 ), #8798 ) ;
#992 = CARTESIAN_POINT ( 'NONE',  ( 0.4074556496666271700, 1.113776143324128700, 0.4600000000000000200 ) ) ;
#993 = PRESENTATION_LAYER_ASSIGNMENT (  '', '', ( #402 ) ) ;
#994 = CARTESIAN_POINT ( 'NONE',  ( 0.7148048149020959100, 1.083890062239958100, 0.4600000000000000200 ) ) ;
#995 = CARTESIAN_POINT ( 'NONE',  ( 0.4763056352813932500, 1.032842042083914400, 0.4600000000000000200 ) ) ;
#996 = CARTESIAN_POINT ( 'NONE',  ( -0.1250000000000001100, -1.101000000000000000, 0.1000000000000000100 ) ) ;
#997 = VECTOR ( 'NONE', #9628, 1000.000000000000000 ) ;
#998 = CARTESIAN_POINT ( 'NONE',  ( -0.1937589136159163500, 1.168989123799456100, 0.4700000000000000300 ) ) ;
#999 = AXIS2_PLACEMENT_3D ( 'NONE', #1561, #2290, #8869 ) ;
#1000 = VECTOR ( 'NONE', #8395, 1000.000000000000000 ) ;
#1001 = ORIENTED_EDGE ( 'NONE', *, *, #9413, .F. ) ;
#1002 = SURFACE_STYLE_FILL_AREA ( #1255 ) ;
#1003 = CARTESIAN_POINT ( 'NONE',  ( 0.3426730005308832300, 1.094854186661542200, 0.4700000000000000300 ) ) ;
#1004 = ORIENTED_EDGE ( 'NONE', *, *, #2536, .F. ) ;
#1005 = FILL_AREA_STYLE_COLOUR ( '', #8879 ) ;
#1006 = ORIENTED_EDGE ( 'NONE', *, *, #9683, .T. ) ;
#1007 = EDGE_CURVE ( 'NONE', #10271, #4722, #8314, .T. ) ;
#1008 = CARTESIAN_POINT ( 'NONE',  ( 0.3749999999999998900, -1.500999999999999900, 0.1000000000000000100 ) ) ;
#1009 = B_SPLINE_CURVE_WITH_KNOTS ( 'NONE', 3,
 ( #7392, #4945, #913, #1695 ),
 .UNSPECIFIED., .F., .F.,
 ( 4, 4 ),
 ( 3.000000000000000000, 4.000000000000000000 ),
 .UNSPECIFIED. ) ;
#1010 = CARTESIAN_POINT ( 'NONE',  ( 0.3891526355113952800, 1.241926715863839200, 0.4700000000000000300 ) ) ;
#1011 = PRESENTATION_STYLE_ASSIGNMENT (( #10583 ) ) ;
#1012 = CARTESIAN_POINT ( 'NONE',  ( 0.7229100144066523700, 1.142660127015293400, 0.4600000000000000200 ) ) ;
#1013 = ORIENTED_EDGE ( 'NONE', *, *, #2364, .F. ) ;
#1014 = VECTOR ( 'NONE', #6526, 1000.000000000000000 ) ;
#1015 = CARTESIAN_POINT ( 'NONE',  ( 0.07020774284960168400, 1.280478106588094100, 0.4600000000000000200 ) ) ;
#1016 = EDGE_LOOP ( 'NONE', ( #1162, #5792, #3801, #1006 ) ) ;
#1017 = ORIENTED_EDGE ( 'NONE', *, *, #9426, .F. ) ;
#1018 = ADVANCED_FACE ( 'NONE', ( #5991 ), #10549, .F. ) ;
#1019 = CARTESIAN_POINT ( 'NONE',  ( 0.3749999999999998900, 1.500999999999999900, -0.04000000000000000100 ) ) ;
#1020 = ORIENTED_EDGE ( 'NONE', *, *, #989, .F. ) ;
#1021 = EDGE_CURVE ( 'NONE', #9059, #5224, #259, .T. ) ;
#1022 = LINE ( 'NONE', #9581, #9459 ) ;
#1023 = VERTEX_POINT ( 'NONE', #3212 ) ;
#1024 = CARTESIAN_POINT ( 'NONE',  ( 0.3893884231334881500, 1.343197499499192000, 0.4600000000000000200 ) ) ;
#1025 = CARTESIAN_POINT ( 'NONE',  ( 0.7369688513669763200, 1.085658469405059500, 0.4600000000000000200 ) ) ;
#1026 = CARTESIAN_POINT ( 'NONE',  ( 0.6817945478264781900, 1.174019880737444500, 0.4700000000000000300 ) ) ;
#1027 = VECTOR ( 'NONE', #9219, 1000.000000000000000 ) ;
#1028 = EDGE_LOOP ( 'NONE', ( #9695, #1750, #8571, #9914 ) ) ;
#1029 = ADVANCED_FACE ( 'NONE', ( #8943 ), #8131, .F. ) ;
#1030 = CARTESIAN_POINT ( 'NONE',  ( 0.004625931243200571500, 1.108325948845417100, 0.4600000000000000200 ) ) ;
#1031 = CARTESIAN_POINT ( 'NONE',  ( 0.4590341919722750700, 1.139300153402147900, 0.4700000000000000300 ) ) ;
#1032 = CARTESIAN_POINT ( 'NONE',  ( 0.5345746513606174400, 1.141068560567252600, 0.4600000000000000200 ) ) ;
#1033 = B_SPLINE_CURVE_WITH_KNOTS ( 'NONE', 3,
 ( #7265, #6462, #4113, #1585 ),
 .UNSPECIFIED., .F., .F.,
 ( 4, 4 ),
 ( 4.000000000000000000, 5.000000000000000000 ),
 .UNSPECIFIED. ) ;
#1034 = EDGE_LOOP ( 'NONE', ( #3839, #2287, #5127, #5303 ) ) ;
#1035 = VECTOR ( 'NONE', #9645, 1000.000000000000000 ) ;
#1036 = ORIENTED_EDGE ( 'NONE', *, *, #4126, .F. ) ;
#1037 = SURFACE_STYLE_FILL_AREA ( #7401 ) ;
#1038 = VERTEX_POINT ( 'NONE', #3141 ) ;
#1039 = AXIS2_PLACEMENT_3D ( 'NONE', #650, #9571, #10409 ) ;
#1040 = CARTESIAN_POINT ( 'NONE',  ( 0.4481584879088261200, 1.079704831950077300, 0.4700000000000000300 ) ) ;
#1041 = SURFACE_SIDE_STYLE ('',( #1518 ) ) ;
#1042 = CARTESIAN_POINT ( 'NONE',  ( 0.7253857844376375700, 1.074871185699745300, 0.4700000000000000300 ) ) ;
#1043 = CARTESIAN_POINT ( 'NONE',  ( 0.7144806069214740800, 1.149910596391190200, 0.4600000000000000200 ) ) ;
#1044 = CARTESIAN_POINT ( 'NONE',  ( 0.4866508171952374000, 1.141068560567251300, 0.4600000000000000200 ) ) ;
#1045 = DIRECTION ( 'NONE',  ( 0.3416038306902378600, -0.9398440417738228600, 0.0000000000000000000 ) ) ;
#1046 = CARTESIAN_POINT ( 'NONE',  ( -0.3716495146639740000, 1.223913824175887300, 0.4700000000000000300 ) ) ;
#1047 = ORIENTED_EDGE ( 'NONE', *, *, #1470, .T. ) ;
#1048 = VECTOR ( 'NONE', #8675, 1000.000000000000000 ) ;
#1049 = ORIENTED_EDGE ( 'NONE', *, *, #4364, .F. ) ;
#1050 = EDGE_CURVE ( 'NONE', #8368, #9702, #5042, .T. ) ;
#1051 = CARTESIAN_POINT ( 'NONE',  ( 0.7930863053950505400, 1.174019880737444500, 0.4600000000000000200 ) ) ;
#1052 = ORIENTED_EDGE ( 'NONE', *, *, #3893, .F. ) ;
#1053 = DIRECTION ( 'NONE',  ( 2.538891699852962200E-014, -1.000000000000000000, -0.0000000000000000000 ) ) ;
#1054 = CARTESIAN_POINT ( 'NONE',  ( 0.4768361574306017600, 1.293564205074917700, 0.4600000000000000200 ) ) ;
#1055 = CARTESIAN_POINT ( 'NONE',  ( -0.2224509425122171700, 1.272280430953479900, 0.4600000000000000200 ) ) ;
#1056 =( LENGTH_UNIT ( ) NAMED_UNIT ( * ) SI_UNIT ( .MILLI., .METRE. ) );
#1057 = CARTESIAN_POINT ( 'NONE',  ( 0.7271247181492411800, 1.117430851465182700, 0.4700000000000000300 ) ) ;
#1058 = VECTOR ( 'NONE', #3726, 1000.000000000000000 ) ;
#1059 = VECTOR ( 'NONE', #1099, 1000.000000000000000 ) ;
#1060 = EDGE_CURVE ( 'NONE', #10431, #1244, #3862, .T. ) ;
#1061 =( GEOMETRIC_REPRESENTATION_CONTEXT ( 3 ) GLOBAL_UNCERTAINTY_ASSIGNED_CONTEXT ( ( #7182 ) ) GLOBAL_UNIT_ASSIGNED_CONTEXT ( ( #2121, #7781, #1246 ) ) REPRESENTATION_CONTEXT ( 'NONE', 'WORKASPACE' ) );
#1062 = ORIENTED_EDGE ( 'NONE', *, *, #9901, .T. ) ;
#1063 = ORIENTED_EDGE ( 'NONE', *, *, #2861, .T. ) ;
#1064 = DIRECTION ( 'NONE',  ( -1.000000000000000000, 0.0000000000000000000, -0.0000000000000000000 ) ) ;
#1065 = ORIENTED_EDGE ( 'NONE', *, *, #9121, .F. ) ;
#1066 = EDGE_CURVE ( 'NONE', #8891, #6506, #9585, .T. ) ;
#1067 = STYLED_ITEM ( 'NONE', ( #3965 ), #6435 ) ;
#1068 = SURFACE_SIDE_STYLE ('',( #10123 ) ) ;
#1069 = CARTESIAN_POINT ( 'NONE',  ( 0.2457937613547896700, 1.058719733595267600, 0.4700000000000000300 ) ) ;
#1070 = CARTESIAN_POINT ( 'NONE',  ( 0.8008967703732692300, 1.159283154363951900, 0.4600000000000000200 ) ) ;
#1071 = VECTOR ( 'NONE', #7395, 1000.000000000000000 ) ;
#1072 = EDGE_CURVE ( 'NONE', #2183, #6277, #1563, .T. ) ;
#1073 =( NAMED_UNIT ( * ) PLANE_ANGLE_UNIT ( ) SI_UNIT ( $, .RADIAN. ) );
#1074 = VERTEX_POINT ( 'NONE', #7251 ) ;
#1075 = LINE ( 'NONE', #9446, #5664 ) ;
#1076 = ORIENTED_EDGE ( 'NONE', *, *, #6465, .T. ) ;
#1077 = FACE_OUTER_BOUND ( 'NONE', #8994, .T. ) ;
#1078 =( NAMED_UNIT ( * ) SI_UNIT ( $, .STERADIAN. ) SOLID_ANGLE_UNIT ( ) );
#1079 = B_SPLINE_CURVE_WITH_KNOTS ( 'NONE', 3,
 ( #6338, #8727, #1438, #1473 ),
 .UNSPECIFIED., .F., .F.,
 ( 4, 4 ),
 ( 18.00000000000000000, 19.00000000000000000 ),
 .UNSPECIFIED. ) ;
#1080 =( NAMED_UNIT ( * ) SI_UNIT ( $, .STERADIAN. ) SOLID_ANGLE_UNIT ( ) );
#1081 = VECTOR ( 'NONE', #9246, 1000.000000000000100 ) ;
#1082 = CARTESIAN_POINT ( 'NONE',  ( 0.4481584879088261200, 1.072277521857909000, 0.4700000000000000300 ) ) ;
#1083 = UNCERTAINTY_MEASURE_WITH_UNIT (LENGTH_MEASURE( 1.000000000000000100E-005 ), #5026, 'distance_accuracy_value', 'NONE');
#1084 = DIRECTION ( 'NONE',  ( -1.000000000000000000, 0.0000000000000000000, 0.0000000000000000000 ) ) ;
#1085 = CARTESIAN_POINT ( 'NONE',  ( -0.6500000000000000200, -0.7499999999999997800, 0.0000000000000000000 ) ) ;
#1086 = DIRECTION ( 'NONE',  ( 0.0000000000000000000, 1.000000000000000000, 0.0000000000000000000 ) ) ;
#1087 = EDGE_CURVE ( 'NONE', #8593, #7202, #5644, .T. ) ;
#1088 = ORIENTED_EDGE ( 'NONE', *, *, #4801, .F. ) ;
#1089 = EDGE_CURVE ( 'NONE', #8557, #9263, #5733, .T. ) ;
#1090 = CARTESIAN_POINT ( 'NONE',  ( 0.3382519826189163700, 1.265092849722512700, 0.4600000000000000200 ) ) ;
#1091 = ADVANCED_FACE ( 'NONE', ( #7938 ), #7288, .T. ) ;
#1092 = ORIENTED_EDGE ( 'NONE', *, *, #4832, .F. ) ;
#1093 = AXIS2_PLACEMENT_3D ( 'NONE', #8066, #6374, #5648 ) ;
#1094 = VECTOR ( 'NONE', #310, 1000.000000000000000 ) ;
#1095 = LINE ( 'NONE', #8619, #1604 ) ;
#1096 = DIRECTION ( 'NONE',  ( 1.000000000000000000, 0.0000000000000000000, 0.0000000000000000000 ) ) ;
#1097 = DIRECTION ( 'NONE',  ( -1.000000000000000000, 0.0000000000000000000, 0.0000000000000000000 ) ) ;
#1098 = DIRECTION ( 'NONE',  ( -0.8631877589412014800, -0.5048830486499483700, 0.0000000000000000000 ) ) ;
#1099 = DIRECTION ( 'NONE',  ( 1.000000000000000000, -0.0000000000000000000, -0.0000000000000000000 ) ) ;
#1100 = CARTESIAN_POINT ( 'NONE',  ( -0.1945786889974947300, 1.259983847140327300, 0.4700000000000000300 ) ) ;
#1101 = ORIENTED_EDGE ( 'NONE', *, *, #4266, .F. ) ;
#1102 = CARTESIAN_POINT ( 'NONE',  ( 0.4629836346400604800, 1.073574353778822000, 0.4600000000000000200 ) ) ;
#1103 = FILL_AREA_STYLE_COLOUR ( '', #8892 ) ;
#1104 = ORIENTED_EDGE ( 'NONE', *, *, #4834, .T. ) ;
#1105 = VECTOR ( 'NONE', #7154, 1000.000000000000000 ) ;
#1106 = EDGE_CURVE ( 'NONE', #492, #2092, #5602, .T. ) ;
#1107 =( NAMED_UNIT ( * ) PLANE_ANGLE_UNIT ( ) SI_UNIT ( $, .RADIAN. ) );
#1108 = VECTOR ( 'NONE', #2596, 1000.000000000000000 ) ;
#1109 = CARTESIAN_POINT ( 'NONE',  ( 0.3269341767647745400, 1.297985222987278600, 0.4700000000000000300 ) ) ;
#1110 = ORIENTED_EDGE ( 'NONE', *, *, #566, .T. ) ;
#1111 = DIRECTION ( 'NONE',  ( -0.0000000000000000000, 1.000000000000000000, -0.0000000000000000000 ) ) ;
#1112 = CARTESIAN_POINT ( 'NONE',  ( 0.8026946509902985700, 1.151207428312109200, 0.4700000000000000300 ) ) ;
#1113 = DIRECTION ( 'NONE',  ( 0.0000000000000000000, 0.0000000000000000000, -1.000000000000000000 ) ) ;
#1114 = EDGE_CURVE ( 'NONE', #1680, #3085, #1144, .T. ) ;
#1115 = CARTESIAN_POINT ( 'NONE',  ( 0.6949397077511458900, 1.160756827001928200, 0.4600000000000000200 ) ) ;
#1116 = B_SPLINE_CURVE_WITH_KNOTS ( 'NONE', 3,
 ( #5535, #6362, #8823, #8750 ),
 .UNSPECIFIED., .F., .F.,
 ( 4, 4 ),
 ( 2.000000000000000000, 3.000000000000000000 ),
 .UNSPECIFIED. ) ;
#1117 = CARTESIAN_POINT ( 'NONE',  ( 0.1513651772506174900, 1.173087969434327500, 0.4600000000000000200 ) ) ;
#1118 = EDGE_LOOP ( 'NONE', ( #4465, #10475, #9728, #4794 ) ) ;
#1119 = DIRECTION ( 'NONE',  ( -0.0000000000000000000, -0.0000000000000000000, -1.000000000000000000 ) ) ;
#1120 = ADVANCED_FACE ( 'NONE', ( #5978 ), #9875, .T. ) ;
#1121 = LINE ( 'NONE', #3123, #6224 ) ;
#1122 = LINE ( 'NONE', #4494, #7387 ) ;
#1123 = EDGE_LOOP ( 'NONE', ( #10291, #2583, #7340, #5752, #6909, #2139, #8866, #3780, #10618, #10223, #2135, #10122, #6038, #3815, #618, #6301, #1651, #1693, #10531, #10055, #5175 ) ) ;
#1124 = VECTOR ( 'NONE', #4798, 1000.000000000000000 ) ;
#1125 = CARTESIAN_POINT ( 'NONE',  ( 0.3733548648394733900, 1.100041514345212200, 0.4700000000000000300 ) ) ;
#1126 = CARTESIAN_POINT ( 'NONE',  ( 0.4481584879088261200, 1.072277521857909000, 0.4600000000000000200 ) ) ;
#1127 = CARTESIAN_POINT ( 'NONE',  ( -0.1250000000000001100, 0.0000000000000000000, 0.0000000000000000000 ) ) ;
#1128 = CARTESIAN_POINT ( 'NONE',  ( -0.1250000000000001100, 1.500999999999999900, 0.1000000000000000100 ) ) ;
#1129 = ORIENTED_EDGE ( 'NONE', *, *, #9635, .T. ) ;
#1130 = CARTESIAN_POINT ( 'NONE',  ( 0.3362772612852169600, 1.077995371691185600, 0.4700000000000000300 ) ) ;
#1131 = EDGE_CURVE ( 'NONE', #6954, #5268, #3728, .T. ) ;
#1132 = MECHANICAL_DESIGN_GEOMETRIC_PRESENTATION_REPRESENTATION (  '', ( #8985 ), #7160 ) ;
#1133 = VECTOR ( 'NONE', #10019, 1000.000000000000000 ) ;
#1134 = LINE ( 'NONE', #5973, #9565 ) ;
#1135 = EDGE_LOOP ( 'NONE', ( #9520, #2675, #10555, #8364 ) ) ;
#1136 = LINE ( 'NONE', #641, #4594 ) ;
#1137 = STYLED_ITEM ( 'NONE', ( #2693 ), #9119 ) ;
#1138 = CARTESIAN_POINT ( 'NONE',  ( 0.3065974943700323600, 1.241631981336715800, 0.4700000000000000300 ) ) ;
#1139 = ORIENTED_EDGE ( 'NONE', *, *, #4114, .F. ) ;
#1140 = CARTESIAN_POINT ( 'NONE',  ( 0.6757230165606518100, 1.286195841888956300, 0.4700000000000000300 ) ) ;
#1141 =( LENGTH_UNIT ( ) NAMED_UNIT ( * ) SI_UNIT ( .MILLI., .METRE. ) );
#1142 = CARTESIAN_POINT ( 'NONE',  ( -0.1765437244230203000, 1.053401170288617000, 0.4600000000000000200 ) ) ;
#1143 = CARTESIAN_POINT ( 'NONE',  ( 0.8015451863329445800, 1.155451605507409800, 0.4700000000000000300 ) ) ;
#1144 = LINE ( 'NONE', #39, #10366 ) ;
#1145 = ORIENTED_EDGE ( 'NONE', *, *, #9791, .T. ) ;
#1146 = VECTOR ( 'NONE', #4541, 1000.000000000000000 ) ;
#1147 =( GEOMETRIC_REPRESENTATION_CONTEXT ( 3 ) GLOBAL_UNCERTAINTY_ASSIGNED_CONTEXT ( ( #1432 ) ) GLOBAL_UNIT_ASSIGNED_CONTEXT ( ( #1056, #4331, #349 ) ) REPRESENTATION_CONTEXT ( 'NONE', 'WORKASPACE' ) );
#1148 = ORIENTED_EDGE ( 'NONE', *, *, #353, .F. ) ;
#1149 = PRESENTATION_LAYER_ASSIGNMENT (  '', '', ( #24 ) ) ;
#1150 = SURFACE_STYLE_USAGE ( .BOTH. , #2731 ) ;
#1151 = VERTEX_POINT ( 'NONE', #8219 ) ;
#1152 = ADVANCED_FACE ( 'NONE', ( #10615 ), #9982, .T. ) ;
#1153 =( NAMED_UNIT ( * ) PLANE_ANGLE_UNIT ( ) SI_UNIT ( $, .RADIAN. ) );
#1154 = EDGE_CURVE ( 'NONE', #3691, #5015, #10087, .T. ) ;
#1155 = DIRECTION ( 'NONE',  ( 1.000000000000000000, 0.0000000000000000000, 0.0000000000000000000 ) ) ;
#1156 = DIRECTION ( 'NONE',  ( 1.000000000000000000, 0.0000000000000000000, 0.0000000000000000000 ) ) ;
#1157 = PRESENTATION_STYLE_ASSIGNMENT (( #1377 ) ) ;
#1158 = CARTESIAN_POINT ( 'NONE',  ( 0.4444448328627393900, 1.087544770380222300, 0.4600000000000000200 ) ) ;
#1159 = EDGE_LOOP ( 'NONE', ( #11, #1937, #6701, #177 ) ) ;
#1160 = LINE ( 'NONE', #7847, #8064 ) ;
#1161 = EDGE_CURVE ( 'NONE', #10093, #3511, #3415, .T. ) ;
#1162 = ORIENTED_EDGE ( 'NONE', *, *, #8396, .T. ) ;
#1163 = B_SPLINE_CURVE_WITH_KNOTS ( 'NONE', 3,
 ( #1683, #6576, #4903, #7383 ),
 .UNSPECIFIED., .F., .F.,
 ( 4, 4 ),
 ( 18.00000000000000000, 19.00000000000000000 ),
 .UNSPECIFIED. ) ;
#1164 = CARTESIAN_POINT ( 'NONE',  ( -1.000000000000000000, 1.500000000000000000, 0.0000000000000000000 ) ) ;
#1165 = FILL_AREA_STYLE ('',( #7732 ) ) ;
#1166 = LINE ( 'NONE', #3553, #9595 ) ;
#1167 =( NAMED_UNIT ( * ) SI_UNIT ( $, .STERADIAN. ) SOLID_ANGLE_UNIT ( ) );
#1168 = ORIENTED_EDGE ( 'NONE', *, *, #5789, .T. ) ;
#1169 = LINE ( 'NONE', #7218, #4624 ) ;
#1170 = DIRECTION ( 'NONE',  ( -0.0000000000000000000, -0.0000000000000000000, -1.000000000000000000 ) ) ;
#1171 = MECHANICAL_DESIGN_GEOMETRIC_PRESENTATION_REPRESENTATION (  '', ( #40 ), #1694 ) ;
#1172 = EDGE_LOOP ( 'NONE', ( #4188, #6503, #679, #10237, #8958, #7448, #8584, #4201, #3565, #7548, #5946, #1343, #3921, #5076 ) ) ;
#1173 = CARTESIAN_POINT ( 'NONE',  ( -0.2609802603495567400, 1.027168514443614700, 0.4600000000000000200 ) ) ;
#1174 = DIRECTION ( 'NONE',  ( 0.0000000000000000000, 1.000000000000000000, 0.0000000000000000000 ) ) ;
#1175 = EDGE_CURVE ( 'NONE', #3359, #7569, #6470, .T. ) ;
#1176 = LINE ( 'NONE', #3541, #9480 ) ;
#1177 = DIRECTION ( 'NONE',  ( -1.000000000000000000, -0.0000000000000000000, -0.0000000000000000000 ) ) ;
#1178 = FILL_AREA_STYLE_COLOUR ( '', #7109 ) ;
#1179 = VERTEX_POINT ( 'NONE', #9888 ) ;
#1180 = DIRECTION ( 'NONE',  ( -0.0000000000000000000, -0.0000000000000000000, -1.000000000000000000 ) ) ;
#1181 = EDGE_LOOP ( 'NONE', ( #2420, #1612, #8440, #3336 ) ) ;
#1182 = ORIENTED_EDGE ( 'NONE', *, *, #4925, .T. ) ;
#1183 = PLANE ( 'NONE',  #4846 ) ;
#1184 = CARTESIAN_POINT ( 'NONE',  ( 0.3976409899023887800, 1.354161623920780800, 0.4700000000000000300 ) ) ;
#1185 = ORIENTED_EDGE ( 'NONE', *, *, #3480, .T. ) ;
#1186 = FACE_OUTER_BOUND ( 'NONE', #4041, .T. ) ;
#1187 = DIRECTION ( 'NONE',  ( -0.0000000000000000000, -0.0000000000000000000, -1.000000000000000000 ) ) ;
#1188 = B_SPLINE_CURVE_WITH_KNOTS ( 'NONE', 3,
 ( #4388, #6079, #8472, #1873 ),
 .UNSPECIFIED., .F., .F.,
 ( 4, 4 ),
 ( 10.00000000000000000, 11.00000000000000000 ),
 .UNSPECIFIED. ) ;
#1189 = ADVANCED_FACE ( 'NONE', ( #9966 ), #9730, .F. ) ;
#1190 = ORIENTED_EDGE ( 'NONE', *, *, #9697, .F. ) ;
#1191 = EDGE_CURVE ( 'NONE', #6277, #2339, #8121, .T. ) ;
#1192 = ORIENTED_EDGE ( 'NONE', *, *, #6550, .F. ) ;
#1193 = VECTOR ( 'NONE', #7461, 1000.000000000000000 ) ;
#1194 =( LENGTH_UNIT ( ) NAMED_UNIT ( * ) SI_UNIT ( .MILLI., .METRE. ) );
#1195 = ORIENTED_EDGE ( 'NONE', *, *, #8430, .F. ) ;
#1196 = CARTESIAN_POINT ( 'NONE',  ( 0.6249999999999998900, 0.0000000000000000000, 0.0000000000000000000 ) ) ;
#1197 = DIRECTION ( 'NONE',  ( -0.0000000000000000000, -0.0000000000000000000, -1.000000000000000000 ) ) ;
#1198 = ORIENTED_EDGE ( 'NONE', *, *, #3843, .T. ) ;
#1199 = DIRECTION ( 'NONE',  ( 0.0000000000000000000, 1.000000000000000000, 0.0000000000000000000 ) ) ;
#1200 = CARTESIAN_POINT ( 'NONE',  ( -0.6250000000000001100, 1.101000000000000000, 0.1000000000000000100 ) ) ;
#1201 = ORIENTED_EDGE ( 'NONE', *, *, #8558, .T. ) ;
#1202 = EDGE_LOOP ( 'NONE', ( #6170, #6615, #3016, #7712 ) ) ;
#1203 = ADVANCED_FACE ( 'NONE', ( #3305 ), #2643, .F. ) ;
#1204 = MECHANICAL_DESIGN_GEOMETRIC_PRESENTATION_REPRESENTATION (  '', ( #7778 ), #987 ) ;
#1205 = EDGE_CURVE ( 'NONE', #5211, #8195, #8157, .T. ) ;
#1206 = DIRECTION ( 'NONE',  ( -0.0000000000000000000, -0.0000000000000000000, -1.000000000000000000 ) ) ;
#1207 = EDGE_LOOP ( 'NONE', ( #1669, #3238 ) ) ;
#1208 = DIRECTION ( 'NONE',  ( -0.0000000000000000000, 0.0000000000000000000, -1.000000000000000000 ) ) ;
#1209 = LINE ( 'NONE', #129, #9640 ) ;
#1210 = PRESENTATION_LAYER_ASSIGNMENT (  '', '', ( #6811 ) ) ;
#1211 = CARTESIAN_POINT ( 'NONE',  ( 0.6812050787714428700, 1.160756827001928200, 0.4700000000000000300 ) ) ;
#1212 = PLANE ( 'NONE',  #1903 ) ;
#1213 = EDGE_LOOP ( 'NONE', ( #9546, #9600, #453, #2411 ) ) ;
#1214 = CARTESIAN_POINT ( 'NONE',  ( 0.6817945478264781900, 1.174019880737444500, 0.4700000000000000300 ) ) ;
#1215 = CARTESIAN_POINT ( 'NONE',  ( 0.4465374480076767500, 1.142954861543203500, 0.4600000000000000200 ) ) ;
#1216 = ORIENTED_EDGE ( 'NONE', *, *, #3833, .F. ) ;
#1217 = CARTESIAN_POINT ( 'NONE',  ( 0.8749999999999998900, -1.500999999999999900, 0.1000000000000000100 ) ) ;
#1218 = LINE ( 'NONE', #9911, #5286 ) ;
#1219 = ORIENTED_EDGE ( 'NONE', *, *, #7308, .T. ) ;
#1220 = EDGE_CURVE ( 'NONE', #6650, #4758, #7032, .T. ) ;
#1221 = DIRECTION ( 'NONE',  ( -0.0000000000000000000, -0.0000000000000000000, -1.000000000000000000 ) ) ;
#1222 = ORIENTED_EDGE ( 'NONE', *, *, #8359, .T. ) ;
#1223 = CARTESIAN_POINT ( 'NONE',  ( 0.4816698036809432000, 1.032311519934303100, 0.4700000000000000300 ) ) ;
#1224 = CARTESIAN_POINT ( 'NONE',  ( 0.5799932420423163900, 1.160756827001928200, 0.4700000000000000300 ) ) ;
#1225 = VECTOR ( 'NONE', #10336, 1000.000000000000000 ) ;
#1226 = CARTESIAN_POINT ( 'NONE',  ( -0.8750000000000001100, 1.500999999999999900, 0.1000000000000000100 ) ) ;
#1227 = ORIENTED_EDGE ( 'NONE', *, *, #5921, .F. ) ;
#1228 = ADVANCED_FACE ( 'NONE', ( #7404 ), #3500, .F. ) ;
#1229 = FACE_OUTER_BOUND ( 'NONE', #3172, .T. ) ;
#1230 = CARTESIAN_POINT ( 'NONE',  ( 0.1249999999999998900, 0.0000000000000000000, -0.0000000000000000000 ) ) ;
#1231 = B_SPLINE_CURVE_WITH_KNOTS ( 'NONE', 3,
 ( #4651, #5440, #1411, #4685, #7974, #10408, #6380 ),
 .UNSPECIFIED., .F., .F.,
 ( 4, 3, 4 ),
 ( 0.0000000000000000000, 1.000000000000000000, 2.000000000000000000 ),
 .UNSPECIFIED. ) ;
#1232 = DIRECTION ( 'NONE',  ( -0.0000000000000000000, -0.0000000000000000000, -1.000000000000000000 ) ) ;
#1233 = ORIENTED_EDGE ( 'NONE', *, *, #4900, .F. ) ;
#1234 =( LENGTH_UNIT ( ) NAMED_UNIT ( * ) SI_UNIT ( .MILLI., .METRE. ) );
#1235 = CARTESIAN_POINT ( 'NONE',  ( -0.3077072538203315400, 1.307530592539983600, 0.4700000000000000300 ) ) ;
#1236 = CARTESIAN_POINT ( 'NONE',  ( 0.4074556496666246800, 1.126154993477481900, 0.4700000000000000300 ) ) ;
#1237 = DIRECTION ( 'NONE',  ( -0.3409177962187313600, -0.9400931103999027300, -0.0000000000000000000 ) ) ;
#1238 = EDGE_CURVE ( 'NONE', #8044, #5651, #8054, .T. ) ;
#1239 = DIRECTION ( 'NONE',  ( 1.000000000000000000, 0.0000000000000000000, -0.0000000000000000000 ) ) ;
#1240 = EDGE_CURVE ( 'NONE', #8969, #1770, #8179, .T. ) ;
#1241 = CARTESIAN_POINT ( 'NONE',  ( 0.3390477658433275200, 1.332646003416362500, 0.4700000000000000300 ) ) ;
#1242 = ORIENTED_EDGE ( 'NONE', *, *, #1703, .F. ) ;
#1243 = VECTOR ( 'NONE', #3547, 1000.000000000000000 ) ;
#1244 = VERTEX_POINT ( 'NONE', #8436 ) ;
#1245 = VECTOR ( 'NONE', #8236, 1000.000000000000000 ) ;
#1246 =( NAMED_UNIT ( * ) SI_UNIT ( $, .STERADIAN. ) SOLID_ANGLE_UNIT ( ) );
#1247 = CARTESIAN_POINT ( 'NONE',  ( 0.04643433496975097500, 1.058319853848341400, 0.4700000000000000300 ) ) ;
#1248 = DIRECTION ( 'NONE',  ( -0.0000000000000000000, 1.000000000000000000, -0.0000000000000000000 ) ) ;
#1249 = CARTESIAN_POINT ( 'NONE',  ( 0.0000000000000000000, 0.0000000000000000000, 0.4700000000000000300 ) ) ;
#1250 = FACE_OUTER_BOUND ( 'NONE', #3637, .T. ) ;
#1251 = VERTEX_POINT ( 'NONE', #1051 ) ;
#1252 = LINE ( 'NONE', #1032, #72 ) ;
#1253 = EDGE_CURVE ( 'NONE', #7238, #5958, #9708, .T. ) ;
#1254 = ORIENTED_EDGE ( 'NONE', *, *, #5212, .F. ) ;
#1255 = FILL_AREA_STYLE ('',( #10227 ) ) ;
#1256 = ADVANCED_FACE ( 'NONE', ( #3052 ), #2609, .F. ) ;
#1257 = CARTESIAN_POINT ( 'NONE',  ( -0.1552296270508055900, 1.376391463649890800, 0.4700000000000000300 ) ) ;
#1258 = CARTESIAN_POINT ( 'NONE',  ( 0.8201134615637640800, 1.103283594146726700, 0.4700000000000000300 ) ) ;
#1259 = VECTOR ( 'NONE', #781, 1000.000000000000000 ) ;
#1260 = B_SPLINE_CURVE_WITH_KNOTS ( 'NONE', 3,
 ( #2552, #4241, #9942, #128 ),
 .UNSPECIFIED., .F., .F.,
 ( 4, 4 ),
 ( 1.000000000000000000, 2.000000000000000000 ),
 .UNSPECIFIED. ) ;
#1261 = ORIENTED_EDGE ( 'NONE', *, *, #3700, .F. ) ;
#1262 = VECTOR ( 'NONE', #5534, 1000.000000000000000 ) ;
#1263 = DIRECTION ( 'NONE',  ( -0.0000000000000000000, 0.0000000000000000000, 1.000000000000000000 ) ) ;
#1264 = PLANE ( 'NONE',  #9365 ) ;
#1265 = VERTEX_POINT ( 'NONE', #10139 ) ;
#1266 = CARTESIAN_POINT ( 'NONE',  ( 0.5786374632159616600, 1.274760142223185800, 0.4600000000000000200 ) ) ;
#1267 = PRESENTATION_STYLE_ASSIGNMENT (( #5778 ) ) ;
#1268 = LINE ( 'NONE', #5391, #3578 ) ;
#1269 = ORIENTED_EDGE ( 'NONE', *, *, #827, .F. ) ;
#1270 = CARTESIAN_POINT ( 'NONE',  ( 0.3469171777261872400, 1.068622813717637500, 0.4600000000000000200 ) ) ;
#1271 = CARTESIAN_POINT ( 'NONE',  ( 0.1249999999999998900, 1.500000000000000000, 0.0000000000000000000 ) ) ;
#1272 = CARTESIAN_POINT ( 'NONE',  ( 0.7138027175090877500, 1.064083901994432400, 0.4700000000000000300 ) ) ;
#1273 = ORIENTED_EDGE ( 'NONE', *, *, #7502, .F. ) ;
#1274 = PLANE ( 'NONE',  #980 ) ;
#1275 = EDGE_CURVE ( 'NONE', #6868, #5261, #9450, .T. ) ;
#1276 = CARTESIAN_POINT ( 'NONE',  ( -0.2593406939504859800, 1.146035506937094700, 0.4700000000000000300 ) ) ;
#1277 = ORIENTED_EDGE ( 'NONE', *, *, #7282, .F. ) ;
#1278 = AXIS2_PLACEMENT_3D ( 'NONE', #1941, #3616, #237 ) ;
#1279 = COLOUR_RGB ( '',0.6666666666666666300, 0.6666666666666666300, 0.6666666666666666300 ) ;
#1280 = AXIS2_PLACEMENT_3D ( 'NONE', #4443, #5987, #7717 ) ;
#1281 = CARTESIAN_POINT ( 'NONE',  ( 0.0000000000000000000, 1.101000000000000000, 0.0000000000000000000 ) ) ;
#1282 = ORIENTED_EDGE ( 'NONE', *, *, #7020, .F. ) ;
#1283 = COLOUR_RGB ( '',0.2980392156862745100, 0.2980392156862745100, 0.2980392156862745100 ) ;
#1284 = ORIENTED_EDGE ( 'NONE', *, *, #9668, .T. ) ;
#1285 = DIRECTION ( 'NONE',  ( 0.0000000000000000000, 1.000000000000000000, 0.0000000000000000000 ) ) ;
#1286 = DIRECTION ( 'NONE',  ( -1.000000000000000000, 0.0000000000000000000, 0.0000000000000000000 ) ) ;
#1287 = CARTESIAN_POINT ( 'NONE',  ( 0.7230279082182877700, 1.091847894481734200, 0.4700000000000000300 ) ) ;
#1288 = CARTESIAN_POINT ( 'NONE',  ( 0.3514855629021116400, 1.068622813717637500, 0.4600000000000000200 ) ) ;
#1289 = ORIENTED_EDGE ( 'NONE', *, *, #4769, .T. ) ;
#1290 = EDGE_CURVE ( 'NONE', #7226, #6841, #3190, .T. ) ;
#1291 = UNCERTAINTY_MEASURE_WITH_UNIT (LENGTH_MEASURE( 1.000000000000000100E-005 ), #6995, 'distance_accuracy_value', 'NONE');
#1292 = PRESENTATION_LAYER_ASSIGNMENT (  '', '', ( #3987 ) ) ;
#1293 = VERTEX_POINT ( 'NONE', #8361 ) ;
#1294 = VECTOR ( 'NONE', #6914, 1000.000000000000000 ) ;
#1295 = VERTEX_POINT ( 'NONE', #9192 ) ;
#1296 = CARTESIAN_POINT ( 'NONE',  ( -0.001932209264175819900, 1.058319853848341400, 0.4700000000000000300 ) ) ;
#1297 = DIRECTION ( 'NONE',  ( -0.0000000000000000000, -0.0000000000000000000, -1.000000000000000000 ) ) ;
#1298 = DIRECTION ( 'NONE',  ( 0.0000000000000000000, -1.000000000000000000, 0.0000000000000000000 ) ) ;
#1299 = DIRECTION ( 'NONE',  ( 0.0000000000000000000, 0.0000000000000000000, 1.000000000000000000 ) ) ;
#1300 = FILL_AREA_STYLE_COLOUR ( '', #9120 ) ;
#1301 = PRESENTATION_STYLE_ASSIGNMENT (( #598 ) ) ;
#1302 = EDGE_CURVE ( 'NONE', #1368, #3846, #5853, .T. ) ;
#1303 = ORIENTED_EDGE ( 'NONE', *, *, #7125, .F. ) ;
#1304 = PRESENTATION_STYLE_ASSIGNMENT (( #4238 ) ) ;
#1305 = ORIENTED_EDGE ( 'NONE', *, *, #7695, .T. ) ;
#1306 = CARTESIAN_POINT ( 'NONE',  ( 0.6805271893582750500, 1.071864893519937300, 0.4700000000000000300 ) ) ;
#1307 = B_SPLINE_CURVE_WITH_KNOTS ( 'NONE', 3,
 ( #3828, #3754, #8753, #442 ),
 .UNSPECIFIED., .F., .F.,
 ( 4, 4 ),
 ( 33.00000000000000000, 34.00000000000000000 ),
 .UNSPECIFIED. ) ;
#1308 = CARTESIAN_POINT ( 'NONE',  ( 0.5099348448647560400, 1.072395415668760100, 0.4700000000000000300 ) ) ;
#1309 = FILL_AREA_STYLE_COLOUR ( '', #4517 ) ;
#1310 = CARTESIAN_POINT ( 'NONE',  ( 0.3976409899023887800, 1.246406680681625600, 0.4700000000000000300 ) ) ;
#1311 = DIRECTION ( 'NONE',  ( 0.0000000000000000000, 1.000000000000000000, -0.0000000000000000000 ) ) ;
#1312 = CARTESIAN_POINT ( 'NONE',  ( 0.4964654769594696300, 1.043924060316350700, 0.4700000000000000300 ) ) ;
#1313 = EDGE_CURVE ( 'NONE', #5015, #2637, #9983, .T. ) ;
#1314 = CARTESIAN_POINT ( 'NONE',  ( 0.4590341919722750700, 1.139300153402147900, 0.4700000000000000300 ) ) ;
#1315 = ORIENTED_EDGE ( 'NONE', *, *, #6142, .T. ) ;
#1316 = VECTOR ( 'NONE', #8953, 1000.000000000000000 ) ;
#1317 = ADVANCED_FACE ( 'NONE', ( #2784 ), #6734, .F. ) ;
#1318 = ORIENTED_EDGE ( 'NONE', *, *, #9398, .F. ) ;
#1319 = FACE_OUTER_BOUND ( 'NONE', #9130, .T. ) ;
#1320 = ORIENTED_EDGE ( 'NONE', *, *, #6749, .T. ) ;
#1321 = CARTESIAN_POINT ( 'NONE',  ( 0.5651091484052507300, 1.174019880737442200, 0.4600000000000000200 ) ) ;
#1322 = CARTESIAN_POINT ( 'NONE',  ( 0.6920807828348962700, 1.241631981336714700, 0.4700000000000000300 ) ) ;
#1323 = EDGE_CURVE ( 'NONE', #7593, #6675, #9769, .T. ) ;
#1324 =( LENGTH_UNIT ( ) NAMED_UNIT ( * ) SI_UNIT ( .MILLI., .METRE. ) );
#1325 = CARTESIAN_POINT ( 'NONE',  ( 0.6370243731052528400, 1.286195841888956300, 0.4700000000000000300 ) ) ;
#1326 = DIRECTION ( 'NONE',  ( -0.0000000000000000000, -0.0000000000000000000, -1.000000000000000000 ) ) ;
#1327 = CARTESIAN_POINT ( 'NONE',  ( -0.1773634841682873200, 1.117343431132259900, 0.4600000000000000200 ) ) ;
#1328 = DIRECTION ( 'NONE',  ( -0.0000000000000000000, -0.0000000000000000000, -1.000000000000000000 ) ) ;
#1329 = ORIENTED_EDGE ( 'NONE', *, *, #1830, .T. ) ;
#1330 = VECTOR ( 'NONE', #1187, 1000.000000000000000 ) ;
#1331 = EDGE_LOOP ( 'NONE', ( #3435, #8809, #4724, #10326, #3215, #8357, #8346 ) ) ;
#1332 = LINE ( 'NONE', #5216, #6813 ) ;
#1333 = DIRECTION ( 'NONE',  ( -1.000000000000000000, -0.0000000000000000000, -0.0000000000000000000 ) ) ;
#1334 = ORIENTED_EDGE ( 'NONE', *, *, #338, .T. ) ;
#1335 = DIRECTION ( 'NONE',  ( -0.0000000000000000000, -0.0000000000000000000, -1.000000000000000000 ) ) ;
#1336 = CARTESIAN_POINT ( 'NONE',  ( 0.3287025839294849800, 1.063258645317694200, 0.4700000000000000300 ) ) ;
#1337 = FACE_OUTER_BOUND ( 'NONE', #2485, .T. ) ;
#1338 = CARTESIAN_POINT ( 'NONE',  ( 0.3382519826189163700, 1.265092849722512700, 0.4700000000000000300 ) ) ;
#1339 = B_SPLINE_CURVE_WITH_KNOTS ( 'NONE', 3,
 ( #1544, #5520, #8845, #9604 ),
 .UNSPECIFIED., .F., .F.,
 ( 4, 4 ),
 ( 16.00000000000000000, 17.00000000000000000 ),
 .UNSPECIFIED. ) ;
#1340 = CARTESIAN_POINT ( 'NONE',  ( 0.6577442103856461200, 1.335711242501596500, 0.4700000000000000300 ) ) ;
#1341 = AXIS2_PLACEMENT_3D ( 'NONE', #5006, #33, #6546 ) ;
#1342 = CARTESIAN_POINT ( 'NONE',  ( -0.1250000000000001100, -1.500999999999999900, 0.1000000000000000100 ) ) ;
#1343 = ORIENTED_EDGE ( 'NONE', *, *, #7913, .T. ) ;
#1344 = ORIENTED_EDGE ( 'NONE', *, *, #2779, .F. ) ;
#1345 = EDGE_CURVE ( 'NONE', #9577, #8297, #9009, .T. ) ;
#1346 = ADVANCED_FACE ( 'NONE', ( #4602 ), #5394, .F. ) ;
#1347 = ORIENTED_EDGE ( 'NONE', *, *, #9081, .F. ) ;
#1348 = CARTESIAN_POINT ( 'NONE',  ( 0.3976409899023887800, 1.354161623920780800, 0.4700000000000000300 ) ) ;
#1349 = DIRECTION ( 'NONE',  ( -0.0000000000000000000, 1.000000000000000000, -0.0000000000000000000 ) ) ;
#1350 = FILL_AREA_STYLE ('',( #1309 ) ) ;
#1351 = DIRECTION ( 'NONE',  ( -0.0000000000000000000, -0.0000000000000000000, -1.000000000000000000 ) ) ;
#1352 = CARTESIAN_POINT ( 'NONE',  ( 0.3432329961332066800, 1.069860698733130100, 0.4700000000000000300 ) ) ;
#1353 = MECHANICAL_DESIGN_GEOMETRIC_PRESENTATION_REPRESENTATION (  '', ( #1667 ), #234 ) ;
#1354 = CARTESIAN_POINT ( 'NONE',  ( 0.3269341767647745400, 1.297985222987278600, 0.4700000000000000300 ) ) ;
#1355 = DIRECTION ( 'NONE',  ( -1.000000000000000000, 0.0000000000000000000, 0.0000000000000000000 ) ) ;
#1356 = AXIS2_PLACEMENT_3D ( 'NONE', #10181, #7003, #4429 ) ;
#1357 = ORIENTED_EDGE ( 'NONE', *, *, #9697, .T. ) ;
#1358 = DIRECTION ( 'NONE',  ( -2.538891699852962500E-014, 1.000000000000000000, 0.0000000000000000000 ) ) ;
#1359 = ORIENTED_EDGE ( 'NONE', *, *, #5236, .T. ) ;
#1360 = EDGE_CURVE ( 'NONE', #1600, #4325, #365, .T. ) ;
#1361 = VECTOR ( 'NONE', #66, 1000.000000000000000 ) ;
#1362 = DIRECTION ( 'NONE',  ( -0.9434452330824796300, 0.3315284183504420600, 0.0000000000000000000 ) ) ;
#1363 = EDGE_CURVE ( 'NONE', #1424, #7169, #182, .T. ) ;
#1364 = DIRECTION ( 'NONE',  ( -1.000000000000000000, -0.0000000000000000000, -0.0000000000000000000 ) ) ;
#1365 =( NAMED_UNIT ( * ) SI_UNIT ( $, .STERADIAN. ) SOLID_ANGLE_UNIT ( ) );
#1366 = CARTESIAN_POINT ( 'NONE',  ( 0.6805271893582750500, 1.071864893519937300, 0.4700000000000000300 ) ) ;
#1367 = DIRECTION ( 'NONE',  ( 1.000000000000000000, 0.0000000000000000000, 0.0000000000000000000 ) ) ;
#1368 = VERTEX_POINT ( 'NONE', #8627 ) ;
#1369 = VECTOR ( 'NONE', #10022, 1000.000000000000000 ) ;
#1370 = CARTESIAN_POINT ( 'NONE',  ( 0.3576160410733590900, 1.345437481907692400, 0.4600000000000000200 ) ) ;
#1371 = ORIENTED_EDGE ( 'NONE', *, *, #2553, .F. ) ;
#1372 = LINE ( 'NONE', #1636, #8013 ) ;
#1373 = LINE ( 'NONE', #2824, #9523 ) ;
#1374 = EDGE_CURVE ( 'NONE', #3310, #1483, #6683, .T. ) ;
#1375 = DIRECTION ( 'NONE',  ( -0.0000000000000000000, -0.0000000000000000000, -1.000000000000000000 ) ) ;
#1376 = ORIENTED_EDGE ( 'NONE', *, *, #742, .F. ) ;
#1377 = SURFACE_STYLE_USAGE ( .BOTH. , #8770 ) ;
#1378 = PRESENTATION_STYLE_ASSIGNMENT (( #8975 ) ) ;
#1379 = PLANE ( 'NONE',  #8434 ) ;
#1380 = CARTESIAN_POINT ( 'NONE',  ( 0.6992723053045858400, 1.174019880737444500, 0.4600000000000000200 ) ) ;
#1381 = ORIENTED_EDGE ( 'NONE', *, *, #8458, .T. ) ;
#1382 = FACE_OUTER_BOUND ( 'NONE', #1457, .T. ) ;
#1383 =( LENGTH_UNIT ( ) NAMED_UNIT ( * ) SI_UNIT ( .MILLI., .METRE. ) );
#1384 = VECTOR ( 'NONE', #10278, 1000.000000000000000 ) ;
#1385 = DIRECTION ( 'NONE',  ( -0.3315284183576244800, -0.9434452330799556500, 0.0000000000000000000 ) ) ;
#1386 = ORIENTED_EDGE ( 'NONE', *, *, #5129, .F. ) ;
#1387 = VECTOR ( 'NONE', #7706, 1000.000000000000000 ) ;
#1388 = CARTESIAN_POINT ( 'NONE',  ( 0.0000000000000000000, 0.0000000000000000000, 0.4700000000000000300 ) ) ;
#1389 = CARTESIAN_POINT ( 'NONE',  ( -0.2117939250981358500, 1.053401170288617000, 0.4700000000000000300 ) ) ;
#1390 = CARTESIAN_POINT ( 'NONE',  ( 0.4791645601976386400, 1.019932669780945400, 0.4700000000000000300 ) ) ;
#1391 = VERTEX_POINT ( 'NONE', #2122 ) ;
#1392 = DIRECTION ( 'NONE',  ( 0.9903286039881280500, 0.1387416884823210500, 0.0000000000000000000 ) ) ;
#1393 = EDGE_CURVE ( 'NONE', #6730, #9409, #8920, .T. ) ;
#1394 = VECTOR ( 'NONE', #4389, 1000.000000000000000 ) ;
#1395 = VECTOR ( 'NONE', #9268, 1000.000000000000000 ) ;
#1396 = ORIENTED_EDGE ( 'NONE', *, *, #9064, .T. ) ;
#1397 = LINE ( 'NONE', #3290, #2136 ) ;
#1398 = CARTESIAN_POINT ( 'NONE',  ( 0.4073672293084886200, 1.061608131964231400, 0.4700000000000000300 ) ) ;
#1399 = DIRECTION ( 'NONE',  ( -0.9445574604294342300, -0.3283461648125310400, 0.0000000000000000000 ) ) ;
#1400 = CARTESIAN_POINT ( 'NONE',  ( 0.3296752078697817200, 1.135291763829332300, 0.4600000000000000200 ) ) ;
#1401 = ORIENTED_EDGE ( 'NONE', *, *, #91, .F. ) ;
#1402 = SURFACE_SIDE_STYLE ('',( #1787 ) ) ;
#1403 = CARTESIAN_POINT ( 'NONE',  ( 0.5081664376996564100, 1.079174309800470500, 0.4600000000000000200 ) ) ;
#1404 = ADVANCED_FACE ( 'NONE', ( #7524 ), #9753, .F. ) ;
#1405 = CARTESIAN_POINT ( 'NONE',  ( 0.3976409899023887800, 1.246406680681625600, 0.4700000000000000300 ) ) ;
#1406 = LINE ( 'NONE', #8241, #8778 ) ;
#1407 = LINE ( 'NONE', #1756, #7791 ) ;
#1408 = ORIENTED_EDGE ( 'NONE', *, *, #4801, .T. ) ;
#1409 = SURFACE_STYLE_FILL_AREA ( #8784 ) ;
#1410 = VERTEX_POINT ( 'NONE', #10180 ) ;
#1411 = CARTESIAN_POINT ( 'NONE',  ( -0.1626075898475035600, 1.068157095881235200, 0.4700000000000000300 ) ) ;
#1412 = CARTESIAN_POINT ( 'NONE',  ( -0.1945787046334087300, 1.053401170288617000, 0.4700000000000000300 ) ) ;
#1413 = STYLED_ITEM ( 'NONE', ( #2056 ), #443 ) ;
#1414 = CARTESIAN_POINT ( 'NONE',  ( 0.6542663429616545300, 1.334119676053556500, 0.4700000000000000300 ) ) ;
#1415 = CARTESIAN_POINT ( 'NONE',  ( 0.04151568268147027400, 1.108325948845417100, 0.4700000000000000300 ) ) ;
#1416 = ORIENTED_EDGE ( 'NONE', *, *, #6025, .T. ) ;
#1417 = EDGE_LOOP ( 'NONE', ( #6087, #1687, #10568, #2019 ) ) ;
#1418 = ORIENTED_EDGE ( 'NONE', *, *, #5290, .T. ) ;
#1419 = CARTESIAN_POINT ( 'NONE',  ( -0.7500000000000000000, 0.7500000000000000000, -0.02000000000000000000 ) ) ;
#1420 = DIRECTION ( 'NONE',  ( -0.0000000000000000000, -0.0000000000000000000, -1.000000000000000000 ) ) ;
#1421 = FACE_OUTER_BOUND ( 'NONE', #6692, .T. ) ;
#1422 = CARTESIAN_POINT ( 'NONE',  ( 0.07020774284960168400, 1.280478106588094100, 0.4600000000000000200 ) ) ;
#1423 = EDGE_CURVE ( 'NONE', #1491, #492, #6485, .T. ) ;
#1424 = VERTEX_POINT ( 'NONE', #1247 ) ;
#1425 = VECTOR ( 'NONE', #3858, 1000.000000000000000 ) ;
#1426 = CARTESIAN_POINT ( 'NONE',  ( -0.3577133859521229900, 1.257524489724944000, 0.4700000000000000300 ) ) ;
#1427 = ORIENTED_EDGE ( 'NONE', *, *, #8292, .F. ) ;
#1428 = ADVANCED_FACE ( 'NONE', ( #2396 ), #6597, .F. ) ;
#1429 = SURFACE_STYLE_USAGE ( .BOTH. , #3868 ) ;
#1430 = STYLED_ITEM ( 'NONE', ( #8514 ), #10210 ) ;
#1431 = DIRECTION ( 'NONE',  ( 0.3315284183576245300, 0.9434452330799556500, -0.0000000000000000000 ) ) ;
#1432 = UNCERTAINTY_MEASURE_WITH_UNIT (LENGTH_MEASURE( 1.000000000000000100E-005 ), #1056, 'distance_accuracy_value', 'NONE');
#1433 = LINE ( 'NONE', #2734, #5485 ) ;
#1434 = CARTESIAN_POINT ( 'NONE',  ( 0.5616607544331838600, 1.340073313508533900, 0.4700000000000000300 ) ) ;
#1435 = DIRECTION ( 'NONE',  ( 0.0000000000000000000, 0.0000000000000000000, 1.000000000000000000 ) ) ;
#1436 = EDGE_LOOP ( 'NONE', ( #6122, #6225, #6247, #7806, #2070, #7714, #8445 ) ) ;
#1437 = FACE_OUTER_BOUND ( 'NONE', #4826, .T. ) ;
#1438 = CARTESIAN_POINT ( 'NONE',  ( 0.4475395454010779900, 1.058955521216968300, 0.4700000000000000300 ) ) ;
#1439 = DIRECTION ( 'NONE',  ( 0.0000000000000000000, -1.000000000000000000, 0.0000000000000000000 ) ) ;
#1440 = EDGE_CURVE ( 'NONE', #2221, #8600, #810, .T. ) ;
#1441 = ORIENTED_EDGE ( 'NONE', *, *, #2011, .F. ) ;
#1442 = CARTESIAN_POINT ( 'NONE',  ( 1.000000000000000000, -1.500000000000000000, 0.4600000000000000200 ) ) ;
#1443 = LINE ( 'NONE', #5756, #6274 ) ;
#1444 = DIRECTION ( 'NONE',  ( 0.0000000000000000000, -1.000000000000000000, 0.0000000000000000000 ) ) ;
#1445 = CARTESIAN_POINT ( 'NONE',  ( 0.4768361574306017600, 1.306768311905006900, 0.4600000000000000200 ) ) ;
#1446 = VECTOR ( 'NONE', #7830, 1000.000000000000000 ) ;
#1447 = CARTESIAN_POINT ( 'NONE',  ( -0.1250000000000001100, -1.500999999999999900, 0.1000000000000000100 ) ) ;
#1448 = EDGE_LOOP ( 'NONE', ( #728, #8529, #3417, #1315 ) ) ;
#1449 = CARTESIAN_POINT ( 'NONE',  ( 0.7369688513669763200, 1.148554817564847900, 0.4700000000000000300 ) ) ;
#1450 = CARTESIAN_POINT ( 'NONE',  ( 0.4115524595983660100, 1.105818311083129900, 0.4600000000000000200 ) ) ;
#1451 = CARTESIAN_POINT ( 'NONE',  ( 0.5374041028241503000, 1.356932128478890400, 0.4700000000000000300 ) ) ;
#1452 = EDGE_CURVE ( 'NONE', #2710, #6432, #230, .T. ) ;
#1453 = ADVANCED_FACE ( 'NONE', ( #10483 ), #2185, .F. ) ;
#1454 = EDGE_CURVE ( 'NONE', #2447, #6434, #8667, .T. ) ;
#1455 = VECTOR ( 'NONE', #1113, 1000.000000000000000 ) ;
#1456 = CARTESIAN_POINT ( 'NONE',  ( -0.2388463875961558100, 1.321466719296756000, 0.4700000000000000300 ) ) ;
#1457 = EDGE_LOOP ( 'NONE', ( #8805, #3103, #9445, #245 ) ) ;
#1458 = CARTESIAN_POINT ( 'NONE',  ( 0.4590341919722750700, 1.139300153402147900, 0.4600000000000000200 ) ) ;
#1459 = DIRECTION ( 'NONE',  ( 0.0000000000000000000, 0.0000000000000000000, -1.000000000000000000 ) ) ;
#1460 = CARTESIAN_POINT ( 'NONE',  ( 0.3019112153832579900, 1.110651957333468100, 0.4600000000000000200 ) ) ;
#1461 = DIRECTION ( 'NONE',  ( 0.0000000000000000000, 0.0000000000000000000, -1.000000000000000000 ) ) ;
#1462 = VERTEX_POINT ( 'NONE', #4704 ) ;
#1463 = ORIENTED_EDGE ( 'NONE', *, *, #7045, .T. ) ;
#1464 = FACE_OUTER_BOUND ( 'NONE', #5687, .T. ) ;
#1465 = VERTEX_POINT ( 'NONE', #2976 ) ;
#1466 = CARTESIAN_POINT ( 'NONE',  ( -0.1839216559474985400, 1.355897156317625200, 0.4700000000000000300 ) ) ;
#1467 = CARTESIAN_POINT ( 'NONE',  ( 0.7427751215583920900, 1.134938082395997400, 0.4600000000000000200 ) ) ;
#1468 = EDGE_LOOP ( 'NONE', ( #8207, #8736 ) ) ;
#1469 = CARTESIAN_POINT ( 'NONE',  ( 0.5106127342771444900, 1.073928035212159400, 0.4600000000000000200 ) ) ;
#1470 = EDGE_CURVE ( 'NONE', #549, #10163, #4340, .T. ) ;
#1471 = DIRECTION ( 'NONE',  ( 0.0000000000000000000, -1.000000000000000000, -0.0000000000000000000 ) ) ;
#1472 = ORIENTED_EDGE ( 'NONE', *, *, #9994, .T. ) ;
#1473 = CARTESIAN_POINT ( 'NONE',  ( 0.4536994970250442000, 1.063317592223118800, 0.4700000000000000300 ) ) ;
#1474 = VERTEX_POINT ( 'NONE', #6267 ) ;
#1475 = CARTESIAN_POINT ( 'NONE',  ( 0.5700901619191470800, 1.332822844132638900, 0.4600000000000000200 ) ) ;
#1476 = PRESENTATION_STYLE_ASSIGNMENT (( #81 ) ) ;
#1477 = LINE ( 'NONE', #10309, #10545 ) ;
#1478 = ORIENTED_EDGE ( 'NONE', *, *, #5921, .T. ) ;
#1479 = VECTOR ( 'NONE', #9552, 999.9999999999998900 ) ;
#1480 = ORIENTED_EDGE ( 'NONE', *, *, #3845, .F. ) ;
#1481 = SURFACE_SIDE_STYLE ('',( #2060 ) ) ;
#1482 = FILL_AREA_STYLE_COLOUR ( '', #6625 ) ;
#1483 = VERTEX_POINT ( 'NONE', #10397 ) ;
#1484 = CARTESIAN_POINT ( 'NONE',  ( 0.3892115824168184100, 1.255543451032689500, 0.4700000000000000300 ) ) ;
#1485 = LINE ( 'NONE', #5069, #4672 ) ;
#1486 = DIRECTION ( 'NONE',  ( 0.0000000000000000000, 0.0000000000000000000, -1.000000000000000000 ) ) ;
#1487 = EDGE_CURVE ( 'NONE', #10524, #7166, #1757, .T. ) ;
#1488 = ORIENTED_EDGE ( 'NONE', *, *, #206, .T. ) ;
#1489 = VECTOR ( 'NONE', #599, 1000.000000000000000 ) ;
#1490 = CARTESIAN_POINT ( 'NONE',  ( -0.7000000000000000700, -1.200000000000000200, 0.4400000000000000000 ) ) ;
#1491 = VERTEX_POINT ( 'NONE', #5465 ) ;
#1492 = DIRECTION ( 'NONE',  ( 1.000000000000000000, -0.0000000000000000000, 0.0000000000000000000 ) ) ;
#1493 = EDGE_CURVE ( 'NONE', #4399, #5596, #3844, .T. ) ;
#1494 = PRESENTATION_LAYER_ASSIGNMENT (  '', '', ( #1137 ) ) ;
#1495 = ORIENTED_EDGE ( 'NONE', *, *, #4420, .T. ) ;
#1496 = VECTOR ( 'NONE', #9920, 1000.000000000000000 ) ;
#1497 = EDGE_CURVE ( 'NONE', #1579, #8980, #10222, .T. ) ;
#1498 = EDGE_LOOP ( 'NONE', ( #462, #4881, #3380, #3645, #1597, #6574 ) ) ;
#1499 = FILL_AREA_STYLE_COLOUR ( '', #351 ) ;
#1500 = CARTESIAN_POINT ( 'NONE',  ( 0.3473003326122348600, 1.142954861543203500, 0.4700000000000000300 ) ) ;
#1501 = DIRECTION ( 'NONE',  ( -0.0000000000000000000, -0.0000000000000000000, -1.000000000000000000 ) ) ;
#1502 = CARTESIAN_POINT ( 'NONE',  ( 0.5700901619191470800, 1.332822844132638900, 0.4700000000000000300 ) ) ;
#1503 = FACE_OUTER_BOUND ( 'NONE', #7467, .T. ) ;
#1504 = ORIENTED_EDGE ( 'NONE', *, *, #5366, .F. ) ;
#1505 = LINE ( 'NONE', #10186, #2757 ) ;
#1506 = ORIENTED_EDGE ( 'NONE', *, *, #9907, .F. ) ;
#1507 = DIRECTION ( 'NONE',  ( 0.0000000000000000000, -0.0000000000000000000, 1.000000000000000000 ) ) ;
#1508 = CARTESIAN_POINT ( 'NONE',  ( -0.1117817038333259600, 1.086192122999369800, 0.4600000000000000200 ) ) ;
#1509 = LINE ( 'NONE', #448, #7768 ) ;
#1510 = EDGE_LOOP ( 'NONE', ( #3767, #6564, #5291, #6770 ) ) ;
#1511 = PRESENTATION_STYLE_ASSIGNMENT (( #9971 ) ) ;
#1512 = CARTESIAN_POINT ( 'NONE',  ( 0.3051827686378725300, 1.174019880737442200, 0.4600000000000000200 ) ) ;
#1513 = DIRECTION ( 'NONE',  ( -0.0000000000000000000, -0.0000000000000000000, -1.000000000000000000 ) ) ;
#1514 =( GEOMETRIC_REPRESENTATION_CONTEXT ( 3 ) GLOBAL_UNCERTAINTY_ASSIGNED_CONTEXT ( ( #4129 ) ) GLOBAL_UNIT_ASSIGNED_CONTEXT ( ( #9105, #3521, #9210 ) ) REPRESENTATION_CONTEXT ( 'NONE', 'WORKASPACE' ) );
#1515 = VERTEX_POINT ( 'NONE', #7172 ) ;
#1516 = CARTESIAN_POINT ( 'NONE',  ( 0.3749999999999998900, 1.101000000000000000, -0.04000000000000000100 ) ) ;
#1517 = DIRECTION ( 'NONE',  ( -0.0000000000000000000, -0.0000000000000000000, -1.000000000000000000 ) ) ;
#1518 = SURFACE_STYLE_FILL_AREA ( #1824 ) ;
#1519 = LINE ( 'NONE', #2017, #9687 ) ;
#1520 = CARTESIAN_POINT ( 'NONE',  ( 0.3397551287092143700, 1.056774485713890800, 0.4700000000000000300 ) ) ;
#1521 = ORIENTED_EDGE ( 'NONE', *, *, #6591, .T. ) ;
#1522 = CARTESIAN_POINT ( 'NONE',  ( 0.4734761838178589400, 1.021111607891017800, 0.4700000000000000300 ) ) ;
#1523 = CARTESIAN_POINT ( 'NONE',  ( 0.8021346553887618300, 1.152798994760150700, 0.4600000000000000200 ) ) ;
#1524 = DIRECTION ( 'NONE',  ( 1.000000000000000000, 1.128396311045738000E-014, -0.0000000000000000000 ) ) ;
#1525 = B_SPLINE_CURVE_WITH_KNOTS ( 'NONE', 3,
 ( #7234, #9721, #4000, #10460 ),
 .UNSPECIFIED., .F., .F.,
 ( 4, 4 ),
 ( 12.00000000000000000, 13.00000000000000000 ),
 .UNSPECIFIED. ) ;
#1526 = EDGE_CURVE ( 'NONE', #879, #2315, #8150, .T. ) ;
#1527 = CARTESIAN_POINT ( 'NONE',  ( 0.5983846765552801600, 1.282894815181238700, 0.4600000000000000200 ) ) ;
#1528 = EDGE_LOOP ( 'NONE', ( #1110, #1227, #4615, #722 ) ) ;
#1529 = ADVANCED_FACE ( 'NONE', ( #8262 ), #10165, .F. ) ;
#1530 = LINE ( 'NONE', #565, #5970 ) ;
#1531 = CARTESIAN_POINT ( 'NONE',  ( 0.3877968566850573700, 1.111713001631901500, 0.4700000000000000300 ) ) ;
#1532 = CARTESIAN_POINT ( 'NONE',  ( -0.1250000000000001100, -1.500999999999999900, -0.04000000000000000100 ) ) ;
#1533 = ORIENTED_EDGE ( 'NONE', *, *, #2332, .T. ) ;
#1534 = MECHANICAL_DESIGN_GEOMETRIC_PRESENTATION_REPRESENTATION (  '', ( #1712 ), #2064 ) ;
#1535 = LINE ( 'NONE', #8371, #2274 ) ;
#1536 = VERTEX_POINT ( 'NONE', #2291 ) ;
#1537 = DIRECTION ( 'NONE',  ( -0.0000000000000000000, -1.000000000000000000, -0.0000000000000000000 ) ) ;
#1538 = EDGE_LOOP ( 'NONE', ( #4475, #570 ) ) ;
#1539 = EDGE_LOOP ( 'NONE', ( #6313, #7865, #5784, #241 ) ) ;
#1540 = ORIENTED_EDGE ( 'NONE', *, *, #855, .T. ) ;
#1541 = EDGE_CURVE ( 'NONE', #4390, #6238, #1530, .T. ) ;
#1542 = CARTESIAN_POINT ( 'NONE',  ( 0.4074556496666271700, 1.118845577196947200, 0.4600000000000000200 ) ) ;
#1543 = VERTEX_POINT ( 'NONE', #7105 ) ;
#1544 = CARTESIAN_POINT ( 'NONE',  ( 0.4629836346400604800, 1.081119557681841800, 0.4700000000000000300 ) ) ;
#1545 = CARTESIAN_POINT ( 'NONE',  ( 0.4115524595983660100, 1.105818311083129900, 0.4600000000000000200 ) ) ;
#1546 = DIRECTION ( 'NONE',  ( 1.000000000000000000, 2.109575325578791100E-013, -0.0000000000000000000 ) ) ;
#1547 = CARTESIAN_POINT ( 'NONE',  ( 0.2457937613547887000, 1.241631981336715800, 0.4600000000000000200 ) ) ;
#1548 = VECTOR ( 'NONE', #4111, 1000.000000000000100 ) ;
#1549 = AXIS2_PLACEMENT_3D ( 'NONE', #10494, #1524, #2253 ) ;
#1550 = ORIENTED_EDGE ( 'NONE', *, *, #5539, .T. ) ;
#1551 = VECTOR ( 'NONE', #2175, 1000.000000000000000 ) ;
#1552 = ORIENTED_EDGE ( 'NONE', *, *, #3329, .T. ) ;
#1553 = CARTESIAN_POINT ( 'NONE',  ( 0.3051827686378725300, 1.160756827001924200, 0.4700000000000000300 ) ) ;
#1554 = DIRECTION ( 'NONE',  ( 1.000000000000000000, 0.0000000000000000000, 0.0000000000000000000 ) ) ;
#1555 = DIRECTION ( 'NONE',  ( -0.0000000000000000000, 0.0000000000000000000, 1.000000000000000000 ) ) ;
#1556 = UNCERTAINTY_MEASURE_WITH_UNIT (LENGTH_MEASURE( 1.000000000000000100E-005 ), #7153, 'distance_accuracy_value', 'NONE');
#1557 = AXIS2_PLACEMENT_3D ( 'NONE', #3315, #4162, #7427 ) ;
#1558 =( GEOMETRIC_REPRESENTATION_CONTEXT ( 3 ) GLOBAL_UNCERTAINTY_ASSIGNED_CONTEXT ( ( #9326 ) ) GLOBAL_UNIT_ASSIGNED_CONTEXT ( ( #5718, #10574, #8972 ) ) REPRESENTATION_CONTEXT ( 'NONE', 'WORKASPACE' ) );
#1559 = ORIENTED_EDGE ( 'NONE', *, *, #2542, .F. ) ;
#1560 = CARTESIAN_POINT ( 'NONE',  ( 0.4581499883897264300, 1.094736292850697800, 0.4600000000000000200 ) ) ;
#1561 = CARTESIAN_POINT ( 'NONE',  ( 0.7085269694672780000, 1.241631981336718300, 0.4700000000000000300 ) ) ;
#1562 = CARTESIAN_POINT ( 'NONE',  ( 0.3216289552702570300, 1.096151018582461200, 0.4700000000000000300 ) ) ;
#1563 = B_SPLINE_CURVE_WITH_KNOTS ( 'NONE', 3,
 ( #2341, #4783, #5588, #1542 ),
 .UNSPECIFIED., .F., .F.,
 ( 4, 4 ),
 ( 6.000000000000000000, 7.000000000000000000 ),
 .UNSPECIFIED. ) ;
#1564 = CARTESIAN_POINT ( 'NONE',  ( 0.4356027970391868100, 1.254777141261381100, 0.4600000000000000200 ) ) ;
#1565 = CARTESIAN_POINT ( 'NONE',  ( 0.1210335975911644700, 1.095209605287003500, 0.4700000000000000300 ) ) ;
#1566 = ORIENTED_EDGE ( 'NONE', *, *, #1633, .T. ) ;
#1567 = EDGE_CURVE ( 'NONE', #6655, #1295, #6895, .T. ) ;
#1568 = ORIENTED_EDGE ( 'NONE', *, *, #10418, .F. ) ;
#1569 = ORIENTED_EDGE ( 'NONE', *, *, #939, .T. ) ;
#1570 = DIRECTION ( 'NONE',  ( 0.0000000000000000000, 0.0000000000000000000, 1.000000000000000000 ) ) ;
#1571 = ADVANCED_FACE ( 'NONE', ( #3717 ), #3055, .F. ) ;
#1572 = CARTESIAN_POINT ( 'NONE',  ( 0.04561457522409082700, 1.327205123512742200, 0.4700000000000000300 ) ) ;
#1573 = ORIENTED_EDGE ( 'NONE', *, *, #1761, .F. ) ;
#1574 = CARTESIAN_POINT ( 'NONE',  ( -0.1117817038333259600, 1.088651433507795000, 0.4700000000000000300 ) ) ;
#1575 = DIRECTION ( 'NONE',  ( 0.0000000000000000000, -0.0000000000000000000, 1.000000000000000000 ) ) ;
#1576 = ORIENTED_EDGE ( 'NONE', *, *, #10620, .F. ) ;
#1577 = DIRECTION ( 'NONE',  ( -0.0000000000000000000, 1.000000000000000000, -0.0000000000000000000 ) ) ;
#1578 = EDGE_CURVE ( 'NONE', #1038, #1295, #2917, .T. ) ;
#1579 = VERTEX_POINT ( 'NONE', #1532 ) ;
#1580 = CARTESIAN_POINT ( 'NONE',  ( 0.6555926483352866300, 1.338717534682193100, 0.4600000000000000200 ) ) ;
#1581 = LINE ( 'NONE', #6644, #3506 ) ;
#1582 = LINE ( 'NONE', #323, #10289 ) ;
#1583 = CARTESIAN_POINT ( 'NONE',  ( 0.3334183363685779800, 1.058955521216968300, 0.4600000000000000200 ) ) ;
#1584 = CARTESIAN_POINT ( 'NONE',  ( 0.04643433496975097500, 1.058319853848341400, 0.4600000000000000200 ) ) ;
#1585 = CARTESIAN_POINT ( 'NONE',  ( 0.4734761838178589400, 1.033962033288558800, 0.4600000000000000200 ) ) ;
#1586 = CARTESIAN_POINT ( 'NONE',  ( 0.3078059059324215200, 1.058719733595267600, 0.4700000000000000300 ) ) ;
#1587 = B_SPLINE_CURVE_WITH_KNOTS ( 'NONE', 3,
 ( #2021, #6894, #1143, #416 ),
 .UNSPECIFIED., .F., .F.,
 ( 4, 4 ),
 ( 1.000000000000000000, 2.000000000000000000 ),
 .UNSPECIFIED. ) ;
#1588 = ORIENTED_EDGE ( 'NONE', *, *, #5909, .T. ) ;
#1589 = DIRECTION ( 'NONE',  ( -0.0000000000000000000, -0.0000000000000000000, -1.000000000000000000 ) ) ;
#1590 = ORIENTED_EDGE ( 'NONE', *, *, #8444, .F. ) ;
#1591 = ORIENTED_EDGE ( 'NONE', *, *, #1955, .F. ) ;
#1592 = VECTOR ( 'NONE', #1577, 1000.000000000000000 ) ;
#1593 = PLANE ( 'NONE',  #6271 ) ;
#1594 = ORIENTED_EDGE ( 'NONE', *, *, #2694, .T. ) ;
#1595 = VECTOR ( 'NONE', #9370, 1000.000000000000100 ) ;
#1596 = CARTESIAN_POINT ( 'NONE',  ( 0.4167103138289316400, 1.136411755033188300, 0.4700000000000000300 ) ) ;
#1597 = ORIENTED_EDGE ( 'NONE', *, *, #1220, .T. ) ;
#1598 = VECTOR ( 'NONE', #10320, 1000.000000000000000 ) ;
#1599 = CARTESIAN_POINT ( 'NONE',  ( 0.1513651772506174900, 1.173087969434327500, 0.4700000000000000300 ) ) ;
#1600 = VERTEX_POINT ( 'NONE', #9699 ) ;
#1601 = VECTOR ( 'NONE', #8466, 1000.000000000000000 ) ;
#1602 =( NAMED_UNIT ( * ) PLANE_ANGLE_UNIT ( ) SI_UNIT ( $, .RADIAN. ) );
#1603 = ORIENTED_EDGE ( 'NONE', *, *, #1, .T. ) ;
#1604 = VECTOR ( 'NONE', #6138, 999.9999999999998900 ) ;
#1605 = EDGE_CURVE ( 'NONE', #10093, #710, #8397, .T. ) ;
#1606 = LINE ( 'NONE', #4792, #3543 ) ;
#1607 = ORIENTED_EDGE ( 'NONE', *, *, #6522, .T. ) ;
#1608 = LINE ( 'NONE', #6473, #4189 ) ;
#1609 = DIRECTION ( 'NONE',  ( -0.0000000000000000000, -0.0000000000000000000, 1.000000000000000000 ) ) ;
#1610 =( NAMED_UNIT ( * ) PLANE_ANGLE_UNIT ( ) SI_UNIT ( $, .RADIAN. ) );
#1611 = DIRECTION ( 'NONE',  ( 0.0000000000000000000, 0.0000000000000000000, -1.000000000000000000 ) ) ;
#1612 = ORIENTED_EDGE ( 'NONE', *, *, #9840, .T. ) ;
#1613 = EDGE_CURVE ( 'NONE', #4840, #4512, #1621, .T. ) ;
#1614 = PLANE ( 'NONE',  #9129 ) ;
#1615 = DIRECTION ( 'NONE',  ( -0.0000000000000000000, -0.0000000000000000000, -1.000000000000000000 ) ) ;
#1616 = CARTESIAN_POINT ( 'NONE',  ( -0.7500000000000000000, 0.7500000000000000000, 0.0000000000000000000 ) ) ;
#1617 = EDGE_CURVE ( 'NONE', #4849, #1759, #4720, .T. ) ;
#1618 =( GEOMETRIC_REPRESENTATION_CONTEXT ( 3 ) GLOBAL_UNCERTAINTY_ASSIGNED_CONTEXT ( ( #149 ) ) GLOBAL_UNIT_ASSIGNED_CONTEXT ( ( #3058, #4596, #7987 ) ) REPRESENTATION_CONTEXT ( 'NONE', 'WORKASPACE' ) );
#1619 = ORIENTED_EDGE ( 'NONE', *, *, #4309, .T. ) ;
#1620 = LINE ( 'NONE', #2516, #2501 ) ;
#1621 = B_SPLINE_CURVE_WITH_KNOTS ( 'NONE', 3,
 ( #4868, #4931, #1562, #5714 ),
 .UNSPECIFIED., .F., .F.,
 ( 4, 4 ),
 ( 9.000000000000000000, 10.00000000000000000 ),
 .UNSPECIFIED. ) ;
#1622 = ORIENTED_EDGE ( 'NONE', *, *, #1541, .T. ) ;
#1623 = CARTESIAN_POINT ( 'NONE',  ( 0.3397551287092143700, 1.056774485713890800, 0.4700000000000000300 ) ) ;
#1624 = DIRECTION ( 'NONE',  ( 1.000000000000000000, 0.0000000000000000000, 0.0000000000000000000 ) ) ;
#1625 = LINE ( 'NONE', #4926, #9813 ) ;
#1626 = FACE_OUTER_BOUND ( 'NONE', #7726, .T. ) ;
#1627 = ORIENTED_EDGE ( 'NONE', *, *, #2960, .T. ) ;
#1628 = VECTOR ( 'NONE', #10528, 1000.000000000000000 ) ;
#1629 = CARTESIAN_POINT ( 'NONE',  ( 0.03659706166501861000, 1.236210407989039900, 0.4600000000000000200 ) ) ;
#1630 = ORIENTED_EDGE ( 'NONE', *, *, #8794, .F. ) ;
#1631 = DIRECTION ( 'NONE',  ( 0.0000000000000000000, 0.0000000000000000000, 1.000000000000000000 ) ) ;
#1632 = CARTESIAN_POINT ( 'NONE',  ( 0.3749999999999998900, 1.101000000000000000, 0.1000000000000000100 ) ) ;
#1633 = EDGE_CURVE ( 'NONE', #1949, #1265, #92, .T. ) ;
#1634 = CARTESIAN_POINT ( 'NONE',  ( -0.1117817038333259600, 1.094389845541732000, 0.4700000000000000300 ) ) ;
#1635 = CARTESIAN_POINT ( 'NONE',  ( 0.5121748272732571400, 1.046281936536486200, 0.4600000000000000200 ) ) ;
#1636 = CARTESIAN_POINT ( 'NONE',  ( 0.8749999999999998900, -1.500999999999999900, 0.1000000000000000100 ) ) ;
#1637 = VECTOR ( 'NONE', #1431, 1000.000000000000000 ) ;
#1638 = CARTESIAN_POINT ( 'NONE',  ( 0.1407081442006228300, 1.116523671386993900, 0.4700000000000000300 ) ) ;
#1639 = ORIENTED_EDGE ( 'NONE', *, *, #9887, .F. ) ;
#1640 = SURFACE_STYLE_FILL_AREA ( #7116 ) ;
#1641 = ORIENTED_EDGE ( 'NONE', *, *, #9131, .T. ) ;
#1642 = SURFACE_STYLE_USAGE ( .BOTH. , #6528 ) ;
#1643 = FILL_AREA_STYLE ('',( #4202 ) ) ;
#1644 = VECTOR ( 'NONE', #2573, 1000.000000000000000 ) ;
#1645 = CARTESIAN_POINT ( 'NONE',  ( -0.005211310789697987800, 1.372292602379103600, 0.4600000000000000200 ) ) ;
#1646 = B_SPLINE_CURVE_WITH_KNOTS ( 'NONE', 3,
 ( #4217, #2565, #1657, #3267 ),
 .UNSPECIFIED., .F., .F.,
 ( 4, 4 ),
 ( 0.0000000000000000000, 1.000000000000000000 ),
 .UNSPECIFIED. ) ;
#1647 = ORIENTED_EDGE ( 'NONE', *, *, #6939, .F. ) ;
#1648 = EDGE_CURVE ( 'NONE', #7603, #3038, #9957, .T. ) ;
#1649 = CARTESIAN_POINT ( 'NONE',  ( 0.3404624915750940100, 1.072336468763329400, 0.4600000000000000200 ) ) ;
#1650 = VERTEX_POINT ( 'NONE', #1652 ) ;
#1651 = ORIENTED_EDGE ( 'NONE', *, *, #7995, .T. ) ;
#1652 = CARTESIAN_POINT ( 'NONE',  ( 0.8364712278380103100, 1.058719733595270100, 0.4600000000000000200 ) ) ;
#1653 = DIRECTION ( 'NONE',  ( -0.0000000000000000000, 0.0000000000000000000, -1.000000000000000000 ) ) ;
#1654 = ORIENTED_EDGE ( 'NONE', *, *, #1154, .F. ) ;
#1655 = LINE ( 'NONE', #8496, #5736 ) ;
#1656 = CARTESIAN_POINT ( 'NONE',  ( 0.4395227662542640600, 1.105405682744374300, 0.4700000000000000300 ) ) ;
#1657 = CARTESIAN_POINT ( 'NONE',  ( 0.3426730005308832300, 1.094854186661542200, 0.4700000000000000300 ) ) ;
#1658 = ORIENTED_EDGE ( 'NONE', *, *, #3338, .T. ) ;
#1659 = PRESENTATION_STYLE_ASSIGNMENT (( #5764 ) ) ;
#1660 = EDGE_CURVE ( 'NONE', #8922, #178, #8534, .T. ) ;
#1661 = CARTESIAN_POINT ( 'NONE',  ( 0.5925784063646480900, 1.331467065306295000, 0.4600000000000000200 ) ) ;
#1662 = ORIENTED_EDGE ( 'NONE', *, *, #7247, .T. ) ;
#1663 = ORIENTED_EDGE ( 'NONE', *, *, #5467, .T. ) ;
#1664 = CARTESIAN_POINT ( 'NONE',  ( -0.3077072538203315400, 1.307530592539983600, 0.4600000000000000200 ) ) ;
#1665 = CARTESIAN_POINT ( 'NONE',  ( -0.1470318888733100600, 1.158332090749458500, 0.4700000000000000300 ) ) ;
#1666 = FILL_AREA_STYLE ('',( #4196 ) ) ;
#1667 = STYLED_ITEM ( 'NONE', ( #1659 ), #584 ) ;
#1668 = ORIENTED_EDGE ( 'NONE', *, *, #1154, .T. ) ;
#1669 = ORIENTED_EDGE ( 'NONE', *, *, #5290, .F. ) ;
#1670 = VECTOR ( 'NONE', #1221, 1000.000000000000000 ) ;
#1671 =( NAMED_UNIT ( * ) PLANE_ANGLE_UNIT ( ) SI_UNIT ( $, .RADIAN. ) );
#1672 = EDGE_CURVE ( 'NONE', #7536, #7249, #9841, .T. ) ;
#1673 = ORIENTED_EDGE ( 'NONE', *, *, #1302, .T. ) ;
#1674 = CARTESIAN_POINT ( 'NONE',  ( 0.4734761838178589400, 1.021111607891017800, 0.4700000000000000300 ) ) ;
#1675 = DIRECTION ( 'NONE',  ( 0.3315284183504420600, 0.9434452330824796300, -0.0000000000000000000 ) ) ;
#1676 = CARTESIAN_POINT ( 'NONE',  ( 0.3162353134175963600, 1.265918106399244000, 0.4600000000000000200 ) ) ;
#1677 = EDGE_CURVE ( 'NONE', #1770, #2038, #28, .T. ) ;
#1678 = CARTESIAN_POINT ( 'NONE',  ( -0.3372190815516871200, 1.099308466557788400, 0.4600000000000000200 ) ) ;
#1679 = ORIENTED_EDGE ( 'NONE', *, *, #10455, .T. ) ;
#1680 = VERTEX_POINT ( 'NONE', #3299 ) ;
#1681 = FACE_BOUND ( 'NONE', #7879, .T. ) ;
#1682 = B_SPLINE_CURVE_WITH_KNOTS ( 'NONE', 3,
 ( #7413, #9981, #2560, #2597 ),
 .UNSPECIFIED., .F., .F.,
 ( 4, 4 ),
 ( 4.000000000000000000, 5.000000000000000000 ),
 .UNSPECIFIED. ) ;
#1683 = CARTESIAN_POINT ( 'NONE',  ( 0.4297081064900330500, 1.056774485713890800, 0.4600000000000000200 ) ) ;
#1684 = ORIENTED_EDGE ( 'NONE', *, *, #3118, .F. ) ;
#1685 = CARTESIAN_POINT ( 'NONE',  ( 0.3065974943700323600, 1.241631981336715800, 0.4600000000000000200 ) ) ;
#1686 = EDGE_CURVE ( 'NONE', #2038, #5705, #4221, .T. ) ;
#1687 = ORIENTED_EDGE ( 'NONE', *, *, #894, .F. ) ;
#1688 = VERTEX_POINT ( 'NONE', #9768 ) ;
#1689 =( GEOMETRIC_REPRESENTATION_CONTEXT ( 3 ) GLOBAL_UNCERTAINTY_ASSIGNED_CONTEXT ( ( #8335 ) ) GLOBAL_UNIT_ASSIGNED_CONTEXT ( ( #964, #1073, #8932 ) ) REPRESENTATION_CONTEXT ( 'NONE', 'WORKASPACE' ) );
#1690 = ORIENTED_EDGE ( 'NONE', *, *, #1761, .T. ) ;
#1691 = VERTEX_POINT ( 'NONE', #9729 ) ;
#1692 = CARTESIAN_POINT ( 'NONE',  ( 0.3404624915750940100, 1.072336468763329400, 0.4600000000000000200 ) ) ;
#1693 = ORIENTED_EDGE ( 'NONE', *, *, #10342, .T. ) ;
#1694 =( GEOMETRIC_REPRESENTATION_CONTEXT ( 3 ) GLOBAL_UNCERTAINTY_ASSIGNED_CONTEXT ( ( #3308 ) ) GLOBAL_UNIT_ASSIGNED_CONTEXT ( ( #5065, #2623, #8998 ) ) REPRESENTATION_CONTEXT ( 'NONE', 'WORKASPACE' ) );
#1695 = CARTESIAN_POINT ( 'NONE',  ( 0.4444448328627393900, 1.087544770380222300, 0.4700000000000000300 ) ) ;
#1696 = DIRECTION ( 'NONE',  ( 1.000000000000000000, -0.0000000000000000000, -0.0000000000000000000 ) ) ;
#1697 = FILL_AREA_STYLE_COLOUR ( '', #10571 ) ;
#1698 = VECTOR ( 'NONE', #9026, 1000.000000000000000 ) ;
#1699 = LINE ( 'NONE', #5558, #7718 ) ;
#1700 = CARTESIAN_POINT ( 'NONE',  ( 0.5799932420423104000, 1.071864893519935500, 0.4700000000000000300 ) ) ;
#1701 = VERTEX_POINT ( 'NONE', #8062 ) ;
#1702 = FACE_OUTER_BOUND ( 'NONE', #8281, .T. ) ;
#1703 = EDGE_CURVE ( 'NONE', #3955, #3036, #872, .T. ) ;
#1704 = ORIENTED_EDGE ( 'NONE', *, *, #6561, .F. ) ;
#1705 = CARTESIAN_POINT ( 'NONE',  ( 0.6806156097171999200, 1.058719733595270100, 0.4700000000000000300 ) ) ;
#1706 = ORIENTED_EDGE ( 'NONE', *, *, #4044, .T. ) ;
#1707 = CARTESIAN_POINT ( 'NONE',  ( 0.6212266024333380500, 1.110651957333468100, 0.4600000000000000200 ) ) ;
#1708 = CARTESIAN_POINT ( 'NONE',  ( 0.5045117295593851700, 1.241631981336718300, 0.4700000000000000300 ) ) ;
#1709 = LINE ( 'NONE', #4621, #8999 ) ;
#1710 = CARTESIAN_POINT ( 'NONE',  ( 0.4481584879088261200, 1.079704831950077300, 0.4700000000000000300 ) ) ;
#1711 = B_SPLINE_CURVE_WITH_KNOTS ( 'NONE', 3,
 ( #5955, #7581, #6634, #10044 ),
 .UNSPECIFIED., .F., .F.,
 ( 4, 4 ),
 ( 2.000000000000000000, 3.000000000000000000 ),
 .UNSPECIFIED. ) ;
#1712 = STYLED_ITEM ( 'NONE', ( #10234 ), #5936 ) ;
#1713 = CARTESIAN_POINT ( 'NONE',  ( 0.5809953394353111200, 1.341664879956576200, 0.4700000000000000300 ) ) ;
#1714 = ADVANCED_FACE ( 'NONE', ( #8792 ), #10187, .T. ) ;
#1715 = ORIENTED_EDGE ( 'NONE', *, *, #4650, .T. ) ;
#1716 = VERTEX_POINT ( 'NONE', #2398 ) ;
#1717 = FACE_OUTER_BOUND ( 'NONE', #6998, .T. ) ;
#1718 =( NAMED_UNIT ( * ) SI_UNIT ( $, .STERADIAN. ) SOLID_ANGLE_UNIT ( ) );
#1719 = PRESENTATION_STYLE_ASSIGNMENT (( #3410 ) ) ;
#1720 = CARTESIAN_POINT ( 'NONE',  ( 0.8090019698786129500, 1.174019880737444500, 0.4600000000000000200 ) ) ;
#1721 = DIRECTION ( 'NONE',  ( -0.0000000000000000000, -0.0000000000000000000, -1.000000000000000000 ) ) ;
#1722 = EDGE_CURVE ( 'NONE', #1424, #592, #5331, .T. ) ;
#1723 = ORIENTED_EDGE ( 'NONE', *, *, #5633, .F. ) ;
#1724 = ADVANCED_FACE ( 'NONE', ( #3438 ), #8032, .F. ) ;
#1725 = VERTEX_POINT ( 'NONE', #9179 ) ;
#1726 = UNCERTAINTY_MEASURE_WITH_UNIT (LENGTH_MEASURE( 1.000000000000000100E-005 ), #3449, 'distance_accuracy_value', 'NONE');
#1727 = CARTESIAN_POINT ( 'NONE',  ( 0.4074556496666271700, 1.118845577196947200, 0.4600000000000000200 ) ) ;
#1728 = FILL_AREA_STYLE ('',( #4986 ) ) ;
#1729 = VERTEX_POINT ( 'NONE', #5041 ) ;
#1730 = PRESENTATION_STYLE_ASSIGNMENT (( #3736 ) ) ;
#1731 =( GEOMETRIC_REPRESENTATION_CONTEXT ( 3 ) GLOBAL_UNCERTAINTY_ASSIGNED_CONTEXT ( ( #6177 ) ) GLOBAL_UNIT_ASSIGNED_CONTEXT ( ( #10032, #4875, #5126 ) ) REPRESENTATION_CONTEXT ( 'NONE', 'WORKASPACE' ) );
#1732 = CARTESIAN_POINT ( 'NONE',  ( 0.1210335975911644700, 1.095209605287003500, 0.4600000000000000200 ) ) ;
#1733 = ORIENTED_EDGE ( 'NONE', *, *, #9279, .F. ) ;
#1734 = VECTOR ( 'NONE', #9869, 1000.000000000000000 ) ;
#1735 = EDGE_CURVE ( 'NONE', #7249, #409, #1682, .T. ) ;
#1736 = VECTOR ( 'NONE', #6228, 1000.000000000000100 ) ;
#1737 =( LENGTH_UNIT ( ) NAMED_UNIT ( * ) SI_UNIT ( .MILLI., .METRE. ) );
#1738 = VERTEX_POINT ( 'NONE', #9874 ) ;
#1739 = CARTESIAN_POINT ( 'NONE',  ( 0.3976409899023887800, 1.260671831810934500, 0.4700000000000000300 ) ) ;
#1740 = CARTESIAN_POINT ( 'NONE',  ( 0.4115524595983660100, 1.105818311083129900, 0.4700000000000000300 ) ) ;
#1741 = EDGE_CURVE ( 'NONE', #10445, #6986, #4249, .T. ) ;
#1742 = CARTESIAN_POINT ( 'NONE',  ( -0.1250000000000001100, 1.500999999999999900, 0.1000000000000000100 ) ) ;
#1743 = DIRECTION ( 'NONE',  ( -0.0000000000000000000, -0.0000000000000000000, -1.000000000000000000 ) ) ;
#1744 = STYLED_ITEM ( 'NONE', ( #8398 ), #9578 ) ;
#1745 = ORIENTED_EDGE ( 'NONE', *, *, #4587, .F. ) ;
#1746 = CARTESIAN_POINT ( 'NONE',  ( 0.3749999999999998900, 1.101000000000000000, -0.04000000000000000100 ) ) ;
#1747 = EDGE_CURVE ( 'NONE', #4872, #8710, #2433, .T. ) ;
#1748 = FACE_OUTER_BOUND ( 'NONE', #2438, .T. ) ;
#1749 = CARTESIAN_POINT ( 'NONE',  ( 0.5925784063646467600, 1.268570717146505500, 0.4600000000000000200 ) ) ;
#1750 = ORIENTED_EDGE ( 'NONE', *, *, #4711, .F. ) ;
#1751 = LINE ( 'NONE', #8063, #9301 ) ;
#1752 = CARTESIAN_POINT ( 'NONE',  ( 0.3891526355113952800, 1.241926715863839200, 0.4600000000000000200 ) ) ;
#1753 = CARTESIAN_POINT ( 'NONE',  ( -0.1626075898475035600, 1.085372300710436800, 0.4600000000000000200 ) ) ;
#1754 = SURFACE_SIDE_STYLE ('',( #9271 ) ) ;
#1755 = ORIENTED_EDGE ( 'NONE', *, *, #8396, .F. ) ;
#1756 = CARTESIAN_POINT ( 'NONE',  ( 0.3749999999999998900, 1.101000000000000000, 0.1000000000000000100 ) ) ;
#1757 = LINE ( 'NONE', #8691, #6236 ) ;
#1758 = COLOUR_RGB ( '',0.2980392156862745100, 0.2980392156862745100, 0.2980392156862745100 ) ;
#1759 = VERTEX_POINT ( 'NONE', #5888 ) ;
#1760 = VECTOR ( 'NONE', #1987, 1000.000000000000000 ) ;
#1761 = EDGE_CURVE ( 'NONE', #3452, #9236, #1406, .T. ) ;
#1762 = ORIENTED_EDGE ( 'NONE', *, *, #8217, .F. ) ;
#1763 = ADVANCED_FACE ( 'NONE', ( #3168 ), #8313, .T. ) ;
#1764 = CARTESIAN_POINT ( 'NONE',  ( 0.3362772612852169600, 1.081944814358577500, 0.4600000000000000200 ) ) ;
#1765 = EDGE_CURVE ( 'NONE', #3463, #6779, #4183, .T. ) ;
#1766 = ORIENTED_EDGE ( 'NONE', *, *, #9554, .T. ) ;
#1767 = CARTESIAN_POINT ( 'NONE',  ( -0.02570561714402799100, 1.097668884523590900, 0.4600000000000000200 ) ) ;
#1768 =( NAMED_UNIT ( * ) SI_UNIT ( $, .STERADIAN. ) SOLID_ANGLE_UNIT ( ) );
#1769 = EDGE_LOOP ( 'NONE', ( #7156, #6911, #8974, #7326 ) ) ;
#1770 = VERTEX_POINT ( 'NONE', #3339 ) ;
#1771 = SURFACE_SIDE_STYLE ('',( #3194 ) ) ;
#1772 = ORIENTED_EDGE ( 'NONE', *, *, #7139, .F. ) ;
#1773 = ADVANCED_FACE ( 'NONE', ( #79 ), #6642, .F. ) ;
#1774 = CARTESIAN_POINT ( 'NONE',  ( 0.7066111950386162500, 1.075873283092750200, 0.4700000000000000300 ) ) ;
#1775 = CARTESIAN_POINT ( 'NONE',  ( 0.4734761838178589400, 1.033962033288558800, 0.4600000000000000200 ) ) ;
#1776 = DIRECTION ( 'NONE',  ( -0.0000000000000000000, -0.0000000000000000000, -1.000000000000000000 ) ) ;
#1777 = CARTESIAN_POINT ( 'NONE',  ( 0.3792790288413440700, 1.252949787190854400, 0.4700000000000000300 ) ) ;
#1778 = B_SPLINE_CURVE_WITH_KNOTS ( 'NONE', 3,
 ( #2081, #2900, #3752, #10286 ),
 .UNSPECIFIED., .F., .F.,
 ( 4, 4 ),
 ( 9.000000000000000000, 10.00000000000000000 ),
 .UNSPECIFIED. ) ;
#1779 = DIRECTION ( 'NONE',  ( -0.0000000000000000000, 1.000000000000000000, -0.0000000000000000000 ) ) ;
#1780 = LINE ( 'NONE', #4858, #10247 ) ;
#1781 = ORIENTED_EDGE ( 'NONE', *, *, #3076, .F. ) ;
#1782 = EDGE_CURVE ( 'NONE', #678, #4877, #2507, .T. ) ;
#1783 = FILL_AREA_STYLE_COLOUR ( '', #4866 ) ;
#1784 = CARTESIAN_POINT ( 'NONE',  ( 0.3362772612852169600, 1.081944814358577500, 0.4600000000000000200 ) ) ;
#1785 = CARTESIAN_POINT ( 'NONE',  ( 0.4293249516043798300, 1.094913133566968600, 0.4600000000000000200 ) ) ;
#1786 = CARTESIAN_POINT ( 'NONE',  ( 0.3566728905853887000, 1.131224427350304900, 0.4700000000000000300 ) ) ;
#1787 = SURFACE_STYLE_FILL_AREA ( #5470 ) ;
#1788 = DIRECTION ( 'NONE',  ( 0.0000000000000000000, 1.000000000000000000, -0.0000000000000000000 ) ) ;
#1789 = ORIENTED_EDGE ( 'NONE', *, *, #5212, .T. ) ;
#1790 = ORIENTED_EDGE ( 'NONE', *, *, #8768, .F. ) ;
#1791 = EDGE_CURVE ( 'NONE', #1474, #8461, #9686, .T. ) ;
#1792 = DIRECTION ( 'NONE',  ( 0.0000000000000000000, 0.0000000000000000000, 1.000000000000000000 ) ) ;
#1793 = CARTESIAN_POINT ( 'NONE',  ( 0.7060511994362928000, 1.157161065766300500, 0.4700000000000000300 ) ) ;
#1794 = VECTOR ( 'NONE', #5976, 1000.000000000000000 ) ;
#1795 = VECTOR ( 'NONE', #3922, 1000.000000000000000 ) ;
#1796 = PRESENTATION_LAYER_ASSIGNMENT (  '', '', ( #8985 ) ) ;
#1797 = CARTESIAN_POINT ( 'NONE',  ( 0.3704664664705092900, 1.345437481907692400, 0.4700000000000000300 ) ) ;
#1798 = DIRECTION ( 'NONE',  ( -0.0000000000000000000, 1.000000000000000000, -0.0000000000000000000 ) ) ;
#1799 = CARTESIAN_POINT ( 'NONE',  ( -0.2380266122149723200, 1.272280430953479900, 0.4700000000000000300 ) ) ;
#1800 = ORIENTED_EDGE ( 'NONE', *, *, #7725, .T. ) ;
#1801 = ADVANCED_FACE ( 'NONE', ( #3961 ), #9323, .F. ) ;
#1802 = LINE ( 'NONE', #587, #796 ) ;
#1803 = DIRECTION ( 'NONE',  ( 0.0000000000000000000, 1.000000000000000000, 0.0000000000000000000 ) ) ;
#1804 = CARTESIAN_POINT ( 'NONE',  ( 0.8749999999999998900, -1.101000000000000000, 0.0000000000000000000 ) ) ;
#1805 = ORIENTED_EDGE ( 'NONE', *, *, #6929, .T. ) ;
#1806 = EDGE_CURVE ( 'NONE', #2039, #3915, #5851, .T. ) ;
#1807 = FILL_AREA_STYLE ('',( #10002 ) ) ;
#1808 = ORIENTED_EDGE ( 'NONE', *, *, #7429, .F. ) ;
#1809 = LINE ( 'NONE', #2033, #1048 ) ;
#1810 = PRESENTATION_LAYER_ASSIGNMENT (  '', '', ( #1067 ) ) ;
#1811 = DIRECTION ( 'NONE',  ( 1.000000000000000000, -0.0000000000000000000, -0.0000000000000000000 ) ) ;
#1812 = ORIENTED_EDGE ( 'NONE', *, *, #10178, .F. ) ;
#1814 = LINE ( 'NONE', #3822, #3890 ) ;
#1813 = CARTESIAN_POINT ( 'NONE',  ( -0.7500000000000000000, -0.6500000000000000200, 0.0000000000000000000 ) ) ;
#1815 = DIRECTION ( 'NONE',  ( 0.0000000000000000000, 0.0000000000000000000, -1.000000000000000000 ) ) ;
#1816 = EDGE_CURVE ( 'NONE', #3507, #6125, #6603, .T. ) ;
#1817 = CARTESIAN_POINT ( 'NONE',  ( -0.2716373012175112300, 1.059959404611489300, 0.4600000000000000200 ) ) ;
#1818 = AXIS2_PLACEMENT_3D ( 'NONE', #8573, #9549, #556 ) ;
#1819 = ADVANCED_FACE ( 'NONE', ( #4948 ), #4376, .F. ) ;
#1820 = CARTESIAN_POINT ( 'NONE',  ( -0.1250000000000001100, -1.500999999999999900, 0.1000000000000000100 ) ) ;
#1821 = ORIENTED_EDGE ( 'NONE', *, *, #1735, .F. ) ;
#1822 = FACE_OUTER_BOUND ( 'NONE', #5788, .T. ) ;
#1823 = FACE_OUTER_BOUND ( 'NONE', #10233, .T. ) ;
#1824 = FILL_AREA_STYLE ('',( #8350 ) ) ;
#1825 = B_SPLINE_CURVE_WITH_KNOTS ( 'NONE', 3,
 ( #2888, #8567, #464, #7720 ),
 .UNSPECIFIED., .F., .F.,
 ( 4, 4 ),
 ( 0.0000000000000000000, 1.000000000000000000 ),
 .UNSPECIFIED. ) ;
#1826 = CARTESIAN_POINT ( 'NONE',  ( 0.7271247181492411800, 1.131813896405342800, 0.4700000000000000300 ) ) ;
#1827 = ORIENTED_EDGE ( 'NONE', *, *, #7866, .T. ) ;
#1828 = CARTESIAN_POINT ( 'NONE',  ( 0.0000000000000000000, 1.101000000000000000, 0.0000000000000000000 ) ) ;
#1829 = CARTESIAN_POINT ( 'NONE',  ( 0.4530216076118750400, 1.141775923433133100, 0.4700000000000000300 ) ) ;
#1830 = EDGE_CURVE ( 'NONE', #8710, #1462, #5713, .T. ) ;
#1831 = ORIENTED_EDGE ( 'NONE', *, *, #675, .F. ) ;
#1832 = ORIENTED_EDGE ( 'NONE', *, *, #5938, .F. ) ;
#1833 = ADVANCED_FACE ( 'NONE', ( #4825 ), #10200, .F. ) ;
#1834 = VECTOR ( 'NONE', #6246, 1000.000000000000000 ) ;
#1835 = EDGE_CURVE ( 'NONE', #5261, #9103, #4970, .T. ) ;
#1836 = ORIENTED_EDGE ( 'NONE', *, *, #4738, .T. ) ;
#1837 = CARTESIAN_POINT ( 'NONE',  ( 0.4734761838178589400, 1.021111607891017800, 0.4600000000000000200 ) ) ;
#1838 = FACE_OUTER_BOUND ( 'NONE', #7411, .T. ) ;
#1839 = CARTESIAN_POINT ( 'NONE',  ( -0.6250000000000001100, -1.500999999999999900, 0.1000000000000000100 ) ) ;
#1840 = ORIENTED_EDGE ( 'NONE', *, *, #5101, .F. ) ;
#1841 = CARTESIAN_POINT ( 'NONE',  ( -0.6250000000000001100, -1.500999999999999900, -0.04000000000000000100 ) ) ;
#1842 = VECTOR ( 'NONE', #3375, 1000.000000000000000 ) ;
#1843 = EDGE_CURVE ( 'NONE', #7521, #2950, #5779, .T. ) ;
#1844 = ORIENTED_EDGE ( 'NONE', *, *, #4978, .F. ) ;
#1845 = LINE ( 'NONE', #1685, #955 ) ;
#1846 = CARTESIAN_POINT ( 'NONE',  ( 0.6951754953728419600, 1.071864893519937300, 0.4600000000000000200 ) ) ;
#1847 = CARTESIAN_POINT ( 'NONE',  ( 0.8021346553887618300, 1.152798994760150700, 0.4600000000000000200 ) ) ;
#1848 = EDGE_LOOP ( 'NONE', ( #2259, #3392, #1396, #9014 ) ) ;
#1849 = CARTESIAN_POINT ( 'NONE',  ( 0.3556707931919886300, 1.252949787190854400, 0.4700000000000000300 ) ) ;
#1850 = CARTESIAN_POINT ( 'NONE',  ( -0.1322759945521322100, 1.141116870284340200, 0.4700000000000000300 ) ) ;
#1851 = B_SPLINE_CURVE_WITH_KNOTS ( 'NONE', 3,
 ( #5353, #6952, #2178, #8576 ),
 .UNSPECIFIED., .F., .F.,
 ( 4, 4 ),
 ( 7.000000000000000000, 8.000000000000000000 ),
 .UNSPECIFIED. ) ;
#1852 =( LENGTH_UNIT ( ) NAMED_UNIT ( * ) SI_UNIT ( .MILLI., .METRE. ) );
#1853 = LINE ( 'NONE', #8539, #4066 ) ;
#1854 = DIRECTION ( 'NONE',  ( -1.000000000000000000, 0.0000000000000000000, -0.0000000000000000000 ) ) ;
#1855 = ORIENTED_EDGE ( 'NONE', *, *, #2754, .F. ) ;
#1856 = LINE ( 'NONE', #10542, #9015 ) ;
#1857 = SURFACE_SIDE_STYLE ('',( #8522 ) ) ;
#1858 = CARTESIAN_POINT ( 'NONE',  ( 0.7766990656680904400, 1.090256328032908100, 0.4700000000000000300 ) ) ;
#1859 = ORIENTED_EDGE ( 'NONE', *, *, #7341, .F. ) ;
#1860 = UNCERTAINTY_MEASURE_WITH_UNIT (LENGTH_MEASURE( 1.000000000000000100E-005 ), #4605, 'distance_accuracy_value', 'NONE');
#1861 = DIRECTION ( 'NONE',  ( -0.3385350342956495700, -0.9409537876827125400, 0.0000000000000000000 ) ) ;
#1862 = CARTESIAN_POINT ( 'NONE',  ( 0.7814148181083631100, 1.103283594146726700, 0.4700000000000000300 ) ) ;
#1863 = CARTESIAN_POINT ( 'NONE',  ( 0.2457937613547896700, 1.174019880737442200, 0.4600000000000000200 ) ) ;
#1864 = EDGE_CURVE ( 'NONE', #7892, #7859, #4459, .T. ) ;
#1865 = VECTOR ( 'NONE', #101, 1000.000000000000000 ) ;
#1866 = ORIENTED_EDGE ( 'NONE', *, *, #7429, .T. ) ;
#1867 = VECTOR ( 'NONE', #3505, 1000.000000000000000 ) ;
#1868 = EDGE_LOOP ( 'NONE', ( #5415, #3165, #3125, #1329 ) ) ;
#1869 = AXIS2_PLACEMENT_3D ( 'NONE', #3751, #3723, #4559 ) ;
#1870 = PRESENTATION_STYLE_ASSIGNMENT (( #8526 ) ) ;
#1871 = MECHANICAL_DESIGN_GEOMETRIC_PRESENTATION_REPRESENTATION (  '', ( #7029 ), #3753 ) ;
#1872 = ADVANCED_FACE ( 'NONE', ( #10473 ), #1928, .F. ) ;
#1873 = CARTESIAN_POINT ( 'NONE',  ( 0.3269341767647745400, 1.297985222987278600, 0.4600000000000000200 ) ) ;
#1874 =( LENGTH_UNIT ( ) NAMED_UNIT ( * ) SI_UNIT ( .MILLI., .METRE. ) );
#1875 = CARTESIAN_POINT ( 'NONE',  ( 0.3051827686378725300, 1.174019880737442200, 0.4700000000000000300 ) ) ;
#1876 = CARTESIAN_POINT ( 'NONE',  ( 0.3168542559253426600, 1.330582861724137300, 0.4700000000000000300 ) ) ;
#1877 = DIRECTION ( 'NONE',  ( 0.0000000000000000000, 0.0000000000000000000, -1.000000000000000000 ) ) ;
#1878 = LINE ( 'NONE', #8269, #9810 ) ;
#1879 = EDGE_CURVE ( 'NONE', #6660, #7563, #3042, .T. ) ;
#1880 = VECTOR ( 'NONE', #2153, 1000.000000000000000 ) ;
#1881 = ORIENTED_EDGE ( 'NONE', *, *, #2847, .T. ) ;
#1882 = EDGE_CURVE ( 'NONE', #4325, #7566, #4332, .T. ) ;
#1883 = ORIENTED_EDGE ( 'NONE', *, *, #5595, .T. ) ;
#1884 = ADVANCED_FACE ( 'NONE', ( #4580 ), #3072, .F. ) ;
#1885 = FILL_AREA_STYLE ('',( #10042 ) ) ;
#1886 = VECTOR ( 'NONE', #376, 1000.000000000000000 ) ;
#1887 = DIRECTION ( 'NONE',  ( -0.3559357243698827400, 0.9345104387417441100, -0.0000000000000000000 ) ) ;
#1888 = AXIS2_PLACEMENT_3D ( 'NONE', #10559, #5025, #120 ) ;
#1889 = FACE_OUTER_BOUND ( 'NONE', #5753, .T. ) ;
#1890 = ORIENTED_EDGE ( 'NONE', *, *, #1955, .T. ) ;
#1891 = DIRECTION ( 'NONE',  ( -0.0000000000000000000, -0.0000000000000000000, 1.000000000000000000 ) ) ;
#1892 = VERTEX_POINT ( 'NONE', #8663 ) ;
#1893 = EDGE_CURVE ( 'NONE', #4743, #4029, #10596, .T. ) ;
#1894 = DIRECTION ( 'NONE',  ( 0.0000000000000000000, 0.0000000000000000000, 1.000000000000000000 ) ) ;
#1895 = B_SPLINE_CURVE_WITH_KNOTS ( 'NONE', 3,
 ( #7848, #435, #3007, #6137 ),
 .UNSPECIFIED., .F., .F.,
 ( 4, 4 ),
 ( 18.00000000000000000, 19.00000000000000000 ),
 .UNSPECIFIED. ) ;
#1896 =( NAMED_UNIT ( * ) PLANE_ANGLE_UNIT ( ) SI_UNIT ( $, .RADIAN. ) );
#1898 = CARTESIAN_POINT ( 'NONE',  ( 0.5052190924252708500, 1.028715758699459500, 0.4700000000000000300 ) ) ;
#1897 = AXIS2_PLACEMENT_3D ( 'NONE', #10306, #4716, #7943 ) ;
#1899 = ORIENTED_EDGE ( 'NONE', *, *, #7112, .F. ) ;
#1900 = CARTESIAN_POINT ( 'NONE',  ( 0.5099348448647560400, 1.072395415668760100, 0.4600000000000000200 ) ) ;
#1901 = ORIENTED_EDGE ( 'NONE', *, *, #1497, .F. ) ;
#1902 = EDGE_LOOP ( 'NONE', ( #2775, #9366, #6491, #4412 ) ) ;
#1903 = AXIS2_PLACEMENT_3D ( 'NONE', #2804, #8511, #3659 ) ;
#1904 = LINE ( 'NONE', #10006, #9318 ) ;
#1905 = SURFACE_SIDE_STYLE ('',( #2927 ) ) ;
#1906 = ORIENTED_EDGE ( 'NONE', *, *, #9166, .T. ) ;
#1907 = EDGE_CURVE ( 'NONE', #5131, #1996, #7905, .T. ) ;
#1908 = ORIENTED_EDGE ( 'NONE', *, *, #2222, .T. ) ;
#1909 = CARTESIAN_POINT ( 'NONE',  ( 0.0000000000000000000, -1.101000000000000000, -0.0000000000000000000 ) ) ;
#1910 = CARTESIAN_POINT ( 'NONE',  ( 0.4226344778308019400, 1.068563866812215300, 0.4600000000000000200 ) ) ;
#1911 = SURFACE_SIDE_STYLE ('',( #2605 ) ) ;
#1912 = LINE ( 'NONE', #4919, #7949 ) ;
#1913 = LINE ( 'NONE', #1858, #7679 ) ;
#1914 = CARTESIAN_POINT ( 'NONE',  ( 0.6249999999999998900, 1.500999999999999900, 0.1000000000000000100 ) ) ;
#1915 = ORIENTED_EDGE ( 'NONE', *, *, #4207, .F. ) ;
#1916 =( NAMED_UNIT ( * ) SI_UNIT ( $, .STERADIAN. ) SOLID_ANGLE_UNIT ( ) );
#1917 = CARTESIAN_POINT ( 'NONE',  ( 0.7814148181083631100, 1.103283594146726700, 0.4700000000000000300 ) ) ;
#1918 = CARTESIAN_POINT ( 'NONE',  ( 0.3269341767647745400, 1.297985222987278600, 0.4600000000000000200 ) ) ;
#1919 = CARTESIAN_POINT ( 'NONE',  ( -0.1250000000000001100, -1.101000000000000000, -0.04000000000000000100 ) ) ;
#1920 = B_SPLINE_CURVE_WITH_KNOTS ( 'NONE', 3,
 ( #1040, #6763, #2040, #6874 ),
 .UNSPECIFIED., .F., .F.,
 ( 4, 4 ),
 ( 1.000000000000000000, 2.000000000000000000 ),
 .UNSPECIFIED. ) ;
#1921 = CARTESIAN_POINT ( 'NONE',  ( 0.7993641508306517100, 1.153093729287272900, 0.4600000000000000200 ) ) ;
#1922 = ADVANCED_FACE ( 'NONE', ( #219 ), #6613, .F. ) ;
#1923 = CARTESIAN_POINT ( 'NONE',  ( -0.6500000000000000200, -0.7500000000000000000, -0.02000000000000000000 ) ) ;
#1924 = EDGE_LOOP ( 'NONE', ( #6777, #5258, #564, #9122 ) ) ;
#1925 = ORIENTED_EDGE ( 'NONE', *, *, #4114, .T. ) ;
#1926 = ORIENTED_EDGE ( 'NONE', *, *, #1114, .T. ) ;
#1927 = AXIS2_PLACEMENT_3D ( 'NONE', #7402, #2515, #6529 ) ;
#1928 = PLANE ( 'NONE',  #856 ) ;
#1929 = CARTESIAN_POINT ( 'NONE',  ( 0.3216289552702570300, 1.096151018582461200, 0.4600000000000000200 ) ) ;
#1930 = CARTESIAN_POINT ( 'NONE',  ( 0.3269341767647745400, 1.312486161738285700, 0.4700000000000000300 ) ) ;
#1931 = CARTESIAN_POINT ( 'NONE',  ( -0.02570561714402799100, 1.083732781219903100, 0.4700000000000000300 ) ) ;
#1932 = CARTESIAN_POINT ( 'NONE',  ( 0.7500000000000000000, -0.7500000000000000000, -0.02000000000000000000 ) ) ;
#1933 = CARTESIAN_POINT ( 'NONE',  ( 0.3712917231472451200, 1.079763778855498300, 0.4600000000000000200 ) ) ;
#1934 = ORIENTED_EDGE ( 'NONE', *, *, #8119, .T. ) ;
#1935 = VECTOR ( 'NONE', #7300, 1000.000000000000000 ) ;
#1936 = ADVANCED_FACE ( 'NONE', ( #5701 ), #8863, .F. ) ;
#1937 = ORIENTED_EDGE ( 'NONE', *, *, #2878, .F. ) ;
#1938 = FACE_BOUND ( 'NONE', #7187, .T. ) ;
#1939 = EDGE_CURVE ( 'NONE', #4324, #7121, #8386, .T. ) ;
#1940 = CARTESIAN_POINT ( 'NONE',  ( 0.3296752078697817200, 1.121262400321720600, 0.4700000000000000300 ) ) ;
#1941 = CARTESIAN_POINT ( 'NONE',  ( 0.6803208751892873000, 1.273168575775145000, 0.4700000000000000300 ) ) ;
#1942 = VERTEX_POINT ( 'NONE', #2323 ) ;
#1943 = DIRECTION ( 'NONE',  ( -0.9398440417769720100, -0.3416038306815736800, 0.0000000000000000000 ) ) ;
#1944 = CARTESIAN_POINT ( 'NONE',  ( -0.6250000000000001100, 1.500999999999999900, 0.1000000000000000100 ) ) ;
#1945 = FILL_AREA_STYLE ('',( #3504 ) ) ;
#1946 = CARTESIAN_POINT ( 'NONE',  ( -1.500000000000000000, 0.0000000000000000000, -0.04000000000000000100 ) ) ;
#1947 = ORIENTED_EDGE ( 'NONE', *, *, #10420, .T. ) ;
#1948 = LINE ( 'NONE', #8172, #6031 ) ;
#1949 = VERTEX_POINT ( 'NONE', #10567 ) ;
#1950 = MECHANICAL_DESIGN_GEOMETRIC_PRESENTATION_REPRESENTATION (  '', ( #1430 ), #2095 ) ;
#1951 = ORIENTED_EDGE ( 'NONE', *, *, #7746, .F. ) ;
#1952 = ORIENTED_EDGE ( 'NONE', *, *, #8369, .F. ) ;
#1953 = CARTESIAN_POINT ( 'NONE',  ( 0.4931939237048564900, 1.036143068791630000, 0.4600000000000000200 ) ) ;
#1954 = ORIENTED_EDGE ( 'NONE', *, *, #10071, .T. ) ;
#1955 = EDGE_CURVE ( 'NONE', #220, #6360, #4087, .T. ) ;
#1956 = CARTESIAN_POINT ( 'NONE',  ( 0.2606778549914503000, 1.356932128478890400, 0.4700000000000000300 ) ) ;
#1957 = PLANE ( 'NONE',  #6452 ) ;
#1958 = PRESENTATION_STYLE_ASSIGNMENT (( #9931 ) ) ;
#1959 = CARTESIAN_POINT ( 'NONE',  ( 0.3678728026286729500, 1.252949787190854400, 0.4600000000000000200 ) ) ;
#1960 = DIRECTION ( 'NONE',  ( -0.0000000000000000000, -0.0000000000000000000, -1.000000000000000000 ) ) ;
#1961 = CARTESIAN_POINT ( 'NONE',  ( -0.1937589136159163500, 1.168989123799456100, 0.4600000000000000200 ) ) ;
#1962 = ORIENTED_EDGE ( 'NONE', *, *, #3472, .T. ) ;
#1963 = LINE ( 'NONE', #2624, #3122 ) ;
#1964 = ORIENTED_EDGE ( 'NONE', *, *, #2527, .T. ) ;
#1965 = ORIENTED_EDGE ( 'NONE', *, *, #5486, .T. ) ;
#1966 = CARTESIAN_POINT ( 'NONE',  ( 0.0000000000000000000, 0.0000000000000000000, 0.4700000000000000300 ) ) ;
#1967 = B_SPLINE_CURVE_WITH_KNOTS ( 'NONE', 3,
 ( #2037, #5248, #2816, #7766 ),
 .UNSPECIFIED., .F., .F.,
 ( 4, 4 ),
 ( 4.000000000000000000, 5.000000000000000000 ),
 .UNSPECIFIED. ) ;
#1968 = VECTOR ( 'NONE', #3817, 1000.000000000000000 ) ;
#1969 = CARTESIAN_POINT ( 'NONE',  ( 0.4311228322217993100, 1.068563866812215300, 0.4600000000000000200 ) ) ;
#1970 = CARTESIAN_POINT ( 'NONE',  ( 0.7427751215583920900, 1.117843479803158500, 0.4700000000000000300 ) ) ;
#1971 = CARTESIAN_POINT ( 'NONE',  ( 0.3976409899023887800, 1.354161623920780800, 0.4600000000000000200 ) ) ;
#1972 = CARTESIAN_POINT ( 'NONE',  ( 0.3733548648394733900, 1.092142629008860900, 0.4700000000000000300 ) ) ;
#1973 = EDGE_CURVE ( 'NONE', #8368, #7749, #5442, .T. ) ;
#1974 = ORIENTED_EDGE ( 'NONE', *, *, #4576, .F. ) ;
#1975 = LINE ( 'NONE', #477, #10442 ) ;
#1976 = EDGE_CURVE ( 'NONE', #3422, #3029, #1121, .T. ) ;
#1977 = DIRECTION ( 'NONE',  ( -0.0000000000000000000, -0.0000000000000000000, -1.000000000000000000 ) ) ;
#1978 = ORIENTED_EDGE ( 'NONE', *, *, #7959, .F. ) ;
#1979 = MECHANICAL_DESIGN_GEOMETRIC_PRESENTATION_REPRESENTATION (  '', ( #8831 ), #3081 ) ;
#1980 = MECHANICAL_DESIGN_GEOMETRIC_PRESENTATION_REPRESENTATION (  '', ( #8746 ), #7664 ) ;
#1981 = FACE_OUTER_BOUND ( 'NONE', #7845, .T. ) ;
#1982 = FACE_OUTER_BOUND ( 'NONE', #2119, .T. ) ;
#1983 = ADVANCED_FACE ( 'NONE', ( #3829 ), #7991, .T. ) ;
#1984 = DIRECTION ( 'NONE',  ( -1.000000000000000000, -0.0000000000000000000, -0.0000000000000000000 ) ) ;
#1985 = CARTESIAN_POINT ( 'NONE',  ( 0.4381080405224999600, 1.131224427350304900, 0.4600000000000000200 ) ) ;
#1986 = CARTESIAN_POINT ( 'NONE',  ( 0.6646115248754968000, 1.356932128478893600, 0.4700000000000000300 ) ) ;
#1987 = DIRECTION ( 'NONE',  ( -0.0000000000000000000, -0.0000000000000000000, -1.000000000000000000 ) ) ;
#1988 = VERTEX_POINT ( 'NONE', #4005 ) ;
#1989 = COLOUR_RGB ( '',0.6666666666666666300, 0.6666666666666666300, 0.6666666666666666300 ) ;
#1990 = CARTESIAN_POINT ( 'NONE',  ( 0.03659706166501861000, 1.236210407989039900, 0.4600000000000000200 ) ) ;
#1991 = ORIENTED_EDGE ( 'NONE', *, *, #9791, .F. ) ;
#1992 = VECTOR ( 'NONE', #2137, 1000.000000000000000 ) ;
#1993 = EDGE_CURVE ( 'NONE', #3193, #8596, #6608, .T. ) ;
#1994 = CARTESIAN_POINT ( 'NONE',  ( 0.6805271893582750500, 1.071864893519937300, 0.4600000000000000200 ) ) ;
#1995 = ADVANCED_FACE ( 'NONE', ( #6740 ), #3243, .F. ) ;
#1996 = VERTEX_POINT ( 'NONE', #9620 ) ;
#1997 = CARTESIAN_POINT ( 'NONE',  ( -0.2388463875961558100, 1.321466719296756000, 0.4600000000000000200 ) ) ;
#1998 = CARTESIAN_POINT ( 'NONE',  ( -0.2265498194193134900, 1.085372300710434800, 0.4700000000000000300 ) ) ;
#1999 = DIRECTION ( 'NONE',  ( 0.0000000000000000000, -1.000000000000000000, 0.0000000000000000000 ) ) ;
#2000 = PRODUCT ( 'HWSON-8_L2.0-W3.0-P0.50-BL-EP1', 'HWSON-8_L2.0-W3.0-P0.50-BL-EP1', '', ( #3360 ) ) ;
#2001 = ORIENTED_EDGE ( 'NONE', *, *, #9972, .T. ) ;
#2002 = LINE ( 'NONE', #7017, #65 ) ;
#2003 = CARTESIAN_POINT ( 'NONE',  ( -0.6500000000000000200, -0.7500000000000000000, -0.02000000000000000000 ) ) ;
#2004 = CARTESIAN_POINT ( 'NONE',  ( 0.4226344778308019400, 1.068563866812215300, 0.4600000000000000200 ) ) ;
#2005 = ORIENTED_EDGE ( 'NONE', *, *, #8760, .T. ) ;
#2006 = CARTESIAN_POINT ( 'NONE',  ( 0.3307362521690002700, 1.105110948217251200, 0.4600000000000000200 ) ) ;
#2007 = SURFACE_STYLE_USAGE ( .BOTH. , #10167 ) ;
#2008 = CARTESIAN_POINT ( 'NONE',  ( -0.2740965960896243300, 1.321466719296756000, 0.4700000000000000300 ) ) ;
#2009 = SURFACE_STYLE_USAGE ( .BOTH. , #3530 ) ;
#2010 = ORIENTED_EDGE ( 'NONE', *, *, #3994, .F. ) ;
#2011 = EDGE_CURVE ( 'NONE', #4671, #6657, #1625, .T. ) ;
#2012 = CARTESIAN_POINT ( 'NONE',  ( 0.6271212929828849900, 1.058719733595268900, 0.4700000000000000300 ) ) ;
#2013 = MECHANICAL_DESIGN_GEOMETRIC_PRESENTATION_REPRESENTATION (  '', ( #10094 ), #6390 ) ;
#2014 = LINE ( 'NONE', #8326, #6475 ) ;
#2015 = ORIENTED_EDGE ( 'NONE', *, *, #7868, .F. ) ;
#2016 = FACE_OUTER_BOUND ( 'NONE', #2613, .T. ) ;
#2017 = CARTESIAN_POINT ( 'NONE',  ( 0.2606778549914503000, 1.123856064163555800, 0.4700000000000000300 ) ) ;
#2018 = CARTESIAN_POINT ( 'NONE',  ( -0.3200038376330879300, 1.235390679515602000, 0.4600000000000000200 ) ) ;
#2019 = ORIENTED_EDGE ( 'NONE', *, *, #2224, .T. ) ;
#2020 = CARTESIAN_POINT ( 'NONE',  ( 0.04151568268147027400, 1.108325948845417100, 0.4600000000000000200 ) ) ;
#2021 = CARTESIAN_POINT ( 'NONE',  ( 0.8026946509902985700, 1.151207428312109200, 0.4700000000000000300 ) ) ;
#2022 = EDGE_CURVE ( 'NONE', #3522, #8719, #10343, .T. ) ;
#2023 = EDGE_CURVE ( 'NONE', #3747, #1151, #7446, .T. ) ;
#2024 = FACE_OUTER_BOUND ( 'NONE', #372, .T. ) ;
#2025 = VERTEX_POINT ( 'NONE', #8967 ) ;
#2026 = VECTOR ( 'NONE', #1333, 1000.000000000000000 ) ;
#2027 = ORIENTED_EDGE ( 'NONE', *, *, #2818, .F. ) ;
#2028 =( GEOMETRIC_REPRESENTATION_CONTEXT ( 3 ) GLOBAL_UNCERTAINTY_ASSIGNED_CONTEXT ( ( #2977 ) ) GLOBAL_UNIT_ASSIGNED_CONTEXT ( ( #4338, #5062, #1916 ) ) REPRESENTATION_CONTEXT ( 'NONE', 'WORKASPACE' ) );
#2029 = CARTESIAN_POINT ( 'NONE',  ( 0.4142640172510503300, 1.102222549848287400, 0.4600000000000000200 ) ) ;
#2030 = VERTEX_POINT ( 'NONE', #6637 ) ;
#2031 = CARTESIAN_POINT ( 'NONE',  ( 0.1249999999999998900, 1.101000000000000000, 0.1000000000000000100 ) ) ;
#2032 = CARTESIAN_POINT ( 'NONE',  ( 0.5799932420423163900, 1.123856064163558400, 0.4600000000000000200 ) ) ;
#2033 = CARTESIAN_POINT ( 'NONE',  ( 0.7491708608032712200, 1.058719733595270100, 0.4600000000000000200 ) ) ;
#2034 =( GEOMETRIC_REPRESENTATION_CONTEXT ( 3 ) GLOBAL_UNCERTAINTY_ASSIGNED_CONTEXT ( ( #9056 ) ) GLOBAL_UNIT_ASSIGNED_CONTEXT ( ( #4916, #87, #7432 ) ) REPRESENTATION_CONTEXT ( 'NONE', 'WORKASPACE' ) );
#2035 = FILL_AREA_STYLE ('',( #5280 ) ) ;
#2036 = FACE_OUTER_BOUND ( 'NONE', #7313, .T. ) ;
#2037 = CARTESIAN_POINT ( 'NONE',  ( 0.3703190992065542600, 1.358877376360267700, 0.4600000000000000200 ) ) ;
#2038 = VERTEX_POINT ( 'NONE', #7376 ) ;
#2039 = VERTEX_POINT ( 'NONE', #1713 ) ;
#2040 = CARTESIAN_POINT ( 'NONE',  ( 0.4424701115290429800, 1.068563866812215300, 0.4700000000000000300 ) ) ;
#2041 = B_SPLINE_CURVE_WITH_KNOTS ( 'NONE', 3,
 ( #10478, #4746, #8842, #3098 ),
 .UNSPECIFIED., .F., .F.,
 ( 4, 4 ),
 ( 12.00000000000000000, 13.00000000000000000 ),
 .UNSPECIFIED. ) ;
#2042 = DIRECTION ( 'NONE',  ( -0.0000000000000000000, -0.0000000000000000000, 1.000000000000000000 ) ) ;
#2044 =( GEOMETRIC_REPRESENTATION_CONTEXT ( 3 ) GLOBAL_UNCERTAINTY_ASSIGNED_CONTEXT ( ( #5199 ) ) GLOBAL_UNIT_ASSIGNED_CONTEXT ( ( #395, #6840, #4372 ) ) REPRESENTATION_CONTEXT ( 'NONE', 'WORKASPACE' ) );
#2043 = CARTESIAN_POINT ( 'NONE',  ( -1.000000000000000000, -1.500000000000000000, 0.09999999999999999200 ) ) ;
#2045 = CARTESIAN_POINT ( 'NONE',  ( 0.7986567879639830900, 1.151207428312109200, 0.4600000000000000200 ) ) ;
#2046 = PLANE ( 'NONE',  #3222 ) ;
#2047 = LINE ( 'NONE', #1917, #885 ) ;
#2048 =( NAMED_UNIT ( * ) PLANE_ANGLE_UNIT ( ) SI_UNIT ( $, .RADIAN. ) );
#2049 = VERTEX_POINT ( 'NONE', #10636 ) ;
#2050 = DIRECTION ( 'NONE',  ( -0.0000000000000000000, -0.0000000000000000000, -1.000000000000000000 ) ) ;
#2051 = VERTEX_POINT ( 'NONE', #7342 ) ;
#2052 = ADVANCED_FACE ( 'NONE', ( #8140 ), #4177, .F. ) ;
#2053 = CARTESIAN_POINT ( 'NONE',  ( 0.7491708608032712200, 1.058719733595270100, 0.4600000000000000200 ) ) ;
#2054 = CARTESIAN_POINT ( 'NONE',  ( 0.3477424344033106000, 1.056774485713890800, 0.4600000000000000200 ) ) ;
#2055 = EDGE_CURVE ( 'NONE', #423, #3778, #8909, .T. ) ;
#2056 = PRESENTATION_STYLE_ASSIGNMENT (( #2979 ) ) ;
#2057 = CARTESIAN_POINT ( 'NONE',  ( 0.1505454175049576700, 1.222274273413523200, 0.4600000000000000200 ) ) ;
#2058 = CARTESIAN_POINT ( 'NONE',  ( 0.3703190992065542600, 1.358877376360267700, 0.4700000000000000300 ) ) ;
#2059 = CARTESIAN_POINT ( 'NONE',  ( 0.4590341919722750700, 1.125270789895327100, 0.4700000000000000300 ) ) ;
#2060 = SURFACE_STYLE_FILL_AREA ( #5480 ) ;
#2061 = DIRECTION ( 'NONE',  ( -0.0000000000000000000, 1.000000000000000000, -0.0000000000000000000 ) ) ;
#2062 = ORIENTED_EDGE ( 'NONE', *, *, #6589, .F. ) ;
#2063 = UNCERTAINTY_MEASURE_WITH_UNIT (LENGTH_MEASURE( 1.000000000000000100E-005 ), #9013, 'distance_accuracy_value', 'NONE');
#2064 =( GEOMETRIC_REPRESENTATION_CONTEXT ( 3 ) GLOBAL_UNCERTAINTY_ASSIGNED_CONTEXT ( ( #767 ) ) GLOBAL_UNIT_ASSIGNED_CONTEXT ( ( #7647, #7572, #5166 ) ) REPRESENTATION_CONTEXT ( 'NONE', 'WORKASPACE' ) );
#2065 = FACE_OUTER_BOUND ( 'NONE', #4778, .T. ) ;
#2066 = CARTESIAN_POINT ( 'NONE',  ( -0.01504858409442596600, 1.059139613593608600, 0.4700000000000000300 ) ) ;
#2067 = CARTESIAN_POINT ( 'NONE',  ( 0.04151568268147027400, 1.108325948845417100, 0.4700000000000000300 ) ) ;
#2068 = LINE ( 'NONE', #9061, #6799 ) ;
#2069 = CARTESIAN_POINT ( 'NONE',  ( 0.7986567879639830900, 1.151207428312109200, 0.4700000000000000300 ) ) ;
#2070 = ORIENTED_EDGE ( 'NONE', *, *, #269, .T. ) ;
#2071 = CARTESIAN_POINT ( 'NONE',  ( 0.3813421705335660100, 1.358877376360267700, 0.4600000000000000200 ) ) ;
#2072 = ORIENTED_EDGE ( 'NONE', *, *, #8825, .F. ) ;
#2073 = EDGE_CURVE ( 'NONE', #7770, #1725, #1878, .T. ) ;
#2074 = VERTEX_POINT ( 'NONE', #2491 ) ;
#2075 = FACE_OUTER_BOUND ( 'NONE', #10477, .T. ) ;
#2076 = VERTEX_POINT ( 'NONE', #3369 ) ;
#2077 = CARTESIAN_POINT ( 'NONE',  ( 0.5827342731477004300, 1.285960054266472900, 0.4600000000000000200 ) ) ;
#2078 = CARTESIAN_POINT ( 'NONE',  ( -0.2265498194193134900, 1.103407296556745200, 0.4600000000000000200 ) ) ;
#2079 = CARTESIAN_POINT ( 'NONE',  ( 0.4074556496666271700, 1.118845577196947200, 0.4700000000000000300 ) ) ;
#2080 = CARTESIAN_POINT ( 'NONE',  ( -0.2708175023820599300, 1.114884151896459800, 0.4600000000000000200 ) ) ;
#2081 = CARTESIAN_POINT ( 'NONE',  ( -0.2716373012175112300, 1.059959404611489300, 0.4700000000000000300 ) ) ;
#2082 = VERTEX_POINT ( 'NONE', #9102 ) ;
#2083 = CARTESIAN_POINT ( 'NONE',  ( -0.3716495146639740000, 1.223913824175887300, 0.4600000000000000200 ) ) ;
#2084 = EDGE_CURVE ( 'NONE', #4872, #3045, #8139, .T. ) ;
#2085 = DIRECTION ( 'NONE',  ( -1.000000000000000000, -3.846415562192292200E-014, 0.0000000000000000000 ) ) ;
#2086 = VERTEX_POINT ( 'NONE', #1616 ) ;
#2087 = CARTESIAN_POINT ( 'NONE',  ( 0.8005430889399329800, 1.159283154363951900, 0.4700000000000000300 ) ) ;
#2088 = CARTESIAN_POINT ( 'NONE',  ( 0.5099348448647560400, 1.072395415668760100, 0.4600000000000000200 ) ) ;
#2089 = ORIENTED_EDGE ( 'NONE', *, *, #10276, .T. ) ;
#2090 = CARTESIAN_POINT ( 'NONE',  ( 0.3287025839294849800, 1.063258645317694200, 0.4700000000000000300 ) ) ;
#2091 = CARTESIAN_POINT ( 'NONE',  ( -0.6500000000000000200, -0.7500000000000000000, -0.02000000000000000000 ) ) ;
#2092 = VERTEX_POINT ( 'NONE', #4964 ) ;
#2093 = CARTESIAN_POINT ( 'NONE',  ( -0.2199916320041912800, 1.319827176352346600, 0.4700000000000000300 ) ) ;
#2094 = VECTOR ( 'NONE', #852, 1000.000000000000000 ) ;
#2095 =( GEOMETRIC_REPRESENTATION_CONTEXT ( 3 ) GLOBAL_UNCERTAINTY_ASSIGNED_CONTEXT ( ( #4932 ) ) GLOBAL_UNIT_ASSIGNED_CONTEXT ( ( #634, #5578, #8795 ) ) REPRESENTATION_CONTEXT ( 'NONE', 'WORKASPACE' ) );
#2096 = ORIENTED_EDGE ( 'NONE', *, *, #8995, .T. ) ;
#2097 = VECTOR ( 'NONE', #5232, 1000.000000000000000 ) ;
#2098 = DIRECTION ( 'NONE',  ( -0.0000000000000000000, -0.0000000000000000000, -1.000000000000000000 ) ) ;
#2099 = EDGE_CURVE ( 'NONE', #4029, #7420, #4934, .T. ) ;
#2100 = ADVANCED_FACE ( 'NONE', ( #8506 ), #6653, .T. ) ;
#2101 = CARTESIAN_POINT ( 'NONE',  ( -0.1839216559474985400, 1.355897156317625200, 0.4600000000000000200 ) ) ;
#2102 = ORIENTED_EDGE ( 'NONE', *, *, #9618, .T. ) ;
#2103 = FILL_AREA_STYLE_COLOUR ( '', #3351 ) ;
#2104 = DIRECTION ( 'NONE',  ( 0.0000000000000000000, -1.000000000000000000, 0.0000000000000000000 ) ) ;
#2105 = FACE_OUTER_BOUND ( 'NONE', #966, .T. ) ;
#2106 = VERTEX_POINT ( 'NONE', #4895 ) ;
#2107 = LINE ( 'NONE', #5297, #4553 ) ;
#2108 = CARTESIAN_POINT ( 'NONE',  ( 0.7766990656680904400, 1.090256328032908100, 0.4700000000000000300 ) ) ;
#2109 = B_SPLINE_CURVE_WITH_KNOTS ( 'NONE', 3,
 ( #5350, #9474, #10240, #3722 ),
 .UNSPECIFIED., .F., .F.,
 ( 4, 4 ),
 ( 20.00000000000000000, 21.00000000000000000 ),
 .UNSPECIFIED. ) ;
#2110 = CARTESIAN_POINT ( 'NONE',  ( 0.3733548648394733900, 1.124504480124015200, 0.4700000000000000300 ) ) ;
#2111 = ORIENTED_EDGE ( 'NONE', *, *, #7319, .T. ) ;
#2112 = CARTESIAN_POINT ( 'NONE',  ( 0.02594002861502355700, 1.345240115449673100, 0.4700000000000000300 ) ) ;
#2113 = VECTOR ( 'NONE', #2671, 1000.000000000000000 ) ;
#2114 = EDGE_CURVE ( 'NONE', #875, #2324, #8023, .T. ) ;
#2115 = CARTESIAN_POINT ( 'NONE',  ( -0.3716495146639740000, 1.223913824175887300, 0.4700000000000000300 ) ) ;
#2116 = VERTEX_POINT ( 'NONE', #3255 ) ;
#2117 = FACE_OUTER_BOUND ( 'NONE', #3446, .T. ) ;
#2118 = UNCERTAINTY_MEASURE_WITH_UNIT (LENGTH_MEASURE( 1.000000000000000100E-005 ), #239, 'distance_accuracy_value', 'NONE');
#2119 = EDGE_LOOP ( 'NONE', ( #7486, #3535, #8059, #9629, #8844, #16 ) ) ;
#2120 = LINE ( 'NONE', #615, #1992 ) ;
#2121 =( LENGTH_UNIT ( ) NAMED_UNIT ( * ) SI_UNIT ( .MILLI., .METRE. ) );
#2122 = CARTESIAN_POINT ( 'NONE',  ( -0.3750000000000001100, 1.500999999999999900, -0.04000000000000000100 ) ) ;
#2123 = CARTESIAN_POINT ( 'NONE',  ( 0.3588539260884610100, 1.056774485713890800, 0.4700000000000000300 ) ) ;
#2124 = DIRECTION ( 'NONE',  ( 0.0000000000000000000, 1.000000000000000000, 0.0000000000000000000 ) ) ;
#2125 = ADVANCED_FACE ( 'NONE', ( #3158 ), #6535, .F. ) ;
#2126 = CARTESIAN_POINT ( 'NONE',  ( -0.2995095312783615500, 1.128000511090006000, 0.4600000000000000200 ) ) ;
#2127 = FACE_OUTER_BOUND ( 'NONE', #1868, .T. ) ;
#2128 = ORIENTED_EDGE ( 'NONE', *, *, #5775, .F. ) ;
#2129 = PRESENTATION_STYLE_ASSIGNMENT (( #9126 ) ) ;
#2130 = ORIENTED_EDGE ( 'NONE', *, *, #5226, .F. ) ;
#2131 = CARTESIAN_POINT ( 'NONE',  ( 0.7066111950386162500, 1.075873283092750200, 0.4600000000000000200 ) ) ;
#2132 = CARTESIAN_POINT ( 'NONE',  ( 0.4074556496666271700, 1.118845577196947200, 0.4600000000000000200 ) ) ;
#2133 = VECTOR ( 'NONE', #3195, 1000.000000000000000 ) ;
#2134 = CARTESIAN_POINT ( 'NONE',  ( 0.7427751215583920900, 1.117843479803158500, 0.4700000000000000300 ) ) ;
#2135 = ORIENTED_EDGE ( 'NONE', *, *, #1765, .T. ) ;
#2136 = VECTOR ( 'NONE', #172, 1000.000000000000000 ) ;
#2137 = DIRECTION ( 'NONE',  ( -0.0000000000000000000, -0.0000000000000000000, -1.000000000000000000 ) ) ;
#2138 = CARTESIAN_POINT ( 'NONE',  ( 0.2606778549914503000, 1.160756827001924200, 0.4700000000000000300 ) ) ;
#2139 = ORIENTED_EDGE ( 'NONE', *, *, #5256, .T. ) ;
#2140 = CARTESIAN_POINT ( 'NONE',  ( 0.4704993650903677700, 1.141068560567251300, 0.4700000000000000300 ) ) ;
#2141 = VECTOR ( 'NONE', #3976, 1000.000000000000000 ) ;
#2142 = LINE ( 'NONE', #5255, #10607 ) ;
#2143 = ORIENTED_EDGE ( 'NONE', *, *, #3936, .F. ) ;
#2144 = FACE_OUTER_BOUND ( 'NONE', #6539, .T. ) ;
#2145 = CARTESIAN_POINT ( 'NONE',  ( 0.2457937613547873900, 1.356932128478890400, 0.4700000000000000300 ) ) ;
#2146 = DIRECTION ( 'NONE',  ( 0.0000000000000000000, 0.0000000000000000000, -1.000000000000000000 ) ) ;
#2147 = CARTESIAN_POINT ( 'NONE',  ( 0.7656170474356555100, 1.058719733595270100, 0.4700000000000000300 ) ) ;
#2148 = ORIENTED_EDGE ( 'NONE', *, *, #3480, .F. ) ;
#2149 = ADVANCED_FACE ( 'NONE', ( #6345 ), #10045, .F. ) ;
#2150 = EDGE_CURVE ( 'NONE', #10448, #3361, #5811, .T. ) ;
#2151 = VECTOR ( 'NONE', #753, 1000.000000000000000 ) ;
#2152 = CARTESIAN_POINT ( 'NONE',  ( 0.3457971865219357000, 1.257017123669881700, 0.4600000000000000200 ) ) ;
#2153 = DIRECTION ( 'NONE',  ( -1.000000000000000000, -0.0000000000000000000, -0.0000000000000000000 ) ) ;
#2154 = DIRECTION ( 'NONE',  ( -0.3559357243698827400, 0.9345104387417441100, -0.0000000000000000000 ) ) ;
#2155 = COLOUR_RGB ( '',0.6666666666666666300, 0.6666666666666666300, 0.6666666666666666300 ) ;
#2156 = VERTEX_POINT ( 'NONE', #1117 ) ;
#2157 = DIRECTION ( 'NONE',  ( 0.3667976789509033200, 0.9303007377811919300, -0.0000000000000000000 ) ) ;
#2158 = DIRECTION ( 'NONE',  ( -0.3667976789509033200, -0.9303007377811919300, 0.0000000000000000000 ) ) ;
#2159 = CARTESIAN_POINT ( 'NONE',  ( 0.1005392912368313900, 1.138657512868168400, 0.4600000000000000200 ) ) ;
#2160 = ORIENTED_EDGE ( 'NONE', *, *, #10558, .T. ) ;
#2161 = EDGE_CURVE ( 'NONE', #1996, #5115, #7499, .T. ) ;
#2162 = EDGE_CURVE ( 'NONE', #1759, #7436, #5191, .T. ) ;
#2163 = LINE ( 'NONE', #9392, #9842 ) ;
#2164 = ORIENTED_EDGE ( 'NONE', *, *, #318, .T. ) ;
#2165 = ORIENTED_EDGE ( 'NONE', *, *, #9542, .F. ) ;
#2166 = CARTESIAN_POINT ( 'NONE',  ( 0.4297081064900330500, 1.056774485713890800, 0.4700000000000000300 ) ) ;
#2167 = DIRECTION ( 'NONE',  ( 0.3385350342956495700, 0.9409537876827125400, 0.0000000000000000000 ) ) ;
#2168 = CARTESIAN_POINT ( 'NONE',  ( 0.3334183363685779800, 1.058955521216968300, 0.4600000000000000200 ) ) ;
#2169 = FACE_OUTER_BOUND ( 'NONE', #4509, .T. ) ;
#2170 = ADVANCED_FACE ( 'NONE', ( #7765 ), #10221, .F. ) ;
#2171 = EDGE_CURVE ( 'NONE', #5107, #3197, #8242, .T. ) ;
#2172 = VECTOR ( 'NONE', #1375, 1000.000000000000000 ) ;
#2173 = ORIENTED_EDGE ( 'NONE', *, *, #1050, .F. ) ;
#2174 = CARTESIAN_POINT ( 'NONE',  ( 0.6249999999999998900, -1.101000000000000000, -0.0000000000000000000 ) ) ;
#2175 = DIRECTION ( 'NONE',  ( 0.0000000000000000000, 1.000000000000000000, 0.0000000000000000000 ) ) ;
#2176 = CARTESIAN_POINT ( 'NONE',  ( -0.2117939250981358500, 1.053401170288617000, 0.4600000000000000200 ) ) ;
#2177 = CARTESIAN_POINT ( 'NONE',  ( 0.3749999999999998900, -1.500999999999999900, 0.1000000000000000100 ) ) ;
#2178 = CARTESIAN_POINT ( 'NONE',  ( -0.3593529308516099600, 1.123901602911467500, 0.4700000000000000300 ) ) ;
#2179 = CARTESIAN_POINT ( 'NONE',  ( 0.3576160410733590900, 1.345437481907692400, 0.4600000000000000200 ) ) ;
#2180 = ORIENTED_EDGE ( 'NONE', *, *, #3893, .T. ) ;
#2181 = ORIENTED_EDGE ( 'NONE', *, *, #1843, .F. ) ;
#2182 = LINE ( 'NONE', #5337, #9988 ) ;
#2183 = VERTEX_POINT ( 'NONE', #963 ) ;
#2184 = CARTESIAN_POINT ( 'NONE',  ( 0.4395227662542640600, 1.056774485713890800, 0.4600000000000000200 ) ) ;
#2185 = PLANE ( 'NONE',  #5821 ) ;
#2186 = UNCERTAINTY_MEASURE_WITH_UNIT (LENGTH_MEASURE( 1.000000000000000100E-005 ), #6822, 'distance_accuracy_value', 'NONE');
#2187 = EDGE_CURVE ( 'NONE', #7146, #7347, #5570, .T. ) ;
#2188 = CARTESIAN_POINT ( 'NONE',  ( 0.7427751215583920900, 1.099982567439006500, 0.4600000000000000200 ) ) ;
#2189 = DIRECTION ( 'NONE',  ( 1.000000000000000000, 0.0000000000000000000, 0.0000000000000000000 ) ) ;
#2190 = DIRECTION ( 'NONE',  ( 0.4630180653866979900, -0.8863488427958596800, 0.0000000000000000000 ) ) ;
#2191 = CARTESIAN_POINT ( 'NONE',  ( 0.6806156097171999200, 1.058719733595270100, 0.4600000000000000200 ) ) ;
#2192 = CARTESIAN_POINT ( 'NONE',  ( 0.3279657476104935200, 1.341900667578275400, 0.4700000000000000300 ) ) ;
#2193 = ORIENTED_EDGE ( 'NONE', *, *, #5037, .F. ) ;
#2194 = SURFACE_STYLE_FILL_AREA ( #612 ) ;
#2195 = ORIENTED_EDGE ( 'NONE', *, *, #7895, .F. ) ;
#2196 = ORIENTED_EDGE ( 'NONE', *, *, #5806, .F. ) ;
#2197 = ADVANCED_FACE ( 'NONE', ( #10062 ), #6833, .T. ) ;
#2198 = DIRECTION ( 'NONE',  ( 0.0000000000000000000, -1.000000000000000000, 0.0000000000000000000 ) ) ;
#2199 = EDGE_LOOP ( 'NONE', ( #3412, #8046, #2451, #9755 ) ) ;
#2200 = CARTESIAN_POINT ( 'NONE',  ( 0.5121748272732571400, 1.046281936536485900, 0.4600000000000000200 ) ) ;
#2201 = CARTESIAN_POINT ( 'NONE',  ( -0.3750000000000001100, -1.500000000000000000, 0.0000000000000000000 ) ) ;
#2202 = ORIENTED_EDGE ( 'NONE', *, *, #2587, .F. ) ;
#2203 = CARTESIAN_POINT ( 'NONE',  ( 0.3749999999999998900, -1.101000000000000000, -0.04000000000000000100 ) ) ;
#2204 = DIRECTION ( 'NONE',  ( 1.000000000000000000, -0.0000000000000000000, -0.0000000000000000000 ) ) ;
#2205 = VERTEX_POINT ( 'NONE', #6027 ) ;
#2206 = ORIENTED_EDGE ( 'NONE', *, *, #5164, .F. ) ;
#2207 = EDGE_CURVE ( 'NONE', #1293, #4058, #9675, .T. ) ;
#2208 = ORIENTED_EDGE ( 'NONE', *, *, #6649, .F. ) ;
#2209 = CARTESIAN_POINT ( 'NONE',  ( 0.3489508459656977500, 1.107645665153660100, 0.4600000000000000200 ) ) ;
#2210 = SURFACE_STYLE_FILL_AREA ( #2449 ) ;
#2211 = SURFACE_STYLE_FILL_AREA ( #652 ) ;
#2212 =( LENGTH_UNIT ( ) NAMED_UNIT ( * ) SI_UNIT ( .MILLI., .METRE. ) );
#2213 = CARTESIAN_POINT ( 'NONE',  ( 0.6244981556883441000, 1.174019880737442200, 0.4700000000000000300 ) ) ;
#2214 = CARTESIAN_POINT ( 'NONE',  ( 0.04643433496975097500, 1.058319853848341400, 0.4700000000000000300 ) ) ;
#2215 = EDGE_CURVE ( 'NONE', #6581, #3239, #2759, .T. ) ;
#2216 = CARTESIAN_POINT ( 'NONE',  ( 0.3378393542805469000, 1.140420144606789400, 0.4700000000000000300 ) ) ;
#2217 = STYLED_ITEM ( 'NONE', ( #5259 ), #9169 ) ;
#2218 = ORIENTED_EDGE ( 'NONE', *, *, #9588, .F. ) ;
#2219 = LINE ( 'NONE', #4074, #7215 ) ;
#2220 = EDGE_LOOP ( 'NONE', ( #623, #2195, #4609, #6461 ) ) ;
#2221 = VERTEX_POINT ( 'NONE', #2815 ) ;
#2222 = EDGE_CURVE ( 'NONE', #3370, #7108, #5313, .T. ) ;
#2223 =( NAMED_UNIT ( * ) PLANE_ANGLE_UNIT ( ) SI_UNIT ( $, .RADIAN. ) );
#2224 = EDGE_CURVE ( 'NONE', #2920, #3669, #2002, .T. ) ;
#2225 = CARTESIAN_POINT ( 'NONE',  ( 0.3566728905853887000, 1.131224427350304900, 0.4700000000000000300 ) ) ;
#2226 = DIRECTION ( 'NONE',  ( 0.3416038306815736800, -0.9398440417769720100, 0.0000000000000000000 ) ) ;
#2227 = DIRECTION ( 'NONE',  ( 0.0000000000000000000, 1.000000000000000000, 0.0000000000000000000 ) ) ;
#2228 = EDGE_LOOP ( 'NONE', ( #5056, #8836, #4617, #6450 ) ) ;
#2229 = ADVANCED_FACE ( 'NONE', ( #6872 ), #9396, .T. ) ;
#2230 = CARTESIAN_POINT ( 'NONE',  ( 0.5120864069151174200, 1.079056415989621200, 0.4700000000000000300 ) ) ;
#2231 = ORIENTED_EDGE ( 'NONE', *, *, #9839, .F. ) ;
#2232 = EDGE_CURVE ( 'NONE', #6856, #10161, #2496, .T. ) ;
#2233 = VECTOR ( 'NONE', #8591, 1000.000000000000100 ) ;
#2234 = VECTOR ( 'NONE', #6460, 1000.000000000000000 ) ;
#2235 = EDGE_CURVE ( 'NONE', #2920, #2692, #6078, .T. ) ;
#2236 = CARTESIAN_POINT ( 'NONE',  ( 0.4356027970391890800, 1.343669074743377000, 0.4700000000000000300 ) ) ;
#2237 = ORIENTED_EDGE ( 'NONE', *, *, #8359, .F. ) ;
#2238 = CARTESIAN_POINT ( 'NONE',  ( 0.3065974943700323600, 1.254777141261381100, 0.4700000000000000300 ) ) ;
#2239 = CARTESIAN_POINT ( 'NONE',  ( 0.3976409899023887800, 1.260671831810934500, 0.4700000000000000300 ) ) ;
#2240 = CARTESIAN_POINT ( 'NONE',  ( -0.8750000000000001100, -1.500000000000000000, 0.4600000000000000200 ) ) ;
#2241 = CARTESIAN_POINT ( 'NONE',  ( 0.7138027175090877500, 1.168950446864623700, 0.4600000000000000200 ) ) ;
#2242 = ORIENTED_EDGE ( 'NONE', *, *, #3049, .T. ) ;
#2243 = VECTOR ( 'NONE', #3814, 1000.000000000000000 ) ;
#2244 = CARTESIAN_POINT ( 'NONE',  ( 0.3113132468091264200, 1.315669294634368000, 0.4700000000000000300 ) ) ;
#2245 = VECTOR ( 'NONE', #6641, 1000.000000000000000 ) ;
#2246 = CARTESIAN_POINT ( 'NONE',  ( 0.3216289552702570300, 1.096151018582461200, 0.4700000000000000300 ) ) ;
#2247 = ORIENTED_EDGE ( 'NONE', *, *, #7341, .T. ) ;
#2248 = LINE ( 'NONE', #8443, #1387 ) ;
#2249 = CARTESIAN_POINT ( 'NONE',  ( 0.3704664664705092900, 1.345437481907692400, 0.4700000000000000300 ) ) ;
#2250 = DIRECTION ( 'NONE',  ( 0.0000000000000000000, -0.0000000000000000000, -1.000000000000000000 ) ) ;
#2251 = SURFACE_SIDE_STYLE ('',( #1409 ) ) ;
#2252 = ORIENTED_EDGE ( 'NONE', *, *, #5689, .T. ) ;
#2253 = DIRECTION ( 'NONE',  ( -1.128396311045738000E-014, 1.000000000000000000, 0.0000000000000000000 ) ) ;
#2254 = EDGE_CURVE ( 'NONE', #5968, #8903, #1825, .T. ) ;
#2255 = DIRECTION ( 'NONE',  ( 0.0000000000000000000, -0.0000000000000000000, -1.000000000000000000 ) ) ;
#2256 = SURFACE_STYLE_FILL_AREA ( #3943 ) ;
#2257 = VERTEX_POINT ( 'NONE', #8489 ) ;
#2258 = PRESENTATION_LAYER_ASSIGNMENT (  '', '', ( #1712 ) ) ;
#2259 = ORIENTED_EDGE ( 'NONE', *, *, #370, .F. ) ;
#2260 = FILL_AREA_STYLE ('',( #7106 ) ) ;
#2261 = CARTESIAN_POINT ( 'NONE',  ( 0.4356027970391868100, 1.254777141261381100, 0.4700000000000000300 ) ) ;
#2262 = SURFACE_STYLE_USAGE ( .BOTH. , #779 ) ;
#2263 = VECTOR ( 'NONE', #364, 1000.000000000000000 ) ;
#2264 = VERTEX_POINT ( 'NONE', #10231 ) ;
#2265 = LINE ( 'NONE', #7933, #8923 ) ;
#2266 = ORIENTED_EDGE ( 'NONE', *, *, #5302, .F. ) ;
#2267 = EDGE_CURVE ( 'NONE', #7528, #6414, #3489, .T. ) ;
#2268 = CARTESIAN_POINT ( 'NONE',  ( -0.8750000000000001100, 1.500000000000000000, 0.09999999999999999200 ) ) ;
#2269 = DIRECTION ( 'NONE',  ( 0.0000000000000000000, 1.000000000000000000, -0.0000000000000000000 ) ) ;
#2270 = VECTOR ( 'NONE', #3021, 1000.000000000000000 ) ;
#2271 = VECTOR ( 'NONE', #1086, 1000.000000000000000 ) ;
#2272 = PLANE ( 'NONE',  #4453 ) ;
#2273 = ORIENTED_EDGE ( 'NONE', *, *, #6733, .T. ) ;
#2274 = VECTOR ( 'NONE', #5202, 1000.000000000000000 ) ;
#2275 = ORIENTED_EDGE ( 'NONE', *, *, #6404, .F. ) ;
#2276 =( GEOMETRIC_REPRESENTATION_CONTEXT ( 3 ) GLOBAL_UNCERTAINTY_ASSIGNED_CONTEXT ( ( #1556 ) ) GLOBAL_UNIT_ASSIGNED_CONTEXT ( ( #7153, #7188, #5622 ) ) REPRESENTATION_CONTEXT ( 'NONE', 'WORKASPACE' ) );
#2277 = ORIENTED_EDGE ( 'NONE', *, *, #7258, .T. ) ;
#2278 = CARTESIAN_POINT ( 'NONE',  ( 0.02348071810660487200, 1.293594465781640100, 0.4600000000000000200 ) ) ;
#2279 = AXIS2_PLACEMENT_3D ( 'NONE', #3237, #8948, #4264 ) ;
#2280 = PLANE ( 'NONE',  #6774 ) ;
#2281 = CARTESIAN_POINT ( 'NONE',  ( 0.3051827686378725300, 1.160756827001924200, 0.4700000000000000300 ) ) ;
#2282 = LINE ( 'NONE', #6060, #3063 ) ;
#2283 = DIRECTION ( 'NONE',  ( -0.0000000000000000000, -0.0000000000000000000, -1.000000000000000000 ) ) ;
#2284 = EDGE_CURVE ( 'NONE', #2315, #2447, #9801, .T. ) ;
#2285 = ORIENTED_EDGE ( 'NONE', *, *, #8658, .F. ) ;
#2286 = ORIENTED_EDGE ( 'NONE', *, *, #2971, .T. ) ;
#2287 = ORIENTED_EDGE ( 'NONE', *, *, #4942, .F. ) ;
#2288 = EDGE_CURVE ( 'NONE', #8176, #2905, #596, .T. ) ;
#2289 = CARTESIAN_POINT ( 'NONE',  ( 0.6249999999999998900, 1.101000000000000000, 0.1000000000000000100 ) ) ;
#2290 = DIRECTION ( 'NONE',  ( -2.109575325578791300E-013, 1.000000000000000000, 0.0000000000000000000 ) ) ;
#2291 = CARTESIAN_POINT ( 'NONE',  ( 0.5368146337683330500, 1.343669074743377000, 0.4700000000000000300 ) ) ;
#2292 = LINE ( 'NONE', #1031, #7677 ) ;
#2293 = CARTESIAN_POINT ( 'NONE',  ( -0.1839216559474985400, 1.355897156317625200, 0.4700000000000000300 ) ) ;
#2294 = VECTOR ( 'NONE', #8036, 1000.000000000000000 ) ;
#2295 = CARTESIAN_POINT ( 'NONE',  ( 0.7271247181492411800, 1.103047806525025800, 0.4700000000000000300 ) ) ;
#2296 = CARTESIAN_POINT ( 'NONE',  ( 0.5368146337683330500, 1.343669074743377000, 0.4600000000000000200 ) ) ;
#2297 = EDGE_CURVE ( 'NONE', #3075, #6954, #4317, .T. ) ;
#2298 = ORIENTED_EDGE ( 'NONE', *, *, #3325, .T. ) ;
#2299 =( LENGTH_UNIT ( ) NAMED_UNIT ( * ) SI_UNIT ( .MILLI., .METRE. ) );
#2300 = VECTOR ( 'NONE', #3658, 1000.000000000000000 ) ;
#2301 = ADVANCED_FACE ( 'NONE', ( #4691 ), #3884, .F. ) ;
#2302 = CARTESIAN_POINT ( 'NONE',  ( 0.8201134615637640800, 1.103283594146726700, 0.4700000000000000300 ) ) ;
#2303 = DIRECTION ( 'NONE',  ( 0.0000000000000000000, 1.000000000000000000, -0.0000000000000000000 ) ) ;
#2304 = SURFACE_STYLE_FILL_AREA ( #7011 ) ;
#2305 = CARTESIAN_POINT ( 'NONE',  ( 0.3678728026286729500, 1.252949787190854400, 0.4600000000000000200 ) ) ;
#2306 = ORIENTED_EDGE ( 'NONE', *, *, #6369, .T. ) ;
#2307 = CARTESIAN_POINT ( 'NONE',  ( 0.5651091484052507300, 1.174019880737442200, 0.4700000000000000300 ) ) ;
#2308 = DIRECTION ( 'NONE',  ( 0.0000000000000000000, 0.0000000000000000000, -1.000000000000000000 ) ) ;
#2309 = CARTESIAN_POINT ( 'NONE',  ( 0.1210335975911644700, 1.095209605287003500, 0.4700000000000000300 ) ) ;
#2310 = EDGE_CURVE ( 'NONE', #9442, #5765, #2490, .T. ) ;
#2311 = ORIENTED_EDGE ( 'NONE', *, *, #131, .F. ) ;
#2312 = ORIENTED_EDGE ( 'NONE', *, *, #7662, .T. ) ;
#2313 = VECTOR ( 'NONE', #1459, 1000.000000000000000 ) ;
#2314 =( NAMED_UNIT ( * ) PLANE_ANGLE_UNIT ( ) SI_UNIT ( $, .RADIAN. ) );
#2315 = VERTEX_POINT ( 'NONE', #7980 ) ;
#2316 = DIRECTION ( 'NONE',  ( 0.0000000000000000000, -1.000000000000000000, 0.0000000000000000000 ) ) ;
#2317 = CARTESIAN_POINT ( 'NONE',  ( 0.4381080405224999600, 1.131224427350304900, 0.4700000000000000300 ) ) ;
#2318 = CARTESIAN_POINT ( 'NONE',  ( 0.5925784063646480900, 1.331467065306295000, 0.4700000000000000300 ) ) ;
#2319 = CARTESIAN_POINT ( 'NONE',  ( 0.4866508171952374000, 1.141068560567251300, 0.4600000000000000200 ) ) ;
#2320 = DIRECTION ( 'NONE',  ( 0.0000000000000000000, 1.000000000000000000, -0.0000000000000000000 ) ) ;
#2321 = B_SPLINE_CURVE_WITH_KNOTS ( 'NONE', 3,
 ( #3037, #10274, #7018, #1415 ),
 .UNSPECIFIED., .F., .F.,
 ( 4, 4 ),
 ( 24.00000000000000000, 25.00000000000000000 ),
 .UNSPECIFIED. ) ;
#2322 = ORIENTED_EDGE ( 'NONE', *, *, #9413, .T. ) ;
#2323 = CARTESIAN_POINT ( 'NONE',  ( 0.4073672293084886200, 1.061608131964231400, 0.4600000000000000200 ) ) ;
#2324 = VERTEX_POINT ( 'NONE', #8773 ) ;
#2325 = LINE ( 'NONE', #1223, #550 ) ;
#2326 = ORIENTED_EDGE ( 'NONE', *, *, #5595, .F. ) ;
#2327 = FACE_BOUND ( 'NONE', #9623, .T. ) ;
#2328 = CARTESIAN_POINT ( 'NONE',  ( 0.3630686298310509300, 1.070862796126138300, 0.4600000000000000200 ) ) ;
#2329 = DIRECTION ( 'NONE',  ( -0.0000000000000000000, -1.000000000000000000, -0.0000000000000000000 ) ) ;
#2330 = ORIENTED_EDGE ( 'NONE', *, *, #8751, .F. ) ;
#2331 = CARTESIAN_POINT ( 'NONE',  ( 0.5694122725059784800, 1.246996149736662400, 0.4600000000000000200 ) ) ;
#2332 = EDGE_CURVE ( 'NONE', #9006, #5698, #7057, .T. ) ;
#2333 = ORIENTED_EDGE ( 'NONE', *, *, #5787, .F. ) ;
#2334 = CARTESIAN_POINT ( 'NONE',  ( 0.0000000000000000000, 0.0000000000000000000, 0.1000000000000000100 ) ) ;
#2335 = ORIENTED_EDGE ( 'NONE', *, *, #3271, .F. ) ;
#2336 = CARTESIAN_POINT ( 'NONE',  ( -0.1470318888733100600, 1.158332090749458500, 0.4600000000000000200 ) ) ;
#2337 = FACE_OUTER_BOUND ( 'NONE', #4155, .T. ) ;
#2338 = EDGE_CURVE ( 'NONE', #7351, #906, #2120, .T. ) ;
#2339 = VERTEX_POINT ( 'NONE', #1450 ) ;
#2340 = ORIENTED_EDGE ( 'NONE', *, *, #4789, .F. ) ;
#2341 = CARTESIAN_POINT ( 'NONE',  ( 0.4167103138289316400, 1.136411755033188300, 0.4600000000000000200 ) ) ;
#2342 = ORIENTED_EDGE ( 'NONE', *, *, #7973, .T. ) ;
#2343 = SURFACE_SIDE_STYLE ('',( #2194 ) ) ;
#2344 =( NAMED_UNIT ( * ) PLANE_ANGLE_UNIT ( ) SI_UNIT ( $, .RADIAN. ) );
#2345 =( LENGTH_UNIT ( ) NAMED_UNIT ( * ) SI_UNIT ( .MILLI., .METRE. ) );
#2346 = EDGE_CURVE ( 'NONE', #5651, #5720, #8235, .T. ) ;
#2347 = ORIENTED_EDGE ( 'NONE', *, *, #898, .T. ) ;
#2348 = LINE ( 'NONE', #3788, #9651 ) ;
#2349 = B_SPLINE_SURFACE_WITH_KNOTS ( 'NONE', 3, 1, ( 
 ( #4068, #8853 ),
 ( #9684, #727 ),
 ( #794, #10520 ),
 ( #1456, #5597 ) ),
 .UNSPECIFIED., .F., .F., .F.,
 ( 4, 4 ),
 ( 2, 2 ),
 ( 4.000000000000000000, 5.000000000000000000 ),
 ( 0.0000000000000000000, 1.000000000000000000 ),
 .UNSPECIFIED. ) ;
#2350 =( GEOMETRIC_REPRESENTATION_CONTEXT ( 3 ) GLOBAL_UNCERTAINTY_ASSIGNED_CONTEXT ( ( #1726 ) ) GLOBAL_UNIT_ASSIGNED_CONTEXT ( ( #3449, #6605, #1718 ) ) REPRESENTATION_CONTEXT ( 'NONE', 'WORKASPACE' ) );
#2351 = CARTESIAN_POINT ( 'NONE',  ( 0.3216289552702570300, 1.080765876249294000, 0.4700000000000000300 ) ) ;
#2352 = EDGE_LOOP ( 'NONE', ( #1145, #6676, #7140, #1883 ) ) ;
#2353 = CARTESIAN_POINT ( 'NONE',  ( 0.3904494674323110100, 1.357285809912224300, 0.4700000000000000300 ) ) ;
#2354 = CARTESIAN_POINT ( 'NONE',  ( 0.4459185055003235800, 1.131224427350304900, 0.4700000000000000300 ) ) ;
#2355 = CARTESIAN_POINT ( 'NONE',  ( 0.07512636386565972600, 1.060779164356763700, 0.4600000000000000200 ) ) ;
#2356 = FACE_OUTER_BOUND ( 'NONE', #8622, .T. ) ;
#2357 = DIRECTION ( 'NONE',  ( -0.0000000000000000000, -0.0000000000000000000, -1.000000000000000000 ) ) ;
#2358 = CARTESIAN_POINT ( 'NONE',  ( 0.3426730005308832300, 1.094854186661542200, 0.4600000000000000200 ) ) ;
#2359 = MECHANICAL_DESIGN_GEOMETRIC_PRESENTATION_REPRESENTATION (  '', ( #2217 ), #5498 ) ;
#2360 = DIRECTION ( 'NONE',  ( -0.0000000000000000000, -0.0000000000000000000, -1.000000000000000000 ) ) ;
#2361 = ADVANCED_FACE ( 'NONE', ( #8757 ), #10259, .F. ) ;
#2362 = ORIENTED_EDGE ( 'NONE', *, *, #3381, .T. ) ;
#2363 = VECTOR ( 'NONE', #9417, 1000.000000000000000 ) ;
#2364 = EDGE_CURVE ( 'NONE', #5228, #9827, #6582, .T. ) ;
#2365 = ORIENTED_EDGE ( 'NONE', *, *, #4225, .T. ) ;
#2366 = CARTESIAN_POINT ( 'NONE',  ( 0.3514855629021116400, 1.068622813717637500, 0.4600000000000000200 ) ) ;
#2367 = EDGE_CURVE ( 'NONE', #109, #4965, #10329, .T. ) ;
#2368 = CARTESIAN_POINT ( 'NONE',  ( 0.5827342731476982100, 1.300343099206631400, 0.4700000000000000300 ) ) ;
#2369 = LINE ( 'NONE', #4558, #1598 ) ;
#2370 = CARTESIAN_POINT ( 'NONE',  ( 0.4356027970391914700, 1.306768311905006900, 0.4700000000000000300 ) ) ;
#2371 = PLANE ( 'NONE',  #1093 ) ;
#2372 = ORIENTED_EDGE ( 'NONE', *, *, #1973, .F. ) ;
#2373 = FACE_OUTER_BOUND ( 'NONE', #1123, .T. ) ;
#2374 = CARTESIAN_POINT ( 'NONE',  ( 0.3749999999999998900, 0.0000000000000000000, 0.0000000000000000000 ) ) ;
#2375 = VERTEX_POINT ( 'NONE', #7946 ) ;
#2376 = CARTESIAN_POINT ( 'NONE',  ( -0.2380266122149723200, 1.272280430953479900, 0.4700000000000000300 ) ) ;
#2377 = SURFACE_STYLE_USAGE ( .BOTH. , #6515 ) ;
#2378 = CARTESIAN_POINT ( 'NONE',  ( 0.1513651772506174900, 1.173087969434327500, 0.4700000000000000300 ) ) ;
#2379 = FACE_OUTER_BOUND ( 'NONE', #3260, .T. ) ;
#2380 = EDGE_LOOP ( 'NONE', ( #9448, #3313, #3398, #8078 ) ) ;
#2381 = UNCERTAINTY_MEASURE_WITH_UNIT (LENGTH_MEASURE( 1.000000000000000100E-005 ), #4282, 'distance_accuracy_value', 'NONE');
#2382 = EDGE_LOOP ( 'NONE', ( #8433, #9969, #2347, #941, #10084, #62, #10248, #9726 ) ) ;
#2383 = ADVANCED_FACE ( 'NONE', ( #10581 ), #9506, .F. ) ;
#2384 =( NAMED_UNIT ( * ) SI_UNIT ( $, .STERADIAN. ) SOLID_ANGLE_UNIT ( ) );
#2385 = CARTESIAN_POINT ( 'NONE',  ( 0.5362251647140857700, 1.241631981336718300, 0.4700000000000000300 ) ) ;
#2386 = DIRECTION ( 'NONE',  ( -0.0000000000000000000, -0.0000000000000000000, -1.000000000000000000 ) ) ;
#2387 = ORIENTED_EDGE ( 'NONE', *, *, #4953, .F. ) ;
#2388 = VECTOR ( 'NONE', #2551, 1000.000000000000000 ) ;
#2389 = CARTESIAN_POINT ( 'NONE',  ( 0.7656170474356555100, 1.058719733595270100, 0.4700000000000000300 ) ) ;
#2390 = CARTESIAN_POINT ( 'NONE',  ( 0.5193958231964401800, 1.254777141261381100, 0.4700000000000000300 ) ) ;
#2391 = CARTESIAN_POINT ( 'NONE',  ( 0.3785127190700315900, 1.239686733455341900, 0.4600000000000000200 ) ) ;
#2392 = B_SPLINE_CURVE_WITH_KNOTS ( 'NONE', 3,
 ( #1850, #3439, #173, #998 ),
 .UNSPECIFIED., .F., .F.,
 ( 4, 4 ),
 ( 15.00000000000000000, 16.00000000000000000 ),
 .UNSPECIFIED. ) ;
#2393 = EDGE_CURVE ( 'NONE', #8922, #9006, #7374, .T. ) ;
#2394 = CARTESIAN_POINT ( 'NONE',  ( 0.6555926483352866300, 1.338717534682193100, 0.4600000000000000200 ) ) ;
#2395 = EDGE_LOOP ( 'NONE', ( #6629, #6768, #9235, #10003 ) ) ;
#2396 = FACE_OUTER_BOUND ( 'NONE', #6594, .T. ) ;
#2397 = VECTOR ( 'NONE', #3683, 1000.000000000000000 ) ;
#2398 = CARTESIAN_POINT ( 'NONE',  ( 0.7500000000000000000, -0.7500000000000000000, -0.02000000000000000000 ) ) ;
#2399 = ORIENTED_EDGE ( 'NONE', *, *, #2949, .F. ) ;
#2400 = LINE ( 'NONE', #7748, #8400 ) ;
#2401 = CARTESIAN_POINT ( 'NONE',  ( 0.4267312877625429300, 1.128159188264286700, 0.4700000000000000300 ) ) ;
#2402 = CARTESIAN_POINT ( 'NONE',  ( 0.7993641508306517100, 1.153093729287272900, 0.4700000000000000300 ) ) ;
#2403 = CARTESIAN_POINT ( 'NONE',  ( 0.3390477658433275200, 1.332646003416362500, 0.4700000000000000300 ) ) ;
#2404 = ORIENTED_EDGE ( 'NONE', *, *, #9187, .T. ) ;
#2405 = CARTESIAN_POINT ( 'NONE',  ( 0.5121748272732571400, 1.046281936536485900, 0.4700000000000000300 ) ) ;
#2406 = SURFACE_STYLE_FILL_AREA ( #3797 ) ;
#2407 = VERTEX_POINT ( 'NONE', #8956 ) ;
#2408 = DIRECTION ( 'NONE',  ( -0.0000000000000000000, -0.0000000000000000000, -1.000000000000000000 ) ) ;
#2409 = VERTEX_POINT ( 'NONE', #1547 ) ;
#2410 = EDGE_CURVE ( 'NONE', #9702, #8336, #8462, .T. ) ;
#2411 = ORIENTED_EDGE ( 'NONE', *, *, #5787, .T. ) ;
#2412 = CARTESIAN_POINT ( 'NONE',  ( 0.5362251647140857700, 1.241631981336718300, 0.4700000000000000300 ) ) ;
#2413 = CARTESIAN_POINT ( 'NONE',  ( 0.3401088101421552700, 1.092378416630561200, 0.4700000000000000300 ) ) ;
#2414 = CARTESIAN_POINT ( 'NONE',  ( -0.1250000000000001100, 1.101000000000000000, -0.04000000000000000100 ) ) ;
#2415 =( NAMED_UNIT ( * ) PLANE_ANGLE_UNIT ( ) SI_UNIT ( $, .RADIAN. ) );
#2416 = AXIS2_PLACEMENT_3D ( 'NONE', #5690, #3986, #4876 ) ;
#2417 = VECTOR ( 'NONE', #392, 1000.000000000000000 ) ;
#2418 = EDGE_LOOP ( 'NONE', ( #7586, #9182, #4583, #10262 ) ) ;
#2419 = VECTOR ( 'NONE', #472, 1000.000000000000000 ) ;
#2420 = ORIENTED_EDGE ( 'NONE', *, *, #8407, .F. ) ;
#2421 = CARTESIAN_POINT ( 'NONE',  ( 0.6549737058275411100, 1.336005977029509600, 0.4700000000000000300 ) ) ;
#2422 = EDGE_CURVE ( 'NONE', #4483, #8057, #6211, .T. ) ;
#2423 = DIRECTION ( 'NONE',  ( 0.0000000000000000000, 1.000000000000000000, 0.0000000000000000000 ) ) ;
#2424 = CARTESIAN_POINT ( 'NONE',  ( 0.4234007876021129700, 1.114306665473735700, 0.4600000000000000200 ) ) ;
#2425 = CARTESIAN_POINT ( 'NONE',  ( 0.5827342731477004300, 1.285960054266472900, 0.4700000000000000300 ) ) ;
#2426 = CARTESIAN_POINT ( 'NONE',  ( -0.3200038376330879300, 1.156692539986307900, 0.4700000000000000300 ) ) ;
#2427 = CARTESIAN_POINT ( 'NONE',  ( 0.02594002861502355700, 1.345240115449673100, 0.4600000000000000200 ) ) ;
#2428 = CARTESIAN_POINT ( 'NONE',  ( 0.3432329961332066800, 1.069860698733130100, 0.4600000000000000200 ) ) ;
#2429 = FACE_OUTER_BOUND ( 'NONE', #4844, .T. ) ;
#2430 = VERTEX_POINT ( 'NONE', #9751 ) ;
#2431 = CARTESIAN_POINT ( 'NONE',  ( 0.4267312877625429300, 1.128159188264286700, 0.4700000000000000300 ) ) ;
#2432 = CARTESIAN_POINT ( 'NONE',  ( 0.6757230165606518100, 1.286195841888956300, 0.4700000000000000300 ) ) ;
#2433 = B_SPLINE_CURVE_WITH_KNOTS ( 'NONE', 3,
 ( #2529, #9917, #2494, #181 ),
 .UNSPECIFIED., .F., .F.,
 ( 4, 4 ),
 ( 7.000000000000000000, 8.000000000000000000 ),
 .UNSPECIFIED. ) ;
#2434 = CARTESIAN_POINT ( 'NONE',  ( 0.5345746513606174400, 1.141068560567252600, 0.4700000000000000300 ) ) ;
#2435 = CARTESIAN_POINT ( 'NONE',  ( 0.5081664376996565300, 1.079174309800470200, 0.4700000000000000300 ) ) ;
#2436 = FACE_OUTER_BOUND ( 'NONE', #2840, .T. ) ;
#2437 = EDGE_CURVE ( 'NONE', #5596, #3322, #58, .T. ) ;
#2438 = EDGE_LOOP ( 'NONE', ( #8741, #3825, #5270, #1690 ) ) ;
#2439 = COLOUR_RGB ( '',0.6666666666666666300, 0.6666666666666666300, 0.6666666666666666300 ) ;
#2440 = EDGE_LOOP ( 'NONE', ( #5188, #9106, #4020, #1662 ) ) ;
#2441 = STYLED_ITEM ( 'NONE', ( #8570 ), #5203 ) ;
#2442 =( LENGTH_UNIT ( ) NAMED_UNIT ( * ) SI_UNIT ( .MILLI., .METRE. ) );
#2443 = ORIENTED_EDGE ( 'NONE', *, *, #8742, .F. ) ;
#2444 = PRESENTATION_LAYER_ASSIGNMENT (  '', '', ( #6282 ) ) ;
#2445 =( NAMED_UNIT ( * ) PLANE_ANGLE_UNIT ( ) SI_UNIT ( $, .RADIAN. ) );
#2446 = VECTOR ( 'NONE', #4002, 1000.000000000000000 ) ;
#2447 = VERTEX_POINT ( 'NONE', #755 ) ;
#2448 = ADVANCED_FACE ( 'NONE', ( #3816 ), #8103, .F. ) ;
#2449 = FILL_AREA_STYLE ('',( #8194 ) ) ;
#2450 = EDGE_CURVE ( 'NONE', #10163, #7536, #5947, .T. ) ;
#2451 = ORIENTED_EDGE ( 'NONE', *, *, #10121, .F. ) ;
#2452 = CARTESIAN_POINT ( 'NONE',  ( 0.3877968566850573700, 1.132580206176646300, 0.4700000000000000300 ) ) ;
#2453 = LINE ( 'NONE', #8578, #7855 ) ;
#2454 = VECTOR ( 'NONE', #7426, 1000.000000000000000 ) ;
#2455 = DIRECTION ( 'NONE',  ( 0.0000000000000000000, -0.0000000000000000000, 1.000000000000000000 ) ) ;
#2456 = CARTESIAN_POINT ( 'NONE',  ( 0.4167103138289316400, 1.136411755033188300, 0.4600000000000000200 ) ) ;
#2457 = CARTESIAN_POINT ( 'NONE',  ( 0.6583042059879709000, 1.334119676053556500, 0.4600000000000000200 ) ) ;
#2458 = CARTESIAN_POINT ( 'NONE',  ( 0.4481584879088261200, 1.079704831950077300, 0.4600000000000000200 ) ) ;
#2459 = B_SPLINE_CURVE_WITH_KNOTS ( 'NONE', 3,
 ( #2498, #4976, #2472, #9848 ),
 .UNSPECIFIED., .F., .F.,
 ( 4, 4 ),
 ( 3.000000000000000000, 4.000000000000000000 ),
 .UNSPECIFIED. ) ;
#2460 = EDGE_LOOP ( 'NONE', ( #2981, #9027, #10392, #7148 ) ) ;
#2461 = STYLED_ITEM ( 'NONE', ( #8695 ), #5357 ) ;
#2462 = ORIENTED_EDGE ( 'NONE', *, *, #10313, .F. ) ;
#2463 = ADVANCED_FACE ( 'NONE', ( #1382 ), #10590, .F. ) ;
#2464 = ORIENTED_EDGE ( 'NONE', *, *, #7941, .T. ) ;
#2465 = VECTOR ( 'NONE', #9824, 1000.000000000000000 ) ;
#2466 = COLOUR_RGB ( '',0.6666666666666666300, 0.6666666666666666300, 0.6666666666666666300 ) ;
#2467 = CARTESIAN_POINT ( 'NONE',  ( 0.3078059059324215200, 1.058719733595267600, 0.4700000000000000300 ) ) ;
#2468 = CARTESIAN_POINT ( 'NONE',  ( 0.04643433496975097500, 1.058319853848341400, 0.4700000000000000300 ) ) ;
#2469 = SURFACE_SIDE_STYLE ('',( #5018 ) ) ;
#2470 = ORIENTED_EDGE ( 'NONE', *, *, #7217, .F. ) ;
#2471 = CARTESIAN_POINT ( 'NONE',  ( 0.7999830933376143000, 1.155805286939957800, 0.4700000000000000300 ) ) ;
#2472 = CARTESIAN_POINT ( 'NONE',  ( -0.2093345989541941200, 1.333763303109905400, 0.4600000000000000200 ) ) ;
#2473 = EDGE_LOOP ( 'NONE', ( #9896, #6350, #3996, #3588 ) ) ;
#2474 = LINE ( 'NONE', #506, #9386 ) ;
#2475 = ORIENTED_EDGE ( 'NONE', *, *, #10620, .T. ) ;
#2476 = CARTESIAN_POINT ( 'NONE',  ( 0.03003888988581057300, 1.236210407989039900, 0.4700000000000000300 ) ) ;
#2477 = FACE_OUTER_BOUND ( 'NONE', #4079, .T. ) ;
#2478 = CARTESIAN_POINT ( 'NONE',  ( 0.5548818603022562800, 1.356932128478890400, 0.4700000000000000300 ) ) ;
#2479 = CARTESIAN_POINT ( 'NONE',  ( 0.3216289552702570300, 1.073397513062549000, 0.4700000000000000300 ) ) ;
#2480 = ORIENTED_EDGE ( 'NONE', *, *, #603, .F. ) ;
#2481 = LINE ( 'NONE', #4680, #2866 ) ;
#2482 = DIRECTION ( 'NONE',  ( 1.000000000000000000, -0.0000000000000000000, -0.0000000000000000000 ) ) ;
#2483 = EDGE_CURVE ( 'NONE', #2375, #5078, #3941, .T. ) ;
#2484 = MECHANICAL_DESIGN_GEOMETRIC_PRESENTATION_REPRESENTATION (  '', ( #521 ), #4497 ) ;
#2485 = EDGE_LOOP ( 'NONE', ( #1866, #7932, #8796, #10001, #6549, #6809, #1947, #2756, #7654, #10140, #8403, #1488, #2404, #1673, #10050, #2534, #2889, #9853, #3946, #2963, #124, #2298, #6261, #10458, #8639, #9188, #3724, #9388, #10645, #7240, #3548, #8096, #1357 ) ) ;
#2486 = CARTESIAN_POINT ( 'NONE',  ( 0.5361367443559463800, 1.254777141261381100, 0.4600000000000000200 ) ) ;
#2487 = CARTESIAN_POINT ( 'NONE',  ( 0.4223397433032848900, 1.120142409117864700, 0.4700000000000000300 ) ) ;
#2488 = CARTESIAN_POINT ( 'NONE',  ( 0.8749999999999998900, 1.101000000000000000, 0.0000000000000000000 ) ) ;
#2489 = VERTEX_POINT ( 'NONE', #9647 ) ;
#2490 = LINE ( 'NONE', #5524, #6464 ) ;
#2491 = CARTESIAN_POINT ( 'NONE',  ( 0.8749999999999998900, -1.101000000000000000, -0.04000000000000000100 ) ) ;
#2492 = ORIENTED_EDGE ( 'NONE', *, *, #4607, .T. ) ;
#2493 = LINE ( 'NONE', #6739, #9025 ) ;
#2494 = CARTESIAN_POINT ( 'NONE',  ( 0.3893884231334881500, 1.343197499499192000, 0.4700000000000000300 ) ) ;
#2495 = ORIENTED_EDGE ( 'NONE', *, *, #5272, .T. ) ;
#2496 = CIRCLE ( 'NONE', #7294, 0.1000000000000001600 ) ;
#2497 = DIRECTION ( 'NONE',  ( -0.9676172723861923300, -0.2524218971878337500, 0.0000000000000000000 ) ) ;
#2498 = CARTESIAN_POINT ( 'NONE',  ( -0.1839216559474985400, 1.355897156317625200, 0.4600000000000000200 ) ) ;
#2499 = VECTOR ( 'NONE', #4772, 1000.000000000000000 ) ;
#2500 = ORIENTED_EDGE ( 'NONE', *, *, #7454, .F. ) ;
#2501 = VECTOR ( 'NONE', #4204, 1000.000000000000100 ) ;
#2502 = UNCERTAINTY_MEASURE_WITH_UNIT (LENGTH_MEASURE( 1.000000000000000100E-005 ), #9903, 'distance_accuracy_value', 'NONE');
#2503 = VERTEX_POINT ( 'NONE', #3244 ) ;
#2504 = CARTESIAN_POINT ( 'NONE',  ( 0.6571547413306169100, 1.338363853248858200, 0.4600000000000000200 ) ) ;
#2505 = EDGE_CURVE ( 'NONE', #5298, #4755, #3407, .T. ) ;
#2506 = CARTESIAN_POINT ( 'NONE',  ( 0.5809953394353111200, 1.341664879956576200, 0.4700000000000000300 ) ) ;
#2507 = LINE ( 'NONE', #10125, #9429 ) ;
#2508 = AXIS2_PLACEMENT_3D ( 'NONE', #3804, #1439, #490 ) ;
#2509 =( LENGTH_UNIT ( ) NAMED_UNIT ( * ) SI_UNIT ( .MILLI., .METRE. ) );
#2510 = ORIENTED_EDGE ( 'NONE', *, *, #6693, .F. ) ;
#2511 = FACE_BOUND ( 'NONE', #465, .T. ) ;
#2512 = ORIENTED_EDGE ( 'NONE', *, *, #2601, .F. ) ;
#2513 = FILL_AREA_STYLE ('',( #8890 ) ) ;
#2514 = CARTESIAN_POINT ( 'NONE',  ( 0.5704143698997727900, 1.266802309981406100, 0.4700000000000000300 ) ) ;
#2515 = DIRECTION ( 'NONE',  ( 0.0000000000000000000, 1.000000000000000000, 0.0000000000000000000 ) ) ;
#2516 = CARTESIAN_POINT ( 'NONE',  ( 0.6757230165606518100, 1.286195841888956300, 0.4600000000000000200 ) ) ;
#2517 = VECTOR ( 'NONE', #8178, 1000.000000000000000 ) ;
#2518 =( NAMED_UNIT ( * ) SI_UNIT ( $, .STERADIAN. ) SOLID_ANGLE_UNIT ( ) );
#2519 = CARTESIAN_POINT ( 'NONE',  ( -0.3372190815516871200, 1.099308466557788400, 0.4700000000000000300 ) ) ;
#2520 = B_SPLINE_CURVE_WITH_KNOTS ( 'NONE', 3,
 ( #2851, #9243, #1115, #6903 ),
 .UNSPECIFIED., .F., .F.,
 ( 4, 4 ),
 ( 5.000000000000000000, 6.000000000000000000 ),
 .UNSPECIFIED. ) ;
#2521 = ORIENTED_EDGE ( 'NONE', *, *, #4607, .F. ) ;
#2522 = EDGE_CURVE ( 'NONE', #795, #870, #5252, .T. ) ;
#2523 = LINE ( 'NONE', #207, #2026 ) ;
#2524 = FILL_AREA_STYLE ('',( #895 ) ) ;
#2525 = EDGE_LOOP ( 'NONE', ( #3544, #6158, #9332, #4441, #10151, #64, #3524 ) ) ;
#2526 = VERTEX_POINT ( 'NONE', #1512 ) ;
#2527 = EDGE_CURVE ( 'NONE', #5371, #8020, #9288, .T. ) ;
#2528 = CARTESIAN_POINT ( 'NONE',  ( 0.5193958231964401800, 1.343669074743377000, 0.4700000000000000300 ) ) ;
#2529 = CARTESIAN_POINT ( 'NONE',  ( 0.3704664664705092900, 1.345437481907692400, 0.4700000000000000300 ) ) ;
#2530 = VECTOR ( 'NONE', #3632, 1000.000000000000000 ) ;
#2531 = CARTESIAN_POINT ( 'NONE',  ( -0.6250000000000001100, 0.0000000000000000000, 0.0000000000000000000 ) ) ;
#2532 = DIRECTION ( 'NONE',  ( 1.000000000000000000, -0.0000000000000000000, -0.0000000000000000000 ) ) ;
#2533 = ORIENTED_EDGE ( 'NONE', *, *, #8925, .T. ) ;
#2534 = ORIENTED_EDGE ( 'NONE', *, *, #6649, .T. ) ;
#2535 = SURFACE_STYLE_FILL_AREA ( #1643 ) ;
#2536 = EDGE_CURVE ( 'NONE', #7089, #9024, #1372, .T. ) ;
#2537 = ORIENTED_EDGE ( 'NONE', *, *, #6929, .F. ) ;
#2538 = FACE_OUTER_BOUND ( 'NONE', #95, .T. ) ;
#2539 = EDGE_LOOP ( 'NONE', ( #5637, #1347, #10394, #2842 ) ) ;
#2540 = ADVANCED_FACE ( 'NONE', ( #8120 ), #43, .T. ) ;
#2541 = CARTESIAN_POINT ( 'NONE',  ( 0.3239868314899992900, 1.067561769418422100, 0.4700000000000000300 ) ) ;
#2542 = EDGE_CURVE ( 'NONE', #7067, #6566, #193, .T. ) ;
#2543 = PRESENTATION_LAYER_ASSIGNMENT (  '', '', ( #3120 ) ) ;
#2544 = LINE ( 'NONE', #3840, #4496 ) ;
#2545 = VERTEX_POINT ( 'NONE', #8291 ) ;
#2546 = DIRECTION ( 'NONE',  ( 0.0000000000000000000, 1.000000000000000000, 0.0000000000000000000 ) ) ;
#2547 = EDGE_CURVE ( 'NONE', #2051, #2863, #5051, .T. ) ;
#2548 = ORIENTED_EDGE ( 'NONE', *, *, #4237, .T. ) ;
#2549 = CARTESIAN_POINT ( 'NONE',  ( -0.5000000000000000000, 0.0000000000000000000, 0.1000000000000000100 ) ) ;
#2550 = CARTESIAN_POINT ( 'NONE',  ( 0.4234007876021129700, 1.114306665473735700, 0.4700000000000000300 ) ) ;
#2551 = DIRECTION ( 'NONE',  ( 2.538891699852962200E-014, -1.000000000000000000, -0.0000000000000000000 ) ) ;
#2552 = CARTESIAN_POINT ( 'NONE',  ( 0.4827897948855858200, 1.019932669780945400, 0.4600000000000000200 ) ) ;
#2553 = EDGE_CURVE ( 'NONE', #4512, #979, #8682, .T. ) ;
#2554 = ADVANCED_FACE ( 'NONE', ( #3146 ), #3430, .T. ) ;
#2555 = VERTEX_POINT ( 'NONE', #9930 ) ;
#2556 = ORIENTED_EDGE ( 'NONE', *, *, #304, .T. ) ;
#2557 = VECTOR ( 'NONE', #2316, 1000.000000000000000 ) ;
#2558 = ORIENTED_EDGE ( 'NONE', *, *, #3732, .T. ) ;
#2559 = PRODUCT_RELATED_PRODUCT_CATEGORY ( 'part', '', ( #2000 ) ) ;
#2560 = CARTESIAN_POINT ( 'NONE',  ( 0.5983846765552801600, 1.282894815181238700, 0.4600000000000000200 ) ) ;
#2561 = CARTESIAN_POINT ( 'NONE',  ( 0.3976409899023887800, 1.246406680681625600, 0.4700000000000000300 ) ) ;
#2562 = DIRECTION ( 'NONE',  ( 1.000000000000000000, -0.0000000000000000000, -0.0000000000000000000 ) ) ;
#2563 = CARTESIAN_POINT ( 'NONE',  ( 0.4419690628321468800, 1.089607912072449800, 0.4700000000000000300 ) ) ;
#2564 = ORIENTED_EDGE ( 'NONE', *, *, #6387, .T. ) ;
#2565 = CARTESIAN_POINT ( 'NONE',  ( 0.3473298060649454600, 1.096504700015011000, 0.4700000000000000300 ) ) ;
#2566 = CARTESIAN_POINT ( 'NONE',  ( 0.6988596769666108900, 1.058719733595270100, 0.4600000000000000200 ) ) ;
#2567 = ORIENTED_EDGE ( 'NONE', *, *, #3218, .T. ) ;
#2568 = ADVANCED_FACE ( 'NONE', ( #3680 ), #6731, .F. ) ;
#2569 = EDGE_LOOP ( 'NONE', ( #7710, #7176, #6826, #10488, #8834, #8872, #217, #7618, #2193, #647, #2285, #4506 ) ) ;
#2570 = PRESENTATION_LAYER_ASSIGNMENT (  '', '', ( #10128 ) ) ;
#2571 = ORIENTED_EDGE ( 'NONE', *, *, #6721, .F. ) ;
#2572 = ORIENTED_EDGE ( 'NONE', *, *, #384, .F. ) ;
#2573 = DIRECTION ( 'NONE',  ( 1.000000000000000000, 0.0000000000000000000, 0.0000000000000000000 ) ) ;
#2574 = ORIENTED_EDGE ( 'NONE', *, *, #5502, .T. ) ;
#2575 = CARTESIAN_POINT ( 'NONE',  ( 0.3976409899023887800, 1.338599640871340500, 0.4600000000000000200 ) ) ;
#2576 = CARTESIAN_POINT ( 'NONE',  ( 0.3976409899023887800, 1.338599640871340500, 0.4700000000000000300 ) ) ;
#2577 = CARTESIAN_POINT ( 'NONE',  ( 0.3019112153832579900, 1.110651957333468100, 0.4700000000000000300 ) ) ;
#2578 = FACE_BOUND ( 'NONE', #5606, .T. ) ;
#2579 = ORIENTED_EDGE ( 'NONE', *, *, #5304, .T. ) ;
#2580 = EDGE_CURVE ( 'NONE', #2846, #10550, #9789, .T. ) ;
#2581 = ORIENTED_EDGE ( 'NONE', *, *, #3469, .T. ) ;
#2582 = DIRECTION ( 'NONE',  ( -0.0000000000000000000, -0.0000000000000000000, 1.000000000000000000 ) ) ;
#2583 = ORIENTED_EDGE ( 'NONE', *, *, #4832, .T. ) ;
#2584 = CARTESIAN_POINT ( 'NONE',  ( 0.6805271893582750500, 1.071864893519937300, 0.4600000000000000200 ) ) ;
#2585 = CARTESIAN_POINT ( 'NONE',  ( 0.7060511994362928000, 1.157161065766300500, 0.4600000000000000200 ) ) ;
#2586 = DIRECTION ( 'NONE',  ( 0.0000000000000000000, -1.000000000000000000, 0.0000000000000000000 ) ) ;
#2587 = EDGE_CURVE ( 'NONE', #7292, #5159, #7884, .T. ) ;
#2588 = B_SPLINE_CURVE_WITH_KNOTS ( 'NONE', 3,
 ( #4733, #5459, #2216, #3048 ),
 .UNSPECIFIED., .F., .F.,
 ( 4, 4 ),
 ( 0.0000000000000000000, 1.000000000000000000 ),
 .UNSPECIFIED. ) ;
#2589 = CARTESIAN_POINT ( 'NONE',  ( -0.3191840935237337300, 1.079633919948331600, 0.4700000000000000300 ) ) ;
#2590 = PLANE ( 'NONE',  #9153 ) ;
#2591 = ORIENTED_EDGE ( 'NONE', *, *, #6824, .F. ) ;
#2592 = LINE ( 'NONE', #7673, #2097 ) ;
#2593 = ADVANCED_FACE ( 'NONE', ( #838 ), #5731, .T. ) ;
#2594 = VERTEX_POINT ( 'NONE', #8252 ) ;
#2595 = LINE ( 'NONE', #3302, #9395 ) ;
#2596 = DIRECTION ( 'NONE',  ( -0.0000000000000000000, -1.000000000000000000, -0.0000000000000000000 ) ) ;
#2597 = CARTESIAN_POINT ( 'NONE',  ( 0.5983846765552801600, 1.300755727545389600, 0.4600000000000000200 ) ) ;
#2598 = CARTESIAN_POINT ( 'NONE',  ( -0.1322759945521322100, 1.141116870284340200, 0.4700000000000000300 ) ) ;
#2599 = DIRECTION ( 'NONE',  ( 0.0000000000000000000, 1.000000000000000000, 0.0000000000000000000 ) ) ;
#2600 = CARTESIAN_POINT ( 'NONE',  ( 0.3733548648394733900, 1.085363734877148100, 0.4700000000000000300 ) ) ;
#2601 = EDGE_CURVE ( 'NONE', #4973, #2745, #7362, .T. ) ;
#2602 = ORIENTED_EDGE ( 'NONE', *, *, #9707, .F. ) ;
#2603 = VECTOR ( 'NONE', #4521, 1000.000000000000000 ) ;
#2604 = VERTEX_POINT ( 'NONE', #8404 ) ;
#2605 = SURFACE_STYLE_FILL_AREA ( #1945 ) ;
#2606 = LINE ( 'NONE', #2177, #8887 ) ;
#2607 = PRESENTATION_LAYER_ASSIGNMENT (  '', '', ( #5013 ) ) ;
#2608 = ADVANCED_FACE ( 'NONE', ( #5680 ), #5088, .F. ) ;
#2609 = PLANE ( 'NONE',  #8432 ) ;
#2610 = DIRECTION ( 'NONE',  ( 0.0000000000000000000, -1.000000000000000000, 0.0000000000000000000 ) ) ;
#2611 = PLANE ( 'NONE',  #3183 ) ;
#2612 = FACE_OUTER_BOUND ( 'NONE', #10188, .T. ) ;
#2613 = EDGE_LOOP ( 'NONE', ( #4775, #4449, #7220, #2579 ) ) ;
#2614 = CARTESIAN_POINT ( 'NONE',  ( 0.3216289552702570300, 1.080765876249294000, 0.4700000000000000300 ) ) ;
#2615 = DIRECTION ( 'NONE',  ( 0.0000000000000000000, 1.000000000000000000, -0.0000000000000000000 ) ) ;
#2616 = ORIENTED_EDGE ( 'NONE', *, *, #9649, .T. ) ;
#2617 =( GEOMETRIC_REPRESENTATION_CONTEXT ( 3 ) GLOBAL_UNCERTAINTY_ASSIGNED_CONTEXT ( ( #6784 ) ) GLOBAL_UNIT_ASSIGNED_CONTEXT ( ( #1234, #10056, #2709 ) ) REPRESENTATION_CONTEXT ( 'NONE', 'WORKASPACE' ) );
#2618 = CARTESIAN_POINT ( 'NONE',  ( -0.6250000000000001100, 1.500999999999999900, 0.1000000000000000100 ) ) ;
#2619 = LINE ( 'NONE', #6722, #5694 ) ;
#2620 = ADVANCED_FACE ( 'NONE', ( #1981 ), #2805, .F. ) ;
#2621 = ORIENTED_EDGE ( 'NONE', *, *, #4207, .T. ) ;
#2622 = CARTESIAN_POINT ( 'NONE',  ( 0.1249999999999998900, -1.500000000000000000, 0.0000000000000000000 ) ) ;
#2623 =( NAMED_UNIT ( * ) PLANE_ANGLE_UNIT ( ) SI_UNIT ( $, .RADIAN. ) );
#2624 = CARTESIAN_POINT ( 'NONE',  ( 0.3733548648394733900, 1.092142629008860900, 0.4700000000000000300 ) ) ;
#2625 = DIRECTION ( 'NONE',  ( -1.000000000000000000, 0.0000000000000000000, 0.0000000000000000000 ) ) ;
#2626 = EDGE_LOOP ( 'NONE', ( #7453, #4912, #3109, #9881, #7054, #10339, #5817 ) ) ;
#2627 = DIRECTION ( 'NONE',  ( 1.000000000000000000, 0.0000000000000000000, -0.0000000000000000000 ) ) ;
#2628 = EDGE_CURVE ( 'NONE', #6650, #2409, #8224, .T. ) ;
#2629 = COLOUR_RGB ( '',0.6666666666666666300, 0.6666666666666666300, 0.6666666666666666300 ) ;
#2630 = LINE ( 'NONE', #8914, #3169 ) ;
#2631 = VERTEX_POINT ( 'NONE', #9198 ) ;
#2632 = DIRECTION ( 'NONE',  ( -1.000000000000000000, 0.0000000000000000000, -0.0000000000000000000 ) ) ;
#2633 = DIRECTION ( 'NONE',  ( 0.0000000000000000000, -1.000000000000000000, 0.0000000000000000000 ) ) ;
#2634 = UNCERTAINTY_MEASURE_WITH_UNIT (LENGTH_MEASURE( 1.000000000000000100E-005 ), #5883, 'distance_accuracy_value', 'NONE');
#2635 = CARTESIAN_POINT ( 'NONE',  ( 0.3019112153832579900, 1.123856064163555800, 0.4700000000000000300 ) ) ;
#2636 = DIRECTION ( 'NONE',  ( 0.0000000000000000000, 0.0000000000000000000, -1.000000000000000000 ) ) ;
#2637 = VERTEX_POINT ( 'NONE', #1990 ) ;
#2638 = CARTESIAN_POINT ( 'NONE',  ( 0.3712917231472451200, 1.079763778855498300, 0.4600000000000000200 ) ) ;
#2639 = AXIS2_PLACEMENT_3D ( 'NONE', #2230, #6304, #5434 ) ;
#2640 = LINE ( 'NONE', #1312, #8668 ) ;
#2641 = ORIENTED_EDGE ( 'NONE', *, *, #6376, .F. ) ;
#2642 = VECTOR ( 'NONE', #10470, 1000.000000000000000 ) ;
#2643 = B_SPLINE_SURFACE_WITH_KNOTS ( 'NONE', 3, 1, ( 
 ( #9924, #4130 ),
 ( #9819, #5726 ),
 ( #845, #1661 ),
 ( #6552, #307 ) ),
 .UNSPECIFIED., .F., .F., .F.,
 ( 4, 4 ),
 ( 2, 2 ),
 ( 3.000000000000000000, 4.000000000000000000 ),
 ( 0.0000000000000000000, 1.000000000000000000 ),
 .UNSPECIFIED. ) ;
#2644 = ORIENTED_EDGE ( 'NONE', *, *, #3869, .T. ) ;
#2645 = CARTESIAN_POINT ( 'NONE',  ( 0.1005392912368313900, 1.172268178417227500, 0.4700000000000000300 ) ) ;
#2646 = CARTESIAN_POINT ( 'NONE',  ( 0.3749999999999998900, -1.500999999999999900, 0.1000000000000000100 ) ) ;
#2647 = EDGE_CURVE ( 'NONE', #9040, #9236, #5179, .T. ) ;
#2648 = VERTEX_POINT ( 'NONE', #4359 ) ;
#2649 = CARTESIAN_POINT ( 'NONE',  ( -0.1937589292518336100, 1.004214897581257300, 0.4700000000000000300 ) ) ;
#2650 = CARTESIAN_POINT ( 'NONE',  ( 0.6637862681987661800, 1.071864893519937300, 0.4600000000000000200 ) ) ;
#2651 = CARTESIAN_POINT ( 'NONE',  ( 0.7427751215583920900, 1.117843479803158500, 0.4600000000000000200 ) ) ;
#2652 = ADVANCED_FACE ( 'NONE', ( #3670 ), #10301, .F. ) ;
#2653 = AXIS2_PLACEMENT_3D ( 'NONE', #6879, #9367, #9444 ) ;
#2654 = VECTOR ( 'NONE', #5192, 1000.000000000000000 ) ;
#2655 = ORIENTED_EDGE ( 'NONE', *, *, #8249, .F. ) ;
#2656 = ORIENTED_EDGE ( 'NONE', *, *, #7648, .T. ) ;
#2657 = ORIENTED_EDGE ( 'NONE', *, *, #9533, .T. ) ;
#2658 = CARTESIAN_POINT ( 'NONE',  ( -1.000000000000000000, -1.500000000000000000, 0.09999999999999999200 ) ) ;
#2659 = PLANE ( 'NONE',  #6189 ) ;
#2660 = CARTESIAN_POINT ( 'NONE',  ( 0.3671654397627940300, 1.075342760943928100, 0.4600000000000000200 ) ) ;
#2661 = B_SPLINE_CURVE_WITH_KNOTS ( 'NONE', 3,
 ( #5046, #6001, #7627, #225 ),
 .UNSPECIFIED., .F., .F.,
 ( 4, 4 ),
 ( 23.00000000000000000, 24.00000000000000000 ),
 .UNSPECIFIED. ) ;
#2662 = FACE_OUTER_BOUND ( 'NONE', #8338, .T. ) ;
#2663 = ADVANCED_FACE ( 'NONE', ( #8877 ), #6791, .T. ) ;
#2664 = CARTESIAN_POINT ( 'NONE',  ( 0.2606778549914534600, 1.110651957333468100, 0.4600000000000000200 ) ) ;
#2665 = ORIENTED_EDGE ( 'NONE', *, *, #4094, .T. ) ;
#2666 = PRESENTATION_STYLE_ASSIGNMENT (( #5665 ) ) ;
#2667 = ORIENTED_EDGE ( 'NONE', *, *, #5279, .T. ) ;
#2668 = AXIS2_PLACEMENT_3D ( 'NONE', #1140, #1943, #2226 ) ;
#2669 = CARTESIAN_POINT ( 'NONE',  ( 0.1005392912368313900, 1.172268178417227500, 0.4700000000000000300 ) ) ;
#2670 = CARTESIAN_POINT ( 'NONE',  ( 0.4704993650903677700, 1.141068560567251300, 0.4700000000000000300 ) ) ;
#2671 = DIRECTION ( 'NONE',  ( -0.0000000000000000000, -0.0000000000000000000, -1.000000000000000000 ) ) ;
#2672 = DIRECTION ( 'NONE',  ( -0.9398440417738228600, -0.3416038306902378600, 0.0000000000000000000 ) ) ;
#2673 = VECTOR ( 'NONE', #7747, 1000.000000000000100 ) ;
#2674 = ORIENTED_EDGE ( 'NONE', *, *, #3649, .T. ) ;
#2675 = ORIENTED_EDGE ( 'NONE', *, *, #4094, .F. ) ;
#2676 = ADVANCED_FACE ( 'NONE', ( #2105 ), #415, .F. ) ;
#2677 = EDGE_CURVE ( 'NONE', #7357, #7749, #8532, .T. ) ;
#2678 = CARTESIAN_POINT ( 'NONE',  ( 0.002986411752271779200, 1.155052989223940500, 0.4600000000000000200 ) ) ;
#2679 = DIRECTION ( 'NONE',  ( 1.000000000000000000, -0.0000000000000000000, -0.0000000000000000000 ) ) ;
#2680 = ORIENTED_EDGE ( 'NONE', *, *, #1470, .F. ) ;
#2681 = LINE ( 'NONE', #719, #7064 ) ;
#2682 = PRESENTATION_LAYER_ASSIGNMENT (  '', '', ( #521 ) ) ;
#2683 = FILL_AREA_STYLE_COLOUR ( '', #4362 ) ;
#2684 = CARTESIAN_POINT ( 'NONE',  ( -0.01422882434876180500, 1.109145708590685100, 0.4600000000000000200 ) ) ;
#2685 = CARTESIAN_POINT ( 'NONE',  ( -0.2068752728098586000, 1.267361794301509600, 0.4700000000000000300 ) ) ;
#2686 = LINE ( 'NONE', #10598, #4507 ) ;
#2687 = CARTESIAN_POINT ( 'NONE',  ( 0.2457937613547887000, 1.241631981336715800, 0.4700000000000000300 ) ) ;
#2688 = FILL_AREA_STYLE_COLOUR ( '', #6468 ) ;
#2689 = ORIENTED_EDGE ( 'NONE', *, *, #8949, .F. ) ;
#2690 = AXIS2_PLACEMENT_3D ( 'NONE', #1348, #4554, #3003 ) ;
#2691 = SURFACE_STYLE_USAGE ( .BOTH. , #6787 ) ;
#2692 = VERTEX_POINT ( 'NONE', #10219 ) ;
#2693 = PRESENTATION_STYLE_ASSIGNMENT (( #8038 ) ) ;
#2694 = EDGE_CURVE ( 'NONE', #5705, #2205, #4516, .T. ) ;
#2695 = AXIS2_PLACEMENT_3D ( 'NONE', #1914, #5984, #7680 ) ;
#2696 = CARTESIAN_POINT ( 'NONE',  ( 0.03003888988581057300, 1.236210407989039900, 0.4700000000000000300 ) ) ;
#2697 = CARTESIAN_POINT ( 'NONE',  ( 0.4816698036809432000, 1.032311519934303100, 0.4700000000000000300 ) ) ;
#2698 = EDGE_LOOP ( 'NONE', ( #10304, #6364, #4256, #9321 ) ) ;
#2699 = DIRECTION ( 'NONE',  ( 0.0000000000000000000, -1.000000000000000000, -0.0000000000000000000 ) ) ;
#2700 = CARTESIAN_POINT ( 'NONE',  ( 0.4073672293084886200, 1.076521699053208000, 0.4700000000000000300 ) ) ;
#2701 = UNCERTAINTY_MEASURE_WITH_UNIT (LENGTH_MEASURE( 1.000000000000000100E-005 ), #706, 'distance_accuracy_value', 'NONE');
#2702 = DIRECTION ( 'NONE',  ( 1.000000000000000000, -0.0000000000000000000, -0.0000000000000000000 ) ) ;
#2703 = CARTESIAN_POINT ( 'NONE',  ( -0.3750000000000001100, -1.500999999999999900, 0.1000000000000000100 ) ) ;
#2704 = ORIENTED_EDGE ( 'NONE', *, *, #318, .F. ) ;
#2705 = VECTOR ( 'NONE', #10539, 1000.000000000000100 ) ;
#2706 = LINE ( 'NONE', #8010, #6944 ) ;
#2707 = DIRECTION ( 'NONE',  ( -1.000000000000000000, 0.0000000000000000000, -0.0000000000000000000 ) ) ;
#2708 = B_SPLINE_CURVE_WITH_KNOTS ( 'NONE', 3,
 ( #2696, #7576, #5167, #5028 ),
 .UNSPECIFIED., .F., .F.,
 ( 4, 4 ),
 ( 22.00000000000000000, 23.00000000000000000 ),
 .UNSPECIFIED. ) ;
#2709 =( NAMED_UNIT ( * ) SI_UNIT ( $, .STERADIAN. ) SOLID_ANGLE_UNIT ( ) );
#2710 = VERTEX_POINT ( 'NONE', #9457 ) ;
#2711 = DIRECTION ( 'NONE',  ( 1.000000000000000000, 2.709813608826153200E-014, -0.0000000000000000000 ) ) ;
#2712 = B_SPLINE_SURFACE_WITH_KNOTS ( 'NONE', 3, 1, ( 
 ( #5004, #9877 ),
 ( #10021, #4320 ),
 ( #2563, #5111 ),
 ( #224, #7447 ) ),
 .UNSPECIFIED., .F., .F., .F.,
 ( 4, 4 ),
 ( 2, 2 ),
 ( 3.000000000000000000, 4.000000000000000000 ),
 ( 0.0000000000000000000, 1.000000000000000000 ),
 .UNSPECIFIED. ) ;
#2713 = CARTESIAN_POINT ( 'NONE',  ( 0.8749999999999998900, 0.0000000000000000000, -0.0000000000000000000 ) ) ;
#2714 = ORIENTED_EDGE ( 'NONE', *, *, #2437, .F. ) ;
#2715 = EDGE_CURVE ( 'NONE', #9236, #6545, #10310, .T. ) ;
#2716 = CLOSED_SHELL ( 'NONE', ( #5808, #4660, #9420, #7740, #6094, #4057, #5203, #1724, #7797, #2832, #5950, #282, #4684, #9990, #9249, #5049, #584, #7305, #1091, #499, #2593, #1346, #7149, #8840, #9119, #4982, #1763, #4367, #2229, #10210, #7472, #7667, #5307, #1872, #8611, #2149, #5882, #6435, #2540, #9319, #8470, #1317, #9578, #443, #9169, #9337, #4149, #3512, #6910, #6760, #5870, #3848, #2448, #7100, #8507, #2463, #6997, #6455, #6831, #4578, #10325, #3630, #5233, #6379, #429, #8385, #2361, #7615, #2125, #3272, #9553, #4529, #609, #6652, #8950, #7682, #5016, #6007, #5357, #6250, #7124, #2951, #10039, #5573, #7512, #5833, #5922, #642, #3459, #4968, #9104, #7721, #5034, #2873, #4209, #10095, #2652, #9391, #2820, #8298, #530, #4424, #10236, #3400, #2890, #9449, #7575, #897, #1884, #6059, #3039, #3673, #4635, #6133, #9662, #341, #7200, #7177, #5645, #9631, #10556, #8410, #4754, #1428, #1029, #1018, #7561, #4476, #5895, #1529, #849, #9923, #9937, #9501, #2554, #3206, #2197, #3927, #1152, #2100, #949, #4220, #8520, #7934, #112, #745, #9266, #10624, #3228, #4271, #1189, #2170, #6622, #8237, #2052, #1571, #170, #6276, #2568, #7496, #8763, #1404, #6110, #3793, #10582, #10352, #9806, #6223, #2383, #5095, #907, #7074, #3385, #6536, #4028, #2663, #4708, #3577, #3545, #1922, #1203, #37, #1936, #4257, #7631, #9469, #1714, #7227, #4408, #10264, #1983, #4990, #5516, #5936, #8988, #3949, #3259, #2732, #267, #10456, #9049, #6352, #8707, #7962, #1995, #5403, #229, #9156, #3742, #4295, #2620, #8356, #10196, #10505, #9732, #3689, #7825, #10250, #2983, #9003, #7456, #7445, #6798, #2903, #3613, #7903, #5433, #7523, #5080, #6303, #2795, #9374, #9711, #1833, #5176, #8637, #7278, #1819, #921, #770, #8926, #3015, #10152, #3818, #6519, #1801, #4323, #7345, #6773, #9975, #5725, #6161, #5151, #1773, #6884, #9275, #1228, #7047, #10184, #325, #5818, #4612, #8815, #390, #1120, #5247, #2608, #6932, #77, #7549, #8441, #6708, #5260, #977, #3899, #8689, #1453, #10082, #2301, #2676, #3484, #8901, #1256, #7854, #8582, #9226, #5676 ) ) ;
#2717 = VECTOR ( 'NONE', #5446, 1000.000000000000000 ) ;
#2718 = AXIS2_PLACEMENT_3D ( 'NONE', #9599, #5435, #5330 ) ;
#2719 = CARTESIAN_POINT ( 'NONE',  ( 0.3467992839153355400, 1.131224427350304900, 0.4700000000000000300 ) ) ;
#2720 = EDGE_LOOP ( 'NONE', ( #6457, #2854, #7028, #853 ) ) ;
#2721 = SURFACE_STYLE_USAGE ( .BOTH. , #1905 ) ;
#2722 = LINE ( 'NONE', #8824, #1479 ) ;
#2723 = DIRECTION ( 'NONE',  ( 1.000000000000000000, -0.0000000000000000000, -0.0000000000000000000 ) ) ;
#2724 = DIRECTION ( 'NONE',  ( 0.0000000000000000000, -1.000000000000000000, 0.0000000000000000000 ) ) ;
#2725 = CARTESIAN_POINT ( 'NONE',  ( 0.4073672293084886200, 1.076521699053208000, 0.4700000000000000300 ) ) ;
#2726 = FILL_AREA_STYLE ('',( #9893 ) ) ;
#2727 = ORIENTED_EDGE ( 'NONE', *, *, #8646, .T. ) ;
#2728 = CARTESIAN_POINT ( 'NONE',  ( 0.4322722968787630600, 1.108235134207909300, 0.4600000000000000200 ) ) ;
#2729 = EDGE_CURVE ( 'NONE', #6471, #9040, #7882, .T. ) ;
#2730 = ORIENTED_EDGE ( 'NONE', *, *, #6532, .T. ) ;
#2731 = SURFACE_SIDE_STYLE ('',( #7167 ) ) ;
#2732 = ADVANCED_FACE ( 'NONE', ( #4682 ), #10353, .F. ) ;
#2733 = SURFACE_STYLE_USAGE ( .BOTH. , #2810 ) ;
#2734 = CARTESIAN_POINT ( 'NONE',  ( 0.7253857844376375700, 1.074871185699745300, 0.4700000000000000300 ) ) ;
#2735 = CARTESIAN_POINT ( 'NONE',  ( -0.08472922569978477700, 1.338681939761879200, 0.4700000000000000300 ) ) ;
#2736 = ORIENTED_EDGE ( 'NONE', *, *, #169, .F. ) ;
#2737 = CARTESIAN_POINT ( 'NONE',  ( 0.6757230165606518100, 1.286195841888956300, 0.4700000000000000300 ) ) ;
#2738 = EDGE_CURVE ( 'NONE', #914, #6331, #6068, .T. ) ;
#2739 = CARTESIAN_POINT ( 'NONE',  ( -0.1937589292518336100, 1.004214897581257300, 0.4700000000000000300 ) ) ;
#2740 = FACE_OUTER_BOUND ( 'NONE', #9568, .T. ) ;
#2741 = B_SPLINE_CURVE_WITH_KNOTS ( 'NONE', 3,
 ( #7997, #7203, #10395, #666 ),
 .UNSPECIFIED., .F., .F.,
 ( 4, 4 ),
 ( 16.00000000000000000, 17.00000000000000000 ),
 .UNSPECIFIED. ) ;
#2742 = CARTESIAN_POINT ( 'NONE',  ( 0.8749999999999998900, -1.500999999999999900, 0.1000000000000000100 ) ) ;
#2743 = COLOUR_RGB ( '',0.6666666666666666300, 0.6666666666666666300, 0.6666666666666666300 ) ;
#2744 = CARTESIAN_POINT ( 'NONE',  ( 0.4481584879088261200, 1.079704831950077300, 0.4700000000000000300 ) ) ;
#2745 = VERTEX_POINT ( 'NONE', #4613 ) ;
#2746 = LINE ( 'NONE', #9879, #593 ) ;
#2747 = CARTESIAN_POINT ( 'NONE',  ( 0.4768361574306017600, 1.306768311905006900, 0.4600000000000000200 ) ) ;
#2748 = CARTESIAN_POINT ( 'NONE',  ( 0.4293249516043798300, 1.094913133566968600, 0.4600000000000000200 ) ) ;
#2749 = ORIENTED_EDGE ( 'NONE', *, *, #4464, .F. ) ;
#2750 = DIRECTION ( 'NONE',  ( 1.000000000000000000, 0.0000000000000000000, 0.0000000000000000000 ) ) ;
#2751 = CARTESIAN_POINT ( 'NONE',  ( 0.4444448328627393900, 1.087544770380222300, 0.4700000000000000300 ) ) ;
#2752 = B_SPLINE_SURFACE_WITH_KNOTS ( 'NONE', 3, 1, ( 
 ( #7189, #7290 ),
 ( #9752, #8014 ),
 ( #5661, #7255 ),
 ( #7155, #5591 ) ),
 .UNSPECIFIED., .F., .F., .F.,
 ( 4, 4 ),
 ( 2, 2 ),
 ( 1.000000000000000000, 2.000000000000000000 ),
 ( 0.0000000000000000000, 1.000000000000000000 ),
 .UNSPECIFIED. ) ;
#2753 = CARTESIAN_POINT ( 'NONE',  ( 0.02594002861502355700, 1.345240115449673100, 0.4600000000000000200 ) ) ;
#2754 = EDGE_CURVE ( 'NONE', #3382, #4390, #179, .T. ) ;
#2755 = CARTESIAN_POINT ( 'NONE',  ( 0.3576160410733590900, 1.345437481907692400, 0.4700000000000000300 ) ) ;
#2756 = ORIENTED_EDGE ( 'NONE', *, *, #9477, .T. ) ;
#2757 = VECTOR ( 'NONE', #382, 1000.000000000000000 ) ;
#2758 = ORIENTED_EDGE ( 'NONE', *, *, #6142, .F. ) ;
#2759 = LINE ( 'NONE', #3776, #4198 ) ;
#2760 = AXIS2_PLACEMENT_3D ( 'NONE', #8917, #8984, #8132 ) ;
#2761 = CARTESIAN_POINT ( 'NONE',  ( 0.3671654397627940300, 1.075342760943928100, 0.4700000000000000300 ) ) ;
#2762 = FILL_AREA_STYLE_COLOUR ( '', #1279 ) ;
#2763 = DIRECTION ( 'NONE',  ( 0.0000000000000000000, 0.0000000000000000000, -1.000000000000000000 ) ) ;
#2764 = CARTESIAN_POINT ( 'NONE',  ( -0.1839216559474985400, 1.355897156317625200, 0.4600000000000000200 ) ) ;
#2765 = EDGE_CURVE ( 'NONE', #4743, #2315, #586, .T. ) ;
#2766 = LINE ( 'NONE', #4326, #4088 ) ;
#2767 = ORIENTED_EDGE ( 'NONE', *, *, #9069, .F. ) ;
#2768 = LINE ( 'NONE', #10388, #222 ) ;
#2769 = EDGE_CURVE ( 'NONE', #5010, #8044, #5924, .T. ) ;
#2770 = ORIENTED_EDGE ( 'NONE', *, *, #2310, .T. ) ;
#2771 = AXIS2_PLACEMENT_3D ( 'NONE', #7330, #4103, #4914 ) ;
#2772 = CARTESIAN_POINT ( 'NONE',  ( 0.4311228322217993100, 1.068563866812215300, 0.4700000000000000300 ) ) ;
#2773 = DIRECTION ( 'NONE',  ( -1.000000000000000000, 0.0000000000000000000, 0.0000000000000000000 ) ) ;
#2774 = FACE_OUTER_BOUND ( 'NONE', #6861, .T. ) ;
#2775 = ORIENTED_EDGE ( 'NONE', *, *, #4638, .T. ) ;
#2776 = FACE_OUTER_BOUND ( 'NONE', #3977, .T. ) ;
#2777 = CARTESIAN_POINT ( 'NONE',  ( -0.2290091299273436800, 1.168989123799456100, 0.4600000000000000200 ) ) ;
#2778 = ORIENTED_EDGE ( 'NONE', *, *, #1313, .T. ) ;
#2779 = EDGE_CURVE ( 'NONE', #7090, #4148, #699, .T. ) ;
#2780 = CARTESIAN_POINT ( 'NONE',  ( 0.03003888988581057300, 1.236210407989039900, 0.4700000000000000300 ) ) ;
#2781 = CARTESIAN_POINT ( 'NONE',  ( 0.3051827686378725300, 1.174019880737442200, 0.4700000000000000300 ) ) ;
#2782 = B_SPLINE_CURVE_WITH_KNOTS ( 'NONE', 3,
 ( #4477, #10265, #3631, #4542 ),
 .UNSPECIFIED., .F., .F.,
 ( 4, 4 ),
 ( 12.00000000000000000, 13.00000000000000000 ),
 .UNSPECIFIED. ) ;
#2783 = DIRECTION ( 'NONE',  ( -1.000000000000000000, 0.0000000000000000000, 0.0000000000000000000 ) ) ;
#2784 = FACE_OUTER_BOUND ( 'NONE', #4197, .T. ) ;
#2786 = AXIS2_PLACEMENT_3D ( 'NONE', #6761, #8271, #1854 ) ;
#2785 = CARTESIAN_POINT ( 'NONE',  ( -0.7000000000000000700, -1.200000000000000200, 0.4600000000000000200 ) ) ;
#2787 = ORIENTED_EDGE ( 'NONE', *, *, #9359, .F. ) ;
#2788 = VECTOR ( 'NONE', #8561, 1000.000000000000000 ) ;
#2789 = CARTESIAN_POINT ( 'NONE',  ( 0.5362251647140857700, 1.241631981336718300, 0.4600000000000000200 ) ) ;
#2790 = CARTESIAN_POINT ( 'NONE',  ( 0.6988596769666108900, 1.058719733595270100, 0.4700000000000000300 ) ) ;
#2791 = ORIENTED_EDGE ( 'NONE', *, *, #1526, .F. ) ;
#2792 = PLANE ( 'NONE',  #806 ) ;
#2793 = ORIENTED_EDGE ( 'NONE', *, *, #4753, .F. ) ;
#2794 = AXIS2_PLACEMENT_3D ( 'NONE', #996, #2699, #5169 ) ;
#2795 = ADVANCED_FACE ( 'NONE', ( #6186 ), #10443, .F. ) ;
#2796 = LINE ( 'NONE', #3595, #2936 ) ;
#2797 = DIRECTION ( 'NONE',  ( -0.2524218971878337500, 0.9676172723861923300, -0.0000000000000000000 ) ) ;
#2798 = CARTESIAN_POINT ( 'NONE',  ( 0.4074556496666271700, 1.113776143324128700, 0.4700000000000000300 ) ) ;
#2799 = ORIENTED_EDGE ( 'NONE', *, *, #163, .F. ) ;
#2800 = EDGE_CURVE ( 'NONE', #7113, #8368, #4589, .T. ) ;
#2801 = VECTOR ( 'NONE', #2582, 1000.000000000000000 ) ;
#2802 = ORIENTED_EDGE ( 'NONE', *, *, #4789, .T. ) ;
#2803 = CARTESIAN_POINT ( 'NONE',  ( 0.1169347363203744300, 1.265722212266524600, 0.4600000000000000200 ) ) ;
#2804 = CARTESIAN_POINT ( 'NONE',  ( 0.6489021745624981000, 1.174019880737444500, 0.4700000000000000300 ) ) ;
#2805 = PLANE ( 'NONE',  #8320 ) ;
#2806 = DIRECTION ( 'NONE',  ( -1.000000000000000000, 0.0000000000000000000, 0.0000000000000000000 ) ) ;
#2807 = LINE ( 'NONE', #8454, #113 ) ;
#2808 = ORIENTED_EDGE ( 'NONE', *, *, #7062, .T. ) ;
#2809 = ORIENTED_EDGE ( 'NONE', *, *, #8875, .T. ) ;
#2810 = SURFACE_SIDE_STYLE ('',( #2304 ) ) ;
#2811 = CARTESIAN_POINT ( 'NONE',  ( 0.8364712278380103100, 1.058719733595270100, 0.4600000000000000200 ) ) ;
#2812 = CARTESIAN_POINT ( 'NONE',  ( 0.4322722968787630600, 1.108235134207909300, 0.4700000000000000300 ) ) ;
#2813 = B_SPLINE_CURVE_WITH_KNOTS ( 'NONE', 3,
 ( #1015, #7660, #7594, #2753 ),
 .UNSPECIFIED., .F., .F.,
 ( 4, 4 ),
 ( 0.0000000000000000000, 1.000000000000000000 ),
 .UNSPECIFIED. ) ;
#2814 = B_SPLINE_SURFACE_WITH_KNOTS ( 'NONE', 3, 1, ( 
 ( #9939, #7012 ),
 ( #5275, #7798 ),
 ( #1257, #2849 ),
 ( #9428, #2101 ) ),
 .UNSPECIFIED., .F., .F., .F.,
 ( 4, 4 ),
 ( 2, 2 ),
 ( 2.000000000000000000, 3.000000000000000000 ),
 ( 0.0000000000000000000, 1.000000000000000000 ),
 .UNSPECIFIED. ) ;
#2815 = CARTESIAN_POINT ( 'NONE',  ( 0.5120864069151174200, 1.079056415989621200, 0.4600000000000000200 ) ) ;
#2816 = CARTESIAN_POINT ( 'NONE',  ( 0.3390772392960376700, 1.353218473433196700, 0.4600000000000000200 ) ) ;
#2817 = FACE_OUTER_BOUND ( 'NONE', #1159, .T. ) ;
#2818 = EDGE_CURVE ( 'NONE', #3846, #690, #6702, .T. ) ;
#2819 = VERTEX_POINT ( 'NONE', #2191 ) ;
#2820 = ADVANCED_FACE ( 'NONE', ( #1717 ), #3337, .F. ) ;
#2821 = ORIENTED_EDGE ( 'NONE', *, *, #3108, .T. ) ;
#2822 = CARTESIAN_POINT ( 'NONE',  ( -0.8000000000000002700, -1.200000000000000200, 0.4400000000000000000 ) ) ;
#2823 = CARTESIAN_POINT ( 'NONE',  ( 0.4954339061133584700, 1.019932669780945400, 0.4700000000000000300 ) ) ;
#2824 = CARTESIAN_POINT ( 'NONE',  ( 0.6249999999999998900, -1.500999999999999900, 0.1000000000000000100 ) ) ;
#2825 = MECHANICAL_DESIGN_GEOMETRIC_PRESENTATION_REPRESENTATION (  '', ( #5562 ), #7560 ) ;
#2826 = CARTESIAN_POINT ( 'NONE',  ( 0.3733548648394733900, 1.085363734877148100, 0.4600000000000000200 ) ) ;
#2827 = VERTEX_POINT ( 'NONE', #10374 ) ;
#2828 = LINE ( 'NONE', #7152, #1316 ) ;
#2829 = ORIENTED_EDGE ( 'NONE', *, *, #3271, .T. ) ;
#2830 = VERTEX_POINT ( 'NONE', #3091 ) ;
#2831 = B_SPLINE_SURFACE_WITH_KNOTS ( 'NONE', 3, 1, ( 
 ( #9821, #8163 ),
 ( #4098, #6482 ),
 ( #8986, #4133 ),
 ( #8133, #3241 ) ),
 .UNSPECIFIED., .F., .F., .F.,
 ( 4, 4 ),
 ( 2, 2 ),
 ( 1.000000000000000000, 2.000000000000000000 ),
 ( 0.0000000000000000000, 1.000000000000000000 ),
 .UNSPECIFIED. ) ;
#2832 = ADVANCED_FACE ( 'NONE', ( #4913 ), #3025, .F. ) ;
#2833 = EDGE_CURVE ( 'NONE', #9859, #4907, #1079, .T. ) ;
#2834 = CARTESIAN_POINT ( 'NONE',  ( 0.4827308479797703900, 1.241631981336718300, 0.4700000000000000300 ) ) ;
#2835 = CARTESIAN_POINT ( 'NONE',  ( 0.1210335975911644700, 1.095209605287003500, 0.4700000000000000300 ) ) ;
#2836 = ORIENTED_EDGE ( 'NONE', *, *, #573, .F. ) ;
#2837 = CARTESIAN_POINT ( 'NONE',  ( 0.4827308479797703900, 1.254777141261381100, 0.4600000000000000200 ) ) ;
#2838 = DIRECTION ( 'NONE',  ( 1.000000000000000000, 0.0000000000000000000, 0.0000000000000000000 ) ) ;
#2839 = DIRECTION ( 'NONE',  ( 0.0000000000000000000, 0.0000000000000000000, -1.000000000000000000 ) ) ;
#2840 = EDGE_LOOP ( 'NONE', ( #7157, #9151, #2335, #8944 ) ) ;
#2841 = SURFACE_STYLE_FILL_AREA ( #1728 ) ;
#2842 = ORIENTED_EDGE ( 'NONE', *, *, #3344, .T. ) ;
#2843 = VERTEX_POINT ( 'NONE', #711 ) ;
#2844 = UNCERTAINTY_MEASURE_WITH_UNIT (LENGTH_MEASURE( 1.000000000000000100E-005 ), #1852, 'distance_accuracy_value', 'NONE');
#2845 = ORIENTED_EDGE ( 'NONE', *, *, #1672, .F. ) ;
#2846 = VERTEX_POINT ( 'NONE', #7179 ) ;
#2847 = EDGE_CURVE ( 'NONE', #5958, #6581, #10174, .T. ) ;
#2848 = CARTESIAN_POINT ( 'NONE',  ( 0.6271212929828849900, 1.071864893519935500, 0.4600000000000000200 ) ) ;
#2849 = CARTESIAN_POINT ( 'NONE',  ( -0.1552296270508055900, 1.376391463649890800, 0.4600000000000000200 ) ) ;
#2850 = LINE ( 'NONE', #2240, #9637 ) ;
#2851 = CARTESIAN_POINT ( 'NONE',  ( 0.7144806069214740800, 1.149910596391190200, 0.4600000000000000200 ) ) ;
#2852 = ORIENTED_EDGE ( 'NONE', *, *, #4725, .F. ) ;
#2853 = VECTOR ( 'NONE', #2283, 1000.000000000000000 ) ;
#2854 = ORIENTED_EDGE ( 'NONE', *, *, #7789, .F. ) ;
#2855 = ORIENTED_EDGE ( 'NONE', *, *, #10091, .F. ) ;
#2856 = B_SPLINE_CURVE_WITH_KNOTS ( 'NONE', 3,
 ( #8352, #8244, #9112, #1753, #4250, #5854, #3491 ),
 .UNSPECIFIED., .F., .F.,
 ( 4, 3, 4 ),
 ( 0.0000000000000000000, 1.000000000000000000, 2.000000000000000000 ),
 .UNSPECIFIED. ) ;
#2857 = DIRECTION ( 'NONE',  ( 0.3385350343141302900, 0.9409537876760636400, 0.0000000000000000000 ) ) ;
#2858 = DIRECTION ( 'NONE',  ( 0.0000000000000000000, 1.000000000000000000, 0.0000000000000000000 ) ) ;
#2859 = CARTESIAN_POINT ( 'NONE',  ( 0.4167103138289316400, 1.136411755033188300, 0.4700000000000000300 ) ) ;
#2860 = FILL_AREA_STYLE_COLOUR ( '', #3177 ) ;
#2861 = EDGE_CURVE ( 'NONE', #2526, #9512, #8625, .T. ) ;
#2862 = FILL_AREA_STYLE_COLOUR ( '', #3790 ) ;
#2863 = VERTEX_POINT ( 'NONE', #10471 ) ;
#2864 = EDGE_CURVE ( 'NONE', #9006, #8754, #5794, .T. ) ;
#2865 = EDGE_LOOP ( 'NONE', ( #5855, #5009, #8947, #7918, #9644, #5439, #10530 ) ) ;
#2866 = VECTOR ( 'NONE', #8946, 1000.000000000000000 ) ;
#2867 = DIRECTION ( 'NONE',  ( -0.0000000000000000000, -0.0000000000000000000, -1.000000000000000000 ) ) ;
#2868 = CARTESIAN_POINT ( 'NONE',  ( 0.3588539260884610100, 1.056774485713890800, 0.4600000000000000200 ) ) ;
#2869 = CARTESIAN_POINT ( 'NONE',  ( 0.4137334951014448600, 1.058424999067361100, 0.4700000000000000300 ) ) ;
#2870 = CARTESIAN_POINT ( 'NONE',  ( 0.4167103138289316400, 1.136411755033188300, 0.4700000000000000300 ) ) ;
#2871 = CARTESIAN_POINT ( 'NONE',  ( 0.07512636386565972600, 1.110785259353840100, 0.4700000000000000300 ) ) ;
#2872 = ORIENTED_EDGE ( 'NONE', *, *, #10403, .T. ) ;
#2873 = ADVANCED_FACE ( 'NONE', ( #4795 ), #9530, .F. ) ;
#2874 = LINE ( 'NONE', #4488, #2603 ) ;
#2875 = CARTESIAN_POINT ( 'NONE',  ( -0.3200038376330879300, 1.156692539986307900, 0.4600000000000000200 ) ) ;
#2876 = VERTEX_POINT ( 'NONE', #569 ) ;
#2877 = VECTOR ( 'NONE', #9053, 1000.000000000000000 ) ;
#2878 = EDGE_CURVE ( 'NONE', #3269, #6172, #2481, .T. ) ;
#2879 = VECTOR ( 'NONE', #4034, 1000.000000000000000 ) ;
#2880 = DIRECTION ( 'NONE',  ( 1.000000000000000000, 0.0000000000000000000, 0.0000000000000000000 ) ) ;
#2881 = CARTESIAN_POINT ( 'NONE',  ( -1.000000000000000000, -1.500000000000000000, 0.4600000000000000200 ) ) ;
#2882 = ORIENTED_EDGE ( 'NONE', *, *, #5571, .T. ) ;
#2883 = DIRECTION ( 'NONE',  ( 1.000000000000000000, 0.0000000000000000000, 0.0000000000000000000 ) ) ;
#2884 = LINE ( 'NONE', #5688, #1243 ) ;
#2885 = CARTESIAN_POINT ( 'NONE',  ( 0.3813421705335660100, 1.358877376360267700, 0.4700000000000000300 ) ) ;
#2886 = DIRECTION ( 'NONE',  ( 0.3559357243698720300, 0.9345104387417481100, 0.0000000000000000000 ) ) ;
#2887 = B_SPLINE_SURFACE_WITH_KNOTS ( 'NONE', 3, 1, ( 
 ( #8260, #4172 ),
 ( #2550, #2424 ),
 ( #922, #801 ),
 ( #2487, #9062 ) ),
 .UNSPECIFIED., .F., .F., .F.,
 ( 4, 4 ),
 ( 2, 2 ),
 ( 13.00000000000000000, 14.00000000000000000 ),
 ( 0.0000000000000000000, 1.000000000000000000 ),
 .UNSPECIFIED. ) ;
#2888 = CARTESIAN_POINT ( 'NONE',  ( 0.4311228322217993100, 1.068563866812215300, 0.4700000000000000300 ) ) ;
#2889 = ORIENTED_EDGE ( 'NONE', *, *, #8206, .T. ) ;
#2890 = ADVANCED_FACE ( 'NONE', ( #2740 ), #9733, .F. ) ;
#2891 = CARTESIAN_POINT ( 'NONE',  ( 0.4167103138289316400, 1.136411755033188300, 0.4700000000000000300 ) ) ;
#2892 = VECTOR ( 'NONE', #7550, 1000.000000000000000 ) ;
#2893 = ORIENTED_EDGE ( 'NONE', *, *, #48, .F. ) ;
#2894 = CARTESIAN_POINT ( 'NONE',  ( 0.4207187034025312600, 1.356932128478890400, 0.4700000000000000300 ) ) ;
#2895 =( NAMED_UNIT ( * ) PLANE_ANGLE_UNIT ( ) SI_UNIT ( $, .RADIAN. ) );
#2896 = CARTESIAN_POINT ( 'NONE',  ( 0.3404624915750940100, 1.072336468763329400, 0.4600000000000000200 ) ) ;
#2897 = DIRECTION ( 'NONE',  ( 0.0000000000000000000, 1.000000000000000000, -0.0000000000000000000 ) ) ;
#2898 = ORIENTED_EDGE ( 'NONE', *, *, #8685, .F. ) ;
#2899 = B_SPLINE_SURFACE_WITH_KNOTS ( 'NONE', 3, 1, ( 
 ( #2309, #1732 ),
 ( #1638, #3316 ),
 ( #7466, #4950 ),
 ( #46, #8225 ) ),
 .UNSPECIFIED., .F., .F., .F.,
 ( 4, 4 ),
 ( 2, 2 ),
 ( 34.00000000000000000, 35.00000000000000000 ),
 ( 0.0000000000000000000, 1.000000000000000000 ),
 .UNSPECIFIED. ) ;
#2900 = CARTESIAN_POINT ( 'NONE',  ( -0.2609802603495567400, 1.027168514443614700, 0.4700000000000000300 ) ) ;
#2901 = EDGE_CURVE ( 'NONE', #3926, #2489, #8005, .T. ) ;
#2902 = AXIS2_PLACEMENT_3D ( 'NONE', #4150, #773, #4182 ) ;
#2903 = ADVANCED_FACE ( 'NONE', ( #715 ), #6507, .T. ) ;
#2904 = LINE ( 'NONE', #3119, #4712 ) ;
#2905 = VERTEX_POINT ( 'NONE', #2370 ) ;
#2906 = VECTOR ( 'NONE', #4035, 1000.000000000000000 ) ;
#2907 = EDGE_CURVE ( 'NONE', #7146, #4158, #6216, .T. ) ;
#2908 = CARTESIAN_POINT ( 'NONE',  ( 0.4536994970250442000, 1.063317592223118800, 0.4600000000000000200 ) ) ;
#2909 = CARTESIAN_POINT ( 'NONE',  ( 0.04151568268147027400, 1.108325948845417100, 0.4600000000000000200 ) ) ;
#2910 = VERTEX_POINT ( 'NONE', #4869 ) ;
#2911 = CARTESIAN_POINT ( 'NONE',  ( 0.3671654397627940300, 1.075342760943928100, 0.4700000000000000300 ) ) ;
#2912 = CARTESIAN_POINT ( 'NONE',  ( 0.6812050787714428700, 1.160756827001928200, 0.4700000000000000300 ) ) ;
#2913 = CARTESIAN_POINT ( 'NONE',  ( -0.1626075898475035600, 1.103407296556745200, 0.4600000000000000200 ) ) ;
#2914 = CARTESIAN_POINT ( 'NONE',  ( 0.3703190992065542600, 1.358877376360267700, 0.4700000000000000300 ) ) ;
#2915 = EDGE_CURVE ( 'NONE', #6828, #406, #4054, .T. ) ;
#2916 = AXIS2_PLACEMENT_3D ( 'NONE', #1442, #607, #3066 ) ;
#2917 = LINE ( 'NONE', #10439, #2141 ) ;
#2918 = EDGE_CURVE ( 'NONE', #5537, #10111, #6857, .T. ) ;
#2919 = VECTOR ( 'NONE', #10535, 1000.000000000000000 ) ;
#2920 = VERTEX_POINT ( 'NONE', #10611 ) ;
#2921 = B_SPLINE_SURFACE_WITH_KNOTS ( 'NONE', 3, 1, ( 
 ( #2317, #6428 ),
 ( #2354, #3116 ),
 ( #9689, #9657 ),
 ( #8079, #7986 ) ),
 .UNSPECIFIED., .F., .F., .F.,
 ( 4, 4 ),
 ( 2, 2 ),
 ( 10.00000000000000000, 11.00000000000000000 ),
 ( 0.0000000000000000000, 1.000000000000000000 ),
 .UNSPECIFIED. ) ;
#2922 = EDGE_LOOP ( 'NONE', ( #9425, #2111, #2898, #3106 ) ) ;
#2923 = ORIENTED_EDGE ( 'NONE', *, *, #2073, .T. ) ;
#2924 = PLANE ( 'NONE',  #5043 ) ;
#2925 = CARTESIAN_POINT ( 'NONE',  ( 0.6806156097171999200, 1.058719733595270100, 0.4600000000000000200 ) ) ;
#2926 = DIRECTION ( 'NONE',  ( -0.0000000000000000000, -0.0000000000000000000, -1.000000000000000000 ) ) ;
#2927 = SURFACE_STYLE_FILL_AREA ( #197 ) ;
#2928 = ORIENTED_EDGE ( 'NONE', *, *, #1238, .T. ) ;
#2929 = ORIENTED_EDGE ( 'NONE', *, *, #629, .T. ) ;
#2930 = CARTESIAN_POINT ( 'NONE',  ( -0.3331201968270273200, 1.282117649532498000, 0.4700000000000000300 ) ) ;
#2931 = B_SPLINE_CURVE_WITH_KNOTS ( 'NONE', 3,
 ( #9582, #8780, #6359, #5493 ),
 .UNSPECIFIED., .F., .F.,
 ( 4, 4 ),
 ( 17.00000000000000000, 18.00000000000000000 ),
 .UNSPECIFIED. ) ;
#2932 = CARTESIAN_POINT ( 'NONE',  ( 0.3566728905853887000, 1.131224427350304900, 0.4600000000000000200 ) ) ;
#2933 = CARTESIAN_POINT ( 'NONE',  ( 0.8749999999999998900, 1.500000000000000000, 0.0000000000000000000 ) ) ;
#2934 = CARTESIAN_POINT ( 'NONE',  ( -0.2380266122149723200, 1.272280430953479900, 0.4600000000000000200 ) ) ;
#2935 = B_SPLINE_SURFACE_WITH_KNOTS ( 'NONE', 3, 1, ( 
 ( #6095, #1158 ),
 ( #4409, #362 ),
 ( #8491, #10232 ),
 ( #2744, #4511 ) ),
 .UNSPECIFIED., .F., .F., .F.,
 ( 4, 4 ),
 ( 2, 2 ),
 ( 2.000000000000000000, 3.000000000000000000 ),
 ( 0.0000000000000000000, 1.000000000000000000 ),
 .UNSPECIFIED. ) ;
#2936 = VECTOR ( 'NONE', #6022, 1000.000000000000000 ) ;
#2937 = SURFACE_STYLE_USAGE ( .BOTH. , #10207 ) ;
#2938 = VERTEX_POINT ( 'NONE', #9012 ) ;
#2939 = LINE ( 'NONE', #7128, #777 ) ;
#2940 = DIRECTION ( 'NONE',  ( 1.000000000000000000, 2.538891699852962500E-014, -0.0000000000000000000 ) ) ;
#2941 = ORIENTED_EDGE ( 'NONE', *, *, #8325, .F. ) ;
#2942 = CARTESIAN_POINT ( 'NONE',  ( 0.3382519826189163700, 1.265092849722512700, 0.4600000000000000200 ) ) ;
#2943 = CARTESIAN_POINT ( 'NONE',  ( 0.3976409899023887800, 1.246406680681625600, 0.4700000000000000300 ) ) ;
#2944 = SURFACE_STYLE_USAGE ( .BOTH. , #8509 ) ;
#2945 = EDGE_CURVE ( 'NONE', #4722, #914, #3159, .T. ) ;
#2946 = CARTESIAN_POINT ( 'NONE',  ( 0.3390477658433275200, 1.332646003416362500, 0.4700000000000000300 ) ) ;
#2947 = CARTESIAN_POINT ( 'NONE',  ( 0.7148048149020959100, 1.083890062239958100, 0.4700000000000000300 ) ) ;
#2948 = ORIENTED_EDGE ( 'NONE', *, *, #5081, .T. ) ;
#2949 = EDGE_CURVE ( 'NONE', #5968, #7569, #4299, .T. ) ;
#2950 = VERTEX_POINT ( 'NONE', #4809 ) ;
#2951 = ADVANCED_FACE ( 'NONE', ( #9127 ), #5749, .F. ) ;
#2952 = DIRECTION ( 'NONE',  ( 0.0000000000000000000, -1.000000000000000000, 0.0000000000000000000 ) ) ;
#2953 = ORIENTED_EDGE ( 'NONE', *, *, #2601, .T. ) ;
#2954 = VECTOR ( 'NONE', #5763, 1000.000000000000000 ) ;
#2955 = CARTESIAN_POINT ( 'NONE',  ( 0.5028022693001016300, 1.058896574311546400, 0.4600000000000000200 ) ) ;
#2956 = ORIENTED_EDGE ( 'NONE', *, *, #8542, .T. ) ;
#2957 = DIRECTION ( 'NONE',  ( -1.000000000000000000, 0.0000000000000000000, 0.0000000000000000000 ) ) ;
#2958 = AXIS2_PLACEMENT_3D ( 'NONE', #1862, #9953, #973 ) ;
#2959 = DIRECTION ( 'NONE',  ( -0.9903286039881280500, -0.1387416884823210500, -0.0000000000000000000 ) ) ;
#2960 = EDGE_CURVE ( 'NONE', #6691, #9497, #3393, .T. ) ;
#2961 = ORIENTED_EDGE ( 'NONE', *, *, #1686, .F. ) ;
#2962 = LINE ( 'NONE', #5205, #1455 ) ;
#2963 = ORIENTED_EDGE ( 'NONE', *, *, #1050, .T. ) ;
#2964 = FACE_BOUND ( 'NONE', #8118, .T. ) ;
#2965 = CARTESIAN_POINT ( 'NONE',  ( 0.4768361574306017600, 1.306768311905006900, 0.4700000000000000300 ) ) ;
#2966 = CARTESIAN_POINT ( 'NONE',  ( 1.000000000000000000, -1.500000000000000000, 0.0000000000000000000 ) ) ;
#2967 = DIRECTION ( 'NONE',  ( -1.000000000000000000, 0.0000000000000000000, 0.0000000000000000000 ) ) ;
#2968 = VERTEX_POINT ( 'NONE', #4936 ) ;
#2969 = CARTESIAN_POINT ( 'NONE',  ( -0.7500000000000000000, -0.6500000000000000200, 0.0000000000000000000 ) ) ;
#2970 = LINE ( 'NONE', #3466, #9882 ) ;
#2971 = EDGE_CURVE ( 'NONE', #6747, #3820, #9513, .T. ) ;
#2972 = CARTESIAN_POINT ( 'NONE',  ( 0.3556707931919886300, 1.252949787190854400, 0.4600000000000000200 ) ) ;
#2973 = EDGE_CURVE ( 'NONE', #1892, #5047, #2595, .T. ) ;
#2974 = SURFACE_STYLE_USAGE ( .BOTH. , #5324 ) ;
#2975 = ORIENTED_EDGE ( 'NONE', *, *, #4763, .T. ) ;
#2976 = CARTESIAN_POINT ( 'NONE',  ( 0.4207187034025312600, 1.241631981336715800, 0.4600000000000000200 ) ) ;
#2977 = UNCERTAINTY_MEASURE_WITH_UNIT (LENGTH_MEASURE( 1.000000000000000100E-005 ), #4338, 'distance_accuracy_value', 'NONE');
#2978 = PRESENTATION_LAYER_ASSIGNMENT (  '', '', ( #9201 ) ) ;
#2979 = SURFACE_STYLE_USAGE ( .BOTH. , #9596 ) ;
#2980 = PLANE ( 'NONE',  #4632 ) ;
#2981 = ORIENTED_EDGE ( 'NONE', *, *, #9128, .T. ) ;
#2982 =( GEOMETRIC_REPRESENTATION_CONTEXT ( 3 ) GLOBAL_UNCERTAINTY_ASSIGNED_CONTEXT ( ( #10275 ) ) GLOBAL_UNIT_ASSIGNED_CONTEXT ( ( #2212, #5380, #5416 ) ) REPRESENTATION_CONTEXT ( 'NONE', 'WORKASPACE' ) );
#2983 = ADVANCED_FACE ( 'NONE', ( #8349 ), #10026, .T. ) ;
#2984 = CARTESIAN_POINT ( 'NONE',  ( 0.3704664664705092900, 1.345437481907692400, 0.4700000000000000300 ) ) ;
#2985 = ORIENTED_EDGE ( 'NONE', *, *, #9057, .T. ) ;
#2986 = DIRECTION ( 'NONE',  ( 0.3667976789509033200, 0.9303007377811919300, -0.0000000000000000000 ) ) ;
#2987 = SURFACE_STYLE_FILL_AREA ( #1666 ) ;
#2988 = STYLED_ITEM ( 'NONE', ( #3014 ), #3374 ) ;
#2989 = VERTEX_POINT ( 'NONE', #186 ) ;
#2990 = VECTOR ( 'NONE', #4037, 1000.000000000000000 ) ;
#2991 = EDGE_CURVE ( 'NONE', #9353, #1424, #8487, .T. ) ;
#2992 = CARTESIAN_POINT ( 'NONE',  ( -0.8750000000000001100, -1.500999999999999900, -0.04000000000000000100 ) ) ;
#2993 = ORIENTED_EDGE ( 'NONE', *, *, #3469, .F. ) ;
#2994 = LINE ( 'NONE', #901, #5667 ) ;
#2995 = B_SPLINE_SURFACE_WITH_KNOTS ( 'NONE', 3, 1, ( 
 ( #3849, #7904 ),
 ( #7872, #7048 ),
 ( #5404, #6242 ),
 ( #3069, #4717 ) ),
 .UNSPECIFIED., .F., .F., .F.,
 ( 4, 4 ),
 ( 2, 2 ),
 ( 27.00000000000000000, 28.00000000000000000 ),
 ( 0.0000000000000000000, 1.000000000000000000 ),
 .UNSPECIFIED. ) ;
#2996 = DIRECTION ( 'NONE',  ( 1.000000000000000000, -0.0000000000000000000, -0.0000000000000000000 ) ) ;
#2997 = LINE ( 'NONE', #2703, #3527 ) ;
#2998 = CARTESIAN_POINT ( 'NONE',  ( -0.8750000000000001100, -1.500000000000000000, 0.0000000000000000000 ) ) ;
#2999 = PRESENTATION_LAYER_ASSIGNMENT (  '', '', ( #5586 ) ) ;
#3000 = ORIENTED_EDGE ( 'NONE', *, *, #10071, .F. ) ;
#3001 = FACE_OUTER_BOUND ( 'NONE', #2440, .T. ) ;
#3002 = AXIS2_PLACEMENT_3D ( 'NONE', #6834, #5098, #8413 ) ;
#3003 = DIRECTION ( 'NONE',  ( 0.0000000000000000000, 0.0000000000000000000, 1.000000000000000000 ) ) ;
#3004 = DIRECTION ( 'NONE',  ( 0.0000000000000000000, 1.000000000000000000, 0.0000000000000000000 ) ) ;
#3005 = CARTESIAN_POINT ( 'NONE',  ( 0.3733548648394733900, 1.111064585672230500, 0.4700000000000000300 ) ) ;
#3006 = EDGE_LOOP ( 'NONE', ( #2953, #9921, #9771, #5312 ) ) ;
#3007 = CARTESIAN_POINT ( 'NONE',  ( -0.2831140861948175400, 1.272280430953479900, 0.4600000000000000200 ) ) ;
#3008 = CARTESIAN_POINT ( 'NONE',  ( 0.1513651772506174900, 1.144395940538030400, 0.4600000000000000200 ) ) ;
#3009 = CARTESIAN_POINT ( 'NONE',  ( 0.3469171777261872400, 1.068622813717637500, 0.4700000000000000300 ) ) ;
#3010 = LINE ( 'NONE', #1460, #2879 ) ;
#3011 = DIRECTION ( 'NONE',  ( 0.1387416884823210700, -0.9903286039881281600, 0.0000000000000000000 ) ) ;
#3012 = DIRECTION ( 'NONE',  ( -0.0000000000000000000, -0.0000000000000000000, -1.000000000000000000 ) ) ;
#3013 = EDGE_CURVE ( 'NONE', #3239, #7276, #458, .T. ) ;
#3014 = PRESENTATION_STYLE_ASSIGNMENT (( #9828 ) ) ;
#3015 = ADVANCED_FACE ( 'NONE', ( #3537 ), #5813, .F. ) ;
#3016 = ORIENTED_EDGE ( 'NONE', *, *, #8302, .T. ) ;
#3017 = ORIENTED_EDGE ( 'NONE', *, *, #4526, .F. ) ;
#3018 = COLOUR_RGB ( '',0.6666666666666666300, 0.6666666666666666300, 0.6666666666666666300 ) ;
#3019 =( NAMED_UNIT ( * ) SI_UNIT ( $, .STERADIAN. ) SOLID_ANGLE_UNIT ( ) );
#3020 = CARTESIAN_POINT ( 'NONE',  ( -0.5999999999999999800, -1.200000000000000200, 0.4400000000000000000 ) ) ;
#3021 = DIRECTION ( 'NONE',  ( -0.0000000000000000000, 1.000000000000000000, -0.0000000000000000000 ) ) ;
#3022 = CARTESIAN_POINT ( 'NONE',  ( 0.5495471653550254600, 1.141068560567252600, 0.4600000000000000200 ) ) ;
#3023 = CARTESIAN_POINT ( 'NONE',  ( 0.4356027970391890800, 1.343669074743377000, 0.4700000000000000300 ) ) ;
#3024 = CARTESIAN_POINT ( 'NONE',  ( 0.3703190992065542600, 1.358877376360267700, 0.4600000000000000200 ) ) ;
#3025 = PLANE ( 'NONE',  #5305 ) ;
#3026 = SURFACE_SIDE_STYLE ('',( #9143 ) ) ;
#3027 = FACE_OUTER_BOUND ( 'NONE', #1924, .T. ) ;
#3028 = ORIENTED_EDGE ( 'NONE', *, *, #7709, .F. ) ;
#3029 = VERTEX_POINT ( 'NONE', #6769 ) ;
#3030 = VECTOR ( 'NONE', #2625, 1000.000000000000000 ) ;
#3031 = CARTESIAN_POINT ( 'NONE',  ( 0.4223397433032848900, 1.116841382410142600, 0.4700000000000000300 ) ) ;
#3032 = CARTESIAN_POINT ( 'NONE',  ( 0.4801077106856158600, 1.343669074743377000, 0.4700000000000000300 ) ) ;
#3033 = DIRECTION ( 'NONE',  ( 0.0000000000000000000, 0.0000000000000000000, -1.000000000000000000 ) ) ;
#3034 = CARTESIAN_POINT ( 'NONE',  ( -0.8750000000000001100, 1.500999999999999900, 0.1000000000000000100 ) ) ;
#3035 = FACE_OUTER_BOUND ( 'NONE', #4984, .T. ) ;
#3036 = VERTEX_POINT ( 'NONE', #9042 ) ;
#3037 = CARTESIAN_POINT ( 'NONE',  ( 0.1005392912368313900, 1.172268178417227500, 0.4700000000000000300 ) ) ;
#3038 = VERTEX_POINT ( 'NONE', #6688 ) ;
#3039 = ADVANCED_FACE ( 'NONE', ( #1077 ), #2712, .F. ) ;
#3040 = CARTESIAN_POINT ( 'NONE',  ( 0.2457937613547873900, 1.356932128478890400, 0.4600000000000000200 ) ) ;
#3041 = DIRECTION ( 'NONE',  ( -0.0000000000000000000, -0.0000000000000000000, -1.000000000000000000 ) ) ;
#3042 = LINE ( 'NONE', #10490, #867 ) ;
#3043 = VECTOR ( 'NONE', #7639, 1000.000000000000000 ) ;
#3044 = CARTESIAN_POINT ( 'NONE',  ( 0.3334183363685779800, 1.058955521216968300, 0.4700000000000000300 ) ) ;
#3045 = VERTEX_POINT ( 'NONE', #7520 ) ;
#3046 = CARTESIAN_POINT ( 'NONE',  ( -0.1250000000000001100, -1.500000000000000000, 0.0000000000000000000 ) ) ;
#3047 = DIRECTION ( 'NONE',  ( 0.0000000000000000000, 1.000000000000000000, -0.0000000000000000000 ) ) ;
#3048 = CARTESIAN_POINT ( 'NONE',  ( 0.3296752078697817200, 1.135291763829332300, 0.4700000000000000300 ) ) ;
#3049 = EDGE_CURVE ( 'NONE', #3197, #7226, #9265, .T. ) ;
#3050 = CARTESIAN_POINT ( 'NONE',  ( 0.0000000000000000000, 0.0000000000000000000, 0.4700000000000000300 ) ) ;
#3051 = VERTEX_POINT ( 'NONE', #5928 ) ;
#3052 = FACE_OUTER_BOUND ( 'NONE', #6897, .T. ) ;
#3053 = AXIS2_PLACEMENT_3D ( 'NONE', #5505, #3087, #8061 ) ;
#3054 = CARTESIAN_POINT ( 'NONE',  ( 0.5045117295593851700, 1.241631981336718300, 0.4600000000000000200 ) ) ;
#3055 = PLANE ( 'NONE',  #6042 ) ;
#3056 = ORIENTED_EDGE ( 'NONE', *, *, #6237, .F. ) ;
#3057 = CARTESIAN_POINT ( 'NONE',  ( 0.3729717099538177900, 1.071452265181171800, 0.4700000000000000300 ) ) ;
#3058 =( LENGTH_UNIT ( ) NAMED_UNIT ( * ) SI_UNIT ( .MILLI., .METRE. ) );
#3059 = CARTESIAN_POINT ( 'NONE',  ( 0.4581499883897264300, 1.094736292850697800, 0.4700000000000000300 ) ) ;
#3060 = CARTESIAN_POINT ( 'NONE',  ( -0.7500000000000000000, 0.7500000000000000000, -0.02000000000000000000 ) ) ;
#3061 = VERTEX_POINT ( 'NONE', #972 ) ;
#3062 = EDGE_CURVE ( 'NONE', #7452, #280, #2994, .T. ) ;
#3063 = VECTOR ( 'NONE', #7716, 1000.000000000000000 ) ;
#3064 = ORIENTED_EDGE ( 'NONE', *, *, #10108, .T. ) ;
#3065 = FACE_OUTER_BOUND ( 'NONE', #5952, .T. ) ;
#3066 = DIRECTION ( 'NONE',  ( 0.0000000000000000000, 0.0000000000000000000, 1.000000000000000000 ) ) ;
#3067 = ORIENTED_EDGE ( 'NONE', *, *, #10303, .T. ) ;
#3068 = FILL_AREA_STYLE_COLOUR ( '', #5501 ) ;
#3069 = CARTESIAN_POINT ( 'NONE',  ( -0.02570561714402799100, 1.083732781219903100, 0.4700000000000000300 ) ) ;
#3070 =( NAMED_UNIT ( * ) PLANE_ANGLE_UNIT ( ) SI_UNIT ( $, .RADIAN. ) );
#3071 = DIRECTION ( 'NONE',  ( -0.0000000000000000000, 1.000000000000000000, 0.0000000000000000000 ) ) ;
#3072 = B_SPLINE_SURFACE_WITH_KNOTS ( 'NONE', 3, 1, ( 
 ( #857, #5060 ),
 ( #5874, #992 ),
 ( #355, #8448 ),
 ( #6419, #1545 ) ),
 .UNSPECIFIED., .F., .F., .F.,
 ( 4, 4 ),
 ( 2, 2 ),
 ( 5.000000000000000000, 6.000000000000000000 ),
 ( 0.0000000000000000000, 1.000000000000000000 ),
 .UNSPECIFIED. ) ;
#3073 = CARTESIAN_POINT ( 'NONE',  ( 0.3113132468091264200, 1.297101019404332200, 0.4700000000000000300 ) ) ;
#3074 = LINE ( 'NONE', #15, #6386 ) ;
#3075 = VERTEX_POINT ( 'NONE', #6645 ) ;
#3076 = EDGE_CURVE ( 'NONE', #6670, #9737, #4915, .T. ) ;
#3077 = VECTOR ( 'NONE', #2783, 1000.000000000000000 ) ;
#3078 = ORIENTED_EDGE ( 'NONE', *, *, #6039, .F. ) ;
#3079 = CARTESIAN_POINT ( 'NONE',  ( 0.02348071810660487200, 1.293594465781640100, 0.4700000000000000300 ) ) ;
#3080 = CARTESIAN_POINT ( 'NONE',  ( 0.7500000000000000000, 0.7500000000000000000, -0.02000000000000000000 ) ) ;
#3081 =( GEOMETRIC_REPRESENTATION_CONTEXT ( 3 ) GLOBAL_UNCERTAINTY_ASSIGNED_CONTEXT ( ( #1083 ) ) GLOBAL_UNIT_ASSIGNED_CONTEXT ( ( #5026, #1671, #5761 ) ) REPRESENTATION_CONTEXT ( 'NONE', 'WORKASPACE' ) );
#3082 = CARTESIAN_POINT ( 'NONE',  ( 0.7500000000000000000, 0.7500000000000000000, 0.0000000000000000000 ) ) ;
#3083 = FILL_AREA_STYLE ('',( #6327 ) ) ;
#3084 = DIRECTION ( 'NONE',  ( 0.0000000000000000000, -0.0000000000000000000, 1.000000000000000000 ) ) ;
#3085 = VERTEX_POINT ( 'NONE', #1044 ) ;
#3086 = DIRECTION ( 'NONE',  ( -1.000000000000000000, -0.0000000000000000000, -0.0000000000000000000 ) ) ;
#3087 = DIRECTION ( 'NONE',  ( 1.000000000000000000, 0.0000000000000000000, 0.0000000000000000000 ) ) ;
#3088 = DIRECTION ( 'NONE',  ( -0.3409177962187313600, -0.9400931103999027300, -0.0000000000000000000 ) ) ;
#3089 = EDGE_CURVE ( 'NONE', #2106, #4773, #7876, .T. ) ;
#3090 = CARTESIAN_POINT ( 'NONE',  ( 0.3531950231613901800, 1.358877376360267700, 0.4700000000000000300 ) ) ;
#3091 = CARTESIAN_POINT ( 'NONE',  ( -0.8750000000000001100, 1.101000000000000000, 0.0000000000000000000 ) ) ;
#3092 = CARTESIAN_POINT ( 'NONE',  ( 0.4305038897140512900, 1.142954861543203500, 0.4700000000000000300 ) ) ;
#3093 = ORIENTED_EDGE ( 'NONE', *, *, #4136, .F. ) ;
#3094 = EDGE_LOOP ( 'NONE', ( #3779, #8769, #7322, #8924 ) ) ;
#3095 = EDGE_CURVE ( 'NONE', #4108, #8188, #7115, .T. ) ;
#3096 = B_SPLINE_SURFACE_WITH_KNOTS ( 'NONE', 3, 1, ( 
 ( #88, #12 ),
 ( #9237, #1953 ),
 ( #9203, #6829 ),
 ( #6707, #8337 ) ),
 .UNSPECIFIED., .F., .F., .F.,
 ( 4, 4 ),
 ( 2, 2 ),
 ( 5.000000000000000000, 6.000000000000000000 ),
 ( 0.0000000000000000000, 1.000000000000000000 ),
 .UNSPECIFIED. ) ;
#3097 = VERTEX_POINT ( 'NONE', #9986 ) ;
#3098 = CARTESIAN_POINT ( 'NONE',  ( 0.3678728026286729500, 1.252949787190854400, 0.4600000000000000200 ) ) ;
#3099 = EDGE_LOOP ( 'NONE', ( #5715, #5133, #3509, #6885 ) ) ;
#3100 = CARTESIAN_POINT ( 'NONE',  ( 0.3976409899023887800, 1.260671831810934500, 0.4600000000000000200 ) ) ;
#3101 = VECTOR ( 'NONE', #10564, 1000.000000000000100 ) ;
#3102 = SURFACE_STYLE_USAGE ( .BOTH. , #4023 ) ;
#3103 = ORIENTED_EDGE ( 'NONE', *, *, #1864, .T. ) ;
#3104 = CARTESIAN_POINT ( 'NONE',  ( 0.4827308479797703900, 1.254777141261381100, 0.4700000000000000300 ) ) ;
#3105 = DIRECTION ( 'NONE',  ( 0.0000000000000000000, 0.0000000000000000000, -1.000000000000000000 ) ) ;
#3106 = ORIENTED_EDGE ( 'NONE', *, *, #8119, .F. ) ;
#3107 = VERTEX_POINT ( 'NONE', #7483 ) ;
#3108 = EDGE_CURVE ( 'NONE', #2339, #8272, #10354, .T. ) ;
#3109 = ORIENTED_EDGE ( 'NONE', *, *, #6553, .F. ) ;
#3110 = AXIS2_PLACEMENT_3D ( 'NONE', #9784, #2303, #4059 ) ;
#3111 = CARTESIAN_POINT ( 'NONE',  ( 0.5045117295593821700, 1.356932128478890400, 0.4600000000000000200 ) ) ;
#3112 = CARTESIAN_POINT ( 'NONE',  ( 0.5694122725059784800, 1.246996149736662400, 0.4700000000000000300 ) ) ;
#3113 = COLOUR_RGB ( '',0.6666666666666666300, 0.6666666666666666300, 0.6666666666666666300 ) ;
#3114 = VECTOR ( 'NONE', #3989, 1000.000000000000000 ) ;
#3115 = CARTESIAN_POINT ( 'NONE',  ( -0.1250000000000001100, 1.500999999999999900, -0.04000000000000000100 ) ) ;
#3116 = CARTESIAN_POINT ( 'NONE',  ( 0.4459185055003235800, 1.131224427350304900, 0.4600000000000000200 ) ) ;
#3117 = CARTESIAN_POINT ( 'NONE',  ( -0.3372190815516871200, 1.099308466557788400, 0.4600000000000000200 ) ) ;
#3118 = EDGE_CURVE ( 'NONE', #9293, #1691, #6453, .T. ) ;
#3119 = CARTESIAN_POINT ( 'NONE',  ( 0.4964654769594696300, 1.043924060316350700, 0.4600000000000000200 ) ) ;
#3120 = STYLED_ITEM ( 'NONE', ( #9481 ), #9249 ) ;
#3121 = ORIENTED_EDGE ( 'NONE', *, *, #9348, .F. ) ;
#3122 = VECTOR ( 'NONE', #3406, 1000.000000000000000 ) ;
#3123 = CARTESIAN_POINT ( 'NONE',  ( -0.1250000000000001100, -1.500000000000000000, 0.4600000000000000200 ) ) ;
#3124 = VERTEX_POINT ( 'NONE', #368 ) ;
#3125 = ORIENTED_EDGE ( 'NONE', *, *, #4434, .F. ) ;
#3126 = EDGE_CURVE ( 'NONE', #9096, #4265, #5317, .T. ) ;
#3127 = LINE ( 'NONE', #3712, #8479 ) ;
#3128 =( LENGTH_UNIT ( ) NAMED_UNIT ( * ) SI_UNIT ( .MILLI., .METRE. ) );
#3129 = EDGE_CURVE ( 'NONE', #8600, #7678, #830, .T. ) ;
#3130 = CARTESIAN_POINT ( 'NONE',  ( -0.1250000000000001100, -1.500999999999999900, 0.1000000000000000100 ) ) ;
#3131 = CARTESIAN_POINT ( 'NONE',  ( 0.4074556496666271700, 1.118845577196947200, 0.4600000000000000200 ) ) ;
#3132 = EDGE_LOOP ( 'NONE', ( #6436, #6412, #10508, #1216 ) ) ;
#3133 = LINE ( 'NONE', #2147, #6441 ) ;
#3134 = CARTESIAN_POINT ( 'NONE',  ( 0.4487184835111486200, 1.101986762225804200, 0.4700000000000000300 ) ) ;
#3135 = CARTESIAN_POINT ( 'NONE',  ( 0.4356027970391868100, 1.293564205074917700, 0.4700000000000000300 ) ) ;
#3136 = ORIENTED_EDGE ( 'NONE', *, *, #4650, .F. ) ;
#3137 = VECTOR ( 'NONE', #8181, 1000.000000000000000 ) ;
#3138 = LINE ( 'NONE', #4308, #4551 ) ;
#3139 = FILL_AREA_STYLE_COLOUR ( '', #10638 ) ;
#3140 = ORIENTED_EDGE ( 'NONE', *, *, #1175, .T. ) ;
#3141 = CARTESIAN_POINT ( 'NONE',  ( 0.7766990656680904400, 1.090256328032908100, 0.4700000000000000300 ) ) ;
#3142 = FACE_OUTER_BOUND ( 'NONE', #5621, .T. ) ;
#3143 = DIRECTION ( 'NONE',  ( -1.000000000000000000, 0.0000000000000000000, 0.0000000000000000000 ) ) ;
#3144 = DIRECTION ( 'NONE',  ( -0.0000000000000000000, -0.0000000000000000000, -1.000000000000000000 ) ) ;
#3145 = VERTEX_POINT ( 'NONE', #10130 ) ;
#3146 = FACE_OUTER_BOUND ( 'NONE', #595, .T. ) ;
#3147 = CARTESIAN_POINT ( 'NONE',  ( 0.5103179997500182400, 1.072395415668760100, 0.4700000000000000300 ) ) ;
#3148 = VECTOR ( 'NONE', #7194, 1000.000000000000000 ) ;
#3149 = ORIENTED_EDGE ( 'NONE', *, *, #3062, .T. ) ;
#3150 = SURFACE_STYLE_FILL_AREA ( #6969 ) ;
#3151 = DIRECTION ( 'NONE',  ( -1.000000000000000000, 0.0000000000000000000, 0.0000000000000000000 ) ) ;
#3152 = CARTESIAN_POINT ( 'NONE',  ( 0.5651091484052523900, 1.058719733595268900, 0.4700000000000000300 ) ) ;
#3153 = CARTESIAN_POINT ( 'NONE',  ( 0.5925784063646480900, 1.331467065306295000, 0.4600000000000000200 ) ) ;
#3154 = ORIENTED_EDGE ( 'NONE', *, *, #8540, .F. ) ;
#3155 = B_SPLINE_SURFACE_WITH_KNOTS ( 'NONE', 3, 1, ( 
 ( #5240, #10261 ),
 ( #5335, #2029 ),
 ( #3740, #9349 ),
 ( #356, #459 ) ),
 .UNSPECIFIED., .F., .F., .F.,
 ( 4, 4 ),
 ( 2, 2 ),
 ( 4.000000000000000000, 5.000000000000000000 ),
 ( 0.0000000000000000000, 1.000000000000000000 ),
 .UNSPECIFIED. ) ;
#3156 = CARTESIAN_POINT ( 'NONE',  ( -0.2708175023820599300, 1.114884151896459800, 0.4600000000000000200 ) ) ;
#3157 = CARTESIAN_POINT ( 'NONE',  ( 0.3473298060649454600, 1.096504700015011000, 0.4600000000000000200 ) ) ;
#3158 = FACE_OUTER_BOUND ( 'NONE', #8864, .T. ) ;
#3159 = B_SPLINE_CURVE_WITH_KNOTS ( 'NONE', 3,
 ( #4086, #9704, #5719, #5646 ),
 .UNSPECIFIED., .F., .F.,
 ( 4, 4 ),
 ( 1.000000000000000000, 2.000000000000000000 ),
 .UNSPECIFIED. ) ;
#3160 = EDGE_CURVE ( 'NONE', #5698, #6981, #6992, .T. ) ;
#3161 = LINE ( 'NONE', #8312, #4439 ) ;
#3162 = ORIENTED_EDGE ( 'NONE', *, *, #7746, .T. ) ;
#3163 = SURFACE_STYLE_USAGE ( .BOTH. , #6403 ) ;
#3164 = DIRECTION ( 'NONE',  ( -0.0000000000000000000, -0.0000000000000000000, -1.000000000000000000 ) ) ;
#3165 = ORIENTED_EDGE ( 'NONE', *, *, #9668, .F. ) ;
#3166 = CARTESIAN_POINT ( 'NONE',  ( 0.7993641508306517100, 1.153093729287272900, 0.4600000000000000200 ) ) ;
#3167 = CARTESIAN_POINT ( 'NONE',  ( 0.4228997389056087200, 1.140773826040125400, 0.4700000000000000300 ) ) ;
#3168 = FACE_OUTER_BOUND ( 'NONE', #8643, .T. ) ;
#3169 = VECTOR ( 'NONE', #7529, 1000.000000000000000 ) ;
#3170 = ORIENTED_EDGE ( 'NONE', *, *, #1686, .T. ) ;
#3171 = CARTESIAN_POINT ( 'NONE',  ( 0.5799932420423104000, 1.110651957333468100, 0.4600000000000000200 ) ) ;
#3172 = EDGE_LOOP ( 'NONE', ( #9312, #5754, #9432, #3304 ) ) ;
#3173 = EDGE_CURVE ( 'NONE', #1474, #1491, #1373, .T. ) ;
#3174 = DIRECTION ( 'NONE',  ( 0.0000000000000000000, 0.0000000000000000000, 1.000000000000000000 ) ) ;
#3175 = FILL_AREA_STYLE_COLOUR ( '', #7122 ) ;
#3176 = VECTOR ( 'NONE', #7346, 1000.000000000000000 ) ;
#3177 = COLOUR_RGB ( '',0.6666666666666666300, 0.6666666666666666300, 0.6666666666666666300 ) ;
#3178 = CARTESIAN_POINT ( 'NONE',  ( 0.3269341767647745400, 1.297985222987278600, 0.4600000000000000200 ) ) ;
#3179 = ORIENTED_EDGE ( 'NONE', *, *, #8934, .F. ) ;
#3180 = UNCERTAINTY_MEASURE_WITH_UNIT (LENGTH_MEASURE( 1.000000000000000100E-005 ), #1141, 'distance_accuracy_value', 'NONE');
#3181 = MECHANICAL_DESIGN_GEOMETRIC_PRESENTATION_REPRESENTATION (  '', ( #5406 ), #9251 ) ;
#3182 = EDGE_LOOP ( 'NONE', ( #10007, #5411, #1855, #9260 ) ) ;
#3183 = AXIS2_PLACEMENT_3D ( 'NONE', #3542, #3503, #8330 ) ;
#3184 = ORIENTED_EDGE ( 'NONE', *, *, #1677, .F. ) ;
#3185 = CARTESIAN_POINT ( 'NONE',  ( 0.6212266024333380500, 1.123856064163558400, 0.4700000000000000300 ) ) ;
#3186 = DIRECTION ( 'NONE',  ( 0.0000000000000000000, 0.0000000000000000000, -1.000000000000000000 ) ) ;
#3187 = PRESENTATION_LAYER_ASSIGNMENT (  '', '', ( #7778 ) ) ;
#3188 = CARTESIAN_POINT ( 'NONE',  ( 0.3749999999999998900, 1.500000000000000000, 0.4600000000000000200 ) ) ;
#3189 = DIRECTION ( 'NONE',  ( -0.0000000000000000000, -0.0000000000000000000, -1.000000000000000000 ) ) ;
#3190 = LINE ( 'NONE', #8402, #2654 ) ;
#3191 = CARTESIAN_POINT ( 'NONE',  ( 0.8749999999999998900, 1.500999999999999900, 0.1000000000000000100 ) ) ;
#3192 = CARTESIAN_POINT ( 'NONE',  ( -0.7500000000000000000, -0.6500000000000000200, -0.02000000000000000000 ) ) ;
#3193 = VERTEX_POINT ( 'NONE', #7626 ) ;
#3194 = SURFACE_STYLE_FILL_AREA ( #7400 ) ;
#3195 = DIRECTION ( 'NONE',  ( -0.0000000000000000000, -0.0000000000000000000, -1.000000000000000000 ) ) ;
#3196 = AXIS2_PLACEMENT_3D ( 'NONE', #4820, #4851, #6384 ) ;
#3197 = VERTEX_POINT ( 'NONE', #2045 ) ;
#3198 = AXIS2_PLACEMENT_3D ( 'NONE', #3050, #5460, #591 ) ;
#3199 = EDGE_LOOP ( 'NONE', ( #1001, #5477, #3559, #10102 ) ) ;
#3200 = EDGE_CURVE ( 'NONE', #6420, #7808, #1853, .T. ) ;
#3201 = CARTESIAN_POINT ( 'NONE',  ( 0.3671654397627940300, 1.075342760943928100, 0.4600000000000000200 ) ) ;
#3202 = CARTESIAN_POINT ( 'NONE',  ( 0.5809953394353111200, 1.257783433441191000, 0.4600000000000000200 ) ) ;
#3203 = B_SPLINE_CURVE_WITH_KNOTS ( 'NONE', 3,
 ( #8008, #9503, #6346, #2166 ),
 .UNSPECIFIED., .F., .F.,
 ( 4, 4 ),
 ( 19.00000000000000000, 20.00000000000000000 ),
 .UNSPECIFIED. ) ;
#3204 = PLANE ( 'NONE',  #4301 ) ;
#3205 = EDGE_LOOP ( 'NONE', ( #150, #10547, #4920, #420, #4726, #10035, #1254, #2462, #10351, #1772, #7835, #10485, #8024, #7727 ) ) ;
#3206 = ADVANCED_FACE ( 'NONE', ( #3251 ), #403, .T. ) ;
#3207 = VECTOR ( 'NONE', #3605, 1000.000000000000000 ) ;
#3208 = CARTESIAN_POINT ( 'NONE',  ( 0.5809953394353111200, 1.257783433441191000, 0.4600000000000000200 ) ) ;
#3209 = ORIENTED_EDGE ( 'NONE', *, *, #594, .F. ) ;
#3210 = DIRECTION ( 'NONE',  ( -0.0000000000000000000, 1.000000000000000000, -0.0000000000000000000 ) ) ;
#3211 = VECTOR ( 'NONE', #1053, 1000.000000000000000 ) ;
#3212 = CARTESIAN_POINT ( 'NONE',  ( -0.1937589292518336100, 1.004214897581257300, 0.4600000000000000200 ) ) ;
#3213 = FACE_OUTER_BOUND ( 'NONE', #7, .T. ) ;
#3214 = DIRECTION ( 'NONE',  ( -0.0000000000000000000, -0.0000000000000000000, -1.000000000000000000 ) ) ;
#3215 = ORIENTED_EDGE ( 'NONE', *, *, #26, .F. ) ;
#3216 = CARTESIAN_POINT ( 'NONE',  ( 0.1513651772506174900, 1.173087969434327500, 0.4600000000000000200 ) ) ;
#3217 = CARTESIAN_POINT ( 'NONE',  ( 0.6271212929828849900, 1.071864893519935500, 0.4700000000000000300 ) ) ;
#3218 = EDGE_CURVE ( 'NONE', #9024, #1474, #7352, .T. ) ;
#3219 = VECTOR ( 'NONE', #3352, 1000.000000000000000 ) ;
#3220 = ORIENTED_EDGE ( 'NONE', *, *, #4890, .T. ) ;
#3221 = LINE ( 'NONE', #4761, #7066 ) ;
#3222 = AXIS2_PLACEMENT_3D ( 'NONE', #336, #2897, #6037 ) ;
#3223 = EDGE_LOOP ( 'NONE', ( #10170, #9186, #8594, #10061 ) ) ;
#3224 = CARTESIAN_POINT ( 'NONE',  ( -0.2265498037833977300, 1.320646951733529500, 0.4600000000000000200 ) ) ;
#3225 = DIRECTION ( 'NONE',  ( 0.0000000000000000000, 0.0000000000000000000, -1.000000000000000000 ) ) ;
#3226 = CARTESIAN_POINT ( 'NONE',  ( 0.4356027970391868100, 1.254777141261381100, 0.4700000000000000300 ) ) ;
#3227 = B_SPLINE_CURVE_WITH_KNOTS ( 'NONE', 3,
 ( #9831, #4275, #7473, #5030 ),
 .UNSPECIFIED., .F., .F.,
 ( 4, 4 ),
 ( 3.000000000000000000, 4.000000000000000000 ),
 .UNSPECIFIED. ) ;
#3228 = ADVANCED_FACE ( 'NONE', ( #7243 ), #9885, .F. ) ;
#3229 = ORIENTED_EDGE ( 'NONE', *, *, #2055, .F. ) ;
#3230 = LINE ( 'NONE', #8523, #7698 ) ;
#3231 = ORIENTED_EDGE ( 'NONE', *, *, #7587, .F. ) ;
#3232 = FACE_BOUND ( 'NONE', #8551, .T. ) ;
#3233 = ORIENTED_EDGE ( 'NONE', *, *, #6141, .F. ) ;
#3234 = CARTESIAN_POINT ( 'NONE',  ( 0.4395227662542640600, 1.142954861543203500, 0.4700000000000000300 ) ) ;
#3235 = MECHANICAL_DESIGN_GEOMETRIC_PRESENTATION_REPRESENTATION (  '', ( #590 ), #7559 ) ;
#3236 = ORIENTED_EDGE ( 'NONE', *, *, #1253, .T. ) ;
#3237 = CARTESIAN_POINT ( 'NONE',  ( 0.4356027970391868100, 1.254777141261381100, 0.4700000000000000300 ) ) ;
#3238 = ORIENTED_EDGE ( 'NONE', *, *, #8925, .F. ) ;
#3239 = VERTEX_POINT ( 'NONE', #298 ) ;
#3240 = PLANE ( 'NONE',  #10463 ) ;
#3241 = CARTESIAN_POINT ( 'NONE',  ( -0.08554898544544557700, 1.387868275012904300, 0.4600000000000000200 ) ) ;
#3242 = SURFACE_SIDE_STYLE ('',( #2841 ) ) ;
#3243 = B_SPLINE_SURFACE_WITH_KNOTS ( 'NONE', 3, 1, ( 
 ( #4734, #7303 ),
 ( #9661, #10498 ),
 ( #6401, #4802 ),
 ( #3330, #4997 ) ),
 .UNSPECIFIED., .F., .F., .F.,
 ( 4, 4 ),
 ( 2, 2 ),
 ( 1.000000000000000000, 2.000000000000000000 ),
 ( 0.0000000000000000000, 1.000000000000000000 ),
 .UNSPECIFIED. ) ;
#3244 = CARTESIAN_POINT ( 'NONE',  ( 0.5028022693001016300, 1.058896574311546400, 0.4700000000000000300 ) ) ;
#3245 = LINE ( 'NONE', #6487, #9242 ) ;
#3246 = CARTESIAN_POINT ( 'NONE',  ( 0.3733548648394733900, 1.071452265181171800, 0.4700000000000000300 ) ) ;
#3247 = EDGE_CURVE ( 'NONE', #3422, #8745, #9790, .T. ) ;
#3248 = ORIENTED_EDGE ( 'NONE', *, *, #9935, .T. ) ;
#3249 = VECTOR ( 'NONE', #6269, 1000.000000000000000 ) ;
#3250 = ORIENTED_EDGE ( 'NONE', *, *, #6919, .T. ) ;
#3251 = FACE_OUTER_BOUND ( 'NONE', #1539, .T. ) ;
#3252 = CARTESIAN_POINT ( 'NONE',  ( 0.1249999999999998900, -1.101000000000000000, -0.04000000000000000100 ) ) ;
#3253 = DIRECTION ( 'NONE',  ( -0.0000000000000000000, -1.000000000000000000, -0.0000000000000000000 ) ) ;
#3254 = CARTESIAN_POINT ( 'NONE',  ( -0.3750000000000001100, 1.500999999999999900, -0.04000000000000000100 ) ) ;
#3255 = CARTESIAN_POINT ( 'NONE',  ( 0.8750000000000001100, 1.500000000000000000, 0.09999999999999999200 ) ) ;
#3256 = EDGE_LOOP ( 'NONE', ( #9174, #7531, #5711, #2475 ) ) ;
#3257 = EDGE_CURVE ( 'NONE', #10111, #7285, #9535, .T. ) ;
#3258 = PRESENTATION_LAYER_ASSIGNMENT (  '', '', ( #5200 ) ) ;
#3259 = ADVANCED_FACE ( 'NONE', ( #9777 ), #9818, .F. ) ;
#3260 = EDGE_LOOP ( 'NONE', ( #9117, #1704, #4435, #7753 ) ) ;
#3261 = EDGE_CURVE ( 'NONE', #8091, #9765, #10047, .T. ) ;
#3262 = CARTESIAN_POINT ( 'NONE',  ( 0.5362251647140857700, 1.241631981336718300, 0.4600000000000000200 ) ) ;
#3263 = FACE_OUTER_BOUND ( 'NONE', #8799, .T. ) ;
#3265 = CARTESIAN_POINT ( 'NONE',  ( -0.02570561714402799100, 1.070616437661491300, 0.4600000000000000200 ) ) ;
#3264 = PRESENTATION_LAYER_ASSIGNMENT (  '', '', ( #327 ) ) ;
#3266 = DIRECTION ( 'NONE',  ( -1.000000000000000000, 0.0000000000000000000, 0.0000000000000000000 ) ) ;
#3267 = CARTESIAN_POINT ( 'NONE',  ( 0.3401088101421552700, 1.092378416630561200, 0.4700000000000000300 ) ) ;
#3268 = VERTEX_POINT ( 'NONE', #2751 ) ;
#3269 = VERTEX_POINT ( 'NONE', #1970 ) ;
#3270 = B_SPLINE_SURFACE_WITH_KNOTS ( 'NONE', 3, 1, ( 
 ( #1799, #9307 ),
 ( #10065, #1055 ),
 ( #2685, #6893 ),
 ( #1100, #10104 ) ),
 .UNSPECIFIED., .F., .F., .F.,
 ( 4, 4 ),
 ( 2, 2 ),
 ( 19.00000000000000000, 20.00000000000000000 ),
 ( 0.0000000000000000000, 1.000000000000000000 ),
 .UNSPECIFIED. ) ;
#3271 = EDGE_CURVE ( 'NONE', #7101, #583, #7887, .T. ) ;
#3272 = ADVANCED_FACE ( 'NONE', ( #3263 ), #9403, .F. ) ;
#3273 = CARTESIAN_POINT ( 'NONE',  ( -0.3716495146639740000, 1.188663623501164700, 0.4600000000000000200 ) ) ;
#3274 = EDGE_CURVE ( 'NONE', #9537, #7099, #6913, .T. ) ;
#3275 = DIRECTION ( 'NONE',  ( 0.0000000000000000000, 0.0000000000000000000, 1.000000000000000000 ) ) ;
#3276 = CARTESIAN_POINT ( 'NONE',  ( 0.1169347363203744300, 1.265722212266524600, 0.4600000000000000200 ) ) ;
#3277 = VECTOR ( 'NONE', #9626, 1000.000000000000000 ) ;
#3278 = EDGE_LOOP ( 'NONE', ( #7390, #2855, #2533, #8631 ) ) ;
#3279 = STYLED_ITEM ( 'NONE', ( #6207 ), #7149 ) ;
#3280 = PLANE ( 'NONE',  #2771 ) ;
#3281 = EDGE_LOOP ( 'NONE', ( #8223, #3601, #7776, #7295 ) ) ;
#3282 = EDGE_CURVE ( 'NONE', #583, #8938, #5052, .T. ) ;
#3283 = VECTOR ( 'NONE', #9317, 1000.000000000000000 ) ;
#3284 = CARTESIAN_POINT ( 'NONE',  ( 0.3778643031095747500, 1.142954861543202100, 0.4600000000000000200 ) ) ;
#3285 = VECTOR ( 'NONE', #3004, 1000.000000000000000 ) ;
#3286 = VECTOR ( 'NONE', #9375, 1000.000000000000000 ) ;
#3287 = CARTESIAN_POINT ( 'NONE',  ( 0.4827897948855858200, 1.019932669780945400, 0.4600000000000000200 ) ) ;
#3288 = ORIENTED_EDGE ( 'NONE', *, *, #8966, .T. ) ;
#3289 = PLANE ( 'NONE',  #7619 ) ;
#3290 = CARTESIAN_POINT ( 'NONE',  ( 0.2606778549914503000, 1.254777141261381100, 0.4700000000000000300 ) ) ;
#3291 = CARTESIAN_POINT ( 'NONE',  ( -0.2708175023820599300, 1.114884151896459800, 0.4700000000000000300 ) ) ;
#3292 = CARTESIAN_POINT ( 'NONE',  ( 0.4481584879088261200, 1.079704831950077300, 0.4700000000000000300 ) ) ;
#3293 = B_SPLINE_CURVE_WITH_KNOTS ( 'NONE', 3,
 ( #8554, #4536, #6966, #2059 ),
 .UNSPECIFIED., .F., .F.,
 ( 4, 4 ),
 ( 10.00000000000000000, 11.00000000000000000 ),
 .UNSPECIFIED. ) ;
#3294 = EDGE_CURVE ( 'NONE', #7010, #7101, #10126, .T. ) ;
#3295 = CARTESIAN_POINT ( 'NONE',  ( 0.6489021745624993200, 1.058719733595270100, 0.4700000000000000300 ) ) ;
#3296 = EDGE_LOOP ( 'NONE', ( #752, #121, #4917, #10486 ) ) ;
#3297 = EDGE_CURVE ( 'NONE', #4722, #9118, #9140, .T. ) ;
#3298 = VECTOR ( 'NONE', #3615, 1000.000000000000000 ) ;
#3299 = CARTESIAN_POINT ( 'NONE',  ( 0.4866508171952374000, 1.141068560567251300, 0.4700000000000000300 ) ) ;
#3300 = ORIENTED_EDGE ( 'NONE', *, *, #6697, .F. ) ;
#3301 = FACE_OUTER_BOUND ( 'NONE', #3855, .T. ) ;
#3302 = CARTESIAN_POINT ( 'NONE',  ( 0.8026946509902985700, 1.151207428312109200, 0.4700000000000000300 ) ) ;
#3303 = CARTESIAN_POINT ( 'NONE',  ( 0.3113132468091264200, 1.297101019404332200, 0.4700000000000000300 ) ) ;
#3304 = ORIENTED_EDGE ( 'NONE', *, *, #866, .T. ) ;
#3305 = FACE_OUTER_BOUND ( 'NONE', #4400, .T. ) ;
#3306 = AXIS2_PLACEMENT_3D ( 'NONE', #5929, #2672, #1045 ) ;
#3307 = ORIENTED_EDGE ( 'NONE', *, *, #5751, .F. ) ;
#3308 = UNCERTAINTY_MEASURE_WITH_UNIT (LENGTH_MEASURE( 1.000000000000000100E-005 ), #5065, 'distance_accuracy_value', 'NONE');
#3309 = VECTOR ( 'NONE', #4430, 1000.000000000000000 ) ;
#3310 = VERTEX_POINT ( 'NONE', #2079 ) ;
#3311 = EDGE_CURVE ( 'NONE', #8781, #7982, #4800, .T. ) ;
#3312 = CARTESIAN_POINT ( 'NONE',  ( 0.6577442103856461200, 1.335711242501596500, 0.4600000000000000200 ) ) ;
#3313 = ORIENTED_EDGE ( 'NONE', *, *, #5721, .F. ) ;
#3314 = DIRECTION ( 'NONE',  ( 1.000000000000000000, -0.0000000000000000000, -0.0000000000000000000 ) ) ;
#3315 = CARTESIAN_POINT ( 'NONE',  ( 0.3733548648394733900, 1.092142629008860900, 0.4700000000000000300 ) ) ;
#3316 = CARTESIAN_POINT ( 'NONE',  ( 0.1407081442006228300, 1.116523671386993900, 0.4600000000000000200 ) ) ;
#3317 = EDGE_CURVE ( 'NONE', #5747, #2156, #8900, .T. ) ;
#3318 = FACE_OUTER_BOUND ( 'NONE', #9309, .T. ) ;
#3319 = MECHANICAL_DESIGN_GEOMETRIC_PRESENTATION_REPRESENTATION (  '', ( #6746 ), #9693 ) ;
#3320 = ORIENTED_EDGE ( 'NONE', *, *, #2393, .T. ) ;
#3321 = VECTOR ( 'NONE', #8463, 1000.000000000000000 ) ;
#3322 = VERTEX_POINT ( 'NONE', #7774 ) ;
#3323 = APPLICATION_PROTOCOL_DEFINITION ( 'draft international standard', 'automotive_design', 1998, #4886 ) ;
#3324 = DIRECTION ( 'NONE',  ( -0.0000000000000000000, 1.000000000000000000, 0.0000000000000000000 ) ) ;
#3325 = EDGE_CURVE ( 'NONE', #8336, #6818, #2109, .T. ) ;
#3326 = CARTESIAN_POINT ( 'NONE',  ( 0.5507850503705162800, 1.254777141261381100, 0.4600000000000000200 ) ) ;
#3327 =( NAMED_UNIT ( * ) SI_UNIT ( $, .STERADIAN. ) SOLID_ANGLE_UNIT ( ) );
#3328 = CARTESIAN_POINT ( 'NONE',  ( 0.4827897948855858200, 1.019932669780945400, 0.4700000000000000300 ) ) ;
#3329 = EDGE_CURVE ( 'NONE', #9497, #7795, #2606, .T. ) ;
#3330 = CARTESIAN_POINT ( 'NONE',  ( 0.3657212405783116800, 1.239686733455341900, 0.4700000000000000300 ) ) ;
#3331 = LINE ( 'NONE', #249, #386 ) ;
#3332 = MECHANICAL_DESIGN_GEOMETRIC_PRESENTATION_REPRESENTATION (  '', ( #22 ), #5911 ) ;
#3333 = STYLED_ITEM ( 'NONE', ( #4387 ), #4660 ) ;
#3334 = ORIENTED_EDGE ( 'NONE', *, *, #19, .T. ) ;
#3335 = FACE_OUTER_BOUND ( 'NONE', #6579, .T. ) ;
#3336 = ORIENTED_EDGE ( 'NONE', *, *, #7650, .F. ) ;
#3337 = B_SPLINE_SURFACE_WITH_KNOTS ( 'NONE', 3, 1, ( 
 ( #3059, #5509 ),
 ( #7110, #7935 ),
 ( #3134, #601 ),
 ( #643, #8801 ) ),
 .UNSPECIFIED., .F., .F., .F.,
 ( 4, 4 ),
 ( 2, 2 ),
 ( 15.00000000000000000, 16.00000000000000000 ),
 ( 0.0000000000000000000, 1.000000000000000000 ),
 .UNSPECIFIED. ) ;
#3338 = EDGE_CURVE ( 'NONE', #7808, #9409, #1095, .T. ) ;
#3339 = CARTESIAN_POINT ( 'NONE',  ( 0.4381080405224999600, 1.131224427350304900, 0.4600000000000000200 ) ) ;
#3340 = DIRECTION ( 'NONE',  ( 0.0000000000000000000, -1.000000000000000000, 0.0000000000000000000 ) ) ;
#3341 = CARTESIAN_POINT ( 'NONE',  ( 0.3749999999999998900, 1.500999999999999900, 0.1000000000000000100 ) ) ;
#3342 = PLANE ( 'NONE',  #782 ) ;
#3343 = LINE ( 'NONE', #9051, #5750 ) ;
#3344 = EDGE_CURVE ( 'NONE', #1368, #9293, #2369, .T. ) ;
#3345 = ORIENTED_EDGE ( 'NONE', *, *, #6353, .T. ) ;
#3346 = ORIENTED_EDGE ( 'NONE', *, *, #2450, .T. ) ;
#3347 = B_SPLINE_SURFACE_WITH_KNOTS ( 'NONE', 3, 1, ( 
 ( #8315, #9111 ),
 ( #9254, #7622 ),
 ( #1010, #1752 ),
 ( #2561, #3450 ) ),
 .UNSPECIFIED., .F., .F., .F.,
 ( 4, 4 ),
 ( 2, 2 ),
 ( 0.0000000000000000000, 1.000000000000000000 ),
 ( 0.0000000000000000000, 1.000000000000000000 ),
 .UNSPECIFIED. ) ;
#3348 = AXIS2_PLACEMENT_3D ( 'NONE', #1522, #1554, #763 ) ;
#3349 = CARTESIAN_POINT ( 'NONE',  ( 0.4481584879088261200, 1.079704831950077300, 0.4600000000000000200 ) ) ;
#3350 = ORIENTED_EDGE ( 'NONE', *, *, #5325, .F. ) ;
#3351 = COLOUR_RGB ( '',0.6666666666666666300, 0.6666666666666666300, 0.6666666666666666300 ) ;
#3352 = DIRECTION ( 'NONE',  ( -0.0000000000000000000, 1.000000000000000000, -0.0000000000000000000 ) ) ;
#3353 = CARTESIAN_POINT ( 'NONE',  ( 0.3065974943700323600, 1.241631981336715800, 0.4700000000000000300 ) ) ;
#3354 = ORIENTED_EDGE ( 'NONE', *, *, #9379, .T. ) ;
#3355 = VECTOR ( 'NONE', #6394, 1000.000000000000000 ) ;
#3356 = CARTESIAN_POINT ( 'NONE',  ( -0.1322759945521322100, 1.141116870284340200, 0.4600000000000000200 ) ) ;
#3357 = CARTESIAN_POINT ( 'NONE',  ( 0.6803208751892873000, 1.273168575775145000, 0.4700000000000000300 ) ) ;
#3358 = EDGE_CURVE ( 'NONE', #496, #5371, #10280, .T. ) ;
#3359 = VERTEX_POINT ( 'NONE', #5382 ) ;
#3360 = PRODUCT_CONTEXT ( 'NONE', #9793, 'mechanical' ) ;
#3361 = VERTEX_POINT ( 'NONE', #8714 ) ;
#3362 = VECTOR ( 'NONE', #1546, 1000.000000000000000 ) ;
#3363 = DIRECTION ( 'NONE',  ( -0.0000000000000000000, -0.0000000000000000000, -1.000000000000000000 ) ) ;
#3364 = CARTESIAN_POINT ( 'NONE',  ( 0.4305038897140512900, 1.142954861543203500, 0.4600000000000000200 ) ) ;
#3365 = ORIENTED_EDGE ( 'NONE', *, *, #4231, .T. ) ;
#3366 = CARTESIAN_POINT ( 'NONE',  ( 0.6370243731052528400, 1.286195841888956300, 0.4700000000000000300 ) ) ;
#3367 = B_SPLINE_CURVE_WITH_KNOTS ( 'NONE', 3,
 ( #76, #4134, #1664, #882 ),
 .UNSPECIFIED., .F., .F.,
 ( 4, 4 ),
 ( 5.000000000000000000, 6.000000000000000000 ),
 .UNSPECIFIED. ) ;
#3368 = ORIENTED_EDGE ( 'NONE', *, *, #4328, .T. ) ;
#3369 = CARTESIAN_POINT ( 'NONE',  ( -0.0002926897732482202800, 1.109145708590685100, 0.4700000000000000300 ) ) ;
#3370 = VERTEX_POINT ( 'NONE', #7849 ) ;
#3371 = ORIENTED_EDGE ( 'NONE', *, *, #9206, .T. ) ;
#3372 = LINE ( 'NONE', #6166, #5908 ) ;
#3373 = DIRECTION ( 'NONE',  ( -0.0000000000000000000, 1.000000000000000000, -0.0000000000000000000 ) ) ;
#3374 = ADVANCED_BREP_SHAPE_REPRESENTATION ( 'HWSON-8_L2.0-W3.0-P0.50-BL-EP1', ( #6445, #1888 ), #9209 ) ;
#3375 = DIRECTION ( 'NONE',  ( -0.0000000000000000000, -0.0000000000000000000, -1.000000000000000000 ) ) ;
#3376 = ORIENTED_EDGE ( 'NONE', *, *, #3904, .F. ) ;
#3377 = FACE_OUTER_BOUND ( 'NONE', #165, .T. ) ;
#3378 = DIRECTION ( 'NONE',  ( 0.8840949502478775400, 0.4673073067545626700, 0.0000000000000000000 ) ) ;
#3379 = CARTESIAN_POINT ( 'NONE',  ( 0.4581499883897264300, 1.094736292850697800, 0.4700000000000000300 ) ) ;
#3380 = ORIENTED_EDGE ( 'NONE', *, *, #3703, .T. ) ;
#3381 = EDGE_CURVE ( 'NONE', #2545, #7603, #10322, .T. ) ;
#3382 = VERTEX_POINT ( 'NONE', #9517 ) ;
#3383 = FACE_OUTER_BOUND ( 'NONE', #5332, .T. ) ;
#3384 = AXIS2_PLACEMENT_3D ( 'NONE', #5497, #10389, #9660 ) ;
#3385 = ADVANCED_FACE ( 'NONE', ( #5172 ), #3823, .F. ) ;
#3386 = ORIENTED_EDGE ( 'NONE', *, *, #478, .F. ) ;
#3387 = CARTESIAN_POINT ( 'NONE',  ( 0.6583042059879709000, 1.334119676053556500, 0.4600000000000000200 ) ) ;
#3388 = LINE ( 'NONE', #1325, #5402 ) ;
#3389 = CARTESIAN_POINT ( 'NONE',  ( 0.7144806069214740800, 1.149910596391190200, 0.4700000000000000300 ) ) ;
#3390 = SURFACE_SIDE_STYLE ('',( #1640 ) ) ;
#3391 = SURFACE_SIDE_STYLE ('',( #6714 ) ) ;
#3392 = ORIENTED_EDGE ( 'NONE', *, *, #5294, .F. ) ;
#3393 = LINE ( 'NONE', #9773, #7481 ) ;
#3394 = AXIS2_PLACEMENT_3D ( 'NONE', #7568, #2615, #1631 ) ;
#3395 = CARTESIAN_POINT ( 'NONE',  ( -0.3191840935237337300, 1.079633919948331600, 0.4700000000000000300 ) ) ;
#3396 = EDGE_CURVE ( 'NONE', #398, #6471, #8358, .T. ) ;
#3397 = SHAPE_DEFINITION_REPRESENTATION ( #5786, #3374 ) ;
#3398 = ORIENTED_EDGE ( 'NONE', *, *, #7406, .F. ) ;
#3399 = CARTESIAN_POINT ( 'NONE',  ( 0.3877968566850573700, 1.111713001631901500, 0.4700000000000000300 ) ) ;
#3400 = ADVANCED_FACE ( 'NONE', ( #6201 ), #2921, .F. ) ;
#3401 = CARTESIAN_POINT ( 'NONE',  ( 0.7148048149020959100, 1.083890062239958100, 0.4700000000000000300 ) ) ;
#3402 = CARTESIAN_POINT ( 'NONE',  ( 0.5809953394353111200, 1.257783433441191000, 0.4700000000000000300 ) ) ;
#3403 = DIRECTION ( 'NONE',  ( -0.0000000000000000000, -0.0000000000000000000, -1.000000000000000000 ) ) ;
#3404 = VERTEX_POINT ( 'NONE', #3152 ) ;
#3405 = PLANE ( 'NONE',  #6960 ) ;
#3406 = DIRECTION ( 'NONE',  ( -0.0000000000000000000, -0.0000000000000000000, -1.000000000000000000 ) ) ;
#3407 = LINE ( 'NONE', #5559, #4557 ) ;
#3408 = AXIS2_PLACEMENT_3D ( 'NONE', #8547, #6190, #3694 ) ;
#3409 = DIRECTION ( 'NONE',  ( -0.0000000000000000000, 1.000000000000000000, -0.0000000000000000000 ) ) ;
#3410 = SURFACE_STYLE_USAGE ( .BOTH. , #8345 ) ;
#3411 = EDGE_CURVE ( 'NONE', #2039, #7256, #8122, .T. ) ;
#3412 = ORIENTED_EDGE ( 'NONE', *, *, #5633, .T. ) ;
#3413 = CARTESIAN_POINT ( 'NONE',  ( 0.3733548648394733900, 1.058719733595268900, 0.4700000000000000300 ) ) ;
#3414 = CARTESIAN_POINT ( 'NONE',  ( -0.1216189615021395100, 1.387868275012901700, 0.4600000000000000200 ) ) ;
#3415 = B_SPLINE_CURVE_WITH_KNOTS ( 'NONE', 3,
 ( #7457, #1793, #8186, #153 ),
 .UNSPECIFIED., .F., .F.,
 ( 4, 4 ),
 ( 5.000000000000000000, 6.000000000000000000 ),
 .UNSPECIFIED. ) ;
#3416 = SURFACE_SIDE_STYLE ('',( #8816 ) ) ;
#3417 = ORIENTED_EDGE ( 'NONE', *, *, #5859, .F. ) ;
#3418 = CARTESIAN_POINT ( 'NONE',  ( 0.1249999999999998900, 1.500999999999999900, -0.04000000000000000100 ) ) ;
#3419 = FILL_AREA_STYLE_COLOUR ( '', #3546 ) ;
#3420 = AXIS2_PLACEMENT_3D ( 'NONE', #8764, #8696, #6373 ) ;
#3421 = VECTOR ( 'NONE', #3759, 1000.000000000000000 ) ;
#3422 = VERTEX_POINT ( 'NONE', #3046 ) ;
#3423 = B_SPLINE_SURFACE_WITH_KNOTS ( 'NONE', 3, 1, ( 
 ( #5472, #3024 ),
 ( #3090, #7175 ),
 ( #5546, #6270 ),
 ( #670, #8800 ) ),
 .UNSPECIFIED., .F., .F., .F.,
 ( 4, 4 ),
 ( 2, 2 ),
 ( 4.000000000000000000, 5.000000000000000000 ),
 ( 0.0000000000000000000, 1.000000000000000000 ),
 .UNSPECIFIED. ) ;
#3424 = ORIENTED_EDGE ( 'NONE', *, *, #256, .F. ) ;
#3425 = CARTESIAN_POINT ( 'NONE',  ( 0.4311228322217993100, 1.068563866812215300, 0.4600000000000000200 ) ) ;
#3426 = EDGE_CURVE ( 'NONE', #1942, #541, #8614, .T. ) ;
#3427 = CARTESIAN_POINT ( 'NONE',  ( 0.3976409899023887800, 1.260671831810934500, 0.4700000000000000300 ) ) ;
#3428 = CARTESIAN_POINT ( 'NONE',  ( 0.04151568268147027400, 1.108325948845417100, 0.4700000000000000300 ) ) ;
#3429 = CARTESIAN_POINT ( 'NONE',  ( 0.4223397433032848900, 1.116841382410142600, 0.4600000000000000200 ) ) ;
#3430 = PLANE ( 'NONE',  #1557 ) ;
#3431 = SURFACE_SIDE_STYLE ('',( #4203 ) ) ;
#3432 = LINE ( 'NONE', #10361, #8779 ) ;
#3433 = ORIENTED_EDGE ( 'NONE', *, *, #8492, .T. ) ;
#3434 = LINE ( 'NONE', #7096, #1262 ) ;
#3435 = ORIENTED_EDGE ( 'NONE', *, *, #8628, .F. ) ;
#3436 = CARTESIAN_POINT ( 'NONE',  ( 0.4356027970391914700, 1.306768311905006900, 0.4600000000000000200 ) ) ;
#3437 = CARTESIAN_POINT ( 'NONE',  ( 0.4142640172510503300, 1.102222549848287400, 0.4700000000000000300 ) ) ;
#3438 = FACE_OUTER_BOUND ( 'NONE', #3552, .T. ) ;
#3439 = CARTESIAN_POINT ( 'NONE',  ( -0.1470318888733100600, 1.158332090749458500, 0.4700000000000000300 ) ) ;
#3440 = B_SPLINE_CURVE_WITH_KNOTS ( 'NONE', 3,
 ( #9490, #3841, #4467, #1214 ),
 .UNSPECIFIED., .F., .F.,
 ( 4, 4 ),
 ( 2.000000000000000000, 3.000000000000000000 ),
 .UNSPECIFIED. ) ;
#3441 = ORIENTED_EDGE ( 'NONE', *, *, #9649, .F. ) ;
#3442 = EDGE_CURVE ( 'NONE', #7610, #9004, #3010, .T. ) ;
#3443 = LINE ( 'NONE', #10113, #6616 ) ;
#3444 = CARTESIAN_POINT ( 'NONE',  ( 0.3733548648394733900, 1.071452265181171800, 0.4700000000000000300 ) ) ;
#3445 = ORIENTED_EDGE ( 'NONE', *, *, #7650, .T. ) ;
#3446 = EDGE_LOOP ( 'NONE', ( #8957, #2237, #3857, #1062 ) ) ;
#3447 = AXIS2_PLACEMENT_3D ( 'NONE', #8955, #5730, #3275 ) ;
#3448 =( NAMED_UNIT ( * ) PLANE_ANGLE_UNIT ( ) SI_UNIT ( $, .RADIAN. ) );
#3449 =( LENGTH_UNIT ( ) NAMED_UNIT ( * ) SI_UNIT ( .MILLI., .METRE. ) );
#3450 = CARTESIAN_POINT ( 'NONE',  ( 0.3976409899023887800, 1.246406680681625600, 0.4600000000000000200 ) ) ;
#3451 = VECTOR ( 'NONE', #7422, 1000.000000000000000 ) ;
#3452 = VERTEX_POINT ( 'NONE', #8896 ) ;
#3453 = UNCERTAINTY_MEASURE_WITH_UNIT (LENGTH_MEASURE( 1.000000000000000100E-005 ), #4489, 'distance_accuracy_value', 'NONE');
#3454 = FACE_OUTER_BOUND ( 'NONE', #8097, .T. ) ;
#3455 = CARTESIAN_POINT ( 'NONE',  ( 0.6249999999999998900, 1.500000000000000000, 0.4600000000000000200 ) ) ;
#3456 = CARTESIAN_POINT ( 'NONE',  ( 0.5544692319634968400, 1.241631981336718300, 0.4700000000000000300 ) ) ;
#3457 = EDGE_LOOP ( 'NONE', ( #274, #8399, #333, #8589 ) ) ;
#3458 = ORIENTED_EDGE ( 'NONE', *, *, #2422, .F. ) ;
#3459 = ADVANCED_FACE ( 'NONE', ( #9010 ), #6395, .F. ) ;
#3460 = EDGE_CURVE ( 'NONE', #6238, #3926, #1525, .T. ) ;
#3461 = DIRECTION ( 'NONE',  ( -0.2524218971878337500, 0.9676172723861923300, -0.0000000000000000000 ) ) ;
#3462 = CARTESIAN_POINT ( 'NONE',  ( -0.1117817038333259600, 1.094389845541732000, 0.4700000000000000300 ) ) ;
#3463 = VERTEX_POINT ( 'NONE', #4797 ) ;
#3464 = VECTOR ( 'NONE', #2042, 1000.000000000000000 ) ;
#3465 = ORIENTED_EDGE ( 'NONE', *, *, #629, .F. ) ;
#3466 = CARTESIAN_POINT ( 'NONE',  ( 0.7930863053950505400, 1.174019880737444500, 0.4600000000000000200 ) ) ;
#3467 = CARTESIAN_POINT ( 'NONE',  ( 0.6212266024333380500, 1.123856064163558400, 0.4600000000000000200 ) ) ;
#3468 = CARTESIAN_POINT ( 'NONE',  ( -0.8000000000000002700, -1.200000000000000200, 0.4400000000000000000 ) ) ;
#3469 = EDGE_CURVE ( 'NONE', #5036, #2637, #3935, .T. ) ;
#3470 = COLOUR_RGB ( '',0.6666666666666666300, 0.6666666666666666300, 0.6666666666666666300 ) ;
#3471 = COLOUR_RGB ( '',0.2980392156862745100, 0.2980392156862745100, 0.2980392156862745100 ) ;
#3472 = EDGE_CURVE ( 'NONE', #10072, #6655, #4184, .T. ) ;
#3473 = ORIENTED_EDGE ( 'NONE', *, *, #2800, .F. ) ;
#3474 =( GEOMETRIC_REPRESENTATION_CONTEXT ( 3 ) GLOBAL_UNCERTAINTY_ASSIGNED_CONTEXT ( ( #637 ) ) GLOBAL_UNIT_ASSIGNED_CONTEXT ( ( #4337, #1107, #246 ) ) REPRESENTATION_CONTEXT ( 'NONE', 'WORKASPACE' ) );
#3475 = CARTESIAN_POINT ( 'NONE',  ( 0.03659706166501861000, 1.236210407989039900, 0.4700000000000000300 ) ) ;
#3476 = CARTESIAN_POINT ( 'NONE',  ( -0.02242651561890166700, 1.198500928076939600, 0.4700000000000000300 ) ) ;
#3477 = CARTESIAN_POINT ( 'NONE',  ( 0.6047804158017304800, 1.241631981336718300, 0.4700000000000000300 ) ) ;
#3478 = DIRECTION ( 'NONE',  ( -0.0000000000000000000, -0.0000000000000000000, -1.000000000000000000 ) ) ;
#3479 = CARTESIAN_POINT ( 'NONE',  ( 0.5700901619191470800, 1.332822844132638900, 0.4600000000000000200 ) ) ;
#3480 = EDGE_CURVE ( 'NONE', #9167, #7010, #331, .T. ) ;
#3481 = LINE ( 'NONE', #6698, #5119 ) ;
#3482 = FACE_OUTER_BOUND ( 'NONE', #3808, .T. ) ;
#3483 = ORIENTED_EDGE ( 'NONE', *, *, #6474, .F. ) ;
#3484 = ADVANCED_FACE ( 'NONE', ( #2356 ), #4696, .F. ) ;
#3485 = LINE ( 'NONE', #8019, #7314 ) ;
#3486 = ORIENTED_EDGE ( 'NONE', *, *, #2284, .T. ) ;
#3487 = DIRECTION ( 'NONE',  ( -0.9910683662997703500, -0.1333547648938887300, 0.0000000000000000000 ) ) ;
#3488 = CARTESIAN_POINT ( 'NONE',  ( 0.4590341919722750700, 1.139300153402147900, 0.4700000000000000300 ) ) ;
#3489 = B_SPLINE_CURVE_WITH_KNOTS ( 'NONE', 3,
 ( #6131, #6940, #2071, #9433 ),
 .UNSPECIFIED., .F., .F.,
 ( 4, 4 ),
 ( 5.000000000000000000, 6.000000000000000000 ),
 .UNSPECIFIED. ) ;
#3490 =( NAMED_UNIT ( * ) PLANE_ANGLE_UNIT ( ) SI_UNIT ( $, .RADIAN. ) );
#3491 = CARTESIAN_POINT ( 'NONE',  ( -0.1945787046334087300, 1.117343431132259900, 0.4600000000000000200 ) ) ;
#3492 = DIRECTION ( 'NONE',  ( -1.000000000000000000, 0.0000000000000000000, 0.0000000000000000000 ) ) ;
#3493 = CARTESIAN_POINT ( 'NONE',  ( 0.5809953394353111200, 1.257783433441191000, 0.4600000000000000200 ) ) ;
#3494 = ORIENTED_EDGE ( 'NONE', *, *, #8231, .F. ) ;
#3495 = SURFACE_STYLE_FILL_AREA ( #6713 ) ;
#3496 = ORIENTED_EDGE ( 'NONE', *, *, #2765, .T. ) ;
#3497 = LINE ( 'NONE', #9325, #10009 ) ;
#3498 =( GEOMETRIC_REPRESENTATION_CONTEXT ( 3 ) GLOBAL_UNCERTAINTY_ASSIGNED_CONTEXT ( ( #2634 ) ) GLOBAL_UNIT_ASSIGNED_CONTEXT ( ( #5883, #10013, #5847 ) ) REPRESENTATION_CONTEXT ( 'NONE', 'WORKASPACE' ) );
#3499 = CARTESIAN_POINT ( 'NONE',  ( 0.3514855629021116400, 1.068622813717637500, 0.4700000000000000300 ) ) ;
#3500 = PLANE ( 'NONE',  #1278 ) ;
#3501 = ORIENTED_EDGE ( 'NONE', *, *, #2288, .T. ) ;
#3502 = CARTESIAN_POINT ( 'NONE',  ( -0.1117817038333259600, 1.086192122999369800, 0.4600000000000000200 ) ) ;
#3503 = DIRECTION ( 'NONE',  ( 0.0000000000000000000, 1.000000000000000000, -0.0000000000000000000 ) ) ;
#3504 = FILL_AREA_STYLE_COLOUR ( '', #9534 ) ;
#3505 = DIRECTION ( 'NONE',  ( -1.000000000000000000, 0.0000000000000000000, 0.0000000000000000000 ) ) ;
#3506 = VECTOR ( 'NONE', #105, 1000.000000000000000 ) ;
#3507 = VERTEX_POINT ( 'NONE', #2213 ) ;
#3508 = EDGE_CURVE ( 'NONE', #8183, #4713, #47, .T. ) ;
#3509 = ORIENTED_EDGE ( 'NONE', *, *, #3325, .F. ) ;
#3510 = FILL_AREA_STYLE ('',( #6748 ) ) ;
#3511 = VERTEX_POINT ( 'NONE', #626 ) ;
#3512 = ADVANCED_FACE ( 'NONE', ( #1982 ), #2280, .F. ) ;
#3513 = CARTESIAN_POINT ( 'NONE',  ( 0.002986380480439324900, 1.108325948845417100, 0.4700000000000000300 ) ) ;
#3514 = DIRECTION ( 'NONE',  ( 1.000000000000000000, 2.109575325578791100E-013, -0.0000000000000000000 ) ) ;
#3515 = CARTESIAN_POINT ( 'NONE',  ( 0.3877968566850573700, 1.058719733595268900, 0.4700000000000000300 ) ) ;
#3516 = CARTESIAN_POINT ( 'NONE',  ( 0.2606778549914503000, 1.356932128478890400, 0.4700000000000000300 ) ) ;
#3517 = EDGE_CURVE ( 'NONE', #10588, #917, #6978, .T. ) ;
#3518 = DIRECTION ( 'NONE',  ( -0.0000000000000000000, -0.0000000000000000000, 1.000000000000000000 ) ) ;
#3519 = B_SPLINE_CURVE_WITH_KNOTS ( 'NONE', 3,
 ( #2748, #9439, #4555, #10282 ),
 .UNSPECIFIED., .F., .F.,
 ( 4, 4 ),
 ( 3.000000000000000000, 4.000000000000000000 ),
 .UNSPECIFIED. ) ;
#3520 = SURFACE_SIDE_STYLE ('',( #8382 ) ) ;
#3521 =( NAMED_UNIT ( * ) PLANE_ANGLE_UNIT ( ) SI_UNIT ( $, .RADIAN. ) );
#3522 = VERTEX_POINT ( 'NONE', #4346 ) ;
#3523 = SURFACE_STYLE_FILL_AREA ( #4599 ) ;
#3524 = ORIENTED_EDGE ( 'NONE', *, *, #1021, .T. ) ;
#3525 = VECTOR ( 'NONE', #1199, 1000.000000000000000 ) ;
#3526 = DIRECTION ( 'NONE',  ( -1.000000000000000000, 0.0000000000000000000, 0.0000000000000000000 ) ) ;
#3527 = VECTOR ( 'NONE', #8419, 1000.000000000000000 ) ;
#3528 = PRESENTATION_LAYER_ASSIGNMENT (  '', '', ( #9741 ) ) ;
#3529 = CARTESIAN_POINT ( 'NONE',  ( -0.2740965960896243300, 1.321466719296756000, 0.4600000000000000200 ) ) ;
#3530 = SURFACE_SIDE_STYLE ('',( #7239 ) ) ;
#3531 = CARTESIAN_POINT ( 'NONE',  ( 0.4395227662542640600, 1.105405682744374300, 0.4700000000000000300 ) ) ;
#3532 = EDGE_CURVE ( 'NONE', #9125, #9078, #3138, .T. ) ;
#3533 = EDGE_LOOP ( 'NONE', ( #5024, #8155, #1504, #3627 ) ) ;
#3534 = MECHANICAL_DESIGN_GEOMETRIC_PRESENTATION_REPRESENTATION (  '', ( #4423 ), #4944 ) ;
#3535 = ORIENTED_EDGE ( 'NONE', *, *, #1976, .T. ) ;
#3536 = VECTOR ( 'NONE', #9965, 1000.000000000000000 ) ;
#3537 = FACE_OUTER_BOUND ( 'NONE', #4648, .T. ) ;
#3538 = STYLED_ITEM ( 'NONE', ( #3802 ), #7667 ) ;
#3539 = CARTESIAN_POINT ( 'NONE',  ( 0.3467992839153355400, 1.131224427350304900, 0.4600000000000000200 ) ) ;
#3540 =( NAMED_UNIT ( * ) PLANE_ANGLE_UNIT ( ) SI_UNIT ( $, .RADIAN. ) );
#3541 = CARTESIAN_POINT ( 'NONE',  ( 0.5193958231964401800, 1.343669074743377000, 0.4700000000000000300 ) ) ;
#3542 = CARTESIAN_POINT ( 'NONE',  ( 0.6271212929828849900, 1.058719733595268900, 0.4700000000000000300 ) ) ;
#3543 = VECTOR ( 'NONE', #7228, 1000.000000000000000 ) ;
#3544 = ORIENTED_EDGE ( 'NONE', *, *, #5386, .T. ) ;
#3545 = ADVANCED_FACE ( 'NONE', ( #10177, #9659 ), #5035, .T. ) ;
#3546 = COLOUR_RGB ( '',0.6666666666666666300, 0.6666666666666666300, 0.6666666666666666300 ) ;
#3547 = DIRECTION ( 'NONE',  ( -0.0000000000000000000, -0.0000000000000000000, -1.000000000000000000 ) ) ;
#3548 = ORIENTED_EDGE ( 'NONE', *, *, #2991, .T. ) ;
#3549 = AXIS2_PLACEMENT_3D ( 'NONE', #7625, #401, #10204 ) ;
#3550 = LINE ( 'NONE', #9980, #2892 ) ;
#3551 = CARTESIAN_POINT ( 'NONE',  ( 0.7066111950386162500, 1.075873283092750200, 0.4600000000000000200 ) ) ;
#3552 = EDGE_LOOP ( 'NONE', ( #3906, #2480, #744, #1715 ) ) ;
#3553 = CARTESIAN_POINT ( 'NONE',  ( 0.6486958603927232000, 1.356932128478893600, 0.4700000000000000300 ) ) ;
#3554 = FACE_OUTER_BOUND ( 'NONE', #5885, .T. ) ;
#3555 = CARTESIAN_POINT ( 'NONE',  ( 0.4238134159408699600, 1.126154993477481900, 0.4600000000000000200 ) ) ;
#3556 = CARTESIAN_POINT ( 'NONE',  ( -0.1945787046334087300, 1.117343431132259900, 0.4700000000000000300 ) ) ;
#3557 = PRESENTATION_LAYER_ASSIGNMENT (  '', '', ( #2988 ) ) ;
#3558 = CARTESIAN_POINT ( 'NONE',  ( 0.8749999999999998900, 1.500999999999999900, 0.1000000000000000100 ) ) ;
#3559 = ORIENTED_EDGE ( 'NONE', *, *, #384, .T. ) ;
#3560 = CARTESIAN_POINT ( 'NONE',  ( 0.03003888988581057300, 1.236210407989039900, 0.4700000000000000300 ) ) ;
#3561 = EDGE_CURVE ( 'NONE', #7010, #7281, #184, .T. ) ;
#3562 = VECTOR ( 'NONE', #21, 1000.000000000000000 ) ;
#3563 = CARTESIAN_POINT ( 'NONE',  ( 0.4311228322217993100, 1.068563866812215300, 0.4600000000000000200 ) ) ;
#3564 = CARTESIAN_POINT ( 'NONE',  ( 0.5694122725059784800, 1.351862694606856200, 0.4700000000000000300 ) ) ;
#3565 = ORIENTED_EDGE ( 'NONE', *, *, #5325, .T. ) ;
#3566 = FACE_OUTER_BOUND ( 'NONE', #5995, .T. ) ;
#3567 = B_SPLINE_CURVE_WITH_KNOTS ( 'NONE', 3,
 ( #9427, #6933, #6130, #3668 ),
 .UNSPECIFIED., .F., .F.,
 ( 4, 4 ),
 ( 3.000000000000000000, 4.000000000000000000 ),
 .UNSPECIFIED. ) ;
#3568 = CARTESIAN_POINT ( 'NONE',  ( 0.7427751215583920900, 1.099982567439006500, 0.4700000000000000300 ) ) ;
#3570 = CARTESIAN_POINT ( 'NONE',  ( 0.4481584879088261200, 1.079704831950077300, 0.4700000000000000300 ) ) ;
#3569 = MECHANICAL_DESIGN_GEOMETRIC_PRESENTATION_REPRESENTATION (  '', ( #5586 ), #4128 ) ;
#3571 = CARTESIAN_POINT ( 'NONE',  ( -0.3077072538203315400, 1.307530592539983600, 0.4600000000000000200 ) ) ;
#3572 = CARTESIAN_POINT ( 'NONE',  ( 0.6212266024333250600, 1.241631981336718300, 0.4700000000000000300 ) ) ;
#3573 = EDGE_LOOP ( 'NONE', ( #6551, #6864, #4236, #4089 ) ) ;
#3574 = CARTESIAN_POINT ( 'NONE',  ( 0.5694122725059784800, 1.246996149736662400, 0.4700000000000000300 ) ) ;
#3575 = CARTESIAN_POINT ( 'NONE',  ( 0.3362772612852169600, 1.086424779176362800, 0.4600000000000000200 ) ) ;
#3576 = AXIS2_PLACEMENT_3D ( 'NONE', #5457, #6288, #2146 ) ;
#3577 = ADVANCED_FACE ( 'NONE', ( #4300 ), #5959, .F. ) ;
#3578 = VECTOR ( 'NONE', #9696, 1000.000000000000000 ) ;
#3579 = ORIENTED_EDGE ( 'NONE', *, *, #10635, .T. ) ;
#3580 = CARTESIAN_POINT ( 'NONE',  ( 0.5045117295593821700, 1.356932128478890400, 0.4700000000000000300 ) ) ;
#3581 = CARTESIAN_POINT ( 'NONE',  ( 0.4827308479797703900, 1.254777141261381100, 0.4700000000000000300 ) ) ;
#3582 = EDGE_CURVE ( 'NONE', #3669, #7610, #716, .T. ) ;
#3583 = ORIENTED_EDGE ( 'NONE', *, *, #1440, .F. ) ;
#3584 = CARTESIAN_POINT ( 'NONE',  ( -0.1486714552719857500, 1.004214897581257300, 0.4700000000000000300 ) ) ;
#3585 = DIRECTION ( 'NONE',  ( 0.0000000000000000000, 0.0000000000000000000, -1.000000000000000000 ) ) ;
#3586 = CARTESIAN_POINT ( 'NONE',  ( 0.4267312877625429300, 1.128159188264286700, 0.4700000000000000300 ) ) ;
#3587 = SURFACE_STYLE_FILL_AREA ( #8099 ) ;
#3588 = ORIENTED_EDGE ( 'NONE', *, *, #1782, .T. ) ;
#3589 = MECHANICAL_DESIGN_GEOMETRIC_PRESENTATION_REPRESENTATION (  '', ( #7463 ), #8545 ) ;
#3590 = COLOUR_RGB ( '',0.2980392156862745100, 0.2980392156862745100, 0.2980392156862745100 ) ;
#3591 = VERTEX_POINT ( 'NONE', #6795 ) ;
#3592 = DIRECTION ( 'NONE',  ( 0.0000000000000000000, 0.0000000000000000000, -1.000000000000000000 ) ) ;
#3593 = ORIENTED_EDGE ( 'NONE', *, *, #4036, .T. ) ;
#3594 = CARTESIAN_POINT ( 'NONE',  ( 0.4827308479797703900, 1.241631981336718300, 0.4600000000000000200 ) ) ;
#3595 = CARTESIAN_POINT ( 'NONE',  ( 0.5651091484052523900, 1.058719733595268900, 0.4700000000000000300 ) ) ;
#3596 = CARTESIAN_POINT ( 'NONE',  ( 0.8008967703732692300, 1.159283154363951900, 0.4700000000000000300 ) ) ;
#3597 = CARTESIAN_POINT ( 'NONE',  ( 0.3051827686378725300, 1.160756827001924200, 0.4700000000000000300 ) ) ;
#3598 = B_SPLINE_CURVE_WITH_KNOTS ( 'NONE', 3,
 ( #597, #1467, #707, #5777 ),
 .UNSPECIFIED., .F., .F.,
 ( 4, 4 ),
 ( 3.000000000000000000, 4.000000000000000000 ),
 .UNSPECIFIED. ) ;
#3599 = SURFACE_STYLE_USAGE ( .BOTH. , #3520 ) ;
#3600 = VECTOR ( 'NONE', #10194, 1000.000000000000000 ) ;
#3601 = ORIENTED_EDGE ( 'NONE', *, *, #10390, .F. ) ;
#3602 = FACE_OUTER_BOUND ( 'NONE', #1498, .T. ) ;
#3603 = ORIENTED_EDGE ( 'NONE', *, *, #6065, .T. ) ;
#3604 = CARTESIAN_POINT ( 'NONE',  ( 0.0000000000000000000, 0.0000000000000000000, 0.1000000000000000100 ) ) ;
#3605 = DIRECTION ( 'NONE',  ( -0.0000000000000000000, -0.0000000000000000000, -1.000000000000000000 ) ) ;
#3606 = CARTESIAN_POINT ( 'NONE',  ( 0.5121748272732571400, 1.046281936536485900, 0.4700000000000000300 ) ) ;
#3607 = PLANE ( 'NONE',  #3795 ) ;
#3608 = VECTOR ( 'NONE', #6790, 1000.000000000000000 ) ;
#3609 = CARTESIAN_POINT ( 'NONE',  ( 0.0000000000000000000, 0.0000000000000000000, 0.0000000000000000000 ) ) ;
#3610 = AXIS2_PLACEMENT_3D ( 'NONE', #529, #7072, #2158 ) ;
#3611 = CARTESIAN_POINT ( 'NONE',  ( 0.3704664664705092900, 1.345437481907692400, 0.4700000000000000300 ) ) ;
#3612 = ORIENTED_EDGE ( 'NONE', *, *, #4969, .T. ) ;
#3613 = ADVANCED_FACE ( 'NONE', ( #446 ), #2590, .F. ) ;
#3614 = EDGE_CURVE ( 'NONE', #9277, #3507, #1485, .T. ) ;
#3615 = DIRECTION ( 'NONE',  ( 1.504528414727667400E-014, -1.000000000000000000, -0.0000000000000000000 ) ) ;
#3616 = DIRECTION ( 'NONE',  ( -2.709813608826153600E-014, 1.000000000000000000, 0.0000000000000000000 ) ) ;
#3617 = VERTEX_POINT ( 'NONE', #6639 ) ;
#3618 = MECHANICAL_DESIGN_GEOMETRIC_PRESENTATION_REPRESENTATION (  '', ( #5423 ), #6735 ) ;
#3619 = CARTESIAN_POINT ( 'NONE',  ( 0.5704143698997727900, 1.266802309981406100, 0.4700000000000000300 ) ) ;
#3620 = CARTESIAN_POINT ( 'NONE',  ( 0.4074556496666271700, 1.118845577196947200, 0.4700000000000000300 ) ) ;
#3621 = ORIENTED_EDGE ( 'NONE', *, *, #3770, .F. ) ;
#3622 = LINE ( 'NONE', #649, #1446 ) ;
#3623 = SURFACE_SIDE_STYLE ('',( #9138 ) ) ;
#3624 = CARTESIAN_POINT ( 'NONE',  ( 0.4276154913450954700, 1.110593010428044400, 0.4600000000000000200 ) ) ;
#3625 = ORIENTED_EDGE ( 'NONE', *, *, #6980, .T. ) ;
#3626 = CARTESIAN_POINT ( 'NONE',  ( 0.7230279082182877700, 1.091847894481734200, 0.4600000000000000200 ) ) ;
#3627 = ORIENTED_EDGE ( 'NONE', *, *, #7754, .T. ) ;
#3628 = FACE_OUTER_BOUND ( 'NONE', #3094, .T. ) ;
#3629 = EDGE_CURVE ( 'NONE', #3981, #4139, #1218, .T. ) ;
#3630 = ADVANCED_FACE ( 'NONE', ( #7877 ), #9320, .F. ) ;
#3631 = CARTESIAN_POINT ( 'NONE',  ( 0.4238134159408699600, 1.126154993477481900, 0.4700000000000000300 ) ) ;
#3632 = DIRECTION ( 'NONE',  ( -0.0000000000000000000, -0.0000000000000000000, -1.000000000000000000 ) ) ;
#3633 = ORIENTED_EDGE ( 'NONE', *, *, #256, .T. ) ;
#3634 = SURFACE_STYLE_FILL_AREA ( #7485 ) ;
#3635 = DIRECTION ( 'NONE',  ( -1.000000000000000000, -0.0000000000000000000, -0.0000000000000000000 ) ) ;
#3636 = CARTESIAN_POINT ( 'NONE',  ( 0.2457937613547873900, 1.356932128478890400, 0.4700000000000000300 ) ) ;
#3637 = EDGE_LOOP ( 'NONE', ( #4302, #8394, #5607, #4896, #6525, #544 ) ) ;
#3638 = VERTEX_POINT ( 'NONE', #7513 ) ;
#3639 = VECTOR ( 'NONE', #6555, 1000.000000000000000 ) ;
#3640 = DIRECTION ( 'NONE',  ( 0.0000000000000000000, -0.0000000000000000000, 1.000000000000000000 ) ) ;
#3641 = CARTESIAN_POINT ( 'NONE',  ( -0.6250000000000001100, -1.101000000000000000, 0.1000000000000000100 ) ) ;
#3642 = ORIENTED_EDGE ( 'NONE', *, *, #5642, .F. ) ;
#3643 = B_SPLINE_CURVE_WITH_KNOTS ( 'NONE', 3,
 ( #10192, #7757, #2066, #1296 ),
 .UNSPECIFIED., .F., .F.,
 ( 4, 4 ),
 ( 28.00000000000000000, 29.00000000000000000 ),
 .UNSPECIFIED. ) ;
#3644 = PLANE ( 'NONE',  #3549 ) ;
#3645 = ORIENTED_EDGE ( 'NONE', *, *, #163, .T. ) ;
#3646 = CARTESIAN_POINT ( 'NONE',  ( 0.3051827686378725300, 1.160756827001924200, 0.4600000000000000200 ) ) ;
#3647 = CARTESIAN_POINT ( 'NONE',  ( 0.7138027175090877500, 1.064083901994432400, 0.4600000000000000200 ) ) ;
#3648 = EDGE_LOOP ( 'NONE', ( #3017, #2852, #1418, #560 ) ) ;
#3649 = EDGE_CURVE ( 'NONE', #6230, #3747, #4415, .T. ) ;
#3650 = ORIENTED_EDGE ( 'NONE', *, *, #3089, .F. ) ;
#3651 = COLOUR_RGB ( '',0.6666666666666666300, 0.6666666666666666300, 0.6666666666666666300 ) ;
#3652 = FACE_OUTER_BOUND ( 'NONE', #2922, .T. ) ;
#3653 = CARTESIAN_POINT ( 'NONE',  ( 1.000000000000000000, -1.500000000000000000, 0.0000000000000000000 ) ) ;
#3654 = ORIENTED_EDGE ( 'NONE', *, *, #10446, .T. ) ;
#3655 = CARTESIAN_POINT ( 'NONE',  ( 0.07512636386565972600, 1.110785259353840100, 0.4600000000000000200 ) ) ;
#3656 = B_SPLINE_SURFACE_WITH_KNOTS ( 'NONE', 3, 1, ( 
 ( #108, #9812 ),
 ( #8319, #10254 ),
 ( #414, #5360 ),
 ( #2870, #10142 ) ),
 .UNSPECIFIED., .F., .F., .F.,
 ( 4, 4 ),
 ( 2, 2 ),
 ( 7.000000000000000000, 8.000000000000000000 ),
 ( 0.0000000000000000000, 1.000000000000000000 ),
 .UNSPECIFIED. ) ;
#3657 = VECTOR ( 'NONE', #8146, 1000.000000000000000 ) ;
#3658 = DIRECTION ( 'NONE',  ( -0.0000000000000000000, -0.0000000000000000000, -1.000000000000000000 ) ) ;
#3659 = DIRECTION ( 'NONE',  ( 0.0000000000000000000, -0.0000000000000000000, -1.000000000000000000 ) ) ;
#3660 = CARTESIAN_POINT ( 'NONE',  ( -0.1773634841682873200, 1.117343431132259900, 0.4700000000000000300 ) ) ;
#3661 = ORIENTED_EDGE ( 'NONE', *, *, #2483, .F. ) ;
#3662 = PLANE ( 'NONE',  #10525 ) ;
#3663 = LINE ( 'NONE', #1342, #2717 ) ;
#3664 = UNCERTAINTY_MEASURE_WITH_UNIT (LENGTH_MEASURE( 1.000000000000000100E-005 ), #1324, 'distance_accuracy_value', 'NONE');
#3665 = EDGE_CURVE ( 'NONE', #5010, #7436, #36, .T. ) ;
#3666 = ORIENTED_EDGE ( 'NONE', *, *, #4523, .T. ) ;
#3667 = SURFACE_STYLE_FILL_AREA ( #10362 ) ;
#3668 = CARTESIAN_POINT ( 'NONE',  ( 0.5827342731476982100, 1.300343099206631400, 0.4600000000000000200 ) ) ;
#3669 = VERTEX_POINT ( 'NONE', #5173 ) ;
#3670 = FACE_OUTER_BOUND ( 'NONE', #4386, .T. ) ;
#3671 = B_SPLINE_CURVE_WITH_KNOTS ( 'NONE', 3,
 ( #6180, #516, #6950, #6140 ),
 .UNSPECIFIED., .F., .F.,
 ( 4, 4 ),
 ( 4.000000000000000000, 5.000000000000000000 ),
 .UNSPECIFIED. ) ;
#3672 =( NAMED_UNIT ( * ) SI_UNIT ( $, .STERADIAN. ) SOLID_ANGLE_UNIT ( ) );
#3673 = ADVANCED_FACE ( 'NONE', ( #7996 ), #2935, .F. ) ;
#3674 = SURFACE_STYLE_USAGE ( .BOTH. , #9283 ) ;
#3675 = ORIENTED_EDGE ( 'NONE', *, *, #2022, .F. ) ;
#3676 = FACE_OUTER_BOUND ( 'NONE', #9178, .T. ) ;
#3677 = CARTESIAN_POINT ( 'NONE',  ( 0.3976409899023887800, 1.338599640871340500, 0.4700000000000000300 ) ) ;
#3678 = CARTESIAN_POINT ( 'NONE',  ( 0.5704143698997727900, 1.266802309981406100, 0.4600000000000000200 ) ) ;
#3679 = EDGE_LOOP ( 'NONE', ( #4335, #2941, #144, #10080 ) ) ;
#3680 = FACE_OUTER_BOUND ( 'NONE', #6516, .T. ) ;
#3681 = SURFACE_SIDE_STYLE ('',( #6716 ) ) ;
#3682 = CARTESIAN_POINT ( 'NONE',  ( -0.2290091299273436800, 1.168989123799456100, 0.4600000000000000200 ) ) ;
#3683 = DIRECTION ( 'NONE',  ( -0.0000000000000000000, -0.0000000000000000000, -1.000000000000000000 ) ) ;
#3684 = CARTESIAN_POINT ( 'NONE',  ( 0.8008967703732692300, 1.159283154363951900, 0.4700000000000000300 ) ) ;
#3685 = EDGE_CURVE ( 'NONE', #8077, #2938, #10436, .T. ) ;
#3686 =( NAMED_UNIT ( * ) SI_UNIT ( $, .STERADIAN. ) SOLID_ANGLE_UNIT ( ) );
#3687 = PRESENTATION_LAYER_ASSIGNMENT (  '', '', ( #4423 ) ) ;
#3688 = LINE ( 'NONE', #3111, #461 ) ;
#3689 = ADVANCED_FACE ( 'NONE', ( #3383 ), #1264, .F. ) ;
#3690 = ORIENTED_EDGE ( 'NONE', *, *, #1323, .T. ) ;
#3691 = VERTEX_POINT ( 'NONE', #3560 ) ;
#3692 = EDGE_CURVE ( 'NONE', #10088, #8311, #2997, .T. ) ;
#3693 =( GEOMETRIC_REPRESENTATION_CONTEXT ( 3 ) GLOBAL_UNCERTAINTY_ASSIGNED_CONTEXT ( ( #6703 ) ) GLOBAL_UNIT_ASSIGNED_CONTEXT ( ( #821, #2445, #3019 ) ) REPRESENTATION_CONTEXT ( 'NONE', 'WORKASPACE' ) );
#3694 = DIRECTION ( 'NONE',  ( 0.0000000000000000000, 0.0000000000000000000, 1.000000000000000000 ) ) ;
#3695 =( NAMED_UNIT ( * ) PLANE_ANGLE_UNIT ( ) SI_UNIT ( $, .RADIAN. ) );
#3696 = CARTESIAN_POINT ( 'NONE',  ( -0.1250000000000001100, 1.500999999999999900, 0.1000000000000000100 ) ) ;
#3697 = DIRECTION ( 'NONE',  ( 0.0000000000000000000, 0.0000000000000000000, -1.000000000000000000 ) ) ;
#3698 = CARTESIAN_POINT ( 'NONE',  ( 0.5345746513606174400, 1.141068560567252600, 0.4700000000000000300 ) ) ;
#3699 = CARTESIAN_POINT ( 'NONE',  ( 0.7148048149020959100, 1.083890062239958100, 0.4600000000000000200 ) ) ;
#3700 = EDGE_CURVE ( 'NONE', #8754, #7908, #9723, .T. ) ;
#3701 = ORIENTED_EDGE ( 'NONE', *, *, #5174, .T. ) ;
#3702 = PRESENTATION_STYLE_ASSIGNMENT (( #4368 ) ) ;
#3703 = EDGE_CURVE ( 'NONE', #5165, #1729, #7474, .T. ) ;
#3704 = EDGE_LOOP ( 'NONE', ( #4311, #3650, #9749, #6115, #7573, #4007, #7863, #7510 ) ) ;
#3705 = CARTESIAN_POINT ( 'NONE',  ( -0.1937589292518336100, 1.004214897581257300, 0.4700000000000000300 ) ) ;
#3706 = CARTESIAN_POINT ( 'NONE',  ( -0.1945787046334087300, 1.117343431132259900, 0.4600000000000000200 ) ) ;
#3707 = CARTESIAN_POINT ( 'NONE',  ( 0.3904494674323110100, 1.357285809912224300, 0.4600000000000000200 ) ) ;
#3708 = AXIS2_PLACEMENT_3D ( 'NONE', #2108, #620, #1385 ) ;
#3709 = VECTOR ( 'NONE', #152, 1000.000000000000000 ) ;
#3710 = ORIENTED_EDGE ( 'NONE', *, *, #10487, .F. ) ;
#3711 = LINE ( 'NONE', #4629, #5707 ) ;
#3712 = CARTESIAN_POINT ( 'NONE',  ( 0.4073672293084886200, 1.061608131964231400, 0.4600000000000000200 ) ) ;
#3713 = ORIENTED_EDGE ( 'NONE', *, *, #1893, .T. ) ;
#3714 = EDGE_CURVE ( 'NONE', #2257, #7357, #6135, .T. ) ;
#3715 = PLANE ( 'NONE',  #457 ) ;
#3716 = B_SPLINE_CURVE_WITH_KNOTS ( 'NONE', 3,
 ( #1042, #295, #3568, #5998 ),
 .UNSPECIFIED., .F., .F.,
 ( 4, 4 ),
 ( 4.000000000000000000, 5.000000000000000000 ),
 .UNSPECIFIED. ) ;
#3717 = FACE_OUTER_BOUND ( 'NONE', #2539, .T. ) ;
#3719 = MECHANICAL_DESIGN_GEOMETRIC_PRESENTATION_REPRESENTATION (  '', ( #5116 ), #3498 ) ;
#3718 = DIRECTION ( 'NONE',  ( -0.0000000000000000000, -1.000000000000000000, -0.0000000000000000000 ) ) ;
#3720 = ORIENTED_EDGE ( 'NONE', *, *, #4953, .T. ) ;
#3721 = SURFACE_STYLE_FILL_AREA ( #8793 ) ;
#3722 = CARTESIAN_POINT ( 'NONE',  ( -0.08472922569978477700, 1.338681939761879200, 0.4700000000000000300 ) ) ;
#3723 = DIRECTION ( 'NONE',  ( 0.0000000000000000000, 1.000000000000000000, -0.0000000000000000000 ) ) ;
#3724 = ORIENTED_EDGE ( 'NONE', *, *, #8720, .T. ) ;
#3725 = CARTESIAN_POINT ( 'NONE',  ( 0.3749999999999998900, -1.500000000000000000, 0.1000000000000000100 ) ) ;
#3726 = DIRECTION ( 'NONE',  ( -0.0000000000000000000, -0.0000000000000000000, -1.000000000000000000 ) ) ;
#3727 = ORIENTED_EDGE ( 'NONE', *, *, #478, .T. ) ;
#3728 = LINE ( 'NONE', #4943, #6495 ) ;
#3729 = CARTESIAN_POINT ( 'NONE',  ( 0.4536994970250442000, 1.063317592223118800, 0.4700000000000000300 ) ) ;
#3730 = CARTESIAN_POINT ( 'NONE',  ( 0.3672833335740321400, 1.061667078869653600, 0.4600000000000000200 ) ) ;
#3731 = ORIENTED_EDGE ( 'NONE', *, *, #3381, .F. ) ;
#3732 = EDGE_CURVE ( 'NONE', #6414, #9096, #1967, .T. ) ;
#3733 = VERTEX_POINT ( 'NONE', #10197 ) ;
#3734 =( LENGTH_UNIT ( ) NAMED_UNIT ( * ) SI_UNIT ( .MILLI., .METRE. ) );
#3735 = CARTESIAN_POINT ( 'NONE',  ( 0.5120864069151174200, 1.079056415989621200, 0.4600000000000000200 ) ) ;
#3736 = SURFACE_STYLE_USAGE ( .BOTH. , #6926 ) ;
#3737 = ORIENTED_EDGE ( 'NONE', *, *, #6679, .F. ) ;
#3738 = FACE_OUTER_BOUND ( 'NONE', #7046, .T. ) ;
#3739 = ORIENTED_EDGE ( 'NONE', *, *, #9852, .T. ) ;
#3740 = CARTESIAN_POINT ( 'NONE',  ( 0.4202176547056354900, 1.098567841707237300, 0.4700000000000000300 ) ) ;
#3741 = ORIENTED_EDGE ( 'NONE', *, *, #9101, .F. ) ;
#3742 = ADVANCED_FACE ( 'NONE', ( #7731 ), #6906, .F. ) ;
#3743 = CARTESIAN_POINT ( 'NONE',  ( 0.6249999999999998900, 1.500999999999999900, 0.1000000000000000100 ) ) ;
#3744 = DIRECTION ( 'NONE',  ( 0.0000000000000000000, 0.0000000000000000000, -1.000000000000000000 ) ) ;
#3745 = B_SPLINE_CURVE_WITH_KNOTS ( 'NONE', 3,
 ( #3531, #227, #5184, #4350 ),
 .UNSPECIFIED., .F., .F.,
 ( 4, 4 ),
 ( 14.00000000000000000, 15.00000000000000000 ),
 .UNSPECIFIED. ) ;
#3746 = VECTOR ( 'NONE', #7504, 1000.000000000000000 ) ;
#3747 = VERTEX_POINT ( 'NONE', #7088 ) ;
#3748 = CARTESIAN_POINT ( 'NONE',  ( -0.08472922569978477700, 1.338681939761879200, 0.4700000000000000300 ) ) ;
#3749 = CARTESIAN_POINT ( 'NONE',  ( -0.2265498194193134900, 1.067337304864135500, 0.4600000000000000200 ) ) ;
#3750 = CARTESIAN_POINT ( 'NONE',  ( 0.4964654769594696300, 1.043924060316350700, 0.4700000000000000300 ) ) ;
#3751 = CARTESIAN_POINT ( 'NONE',  ( 0.3877968566850573700, 1.058719733595268900, 0.4700000000000000300 ) ) ;
#3752 = CARTESIAN_POINT ( 'NONE',  ( -0.2298289209448359800, 1.004214897581257300, 0.4700000000000000300 ) ) ;
#3753 =( GEOMETRIC_REPRESENTATION_CONTEXT ( 3 ) GLOBAL_UNCERTAINTY_ASSIGNED_CONTEXT ( ( #1291 ) ) GLOBAL_UNIT_ASSIGNED_CONTEXT ( ( #6995, #7888, #5385 ) ) REPRESENTATION_CONTEXT ( 'NONE', 'WORKASPACE' ) );
#3754 = CARTESIAN_POINT ( 'NONE',  ( 0.07512636386565972600, 1.060779164356763700, 0.4600000000000000200 ) ) ;
#3755 = ORIENTED_EDGE ( 'NONE', *, *, #9840, .F. ) ;
#3756 = ORIENTED_EDGE ( 'NONE', *, *, #4464, .T. ) ;
#3757 = ORIENTED_EDGE ( 'NONE', *, *, #2738, .F. ) ;
#3758 = EDGE_CURVE ( 'NONE', #6294, #1942, #3127, .T. ) ;
#3759 = DIRECTION ( 'NONE',  ( -0.0000000000000000000, -0.0000000000000000000, -1.000000000000000000 ) ) ;
#3760 = CARTESIAN_POINT ( 'NONE',  ( 0.07512636386565972600, 1.060779164356763700, 0.4700000000000000300 ) ) ;
#3761 = CARTESIAN_POINT ( 'NONE',  ( 0.3279657476104935200, 1.341900667578275400, 0.4700000000000000300 ) ) ;
#3763 = PRESENTATION_LAYER_ASSIGNMENT (  '', '', ( #6055 ) ) ;
#3762 = CARTESIAN_POINT ( 'NONE',  ( 0.1005392912368313900, 1.138657512868168400, 0.4700000000000000300 ) ) ;
#3764 = DIRECTION ( 'NONE',  ( -1.000000000000000000, 0.0000000000000000000, -0.0000000000000000000 ) ) ;
#3765 = CARTESIAN_POINT ( 'NONE',  ( 0.3729717099538177900, 1.071452265181171800, 0.4600000000000000200 ) ) ;
#3766 = ORIENTED_EDGE ( 'NONE', *, *, #6939, .T. ) ;
#3767 = ORIENTED_EDGE ( 'NONE', *, *, #10331, .T. ) ;
#3768 = FACE_BOUND ( 'NONE', #3704, .T. ) ;
#3769 = EDGE_LOOP ( 'NONE', ( #7661, #685, #10433, #5150, #10279, #5190 ) ) ;
#3770 = EDGE_CURVE ( 'NONE', #5322, #9238, #2321, .T. ) ;
#3771 = DIRECTION ( 'NONE',  ( -1.000000000000000000, 0.0000000000000000000, -0.0000000000000000000 ) ) ;
#3772 = VECTOR ( 'NONE', #2562, 1000.000000000000000 ) ;
#3773 = CARTESIAN_POINT ( 'NONE',  ( 0.3457971865219357000, 1.257017123669881700, 0.4700000000000000300 ) ) ;
#3774 = VECTOR ( 'NONE', #7014, 1000.000000000000100 ) ;
#3775 = CARTESIAN_POINT ( 'NONE',  ( 0.7491708608032712200, 1.058719733595270100, 0.4700000000000000300 ) ) ;
#3776 = CARTESIAN_POINT ( 'NONE',  ( 0.4356027970391868100, 1.293564205074917700, 0.4700000000000000300 ) ) ;
#3777 = CARTESIAN_POINT ( 'NONE',  ( -0.08472922569978477700, 1.338681939761879200, 0.4700000000000000300 ) ) ;
#3778 = VERTEX_POINT ( 'NONE', #7841 ) ;
#3779 = ORIENTED_EDGE ( 'NONE', *, *, #4484, .T. ) ;
#3780 = ORIENTED_EDGE ( 'NONE', *, *, #5859, .T. ) ;
#3781 = B_SPLINE_CURVE_WITH_KNOTS ( 'NONE', 3,
 ( #10119, #7279, #7692, #6916 ),
 .UNSPECIFIED., .F., .F.,
 ( 4, 4 ),
 ( 21.00000000000000000, 22.00000000000000000 ),
 .UNSPECIFIED. ) ;
#3782 = CARTESIAN_POINT ( 'NONE',  ( 0.6370243731052528400, 1.286195841888956300, 0.4700000000000000300 ) ) ;
#3783 = LINE ( 'NONE', #5561, #1071 ) ;
#3784 = CARTESIAN_POINT ( 'NONE',  ( -0.2265498194193134900, 1.085372300710434800, 0.4700000000000000300 ) ) ;
#3785 = CARTESIAN_POINT ( 'NONE',  ( 0.1513651772506174900, 1.173087969434327500, 0.4600000000000000200 ) ) ;
#3786 = CARTESIAN_POINT ( 'NONE',  ( 0.5193958231964401800, 1.343669074743377000, 0.4700000000000000300 ) ) ;
#3787 = CARTESIAN_POINT ( 'NONE',  ( -0.6250000000000001100, 1.500999999999999900, 0.1000000000000000100 ) ) ;
#3788 = CARTESIAN_POINT ( 'NONE',  ( 0.6817945478264781900, 1.174019880737444500, 0.4700000000000000300 ) ) ;
#3789 = ORIENTED_EDGE ( 'NONE', *, *, #10303, .F. ) ;
#3790 = COLOUR_RGB ( '',0.2980392156862745100, 0.2980392156862745100, 0.2980392156862745100 ) ;
#3791 = EDGE_CURVE ( 'NONE', #3452, #4840, #1709, .T. ) ;
#3792 = CARTESIAN_POINT ( 'NONE',  ( 0.4581499883897264300, 1.094736292850697800, 0.4600000000000000200 ) ) ;
#3793 = ADVANCED_FACE ( 'NONE', ( #9905 ), #9909, .F. ) ;
#3794 = ORIENTED_EDGE ( 'NONE', *, *, #2114, .F. ) ;
#3795 = AXIS2_PLACEMENT_3D ( 'NONE', #1200, #9404, #6917 ) ;
#3796 = DIRECTION ( 'NONE',  ( -0.0000000000000000000, -0.0000000000000000000, -1.000000000000000000 ) ) ;
#3797 = FILL_AREA_STYLE ('',( #7001 ) ) ;
#3798 = UNCERTAINTY_MEASURE_WITH_UNIT (LENGTH_MEASURE( 1.000000000000000100E-005 ), #5359, 'distance_accuracy_value', 'NONE');
#3799 = CARTESIAN_POINT ( 'NONE',  ( 0.3733548648394733900, 1.100041514345212200, 0.4700000000000000300 ) ) ;
#3800 = CARTESIAN_POINT ( 'NONE',  ( 0.4801077106856158600, 1.356932128478890400, 0.4600000000000000200 ) ) ;
#3801 = ORIENTED_EDGE ( 'NONE', *, *, #4242, .T. ) ;
#3802 = PRESENTATION_STYLE_ASSIGNMENT (( #10217 ) ) ;
#3803 = CARTESIAN_POINT ( 'NONE',  ( -0.1552296270508055900, 1.376391463649890800, 0.4700000000000000300 ) ) ;
#3804 = CARTESIAN_POINT ( 'NONE',  ( 0.5099348448647560400, 1.072395415668760100, 0.4700000000000000300 ) ) ;
#3805 = ORIENTED_EDGE ( 'NONE', *, *, #2754, .T. ) ;
#3806 = VECTOR ( 'NONE', #9616, 1000.000000000000000 ) ;
#3807 = SURFACE_SIDE_STYLE ('',( #1002 ) ) ;
#3808 = EDGE_LOOP ( 'NONE', ( #9933, #4736, #6029, #1013 ) ) ;
#3809 =( LENGTH_UNIT ( ) NAMED_UNIT ( * ) SI_UNIT ( .MILLI., .METRE. ) );
#3810 = VECTOR ( 'NONE', #8697, 1000.000000000000000 ) ;
#3811 = DIRECTION ( 'NONE',  ( 0.9409537876827125400, -0.3385350342956495700, 0.0000000000000000000 ) ) ;
#3812 = CARTESIAN_POINT ( 'NONE',  ( 0.3749999999999998900, 1.500999999999999900, -0.04000000000000000100 ) ) ;
#3813 = B_SPLINE_CURVE_WITH_KNOTS ( 'NONE', 3,
 ( #6481, #1574, #9820, #1634 ),
 .UNSPECIFIED., .F., .F.,
 ( 4, 4 ),
 ( 11.00000000000000000, 12.00000000000000000 ),
 .UNSPECIFIED. ) ;
#3814 = DIRECTION ( 'NONE',  ( -1.000000000000000000, 0.0000000000000000000, 0.0000000000000000000 ) ) ;
#3815 = ORIENTED_EDGE ( 'NONE', *, *, #1374, .T. ) ;
#3816 = FACE_OUTER_BOUND ( 'NONE', #10468, .T. ) ;
#3817 = DIRECTION ( 'NONE',  ( 1.000000000000000000, 0.0000000000000000000, 0.0000000000000000000 ) ) ;
#3818 = ADVANCED_FACE ( 'NONE', ( #942 ), #9434, .F. ) ;
#3819 = PRESENTATION_STYLE_ASSIGNMENT (( #5002 ) ) ;
#3820 = VERTEX_POINT ( 'NONE', #7052 ) ;
#3821 = CARTESIAN_POINT ( 'NONE',  ( 0.5045117295593821700, 1.356932128478890400, 0.4700000000000000300 ) ) ;
#3822 = CARTESIAN_POINT ( 'NONE',  ( 0.8749999999999998900, -1.500999999999999900, 0.1000000000000000100 ) ) ;
#3823 = PLANE ( 'NONE',  #110 ) ;
#3824 =( NAMED_UNIT ( * ) SI_UNIT ( $, .STERADIAN. ) SOLID_ANGLE_UNIT ( ) );
#3825 = ORIENTED_EDGE ( 'NONE', *, *, #6994, .F. ) ;
#3826 =( NAMED_UNIT ( * ) SI_UNIT ( $, .STERADIAN. ) SOLID_ANGLE_UNIT ( ) );
#3827 = EDGE_CURVE ( 'NONE', #9765, #3669, #2474, .T. ) ;
#3828 = CARTESIAN_POINT ( 'NONE',  ( 0.04643433496975097500, 1.058319853848341400, 0.4600000000000000200 ) ) ;
#3829 = FACE_OUTER_BOUND ( 'NONE', #5316, .T. ) ;
#3830 = LINE ( 'NONE', #9451, #8246 ) ;
#3831 = ORIENTED_EDGE ( 'NONE', *, *, #8791, .F. ) ;
#3832 = VECTOR ( 'NONE', #3189, 1000.000000000000000 ) ;
#3833 = EDGE_CURVE ( 'NONE', #9193, #6670, #9255, .T. ) ;
#3834 = CARTESIAN_POINT ( 'NONE',  ( 0.6323086206657669800, 1.273168575775143600, 0.4700000000000000300 ) ) ;
#3835 = PRESENTATION_LAYER_ASSIGNMENT (  '', '', ( #1744 ) ) ;
#3836 = PLANE ( 'NONE',  #9834 ) ;
#3837 = DIRECTION ( 'NONE',  ( 0.0000000000000000000, 1.000000000000000000, 0.0000000000000000000 ) ) ;
#3838 = B_SPLINE_SURFACE_WITH_KNOTS ( 'NONE', 3, 1, ( 
 ( #2739, #288 ),
 ( #4480, #5988 ),
 ( #5245, #8486 ),
 ( #394, #10118 ) ),
 .UNSPECIFIED., .F., .F., .F.,
 ( 4, 4 ),
 ( 2, 2 ),
 ( 10.00000000000000000, 11.00000000000000000 ),
 ( 0.0000000000000000000, 1.000000000000000000 ),
 .UNSPECIFIED. ) ;
#3839 = ORIENTED_EDGE ( 'NONE', *, *, #7988, .T. ) ;
#3840 = CARTESIAN_POINT ( 'NONE',  ( -0.001932209264175819900, 1.058319853848341400, 0.4700000000000000300 ) ) ;
#3841 = CARTESIAN_POINT ( 'NONE',  ( 0.7138027175090877500, 1.168950446864623700, 0.4700000000000000300 ) ) ;
#3842 = CARTESIAN_POINT ( 'NONE',  ( 0.7491708608032712200, 1.058719733595270100, 0.4700000000000000300 ) ) ;
#3843 = EDGE_CURVE ( 'NONE', #6945, #8375, #6431, .T. ) ;
#3844 = LINE ( 'NONE', #5544, #3972 ) ;
#3845 = EDGE_CURVE ( 'NONE', #1515, #423, #7353, .T. ) ;
#3846 = VERTEX_POINT ( 'NONE', #8608 ) ;
#3847 = VERTEX_POINT ( 'NONE', #2998 ) ;
#3848 = ADVANCED_FACE ( 'NONE', ( #7223 ), #7878, .F. ) ;
#3849 = CARTESIAN_POINT ( 'NONE',  ( -0.0002926897732482202800, 1.109145708590685100, 0.4700000000000000300 ) ) ;
#3850 = CARTESIAN_POINT ( 'NONE',  ( 0.3813421705335660100, 1.358877376360267700, 0.4600000000000000200 ) ) ;
#3851 = CARTESIAN_POINT ( 'NONE',  ( 0.3216289552702570300, 1.073397513062549000, 0.4600000000000000200 ) ) ;
#3852 = VECTOR ( 'NONE', #2679, 1000.000000000000000 ) ;
#3853 = VECTOR ( 'NONE', #7870, 1000.000000000000000 ) ;
#3854 = EDGE_CURVE ( 'NONE', #4058, #10296, #9779, .T. ) ;
#3855 = EDGE_LOOP ( 'NONE', ( #1566, #8158, #2208, #4894 ) ) ;
#3856 = EDGE_CURVE ( 'NONE', #10347, #1579, #3663, .T. ) ;
#3857 = ORIENTED_EDGE ( 'NONE', *, *, #396, .T. ) ;
#3858 = DIRECTION ( 'NONE',  ( -0.0000000000000000000, -0.0000000000000000000, -1.000000000000000000 ) ) ;
#3859 = AXIS2_PLACEMENT_3D ( 'NONE', #8630, #4534, #2838 ) ;
#3860 = CARTESIAN_POINT ( 'NONE',  ( -0.8750000000000001100, 1.500000000000000000, 0.0000000000000000000 ) ) ;
#3861 = CARTESIAN_POINT ( 'NONE',  ( 0.3432329961332066800, 1.069860698733130100, 0.4600000000000000200 ) ) ;
#3862 = LINE ( 'NONE', #8843, #10097 ) ;
#3863 = PLANE ( 'NONE',  #8722 ) ;
#3864 = CARTESIAN_POINT ( 'NONE',  ( 0.3540792267435543500, 1.097447850503374500, 0.4600000000000000200 ) ) ;
#3865 = VECTOR ( 'NONE', #7058, 1000.000000000000000 ) ;
#3866 = CARTESIAN_POINT ( 'NONE',  ( -0.3331201968270273200, 1.282117649532498000, 0.4600000000000000200 ) ) ;
#3867 = ORIENTED_EDGE ( 'NONE', *, *, #3833, .T. ) ;
#3868 = SURFACE_SIDE_STYLE ('',( #3721 ) ) ;
#3869 = EDGE_CURVE ( 'NONE', #8468, #2183, #8471, .T. ) ;
#3870 = LINE ( 'NONE', #9864, #7544 ) ;
#3871 = CARTESIAN_POINT ( 'NONE',  ( 0.3477424344033106000, 1.056774485713890800, 0.4700000000000000300 ) ) ;
#3872 = CARTESIAN_POINT ( 'NONE',  ( -1.000000000000000000, 1.500000000000000000, 0.0000000000000000000 ) ) ;
#3873 = ORIENTED_EDGE ( 'NONE', *, *, #8114, .F. ) ;
#3874 = LINE ( 'NONE', #5555, #2294 ) ;
#3875 = CARTESIAN_POINT ( 'NONE',  ( -0.01504858409442596600, 1.059139613593608600, 0.4600000000000000200 ) ) ;
#3876 = ORIENTED_EDGE ( 'NONE', *, *, #69, .T. ) ;
#3877 = VECTOR ( 'NONE', #7460, 1000.000000000000000 ) ;
#3878 = DIRECTION ( 'NONE',  ( -1.000000000000000000, -6.463944363198580000E-014, 0.0000000000000000000 ) ) ;
#3879 = CARTESIAN_POINT ( 'NONE',  ( 0.6212266024333250600, 1.241631981336718300, 0.4700000000000000300 ) ) ;
#3880 = ORIENTED_EDGE ( 'NONE', *, *, #7321, .T. ) ;
#3881 = LINE ( 'NONE', #3436, #664 ) ;
#3882 = CARTESIAN_POINT ( 'NONE',  ( -0.1117817038333259600, 1.041104649019135600, 0.4600000000000000200 ) ) ;
#3883 = EDGE_LOOP ( 'NONE', ( #10371, #1273, #4471, #8058 ) ) ;
#3884 = PLANE ( 'NONE',  #6330 ) ;
#3885 = CARTESIAN_POINT ( 'NONE',  ( -0.1790030349310510500, 1.305891049594787100, 0.4600000000000000200 ) ) ;
#3886 = EDGE_CURVE ( 'NONE', #4374, #7249, #27, .T. ) ;
#3887 = ORIENTED_EDGE ( 'NONE', *, *, #6953, .F. ) ;
#3888 = LINE ( 'NONE', #7083, #9225 ) ;
#3889 = CARTESIAN_POINT ( 'NONE',  ( 0.4704993650903677700, 1.141068560567251300, 0.4700000000000000300 ) ) ;
#3890 = VECTOR ( 'NONE', #4519, 1000.000000000000000 ) ;
#3891 = CARTESIAN_POINT ( 'NONE',  ( 0.7271247181492411800, 1.117430851465182700, 0.4600000000000000200 ) ) ;
#3892 = CARTESIAN_POINT ( 'NONE',  ( 0.1249999999999998900, -1.500999999999999900, 0.1000000000000000100 ) ) ;
#3893 = EDGE_CURVE ( 'NONE', #7191, #8091, #4899, .T. ) ;
#3894 = CARTESIAN_POINT ( 'NONE',  ( 0.3733548648394733900, 1.092142629008860900, 0.4600000000000000200 ) ) ;
#3895 = CARTESIAN_POINT ( 'NONE',  ( 0.8529174144696074500, 1.058719733595270100, 0.4700000000000000300 ) ) ;
#3896 = MECHANICAL_DESIGN_GEOMETRIC_PRESENTATION_REPRESENTATION (  '', ( #164 ), #8586 ) ;
#3897 = ORIENTED_EDGE ( 'NONE', *, *, #1843, .T. ) ;
#3898 = PLANE ( 'NONE',  #9561 ) ;
#3899 = ADVANCED_FACE ( 'NONE', ( #8340 ), #2272, .F. ) ;
#3900 = ORIENTED_EDGE ( 'NONE', *, *, #8282, .F. ) ;
#3901 = LINE ( 'NONE', #6586, #10412 ) ;
#3902 = EDGE_CURVE ( 'NONE', #6830, #5073, #6175, .T. ) ;
#3903 = EDGE_LOOP ( 'NONE', ( #5971, #6109, #1088, #1284 ) ) ;
#3904 = EDGE_CURVE ( 'NONE', #5762, #4399, #10155, .T. ) ;
#3905 = CARTESIAN_POINT ( 'NONE',  ( 0.3382519826189163700, 1.265092849722512700, 0.4700000000000000300 ) ) ;
#3906 = ORIENTED_EDGE ( 'NONE', *, *, #5539, .F. ) ;
#3907 = CARTESIAN_POINT ( 'NONE',  ( 0.5103179997500182400, 1.072395415668760100, 0.4600000000000000200 ) ) ;
#3908 = MECHANICAL_DESIGN_GEOMETRIC_PRESENTATION_REPRESENTATION (  '', ( #7431 ), #450 ) ;
#3909 = EDGE_LOOP ( 'NONE', ( #8409, #6070, #6332, #8185 ) ) ;
#3910 = DIRECTION ( 'NONE',  ( -1.000000000000000000, -0.0000000000000000000, -0.0000000000000000000 ) ) ;
#3911 = ORIENTED_EDGE ( 'NONE', *, *, #1993, .F. ) ;
#3912 = CARTESIAN_POINT ( 'NONE',  ( -0.02570561714402799100, 1.070616437661491300, 0.4700000000000000300 ) ) ;
#3913 = LINE ( 'NONE', #6560, #2094 ) ;
#3914 = VECTOR ( 'NONE', #2104, 1000.000000000000000 ) ;
#3915 = VERTEX_POINT ( 'NONE', #1451 ) ;
#3916 = LINE ( 'NONE', #4994, #9897 ) ;
#3917 = EDGE_CURVE ( 'NONE', #2030, #1988, #10025, .T. ) ;
#3918 = ORIENTED_EDGE ( 'NONE', *, *, #7868, .T. ) ;
#3919 = CARTESIAN_POINT ( 'NONE',  ( 0.6565063253701535200, 1.342195402106187500, 0.4700000000000000300 ) ) ;
#3920 = DIRECTION ( 'NONE',  ( -0.0000000000000000000, -1.000000000000000000, -0.0000000000000000000 ) ) ;
#3921 = ORIENTED_EDGE ( 'NONE', *, *, #10162, .T. ) ;
#3922 = DIRECTION ( 'NONE',  ( 0.0000000000000000000, 1.000000000000000000, 0.0000000000000000000 ) ) ;
#3923 =( NAMED_UNIT ( * ) SI_UNIT ( $, .STERADIAN. ) SOLID_ANGLE_UNIT ( ) );
#3924 = CARTESIAN_POINT ( 'NONE',  ( 0.7253857844376375700, 1.158752632215126500, 0.4700000000000000300 ) ) ;
#3925 = PRESENTATION_LAYER_ASSIGNMENT (  '', '', ( #8618 ) ) ;
#3926 = VERTEX_POINT ( 'NONE', #3147 ) ;
#3927 = ADVANCED_FACE ( 'NONE', ( #572 ), #2752, .T. ) ;
#3928 = LINE ( 'NONE', #7897, #1489 ) ;
#3929 = MECHANICAL_DESIGN_GEOMETRIC_PRESENTATION_REPRESENTATION (  '', ( #6282 ), #6855 ) ;
#3930 = CARTESIAN_POINT ( 'NONE',  ( 0.3307362521690002700, 1.105110948217251200, 0.4700000000000000300 ) ) ;
#3931 = PLANE ( 'NONE',  #10503 ) ;
#3932 = ORIENTED_EDGE ( 'NONE', *, *, #10543, .F. ) ;
#3933 = CARTESIAN_POINT ( 'NONE',  ( -1.000000000000000000, -1.500000000000000000, 0.0000000000000000000 ) ) ;
#3934 =( LENGTH_UNIT ( ) NAMED_UNIT ( * ) SI_UNIT ( .MILLI., .METRE. ) );
#3935 = LINE ( 'NONE', #8052, #8006 ) ;
#3936 = EDGE_CURVE ( 'NONE', #8311, #3733, #823, .T. ) ;
#3937 = CARTESIAN_POINT ( 'NONE',  ( 0.6561526439376044200, 1.342195402106187500, 0.4600000000000000200 ) ) ;
#3938 = EDGE_LOOP ( 'NONE', ( #2985, #5528, #4967, #1805 ) ) ;
#3939 = LINE ( 'NONE', #9774, #1496 ) ;
#3940 = ORIENTED_EDGE ( 'NONE', *, *, #8430, .T. ) ;
#3941 = LINE ( 'NONE', #2414, #5934 ) ;
#3942 = CARTESIAN_POINT ( 'NONE',  ( 0.6244981556883441000, 1.160756827001928200, 0.4700000000000000300 ) ) ;
#3943 = FILL_AREA_STYLE ('',( #1499 ) ) ;
#3944 = FACE_OUTER_BOUND ( 'NONE', #3533, .T. ) ;
#3945 = ORIENTED_EDGE ( 'NONE', *, *, #7125, .T. ) ;
#3946 = ORIENTED_EDGE ( 'NONE', *, *, #2800, .T. ) ;
#3947 = VECTOR ( 'NONE', #8148, 1000.000000000000000 ) ;
#3948 = PRODUCT_DEFINITION_CONTEXT ( 'detailed design', #4886, 'design' ) ;
#3949 = ADVANCED_FACE ( 'NONE', ( #8989 ), #6371, .F. ) ;
#3950 = EDGE_CURVE ( 'NONE', #1738, #2375, #6835, .T. ) ;
#3951 = PLANE ( 'NONE',  #4996 ) ;
#3952 = DIRECTION ( 'NONE',  ( -0.0000000000000000000, 1.000000000000000000, -0.0000000000000000000 ) ) ;
#3953 = CARTESIAN_POINT ( 'NONE',  ( 0.3678728026286729500, 1.252949787190854400, 0.4700000000000000300 ) ) ;
#3954 = VECTOR ( 'NONE', #10438, 1000.000000000000000 ) ;
#3955 = VERTEX_POINT ( 'NONE', #6349 ) ;
#3956 = LINE ( 'NONE', #817, #4575 ) ;
#3957 = ORIENTED_EDGE ( 'NONE', *, *, #9775, .T. ) ;
#3958 = STYLED_ITEM ( 'NONE', ( #10305 ), #7740 ) ;
#3959 = DIRECTION ( 'NONE',  ( -1.000000000000000000, -0.0000000000000000000, -0.0000000000000000000 ) ) ;
#3960 = FILL_AREA_STYLE_COLOUR ( '', #2155 ) ;
#3961 = FACE_OUTER_BOUND ( 'NONE', #2698, .T. ) ;
#3962 = VECTOR ( 'NONE', #1206, 1000.000000000000000 ) ;
#3963 = CARTESIAN_POINT ( 'NONE',  ( 0.6212266024333380500, 1.123856064163558400, 0.4700000000000000300 ) ) ;
#3964 = ORIENTED_EDGE ( 'NONE', *, *, #6080, .T. ) ;
#3965 = PRESENTATION_STYLE_ASSIGNMENT (( #6012 ) ) ;
#3966 = DIRECTION ( 'NONE',  ( 0.0000000000000000000, 1.000000000000000000, 0.0000000000000000000 ) ) ;
#3967 = CARTESIAN_POINT ( 'NONE',  ( -0.2609802603495567400, 1.027168514443614700, 0.4700000000000000300 ) ) ;
#3968 = CARTESIAN_POINT ( 'NONE',  ( 0.5704143698997727900, 1.266802309981406100, 0.4600000000000000200 ) ) ;
#3969 = EDGE_CURVE ( 'NONE', #4226, #875, #4664, .T. ) ;
#3970 = CARTESIAN_POINT ( 'NONE',  ( 0.5045117295593821700, 1.356932128478890400, 0.4700000000000000300 ) ) ;
#3971 = ORIENTED_EDGE ( 'NONE', *, *, #4077, .F. ) ;
#3972 = VECTOR ( 'NONE', #2154, 999.9999999999998900 ) ;
#3973 = DIRECTION ( 'NONE',  ( 0.0000000000000000000, 0.0000000000000000000, 1.000000000000000000 ) ) ;
#3974 = FACE_OUTER_BOUND ( 'NONE', #6388, .T. ) ;
#3975 = CARTESIAN_POINT ( 'NONE',  ( 0.3296752078697817200, 1.121262400321720600, 0.4700000000000000300 ) ) ;
#3976 = DIRECTION ( 'NONE',  ( -0.0000000000000000000, -0.0000000000000000000, -1.000000000000000000 ) ) ;
#3977 = EDGE_LOOP ( 'NONE', ( #2558, #469, #1303, #2656 ) ) ;
#3978 = LINE ( 'NONE', #3620, #3309 ) ;
#3979 = EDGE_LOOP ( 'NONE', ( #9611, #3713, #4040, #5551, #7658, #6006 ) ) ;
#3980 = CARTESIAN_POINT ( 'NONE',  ( 0.3113132468091264200, 1.297101019404332200, 0.4700000000000000300 ) ) ;
#3981 = VERTEX_POINT ( 'NONE', #3217 ) ;
#3982 = FACE_OUTER_BOUND ( 'NONE', #9471, .T. ) ;
#3983 = ORIENTED_EDGE ( 'NONE', *, *, #3614, .T. ) ;
#3984 = FACE_OUTER_BOUND ( 'NONE', #5876, .T. ) ;
#3985 = ORIENTED_EDGE ( 'NONE', *, *, #9652, .T. ) ;
#3986 = DIRECTION ( 'NONE',  ( 1.000000000000000000, 0.0000000000000000000, 0.0000000000000000000 ) ) ;
#3987 = STYLED_ITEM ( 'NONE', ( #7742 ), #2832 ) ;
#3988 = ORIENTED_EDGE ( 'NONE', *, *, #6182, .T. ) ;
#3989 = DIRECTION ( 'NONE',  ( -1.000000000000000000, 0.0000000000000000000, 0.0000000000000000000 ) ) ;
#3990 = B_SPLINE_SURFACE_WITH_KNOTS ( 'NONE', 3, 1, ( 
 ( #10243, #7694 ),
 ( #2790, #437 ),
 ( #1272, #3647 ),
 ( #9330, #4457 ) ),
 .UNSPECIFIED., .F., .F., .F.,
 ( 4, 4 ),
 ( 2, 2 ),
 ( 5.000000000000000000, 6.000000000000000000 ),
 ( 0.0000000000000000000, 1.000000000000000000 ),
 .UNSPECIFIED. ) ;
#3991 = UNCERTAINTY_MEASURE_WITH_UNIT (LENGTH_MEASURE( 1.000000000000000100E-005 ), #7143, 'distance_accuracy_value', 'NONE');
#3992 = FACE_OUTER_BOUND ( 'NONE', #10561, .T. ) ;
#3993 = EDGE_LOOP ( 'NONE', ( #6664, #4574, #5170, #534 ) ) ;
#3994 = EDGE_CURVE ( 'NONE', #7632, #7343, #6984, .T. ) ;
#3995 = LINE ( 'NONE', #8929, #7547 ) ;
#3996 = ORIENTED_EDGE ( 'NONE', *, *, #7331, .T. ) ;
#3997 = CARTESIAN_POINT ( 'NONE',  ( 0.5983846765552801600, 1.282894815181238700, 0.4700000000000000300 ) ) ;
#3998 = PLANE ( 'NONE',  #4729 ) ;
#3999 = CARTESIAN_POINT ( 'NONE',  ( 0.1249999999999998900, -1.500000000000000000, 0.4600000000000000200 ) ) ;
#4000 = CARTESIAN_POINT ( 'NONE',  ( 0.5106127342771444900, 1.073928035212159400, 0.4700000000000000300 ) ) ;
#4001 = CARTESIAN_POINT ( 'NONE',  ( 0.1013590822543245200, 1.073895539187008400, 0.4600000000000000200 ) ) ;
#4002 = DIRECTION ( 'NONE',  ( -0.0000000000000000000, -0.0000000000000000000, 1.000000000000000000 ) ) ;
#4003 = CARTESIAN_POINT ( 'NONE',  ( 0.8749999999999998900, 1.500000000000000000, 0.4600000000000000200 ) ) ;
#4004 = B_SPLINE_CURVE_WITH_KNOTS ( 'NONE', 3,
 ( #4085, #9770, #1623, #9074 ),
 .UNSPECIFIED., .F., .F.,
 ( 4, 4 ),
 ( 7.000000000000000000, 8.000000000000000000 ),
 .UNSPECIFIED. ) ;
#4005 = CARTESIAN_POINT ( 'NONE',  ( -0.8750000000000001100, -1.500999999999999900, -0.04000000000000000100 ) ) ;
#4006 = VECTOR ( 'NONE', #9380, 1000.000000000000000 ) ;
#4007 = ORIENTED_EDGE ( 'NONE', *, *, #1567, .F. ) ;
#4008 = EDGE_LOOP ( 'NONE', ( #10419, #2326, #5933, #7623 ) ) ;
#4009 = DIRECTION ( 'NONE',  ( 0.0000000000000000000, 0.0000000000000000000, -1.000000000000000000 ) ) ;
#4010 = CARTESIAN_POINT ( 'NONE',  ( 0.5028022693001016300, 1.058896574311546400, 0.4700000000000000300 ) ) ;
#4011 = EDGE_CURVE ( 'NONE', #8745, #5364, #9515, .T. ) ;
#4012 = CARTESIAN_POINT ( 'NONE',  ( 0.4223397433032848900, 1.120142409117864700, 0.4600000000000000200 ) ) ;
#4013 = CARTESIAN_POINT ( 'NONE',  ( 0.8008967703732692300, 1.159283154363951900, 0.4700000000000000300 ) ) ;
#4014 = VECTOR ( 'NONE', #2723, 1000.000000000000000 ) ;
#4015 = LINE ( 'NONE', #10411, #9083 ) ;
#4016 = EDGE_LOOP ( 'NONE', ( #8354, #4694, #3739, #3579, #1603, #3064, #1766, #5523, #1964, #9805, #8160, #4661, #377, #3805, #1622 ) ) ;
#4017 = LINE ( 'NONE', #4918, #5886 ) ;
#4018 = ORIENTED_EDGE ( 'NONE', *, *, #4011, .F. ) ;
#4019 = FILL_AREA_STYLE_COLOUR ( '', #9832 ) ;
#4020 = ORIENTED_EDGE ( 'NONE', *, *, #3013, .F. ) ;
#4021 = CARTESIAN_POINT ( 'NONE',  ( 0.4954339061133584700, 1.019932669780945400, 0.4700000000000000300 ) ) ;
#4022 = LINE ( 'NONE', #9207, #9747 ) ;
#4023 = SURFACE_SIDE_STYLE ('',( #427 ) ) ;
#4024 = ORIENTED_EDGE ( 'NONE', *, *, #6970, .T. ) ;
#4025 = LINE ( 'NONE', #4737, #6147 ) ;
#4026 = CARTESIAN_POINT ( 'NONE',  ( 0.4801077106856158600, 1.356932128478890400, 0.4700000000000000300 ) ) ;
#4027 = EDGE_CURVE ( 'NONE', #8215, #4324, #7656, .T. ) ;
#4028 = ADVANCED_FACE ( 'NONE', ( #6437 ), #2899, .F. ) ;
#4029 = VERTEX_POINT ( 'NONE', #7224 ) ;
#4030 = CARTESIAN_POINT ( 'NONE',  ( 0.3216289552702570300, 1.096151018582461200, 0.4600000000000000200 ) ) ;
#4031 = CARTESIAN_POINT ( 'NONE',  ( 0.1210335975911644700, 1.095209605287003500, 0.4600000000000000200 ) ) ;
#4032 = LINE ( 'NONE', #2145, #6680 ) ;
#4033 = LINE ( 'NONE', #1224, #4404 ) ;
#4034 = DIRECTION ( 'NONE',  ( 1.000000000000000000, -0.0000000000000000000, -0.0000000000000000000 ) ) ;
#4035 = DIRECTION ( 'NONE',  ( -0.0000000000000000000, -0.0000000000000000000, -1.000000000000000000 ) ) ;
#4036 = EDGE_CURVE ( 'NONE', #4743, #3051, #3783, .T. ) ;
#4037 = DIRECTION ( 'NONE',  ( -0.0000000000000000000, -0.0000000000000000000, -1.000000000000000000 ) ) ;
#4038 = ORIENTED_EDGE ( 'NONE', *, *, #9554, .F. ) ;
#4039 = CARTESIAN_POINT ( 'NONE',  ( -0.3200038376330879300, 1.190303205535364800, 0.4700000000000000300 ) ) ;
#4040 = ORIENTED_EDGE ( 'NONE', *, *, #4898, .T. ) ;
#4041 = EDGE_LOOP ( 'NONE', ( #954, #10500, #6279, #9968 ) ) ;
#4042 = MECHANICAL_DESIGN_GEOMETRIC_PRESENTATION_REPRESENTATION (  '', ( #4366 ), #10038 ) ;
#4043 = VECTOR ( 'NONE', #6421, 1000.000000000000000 ) ;
#4044 = EDGE_CURVE ( 'NONE', #6691, #5228, #7867, .T. ) ;
#4045 = CARTESIAN_POINT ( 'NONE',  ( 0.4528742403483075900, 1.129220232563505000, 0.4600000000000000200 ) ) ;
#4046 = B_SPLINE_CURVE_WITH_KNOTS ( 'NONE', 3,
 ( #9891, #9925, #9021, #3389 ),
 .UNSPECIFIED., .F., .F.,
 ( 4, 4 ),
 ( 4.000000000000000000, 5.000000000000000000 ),
 .UNSPECIFIED. ) ;
#4047 = AXIS2_PLACEMENT_3D ( 'NONE', #1249, #10256, #3764 ) ;
#4048 = CARTESIAN_POINT ( 'NONE',  ( -0.01504858409442596600, 1.059139613593608600, 0.4600000000000000200 ) ) ;
#4049 = ORIENTED_EDGE ( 'NONE', *, *, #7489, .F. ) ;
#4050 = FACE_OUTER_BOUND ( 'NONE', #1135, .T. ) ;
#4051 = DIRECTION ( 'NONE',  ( -0.0000000000000000000, -0.0000000000000000000, -1.000000000000000000 ) ) ;
#4052 = DIRECTION ( 'NONE',  ( 0.0000000000000000000, 0.0000000000000000000, -1.000000000000000000 ) ) ;
#4053 = ORIENTED_EDGE ( 'NONE', *, *, #1191, .F. ) ;
#4054 = LINE ( 'NONE', #4125, #324 ) ;
#4055 = CARTESIAN_POINT ( 'NONE',  ( -1.000000000000000000, -1.500000000000000000, 0.0000000000000000000 ) ) ;
#4056 = SURFACE_STYLE_FILL_AREA ( #5104 ) ;
#4057 = ADVANCED_FACE ( 'NONE', ( #5660 ), #3280, .F. ) ;
#4058 = VERTEX_POINT ( 'NONE', #3246 ) ;
#4059 = DIRECTION ( 'NONE',  ( 0.0000000000000000000, 0.0000000000000000000, 1.000000000000000000 ) ) ;
#4060 = FACE_OUTER_BOUND ( 'NONE', #4473, .T. ) ;
#4061 = CARTESIAN_POINT ( 'NONE',  ( 0.3733548648394733300, 1.111064585672230300, 0.4600000000000000200 ) ) ;
#4062 = DIRECTION ( 'NONE',  ( -0.0000000000000000000, -0.0000000000000000000, -1.000000000000000000 ) ) ;
#4063 = CARTESIAN_POINT ( 'NONE',  ( -0.2068752728098586000, 1.267361794301509600, 0.4700000000000000300 ) ) ;
#4064 = EDGE_LOOP ( 'NONE', ( #5217, #1952, #3940, #8817 ) ) ;
#4065 = CARTESIAN_POINT ( 'NONE',  ( 0.5799932420423163900, 1.123856064163558400, 0.4700000000000000300 ) ) ;
#4066 = VECTOR ( 'NONE', #2711, 1000.000000000000000 ) ;
#4067 = LINE ( 'NONE', #693, #9792 ) ;
#4068 = CARTESIAN_POINT ( 'NONE',  ( -0.2199916320041912800, 1.319827176352346600, 0.4700000000000000300 ) ) ;
#4069 = VERTEX_POINT ( 'NONE', #915 ) ;
#4070 = VECTOR ( 'NONE', #9671, 1000.000000000000000 ) ;
#4071 = CARTESIAN_POINT ( 'NONE',  ( 0.5081664376996565300, 1.079174309800470200, 0.4700000000000000300 ) ) ;
#4072 = CARTESIAN_POINT ( 'NONE',  ( -0.1250000000000001100, 1.500999999999999900, 0.1000000000000000100 ) ) ;
#4073 = ORIENTED_EDGE ( 'NONE', *, *, #10107, .T. ) ;
#4074 = CARTESIAN_POINT ( 'NONE',  ( 0.3733548648394733900, 1.058719733595268900, 0.4700000000000000300 ) ) ;
#4075 = PRESENTATION_STYLE_ASSIGNMENT (( #8040 ) ) ;
#4076 = B_SPLINE_CURVE_WITH_KNOTS ( 'NONE', 3,
 ( #9145, #5074, #7551, #183 ),
 .UNSPECIFIED., .F., .F.,
 ( 4, 4 ),
 ( 1.000000000000000000, 2.000000000000000000 ),
 .UNSPECIFIED. ) ;
#4077 = EDGE_CURVE ( 'NONE', #6875, #2074, #6043, .T. ) ;
#4078 = LINE ( 'NONE', #6284, #10338 ) ;
#4079 = EDGE_LOOP ( 'NONE', ( #9817, #6687, #3288, #4625 ) ) ;
#4080 = FACE_OUTER_BOUND ( 'NONE', #10213, .T. ) ;
#4081 = EDGE_CURVE ( 'NONE', #2503, #9078, #3245, .T. ) ;
#4082 = CARTESIAN_POINT ( 'NONE',  ( 0.4267312877625429300, 1.128159188264286700, 0.4600000000000000200 ) ) ;
#4083 = DIRECTION ( 'NONE',  ( -0.8863488427958596800, -0.4630180653866979300, 0.0000000000000000000 ) ) ;
#4084 = ORIENTED_EDGE ( 'NONE', *, *, #8125, .F. ) ;
#4085 = CARTESIAN_POINT ( 'NONE',  ( 0.3287025839294849800, 1.063258645317694200, 0.4700000000000000300 ) ) ;
#4086 = CARTESIAN_POINT ( 'NONE',  ( 0.02594002861502355700, 1.345240115449673100, 0.4700000000000000300 ) ) ;
#4087 = LINE ( 'NONE', #7168, #7643 ) ;
#4088 = VECTOR ( 'NONE', #6775, 1000.000000000000000 ) ;
#4089 = ORIENTED_EDGE ( 'NONE', *, *, #785, .T. ) ;
#4090 = LINE ( 'NONE', #5802, #483 ) ;
#4091 = DIRECTION ( 'NONE',  ( 0.0000000000000000000, 1.000000000000000000, -0.0000000000000000000 ) ) ;
#4092 = MECHANICAL_DESIGN_GEOMETRIC_PRESENTATION_REPRESENTATION (  '', ( #5144 ), #8978 ) ;
#4093 = EDGE_LOOP ( 'NONE', ( #7828, #8838, #4351, #2574 ) ) ;
#4094 = EDGE_CURVE ( 'NONE', #1515, #8719, #3913, .T. ) ;
#4095 = CARTESIAN_POINT ( 'NONE',  ( -0.2831140861948175400, 1.272280430953479900, 0.4700000000000000300 ) ) ;
#4096 = SURFACE_STYLE_USAGE ( .BOTH. , #754 ) ;
#4097 = AXIS2_PLACEMENT_3D ( 'NONE', #2781, #7728, #1894 ) ;
#4098 = CARTESIAN_POINT ( 'NONE',  ( -0.005211310789697987800, 1.372292602379103600, 0.4700000000000000300 ) ) ;
#4099 = PLANE ( 'NONE',  #7225 ) ;
#4100 =( LENGTH_UNIT ( ) NAMED_UNIT ( * ) SI_UNIT ( .MILLI., .METRE. ) );
#4101 = VECTOR ( 'NONE', #4532, 1000.000000000000000 ) ;
#4102 = LINE ( 'NONE', #8467, #1000 ) ;
#4103 = DIRECTION ( 'NONE',  ( 0.0000000000000000000, -1.000000000000000000, 0.0000000000000000000 ) ) ;
#4104 = ORIENTED_EDGE ( 'NONE', *, *, #7895, .T. ) ;
#4105 = B_SPLINE_SURFACE_WITH_KNOTS ( 'NONE', 3, 1, ( 
 ( #393, #1959 ),
 ( #1849, #8485 ),
 ( #3773, #10344 ),
 ( #1338, #9430 ) ),
 .UNSPECIFIED., .F., .F., .F.,
 ( 4, 4 ),
 ( 2, 2 ),
 ( 11.00000000000000000, 12.00000000000000000 ),
 ( 0.0000000000000000000, 1.000000000000000000 ),
 .UNSPECIFIED. ) ;
#4106 = LINE ( 'NONE', #7142, #2642 ) ;
#4107 = MECHANICAL_DESIGN_GEOMETRIC_PRESENTATION_REPRESENTATION (  '', ( #3538 ), #8851 ) ;
#4108 = VERTEX_POINT ( 'NONE', #9 ) ;
#4109 = CARTESIAN_POINT ( 'NONE',  ( 0.5544692319634968400, 1.241631981336718300, 0.4700000000000000300 ) ) ;
#4110 = DIRECTION ( 'NONE',  ( 0.0000000000000000000, 0.0000000000000000000, -1.000000000000000000 ) ) ;
#4111 = DIRECTION ( 'NONE',  ( -0.3385350342956495700, -0.9409537876827125400, 0.0000000000000000000 ) ) ;
#4112 = CARTESIAN_POINT ( 'NONE',  ( -0.2298289209448359800, 1.004214897581257300, 0.4600000000000000200 ) ) ;
#4113 = CARTESIAN_POINT ( 'NONE',  ( 0.4763056352813932500, 1.032842042083914400, 0.4600000000000000200 ) ) ;
#4114 = EDGE_CURVE ( 'NONE', #1038, #8077, #8616, .T. ) ;
#4115 = LINE ( 'NONE', #4268, #1014 ) ;
#4116 = DIRECTION ( 'NONE',  ( -0.0000000000000000000, -0.0000000000000000000, -1.000000000000000000 ) ) ;
#4117 = STYLED_ITEM ( 'NONE', ( #10189 ), #2608 ) ;
#4118 = ORIENTED_EDGE ( 'NONE', *, *, #6339, .T. ) ;
#4119 = AXIS2_PLACEMENT_3D ( 'NONE', #7885, #7023, #8684 ) ;
#4120 = ORIENTED_EDGE ( 'NONE', *, *, #6054, .T. ) ;
#4121 = CARTESIAN_POINT ( 'NONE',  ( 0.4590341919722750700, 1.139300153402147900, 0.4600000000000000200 ) ) ;
#4122 = VECTOR ( 'NONE', #4579, 1000.000000000000000 ) ;
#4123 = CARTESIAN_POINT ( 'NONE',  ( 0.4223397433032848900, 1.120142409117864700, 0.4700000000000000300 ) ) ;
#4124 = ORIENTED_EDGE ( 'NONE', *, *, #3317, .T. ) ;
#4125 = CARTESIAN_POINT ( 'NONE',  ( 0.3065974943700323600, 1.254777141261381100, 0.4700000000000000300 ) ) ;
#4126 = EDGE_CURVE ( 'NONE', #2648, #7808, #7093, .T. ) ;
#4127 = ORIENTED_EDGE ( 'NONE', *, *, #2254, .F. ) ;
#4128 =( GEOMETRIC_REPRESENTATION_CONTEXT ( 3 ) GLOBAL_UNCERTAINTY_ASSIGNED_CONTEXT ( ( #5652 ) ) GLOBAL_UNIT_ASSIGNED_CONTEXT ( ( #8351, #3490, #1080 ) ) REPRESENTATION_CONTEXT ( 'NONE', 'WORKASPACE' ) );
#4129 = UNCERTAINTY_MEASURE_WITH_UNIT (LENGTH_MEASURE( 1.000000000000000100E-005 ), #9105, 'distance_accuracy_value', 'NONE');
#4130 = CARTESIAN_POINT ( 'NONE',  ( 0.5983846765552801600, 1.300755727545389600, 0.4600000000000000200 ) ) ;
#4131 =( LENGTH_UNIT ( ) NAMED_UNIT ( * ) SI_UNIT ( .MILLI., .METRE. ) );
#4132 = ORIENTED_EDGE ( 'NONE', *, *, #9762, .T. ) ;
#4133 = CARTESIAN_POINT ( 'NONE',  ( -0.04456037273638800000, 1.387868275012904300, 0.4600000000000000200 ) ) ;
#4134 = CARTESIAN_POINT ( 'NONE',  ( -0.2740965960896243300, 1.321466719296756000, 0.4600000000000000200 ) ) ;
#4135 = CARTESIAN_POINT ( 'NONE',  ( -0.1945787046334087300, 1.053401170288617000, 0.4600000000000000200 ) ) ;
#4136 = EDGE_CURVE ( 'NONE', #9167, #1701, #6557, .T. ) ;
#4137 = VECTOR ( 'NONE', #6517, 1000.000000000000000 ) ;
#4138 = SURFACE_SIDE_STYLE ('',( #7617 ) ) ;
#4139 = VERTEX_POINT ( 'NONE', #1700 ) ;
#4140 = FACE_OUTER_BOUND ( 'NONE', #3993, .T. ) ;
#4141 = ORIENTED_EDGE ( 'NONE', *, *, #8566, .F. ) ;
#4142 = CARTESIAN_POINT ( 'NONE',  ( 0.4827897948855858200, 1.019932669780945400, 0.4700000000000000300 ) ) ;
#4143 = CARTESIAN_POINT ( 'NONE',  ( 0.001346829717679487800, 1.109145708590685100, 0.4700000000000000300 ) ) ;
#4144 = CARTESIAN_POINT ( 'NONE',  ( 0.3261089200876473000, 1.255425557221839600, 0.4600000000000000200 ) ) ;
#4145 = B_SPLINE_CURVE_WITH_KNOTS ( 'NONE', 3,
 ( #4304, #10008, #3555, #9205 ),
 .UNSPECIFIED., .F., .F.,
 ( 4, 4 ),
 ( 12.00000000000000000, 13.00000000000000000 ),
 .UNSPECIFIED. ) ;
#4146 =( GEOMETRIC_REPRESENTATION_CONTEXT ( 3 ) GLOBAL_UNCERTAINTY_ASSIGNED_CONTEXT ( ( #10129 ) ) GLOBAL_UNIT_ASSIGNED_CONTEXT ( ( #8196, #858, #8296 ) ) REPRESENTATION_CONTEXT ( 'NONE', 'WORKASPACE' ) );
#4147 = DIRECTION ( 'NONE',  ( 1.000000000000000000, 1.128396311045740000E-014, -0.0000000000000000000 ) ) ;
#4148 = VERTEX_POINT ( 'NONE', #5732 ) ;
#4149 = ADVANCED_FACE ( 'NONE', ( #5776 ), #5758, .F. ) ;
#4150 = CARTESIAN_POINT ( 'NONE',  ( -0.7000000000000000700, -1.200000000000000200, 0.4400000000000000000 ) ) ;
#4151 = DIRECTION ( 'NONE',  ( 0.0000000000000000000, -0.0000000000000000000, -1.000000000000000000 ) ) ;
#4152 = CARTESIAN_POINT ( 'NONE',  ( 0.4590341919722750700, 1.139300153402147900, 0.4700000000000000300 ) ) ;
#4153 = ORIENTED_EDGE ( 'NONE', *, *, #8577, .F. ) ;
#4154 = CARTESIAN_POINT ( 'NONE',  ( 0.3749999999999998900, 1.500999999999999900, 0.1000000000000000100 ) ) ;
#4155 = EDGE_LOOP ( 'NONE', ( #3731, #6150, #4735, #9369 ) ) ;
#4156 = LINE ( 'NONE', #3191, #8198 ) ;
#4157 = EDGE_LOOP ( 'NONE', ( #4979, #3307, #7366, #1472 ) ) ;
#4158 = VERTEX_POINT ( 'NONE', #6521 ) ;
#4159 = ORIENTED_EDGE ( 'NONE', *, *, #9511, .F. ) ;
#4160 = ORIENTED_EDGE ( 'NONE', *, *, #9872, .T. ) ;
#4161 = CARTESIAN_POINT ( 'NONE',  ( 0.07020774284960168400, 1.280478106588094100, 0.4600000000000000200 ) ) ;
#4162 = DIRECTION ( 'NONE',  ( -1.000000000000000000, 0.0000000000000000000, 0.0000000000000000000 ) ) ;
#4163 = VECTOR ( 'NONE', #1513, 1000.000000000000000 ) ;
#4164 = CARTESIAN_POINT ( 'NONE',  ( 0.3261089200876473000, 1.255425557221839600, 0.4700000000000000300 ) ) ;
#4165 = EDGE_CURVE ( 'NONE', #5698, #7908, #2453, .T. ) ;
#4166 = VERTEX_POINT ( 'NONE', #1090 ) ;
#4167 = VECTOR ( 'NONE', #1743, 1000.000000000000000 ) ;
#4168 = EDGE_LOOP ( 'NONE', ( #7480, #5454, #8790, #7131 ) ) ;
#4169 = CARTESIAN_POINT ( 'NONE',  ( 0.3877968566850573700, 1.132580206176646300, 0.4600000000000000200 ) ) ;
#4170 = ORIENTED_EDGE ( 'NONE', *, *, #7852, .F. ) ;
#4171 = CARTESIAN_POINT ( 'NONE',  ( 0.5622207500362883500, 1.258785530834983600, 0.4600000000000000200 ) ) ;
#4172 = CARTESIAN_POINT ( 'NONE',  ( 0.4254934027470531600, 1.112479311403996400, 0.4600000000000000200 ) ) ;
#4173 = DIRECTION ( 'NONE',  ( -0.0000000000000000000, -0.0000000000000000000, -1.000000000000000000 ) ) ;
#4174 = DIRECTION ( 'NONE',  ( 0.0000000000000000000, -0.0000000000000000000, 1.000000000000000000 ) ) ;
#4175 = CARTESIAN_POINT ( 'NONE',  ( 0.3893884231334881500, 1.343197499499192000, 0.4600000000000000200 ) ) ;
#4176 = AXIS2_PLACEMENT_3D ( 'NONE', #899, #5748, #8088 ) ;
#4177 = PLANE ( 'NONE',  #6524 ) ;
#4178 = EDGE_LOOP ( 'NONE', ( #1381, #9886, #8609, #135, #9709, #522, #2770, #7077, #7016, #4749, #951, #2180 ) ) ;
#4179 = EDGE_CURVE ( 'NONE', #1650, #2106, #291, .T. ) ;
#4180 = ORIENTED_EDGE ( 'NONE', *, *, #9558, .T. ) ;
#4181 = VECTOR ( 'NONE', #5300, 1000.000000000000000 ) ;
#4182 = DIRECTION ( 'NONE',  ( 1.000000000000000000, 0.0000000000000000000, 0.0000000000000000000 ) ) ;
#4183 = B_SPLINE_CURVE_WITH_KNOTS ( 'NONE', 3,
 ( #3488, #10018, #5108, #5809 ),
 .UNSPECIFIED., .F., .F.,
 ( 4, 4 ),
 ( 8.000000000000000000, 9.000000000000000000 ),
 .UNSPECIFIED. ) ;
#4184 = LINE ( 'NONE', #4828, #2234 ) ;
#4185 = CARTESIAN_POINT ( 'NONE',  ( 0.3404624915750940100, 1.072336468763329400, 0.4600000000000000200 ) ) ;
#4186 = CARTESIAN_POINT ( 'NONE',  ( 0.7986567879639830900, 1.151207428312109200, 0.4600000000000000200 ) ) ;
#4187 = CARTESIAN_POINT ( 'NONE',  ( 0.3362772612852169600, 1.081944814358577500, 0.4700000000000000300 ) ) ;
#4188 = ORIENTED_EDGE ( 'NONE', *, *, #7556, .T. ) ;
#4189 = VECTOR ( 'NONE', #10576, 1000.000000000000000 ) ;
#4190 = ORIENTED_EDGE ( 'NONE', *, *, #9588, .T. ) ;
#4191 = EDGE_CURVE ( 'NONE', #8255, #7292, #4888, .T. ) ;
#4192 = EDGE_CURVE ( 'NONE', #2025, #5015, #5604, .T. ) ;
#4193 = VERTEX_POINT ( 'NONE', #9407 ) ;
#4194 = LINE ( 'NONE', #1057, #6720 ) ;
#4195 = DIRECTION ( 'NONE',  ( -0.3559357243643166400, 0.9345104387438640800, -0.0000000000000000000 ) ) ;
#4196 = FILL_AREA_STYLE_COLOUR ( '', #3651 ) ;
#4197 = EDGE_LOOP ( 'NONE', ( #431, #4120, #9358, #3067, #2312, #8422 ) ) ;
#4198 = VECTOR ( 'NONE', #6904, 1000.000000000000000 ) ;
#4199 = DIRECTION ( 'NONE',  ( 1.000000000000000000, -0.0000000000000000000, -0.0000000000000000000 ) ) ;
#4200 = CARTESIAN_POINT ( 'NONE',  ( 0.4293249516043798300, 1.094913133566968600, 0.4700000000000000300 ) ) ;
#4201 = ORIENTED_EDGE ( 'NONE', *, *, #3854, .T. ) ;
#4202 = FILL_AREA_STYLE_COLOUR ( '', #9066 ) ;
#4203 = SURFACE_STYLE_FILL_AREA ( #7318 ) ;
#4204 = DIRECTION ( 'NONE',  ( -0.3416038306815736800, 0.9398440417769720100, 0.0000000000000000000 ) ) ;
#4205 = CARTESIAN_POINT ( 'NONE',  ( 0.5827342731476982100, 1.300343099206631400, 0.4600000000000000200 ) ) ;
#4206 = B_SPLINE_CURVE_WITH_KNOTS ( 'NONE', 3,
 ( #4889, #1523, #9760, #6396 ),
 .UNSPECIFIED., .F., .F.,
 ( 4, 4 ),
 ( 1.000000000000000000, 2.000000000000000000 ),
 .UNSPECIFIED. ) ;
#4207 = EDGE_CURVE ( 'NONE', #8192, #9639, #7809, .T. ) ;
#4208 = ORIENTED_EDGE ( 'NONE', *, *, #6065, .F. ) ;
#4209 = ADVANCED_FACE ( 'NONE', ( #5276 ), #7777, .T. ) ;
#4210 = SURFACE_STYLE_USAGE ( .BOTH. , #9976 ) ;
#4211 = LINE ( 'NONE', #2374, #1259 ) ;
#4212 = CARTESIAN_POINT ( 'NONE',  ( -1.000000000000000000, 0.0000000000000000000, -0.04000000000000000100 ) ) ;
#4213 = ORIENTED_EDGE ( 'NONE', *, *, #9267, .F. ) ;
#4214 = VECTOR ( 'NONE', #5432, 1000.000000000000000 ) ;
#4215 = CARTESIAN_POINT ( 'NONE',  ( 0.4827897948855858200, 1.019932669780945400, 0.4700000000000000300 ) ) ;
#4216 = CARTESIAN_POINT ( 'NONE',  ( 0.7986567879639830900, 1.151207428312109200, 0.4600000000000000200 ) ) ;
#4217 = CARTESIAN_POINT ( 'NONE',  ( 0.3540792267435543500, 1.097447850503374500, 0.4700000000000000300 ) ) ;
#4218 = ORIENTED_EDGE ( 'NONE', *, *, #1541, .F. ) ;
#4219 = DIRECTION ( 'NONE',  ( -1.000000000000000000, 0.0000000000000000000, 0.0000000000000000000 ) ) ;
#4220 = ADVANCED_FACE ( 'NONE', ( #1337, #6163 ), #2792, .F. ) ;
#4221 = LINE ( 'NONE', #4121, #7790 ) ;
#4222 = LINE ( 'NONE', #1932, #8151 ) ;
#4223 = COLOUR_RGB ( '',0.6666666666666666300, 0.6666666666666666300, 0.6666666666666666300 ) ;
#4224 = VERTEX_POINT ( 'NONE', #8543 ) ;
#4225 = EDGE_CURVE ( 'NONE', #7202, #4504, #10288, .T. ) ;
#4226 = VERTEX_POINT ( 'NONE', #4528 ) ;
#4227 = CARTESIAN_POINT ( 'NONE',  ( -0.8000000000000002700, -1.200000000000000200, 0.4600000000000000200 ) ) ;
#4228 = CARTESIAN_POINT ( 'NONE',  ( 0.1505454175049576700, 1.222274273413523200, 0.4700000000000000300 ) ) ;
#4229 = CARTESIAN_POINT ( 'NONE',  ( -0.2716373012175112300, 1.059959404611489300, 0.4700000000000000300 ) ) ;
#4230 = B_SPLINE_SURFACE_WITH_KNOTS ( 'NONE', 3, 1, ( 
 ( #7493, #6011 ),
 ( #1876, #6656 ),
 ( #199, #7601 ),
 ( #10029, #5903 ) ),
 .UNSPECIFIED., .F., .F., .F.,
 ( 4, 4 ),
 ( 2, 2 ),
 ( 3.000000000000000000, 4.000000000000000000 ),
 ( 0.0000000000000000000, 1.000000000000000000 ),
 .UNSPECIFIED. ) ;
#4231 = EDGE_CURVE ( 'NONE', #4877, #906, #7729, .T. ) ;
#4232 = VECTOR ( 'NONE', #2773, 1000.000000000000000 ) ;
#4233 = ORIENTED_EDGE ( 'NONE', *, *, #536, .F. ) ;
#4234 = VECTOR ( 'NONE', #4199, 1000.000000000000000 ) ;
#4235 = ORIENTED_EDGE ( 'NONE', *, *, #894, .T. ) ;
#4236 = ORIENTED_EDGE ( 'NONE', *, *, #8720, .F. ) ;
#4237 = EDGE_CURVE ( 'NONE', #7202, #4872, #7267, .T. ) ;
#4238 = SURFACE_STYLE_USAGE ( .BOTH. , #1068 ) ;
#4239 = DIRECTION ( 'NONE',  ( -0.0000000000000000000, -0.0000000000000000000, -1.000000000000000000 ) ) ;
#4240 = CARTESIAN_POINT ( 'NONE',  ( 0.4202176547056354900, 1.098567841707237300, 0.4700000000000000300 ) ) ;
#4241 = CARTESIAN_POINT ( 'NONE',  ( 0.4954339061133584700, 1.019932669780945400, 0.4600000000000000200 ) ) ;
#4242 = EDGE_CURVE ( 'NONE', #5115, #9037, #8855, .T. ) ;
#4243 = DIRECTION ( 'NONE',  ( 0.0000000000000000000, -1.000000000000000000, 0.0000000000000000000 ) ) ;
#4244 = EDGE_LOOP ( 'NONE', ( #6052, #5556, #6347, #3867 ) ) ;
#4245 = LINE ( 'NONE', #7150, #2172 ) ;
#4246 = ORIENTED_EDGE ( 'NONE', *, *, #8015, .F. ) ;
#4247 = CARTESIAN_POINT ( 'NONE',  ( -0.001932209264175819900, 1.058319853848341400, 0.4600000000000000200 ) ) ;
#4248 = CARTESIAN_POINT ( 'NONE',  ( 0.6047804158017304800, 1.241631981336718300, 0.4700000000000000300 ) ) ;
#4249 = B_SPLINE_CURVE_WITH_KNOTS ( 'NONE', 3,
 ( #6723, #3414, #6682, #5926 ),
 .UNSPECIFIED., .F., .F.,
 ( 4, 4 ),
 ( 2.000000000000000000, 3.000000000000000000 ),
 .UNSPECIFIED. ) ;
#4250 = CARTESIAN_POINT ( 'NONE',  ( -0.1626075898475035600, 1.103407296556745200, 0.4600000000000000200 ) ) ;
#4251 = CARTESIAN_POINT ( 'NONE',  ( 0.4356027970391890800, 1.343669074743377000, 0.4700000000000000300 ) ) ;
#4252 = LINE ( 'NONE', #3022, #8293 ) ;
#4253 = CARTESIAN_POINT ( 'NONE',  ( 0.4629836346400604800, 1.081119557681841800, 0.4600000000000000200 ) ) ;
#4254 = EDGE_CURVE ( 'NONE', #2830, #6705, #931, .T. ) ;
#4255 = FACE_OUTER_BOUND ( 'NONE', #5640, .T. ) ;
#4256 = ORIENTED_EDGE ( 'NONE', *, *, #116, .F. ) ;
#4257 = ADVANCED_FACE ( 'NONE', ( #5530 ), #9334, .F. ) ;
#4258 = CARTESIAN_POINT ( 'NONE',  ( 0.6244981556883441000, 1.174019880737442200, 0.4700000000000000300 ) ) ;
#4259 = CARTESIAN_POINT ( 'NONE',  ( 0.3376625135642761200, 1.074812238794314600, 0.4600000000000000200 ) ) ;
#4260 = LINE ( 'NONE', #2531, #654 ) ;
#4261 = CARTESIAN_POINT ( 'NONE',  ( -0.1117817038333259600, 1.041104649019135600, 0.4700000000000000300 ) ) ;
#4262 = ORIENTED_EDGE ( 'NONE', *, *, #2847, .F. ) ;
#4263 = CARTESIAN_POINT ( 'NONE',  ( 0.4816698036809432000, 1.032311519934303100, 0.4700000000000000300 ) ) ;
#4264 = DIRECTION ( 'NONE',  ( 0.0000000000000000000, -0.0000000000000000000, -1.000000000000000000 ) ) ;
#4265 = VERTEX_POINT ( 'NONE', #6041 ) ;
#4266 = EDGE_CURVE ( 'NONE', #2604, #3463, #7212, .T. ) ;
#4267 = ORIENTED_EDGE ( 'NONE', *, *, #536, .T. ) ;
#4268 = CARTESIAN_POINT ( 'NONE',  ( 0.6271212929828849900, 1.071864893519935500, 0.4700000000000000300 ) ) ;
#4269 = ORIENTED_EDGE ( 'NONE', *, *, #2505, .F. ) ;
#4270 = FACE_OUTER_BOUND ( 'NONE', #6146, .T. ) ;
#4271 = ADVANCED_FACE ( 'NONE', ( #5389 ), #9781, .F. ) ;
#4272 = PLANE ( 'NONE',  #4902 ) ;
#4273 = DIRECTION ( 'NONE',  ( -0.0000000000000000000, -0.0000000000000000000, -1.000000000000000000 ) ) ;
#4274 = ORIENTED_EDGE ( 'NONE', *, *, #2729, .T. ) ;
#4276 = FACE_OUTER_BOUND ( 'NONE', #4064, .T. ) ;
#4275 = CARTESIAN_POINT ( 'NONE',  ( -0.1978577905230157200, 1.346059886922268200, 0.4700000000000000300 ) ) ;
#4277 = CARTESIAN_POINT ( 'NONE',  ( 0.5700901619191470800, 1.332822844132638900, 0.4600000000000000200 ) ) ;
#4278 = B_SPLINE_CURVE_WITH_KNOTS ( 'NONE', 3,
 ( #1740, #3437, #4240, #5879 ),
 .UNSPECIFIED., .F., .F.,
 ( 4, 4 ),
 ( 4.000000000000000000, 5.000000000000000000 ),
 .UNSPECIFIED. ) ;
#4279 = ORIENTED_EDGE ( 'NONE', *, *, #1835, .F. ) ;
#4280 = VECTOR ( 'NONE', #5044, 1000.000000000000000 ) ;
#4281 = CARTESIAN_POINT ( 'NONE',  ( 0.3078059059324215200, 1.071864893519934900, 0.4600000000000000200 ) ) ;
#4282 =( LENGTH_UNIT ( ) NAMED_UNIT ( * ) SI_UNIT ( .MILLI., .METRE. ) );
#4283 = CARTESIAN_POINT ( 'NONE',  ( 0.7271247181492411800, 1.117430851465182700, 0.4600000000000000200 ) ) ;
#4284 = ORIENTED_EDGE ( 'NONE', *, *, #3827, .T. ) ;
#4285 = CARTESIAN_POINT ( 'NONE',  ( 0.3279657476104935200, 1.341900667578275400, 0.4600000000000000200 ) ) ;
#4286 = CARTESIAN_POINT ( 'NONE',  ( 0.3733548648394733900, 1.092142629008860900, 0.4600000000000000200 ) ) ;
#4287 = ORIENTED_EDGE ( 'NONE', *, *, #6017, .F. ) ;
#4288 = EDGE_CURVE ( 'NONE', #6281, #7113, #5997, .T. ) ;
#4289 = ORIENTED_EDGE ( 'NONE', *, *, #4900, .T. ) ;
#4290 = CARTESIAN_POINT ( 'NONE',  ( 0.1005392912368313900, 1.207518379092736600, 0.4600000000000000200 ) ) ;
#4291 = ORIENTED_EDGE ( 'NONE', *, *, #1677, .T. ) ;
#4292 = CARTESIAN_POINT ( 'NONE',  ( 0.4334512349888303100, 1.131224427350304900, 0.4600000000000000200 ) ) ;
#4293 = LINE ( 'NONE', #10244, #1595 ) ;
#4294 = CARTESIAN_POINT ( 'NONE',  ( 0.3893884231334881500, 1.343197499499192000, 0.4700000000000000300 ) ) ;
#4295 = ADVANCED_FACE ( 'NONE', ( #1822, #2578 ), #5355, .F. ) ;
#4296 = DIRECTION ( 'NONE',  ( -1.000000000000000000, 0.0000000000000000000, -0.0000000000000000000 ) ) ;
#4297 = VERTEX_POINT ( 'NONE', #8623 ) ;
#4298 = CARTESIAN_POINT ( 'NONE',  ( 0.3287025839294849800, 1.063258645317694200, 0.4600000000000000200 ) ) ;
#4299 = LINE ( 'NONE', #7311, #3137 ) ;
#4300 = FACE_OUTER_BOUND ( 'NONE', #1468, .T. ) ;
#4301 = AXIS2_PLACEMENT_3D ( 'NONE', #29, #8180, #4151 ) ;
#4302 = ORIENTED_EDGE ( 'NONE', *, *, #8542, .F. ) ;
#4303 = CARTESIAN_POINT ( 'NONE',  ( -0.7000000000000000700, -1.200000000000000200, 0.4400000000000000000 ) ) ;
#4304 = CARTESIAN_POINT ( 'NONE',  ( 0.4223397433032848900, 1.120142409117864700, 0.4600000000000000200 ) ) ;
#4305 = ORIENTED_EDGE ( 'NONE', *, *, #7502, .T. ) ;
#4306 = CARTESIAN_POINT ( 'NONE',  ( -0.8750000000000001100, -1.101000000000000000, -0.04000000000000000100 ) ) ;
#4307 = UNCERTAINTY_MEASURE_WITH_UNIT (LENGTH_MEASURE( 1.000000000000000100E-005 ), #2345, 'distance_accuracy_value', 'NONE');
#4308 = CARTESIAN_POINT ( 'NONE',  ( 0.5028022693001016300, 1.058896574311546400, 0.4600000000000000200 ) ) ;
#4309 = EDGE_CURVE ( 'NONE', #592, #5747, #1307, .T. ) ;
#4310 = LINE ( 'NONE', #6322, #6718 ) ;
#4311 = ORIENTED_EDGE ( 'NONE', *, *, #8646, .F. ) ;
#4312 = LINE ( 'NONE', #10444, #8229 ) ;
#4313 = FILL_AREA_STYLE ('',( #5040 ) ) ;
#4314 = B_SPLINE_CURVE_WITH_KNOTS ( 'NONE', 3,
 ( #3871, #2123, #9489, #3057 ),
 .UNSPECIFIED., .F., .F.,
 ( 4, 4 ),
 ( 6.000000000000000000, 7.000000000000000000 ),
 .UNSPECIFIED. ) ;
#4315 = CARTESIAN_POINT ( 'NONE',  ( 0.4816698036809432000, 1.032311519934303100, 0.4700000000000000300 ) ) ;
#4316 = ORIENTED_EDGE ( 'NONE', *, *, #1360, .F. ) ;
#4317 = LINE ( 'NONE', #8706, #8644 ) ;
#4319 = CARTESIAN_POINT ( 'NONE',  ( -0.3750000000000001100, 0.0000000000000000000, -0.0000000000000000000 ) ) ;
#4318 = AXIS2_PLACEMENT_3D ( 'NONE', #2549, #5096, #283 ) ;
#4320 = CARTESIAN_POINT ( 'NONE',  ( 0.4369291024128232900, 1.092083682103435000, 0.4600000000000000200 ) ) ;
#4321 = CARTESIAN_POINT ( 'NONE',  ( 0.1169347363203744300, 1.265722212266524600, 0.4700000000000000300 ) ) ;
#4322 = CARTESIAN_POINT ( 'NONE',  ( 0.2606778549914503000, 1.160756827001924200, 0.4700000000000000300 ) ) ;
#4323 = ADVANCED_FACE ( 'NONE', ( #9372 ), #3898, .F. ) ;
#4324 = VERTEX_POINT ( 'NONE', #10324 ) ;
#4325 = VERTEX_POINT ( 'NONE', #479 ) ;
#4326 = CARTESIAN_POINT ( 'NONE',  ( 0.2457937613547896700, 1.058719733595267600, 0.4700000000000000300 ) ) ;
#4327 = CARTESIAN_POINT ( 'NONE',  ( 0.03003888988581057300, 1.236210407989039900, 0.4600000000000000200 ) ) ;
#4328 = EDGE_CURVE ( 'NONE', #4504, #3045, #9438, .T. ) ;
#4329 = PLANE ( 'NONE',  #4630 ) ;
#4330 =( NAMED_UNIT ( * ) PLANE_ANGLE_UNIT ( ) SI_UNIT ( $, .RADIAN. ) );
#4331 =( NAMED_UNIT ( * ) PLANE_ANGLE_UNIT ( ) SI_UNIT ( $, .RADIAN. ) );
#4332 = LINE ( 'NONE', #1230, #3285 ) ;
#4333 = MECHANICAL_DESIGN_GEOMETRIC_PRESENTATION_REPRESENTATION (  '', ( #9741 ), #481 ) ;
#4334 = FACE_OUTER_BOUND ( 'NONE', #3199, .T. ) ;
#4335 = ORIENTED_EDGE ( 'NONE', *, *, #1275, .T. ) ;
#4336 = VERTEX_POINT ( 'NONE', #2969 ) ;
#4337 =( LENGTH_UNIT ( ) NAMED_UNIT ( * ) SI_UNIT ( .MILLI., .METRE. ) );
#4338 =( LENGTH_UNIT ( ) NAMED_UNIT ( * ) SI_UNIT ( .MILLI., .METRE. ) );
#4339 = CARTESIAN_POINT ( 'NONE',  ( 0.7060511994362928000, 1.157161065766300500, 0.4700000000000000300 ) ) ;
#4340 = LINE ( 'NONE', #7894, #997 ) ;
#4341 = CARTESIAN_POINT ( 'NONE',  ( 0.8749999999999998900, -1.500000000000000000, -0.0000000000000000000 ) ) ;
#4342 = LINE ( 'NONE', #2713, #2271 ) ;
#4343 = B_SPLINE_CURVE_WITH_KNOTS ( 'NONE', 3,
 ( #5195, #2728, #3624, #5301 ),
 .UNSPECIFIED., .F., .F.,
 ( 4, 4 ),
 ( 14.00000000000000000, 15.00000000000000000 ),
 .UNSPECIFIED. ) ;
#4344 = VERTEX_POINT ( 'NONE', #7030 ) ;
#4345 = LINE ( 'NONE', #10297, #9041 ) ;
#4346 = CARTESIAN_POINT ( 'NONE',  ( 0.6637862681987661800, 1.160756827001928200, 0.4600000000000000200 ) ) ;
#4347 = ORIENTED_EDGE ( 'NONE', *, *, #7319, .F. ) ;
#4348 = VECTOR ( 'NONE', #2546, 1000.000000000000000 ) ;
#4349 = CARTESIAN_POINT ( 'NONE',  ( 0.07020774284960168400, 1.280478106588094100, 0.4700000000000000300 ) ) ;
#4350 = CARTESIAN_POINT ( 'NONE',  ( 0.4254934027470531600, 1.112479311403996400, 0.4700000000000000300 ) ) ;
#4351 = ORIENTED_EDGE ( 'NONE', *, *, #9139, .F. ) ;
#4352 = ORIENTED_EDGE ( 'NONE', *, *, #4011, .T. ) ;
#4353 = VECTOR ( 'NONE', #1507, 1000.000000000000000 ) ;
#4354 = EDGE_CURVE ( 'NONE', #7347, #7670, #8083, .T. ) ;
#4355 = CARTESIAN_POINT ( 'NONE',  ( 0.4297081064900330500, 1.056774485713890800, 0.4700000000000000300 ) ) ;
#4356 = VERTEX_POINT ( 'NONE', #7924 ) ;
#4357 = DIRECTION ( 'NONE',  ( 1.128396311045737700E-014, -1.000000000000000000, -0.0000000000000000000 ) ) ;
#4358 = CARTESIAN_POINT ( 'NONE',  ( 0.4964654769594696300, 1.043924060316350700, 0.4600000000000000200 ) ) ;
#4359 = CARTESIAN_POINT ( 'NONE',  ( 0.6803208751892873000, 1.273168575775145000, 0.4700000000000000300 ) ) ;
#4360 = CARTESIAN_POINT ( 'NONE',  ( 0.4734761838178589400, 1.033962033288558800, 0.4600000000000000200 ) ) ;
#4361 = EDGE_CURVE ( 'NONE', #6818, #3691, #3781, .T. ) ;
#4362 = COLOUR_RGB ( '',0.6666666666666666300, 0.6666666666666666300, 0.6666666666666666300 ) ;
#4363 = VECTOR ( 'NONE', #7185, 1000.000000000000000 ) ;
#4364 = EDGE_CURVE ( 'NONE', #1729, #5514, #4032, .T. ) ;
#4365 = ORIENTED_EDGE ( 'NONE', *, *, #10606, .F. ) ;
#4366 = STYLED_ITEM ( 'NONE', ( #9701 ), #6094 ) ;
#4367 = ADVANCED_FACE ( 'NONE', ( #5140 ), #1593, .F. ) ;
#4368 = SURFACE_STYLE_USAGE ( .BOTH. , #7609 ) ;
#4369 = CARTESIAN_POINT ( 'NONE',  ( -0.2117939250981358500, 1.117343431132259900, 0.4700000000000000300 ) ) ;
#4370 = CARTESIAN_POINT ( 'NONE',  ( -0.8750000000000001100, 0.0000000000000000000, -0.0000000000000000000 ) ) ;
#4371 = CARTESIAN_POINT ( 'NONE',  ( -0.2716373012175112300, 1.059959404611489300, 0.4700000000000000300 ) ) ;
#4372 =( NAMED_UNIT ( * ) SI_UNIT ( $, .STERADIAN. ) SOLID_ANGLE_UNIT ( ) );
#4373 = VECTOR ( 'NONE', #8289, 1000.000000000000000 ) ;
#4374 = VERTEX_POINT ( 'NONE', #7277 ) ;
#4375 = EDGE_LOOP ( 'NONE', ( #4540, #8504, #2470, #383 ) ) ;
#4376 = PLANE ( 'NONE',  #6252 ) ;
#4377 = B_SPLINE_CURVE_WITH_KNOTS ( 'NONE', 3,
 ( #8535, #6101, #4416, #6947 ),
 .UNSPECIFIED., .F., .F.,
 ( 4, 4 ),
 ( 17.00000000000000000, 18.00000000000000000 ),
 .UNSPECIFIED. ) ;
#4378 = DIRECTION ( 'NONE',  ( -0.0000000000000000000, 0.0000000000000000000, -1.000000000000000000 ) ) ;
#4379 = CARTESIAN_POINT ( 'NONE',  ( 0.6565063253701535200, 1.342195402106187500, 0.4700000000000000300 ) ) ;
#4380 = CARTESIAN_POINT ( 'NONE',  ( 0.3540792267435543500, 1.097447850503374500, 0.4600000000000000200 ) ) ;
#4381 = EDGE_CURVE ( 'NONE', #6670, #2863, #9107, .T. ) ;
#4382 = EDGE_CURVE ( 'NONE', #8596, #8774, #6957, .T. ) ;
#4383 = CARTESIAN_POINT ( 'NONE',  ( 0.5109811524369311000, 1.075217498769604800, 0.4700000000000000300 ) ) ;
#4384 = EDGE_LOOP ( 'NONE', ( #2247, #4955, #665, #9347 ) ) ;
#4385 = VECTOR ( 'NONE', #5370, 1000.000000000000000 ) ;
#4386 = EDGE_LOOP ( 'NONE', ( #5512, #9067, #1092, #3957 ) ) ;
#4387 = PRESENTATION_STYLE_ASSIGNMENT (( #2007 ) ) ;
#4388 = CARTESIAN_POINT ( 'NONE',  ( 0.3382519826189163700, 1.265092849722512700, 0.4600000000000000200 ) ) ;
#4389 = DIRECTION ( 'NONE',  ( 1.000000000000000000, -0.0000000000000000000, -0.0000000000000000000 ) ) ;
#4390 = VERTEX_POINT ( 'NONE', #2434 ) ;
#4391 = DIRECTION ( 'NONE',  ( -0.0000000000000000000, -0.0000000000000000000, -1.000000000000000000 ) ) ;
#4392 = CARTESIAN_POINT ( 'NONE',  ( 0.4629836346400604800, 1.081119557681841800, 0.4700000000000000300 ) ) ;
#4393 = CARTESIAN_POINT ( 'NONE',  ( 0.7230279082182877700, 1.091847894481734200, 0.4600000000000000200 ) ) ;
#4394 = ORIENTED_EDGE ( 'NONE', *, *, #1363, .F. ) ;
#4395 = FACE_OUTER_BOUND ( 'NONE', #7091, .T. ) ;
#4396 = VERTEX_POINT ( 'NONE', #6543 ) ;
#4397 = ORIENTED_EDGE ( 'NONE', *, *, #9379, .F. ) ;
#4398 = EDGE_CURVE ( 'NONE', #541, #807, #1163, .T. ) ;
#4399 = VERTEX_POINT ( 'NONE', #6472 ) ;
#4400 = EDGE_LOOP ( 'NONE', ( #6195, #8849, #1192, #919 ) ) ;
#4401 = DIRECTION ( 'NONE',  ( -1.000000000000000000, 0.0000000000000000000, 0.0000000000000000000 ) ) ;
#4402 = VECTOR ( 'NONE', #5795, 1000.000000000000000 ) ;
#4403 = CARTESIAN_POINT ( 'NONE',  ( -0.2265498194193134900, 1.067337304864135500, 0.4700000000000000300 ) ) ;
#4404 = VECTOR ( 'NONE', #6838, 1000.000000000000000 ) ;
#4405 = EDGE_CURVE ( 'NONE', #8077, #6547, #8602, .T. ) ;
#4406 = B_SPLINE_CURVE_WITH_KNOTS ( 'NONE', 3,
 ( #6221, #9368, #405, #7061 ),
 .UNSPECIFIED., .F., .F.,
 ( 4, 4 ),
 ( 9.000000000000000000, 10.00000000000000000 ),
 .UNSPECIFIED. ) ;
#4407 = CARTESIAN_POINT ( 'NONE',  ( 0.4581499883897264300, 1.094736292850697800, 0.4700000000000000300 ) ) ;
#4408 = ADVANCED_FACE ( 'NONE', ( #2337 ), #3204, .T. ) ;
#4409 = CARTESIAN_POINT ( 'NONE',  ( 0.4469206028937245900, 1.085481628687999400, 0.4700000000000000300 ) ) ;
#4410 = EDGE_LOOP ( 'NONE', ( #8085, #6907, #5923, #8569 ) ) ;
#4411 = VECTOR ( 'NONE', #6673, 1000.000000000000000 ) ;
#4412 = ORIENTED_EDGE ( 'NONE', *, *, #3902, .T. ) ;
#4413 = ORIENTED_EDGE ( 'NONE', *, *, #7158, .F. ) ;
#4414 = FILL_AREA_STYLE ('',( #9285 ) ) ;
#4415 = LINE ( 'NONE', #176, #705 ) ;
#4416 = CARTESIAN_POINT ( 'NONE',  ( 0.4629836346400604800, 1.073574353778822000, 0.4600000000000000200 ) ) ;
#4417 = DIRECTION ( 'NONE',  ( -1.000000000000000000, -0.0000000000000000000, -0.0000000000000000000 ) ) ;
#4418 = PLANE ( 'NONE',  #8894 ) ;
#4419 = CARTESIAN_POINT ( 'NONE',  ( -0.3716495146639740000, 1.188663623501164700, 0.4700000000000000300 ) ) ;
#4420 = EDGE_CURVE ( 'NONE', #3124, #10287, #9363, .T. ) ;
#4421 = ORIENTED_EDGE ( 'NONE', *, *, #3294, .F. ) ;
#4422 = CARTESIAN_POINT ( 'NONE',  ( -0.8750000000000001100, 1.101000000000000000, 0.1000000000000000100 ) ) ;
#4423 = STYLED_ITEM ( 'NONE', ( #4845 ), #1317 ) ;
#4424 = ADVANCED_FACE ( 'NONE', ( #161 ), #10046, .F. ) ;
#4425 = VERTEX_POINT ( 'NONE', #873 ) ;
#4426 = EDGE_CURVE ( 'NONE', #979, #10628, #4004, .T. ) ;
#4427 = FACE_OUTER_BOUND ( 'NONE', #7939, .T. ) ;
#4428 = AXIS2_PLACEMENT_3D ( 'NONE', #8414, #8378, #7580 ) ;
#4429 = DIRECTION ( 'NONE',  ( 0.0000000000000000000, -0.0000000000000000000, 1.000000000000000000 ) ) ;
#4430 = DIRECTION ( 'NONE',  ( -0.0000000000000000000, -0.0000000000000000000, -1.000000000000000000 ) ) ;
#4431 = ORIENTED_EDGE ( 'NONE', *, *, #4523, .F. ) ;
#4432 = VECTOR ( 'NONE', #7419, 1000.000000000000000 ) ;
#4433 = CARTESIAN_POINT ( 'NONE',  ( 0.2457937613547896700, 1.058719733595267600, 0.4600000000000000200 ) ) ;
#4434 = EDGE_CURVE ( 'NONE', #8710, #818, #6426, .T. ) ;
#4435 = ORIENTED_EDGE ( 'NONE', *, *, #114, .T. ) ;
#4436 = VECTOR ( 'NONE', #2996, 1000.000000000000000 ) ;
#4437 = UNCERTAINTY_MEASURE_WITH_UNIT (LENGTH_MEASURE( 1.000000000000000100E-005 ), #10115, 'distance_accuracy_value', 'NONE');
#4438 = STYLED_ITEM ( 'NONE', ( #8635 ), #4578 ) ;
#4439 = VECTOR ( 'NONE', #3373, 1000.000000000000000 ) ;
#4440 = CARTESIAN_POINT ( 'NONE',  ( 0.2606778549914503000, 1.123856064163555800, 0.4700000000000000300 ) ) ;
#4441 = ORIENTED_EDGE ( 'NONE', *, *, #8372, .T. ) ;
#4442 = FACE_OUTER_BOUND ( 'NONE', #4008, .T. ) ;
#4443 = CARTESIAN_POINT ( 'NONE',  ( 0.6637862681987661800, 1.160756827001928200, 0.4700000000000000300 ) ) ;
#4444 = VERTEX_POINT ( 'NONE', #9985 ) ;
#4445 = VECTOR ( 'NONE', #10157, 1000.000000000000000 ) ;
#4446 = CARTESIAN_POINT ( 'NONE',  ( 0.8364712278380103100, 1.058719733595270100, 0.4700000000000000300 ) ) ;
#4447 = LINE ( 'NONE', #5392, #9284 ) ;
#4448 = DIRECTION ( 'NONE',  ( 0.9345104387438696300, -0.3559357243643020400, 0.0000000000000000000 ) ) ;
#4449 = ORIENTED_EDGE ( 'NONE', *, *, #4566, .F. ) ;
#4450 = LINE ( 'NONE', #9234, #7009 ) ;
#4451 = B_SPLINE_CURVE_WITH_KNOTS ( 'NONE', 3,
 ( #5367, #8674, #3031, #6204 ),
 .UNSPECIFIED., .F., .F.,
 ( 4, 4 ),
 ( 13.00000000000000000, 14.00000000000000000 ),
 .UNSPECIFIED. ) ;
#4453 = AXIS2_PLACEMENT_3D ( 'NONE', #4026, #10554, #687 ) ;
#4452 = CARTESIAN_POINT ( 'NONE',  ( 0.4381080405224999600, 1.131224427350304900, 0.4700000000000000300 ) ) ;
#4454 = CARTESIAN_POINT ( 'NONE',  ( 0.3390477658433275200, 1.332646003416362500, 0.4700000000000000300 ) ) ;
#4455 = CARTESIAN_POINT ( 'NONE',  ( -0.1937589136159163500, 1.168989123799456100, 0.4700000000000000300 ) ) ;
#4456 = ORIENTED_EDGE ( 'NONE', *, *, #726, .T. ) ;
#4457 = CARTESIAN_POINT ( 'NONE',  ( 0.7253857844376375700, 1.074871185699745300, 0.4600000000000000200 ) ) ;
#4458 = DIRECTION ( 'NONE',  ( 1.000000000000000000, -0.0000000000000000000, -0.0000000000000000000 ) ) ;
#4459 = LINE ( 'NONE', #3641, #2263 ) ;
#4460 = VECTOR ( 'NONE', #4813, 1000.000000000000000 ) ;
#4461 = VERTEX_POINT ( 'NONE', #811 ) ;
#4462 = CARTESIAN_POINT ( 'NONE',  ( -1.000000000000000000, -1.500000000000000000, 0.4600000000000000200 ) ) ;
#4463 = CARTESIAN_POINT ( 'NONE',  ( -0.2380266122149723200, 1.272280430953479900, 0.4600000000000000200 ) ) ;
#4464 = EDGE_CURVE ( 'NONE', #5364, #8408, #8093, .T. ) ;
#4465 = ORIENTED_EDGE ( 'NONE', *, *, #3089, .T. ) ;
#4466 = CARTESIAN_POINT ( 'NONE',  ( 0.4297081064900330500, 1.056774485713890800, 0.4700000000000000300 ) ) ;
#4467 = CARTESIAN_POINT ( 'NONE',  ( 0.6992723053045858400, 1.174019880737444500, 0.4700000000000000300 ) ) ;
#4468 = DIRECTION ( 'NONE',  ( -0.9903286039881280500, -0.1387416884823210500, -0.0000000000000000000 ) ) ;
#4469 = CARTESIAN_POINT ( 'NONE',  ( -0.1117817038333259600, 1.088651433507795000, 0.4600000000000000200 ) ) ;
#4470 = VECTOR ( 'NONE', #3164, 1000.000000000000000 ) ;
#4471 = ORIENTED_EDGE ( 'NONE', *, *, #10420, .F. ) ;
#4472 = LINE ( 'NONE', #6127, #2788 ) ;
#4473 = EDGE_LOOP ( 'NONE', ( #10414, #8248, #10495, #3445 ) ) ;
#4474 = CARTESIAN_POINT ( 'NONE',  ( 0.5193958231964401800, 1.254777141261381100, 0.4600000000000000200 ) ) ;
#4475 = ORIENTED_EDGE ( 'NONE', *, *, #603, .T. ) ;
#4476 = ADVANCED_FACE ( 'NONE', ( #7464 ), #9181, .F. ) ;
#4477 = CARTESIAN_POINT ( 'NONE',  ( 0.4223397433032848900, 1.120142409117864700, 0.4700000000000000300 ) ) ;
#4478 = CARTESIAN_POINT ( 'NONE',  ( 0.4105503622049631600, 1.131990737121612900, 0.4700000000000000300 ) ) ;
#4479 = CARTESIAN_POINT ( 'NONE',  ( -0.3716495146639740000, 1.188663623501164700, 0.4600000000000000200 ) ) ;
#4480 = CARTESIAN_POINT ( 'NONE',  ( -0.1486714552719857500, 1.004214897581257300, 0.4700000000000000300 ) ) ;
#4481 = B_SPLINE_CURVE_WITH_KNOTS ( 'NONE', 3,
 ( #9740, #9992, #7283, #1599 ),
 .UNSPECIFIED., .F., .F.,
 ( 4, 4 ),
 ( 34.00000000000000000, 35.00000000000000000 ),
 .UNSPECIFIED. ) ;
#4482 = ORIENTED_EDGE ( 'NONE', *, *, #4405, .T. ) ;
#4483 = VERTEX_POINT ( 'NONE', #6609 ) ;
#4484 = EDGE_CURVE ( 'NONE', #9422, #4767, #1581, .T. ) ;
#4485 = VERTEX_POINT ( 'NONE', #5780 ) ;
#4486 = CARTESIAN_POINT ( 'NONE',  ( 0.5827342731477004300, 1.285960054266472900, 0.4700000000000000300 ) ) ;
#4487 = DIRECTION ( 'NONE',  ( 0.0000000000000000000, -1.000000000000000000, 0.0000000000000000000 ) ) ;
#4488 = CARTESIAN_POINT ( 'NONE',  ( 0.6812050787714428700, 1.160756827001928200, 0.4600000000000000200 ) ) ;
#4489 =( LENGTH_UNIT ( ) NAMED_UNIT ( * ) SI_UNIT ( .MILLI., .METRE. ) );
#4490 = ORIENTED_EDGE ( 'NONE', *, *, #7709, .T. ) ;
#4491 = LINE ( 'NONE', #1164, #5488 ) ;
#4492 = ORIENTED_EDGE ( 'NONE', *, *, #9868, .F. ) ;
#4493 = EDGE_CURVE ( 'NONE', #1391, #844, #10544, .T. ) ;
#4494 = CARTESIAN_POINT ( 'NONE',  ( -1.000000000000000000, 1.500000000000000000, 0.0000000000000000000 ) ) ;
#4495 = CARTESIAN_POINT ( 'NONE',  ( 0.1005392912368313900, 1.138657512868168400, 0.4600000000000000200 ) ) ;
#4496 = VECTOR ( 'NONE', #567, 1000.000000000000000 ) ;
#4497 =( GEOMETRIC_REPRESENTATION_CONTEXT ( 3 ) GLOBAL_UNCERTAINTY_ASSIGNED_CONTEXT ( ( #2844 ) ) GLOBAL_UNIT_ASSIGNED_CONTEXT ( ( #1852, #8344, #9175 ) ) REPRESENTATION_CONTEXT ( 'NONE', 'WORKASPACE' ) );
#4498 = PRESENTATION_STYLE_ASSIGNMENT (( #576 ) ) ;
#4499 = CARTESIAN_POINT ( 'NONE',  ( -0.3750000000000001100, 1.500000000000000000, 0.4600000000000000200 ) ) ;
#4500 = CARTESIAN_POINT ( 'NONE',  ( -1.000000000000000000, 1.500000000000000000, 0.4600000000000000200 ) ) ;
#4501 = ORIENTED_EDGE ( 'NONE', *, *, #1660, .T. ) ;
#4502 = EDGE_CURVE ( 'NONE', #7681, #7892, #4260, .T. ) ;
#4503 = CARTESIAN_POINT ( 'NONE',  ( 0.4254934027470531600, 1.112479311403996400, 0.4600000000000000200 ) ) ;
#4504 = VERTEX_POINT ( 'NONE', #7592 ) ;
#4505 = CARTESIAN_POINT ( 'NONE',  ( -0.1937589136159163500, 1.168989123799456100, 0.4700000000000000300 ) ) ;
#4506 = ORIENTED_EDGE ( 'NONE', *, *, #2073, .F. ) ;
#4507 = VECTOR ( 'NONE', #9902, 1000.000000000000000 ) ;
#4508 = CARTESIAN_POINT ( 'NONE',  ( 0.002986411752271779200, 1.155052989223940500, 0.4700000000000000300 ) ) ;
#4509 = EDGE_LOOP ( 'NONE', ( #2342, #10201, #4821, #8480 ) ) ;
#4510 = CARTESIAN_POINT ( 'NONE',  ( 0.4356027970391914700, 1.306768311905006900, 0.4700000000000000300 ) ) ;
#4511 = CARTESIAN_POINT ( 'NONE',  ( 0.4481584879088261200, 1.079704831950077300, 0.4600000000000000200 ) ) ;
#4512 = VERTEX_POINT ( 'NONE', #7552 ) ;
#4513 = ORIENTED_EDGE ( 'NONE', *, *, #9775, .F. ) ;
#4514 = LINE ( 'NONE', #6164, #10532 ) ;
#4515 = ORIENTED_EDGE ( 'NONE', *, *, #447, .T. ) ;
#4516 = B_SPLINE_CURVE_WITH_KNOTS ( 'NONE', 3,
 ( #6925, #10298, #1215, #5266 ),
 .UNSPECIFIED., .F., .F.,
 ( 4, 4 ),
 ( 8.000000000000000000, 9.000000000000000000 ),
 .UNSPECIFIED. ) ;
#4517 = COLOUR_RGB ( '',0.6666666666666666300, 0.6666666666666666300, 0.6666666666666666300 ) ;
#4518 = CARTESIAN_POINT ( 'NONE',  ( 0.0000000000000000000, -1.101000000000000000, -0.0000000000000000000 ) ) ;
#4519 = DIRECTION ( 'NONE',  ( 1.000000000000000000, 0.0000000000000000000, 0.0000000000000000000 ) ) ;
#4520 = CARTESIAN_POINT ( 'NONE',  ( 0.4882718570963850400, 1.032311519934303100, 0.4700000000000000300 ) ) ;
#4521 = DIRECTION ( 'NONE',  ( -1.000000000000000000, 0.0000000000000000000, 0.0000000000000000000 ) ) ;
#4522 = CARTESIAN_POINT ( 'NONE',  ( 0.3376625135642761200, 1.074812238794314600, 0.4700000000000000300 ) ) ;
#4523 = EDGE_CURVE ( 'NONE', #10308, #3051, #5584, .T. ) ;
#4524 = VERTEX_POINT ( 'NONE', #3418 ) ;
#4525 = DIRECTION ( 'NONE',  ( 0.0000000000000000000, -0.0000000000000000000, 1.000000000000000000 ) ) ;
#4526 = EDGE_CURVE ( 'NONE', #870, #795, #2856, .T. ) ;
#4527 = VERTEX_POINT ( 'NONE', #9918 ) ;
#4528 = CARTESIAN_POINT ( 'NONE',  ( 0.5799932420423163900, 1.123856064163558400, 0.4700000000000000300 ) ) ;
#4529 = ADVANCED_FACE ( 'NONE', ( #4853 ), #10081, .T. ) ;
#4530 = PLANE ( 'NONE',  #3408 ) ;
#4531 = ORIENTED_EDGE ( 'NONE', *, *, #10418, .T. ) ;
#4532 = DIRECTION ( 'NONE',  ( -1.000000000000000000, 0.0000000000000000000, 0.0000000000000000000 ) ) ;
#4533 = CARTESIAN_POINT ( 'NONE',  ( 0.3578223552423515100, 1.068622813717637500, 0.4700000000000000300 ) ) ;
#4534 = DIRECTION ( 'NONE',  ( 0.0000000000000000000, 0.0000000000000000000, 1.000000000000000000 ) ) ;
#4535 = ORIENTED_EDGE ( 'NONE', *, *, #5421, .T. ) ;
#4536 = CARTESIAN_POINT ( 'NONE',  ( 0.4459185055003235800, 1.131224427350304900, 0.4700000000000000300 ) ) ;
#4537 = ORIENTED_EDGE ( 'NONE', *, *, #131, .T. ) ;
#4538 = CARTESIAN_POINT ( 'NONE',  ( 0.6486958603927232000, 1.356932128478893600, 0.4700000000000000300 ) ) ;
#4539 = VECTOR ( 'NONE', #10454, 1000.000000000000000 ) ;
#4540 = ORIENTED_EDGE ( 'NONE', *, *, #2161, .T. ) ;
#4541 = DIRECTION ( 'NONE',  ( -0.0000000000000000000, -0.0000000000000000000, -1.000000000000000000 ) ) ;
#4542 = CARTESIAN_POINT ( 'NONE',  ( 0.4267312877625429300, 1.128159188264286700, 0.4700000000000000300 ) ) ;
#4543 = CARTESIAN_POINT ( 'NONE',  ( -0.1250000000000001100, 1.500999999999999900, -0.04000000000000000100 ) ) ;
#4544 = EDGE_LOOP ( 'NONE', ( #5345, #2001, #6320, #9963, #10133, #10604, #6695, #3983, #9044, #1540, #2273, #1201 ) ) ;
#4545 = CARTESIAN_POINT ( 'NONE',  ( 0.8749999999999998900, -1.500000000000000000, 0.1000000000000000100 ) ) ;
#4546 = STYLED_ITEM ( 'NONE', ( #903 ), #282 ) ;
#4547 = CARTESIAN_POINT ( 'NONE',  ( 0.3287025839294849800, 1.063258645317694200, 0.4700000000000000300 ) ) ;
#4548 = VECTOR ( 'NONE', #5158, 1000.000000000000000 ) ;
#4549 = B_SPLINE_CURVE_WITH_KNOTS ( 'NONE', 3,
 ( #6806, #9259, #1046, #4419 ),
 .UNSPECIFIED., .F., .F.,
 ( 4, 4 ),
 ( 6.000000000000000000, 7.000000000000000000 ),
 .UNSPECIFIED. ) ;
#4550 = CARTESIAN_POINT ( 'NONE',  ( -0.7000000000000000700, -1.200000000000000200, 0.4400000000000000000 ) ) ;
#4551 = VECTOR ( 'NONE', #218, 1000.000000000000100 ) ;
#4552 = ORIENTED_EDGE ( 'NONE', *, *, #1605, .F. ) ;
#4553 = VECTOR ( 'NONE', #6965, 1000.000000000000000 ) ;
#4554 = DIRECTION ( 'NONE',  ( -1.000000000000000000, 0.0000000000000000000, 0.0000000000000000000 ) ) ;
#4555 = CARTESIAN_POINT ( 'NONE',  ( 0.4419690628321468800, 1.089607912072449800, 0.4600000000000000200 ) ) ;
#4556 = ORIENTED_EDGE ( 'NONE', *, *, #3218, .F. ) ;
#4557 = VECTOR ( 'NONE', #2308, 1000.000000000000000 ) ;
#4558 = CARTESIAN_POINT ( 'NONE',  ( -0.1117817038333259600, 1.094389845541732000, 0.4700000000000000300 ) ) ;
#4559 = DIRECTION ( 'NONE',  ( 0.0000000000000000000, 0.0000000000000000000, 1.000000000000000000 ) ) ;
#4560 = VECTOR ( 'NONE', #3378, 1000.000000000000200 ) ;
#4561 = EDGE_CURVE ( 'NONE', #906, #9537, #10202, .T. ) ;
#4562 = CARTESIAN_POINT ( 'NONE',  ( 0.3471529653482771100, 1.341193304712389600, 0.4600000000000000200 ) ) ;
#4563 = VERTEX_POINT ( 'NONE', #2670 ) ;
#4564 = VECTOR ( 'NONE', #8592, 1000.000000000000000 ) ;
#4565 = VERTEX_POINT ( 'NONE', #185 ) ;
#4566 = EDGE_CURVE ( 'NONE', #3926, #8600, #952, .T. ) ;
#4567 = CARTESIAN_POINT ( 'NONE',  ( -0.3750000000000001100, -1.500000000000000000, 0.1000000000000000100 ) ) ;
#4568 = UNCERTAINTY_MEASURE_WITH_UNIT (LENGTH_MEASURE( 1.000000000000000100E-005 ), #9562, 'distance_accuracy_value', 'NONE');
#4569 = DIRECTION ( 'NONE',  ( 0.0000000000000000000, 0.0000000000000000000, 1.000000000000000000 ) ) ;
#4570 = CARTESIAN_POINT ( 'NONE',  ( 0.5694122725059784800, 1.351862694606856200, 0.4600000000000000200 ) ) ;
#4571 = CARTESIAN_POINT ( 'NONE',  ( -0.1945787046334087300, 1.117343431132259900, 0.4700000000000000300 ) ) ;
#4572 = CARTESIAN_POINT ( 'NONE',  ( -0.2265498037833977300, 1.320646951733529500, 0.4700000000000000300 ) ) ;
#4573 = EDGE_CURVE ( 'NONE', #2637, #9577, #399, .T. ) ;
#4574 = ORIENTED_EDGE ( 'NONE', *, *, #691, .F. ) ;
#4575 = VECTOR ( 'NONE', #160, 1000.000000000000000 ) ;
#4576 = EDGE_CURVE ( 'NONE', #7982, #8142, #10566, .T. ) ;
#4577 = ORIENTED_EDGE ( 'NONE', *, *, #7291, .T. ) ;
#4578 = ADVANCED_FACE ( 'NONE', ( #4427 ), #3644, .F. ) ;
#4579 = DIRECTION ( 'NONE',  ( -0.0000000000000000000, 1.000000000000000000, -0.0000000000000000000 ) ) ;
#4580 = FACE_OUTER_BOUND ( 'NONE', #8718, .T. ) ;
#4581 = CARTESIAN_POINT ( 'NONE',  ( 0.4322722968787630600, 1.108235134207909300, 0.4600000000000000200 ) ) ;
#4582 = LINE ( 'NONE', #4055, #4460 ) ;
#4583 = ORIENTED_EDGE ( 'NONE', *, *, #8730, .F. ) ;
#4584 = DIRECTION ( 'NONE',  ( 0.0000000000000000000, 0.0000000000000000000, 1.000000000000000000 ) ) ;
#4585 = SURFACE_STYLE_USAGE ( .BOTH. , #9507 ) ;
#4586 = ORIENTED_EDGE ( 'NONE', *, *, #989, .T. ) ;
#4587 = EDGE_CURVE ( 'NONE', #807, #4193, #4377, .T. ) ;
#4588 = CARTESIAN_POINT ( 'NONE',  ( 0.004625931243200571500, 1.108325948845417100, 0.4600000000000000200 ) ) ;
#4589 = B_SPLINE_CURVE_WITH_KNOTS ( 'NONE', 3,
 ( #6154, #8002, #8030, #4709 ),
 .UNSPECIFIED., .F., .F.,
 ( 4, 4 ),
 ( 17.00000000000000000, 18.00000000000000000 ),
 .UNSPECIFIED. ) ;
#4590 = DIRECTION ( 'NONE',  ( 0.0000000000000000000, 0.0000000000000000000, -1.000000000000000000 ) ) ;
#4591 = LINE ( 'NONE', #3787, #491 ) ;
#4592 = AXIS2_PLACEMENT_3D ( 'NONE', #2138, #5372, #8740 ) ;
#4593 = ORIENTED_EDGE ( 'NONE', *, *, #3917, .F. ) ;
#4594 = VECTOR ( 'NONE', #9527, 1000.000000000000000 ) ;
#4595 = CARTESIAN_POINT ( 'NONE',  ( 0.5368146337683330500, 1.343669074743377000, 0.4600000000000000200 ) ) ;
#4596 =( NAMED_UNIT ( * ) PLANE_ANGLE_UNIT ( ) SI_UNIT ( $, .RADIAN. ) );
#4597 = DIRECTION ( 'NONE',  ( 0.0000000000000000000, -1.000000000000000000, 0.0000000000000000000 ) ) ;
#4598 = EDGE_CURVE ( 'NONE', #7794, #9250, #10534, .T. ) ;
#4599 = FILL_AREA_STYLE ('',( #7923 ) ) ;
#4600 = DIRECTION ( 'NONE',  ( 0.0000000000000000000, -0.0000000000000000000, -1.000000000000000000 ) ) ;
#4601 = EDGE_LOOP ( 'NONE', ( #886, #10461, #3690, #6105 ) ) ;
#4602 = FACE_OUTER_BOUND ( 'NONE', #4740, .T. ) ;
#4603 = DIRECTION ( 'NONE',  ( -1.000000000000000000, 0.0000000000000000000, 0.0000000000000000000 ) ) ;
#4604 = FILL_AREA_STYLE_COLOUR ( '', #10597 ) ;
#4605 =( LENGTH_UNIT ( ) NAMED_UNIT ( * ) SI_UNIT ( .MILLI., .METRE. ) );
#4606 = ORIENTED_EDGE ( 'NONE', *, *, #8717, .F. ) ;
#4607 = EDGE_CURVE ( 'NONE', #280, #3361, #3497, .T. ) ;
#4608 = PRESENTATION_STYLE_ASSIGNMENT (( #8230 ) ) ;
#4609 = ORIENTED_EDGE ( 'NONE', *, *, #8175, .F. ) ;
#4610 = CARTESIAN_POINT ( 'NONE',  ( 0.5700901619191470800, 1.332822844132638900, 0.4700000000000000300 ) ) ;
#4611 = CARTESIAN_POINT ( 'NONE',  ( -0.02242651561890166700, 1.198500928076939600, 0.4700000000000000300 ) ) ;
#4612 = ADVANCED_FACE ( 'NONE', ( #4276 ), #5181, .T. ) ;
#4613 = CARTESIAN_POINT ( 'NONE',  ( 0.6212266024333380500, 1.123856064163558400, 0.4600000000000000200 ) ) ;
#4614 = CARTESIAN_POINT ( 'NONE',  ( 0.4581499883897264300, 1.094736292850697800, 0.4700000000000000300 ) ) ;
#4615 = ORIENTED_EDGE ( 'NONE', *, *, #7767, .F. ) ;
#4616 = FACE_OUTER_BOUND ( 'NONE', #1417, .T. ) ;
#4617 = ORIENTED_EDGE ( 'NONE', *, *, #1131, .T. ) ;
#4618 = ORIENTED_EDGE ( 'NONE', *, *, #8098, .F. ) ;
#4619 = DIRECTION ( 'NONE',  ( 0.0000000000000000000, 0.0000000000000000000, 1.000000000000000000 ) ) ;
#4620 = DIRECTION ( 'NONE',  ( -1.000000000000000000, -0.0000000000000000000, -0.0000000000000000000 ) ) ;
#4621 = CARTESIAN_POINT ( 'NONE',  ( 0.3489508459656977500, 1.107645665153660100, 0.4700000000000000300 ) ) ;
#4622 = SURFACE_STYLE_FILL_AREA ( #2260 ) ;
#4623 = EDGE_CURVE ( 'NONE', #280, #5803, #9228, .T. ) ;
#4624 = VECTOR ( 'NONE', #8807, 1000.000000000000000 ) ;
#4625 = ORIENTED_EDGE ( 'NONE', *, *, #5294, .T. ) ;
#4626 = DIRECTION ( 'NONE',  ( -1.000000000000000000, 0.0000000000000000000, 0.0000000000000000000 ) ) ;
#4627 = DIRECTION ( 'NONE',  ( -0.0000000000000000000, -0.0000000000000000000, -1.000000000000000000 ) ) ;
#4628 = DIRECTION ( 'NONE',  ( -0.0000000000000000000, 1.000000000000000000, -0.0000000000000000000 ) ) ;
#4629 = CARTESIAN_POINT ( 'NONE',  ( 0.3019112153832579900, 1.110651957333468100, 0.4700000000000000300 ) ) ;
#4630 = AXIS2_PLACEMENT_3D ( 'NONE', #6081, #10216, #2763 ) ;
#4631 = CARTESIAN_POINT ( 'NONE',  ( 0.004625931243200571500, 1.108325948845417100, 0.4700000000000000300 ) ) ;
#4632 = AXIS2_PLACEMENT_3D ( 'NONE', #7107, #2124, #7862 ) ;
#4633 = CARTESIAN_POINT ( 'NONE',  ( 0.4395227662542640600, 1.105405682744374300, 0.4600000000000000200 ) ) ;
#4634 = LINE ( 'NONE', #5657, #10518 ) ;
#4635 = ADVANCED_FACE ( 'NONE', ( #10281 ), #9742, .F. ) ;
#4636 = VERTEX_POINT ( 'NONE', #9256 ) ;
#4637 = FACE_OUTER_BOUND ( 'NONE', #4905, .T. ) ;
#4638 = EDGE_CURVE ( 'NONE', #5073, #6747, #1332, .T. ) ;
#4639 = ORIENTED_EDGE ( 'NONE', *, *, #1393, .F. ) ;
#4640 = PLANE ( 'NONE',  #8227 ) ;
#4641 = DIRECTION ( 'NONE',  ( 0.0000000000000000000, 1.000000000000000000, 0.0000000000000000000 ) ) ;
#4642 = CARTESIAN_POINT ( 'NONE',  ( 0.004625931243200571500, 1.108325948845417100, 0.4600000000000000200 ) ) ;
#4643 = DIRECTION ( 'NONE',  ( 0.8863488427958595700, 0.4630180653866979300, 0.0000000000000000000 ) ) ;
#4644 = FILL_AREA_STYLE_COLOUR ( '', #5039 ) ;
#4645 = CARTESIAN_POINT ( 'NONE',  ( 0.3477424344033106000, 1.056774485713890800, 0.4600000000000000200 ) ) ;
#4646 = ORIENTED_EDGE ( 'NONE', *, *, #1072, .T. ) ;
#4647 = LINE ( 'NONE', #765, #2446 ) ;
#4648 = EDGE_LOOP ( 'NONE', ( #8208, #6199, #3887, #5931 ) ) ;
#4649 = ORIENTED_EDGE ( 'NONE', *, *, #4179, .T. ) ;
#4650 = EDGE_CURVE ( 'NONE', #204, #23, #7846, .T. ) ;
#4651 = CARTESIAN_POINT ( 'NONE',  ( -0.1945787046334087300, 1.053401170288617000, 0.4700000000000000300 ) ) ;
#4652 = DIRECTION ( 'NONE',  ( 1.000000000000000000, -0.0000000000000000000, -0.0000000000000000000 ) ) ;
#4653 = CARTESIAN_POINT ( 'NONE',  ( 0.3580286694117305000, 1.142954861543203500, 0.4600000000000000200 ) ) ;
#4654 = PRESENTATION_STYLE_ASSIGNMENT (( #10623 ) ) ;
#4655 = CARTESIAN_POINT ( 'NONE',  ( 0.4276154913450954700, 1.110593010428044400, 0.4600000000000000200 ) ) ;
#4656 = DIRECTION ( 'NONE',  ( 1.000000000000000000, -0.0000000000000000000, -0.0000000000000000000 ) ) ;
#4657 =( GEOMETRIC_REPRESENTATION_CONTEXT ( 3 ) GLOBAL_UNCERTAINTY_ASSIGNED_CONTEXT ( ( #10467 ) ) GLOBAL_UNIT_ASSIGNED_CONTEXT ( ( #1383, #6979, #7804 ) ) REPRESENTATION_CONTEXT ( 'NONE', 'WORKASPACE' ) );
#4658 = ORIENTED_EDGE ( 'NONE', *, *, #4961, .F. ) ;
#4659 = ORIENTED_EDGE ( 'NONE', *, *, #9295, .T. ) ;
#4660 = ADVANCED_FACE ( 'NONE', ( #7327, #5641, #2964, #1938, #5897, #9750, #6286, #10405, #7579, #286, #1681, #3768, #3232, #2327, #6159 ), #334, .F. ) ;
#4661 = ORIENTED_EDGE ( 'NONE', *, *, #4576, .T. ) ;
#4662 = DIRECTION ( 'NONE',  ( -0.0000000000000000000, -0.0000000000000000000, -1.000000000000000000 ) ) ;
#4663 = PLANE ( 'NONE',  #5545 ) ;
#4664 = LINE ( 'NONE', #4065, #4539 ) ;
#4665 = LINE ( 'NONE', #4370, #162 ) ;
#4666 = CARTESIAN_POINT ( 'NONE',  ( -0.2265498194193134900, 1.103407296556745200, 0.4700000000000000300 ) ) ;
#4667 = CARTESIAN_POINT ( 'NONE',  ( -0.2716373012175112300, 1.059959404611489300, 0.4600000000000000200 ) ) ;
#4668 = CARTESIAN_POINT ( 'NONE',  ( 0.6812050787714428700, 1.160756827001928200, 0.4600000000000000200 ) ) ;
#4669 = ORIENTED_EDGE ( 'NONE', *, *, #6080, .F. ) ;
#4670 = LINE ( 'NONE', #251, #7724 ) ;
#4671 = VERTEX_POINT ( 'NONE', #2933 ) ;
#4672 = VECTOR ( 'NONE', #1779, 1000.000000000000000 ) ;
#4673 = CARTESIAN_POINT ( 'NONE',  ( 0.4704993650903677700, 1.141068560567251300, 0.4600000000000000200 ) ) ;
#4674 = PLANE ( 'NONE',  #3053 ) ;
#4675 = DIRECTION ( 'NONE',  ( 0.0000000000000000000, -1.000000000000000000, 0.0000000000000000000 ) ) ;
#4676 = DIRECTION ( 'NONE',  ( -0.0000000000000000000, -0.0000000000000000000, -1.000000000000000000 ) ) ;
#4677 = CARTESIAN_POINT ( 'NONE',  ( 0.5799932420423163900, 1.123856064163558400, 0.4600000000000000200 ) ) ;
#4678 = ORIENTED_EDGE ( 'NONE', *, *, #1238, .F. ) ;
#4679 = VECTOR ( 'NONE', #5147, 1000.000000000000000 ) ;
#4680 = CARTESIAN_POINT ( 'NONE',  ( 0.7427751215583920900, 1.117843479803158500, 0.4700000000000000300 ) ) ;
#4681 = ORIENTED_EDGE ( 'NONE', *, *, #8446, .F. ) ;
#4682 = FACE_OUTER_BOUND ( 'NONE', #7450, .T. ) ;
#4683 = SURFACE_STYLE_FILL_AREA ( #7585 ) ;
#4684 = ADVANCED_FACE ( 'NONE', ( #809 ), #10357, .T. ) ;
#4685 = CARTESIAN_POINT ( 'NONE',  ( -0.1626075898475035600, 1.085372300710436800, 0.4700000000000000300 ) ) ;
#4686 = ORIENTED_EDGE ( 'NONE', *, *, #8620, .F. ) ;
#4687 =( NAMED_UNIT ( * ) PLANE_ANGLE_UNIT ( ) SI_UNIT ( $, .RADIAN. ) );
#4688 = CARTESIAN_POINT ( 'NONE',  ( 0.4827897948855858200, 1.019932669780945400, 0.4600000000000000200 ) ) ;
#4689 = CARTESIAN_POINT ( 'NONE',  ( 0.3216289552702570300, 1.080765876249294000, 0.4600000000000000200 ) ) ;
#4690 = ORIENTED_EDGE ( 'NONE', *, *, #4493, .T. ) ;
#4691 = FACE_OUTER_BOUND ( 'NONE', #9050, .T. ) ;
#4692 = CARTESIAN_POINT ( 'NONE',  ( 0.3287025839294849800, 1.063258645317694200, 0.4600000000000000200 ) ) ;
#4693 = LINE ( 'NONE', #2467, #9544 ) ;
#4694 = ORIENTED_EDGE ( 'NONE', *, *, #2901, .T. ) ;
#4695 = CARTESIAN_POINT ( 'NONE',  ( 0.8090019698786129500, 1.174019880737444500, 0.4600000000000000200 ) ) ;
#4696 = PLANE ( 'NONE',  #6422 ) ;
#4697 = PLANE ( 'NONE',  #6075 ) ;
#4698 = ORIENTED_EDGE ( 'NONE', *, *, #4254, .T. ) ;
#4699 = EDGE_CURVE ( 'NONE', #1491, #7089, #1814, .T. ) ;
#4700 = CARTESIAN_POINT ( 'NONE',  ( -0.2290091299273436800, 1.168989123799456100, 0.4700000000000000300 ) ) ;
#4701 = LINE ( 'NONE', #3975, #2499 ) ;
#4702 = EDGE_LOOP ( 'NONE', ( #7361, #6898, #7478, #3727 ) ) ;
#4703 = SURFACE_STYLE_FILL_AREA ( #6711 ) ;
#4704 = CARTESIAN_POINT ( 'NONE',  ( 0.3976409899023887800, 1.338599640871340500, 0.4600000000000000200 ) ) ;
#4705 = ORIENTED_EDGE ( 'NONE', *, *, #10208, .F. ) ;
#4706 =( NAMED_UNIT ( * ) SI_UNIT ( $, .STERADIAN. ) SOLID_ANGLE_UNIT ( ) );
#4707 = CARTESIAN_POINT ( 'NONE',  ( 0.3703190992065542600, 1.358877376360267700, 0.4600000000000000200 ) ) ;
#4708 = ADVANCED_FACE ( 'NONE', ( #9498 ), #6213, .T. ) ;
#4709 = CARTESIAN_POINT ( 'NONE',  ( -0.3200038376330879300, 1.190303205535364800, 0.4700000000000000300 ) ) ;
#4710 = CARTESIAN_POINT ( 'NONE',  ( 0.7814148181083631100, 1.103283594146726700, 0.4600000000000000200 ) ) ;
#4711 = EDGE_CURVE ( 'NONE', #3404, #10577, #10136, .T. ) ;
#4712 = VECTOR ( 'NONE', #7957, 999.9999999999998900 ) ;
#4713 = VERTEX_POINT ( 'NONE', #2966 ) ;
#4714 = VECTOR ( 'NONE', #4739, 1000.000000000000000 ) ;
#4715 = ORIENTED_EDGE ( 'NONE', *, *, #6591, .F. ) ;
#4716 = DIRECTION ( 'NONE',  ( 0.0000000000000000000, -0.0000000000000000000, 1.000000000000000000 ) ) ;
#4717 = CARTESIAN_POINT ( 'NONE',  ( -0.02570561714402799100, 1.083732781219903100, 0.4600000000000000200 ) ) ;
#4718 = CARTESIAN_POINT ( 'NONE',  ( 0.6370243731052528400, 1.286195841888956300, 0.4600000000000000200 ) ) ;
#4719 = CARTESIAN_POINT ( 'NONE',  ( 0.6992723053045858400, 1.174019880737444500, 0.4700000000000000300 ) ) ;
#4720 = LINE ( 'NONE', #869, #2517 ) ;
#4721 = CARTESIAN_POINT ( 'NONE',  ( 0.3382519826189163700, 1.265092849722512700, 0.4700000000000000300 ) ) ;
#4722 = VERTEX_POINT ( 'NONE', #2112 ) ;
#4723 = EDGE_CURVE ( 'NONE', #10550, #4773, #8711, .T. ) ;
#4724 = ORIENTED_EDGE ( 'NONE', *, *, #798, .F. ) ;
#4725 = EDGE_CURVE ( 'NONE', #9135, #870, #5262, .T. ) ;
#4726 = ORIENTED_EDGE ( 'NONE', *, *, #2971, .F. ) ;
#4727 = CARTESIAN_POINT ( 'NONE',  ( -0.02570561714403015900, 1.338681939761879200, 0.4700000000000000300 ) ) ;
#4728 = DIRECTION ( 'NONE',  ( 0.0000000000000000000, -0.0000000000000000000, -1.000000000000000000 ) ) ;
#4729 = AXIS2_PLACEMENT_3D ( 'NONE', #9685, #5598, #730 ) ;
#4730 = DIRECTION ( 'NONE',  ( 1.000000000000000000, 0.0000000000000000000, 0.0000000000000000000 ) ) ;
#4731 = CARTESIAN_POINT ( 'NONE',  ( 1.000000000000000000, 1.500000000000000000, 0.4600000000000000200 ) ) ;
#4732 = VECTOR ( 'NONE', #357, 1000.000000000000000 ) ;
#4733 = CARTESIAN_POINT ( 'NONE',  ( 0.3580286694117305000, 1.142954861543203500, 0.4700000000000000300 ) ) ;
#4734 = CARTESIAN_POINT ( 'NONE',  ( 0.3261089200876473000, 1.255425557221839600, 0.4700000000000000300 ) ) ;
#4735 = ORIENTED_EDGE ( 'NONE', *, *, #6887, .T. ) ;
#4736 = ORIENTED_EDGE ( 'NONE', *, *, #2367, .F. ) ;
#4737 = CARTESIAN_POINT ( 'NONE',  ( 0.5799932420423104000, 1.071864893519935500, 0.4600000000000000200 ) ) ;
#4738 = EDGE_CURVE ( 'NONE', #7749, #7521, #1895, .T. ) ;
#4739 = DIRECTION ( 'NONE',  ( 0.0000000000000000000, -1.000000000000000000, 0.0000000000000000000 ) ) ;
#4740 = EDGE_LOOP ( 'NONE', ( #7487, #3593, #1148, #940 ) ) ;
#4741 = DIRECTION ( 'NONE',  ( -0.0000000000000000000, 0.0000000000000000000, -1.000000000000000000 ) ) ;
#4742 = CARTESIAN_POINT ( 'NONE',  ( 0.5616607544331838600, 1.340073313508533900, 0.4600000000000000200 ) ) ;
#4743 = VERTEX_POINT ( 'NONE', #9548 ) ;
#4744 = EDGE_CURVE ( 'NONE', #1688, #1465, #408, .T. ) ;
#4745 = COLOUR_RGB ( '',0.6666666666666666300, 0.6666666666666666300, 0.6666666666666666300 ) ;
#4746 = CARTESIAN_POINT ( 'NONE',  ( 0.3892115824168184100, 1.255543451032689500, 0.4600000000000000200 ) ) ;
#4747 = ORIENTED_EDGE ( 'NONE', *, *, #3200, .T. ) ;
#4748 = CARTESIAN_POINT ( 'NONE',  ( 0.3261089200876473000, 1.255425557221839600, 0.4700000000000000300 ) ) ;
#4749 = ORIENTED_EDGE ( 'NONE', *, *, #10121, .T. ) ;
#4750 = CARTESIAN_POINT ( 'NONE',  ( 0.5362251647140857700, 1.241631981336718300, 0.4600000000000000200 ) ) ;
#4751 = CARTESIAN_POINT ( 'NONE',  ( -0.1250000000000001100, 1.101000000000000000, 0.1000000000000000100 ) ) ;
#4752 = UNCERTAINTY_MEASURE_WITH_UNIT (LENGTH_MEASURE( 1.000000000000000100E-005 ), #119, 'distance_accuracy_value', 'NONE');
#4753 = EDGE_CURVE ( 'NONE', #4461, #2594, #1802, .T. ) ;
#4754 = ADVANCED_FACE ( 'NONE', ( #1319 ), #6685, .F. ) ;
#4755 = VERTEX_POINT ( 'NONE', #3860 ) ;
#4756 = COLOUR_RGB ( '',0.6666666666666666300, 0.6666666666666666300, 0.6666666666666666300 ) ;
#4757 = CARTESIAN_POINT ( 'NONE',  ( 0.4866508171952374000, 1.141068560567251300, 0.4700000000000000300 ) ) ;
#4758 = VERTEX_POINT ( 'NONE', #10239 ) ;
#4759 = VECTOR ( 'NONE', #3718, 1000.000000000000000 ) ;
#4760 = ORIENTED_EDGE ( 'NONE', *, *, #9542, .T. ) ;
#4761 = CARTESIAN_POINT ( 'NONE',  ( 0.1249999999999998900, 1.500999999999999900, 0.1000000000000000100 ) ) ;
#4762 = CARTESIAN_POINT ( 'NONE',  ( 0.1210335975911644700, 1.095209605287003500, 0.4600000000000000200 ) ) ;
#4763 = EDGE_CURVE ( 'NONE', #8903, #6294, #3485, .T. ) ;
#4764 = FILL_AREA_STYLE ('',( #2860 ) ) ;
#4765 = CARTESIAN_POINT ( 'NONE',  ( 0.8749999999999998900, -1.500999999999999900, -0.04000000000000000100 ) ) ;
#4766 = ORIENTED_EDGE ( 'NONE', *, *, #5101, .T. ) ;
#4767 = VERTEX_POINT ( 'NONE', #5599 ) ;
#4768 = FACE_OUTER_BOUND ( 'NONE', #6440, .T. ) ;
#4769 = EDGE_CURVE ( 'NONE', #844, #2375, #9738, .T. ) ;
#4770 = ORIENTED_EDGE ( 'NONE', *, *, #3994, .T. ) ;
#4771 = FILL_AREA_STYLE ('',( #6612 ) ) ;
#4772 = DIRECTION ( 'NONE',  ( -0.0000000000000000000, -1.000000000000000000, -0.0000000000000000000 ) ) ;
#4773 = VERTEX_POINT ( 'NONE', #4695 ) ;
#4774 = DIRECTION ( 'NONE',  ( -0.4673073067545626700, 0.8840949502478775400, 0.0000000000000000000 ) ) ;
#4775 = ORIENTED_EDGE ( 'NONE', *, *, #1440, .T. ) ;
#4776 = CARTESIAN_POINT ( 'NONE',  ( 0.3749999999999998900, 0.0000000000000000000, -0.0000000000000000000 ) ) ;
#4777 = DIRECTION ( 'NONE',  ( -1.000000000000000000, -0.0000000000000000000, -0.0000000000000000000 ) ) ;
#4778 = EDGE_LOOP ( 'NONE', ( #2923, #6076, #8541, #6324 ) ) ;
#4779 = FILL_AREA_STYLE ('',( #6155 ) ) ;
#4780 = LINE ( 'NONE', #503, #8856 ) ;
#4781 = EDGE_LOOP ( 'NONE', ( #2778, #2993, #7595, #1668 ) ) ;
#4782 = ORIENTED_EDGE ( 'NONE', *, *, #6583, .F. ) ;
#4783 = CARTESIAN_POINT ( 'NONE',  ( 0.4105503622049631600, 1.131990737121612900, 0.4600000000000000200 ) ) ;
#4784 = ORIENTED_EDGE ( 'NONE', *, *, #8175, .T. ) ;
#4785 =( NAMED_UNIT ( * ) SI_UNIT ( $, .STERADIAN. ) SOLID_ANGLE_UNIT ( ) );
#4786 = CARTESIAN_POINT ( 'NONE',  ( 0.4768361574306017600, 1.306768311905006900, 0.4700000000000000300 ) ) ;
#4787 = CARTESIAN_POINT ( 'NONE',  ( -0.8750000000000001100, -1.500999999999999900, 0.1000000000000000100 ) ) ;
#4788 = MECHANICAL_DESIGN_GEOMETRIC_PRESENTATION_REPRESENTATION (  '', ( #4980 ), #2044 ) ;
#4789 = EDGE_CURVE ( 'NONE', #6479, #6691, #9087, .T. ) ;
#4790 = ORIENTED_EDGE ( 'NONE', *, *, #6553, .T. ) ;
#4791 = FACE_OUTER_BOUND ( 'NONE', #5920, .T. ) ;
#4792 = CARTESIAN_POINT ( 'NONE',  ( 0.8749999999999998900, 1.500999999999999900, -0.04000000000000000100 ) ) ;
#4793 = DIRECTION ( 'NONE',  ( -0.0000000000000000000, -0.0000000000000000000, -1.000000000000000000 ) ) ;
#4794 = ORIENTED_EDGE ( 'NONE', *, *, #6600, .T. ) ;
#4795 = FACE_OUTER_BOUND ( 'NONE', #10434, .T. ) ;
#4796 = DIRECTION ( 'NONE',  ( -0.0000000000000000000, 1.000000000000000000, -0.0000000000000000000 ) ) ;
#4797 = CARTESIAN_POINT ( 'NONE',  ( 0.4590341919722750700, 1.139300153402147900, 0.4700000000000000300 ) ) ;
#4798 = DIRECTION ( 'NONE',  ( -0.0000000000000000000, -0.0000000000000000000, -1.000000000000000000 ) ) ;
#4799 = CARTESIAN_POINT ( 'NONE',  ( 0.07020774284960168400, 1.280478106588094100, 0.4700000000000000300 ) ) ;
#4800 = B_SPLINE_CURVE_WITH_KNOTS ( 'NONE', 3,
 ( #6256, #8649, #1390, #7812 ),
 .UNSPECIFIED., .F., .F.,
 ( 4, 4 ),
 ( 2.000000000000000000, 3.000000000000000000 ),
 .UNSPECIFIED. ) ;
#4801 = EDGE_CURVE ( 'NONE', #818, #7690, #471, .T. ) ;
#4802 = CARTESIAN_POINT ( 'NONE',  ( 0.3491866335877905600, 1.239686733455341900, 0.4600000000000000200 ) ) ;
#4803 = ORIENTED_EDGE ( 'NONE', *, *, #6291, .F. ) ;
#4804 = PRESENTATION_STYLE_ASSIGNMENT (( #2009 ) ) ;
#4805 = VERTEX_POINT ( 'NONE', #9615 ) ;
#4806 = CARTESIAN_POINT ( 'NONE',  ( -0.8750000000000001100, -1.500999999999999900, 0.1000000000000000100 ) ) ;
#4807 = DIRECTION ( 'NONE',  ( 0.0000000000000000000, -0.0000000000000000000, -1.000000000000000000 ) ) ;
#4808 = CARTESIAN_POINT ( 'NONE',  ( 0.3733548648394733900, 1.085363734877148100, 0.4700000000000000300 ) ) ;
#4809 = CARTESIAN_POINT ( 'NONE',  ( -0.1945786889974947300, 1.259983847140327300, 0.4600000000000000200 ) ) ;
#4810 = DIRECTION ( 'NONE',  ( -0.0000000000000000000, 0.0000000000000000000, 1.000000000000000000 ) ) ;
#4811 = ORIENTED_EDGE ( 'NONE', *, *, #1313, .F. ) ;
#4812 = FACE_OUTER_BOUND ( 'NONE', #3769, .T. ) ;
#4813 = DIRECTION ( 'NONE',  ( 1.000000000000000000, 0.0000000000000000000, 0.0000000000000000000 ) ) ;
#4814 = ORIENTED_EDGE ( 'NONE', *, *, #3685, .T. ) ;
#4815 = EDGE_CURVE ( 'NONE', #5737, #8774, #5369, .T. ) ;
#4816 = CARTESIAN_POINT ( 'NONE',  ( 0.5052190924252708500, 1.028715758699459500, 0.4600000000000000200 ) ) ;
#4817 = CARTESIAN_POINT ( 'NONE',  ( 0.0000000000000000000, -1.101000000000000000, -0.0000000000000000000 ) ) ;
#4818 = VECTOR ( 'NONE', #510, 1000.000000000000000 ) ;
#4819 = ORIENTED_EDGE ( 'NONE', *, *, #8379, .T. ) ;
#4820 = CARTESIAN_POINT ( 'NONE',  ( -0.8750000000000001100, -1.500999999999999900, 0.1000000000000000100 ) ) ;
#4821 = ORIENTED_EDGE ( 'NONE', *, *, #1747, .F. ) ;
#4822 = MECHANICAL_DESIGN_GEOMETRIC_PRESENTATION_REPRESENTATION (  '', ( #5013 ), #9190 ) ;
#4823 = DIRECTION ( 'NONE',  ( 1.000000000000000000, 3.846415562192292200E-014, -0.0000000000000000000 ) ) ;
#4824 = CARTESIAN_POINT ( 'NONE',  ( 0.6561526439376044200, 1.342195402106187500, 0.4700000000000000300 ) ) ;
#4825 = FACE_OUTER_BOUND ( 'NONE', #6171, .T. ) ;
#4826 = EDGE_LOOP ( 'NONE', ( #1951, #9825, #8072, #2616 ) ) ;
#4827 = VECTOR ( 'NONE', #9617, 1000.000000000000000 ) ;
#4828 = CARTESIAN_POINT ( 'NONE',  ( 0.7656170474356555100, 1.058719733595270100, 0.4600000000000000200 ) ) ;
#4829 = CARTESIAN_POINT ( 'NONE',  ( 0.6489021745624981000, 1.174019880737444500, 0.4700000000000000300 ) ) ;
#4830 = CARTESIAN_POINT ( 'NONE',  ( -0.2995095312783615500, 1.128000511090006000, 0.4700000000000000300 ) ) ;
#4831 = CARTESIAN_POINT ( 'NONE',  ( -0.6250000000000001100, 1.500999999999999900, 0.1000000000000000100 ) ) ;
#4832 = EDGE_CURVE ( 'NONE', #4907, #9532, #2931, .T. ) ;
#4833 = ORIENTED_EDGE ( 'NONE', *, *, #4081, .T. ) ;
#4834 = EDGE_CURVE ( 'NONE', #6479, #692, #9215, .T. ) ;
#4835 = LINE ( 'NONE', #9076, #756 ) ;
#4836 = CARTESIAN_POINT ( 'NONE',  ( 0.5785195694043259200, 1.325572374757527600, 0.4600000000000000200 ) ) ;
#4837 = ORIENTED_EDGE ( 'NONE', *, *, #4434, .T. ) ;
#4838 = LINE ( 'NONE', #8762, #5209 ) ;
#4839 = B_SPLINE_CURVE_WITH_KNOTS ( 'NONE', 3,
 ( #7437, #8143, #8963, #90 ),
 .UNSPECIFIED., .F., .F.,
 ( 4, 4 ),
 ( 5.000000000000000000, 6.000000000000000000 ),
 .UNSPECIFIED. ) ;
#4840 = VERTEX_POINT ( 'NONE', #8895 ) ;
#4841 = DIRECTION ( 'NONE',  ( -1.000000000000000000, 0.0000000000000000000, 0.0000000000000000000 ) ) ;
#4842 = CARTESIAN_POINT ( 'NONE',  ( 0.8005430889399329800, 1.159283154363951900, 0.4600000000000000200 ) ) ;
#4843 = CARTESIAN_POINT ( 'NONE',  ( -0.1322759945521322100, 1.141116870284340200, 0.4600000000000000200 ) ) ;
#4844 = EDGE_LOOP ( 'NONE', ( #7663, #8880, #7287, #8286 ) ) ;
#4845 = PRESENTATION_STYLE_ASSIGNMENT (( #2721 ) ) ;
#4846 = AXIS2_PLACEMENT_3D ( 'NONE', #5308, #5242, #9276 ) ;
#4847 = ORIENTED_EDGE ( 'NONE', *, *, #10543, .T. ) ;
#4848 = DIRECTION ( 'NONE',  ( 0.0000000000000000000, 0.0000000000000000000, -1.000000000000000000 ) ) ;
#4849 = VERTEX_POINT ( 'NONE', #3082 ) ;
#4850 = DIRECTION ( 'NONE',  ( 0.0000000000000000000, 0.0000000000000000000, -1.000000000000000000 ) ) ;
#4851 = DIRECTION ( 'NONE',  ( 1.000000000000000000, 0.0000000000000000000, 0.0000000000000000000 ) ) ;
#4852 = CARTESIAN_POINT ( 'NONE',  ( 0.3307067787158941000, 1.273227522680567200, 0.4600000000000000200 ) ) ;
#4853 = FACE_OUTER_BOUND ( 'NONE', #10193, .T. ) ;
#4854 = ORIENTED_EDGE ( 'NONE', *, *, #4354, .F. ) ;
#4855 = LINE ( 'NONE', #694, #7044 ) ;
#4856 = ORIENTED_EDGE ( 'NONE', *, *, #3869, .F. ) ;
#4857 = CARTESIAN_POINT ( 'NONE',  ( 0.4395227662542640600, 1.105405682744374300, 0.4700000000000000300 ) ) ;
#4858 = CARTESIAN_POINT ( 'NONE',  ( -0.1250000000000001100, -1.101000000000000000, -0.04000000000000000100 ) ) ;
#4859 = CARTESIAN_POINT ( 'NONE',  ( 0.4760403742065889600, 1.020345298119708300, 0.4700000000000000300 ) ) ;
#4860 = CARTESIAN_POINT ( 'NONE',  ( -0.1937589292518336100, 1.004214897581257300, 0.4600000000000000200 ) ) ;
#4861 = CARTESIAN_POINT ( 'NONE',  ( -0.02570561714402799100, 1.083732781219903100, 0.4700000000000000300 ) ) ;
#4862 = CARTESIAN_POINT ( 'NONE',  ( 0.3261089200876473000, 1.255425557221839600, 0.4600000000000000200 ) ) ;
#4863 = B_SPLINE_CURVE_WITH_KNOTS ( 'NONE', 3,
 ( #764, #7235, #2318, #5708 ),
 .UNSPECIFIED., .F., .F.,
 ( 4, 4 ),
 ( 3.000000000000000000, 4.000000000000000000 ),
 .UNSPECIFIED. ) ;
#4864 = FACE_OUTER_BOUND ( 'NONE', #1213, .T. ) ;
#4865 = ORIENTED_EDGE ( 'NONE', *, *, #8068, .F. ) ;
#4866 = COLOUR_RGB ( '',0.2980392156862745100, 0.2980392156862745100, 0.2980392156862745100 ) ;
#4867 = ORIENTED_EDGE ( 'NONE', *, *, #582, .F. ) ;
#4868 = CARTESIAN_POINT ( 'NONE',  ( 0.3489508459656977500, 1.107645665153660100, 0.4700000000000000300 ) ) ;
#4869 = CARTESIAN_POINT ( 'NONE',  ( 0.4356027970391914700, 1.306768311905006900, 0.4600000000000000200 ) ) ;
#4870 = LINE ( 'NONE', #1909, #6409 ) ;
#4871 = VECTOR ( 'NONE', #3363, 1000.000000000000000 ) ;
#4872 = VERTEX_POINT ( 'NONE', #2249 ) ;
#4873 = CARTESIAN_POINT ( 'NONE',  ( 0.5081664376996565300, 1.079174309800470200, 0.4600000000000000200 ) ) ;
#4874 = UNCERTAINTY_MEASURE_WITH_UNIT (LENGTH_MEASURE( 1.000000000000000100E-005 ), #5349, 'distance_accuracy_value', 'NONE');
#4875 =( NAMED_UNIT ( * ) PLANE_ANGLE_UNIT ( ) SI_UNIT ( $, .RADIAN. ) );
#4876 = DIRECTION ( 'NONE',  ( 0.0000000000000000000, 0.0000000000000000000, -1.000000000000000000 ) ) ;
#4877 = VERTEX_POINT ( 'NONE', #8051 ) ;
#4878 = PLANE ( 'NONE',  #2760 ) ;
#4879 = VECTOR ( 'NONE', #7049, 1000.000000000000100 ) ;
#4880 = PLANE ( 'NONE',  #3447 ) ;
#4881 = ORIENTED_EDGE ( 'NONE', *, *, #5989, .T. ) ;
#4882 = VECTOR ( 'NONE', #7772, 1000.000000000000000 ) ;
#4883 = SURFACE_SIDE_STYLE ('',( #6333 ) ) ;
#4884 = EDGE_CURVE ( 'NONE', #9193, #4524, #3221, .T. ) ;
#4885 = EDGE_LOOP ( 'NONE', ( #5012, #2567, #49, #7031 ) ) ;
#4886 = APPLICATION_CONTEXT ( 'automotive_design' ) ;
#4887 = CARTESIAN_POINT ( 'NONE',  ( 0.4801077106856158600, 1.356932128478890400, 0.4700000000000000300 ) ) ;
#4888 = LINE ( 'NONE', #2012, #9757 ) ;
#4889 = CARTESIAN_POINT ( 'NONE',  ( 0.8026946509902985700, 1.151207428312109200, 0.4600000000000000200 ) ) ;
#4890 = EDGE_CURVE ( 'NONE', #10630, #2745, #7567, .T. ) ;
#4891 = CARTESIAN_POINT ( 'NONE',  ( 0.7253857844376375700, 1.158752632215126500, 0.4700000000000000300 ) ) ;
#4892 = CARTESIAN_POINT ( 'NONE',  ( 0.3657212405783116800, 1.239686733455341900, 0.4600000000000000200 ) ) ;
#4893 = PRESENTATION_LAYER_ASSIGNMENT (  '', '', ( #9625 ) ) ;
#4894 = ORIENTED_EDGE ( 'NONE', *, *, #8841, .T. ) ;
#4895 = CARTESIAN_POINT ( 'NONE',  ( 0.8529174144696073400, 1.058719733595270100, 0.4600000000000000200 ) ) ;
#4896 = ORIENTED_EDGE ( 'NONE', *, *, #1131, .F. ) ;
#4897 = ORIENTED_EDGE ( 'NONE', *, *, #6311, .F. ) ;
#4898 = EDGE_CURVE ( 'NONE', #4029, #1391, #6936, .T. ) ;
#4899 = LINE ( 'NONE', #8886, #1592 ) ;
#4900 = EDGE_CURVE ( 'NONE', #7285, #2863, #8837, .T. ) ;
#4901 = CARTESIAN_POINT ( 'NONE',  ( 0.3671654397627940300, 1.075342760943928100, 0.4700000000000000300 ) ) ;
#4903 = CARTESIAN_POINT ( 'NONE',  ( 0.4475395454010779900, 1.058955521216968300, 0.4600000000000000200 ) ) ;
#4902 = AXIS2_PLACEMENT_3D ( 'NONE', #9239, #9095, #8299 ) ;
#4904 = ORIENTED_EDGE ( 'NONE', *, *, #2960, .F. ) ;
#4905 = EDGE_LOOP ( 'NONE', ( #4939, #8234, #7065, #9559 ) ) ;
#4906 = SURFACE_STYLE_FILL_AREA ( #10416 ) ;
#4907 = VERTEX_POINT ( 'NONE', #10526 ) ;
#4908 = CARTESIAN_POINT ( 'NONE',  ( -0.3372190815516871200, 1.099308466557788400, 0.4700000000000000300 ) ) ;
#4909 = EDGE_CURVE ( 'NONE', #5211, #9442, #9354, .T. ) ;
#4910 = CARTESIAN_POINT ( 'NONE',  ( 0.5694122725059784800, 1.351862694606856200, 0.4700000000000000300 ) ) ;
#4911 = DIRECTION ( 'NONE',  ( 0.0000000000000000000, 0.0000000000000000000, -1.000000000000000000 ) ) ;
#4912 = ORIENTED_EDGE ( 'NONE', *, *, #9558, .F. ) ;
#4913 = FACE_OUTER_BOUND ( 'NONE', #5271, .T. ) ;
#4914 = DIRECTION ( 'NONE',  ( 0.0000000000000000000, -0.0000000000000000000, -1.000000000000000000 ) ) ;
#4915 = LINE ( 'NONE', #3341, #10033 ) ;
#4916 =( LENGTH_UNIT ( ) NAMED_UNIT ( * ) SI_UNIT ( .MILLI., .METRE. ) );
#4917 = ORIENTED_EDGE ( 'NONE', *, *, #1007, .F. ) ;
#4918 = CARTESIAN_POINT ( 'NONE',  ( 0.8008967703732692300, 1.159283154363951900, 0.4600000000000000200 ) ) ;
#4919 = CARTESIAN_POINT ( 'NONE',  ( 0.7500000000000000000, 0.7500000000000000000, 0.0000000000000000000 ) ) ;
#4920 = ORIENTED_EDGE ( 'NONE', *, *, #151, .F. ) ;
#4921 = CARTESIAN_POINT ( 'NONE',  ( 0.3113132468091264200, 1.297101019404332200, 0.4700000000000000300 ) ) ;
#4922 = CARTESIAN_POINT ( 'NONE',  ( 0.06119026056236685100, 1.305071274212819700, 0.4600000000000000200 ) ) ;
#4923 = VECTOR ( 'NONE', #10273, 1000.000000000000000 ) ;
#4924 = B_SPLINE_CURVE_WITH_KNOTS ( 'NONE', 3,
 ( #6429, #6531, #3153, #7264 ),
 .UNSPECIFIED., .F., .F.,
 ( 4, 4 ),
 ( 3.000000000000000000, 4.000000000000000000 ),
 .UNSPECIFIED. ) ;
#4925 = EDGE_CURVE ( 'NONE', #1738, #879, #2686, .T. ) ;
#4926 = CARTESIAN_POINT ( 'NONE',  ( 0.8749999999999998900, 0.0000000000000000000, 0.0000000000000000000 ) ) ;
#4927 = VECTOR ( 'NONE', #7769, 1000.000000000000000 ) ;
#4928 = ORIENTED_EDGE ( 'NONE', *, *, #9511, .T. ) ;
#4929 = FACE_OUTER_BOUND ( 'NONE', #9300, .T. ) ;
#4930 = PRESENTATION_LAYER_ASSIGNMENT (  '', '', ( #4546 ) ) ;
#4931 = CARTESIAN_POINT ( 'NONE',  ( 0.3307362521690002700, 1.105110948217251200, 0.4700000000000000300 ) ) ;
#4932 = UNCERTAINTY_MEASURE_WITH_UNIT (LENGTH_MEASURE( 1.000000000000000100E-005 ), #634, 'distance_accuracy_value', 'NONE');
#4933 = ORIENTED_EDGE ( 'NONE', *, *, #3950, .T. ) ;
#4934 = LINE ( 'NONE', #6501, #1245 ) ;
#4935 = CARTESIAN_POINT ( 'NONE',  ( 0.3749999999999998900, 1.500999999999999900, 0.1000000000000000100 ) ) ;
#4936 = CARTESIAN_POINT ( 'NONE',  ( 0.5651091484052507300, 1.174019880737442200, 0.4600000000000000200 ) ) ;
#4937 = CARTESIAN_POINT ( 'NONE',  ( -0.2708175023820599300, 1.114884151896459800, 0.4600000000000000200 ) ) ;
#4938 = LINE ( 'NONE', #6405, #5315 ) ;
#4939 = ORIENTED_EDGE ( 'NONE', *, *, #6589, .T. ) ;
#4940 = FACE_OUTER_BOUND ( 'NONE', #639, .T. ) ;
#4941 = EDGE_LOOP ( 'NONE', ( #4659, #1568, #9214, #1926 ) ) ;
#4942 = EDGE_CURVE ( 'NONE', #8004, #3359, #9483, .T. ) ;
#4943 = CARTESIAN_POINT ( 'NONE',  ( -0.6250000000000001100, 1.500999999999999900, -0.04000000000000000100 ) ) ;
#4944 =( GEOMETRIC_REPRESENTATION_CONTEXT ( 3 ) GLOBAL_UNCERTAINTY_ASSIGNED_CONTEXT ( ( #9803 ) ) GLOBAL_UNIT_ASSIGNED_CONTEXT ( ( #1874, #3540, #10064 ) ) REPRESENTATION_CONTEXT ( 'NONE', 'WORKASPACE' ) );
#4945 = CARTESIAN_POINT ( 'NONE',  ( 0.4369291024128232900, 1.092083682103435000, 0.4700000000000000300 ) ) ;
#4946 = CARTESIAN_POINT ( 'NONE',  ( 0.5361367443559463800, 1.254777141261381100, 0.4600000000000000200 ) ) ;
#4947 = DIRECTION ( 'NONE',  ( -1.000000000000000000, 0.0000000000000000000, 0.0000000000000000000 ) ) ;
#4948 = FACE_OUTER_BOUND ( 'NONE', #4544, .T. ) ;
#4949 = VECTOR ( 'NONE', #6816, 1000.000000000000000 ) ;
#4950 = CARTESIAN_POINT ( 'NONE',  ( 0.1513651772506174900, 1.144395940538030400, 0.4600000000000000200 ) ) ;
#4951 = ORIENTED_EDGE ( 'NONE', *, *, #10107, .F. ) ;
#4952 = LINE ( 'NONE', #7864, #7653 ) ;
#4953 = EDGE_CURVE ( 'NONE', #2594, #896, #5377, .T. ) ;
#4954 = AXIS2_PLACEMENT_3D ( 'NONE', #8771, #7945, #3033 ) ;
#4955 = ORIENTED_EDGE ( 'NONE', *, *, #8585, .F. ) ;
#4956 = PLANE ( 'NONE',  #9035 ) ;
#4957 = EDGE_CURVE ( 'NONE', #9442, #6660, #136, .T. ) ;
#4958 = CARTESIAN_POINT ( 'NONE',  ( 0.4297081064900330500, 1.056774485713890800, 0.4600000000000000200 ) ) ;
#4959 = CARTESIAN_POINT ( 'NONE',  ( -0.8750000000000001100, 1.101000000000000000, -0.04000000000000000100 ) ) ;
#4960 = CARTESIAN_POINT ( 'NONE',  ( 0.4469206028937245900, 1.085481628687999400, 0.4600000000000000200 ) ) ;
#4961 = EDGE_CURVE ( 'NONE', #7089, #2092, #677, .T. ) ;
#4962 = ORIENTED_EDGE ( 'NONE', *, *, #3758, .T. ) ;
#4963 = VECTOR ( 'NONE', #2098, 1000.000000000000000 ) ;
#4964 = CARTESIAN_POINT ( 'NONE',  ( 0.8749999999999998900, -1.500999999999999900, -0.04000000000000000100 ) ) ;
#4965 = VERTEX_POINT ( 'NONE', #3252 ) ;
#4966 =( GEOMETRIC_REPRESENTATION_CONTEXT ( 3 ) GLOBAL_UNCERTAINTY_ASSIGNED_CONTEXT ( ( #943 ) ) GLOBAL_UNIT_ASSIGNED_CONTEXT ( ( #2509, #5257, #3686 ) ) REPRESENTATION_CONTEXT ( 'NONE', 'WORKASPACE' ) );
#4967 = ORIENTED_EDGE ( 'NONE', *, *, #7913, .F. ) ;
#4968 = ADVANCED_FACE ( 'NONE', ( #1186 ), #10249, .F. ) ;
#4969 = EDGE_CURVE ( 'NONE', #681, #8272, #6411, .T. ) ;
#4970 = B_SPLINE_CURVE_WITH_KNOTS ( 'NONE', 3,
 ( #5285, #6098, #6764, #7590 ),
 .UNSPECIFIED., .F., .F.,
 ( 4, 4 ),
 ( 2.000000000000000000, 3.000000000000000000 ),
 .UNSPECIFIED. ) ;
#4971 = FACE_OUTER_BOUND ( 'NONE', #7289, .T. ) ;
#4972 = CARTESIAN_POINT ( 'NONE',  ( 0.03659706166501861000, 1.236210407989039900, 0.4600000000000000200 ) ) ;
#4973 = VERTEX_POINT ( 'NONE', #1707 ) ;
#4974 = PRESENTATION_STYLE_ASSIGNMENT (( #5061 ) ) ;
#4975 = CARTESIAN_POINT ( 'NONE',  ( -0.1117817038333259600, 1.094389845541732000, 0.4600000000000000200 ) ) ;
#4976 = CARTESIAN_POINT ( 'NONE',  ( -0.1978577905230157200, 1.346059886922268200, 0.4600000000000000200 ) ) ;
#4977 = PLANE ( 'NONE',  #93 ) ;
#4978 = EDGE_CURVE ( 'NONE', #5540, #1688, #2068, .T. ) ;
#4979 = ORIENTED_EDGE ( 'NONE', *, *, #5008, .F. ) ;
#4980 = STYLED_ITEM ( 'NONE', ( #8216 ), #3630 ) ;
#4981 = VECTOR ( 'NONE', #3514, 1000.000000000000000 ) ;
#4982 = ADVANCED_FACE ( 'NONE', ( #4637 ), #8996, .T. ) ;
#4983 = CARTESIAN_POINT ( 'NONE',  ( -0.3716495146639740000, 1.188663623501164700, 0.4700000000000000300 ) ) ;
#4984 = EDGE_LOOP ( 'NONE', ( #278, #4513, #6310, #10421 ) ) ;
#4985 = DIRECTION ( 'NONE',  ( -0.0000000000000000000, -0.0000000000000000000, -1.000000000000000000 ) ) ;
#4986 = FILL_AREA_STYLE_COLOUR ( '', #9622 ) ;
#4987 = FACE_OUTER_BOUND ( 'NONE', #5912, .T. ) ;
#4988 = CARTESIAN_POINT ( 'NONE',  ( 0.3877968566850573700, 1.111713001631901500, 0.4600000000000000200 ) ) ;
#4989 = ORIENTED_EDGE ( 'NONE', *, *, #7321, .F. ) ;
#4990 = ADVANCED_FACE ( 'NONE', ( #7196 ), #10415, .T. ) ;
#4991 = CARTESIAN_POINT ( 'NONE',  ( -0.1250000000000001100, 1.500999999999999900, 0.1000000000000000100 ) ) ;
#4992 = CARTESIAN_POINT ( 'NONE',  ( 0.04643433496975097500, 1.058319853848341400, 0.4600000000000000200 ) ) ;
#4993 = CARTESIAN_POINT ( 'NONE',  ( 0.3749999999999998900, 1.500999999999999900, 0.1000000000000000100 ) ) ;
#4994 = CARTESIAN_POINT ( 'NONE',  ( -0.6250000000000001100, -1.500000000000000000, 0.4600000000000000200 ) ) ;
#4995 = B_SPLINE_CURVE_WITH_KNOTS ( 'NONE', 3,
 ( #7533, #1025, #272, #7565 ),
 .UNSPECIFIED., .F., .F.,
 ( 4, 4 ),
 ( 4.000000000000000000, 5.000000000000000000 ),
 .UNSPECIFIED. ) ;
#4996 = AXIS2_PLACEMENT_3D ( 'NONE', #8273, #4378, #10086 ) ;
#4997 = CARTESIAN_POINT ( 'NONE',  ( 0.3657212405783116800, 1.239686733455341900, 0.4600000000000000200 ) ) ;
#4998 = DIRECTION ( 'NONE',  ( -1.000000000000000000, 0.0000000000000000000, -0.0000000000000000000 ) ) ;
#4999 = ORIENTED_EDGE ( 'NONE', *, *, #5829, .F. ) ;
#5000 = EDGE_LOOP ( 'NONE', ( #4018, #4118, #9384, #232 ) ) ;
#5001 = FACE_OUTER_BOUND ( 'NONE', #10014, .T. ) ;
#5002 = SURFACE_STYLE_USAGE ( .BOTH. , #5925 ) ;
#5003 = DIRECTION ( 'NONE',  ( -0.0000000000000000000, 0.0000000000000000000, -1.000000000000000000 ) ) ;
#5004 = CARTESIAN_POINT ( 'NONE',  ( 0.4293249516043798300, 1.094913133566968600, 0.4700000000000000300 ) ) ;
#5005 = EDGE_LOOP ( 'NONE', ( #8107, #10124, #6241, #2581 ) ) ;
#5006 = CARTESIAN_POINT ( 'NONE',  ( 0.2457937613547896700, 1.058719733595267600, 0.4700000000000000300 ) ) ;
#5007 = DIRECTION ( 'NONE',  ( -1.000000000000000000, 0.0000000000000000000, 0.0000000000000000000 ) ) ;
#5008 = EDGE_CURVE ( 'NONE', #97, #5107, #4017, .T. ) ;
#5009 = ORIENTED_EDGE ( 'NONE', *, *, #5702, .T. ) ;
#5010 = VERTEX_POINT ( 'NONE', #8169 ) ;
#5011 = ORIENTED_EDGE ( 'NONE', *, *, #1791, .T. ) ;
#5012 = ORIENTED_EDGE ( 'NONE', *, *, #2536, .T. ) ;
#5013 = STYLED_ITEM ( 'NONE', ( #6165 ), #8470 ) ;
#5014 = CARTESIAN_POINT ( 'NONE',  ( 0.4074556496666271700, 1.113776143324128700, 0.4600000000000000200 ) ) ;
#5015 = VERTEX_POINT ( 'NONE', #800 ) ;
#5016 = ADVANCED_FACE ( 'NONE', ( #5001 ), #6704, .T. ) ;
#5017 = CARTESIAN_POINT ( 'NONE',  ( 0.4734761838178589400, 1.033962033288558800, 0.4700000000000000300 ) ) ;
#5018 = SURFACE_STYLE_FILL_AREA ( #9011 ) ;
#5019 = LINE ( 'NONE', #6243, #9373 ) ;
#5020 = STYLED_ITEM ( 'NONE', ( #2129 ), #6910 ) ;
#5021 = EDGE_CURVE ( 'NONE', #7248, #8593, #6847, .T. ) ;
#5022 = ORIENTED_EDGE ( 'NONE', *, *, #6004, .F. ) ;
#5023 = VECTOR ( 'NONE', #7266, 1000.000000000000000 ) ;
#5024 = ORIENTED_EDGE ( 'NONE', *, *, #1567, .T. ) ;
#5025 = DIRECTION ( 'NONE',  ( 0.0000000000000000000, 0.0000000000000000000, 1.000000000000000000 ) ) ;
#5026 =( LENGTH_UNIT ( ) NAMED_UNIT ( * ) SI_UNIT ( .MILLI., .METRE. ) );
#5027 = VERTEX_POINT ( 'NONE', #6832 ) ;
#5028 = CARTESIAN_POINT ( 'NONE',  ( 0.03659706166501861000, 1.236210407989039900, 0.4700000000000000300 ) ) ;
#5029 = CARTESIAN_POINT ( 'NONE',  ( 0.7144806069214740800, 1.149910596391190200, 0.4700000000000000300 ) ) ;
#5030 = CARTESIAN_POINT ( 'NONE',  ( -0.2199916320041912800, 1.319827176352346600, 0.4700000000000000300 ) ) ;
#5031 = SURFACE_STYLE_FILL_AREA ( #5210 ) ;
#5032 = SURFACE_SIDE_STYLE ('',( #3495 ) ) ;
#5033 = CARTESIAN_POINT ( 'NONE',  ( 0.4444448328627393900, 1.087544770380222300, 0.4700000000000000300 ) ) ;
#5034 = ADVANCED_FACE ( 'NONE', ( #9999 ), #4272, .F. ) ;
#5035 = PLANE ( 'NONE',  #5182 ) ;
#5036 = VERTEX_POINT ( 'NONE', #3475 ) ;
#5037 = EDGE_CURVE ( 'NONE', #10376, #2910, #3881, .T. ) ;
#5038 = ORIENTED_EDGE ( 'NONE', *, *, #6749, .F. ) ;
#5039 = COLOUR_RGB ( '',0.6666666666666666300, 0.6666666666666666300, 0.6666666666666666300 ) ;
#5040 = FILL_AREA_STYLE_COLOUR ( '', #10059 ) ;
#5041 = CARTESIAN_POINT ( 'NONE',  ( 0.2457937613547873900, 1.356932128478890400, 0.4700000000000000300 ) ) ;
#5042 = B_SPLINE_CURVE_WITH_KNOTS ( 'NONE', 3,
 ( #8037, #10619, #4095, #2376 ),
 .UNSPECIFIED., .F., .F.,
 ( 4, 4 ),
 ( 18.00000000000000000, 19.00000000000000000 ),
 .UNSPECIFIED. ) ;
#5044 = DIRECTION ( 'NONE',  ( -0.0000000000000000000, 1.000000000000000000, -0.0000000000000000000 ) ) ;
#5043 = AXIS2_PLACEMENT_3D ( 'NONE', #3919, #1444, #9536 ) ;
#5045 = CARTESIAN_POINT ( 'NONE',  ( 0.4202176547056354900, 1.098567841707237300, 0.4600000000000000200 ) ) ;
#5046 = CARTESIAN_POINT ( 'NONE',  ( 0.03659706166501861000, 1.236210407989039900, 0.4700000000000000300 ) ) ;
#5047 = VERTEX_POINT ( 'NONE', #9132 ) ;
#5048 = FACE_OUTER_BOUND ( 'NONE', #843, .T. ) ;
#5049 = ADVANCED_FACE ( 'NONE', ( #10255 ), #6751, .F. ) ;
#5050 = ORIENTED_EDGE ( 'NONE', *, *, #768, .F. ) ;
#5051 = LINE ( 'NONE', #883, #6451 ) ;
#5052 = LINE ( 'NONE', #5456, #725 ) ;
#5053 = DIRECTION ( 'NONE',  ( -1.000000000000000000, 0.0000000000000000000, 0.0000000000000000000 ) ) ;
#5054 = CARTESIAN_POINT ( 'NONE',  ( 0.4481584879088261200, 1.072277521857909000, 0.4600000000000000200 ) ) ;
#5055 = EDGE_CURVE ( 'NONE', #7113, #7357, #9343, .T. ) ;
#5056 = ORIENTED_EDGE ( 'NONE', *, *, #8888, .T. ) ;
#5057 = CARTESIAN_POINT ( 'NONE',  ( -0.1937589136159163500, 1.168989123799456100, 0.4600000000000000200 ) ) ;
#5058 =( NAMED_UNIT ( * ) PLANE_ANGLE_UNIT ( ) SI_UNIT ( $, .RADIAN. ) );
#5059 = ORIENTED_EDGE ( 'NONE', *, *, #1374, .F. ) ;
#5060 = CARTESIAN_POINT ( 'NONE',  ( 0.4074556496666271700, 1.118845577196947200, 0.4600000000000000200 ) ) ;
#5061 = SURFACE_STYLE_USAGE ( .BOTH. , #1771 ) ;
#5062 =( NAMED_UNIT ( * ) PLANE_ANGLE_UNIT ( ) SI_UNIT ( $, .RADIAN. ) );
#5063 = ORIENTED_EDGE ( 'NONE', *, *, #1089, .F. ) ;
#5064 = DIRECTION ( 'NONE',  ( 1.000000000000000000, 0.0000000000000000000, 0.0000000000000000000 ) ) ;
#5065 =( LENGTH_UNIT ( ) NAMED_UNIT ( * ) SI_UNIT ( .MILLI., .METRE. ) );
#5066 = B_SPLINE_CURVE_WITH_KNOTS ( 'NONE', 3,
 ( #3699, #4393, #10106, #6863 ),
 .UNSPECIFIED., .F., .F.,
 ( 4, 4 ),
 ( 3.000000000000000000, 4.000000000000000000 ),
 .UNSPECIFIED. ) ;
#5067 = UNCERTAINTY_MEASURE_WITH_UNIT (LENGTH_MEASURE( 1.000000000000000100E-005 ), #7850, 'distance_accuracy_value', 'NONE');
#5068 = ORIENTED_EDGE ( 'NONE', *, *, #7308, .F. ) ;
#5069 = CARTESIAN_POINT ( 'NONE',  ( 0.6244981556883441000, 1.174019880737442200, 0.4700000000000000300 ) ) ;
#5070 = VECTOR ( 'NONE', #6067, 1000.000000000000000 ) ;
#5071 = LINE ( 'NONE', #8878, #3709 ) ;
#5072 = SURFACE_SIDE_STYLE ('',( #6365 ) ) ;
#5073 = VERTEX_POINT ( 'NONE', #125 ) ;
#5074 = CARTESIAN_POINT ( 'NONE',  ( 0.3877968566850573700, 1.132580206176646300, 0.4700000000000000300 ) ) ;
#5075 = CARTESIAN_POINT ( 'NONE',  ( 0.7229100144066523700, 1.142660127015293400, 0.4700000000000000300 ) ) ;
#5076 = ORIENTED_EDGE ( 'NONE', *, *, #7458, .T. ) ;
#5077 = CARTESIAN_POINT ( 'NONE',  ( 0.5362251647140857700, 1.241631981336718300, 0.4700000000000000300 ) ) ;
#5078 = VERTEX_POINT ( 'NONE', #7539 ) ;
#5079 = ORIENTED_EDGE ( 'NONE', *, *, #944, .F. ) ;
#5080 = ADVANCED_FACE ( 'NONE', ( #6924 ), #5986, .F. ) ;
#5081 = EDGE_CURVE ( 'NONE', #5720, #1716, #9727, .T. ) ;
#5082 = CARTESIAN_POINT ( 'NONE',  ( -0.1945787046334087300, 1.117343431132259900, 0.4700000000000000300 ) ) ;
#5083 = CARTESIAN_POINT ( 'NONE',  ( 0.03249820039383884100, 1.236210407989039900, 0.4600000000000000200 ) ) ;
#5084 = ORIENTED_EDGE ( 'NONE', *, *, #5427, .F. ) ;
#5085 = STYLED_ITEM ( 'NONE', ( #240 ), #1346 ) ;
#5086 = DIRECTION ( 'NONE',  ( -1.000000000000000000, 0.0000000000000000000, 0.0000000000000000000 ) ) ;
#5087 = CARTESIAN_POINT ( 'NONE',  ( -0.0002926897732482202800, 1.109145708590685100, 0.4600000000000000200 ) ) ;
#5088 = PLANE ( 'NONE',  #9436 ) ;
#5089 = CARTESIAN_POINT ( 'NONE',  ( 0.3296752078697817200, 1.135291763829332300, 0.4700000000000000300 ) ) ;
#5090 = EDGE_CURVE ( 'NONE', #3691, #5036, #2708, .T. ) ;
#5091 = ORIENTED_EDGE ( 'NONE', *, *, #6200, .T. ) ;
#5092 = ORIENTED_EDGE ( 'NONE', *, *, #6229, .T. ) ;
#5093 = CARTESIAN_POINT ( 'NONE',  ( 0.7148048149020959100, 1.083890062239958100, 0.4700000000000000300 ) ) ;
#5094 = VERTEX_POINT ( 'NONE', #8374 ) ;
#5095 = ADVANCED_FACE ( 'NONE', ( #5362 ), #6928, .F. ) ;
#5096 = DIRECTION ( 'NONE',  ( -0.0000000000000000000, 0.0000000000000000000, -1.000000000000000000 ) ) ;
#5097 = CARTESIAN_POINT ( 'NONE',  ( 0.7144806069214740800, 1.149910596391190200, 0.4600000000000000200 ) ) ;
#5098 = DIRECTION ( 'NONE',  ( 0.0000000000000000000, 1.000000000000000000, -0.0000000000000000000 ) ) ;
#5099 = CARTESIAN_POINT ( 'NONE',  ( 0.5505492627480321800, 1.343669074743377000, 0.4600000000000000200 ) ) ;
#5100 = CARTESIAN_POINT ( 'NONE',  ( -0.5999999999999999800, -1.200000000000000200, 0.4400000000000000000 ) ) ;
#5101 = EDGE_CURVE ( 'NONE', #7135, #8067, #3567, .T. ) ;
#5102 = DIRECTION ( 'NONE',  ( -0.0000000000000000000, -0.0000000000000000000, -1.000000000000000000 ) ) ;
#5103 = FACE_OUTER_BOUND ( 'NONE', #10410, .T. ) ;
#5104 = FILL_AREA_STYLE ('',( #1005 ) ) ;
#5105 = ORIENTED_EDGE ( 'NONE', *, *, #206, .F. ) ;
#5106 = LINE ( 'NONE', #6217, #7417 ) ;
#5107 = VERTEX_POINT ( 'NONE', #209 ) ;
#5108 = CARTESIAN_POINT ( 'NONE',  ( 0.4465374480076767500, 1.142954861543203500, 0.4700000000000000300 ) ) ;
#5109 = B_SPLINE_CURVE_WITH_KNOTS ( 'NONE', 3,
 ( #2649, #3584, #4261, #118 ),
 .UNSPECIFIED., .F., .F.,
 ( 4, 4 ),
 ( 10.00000000000000000, 11.00000000000000000 ),
 .UNSPECIFIED. ) ;
#5110 = CARTESIAN_POINT ( 'NONE',  ( 0.7271247181492411800, 1.117430851465182700, 0.4700000000000000300 ) ) ;
#5111 = CARTESIAN_POINT ( 'NONE',  ( 0.4419690628321468800, 1.089607912072449800, 0.4600000000000000200 ) ) ;
#5112 = CARTESIAN_POINT ( 'NONE',  ( 0.4590341919722750700, 1.139300153402147900, 0.4600000000000000200 ) ) ;
#5113 = EDGE_CURVE ( 'NONE', #8557, #4527, #2782, .T. ) ;
#5114 = LINE ( 'NONE', #7482, #786 ) ;
#5115 = VERTEX_POINT ( 'NONE', #6162 ) ;
#5116 = STYLED_ITEM ( 'NONE', ( #5796 ), #3577 ) ;
#5117 = CARTESIAN_POINT ( 'NONE',  ( 0.5799932420423104000, 1.110651957333468100, 0.4700000000000000300 ) ) ;
#5118 = CARTESIAN_POINT ( 'NONE',  ( 0.03659706166501861000, 1.236210407989039900, 0.4600000000000000200 ) ) ;
#5119 = VECTOR ( 'NONE', #7564, 1000.000000000000000 ) ;
#5120 = LINE ( 'NONE', #6314, #1035 ) ;
#5121 = DIRECTION ( 'NONE',  ( 1.000000000000000000, 0.0000000000000000000, 0.0000000000000000000 ) ) ;
#5122 = CARTESIAN_POINT ( 'NONE',  ( 0.4226344778308019400, 1.068563866812215300, 0.4700000000000000300 ) ) ;
#5123 = EDGE_LOOP ( 'NONE', ( #1463, #7697, #9216, #1219 ) ) ;
#5124 = VECTOR ( 'NONE', #7369, 1000.000000000000000 ) ;
#5125 = CARTESIAN_POINT ( 'NONE',  ( 0.0000000000000000000, 0.0000000000000000000, 0.4600000000000000200 ) ) ;
#5126 =( NAMED_UNIT ( * ) SI_UNIT ( $, .STERADIAN. ) SOLID_ANGLE_UNIT ( ) );
#5127 = ORIENTED_EDGE ( 'NONE', *, *, #7995, .F. ) ;
#5128 = UNCERTAINTY_MEASURE_WITH_UNIT (LENGTH_MEASURE( 1.000000000000000100E-005 ), #9973, 'distance_accuracy_value', 'NONE');
#5129 = EDGE_CURVE ( 'NONE', #8176, #10376, #2182, .T. ) ;
#5130 = CARTESIAN_POINT ( 'NONE',  ( 0.0000000000000000000, 0.0000000000000000000, 0.4600000000000000200 ) ) ;
#5131 = VERTEX_POINT ( 'NONE', #3743 ) ;
#5132 = CARTESIAN_POINT ( 'NONE',  ( 0.4734761838178589400, 1.033962033288558800, 0.4700000000000000300 ) ) ;
#5133 = ORIENTED_EDGE ( 'NONE', *, *, #5593, .F. ) ;
#5134 = DIRECTION ( 'NONE',  ( -0.3559357243643020400, -0.9345104387438696300, -0.0000000000000000000 ) ) ;
#5135 = DIRECTION ( 'NONE',  ( -0.0000000000000000000, -0.0000000000000000000, -1.000000000000000000 ) ) ;
#5136 = B_SPLINE_CURVE_WITH_KNOTS ( 'NONE', 3,
 ( #2914, #7968, #6272, #2192 ),
 .UNSPECIFIED., .F., .F.,
 ( 4, 4 ),
 ( 4.000000000000000000, 5.000000000000000000 ),
 .UNSPECIFIED. ) ;
#5137 = DIRECTION ( 'NONE',  ( -1.000000000000000000, 0.0000000000000000000, 0.0000000000000000000 ) ) ;
#5138 = SURFACE_SIDE_STYLE ('',( #4683 ) ) ;
#5139 = ORIENTED_EDGE ( 'NONE', *, *, #5712, .T. ) ;
#5140 = FACE_OUTER_BOUND ( 'NONE', #1181, .T. ) ;
#5141 = CARTESIAN_POINT ( 'NONE',  ( 0.3733548648394733900, 1.058719733595268900, 0.4600000000000000200 ) ) ;
#5142 = CARTESIAN_POINT ( 'NONE',  ( 0.5651091484052507300, 1.174019880737442200, 0.4700000000000000300 ) ) ;
#5143 = CARTESIAN_POINT ( 'NONE',  ( -0.8750000000000001100, 1.500999999999999900, 0.1000000000000000100 ) ) ;
#5144 = STYLED_ITEM ( 'NONE', ( #1378 ), #7305 ) ;
#5145 = ORIENTED_EDGE ( 'NONE', *, *, #9509, .F. ) ;
#5146 = CARTESIAN_POINT ( 'NONE',  ( 0.3269341767647745400, 1.297985222987278600, 0.4600000000000000200 ) ) ;
#5147 = DIRECTION ( 'NONE',  ( -1.000000000000000000, 0.0000000000000000000, 0.0000000000000000000 ) ) ;
#5148 = CARTESIAN_POINT ( 'NONE',  ( 0.4465374480076767500, 1.142954861543203500, 0.4700000000000000300 ) ) ;
#5149 = EDGE_CURVE ( 'NONE', #8803, #9353, #3643, .T. ) ;
#5150 = ORIENTED_EDGE ( 'NONE', *, *, #8685, .T. ) ;
#5151 = ADVANCED_FACE ( 'NONE', ( #4140 ), #391, .F. ) ;
#5152 = MECHANICAL_DESIGN_GEOMETRIC_PRESENTATION_REPRESENTATION (  '', ( #1413 ), #6814 ) ;
#5153 =( GEOMETRIC_REPRESENTATION_CONTEXT ( 3 ) GLOBAL_UNCERTAINTY_ASSIGNED_CONTEXT ( ( #3453 ) ) GLOBAL_UNIT_ASSIGNED_CONTEXT ( ( #4489, #2048, #8653 ) ) REPRESENTATION_CONTEXT ( 'NONE', 'WORKASPACE' ) );
#5154 = CARTESIAN_POINT ( 'NONE',  ( 0.3404624915750940100, 1.072336468763329400, 0.4700000000000000300 ) ) ;
#5155 = ORIENTED_EDGE ( 'NONE', *, *, #9081, .T. ) ;
#5156 = DIRECTION ( 'NONE',  ( -0.0000000000000000000, -1.000000000000000000, -0.0000000000000000000 ) ) ;
#5157 = LINE ( 'NONE', #5100, #826 ) ;
#5158 = DIRECTION ( 'NONE',  ( -0.0000000000000000000, -0.0000000000000000000, -1.000000000000000000 ) ) ;
#5159 = VERTEX_POINT ( 'NONE', #2848 ) ;
#5160 = CARTESIAN_POINT ( 'NONE',  ( -0.1117817038333259600, 1.086192122999369800, 0.4600000000000000200 ) ) ;
#5161 = EDGE_CURVE ( 'NONE', #5626, #1023, #7434, .T. ) ;
#5162 = VECTOR ( 'NONE', #1861, 1000.000000000000100 ) ;
#5163 = VECTOR ( 'NONE', #6317, 1000.000000000000000 ) ;
#5164 = EDGE_CURVE ( 'NONE', #4325, #917, #10646, .T. ) ;
#5165 = VERTEX_POINT ( 'NONE', #1956 ) ;
#5166 =( NAMED_UNIT ( * ) SI_UNIT ( $, .STERADIAN. ) SOLID_ANGLE_UNIT ( ) );
#5167 = CARTESIAN_POINT ( 'NONE',  ( 0.03413775115660203800, 1.236210407989039900, 0.4700000000000000300 ) ) ;
#5168 = CARTESIAN_POINT ( 'NONE',  ( 0.4790171929340778000, 1.032311519934303100, 0.4600000000000000200 ) ) ;
#5169 = DIRECTION ( 'NONE',  ( 0.0000000000000000000, 0.0000000000000000000, -1.000000000000000000 ) ) ;
#5170 = ORIENTED_EDGE ( 'NONE', *, *, #313, .F. ) ;
#5171 = CARTESIAN_POINT ( 'NONE',  ( 0.4801077106856158600, 1.343669074743377000, 0.4600000000000000200 ) ) ;
#5172 = FACE_OUTER_BOUND ( 'NONE', #4702, .T. ) ;
#5173 = CARTESIAN_POINT ( 'NONE',  ( 0.2606778549914534600, 1.071864893519934900, 0.4600000000000000200 ) ) ;
#5174 = EDGE_CURVE ( 'NONE', #5322, #9577, #122, .T. ) ;
#5175 = ORIENTED_EDGE ( 'NONE', *, *, #953, .T. ) ;
#5176 = ADVANCED_FACE ( 'NONE', ( #397 ), #1183, .F. ) ;
#5177 = FACE_OUTER_BOUND ( 'NONE', #2199, .T. ) ;
#5178 = DIRECTION ( 'NONE',  ( 0.0000000000000000000, -1.000000000000000000, 0.0000000000000000000 ) ) ;
#5179 = B_SPLINE_CURVE_WITH_KNOTS ( 'NONE', 3,
 ( #7642, #9308, #5944, #9161 ),
 .UNSPECIFIED., .F., .F.,
 ( 4, 4 ),
 ( 11.00000000000000000, 12.00000000000000000 ),
 .UNSPECIFIED. ) ;
#5180 = ORIENTED_EDGE ( 'NONE', *, *, #5438, .F. ) ;
#5182 = AXIS2_PLACEMENT_3D ( 'NONE', #8111, #5919, #2627 ) ;
#5181 = PLANE ( 'NONE',  #10110 ) ;
#5183 = CARTESIAN_POINT ( 'NONE',  ( -1.000000000000000000, 1.500000000000000000, 0.0000000000000000000 ) ) ;
#5184 = CARTESIAN_POINT ( 'NONE',  ( 0.4276154913450954700, 1.110593010428044400, 0.4700000000000000300 ) ) ;
#5185 = DIRECTION ( 'NONE',  ( -1.000000000000000000, 0.0000000000000000000, -0.0000000000000000000 ) ) ;
#5186 =( GEOMETRIC_REPRESENTATION_CONTEXT ( 3 ) GLOBAL_UNCERTAINTY_ASSIGNED_CONTEXT ( ( #6636 ) ) GLOBAL_UNIT_ASSIGNED_CONTEXT ( ( #5495, #7921, #8749 ) ) REPRESENTATION_CONTEXT ( 'NONE', 'WORKASPACE' ) );
#5187 = VECTOR ( 'NONE', #3487, 1000.000000000000100 ) ;
#5188 = ORIENTED_EDGE ( 'NONE', *, *, #8658, .T. ) ;
#5189 = LINE ( 'NONE', #5872, #9929 ) ;
#5190 = ORIENTED_EDGE ( 'NONE', *, *, #1864, .F. ) ;
#5191 = LINE ( 'NONE', #5957, #3030 ) ;
#5192 = DIRECTION ( 'NONE',  ( 1.000000000000000000, 0.0000000000000000000, 0.0000000000000000000 ) ) ;
#5193 = PLANE ( 'NONE',  #2668 ) ;
#5194 = CARTESIAN_POINT ( 'NONE',  ( -0.1765437244230203000, 1.053401170288617000, 0.4700000000000000300 ) ) ;
#5195 = CARTESIAN_POINT ( 'NONE',  ( 0.4395227662542640600, 1.105405682744374300, 0.4600000000000000200 ) ) ;
#5196 = LINE ( 'NONE', #4010, #7134 ) ;
#5197 = ORIENTED_EDGE ( 'NONE', *, *, #6972, .F. ) ;
#5198 = COLOUR_RGB ( '',0.6666666666666666300, 0.6666666666666666300, 0.6666666666666666300 ) ;
#5199 = UNCERTAINTY_MEASURE_WITH_UNIT (LENGTH_MEASURE( 1.000000000000000100E-005 ), #395, 'distance_accuracy_value', 'NONE');
#5200 = STYLED_ITEM ( 'NONE', ( #638 ), #5950 ) ;
#5201 = VERTEX_POINT ( 'NONE', #3594 ) ;
#5202 = DIRECTION ( 'NONE',  ( -0.0000000000000000000, 1.000000000000000000, -0.0000000000000000000 ) ) ;
#5203 = ADVANCED_FACE ( 'NONE', ( #4255 ), #319, .F. ) ;
#5204 = CARTESIAN_POINT ( 'NONE',  ( -0.3750000000000001100, 1.101000000000000000, 0.0000000000000000000 ) ) ;
#5205 = CARTESIAN_POINT ( 'NONE',  ( -0.3750000000000001100, -1.500000000000000000, 0.4600000000000000200 ) ) ;
#5206 = CARTESIAN_POINT ( 'NONE',  ( 0.004625931243200571500, 1.108325948845417100, 0.4700000000000000300 ) ) ;
#5207 = VECTOR ( 'NONE', #2797, 1000.000000000000100 ) ;
#5208 = ORIENTED_EDGE ( 'NONE', *, *, #2587, .T. ) ;
#5209 = VECTOR ( 'NONE', #1501, 1000.000000000000000 ) ;
#5210 = FILL_AREA_STYLE ('',( #6677 ) ) ;
#5211 = VERTEX_POINT ( 'NONE', #4440 ) ;
#5212 = EDGE_CURVE ( 'NONE', #4485, #5073, #3622, .T. ) ;
#5213 = SURFACE_STYLE_USAGE ( .BOTH. , #1857 ) ;
#5214 = CARTESIAN_POINT ( 'NONE',  ( 0.5622207500362883500, 1.258785530834983600, 0.4700000000000000300 ) ) ;
#5215 = VECTOR ( 'NONE', #9158, 1000.000000000000000 ) ;
#5216 = CARTESIAN_POINT ( 'NONE',  ( 0.3877968566850573700, 1.111713001631901500, 0.4600000000000000200 ) ) ;
#5217 = ORIENTED_EDGE ( 'NONE', *, *, #4382, .F. ) ;
#5218 = LINE ( 'NONE', #8599, #3853 ) ;
#5219 = CARTESIAN_POINT ( 'NONE',  ( -0.3331201968270273200, 1.282117649532498000, 0.4700000000000000300 ) ) ;
#5220 = PLANE ( 'NONE',  #2653 ) ;
#5221 = CARTESIAN_POINT ( 'NONE',  ( 0.3671654397627940300, 1.075342760943928100, 0.4600000000000000200 ) ) ;
#5222 = ORIENTED_EDGE ( 'NONE', *, *, #411, .F. ) ;
#5223 = DIRECTION ( 'NONE',  ( 0.0000000000000000000, 0.0000000000000000000, -1.000000000000000000 ) ) ;
#5224 = VERTEX_POINT ( 'NONE', #610 ) ;
#5225 = VECTOR ( 'NONE', #10479, 1000.000000000000000 ) ;
#5226 = EDGE_CURVE ( 'NONE', #2905, #2910, #8184, .T. ) ;
#5227 = CARTESIAN_POINT ( 'NONE',  ( 0.3566728905853887000, 1.131224427350304900, 0.4600000000000000200 ) ) ;
#5228 = VERTEX_POINT ( 'NONE', #500 ) ;
#5229 = LINE ( 'NONE', #8893, #520 ) ;
#5230 = ORIENTED_EDGE ( 'NONE', *, *, #661, .F. ) ;
#5231 =( NAMED_UNIT ( * ) PLANE_ANGLE_UNIT ( ) SI_UNIT ( $, .RADIAN. ) );
#5232 = DIRECTION ( 'NONE',  ( 1.000000000000000000, 0.0000000000000000000, 0.0000000000000000000 ) ) ;
#5233 = ADVANCED_FACE ( 'NONE', ( #3213 ), #8700, .F. ) ;
#5234 =( LENGTH_UNIT ( ) NAMED_UNIT ( * ) SI_UNIT ( .MILLI., .METRE. ) );
#5235 = CARTESIAN_POINT ( 'NONE',  ( 0.6920807828348962700, 1.241631981336714700, 0.4700000000000000300 ) ) ;
#5236 = EDGE_CURVE ( 'NONE', #4396, #1515, #8560, .T. ) ;
#5237 = STYLED_ITEM ( 'NONE', ( #3819 ), #10325 ) ;
#5238 = ORIENTED_EDGE ( 'NONE', *, *, #4598, .T. ) ;
#5239 = LINE ( 'NONE', #4518, #3077 ) ;
#5240 = CARTESIAN_POINT ( 'NONE',  ( 0.4115524595983660100, 1.105818311083129900, 0.4700000000000000300 ) ) ;
#5241 = ORIENTED_EDGE ( 'NONE', *, *, #1765, .F. ) ;
#5242 = DIRECTION ( 'NONE',  ( 1.000000000000000000, 1.504528414727667400E-014, -0.0000000000000000000 ) ) ;
#5243 = CARTESIAN_POINT ( 'NONE',  ( 0.5925784063646467600, 1.268570717146505500, 0.4700000000000000300 ) ) ;
#5244 = DIRECTION ( 'NONE',  ( 1.000000000000000000, 0.0000000000000000000, 0.0000000000000000000 ) ) ;
#5245 = CARTESIAN_POINT ( 'NONE',  ( -0.1117817038333259600, 1.041104649019135600, 0.4700000000000000300 ) ) ;
#5246 = CARTESIAN_POINT ( 'NONE',  ( 0.5193958231964401800, 1.254777141261381100, 0.4700000000000000300 ) ) ;
#5247 = ADVANCED_FACE ( 'NONE', ( #1437 ), #2924, .T. ) ;
#5248 = CARTESIAN_POINT ( 'NONE',  ( 0.3531950231613901800, 1.358877376360267700, 0.4600000000000000200 ) ) ;
#5249 = ORIENTED_EDGE ( 'NONE', *, *, #91, .T. ) ;
#5250 = EDGE_LOOP ( 'NONE', ( #4456, #3376, #568, #8518 ) ) ;
#5251 = CARTESIAN_POINT ( 'NONE',  ( -0.1945786889974947300, 1.259983847140327300, 0.4600000000000000200 ) ) ;
#5252 = B_SPLINE_CURVE_WITH_KNOTS ( 'NONE', 3,
 ( #7222, #851, #7497, #7462, #9124, #9854, #4135 ),
 .UNSPECIFIED., .F., .F.,
 ( 4, 3, 4 ),
 ( 2.000000000000000000, 3.000000000000000000, 4.000000000000000000 ),
 .UNSPECIFIED. ) ;
#5253 = CARTESIAN_POINT ( 'NONE',  ( 0.5827342731476982100, 1.300343099206631400, 0.4600000000000000200 ) ) ;
#5254 = CARTESIAN_POINT ( 'NONE',  ( 0.4311228322217993100, 1.068563866812215300, 0.4700000000000000300 ) ) ;
#5255 = CARTESIAN_POINT ( 'NONE',  ( 0.5120864069151174200, 1.079056415989621200, 0.4600000000000000200 ) ) ;
#5256 = EDGE_CURVE ( 'NONE', #6628, #8557, #4451, .T. ) ;
#5257 =( NAMED_UNIT ( * ) PLANE_ANGLE_UNIT ( ) SI_UNIT ( $, .RADIAN. ) );
#5258 = ORIENTED_EDGE ( 'NONE', *, *, #3665, .F. ) ;
#5259 = PRESENTATION_STYLE_ASSIGNMENT (( #4096 ) ) ;
#5260 = ADVANCED_FACE ( 'NONE', ( #6389 ), #7081, .F. ) ;
#5261 = VERTEX_POINT ( 'NONE', #9570 ) ;
#5262 = LINE ( 'NONE', #8617, #8583 ) ;
#5263 = ORIENTED_EDGE ( 'NONE', *, *, #1703, .T. ) ;
#5264 = CARTESIAN_POINT ( 'NONE',  ( 0.4297081064900330500, 1.056774485713890800, 0.4600000000000000200 ) ) ;
#5265 = CARTESIAN_POINT ( 'NONE',  ( 0.04151568268147027400, 1.108325948845417100, 0.4700000000000000300 ) ) ;
#5266 = CARTESIAN_POINT ( 'NONE',  ( 0.4395227662542640600, 1.142954861543203500, 0.4600000000000000200 ) ) ;
#5267 =( NAMED_UNIT ( * ) PLANE_ANGLE_UNIT ( ) SI_UNIT ( $, .RADIAN. ) );
#5268 = VERTEX_POINT ( 'NONE', #5517 ) ;
#5269 = VECTOR ( 'NONE', #1798, 1000.000000000000000 ) ;
#5270 = ORIENTED_EDGE ( 'NONE', *, *, #3791, .F. ) ;
#5271 = EDGE_LOOP ( 'NONE', ( #3932, #2808, #2330, #602 ) ) ;
#5272 = EDGE_CURVE ( 'NONE', #4390, #4344, #9597, .T. ) ;
#5273 = ORIENTED_EDGE ( 'NONE', *, *, #3856, .F. ) ;
#5274 = EDGE_LOOP ( 'NONE', ( #970, #7969, #10027, #1607 ) ) ;
#5275 = CARTESIAN_POINT ( 'NONE',  ( -0.1216189615021395100, 1.387868275012901700, 0.4700000000000000300 ) ) ;
#5276 = FACE_OUTER_BOUND ( 'NONE', #4016, .T. ) ;
#5277 = CARTESIAN_POINT ( 'NONE',  ( -0.3577133859521229900, 1.257524489724944000, 0.4600000000000000200 ) ) ;
#5278 = LINE ( 'NONE', #3034, #6307 ) ;
#5279 = EDGE_CURVE ( 'NONE', #7169, #5747, #4245, .T. ) ;
#5280 = FILL_AREA_STYLE_COLOUR ( '', #9412 ) ;
#5281 = ORIENTED_EDGE ( 'NONE', *, *, #785, .F. ) ;
#5282 = VECTOR ( 'NONE', #5917, 1000.000000000000000 ) ;
#5283 = ORIENTED_EDGE ( 'NONE', *, *, #6600, .F. ) ;
#5284 = ORIENTED_EDGE ( 'NONE', *, *, #878, .F. ) ;
#5285 = CARTESIAN_POINT ( 'NONE',  ( 0.4734761838178589400, 1.021111607891017800, 0.4600000000000000200 ) ) ;
#5286 = VECTOR ( 'NONE', #9141, 1000.000000000000000 ) ;
#5287 = DIRECTION ( 'NONE',  ( -1.000000000000000000, 0.0000000000000000000, 0.0000000000000000000 ) ) ;
#5288 = CARTESIAN_POINT ( 'NONE',  ( -1.000000000000000000, -1.500000000000000000, 0.09999999999999999200 ) ) ;
#5289 = CARTESIAN_POINT ( 'NONE',  ( 0.6803208751892874100, 1.273168575775145000, 0.4600000000000000200 ) ) ;
#5290 = EDGE_CURVE ( 'NONE', #9135, #9837, #1231, .T. ) ;
#5291 = ORIENTED_EDGE ( 'NONE', *, *, #2207, .F. ) ;
#5292 = ORIENTED_EDGE ( 'NONE', *, *, #6522, .F. ) ;
#5293 = VECTOR ( 'NONE', #4777, 1000.000000000000000 ) ;
#5294 = EDGE_CURVE ( 'NONE', #5347, #6841, #6514, .T. ) ;
#5295 = CARTESIAN_POINT ( 'NONE',  ( 0.4297081064900330500, 1.056774485713890800, 0.4600000000000000200 ) ) ;
#5296 = DIRECTION ( 'NONE',  ( 0.3559357243698827400, -0.9345104387417441100, 0.0000000000000000000 ) ) ;
#5297 = CARTESIAN_POINT ( 'NONE',  ( -0.1250000000000001100, 0.0000000000000000000, -0.0000000000000000000 ) ) ;
#5298 = VERTEX_POINT ( 'NONE', #2268 ) ;
#5299 = VECTOR ( 'NONE', #10285, 1000.000000000000000 ) ;
#5300 = DIRECTION ( 'NONE',  ( 0.0000000000000000000, 0.0000000000000000000, -1.000000000000000000 ) ) ;
#5301 = CARTESIAN_POINT ( 'NONE',  ( 0.4254934027470531600, 1.112479311403996400, 0.4600000000000000200 ) ) ;
#5302 = EDGE_CURVE ( 'NONE', #8938, #1179, #2041, .T. ) ;
#5303 = ORIENTED_EDGE ( 'NONE', *, *, #8068, .T. ) ;
#5304 = EDGE_CURVE ( 'NONE', #6238, #2221, #3874, .T. ) ;
#5305 = AXIS2_PLACEMENT_3D ( 'NONE', #2334, #4741, #9670 ) ;
#5306 = VECTOR ( 'NONE', #4626, 1000.000000000000000 ) ;
#5307 = ADVANCED_FACE ( 'NONE', ( #9333 ), #3951, .T. ) ;
#5308 = CARTESIAN_POINT ( 'NONE',  ( 0.5651091484052523900, 1.058719733595268900, 0.4700000000000000300 ) ) ;
#5309 = ORIENTED_EDGE ( 'NONE', *, *, #9000, .T. ) ;
#5310 = CARTESIAN_POINT ( 'NONE',  ( 0.2606778549914534600, 1.110651957333468100, 0.4700000000000000300 ) ) ;
#5311 = CARTESIAN_POINT ( 'NONE',  ( 0.2606778549914534600, 1.110651957333468100, 0.4700000000000000300 ) ) ;
#5312 = ORIENTED_EDGE ( 'NONE', *, *, #10077, .T. ) ;
#5313 = LINE ( 'NONE', #5246, #971 ) ;
#5314 = DIRECTION ( 'NONE',  ( 0.9369753459439895700, 0.3493954794972899400, -0.0000000000000000000 ) ) ;
#5315 = VECTOR ( 'NONE', #2329, 1000.000000000000000 ) ;
#5316 = EDGE_LOOP ( 'NONE', ( #4208, #1630, #1908, #9031 ) ) ;
#5317 = B_SPLINE_CURVE_WITH_KNOTS ( 'NONE', 3,
 ( #4285, #8393, #7733, #6036 ),
 .UNSPECIFIED., .F., .F.,
 ( 4, 4 ),
 ( 3.000000000000000000, 4.000000000000000000 ),
 .UNSPECIFIED. ) ;
#5318 = CARTESIAN_POINT ( 'NONE',  ( 0.3216289552702570300, 1.080765876249294000, 0.4600000000000000200 ) ) ;
#5319 = CARTESIAN_POINT ( 'NONE',  ( 0.3891526355113952800, 1.241926715863839200, 0.4700000000000000300 ) ) ;
#5320 = ORIENTED_EDGE ( 'NONE', *, *, #6214, .T. ) ;
#5321 = LINE ( 'NONE', #9191, #9948 ) ;
#5322 = VERTEX_POINT ( 'NONE', #2669 ) ;
#5323 = FACE_OUTER_BOUND ( 'NONE', #7890, .T. ) ;
#5324 = SURFACE_SIDE_STYLE ('',( #9815 ) ) ;
#5325 = EDGE_CURVE ( 'NONE', #10296, #6830, #1169, .T. ) ;
#5326 = ORIENTED_EDGE ( 'NONE', *, *, #6128, .T. ) ;
#5327 = PLANE ( 'NONE',  #1356 ) ;
#5328 = CARTESIAN_POINT ( 'NONE',  ( 0.5112022033329600700, 1.076168017620659800, 0.4600000000000000200 ) ) ;
#5329 = CARTESIAN_POINT ( 'NONE',  ( 0.7148048149020959100, 1.083890062239958100, 0.4700000000000000300 ) ) ;
#5330 = DIRECTION ( 'NONE',  ( 0.0000000000000000000, 0.0000000000000000000, 1.000000000000000000 ) ) ;
#5331 = LINE ( 'NONE', #2468, #3176 ) ;
#5332 = EDGE_LOOP ( 'NONE', ( #6382, #1376, #759, #4482 ) ) ;
#5333 = FACE_OUTER_BOUND ( 'NONE', #5274, .T. ) ;
#5334 = ORIENTED_EDGE ( 'NONE', *, *, #1605, .T. ) ;
#5335 = CARTESIAN_POINT ( 'NONE',  ( 0.4142640172510503300, 1.102222549848287400, 0.4700000000000000300 ) ) ;
#5336 = ORIENTED_EDGE ( 'NONE', *, *, #1452, .F. ) ;
#5337 = CARTESIAN_POINT ( 'NONE',  ( 0.4768361574306017600, 1.306768311905006900, 0.4700000000000000300 ) ) ;
#5338 = DIRECTION ( 'NONE',  ( -0.0000000000000000000, -0.0000000000000000000, -1.000000000000000000 ) ) ;
#5339 = CARTESIAN_POINT ( 'NONE',  ( 0.3703190992065542600, 1.358877376360267700, 0.4600000000000000200 ) ) ;
#5340 = CARTESIAN_POINT ( 'NONE',  ( 0.3287025839294849800, 1.063258645317694200, 0.4600000000000000200 ) ) ;
#5341 = CARTESIAN_POINT ( 'NONE',  ( -1.000000000000000000, 1.500000000000000000, 0.0000000000000000000 ) ) ;
#5342 = DIRECTION ( 'NONE',  ( -1.000000000000000000, -0.0000000000000000000, -0.0000000000000000000 ) ) ;
#5343 = ORIENTED_EDGE ( 'NONE', *, *, #3297, .T. ) ;
#5344 = FACE_OUTER_BOUND ( 'NONE', #3, .T. ) ;
#5345 = ORIENTED_EDGE ( 'NONE', *, *, #3629, .T. ) ;
#5346 = EDGE_CURVE ( 'NONE', #8661, #9277, #9068, .T. ) ;
#5347 = VERTEX_POINT ( 'NONE', #140 ) ;
#5348 = CARTESIAN_POINT ( 'NONE',  ( -0.8750000000000001100, 1.500999999999999900, 0.1000000000000000100 ) ) ;
#5349 =( LENGTH_UNIT ( ) NAMED_UNIT ( * ) SI_UNIT ( .MILLI., .METRE. ) );
#5350 = CARTESIAN_POINT ( 'NONE',  ( -0.1945786889974947300, 1.259983847140327300, 0.4700000000000000300 ) ) ;
#5351 = CARTESIAN_POINT ( 'NONE',  ( -0.1937589136159163500, 1.168989123799456100, 0.4600000000000000200 ) ) ;
#5352 = VECTOR ( 'NONE', #3253, 1000.000000000000000 ) ;
#5353 = CARTESIAN_POINT ( 'NONE',  ( -0.3716495146639740000, 1.188663623501164700, 0.4700000000000000300 ) ) ;
#5354 = VECTOR ( 'NONE', #6099, 1000.000000000000000 ) ;
#5355 = PLANE ( 'NONE',  #3198 ) ;
#5356 = VERTEX_POINT ( 'NONE', #5143 ) ;
#5357 = ADVANCED_FACE ( 'NONE', ( #7950 ), #8424, .F. ) ;
#5358 = CARTESIAN_POINT ( 'NONE',  ( 0.1005392912368313900, 1.172268178417227500, 0.4600000000000000200 ) ) ;
#5359 =( LENGTH_UNIT ( ) NAMED_UNIT ( * ) SI_UNIT ( .MILLI., .METRE. ) );
#5360 = CARTESIAN_POINT ( 'NONE',  ( 0.4228997389056087200, 1.140773826040125400, 0.4600000000000000200 ) ) ;
#5361 = CARTESIAN_POINT ( 'NONE',  ( 0.1005392912368313900, 1.172268178417227500, 0.4700000000000000300 ) ) ;
#5362 = FACE_OUTER_BOUND ( 'NONE', #7372, .T. ) ;
#5363 = CARTESIAN_POINT ( 'NONE',  ( -0.1626075898475035600, 1.103407296556745200, 0.4700000000000000300 ) ) ;
#5364 = VERTEX_POINT ( 'NONE', #9180 ) ;
#5365 = LINE ( 'NONE', #6, #3219 ) ;
#5366 = EDGE_CURVE ( 'NONE', #6566, #1038, #1913, .T. ) ;
#5367 = CARTESIAN_POINT ( 'NONE',  ( 0.4254934027470531600, 1.112479311403996400, 0.4700000000000000300 ) ) ;
#5368 = PLANE ( 'NONE',  #1039 ) ;
#5369 = LINE ( 'NONE', #659, #542 ) ;
#5370 = DIRECTION ( 'NONE',  ( -0.0000000000000000000, -0.0000000000000000000, -1.000000000000000000 ) ) ;
#5371 = VERTEX_POINT ( 'NONE', #4315 ) ;
#5372 = DIRECTION ( 'NONE',  ( -1.000000000000000000, 0.0000000000000000000, 0.0000000000000000000 ) ) ;
#5373 = MECHANICAL_DESIGN_GEOMETRIC_PRESENTATION_REPRESENTATION (  '', ( #2441 ), #9073 ) ;
#5374 = EDGE_LOOP ( 'NONE', ( #1017, #4586, #1004, #238, #7964, #3971 ) ) ;
#5375 = PLANE ( 'NONE',  #3708 ) ;
#5376 = EDGE_LOOP ( 'NONE', ( #5038, #6056, #3320, #482 ) ) ;
#5377 = B_SPLINE_CURVE_WITH_KNOTS ( 'NONE', 3,
 ( #5704, #3224, #6593, #860 ),
 .UNSPECIFIED., .F., .F.,
 ( 4, 4 ),
 ( 4.000000000000000000, 5.000000000000000000 ),
 .UNSPECIFIED. ) ;
#5378 = PRESENTATION_STYLE_ASSIGNMENT (( #6255 ) ) ;
#5379 = CARTESIAN_POINT ( 'NONE',  ( 0.3733548648394733900, 1.111064585672230500, 0.4600000000000000200 ) ) ;
#5380 =( NAMED_UNIT ( * ) PLANE_ANGLE_UNIT ( ) SI_UNIT ( $, .RADIAN. ) );
#5381 = UNCERTAINTY_MEASURE_WITH_UNIT (LENGTH_MEASURE( 1.000000000000000100E-005 ), #7136, 'distance_accuracy_value', 'NONE');
#5382 = CARTESIAN_POINT ( 'NONE',  ( 0.4481584879088261200, 1.079704831950077300, 0.4600000000000000200 ) ) ;
#5383 = SURFACE_STYLE_USAGE ( .BOTH. , #2251 ) ;
#5384 = CARTESIAN_POINT ( 'NONE',  ( 0.3404624915750940100, 1.072336468763329400, 0.4600000000000000200 ) ) ;
#5385 =( NAMED_UNIT ( * ) SI_UNIT ( $, .STERADIAN. ) SOLID_ANGLE_UNIT ( ) );
#5386 = EDGE_CURVE ( 'NONE', #5224, #3269, #3716, .T. ) ;
#5387 = ORIENTED_EDGE ( 'NONE', *, *, #6214, .F. ) ;
#5388 = DIRECTION ( 'NONE',  ( -0.0000000000000000000, 1.000000000000000000, -0.0000000000000000000 ) ) ;
#5389 = FACE_OUTER_BOUND ( 'NONE', #5773, .T. ) ;
#5390 = LINE ( 'NONE', #1054, #1059 ) ;
#5391 = CARTESIAN_POINT ( 'NONE',  ( 0.3976409899023887800, 1.354161623920780800, 0.4600000000000000200 ) ) ;
#5392 = CARTESIAN_POINT ( 'NONE',  ( 0.6212266024333380500, 1.110651957333468100, 0.4700000000000000300 ) ) ;
#5393 = VERTEX_POINT ( 'NONE', #969 ) ;
#5394 = PLANE ( 'NONE',  #9335 ) ;
#5395 = CARTESIAN_POINT ( 'NONE',  ( 0.5983846765552801600, 1.300755727545389600, 0.4600000000000000200 ) ) ;
#5396 = PLANE ( 'NONE',  #3610 ) ;
#5397 = ORIENTED_EDGE ( 'NONE', *, *, #5767, .F. ) ;
#5398 = CARTESIAN_POINT ( 'NONE',  ( 0.5809953394353111200, 1.341664879956576200, 0.4600000000000000200 ) ) ;
#5399 = VERTEX_POINT ( 'NONE', #2598 ) ;
#5400 = VECTOR ( 'NONE', #5525, 1000.000000000000000 ) ;
#5401 = ORIENTED_EDGE ( 'NONE', *, *, #26, .T. ) ;
#5402 = VECTOR ( 'NONE', #2189, 1000.000000000000000 ) ;
#5403 = ADVANCED_FACE ( 'NONE', ( #3335 ), #3347, .F. ) ;
#5404 = CARTESIAN_POINT ( 'NONE',  ( -0.02570561714402799100, 1.097668884523590900, 0.4700000000000000300 ) ) ;
#5405 = ORIENTED_EDGE ( 'NONE', *, *, #1454, .F. ) ;
#5406 = STYLED_ITEM ( 'NONE', ( #1157 ), #949 ) ;
#5407 = CARTESIAN_POINT ( 'NONE',  ( 0.7369688513669763200, 1.148554817564847900, 0.4600000000000000200 ) ) ;
#5408 = VECTOR ( 'NONE', #6849, 1000.000000000000000 ) ;
#5409 = B_SPLINE_CURVE_WITH_KNOTS ( 'NONE', 3,
 ( #188, #1130, #4522, #7815 ),
 .UNSPECIFIED., .F., .F.,
 ( 4, 4 ),
 ( 2.000000000000000000, 3.000000000000000000 ),
 .UNSPECIFIED. ) ;
#5410 = DIRECTION ( 'NONE',  ( 0.0000000000000000000, 0.0000000000000000000, -1.000000000000000000 ) ) ;
#5411 = ORIENTED_EDGE ( 'NONE', *, *, #5272, .F. ) ;
#5412 = FACE_OUTER_BOUND ( 'NONE', #6962, .T. ) ;
#5413 = PLANE ( 'NONE',  #2690 ) ;
#5414 = DIRECTION ( 'NONE',  ( -1.000000000000000000, 0.0000000000000000000, 0.0000000000000000000 ) ) ;
#5415 = ORIENTED_EDGE ( 'NONE', *, *, #9348, .T. ) ;
#5416 =( NAMED_UNIT ( * ) SI_UNIT ( $, .STERADIAN. ) SOLID_ANGLE_UNIT ( ) );
#5417 = CARTESIAN_POINT ( 'NONE',  ( 0.04397502446132990600, 1.058319853848341400, 0.4700000000000000300 ) ) ;
#5418 = SURFACE_SIDE_STYLE ('',( #7262 ) ) ;
#5419 = VECTOR ( 'NONE', #1084, 1000.000000000000000 ) ;
#5420 = PLANE ( 'NONE',  #8174 ) ;
#5421 = EDGE_CURVE ( 'NONE', #5722, #7067, #5114, .T. ) ;
#5422 = CARTESIAN_POINT ( 'NONE',  ( 0.3390477658433275200, 1.332646003416362500, 0.4600000000000000200 ) ) ;
#5423 = STYLED_ITEM ( 'NONE', ( #1870 ), #2229 ) ;
#5424 = VECTOR ( 'NONE', #4823, 1000.000000000000000 ) ;
#5425 = EDGE_LOOP ( 'NONE', ( #1552, #35, #2802, #1627 ) ) ;
#5426 = ORIENTED_EDGE ( 'NONE', *, *, #5467, .F. ) ;
#5427 = EDGE_CURVE ( 'NONE', #9381, #4356, #4076, .T. ) ;
#5428 = CARTESIAN_POINT ( 'NONE',  ( -0.1839216559474985400, 1.355897156317625200, 0.4600000000000000200 ) ) ;
#5429 = CARTESIAN_POINT ( 'NONE',  ( 0.4297081064900330500, 1.056774485713890800, 0.4700000000000000300 ) ) ;
#5430 = CARTESIAN_POINT ( 'NONE',  ( 0.3378393542805469000, 1.140420144606789400, 0.4600000000000000200 ) ) ;
#5431 = CARTESIAN_POINT ( 'NONE',  ( 0.3065974943700323600, 1.254777141261381100, 0.4600000000000000200 ) ) ;
#5432 = DIRECTION ( 'NONE',  ( -0.0000000000000000000, -0.0000000000000000000, -1.000000000000000000 ) ) ;
#5433 = ADVANCED_FACE ( 'NONE', ( #2538 ), #7591, .F. ) ;
#5434 = DIRECTION ( 'NONE',  ( 0.3409177962187314700, 0.9400931103999027300, 0.0000000000000000000 ) ) ;
#5435 = DIRECTION ( 'NONE',  ( -1.000000000000000000, 0.0000000000000000000, 0.0000000000000000000 ) ) ;
#5436 = VECTOR ( 'NONE', #7915, 1000.000000000000000 ) ;
#5437 = ORIENTED_EDGE ( 'NONE', *, *, #5515, .T. ) ;
#5438 = EDGE_CURVE ( 'NONE', #2076, #8803, #9173, .T. ) ;
#5439 = ORIENTED_EDGE ( 'NONE', *, *, #174, .T. ) ;
#5440 = CARTESIAN_POINT ( 'NONE',  ( -0.1765437244230203000, 1.053401170288617000, 0.4700000000000000300 ) ) ;
#5441 = CARTESIAN_POINT ( 'NONE',  ( 0.4105503622049631600, 1.131990737121612900, 0.4600000000000000200 ) ) ;
#5442 = LINE ( 'NONE', #4039, #8654 ) ;
#5443 = DIRECTION ( 'NONE',  ( -0.0000000000000000000, -0.0000000000000000000, -1.000000000000000000 ) ) ;
#5444 = LINE ( 'NONE', #7069, #3286 ) ;
#5445 = ORIENTED_EDGE ( 'NONE', *, *, #4744, .T. ) ;
#5446 = DIRECTION ( 'NONE',  ( 0.0000000000000000000, 0.0000000000000000000, -1.000000000000000000 ) ) ;
#5447 = ORIENTED_EDGE ( 'NONE', *, *, #2422, .T. ) ;
#5448 = EDGE_CURVE ( 'NONE', #8272, #9046, #3519, .T. ) ;
#5449 = EDGE_CURVE ( 'NONE', #9845, #4671, #4491, .T. ) ;
#5450 = CARTESIAN_POINT ( 'NONE',  ( 0.6244981556883441000, 1.174019880737442200, 0.4700000000000000300 ) ) ;
#5451 = DIRECTION ( 'NONE',  ( 0.0000000000000000000, 0.0000000000000000000, -1.000000000000000000 ) ) ;
#5452 = VECTOR ( 'NONE', #3210, 1000.000000000000000 ) ;
#5453 = CARTESIAN_POINT ( 'NONE',  ( -0.1945787046334087300, 1.053401170288617000, 0.4600000000000000200 ) ) ;
#5454 = ORIENTED_EDGE ( 'NONE', *, *, #5819, .T. ) ;
#5455 = FACE_OUTER_BOUND ( 'NONE', #5628, .T. ) ;
#5456 = CARTESIAN_POINT ( 'NONE',  ( 0.3976409899023887800, 1.260671831810934500, 0.4700000000000000300 ) ) ;
#5457 = CARTESIAN_POINT ( 'NONE',  ( 0.8749999999999998900, -1.101000000000000000, 0.1000000000000000100 ) ) ;
#5458 = DIRECTION ( 'NONE',  ( -0.7071067811865474600, 0.7071067811865474600, 0.0000000000000000000 ) ) ;
#5459 = CARTESIAN_POINT ( 'NONE',  ( 0.3473003326122348600, 1.142954861543203500, 0.4700000000000000300 ) ) ;
#5460 = DIRECTION ( 'NONE',  ( 0.0000000000000000000, 0.0000000000000000000, -1.000000000000000000 ) ) ;
#5461 = ORIENTED_EDGE ( 'NONE', *, *, #547, .F. ) ;
#5462 = VECTOR ( 'NONE', #6889, 1000.000000000000000 ) ;
#5463 = FILL_AREA_STYLE_COLOUR ( '', #4223 ) ;
#5464 = PLANE ( 'NONE',  #4176 ) ;
#5465 = CARTESIAN_POINT ( 'NONE',  ( 0.6249999999999998900, -1.500999999999999900, 0.1000000000000000100 ) ) ;
#5466 = VERTEX_POINT ( 'NONE', #10166 ) ;
#5467 = EDGE_CURVE ( 'NONE', #10431, #8461, #265, .T. ) ;
#5468 = LINE ( 'NONE', #6203, #7275 ) ;
#5469 = ORIENTED_EDGE ( 'NONE', *, *, #4077, .T. ) ;
#5470 = FILL_AREA_STYLE ('',( #10294 ) ) ;
#5471 = CARTESIAN_POINT ( 'NONE',  ( 0.3703190992065542600, 1.358877376360267700, 0.4700000000000000300 ) ) ;
#5472 = CARTESIAN_POINT ( 'NONE',  ( 0.3703190992065542600, 1.358877376360267700, 0.4700000000000000300 ) ) ;
#5473 = CARTESIAN_POINT ( 'NONE',  ( 0.5704143698997727900, 1.266802309981406100, 0.4600000000000000200 ) ) ;
#5474 = ORIENTED_EDGE ( 'NONE', *, *, #3442, .T. ) ;
#5475 = EDGE_CURVE ( 'NONE', #6875, #10431, #5239, .T. ) ;
#5476 = LINE ( 'NONE', #4505, #2530 ) ;
#5477 = ORIENTED_EDGE ( 'NONE', *, *, #7258, .F. ) ;
#5478 = LINE ( 'NONE', #3748, #2419 ) ;
#5479 = ORIENTED_EDGE ( 'NONE', *, *, #8369, .T. ) ;
#5480 = FILL_AREA_STYLE ('',( #3068 ) ) ;
#5481 = CARTESIAN_POINT ( 'NONE',  ( 0.4827897948855858200, 1.019932669780945400, 0.4700000000000000300 ) ) ;
#5482 = CARTESIAN_POINT ( 'NONE',  ( 0.6542663429616545300, 1.334119676053556500, 0.4700000000000000300 ) ) ;
#5483 = DIRECTION ( 'NONE',  ( 1.000000000000000000, -0.0000000000000000000, -0.0000000000000000000 ) ) ;
#5484 = CARTESIAN_POINT ( 'NONE',  ( -0.1363748714592320200, 1.338681939761879200, 0.4600000000000000200 ) ) ;
#5485 = VECTOR ( 'NONE', #5953, 1000.000000000000000 ) ;
#5486 = EDGE_CURVE ( 'NONE', #5356, #3075, #388, .T. ) ;
#5487 = ORIENTED_EDGE ( 'NONE', *, *, #3649, .F. ) ;
#5488 = VECTOR ( 'NONE', #10238, 1000.000000000000000 ) ;
#5489 = PRESENTATION_LAYER_ASSIGNMENT (  '', '', ( #5085 ) ) ;
#5490 = EDGE_LOOP ( 'NONE', ( #1836, #2704, #2173, #8238 ) ) ;
#5491 = CARTESIAN_POINT ( 'NONE',  ( -0.0002926897732482202800, 1.109145708590685100, 0.4600000000000000200 ) ) ;
#5492 = DIRECTION ( 'NONE',  ( -1.000000000000000000, 0.0000000000000000000, -0.0000000000000000000 ) ) ;
#5493 = CARTESIAN_POINT ( 'NONE',  ( 0.4629836346400604800, 1.081119557681841800, 0.4700000000000000300 ) ) ;
#5494 = CARTESIAN_POINT ( 'NONE',  ( 0.3491866335877905600, 1.239686733455341900, 0.4700000000000000300 ) ) ;
#5495 =( LENGTH_UNIT ( ) NAMED_UNIT ( * ) SI_UNIT ( .MILLI., .METRE. ) );
#5496 = EDGE_CURVE ( 'NONE', #8336, #2950, #7940, .T. ) ;
#5497 = CARTESIAN_POINT ( 'NONE',  ( 0.5799932420423104000, 1.071864893519935500, 0.4700000000000000300 ) ) ;
#5498 =( GEOMETRIC_REPRESENTATION_CONTEXT ( 3 ) GLOBAL_UNCERTAINTY_ASSIGNED_CONTEXT ( ( #10051 ) ) GLOBAL_UNIT_ASSIGNED_CONTEXT ( ( #4131, #5729, #10584 ) ) REPRESENTATION_CONTEXT ( 'NONE', 'WORKASPACE' ) );
#5499 = DIRECTION ( 'NONE',  ( 0.0000000000000000000, -0.0000000000000000000, 1.000000000000000000 ) ) ;
#5500 = ORIENTED_EDGE ( 'NONE', *, *, #9978, .F. ) ;
#5501 = COLOUR_RGB ( '',0.6666666666666666300, 0.6666666666666666300, 0.6666666666666666300 ) ;
#5502 = EDGE_CURVE ( 'NONE', #9532, #4193, #10101, .T. ) ;
#5503 = ORIENTED_EDGE ( 'NONE', *, *, #8003, .T. ) ;
#5504 = CARTESIAN_POINT ( 'NONE',  ( -0.1978577905230157200, 1.346059886922268200, 0.4600000000000000200 ) ) ;
#5505 = CARTESIAN_POINT ( 'NONE',  ( -0.6250000000000001100, 1.500999999999999900, 0.1000000000000000100 ) ) ;
#5506 = PLANE ( 'NONE',  #9464 ) ;
#5508 = MECHANICAL_DESIGN_GEOMETRIC_PRESENTATION_REPRESENTATION (  '', ( #24 ), #929 ) ;
#5507 = PLANE ( 'NONE',  #5639 ) ;
#5509 = CARTESIAN_POINT ( 'NONE',  ( 0.4581499883897264300, 1.094736292850697800, 0.4600000000000000200 ) ) ;
#5510 = PLANE ( 'NONE',  #7329 ) ;
#5511 = EDGE_LOOP ( 'NONE', ( #820, #1844, #4669, #5666 ) ) ;
#5512 = ORIENTED_EDGE ( 'NONE', *, *, #4587, .T. ) ;
#5513 = EDGE_CURVE ( 'NONE', #7108, #8562, #1655, .T. ) ;
#5514 = VERTEX_POINT ( 'NONE', #7810 ) ;
#5515 = EDGE_CURVE ( 'NONE', #6545, #4297, #9802, .T. ) ;
#5516 = ADVANCED_FACE ( 'NONE', ( #3065 ), #10482, .T. ) ;
#5517 = CARTESIAN_POINT ( 'NONE',  ( -0.6250000000000001100, 1.101000000000000000, -0.04000000000000000100 ) ) ;
#5518 = CARTESIAN_POINT ( 'NONE',  ( 0.4074556496666271700, 1.118845577196947200, 0.4700000000000000300 ) ) ;
#5519 = ORIENTED_EDGE ( 'NONE', *, *, #1791, .F. ) ;
#5520 = CARTESIAN_POINT ( 'NONE',  ( 0.4629836346400604800, 1.086542672987214300, 0.4700000000000000300 ) ) ;
#5521 = FACE_OUTER_BOUND ( 'NONE', #4410, .T. ) ;
#5522 = DIRECTION ( 'NONE',  ( 0.0000000000000000000, 0.0000000000000000000, -1.000000000000000000 ) ) ;
#5523 = ORIENTED_EDGE ( 'NONE', *, *, #3358, .T. ) ;
#5524 = CARTESIAN_POINT ( 'NONE',  ( 0.3051827686378725300, 1.160756827001924200, 0.4700000000000000300 ) ) ;
#5525 = DIRECTION ( 'NONE',  ( -0.0000000000000000000, -0.0000000000000000000, -1.000000000000000000 ) ) ;
#5526 = VERTEX_POINT ( 'NONE', #6136 ) ;
#5527 = ORIENTED_EDGE ( 'NONE', *, *, #6771, .F. ) ;
#5528 = ORIENTED_EDGE ( 'NONE', *, *, #5625, .F. ) ;
#5529 = CARTESIAN_POINT ( 'NONE',  ( 0.3677843822705403300, 1.131224427350304900, 0.4600000000000000200 ) ) ;
#5530 = FACE_OUTER_BOUND ( 'NONE', #8321, .T. ) ;
#5531 = VECTOR ( 'NONE', #2926, 1000.000000000000000 ) ;
#5532 = CARTESIAN_POINT ( 'NONE',  ( 0.3477424344033106000, 1.056774485713890800, 0.4700000000000000300 ) ) ;
#5533 = DIRECTION ( 'NONE',  ( -0.0000000000000000000, -0.0000000000000000000, -1.000000000000000000 ) ) ;
#5534 = DIRECTION ( 'NONE',  ( -0.0000000000000000000, -0.0000000000000000000, -1.000000000000000000 ) ) ;
#5535 = CARTESIAN_POINT ( 'NONE',  ( 0.3113132468091264200, 1.297101019404332200, 0.4600000000000000200 ) ) ;
#5536 = CARTESIAN_POINT ( 'NONE',  ( 0.3401088101421552700, 1.092378416630561200, 0.4600000000000000200 ) ) ;
#5537 = VERTEX_POINT ( 'NONE', #8615 ) ;
#5538 = VECTOR ( 'NONE', #9943, 1000.000000000000000 ) ;
#5539 = EDGE_CURVE ( 'NONE', #6856, #23, #10629, .T. ) ;
#5540 = VERTEX_POINT ( 'NONE', #2894 ) ;
#5541 = VECTOR ( 'NONE', #2204, 1000.000000000000000 ) ;
#5542 = CARTESIAN_POINT ( 'NONE',  ( 0.4223397433032848900, 1.120142409117864700, 0.4600000000000000200 ) ) ;
#5543 = CARTESIAN_POINT ( 'NONE',  ( 0.2606778549914503000, 1.123856064163555800, 0.4700000000000000300 ) ) ;
#5544 = CARTESIAN_POINT ( 'NONE',  ( 0.6646115248754968000, 1.356932128478893600, 0.4600000000000000200 ) ) ;
#5545 = AXIS2_PLACEMENT_3D ( 'NONE', #1388, #5451, #7092 ) ;
#5546 = CARTESIAN_POINT ( 'NONE',  ( 0.3390772392960376700, 1.353218473433196700, 0.4700000000000000300 ) ) ;
#5547 = ORIENTED_EDGE ( 'NONE', *, *, #1976, .F. ) ;
#5548 = FACE_OUTER_BOUND ( 'NONE', #9281, .T. ) ;
#5549 = CARTESIAN_POINT ( 'NONE',  ( 0.2457937613547896700, 1.174019880737442200, 0.4600000000000000200 ) ) ;
#5550 = DIRECTION ( 'NONE',  ( 0.0000000000000000000, 0.0000000000000000000, -1.000000000000000000 ) ) ;
#5551 = ORIENTED_EDGE ( 'NONE', *, *, #8027, .F. ) ;
#5552 = VECTOR ( 'NONE', #6577, 1000.000000000000000 ) ;
#5553 = SURFACE_STYLE_FILL_AREA ( #8307 ) ;
#5554 = EDGE_CURVE ( 'NONE', #7108, #7598, #59, .T. ) ;
#5555 = CARTESIAN_POINT ( 'NONE',  ( 0.5120864069151174200, 1.079056415989621200, 0.4700000000000000300 ) ) ;
#5556 = ORIENTED_EDGE ( 'NONE', *, *, #5735, .F. ) ;
#5557 = DIRECTION ( 'NONE',  ( 1.000000000000000000, -0.0000000000000000000, -0.0000000000000000000 ) ) ;
#5558 = CARTESIAN_POINT ( 'NONE',  ( -0.3372190815516871200, 1.099308466557788400, 0.4700000000000000300 ) ) ;
#5559 = CARTESIAN_POINT ( 'NONE',  ( -0.8750000000000001100, 1.500000000000000000, 0.4600000000000000200 ) ) ;
#5560 = VERTEX_POINT ( 'NONE', #1125 ) ;
#5561 = CARTESIAN_POINT ( 'NONE',  ( -1.000000000000000000, 1.500000000000000000, 0.09999999999999999200 ) ) ;
#5562 = STYLED_ITEM ( 'NONE', ( #4654 ), #8611 ) ;
#5563 = ORIENTED_EDGE ( 'NONE', *, *, #7368, .F. ) ;
#5564 = CARTESIAN_POINT ( 'NONE',  ( 0.3477424344033106000, 1.056774485713890800, 0.4600000000000000200 ) ) ;
#5565 = CARTESIAN_POINT ( 'NONE',  ( 0.4211608051936131500, 1.056774485713890800, 0.4600000000000000200 ) ) ;
#5566 = CARTESIAN_POINT ( 'NONE',  ( 0.2457937613547887000, 1.241631981336715800, 0.4700000000000000300 ) ) ;
#5567 = ORIENTED_EDGE ( 'NONE', *, *, #6097, .F. ) ;
#5568 = SURFACE_STYLE_USAGE ( .BOTH. , #10429 ) ;
#5569 = CARTESIAN_POINT ( 'NONE',  ( 0.6565063253701535200, 1.342195402106187500, 0.4600000000000000200 ) ) ;
#5570 = LINE ( 'NONE', #4407, #7637 ) ;
#5571 = EDGE_CURVE ( 'NONE', #5893, #2526, #8945, .T. ) ;
#5572 = AXIS2_PLACEMENT_3D ( 'NONE', #1226, #7840, #1263 ) ;
#5573 = ADVANCED_FACE ( 'NONE', ( #8287 ), #3931, .F. ) ;
#5574 = VECTOR ( 'NONE', #2867, 1000.000000000000000 ) ;
#5575 = ORIENTED_EDGE ( 'NONE', *, *, #338, .F. ) ;
#5576 = CARTESIAN_POINT ( 'NONE',  ( 0.5799932420423104000, 1.071864893519935500, 0.4700000000000000300 ) ) ;
#5577 = AXIS2_PLACEMENT_3D ( 'NONE', #6694, #4091, #1792 ) ;
#5578 =( NAMED_UNIT ( * ) PLANE_ANGLE_UNIT ( ) SI_UNIT ( $, .RADIAN. ) );
#5579 = DIRECTION ( 'NONE',  ( -0.8840949502478775400, -0.4673073067545626700, 0.0000000000000000000 ) ) ;
#5580 = ORIENTED_EDGE ( 'NONE', *, *, #3700, .T. ) ;
#5581 = CARTESIAN_POINT ( 'NONE',  ( 0.4297081064900330500, 1.056774485713890800, 0.4700000000000000300 ) ) ;
#5582 = FILL_AREA_STYLE ('',( #4644 ) ) ;
#5583 = CARTESIAN_POINT ( 'NONE',  ( 0.5505492627480321800, 1.343669074743377000, 0.4600000000000000200 ) ) ;
#5584 = LINE ( 'NONE', #8275, #1133 ) ;
#5585 = ORIENTED_EDGE ( 'NONE', *, *, #880, .T. ) ;
#5586 = STYLED_ITEM ( 'NONE', ( #655 ), #5307 ) ;
#5587 = EDGE_LOOP ( 'NONE', ( #10513, #9913, #4678, #44 ) ) ;
#5588 = CARTESIAN_POINT ( 'NONE',  ( 0.4074556496666246800, 1.126154993477481900, 0.4600000000000000200 ) ) ;
#5589 = CARTESIAN_POINT ( 'NONE',  ( -0.6250000000000001100, -1.500999999999999900, 0.1000000000000000100 ) ) ;
#5590 = CARTESIAN_POINT ( 'NONE',  ( 0.6486958603927232000, 1.356932128478893600, 0.4600000000000000200 ) ) ;
#5591 = CARTESIAN_POINT ( 'NONE',  ( 0.3362772612852169600, 1.081944814358577500, 0.4600000000000000200 ) ) ;
#5592 = ORIENTED_EDGE ( 'NONE', *, *, #6672, .F. ) ;
#5593 = EDGE_CURVE ( 'NONE', #6818, #2025, #5478, .T. ) ;
#5594 = ORIENTED_EDGE ( 'NONE', *, *, #1205, .T. ) ;
#5595 = EDGE_CURVE ( 'NONE', #2489, #7678, #5994, .T. ) ;
#5596 = VERTEX_POINT ( 'NONE', #8777 ) ;
#5597 = CARTESIAN_POINT ( 'NONE',  ( -0.2388463875961558100, 1.321466719296756000, 0.4600000000000000200 ) ) ;
#5598 = DIRECTION ( 'NONE',  ( 0.9209172030172666500, -0.3897582650654818900, 0.0000000000000000000 ) ) ;
#5599 = CARTESIAN_POINT ( 'NONE',  ( 0.2606778549914503000, 1.356932128478890400, 0.4600000000000000200 ) ) ;
#5600 = CARTESIAN_POINT ( 'NONE',  ( 0.4137334951014448600, 1.058424999067361100, 0.4600000000000000200 ) ) ;
#5601 = CARTESIAN_POINT ( 'NONE',  ( 0.1210335975911644700, 1.095209605287003500, 0.4700000000000000300 ) ) ;
#5602 = LINE ( 'NONE', #6415, #1644 ) ;
#5603 = CARTESIAN_POINT ( 'NONE',  ( 0.6561526439376044200, 1.342195402106187500, 0.4700000000000000300 ) ) ;
#5604 = B_SPLINE_CURVE_WITH_KNOTS ( 'NONE', 3,
 ( #7738, #9262, #6808, #7629 ),
 .UNSPECIFIED., .F., .F.,
 ( 4, 4 ),
 ( 21.00000000000000000, 22.00000000000000000 ),
 .UNSPECIFIED. ) ;
#5605 = LINE ( 'NONE', #123, #8550 ) ;
#5606 = EDGE_LOOP ( 'NONE', ( #6402, #688, #9164, #6562, #6285, #5461 ) ) ;
#5607 = ORIENTED_EDGE ( 'NONE', *, *, #6899, .T. ) ;
#5608 = CARTESIAN_POINT ( 'NONE',  ( 0.4613625947389139400, 1.091081584710429200, 0.4700000000000000300 ) ) ;
#5609 = DIRECTION ( 'NONE',  ( 0.0000000000000000000, -1.000000000000000000, 0.0000000000000000000 ) ) ;
#5610 = CARTESIAN_POINT ( 'NONE',  ( 0.3733548648394733900, 1.092142629008860900, 0.4700000000000000300 ) ) ;
#5611 = FACE_OUTER_BOUND ( 'NONE', #6611, .T. ) ;
#5612 = SURFACE_STYLE_USAGE ( .BOTH. , #2469 ) ;
#5613 = ORIENTED_EDGE ( 'NONE', *, *, #7458, .F. ) ;
#5614 = VECTOR ( 'NONE', #9720, 1000.000000000000000 ) ;
#5615 = CARTESIAN_POINT ( 'NONE',  ( -0.1691657459904059300, 1.168989123799456100, 0.4600000000000000200 ) ) ;
#5616 = ORIENTED_EDGE ( 'NONE', *, *, #5909, .F. ) ;
#5617 = LINE ( 'NONE', #413, #2673 ) ;
#5618 = CARTESIAN_POINT ( 'NONE',  ( 0.3269341767647745400, 1.297985222987278600, 0.4700000000000000300 ) ) ;
#5619 = VECTOR ( 'NONE', #248, 1000.000000000000000 ) ;
#5620 =( LENGTH_UNIT ( ) NAMED_UNIT ( * ) SI_UNIT ( .MILLI., .METRE. ) );
#5621 = EDGE_LOOP ( 'NONE', ( #6305, #10060, #4698, #7636 ) ) ;
#5622 =( NAMED_UNIT ( * ) SI_UNIT ( $, .STERADIAN. ) SOLID_ANGLE_UNIT ( ) );
#5623 = DIRECTION ( 'NONE',  ( 0.0000000000000000000, -1.000000000000000000, -0.0000000000000000000 ) ) ;
#5624 = CARTESIAN_POINT ( 'NONE',  ( 0.3307067787158941000, 1.273227522680567200, 0.4700000000000000300 ) ) ;
#5625 = EDGE_CURVE ( 'NONE', #6880, #8334, #1022, .T. ) ;
#5626 = VERTEX_POINT ( 'NONE', #7916 ) ;
#5627 = DIRECTION ( 'NONE',  ( -0.3283461648125310400, 0.9445574604294342300, -0.0000000000000000000 ) ) ;
#5628 = EDGE_LOOP ( 'NONE', ( #5913, #5281, #3621, #3701 ) ) ;
#5629 = LINE ( 'NONE', #1398, #9202 ) ;
#5630 = SURFACE_SIDE_STYLE ('',( #8686 ) ) ;
#5631 = EDGE_LOOP ( 'NONE', ( #6009, #6040, #9522, #2548, #574, #4837, #1408, #3945, #4770, #369, #1185, #8524, #2829, #4784 ) ) ;
#5632 = CARTESIAN_POINT ( 'NONE',  ( -0.02242651561890166700, 1.198500928076939600, 0.4700000000000000300 ) ) ;
#5633 = EDGE_CURVE ( 'NONE', #9512, #7042, #1160, .T. ) ;
#5634 = CARTESIAN_POINT ( 'NONE',  ( 0.3162353134175963600, 1.265918106399244000, 0.4700000000000000300 ) ) ;
#5635 = CARTESIAN_POINT ( 'NONE',  ( 0.3891526355113952800, 1.241926715863839200, 0.4600000000000000200 ) ) ;
#5636 = CARTESIAN_POINT ( 'NONE',  ( 0.6549737058275411100, 1.336005977029509600, 0.4600000000000000200 ) ) ;
#5637 = ORIENTED_EDGE ( 'NONE', *, *, #3118, .T. ) ;
#5638 = VECTOR ( 'NONE', #5135, 1000.000000000000000 ) ;
#5639 = AXIS2_PLACEMENT_3D ( 'NONE', #9630, #8832, #8871 ) ;
#5640 = EDGE_LOOP ( 'NONE', ( #10090, #3424, #6117, #1890 ) ) ;
#5641 = FACE_BOUND ( 'NONE', #10100, .T. ) ;
#5642 = EDGE_CURVE ( 'NONE', #7276, #8176, #7293, .T. ) ;
#5643 = CARTESIAN_POINT ( 'NONE',  ( 0.5700901619191470800, 1.332822844132638900, 0.4600000000000000200 ) ) ;
#5644 = B_SPLINE_CURVE_WITH_KNOTS ( 'NONE', 3,
 ( #5618, #6513, #8916, #8881 ),
 .UNSPECIFIED., .F., .F.,
 ( 4, 4 ),
 ( 9.000000000000000000, 10.00000000000000000 ),
 .UNSPECIFIED. ) ;
#5645 = ADVANCED_FACE ( 'NONE', ( #887 ), #10435, .F. ) ;
#5646 = CARTESIAN_POINT ( 'NONE',  ( -0.08554898544544557700, 1.387868275012904300, 0.4700000000000000300 ) ) ;
#5647 = ORIENTED_EDGE ( 'NONE', *, *, #10510, .T. ) ;
#5648 = DIRECTION ( 'NONE',  ( 1.000000000000000000, 0.0000000000000000000, -0.0000000000000000000 ) ) ;
#5649 = VECTOR ( 'NONE', #5388, 1000.000000000000000 ) ;
#5650 = FACE_OUTER_BOUND ( 'NONE', #4384, .T. ) ;
#5651 = VERTEX_POINT ( 'NONE', #1419 ) ;
#5652 = UNCERTAINTY_MEASURE_WITH_UNIT (LENGTH_MEASURE( 1.000000000000000100E-005 ), #8351, 'distance_accuracy_value', 'NONE');
#5653 = EDGE_LOOP ( 'NONE', ( #8885, #7515, #20, #9146 ) ) ;
#5654 = CARTESIAN_POINT ( 'NONE',  ( 0.07020774284960168400, 1.280478106588094100, 0.4700000000000000300 ) ) ;
#5655 = EDGE_LOOP ( 'NONE', ( #4760, #8007, #7459, #2657 ) ) ;
#5656 = CARTESIAN_POINT ( 'NONE',  ( 0.04151568268147027400, 1.108325948845417100, 0.4700000000000000300 ) ) ;
#5657 = CARTESIAN_POINT ( 'NONE',  ( 0.3296752078697817200, 1.121262400321720600, 0.4600000000000000200 ) ) ;
#5658 = PLANE ( 'NONE',  #439 ) ;
#5659 = DIRECTION ( 'NONE',  ( 1.000000000000000000, -0.0000000000000000000, -0.0000000000000000000 ) ) ;
#5660 = FACE_OUTER_BOUND ( 'NONE', #769, .T. ) ;
#5661 = CARTESIAN_POINT ( 'NONE',  ( 0.3362772612852169600, 1.086424779176362800, 0.4700000000000000300 ) ) ;
#5662 = MECHANICAL_DESIGN_GEOMETRIC_PRESENTATION_REPRESENTATION (  '', ( #10128 ), #4657 ) ;
#5663 = ORIENTED_EDGE ( 'NONE', *, *, #9569, .F. ) ;
#5664 = VECTOR ( 'NONE', #559, 1000.000000000000000 ) ;
#5665 = SURFACE_STYLE_USAGE ( .BOTH. , #5630 ) ;
#5666 = ORIENTED_EDGE ( 'NONE', *, *, #6721, .T. ) ;
#5667 = VECTOR ( 'NONE', #2532, 1000.000000000000000 ) ;
#5668 = DIRECTION ( 'NONE',  ( -0.0000000000000000000, -0.0000000000000000000, -1.000000000000000000 ) ) ;
#5669 = CARTESIAN_POINT ( 'NONE',  ( 0.4356027970391890800, 1.343669074743377000, 0.4700000000000000300 ) ) ;
#5670 = CARTESIAN_POINT ( 'NONE',  ( 0.5786374632159616600, 1.274760142223185800, 0.4700000000000000300 ) ) ;
#5671 = CARTESIAN_POINT ( 'NONE',  ( 0.02594002861502355700, 1.345240115449673100, 0.4600000000000000200 ) ) ;
#5672 = CARTESIAN_POINT ( 'NONE',  ( 0.3704664664705092900, 1.345437481907692400, 0.4600000000000000200 ) ) ;
#5673 = B_SPLINE_CURVE_WITH_KNOTS ( 'NONE', 3,
 ( #143, #6805, #4321, #4349 ),
 .UNSPECIFIED., .F., .F.,
 ( 4, 4 ),
 ( 35.00000000000000000, 36.00000000000000000 ),
 .UNSPECIFIED. ) ;
#5674 = EDGE_CURVE ( 'NONE', #6871, #7859, #7671, .T. ) ;
#5675 = CARTESIAN_POINT ( 'NONE',  ( 0.3514855629021116400, 1.068622813717637500, 0.4700000000000000300 ) ) ;
#5676 = ADVANCED_FACE ( 'NONE', ( #3602 ), #6174, .F. ) ;
#5677 = ORIENTED_EDGE ( 'NONE', *, *, #3561, .T. ) ;
#5678 = VECTOR ( 'NONE', #6850, 1000.000000000000000 ) ;
#5679 = EDGE_LOOP ( 'NONE', ( #9270, #25, #6502, #4501 ) ) ;
#5680 = FACE_OUTER_BOUND ( 'NONE', #578, .T. ) ;
#5681 = CARTESIAN_POINT ( 'NONE',  ( 0.4590341919722750700, 1.125270789895327100, 0.4600000000000000200 ) ) ;
#5682 = VECTOR ( 'NONE', #936, 1000.000000000000000 ) ;
#5683 = CARTESIAN_POINT ( 'NONE',  ( 0.3976409899023887800, 1.354161623920780800, 0.4700000000000000300 ) ) ;
#5684 = DIRECTION ( 'NONE',  ( 0.0000000000000000000, -1.000000000000000000, 0.0000000000000000000 ) ) ;
#5685 = ORIENTED_EDGE ( 'NONE', *, *, #5421, .F. ) ;
#5686 = LINE ( 'NONE', #9634, #5798 ) ;
#5687 = EDGE_LOOP ( 'NONE', ( #1334, #3831, #1808, #780 ) ) ;
#5688 = CARTESIAN_POINT ( 'NONE',  ( 0.3580286694117305000, 1.142954861543203500, 0.4700000000000000300 ) ) ;
#5689 = EDGE_CURVE ( 'NONE', #6657, #9037, #5106, .T. ) ;
#5690 = CARTESIAN_POINT ( 'NONE',  ( 0.3733548648394733900, 1.058719733595268900, 0.4700000000000000300 ) ) ;
#5691 = FILL_AREA_STYLE ('',( #10622 ) ) ;
#5692 = CARTESIAN_POINT ( 'NONE',  ( 0.5374041028241503000, 1.356932128478890400, 0.4600000000000000200 ) ) ;
#5693 = CARTESIAN_POINT ( 'NONE',  ( 0.6212266024333250600, 1.241631981336718300, 0.4600000000000000200 ) ) ;
#5694 = VECTOR ( 'NONE', #7589, 1000.000000000000000 ) ;
#5695 = EDGE_LOOP ( 'NONE', ( #10417, #1550, #475, #3494 ) ) ;
#5696 = LINE ( 'NONE', #2658, #1867 ) ;
#5697 = CARTESIAN_POINT ( 'NONE',  ( -0.2224509425122171700, 1.272280430953479900, 0.4700000000000000300 ) ) ;
#5698 = VERTEX_POINT ( 'NONE', #9514 ) ;
#5699 = PRESENTATION_LAYER_ASSIGNMENT (  '', '', ( #3538 ) ) ;
#5700 = CARTESIAN_POINT ( 'NONE',  ( 0.7253857844376375700, 1.074871185699745300, 0.4600000000000000200 ) ) ;
#5701 = FACE_OUTER_BOUND ( 'NONE', #2380, .T. ) ;
#5702 = EDGE_CURVE ( 'NONE', #2555, #710, #962, .T. ) ;
#5703 = FACE_OUTER_BOUND ( 'NONE', #9371, .T. ) ;
#5704 = CARTESIAN_POINT ( 'NONE',  ( -0.2199916320041912800, 1.319827176352346600, 0.4600000000000000200 ) ) ;
#5705 = VERTEX_POINT ( 'NONE', #1458 ) ;
#5706 = DIRECTION ( 'NONE',  ( -1.000000000000000000, 0.0000000000000000000, -0.0000000000000000000 ) ) ;
#5707 = VECTOR ( 'NONE', #10321, 1000.000000000000000 ) ;
#5708 = CARTESIAN_POINT ( 'NONE',  ( 0.5809953394353111200, 1.341664879956576200, 0.4700000000000000300 ) ) ;
#5709 = CARTESIAN_POINT ( 'NONE',  ( 0.3976409899023887800, 1.246406680681625600, 0.4600000000000000200 ) ) ;
#5710 = CARTESIAN_POINT ( 'NONE',  ( -0.3593529308516099600, 1.123901602911467500, 0.4600000000000000200 ) ) ;
#5711 = ORIENTED_EDGE ( 'NONE', *, *, #5021, .F. ) ;
#5712 = EDGE_CURVE ( 'NONE', #7276, #2827, #8421, .T. ) ;
#5713 = LINE ( 'NONE', #3677, #747 ) ;
#5714 = CARTESIAN_POINT ( 'NONE',  ( 0.3216289552702570300, 1.080765876249294000, 0.4700000000000000300 ) ) ;
#5715 = ORIENTED_EDGE ( 'NONE', *, *, #7489, .T. ) ;
#5716 = COLOUR_RGB ( '',1.000000000000000000, 1.000000000000000000, 1.000000000000000000 ) ;
#5717 = B_SPLINE_CURVE_WITH_KNOTS ( 'NONE', 3,
 ( #9340, #2057, #2803, #8552 ),
 .UNSPECIFIED., .F., .F.,
 ( 4, 4 ),
 ( 35.00000000000000000, 36.00000000000000000 ),
 .UNSPECIFIED. ) ;
#5718 =( LENGTH_UNIT ( ) NAMED_UNIT ( * ) SI_UNIT ( .MILLI., .METRE. ) );
#5719 = CARTESIAN_POINT ( 'NONE',  ( -0.04456037273638800000, 1.387868275012904300, 0.4700000000000000300 ) ) ;
#5720 = VERTEX_POINT ( 'NONE', #3080 ) ;
#5721 = EDGE_CURVE ( 'NONE', #9922, #4425, #6126, .T. ) ;
#5722 = VERTEX_POINT ( 'NONE', #10355 ) ;
#5723 = FACE_OUTER_BOUND ( 'NONE', #7396, .T. ) ;
#5724 = ORIENTED_EDGE ( 'NONE', *, *, #9978, .T. ) ;
#5725 = ADVANCED_FACE ( 'NONE', ( #9589 ), #4663, .F. ) ;
#5726 = CARTESIAN_POINT ( 'NONE',  ( 0.5983846765552801600, 1.317850330137447600, 0.4600000000000000200 ) ) ;
#5727 = EDGE_LOOP ( 'NONE', ( #2730, #10246, #8116, #5848 ) ) ;
#5728 = PRESENTATION_LAYER_ASSIGNMENT (  '', '', ( #6620 ) ) ;
#5729 =( NAMED_UNIT ( * ) PLANE_ANGLE_UNIT ( ) SI_UNIT ( $, .RADIAN. ) );
#5730 = DIRECTION ( 'NONE',  ( -1.000000000000000000, 0.0000000000000000000, 0.0000000000000000000 ) ) ;
#5731 = PLANE ( 'NONE',  #7931 ) ;
#5732 = CARTESIAN_POINT ( 'NONE',  ( 0.7271247181492411800, 1.117430851465182700, 0.4700000000000000300 ) ) ;
#5733 = LINE ( 'NONE', #7320, #2151 ) ;
#5734 = ORIENTED_EDGE ( 'NONE', *, *, #1275, .F. ) ;
#5735 = EDGE_CURVE ( 'NONE', #4524, #9737, #2939, .T. ) ;
#5736 = VECTOR ( 'NONE', #1232, 1000.000000000000000 ) ;
#5737 = VERTEX_POINT ( 'NONE', #3782 ) ;
#5738 = DIRECTION ( 'NONE',  ( -0.0000000000000000000, -0.0000000000000000000, -1.000000000000000000 ) ) ;
#5739 = SURFACE_SIDE_STYLE ('',( #2535 ) ) ;
#5740 = PLANE ( 'NONE',  #2794 ) ;
#5741 = CARTESIAN_POINT ( 'NONE',  ( 0.3261089200876473000, 1.255425557221839600, 0.4700000000000000300 ) ) ;
#5742 = CARTESIAN_POINT ( 'NONE',  ( 0.3113132468091264200, 1.279829576095216300, 0.4600000000000000200 ) ) ;
#5743 = B_SPLINE_CURVE_WITH_KNOTS ( 'NONE', 3,
 ( #8367, #7355, #6480, #5906 ),
 .UNSPECIFIED., .F., .F.,
 ( 4, 4 ),
 ( 8.000000000000000000, 9.000000000000000000 ),
 .UNSPECIFIED. ) ;
#5744 =( GEOMETRIC_REPRESENTATION_CONTEXT ( 3 ) GLOBAL_UNCERTAINTY_ASSIGNED_CONTEXT ( ( #7773 ) ) GLOBAL_UNIT_ASSIGNED_CONTEXT ( ( #7518, #1896, #6684 ) ) REPRESENTATION_CONTEXT ( 'NONE', 'WORKASPACE' ) );
#5745 = LINE ( 'NONE', #6710, #7173 ) ;
#5746 = VECTOR ( 'NONE', #6946, 1000.000000000000000 ) ;
#5747 = VERTEX_POINT ( 'NONE', #4031 ) ;
#5748 = DIRECTION ( 'NONE',  ( -0.9345104387438640800, -0.3559357243643165900, 0.0000000000000000000 ) ) ;
#5749 = PLANE ( 'NONE',  #8597 ) ;
#5750 = VECTOR ( 'NONE', #4985, 1000.000000000000000 ) ;
#5751 = EDGE_CURVE ( 'NONE', #9286, #97, #3995, .T. ) ;
#5752 = ORIENTED_EDGE ( 'NONE', *, *, #2907, .T. ) ;
#5753 = EDGE_LOOP ( 'NONE', ( #1706, #813, #3789, #4904 ) ) ;
#5754 = ORIENTED_EDGE ( 'NONE', *, *, #5055, .F. ) ;
#5755 = LINE ( 'NONE', #2390, #6157 ) ;
#5756 = CARTESIAN_POINT ( 'NONE',  ( 0.3019112153832579900, 1.110651957333468100, 0.4700000000000000300 ) ) ;
#5757 = VECTOR ( 'NONE', #3086, 1000.000000000000000 ) ;
#5758 = PLANE ( 'NONE',  #8115 ) ;
#5759 = EDGE_CURVE ( 'NONE', #959, #8461, #5229, .T. ) ;
#5760 = ORIENTED_EDGE ( 'NONE', *, *, #10487, .T. ) ;
#5761 =( NAMED_UNIT ( * ) SI_UNIT ( $, .STERADIAN. ) SOLID_ANGLE_UNIT ( ) );
#5762 = VERTEX_POINT ( 'NONE', #6355 ) ;
#5763 = DIRECTION ( 'NONE',  ( -0.0000000000000000000, -0.0000000000000000000, -1.000000000000000000 ) ) ;
#5764 = SURFACE_STYLE_USAGE ( .BOTH. , #5739 ) ;
#5765 = VERTEX_POINT ( 'NONE', #1553 ) ;
#5766 = DIRECTION ( 'NONE',  ( 0.0000000000000000000, -0.0000000000000000000, -1.000000000000000000 ) ) ;
#5767 = EDGE_CURVE ( 'NONE', #7117, #4965, #9718, .T. ) ;
#5768 = CARTESIAN_POINT ( 'NONE',  ( 0.6549737058275411100, 1.336005977029509600, 0.4700000000000000300 ) ) ;
#5769 = CARTESIAN_POINT ( 'NONE',  ( 0.3359825267576996800, 1.244933008044435000, 0.4600000000000000200 ) ) ;
#5770 = MECHANICAL_DESIGN_GEOMETRIC_PRESENTATION_REPRESENTATION (  '', ( #5237 ), #6335 ) ;
#5771 = EDGE_LOOP ( 'NONE', ( #3334, #2571, #13, #2492 ) ) ;
#5772 = CARTESIAN_POINT ( 'NONE',  ( 0.3404624915750940100, 1.072336468763329400, 0.4700000000000000300 ) ) ;
#5773 = EDGE_LOOP ( 'NONE', ( #9788, #5487, #7577, #4305 ) ) ;
#5774 = ORIENTED_EDGE ( 'NONE', *, *, #9213, .T. ) ;
#5775 = EDGE_CURVE ( 'NONE', #8980, #2407, #1780, .T. ) ;
#5776 = FACE_OUTER_BOUND ( 'NONE', #7783, .T. ) ;
#5777 = CARTESIAN_POINT ( 'NONE',  ( 0.7253857844376375700, 1.158752632215126500, 0.4600000000000000200 ) ) ;
#5778 = SURFACE_STYLE_USAGE ( .BOTH. , #5072 ) ;
#5779 = B_SPLINE_CURVE_WITH_KNOTS ( 'NONE', 3,
 ( #294, #5996, #6846, #5251 ),
 .UNSPECIFIED., .F., .F.,
 ( 4, 4 ),
 ( 19.00000000000000000, 20.00000000000000000 ),
 .UNSPECIFIED. ) ;
#5780 = CARTESIAN_POINT ( 'NONE',  ( 0.3733548648394733900, 1.058719733595268900, 0.4600000000000000200 ) ) ;
#5781 = ORIENTED_EDGE ( 'NONE', *, *, #6540, .T. ) ;
#5782 = LINE ( 'NONE', #9800, #4167 ) ;
#5783 = CARTESIAN_POINT ( 'NONE',  ( -0.001932209264175819900, 1.058319853848341400, 0.4700000000000000300 ) ) ;
#5784 = ORIENTED_EDGE ( 'NONE', *, *, #8327, .T. ) ;
#5785 = ORIENTED_EDGE ( 'NONE', *, *, #2310, .F. ) ;
#5786 = PRODUCT_DEFINITION_SHAPE ( 'NONE', 'NONE',  #9564 ) ;
#5787 = EDGE_CURVE ( 'NONE', #1410, #1942, #5865, .T. ) ;
#5788 = EDGE_LOOP ( 'NONE', ( #1416, #4535, #8012, #9376, #1925, #4814, #673, #9960 ) ) ;
#5789 = EDGE_CURVE ( 'NONE', #3617, #6344, #7819, .T. ) ;
#5790 = CARTESIAN_POINT ( 'NONE',  ( 0.3375740932057452200, 1.089902646600360100, 0.4700000000000000300 ) ) ;
#5791 = CARTESIAN_POINT ( 'NONE',  ( 0.3269341767647745400, 1.297985222987278600, 0.4700000000000000300 ) ) ;
#5792 = ORIENTED_EDGE ( 'NONE', *, *, #10617, .T. ) ;
#5793 = AXIS2_PLACEMENT_3D ( 'NONE', #621, #9547, #5492 ) ;
#5794 = LINE ( 'NONE', #6407, #45 ) ;
#5795 = DIRECTION ( 'NONE',  ( 0.0000000000000000000, 0.0000000000000000000, -1.000000000000000000 ) ) ;
#5796 = PRESENTATION_STYLE_ASSIGNMENT (( #253 ) ) ;
#5797 = ORIENTED_EDGE ( 'NONE', *, *, #10403, .F. ) ;
#5798 = VECTOR ( 'NONE', #4052, 1000.000000000000000 ) ;
#5799 = CARTESIAN_POINT ( 'NONE',  ( 0.4334512349888303100, 1.131224427350304900, 0.4700000000000000300 ) ) ;
#5800 = DIRECTION ( 'NONE',  ( -1.000000000000000000, 0.0000000000000000000, 0.0000000000000000000 ) ) ;
#5801 = DIRECTION ( 'NONE',  ( 1.000000000000000000, -0.0000000000000000000, -0.0000000000000000000 ) ) ;
#5802 = CARTESIAN_POINT ( 'NONE',  ( 0.4801077106856158600, 1.356932128478890400, 0.4700000000000000300 ) ) ;
#5803 = VERTEX_POINT ( 'NONE', #4887 ) ;
#5804 = CARTESIAN_POINT ( 'NONE',  ( 0.3976409899023887800, 1.260671831810934500, 0.4700000000000000300 ) ) ;
#5805 = B_SPLINE_CURVE_WITH_KNOTS ( 'NONE', 3,
 ( #5087, #2684, #1767, #8290 ),
 .UNSPECIFIED., .F., .F.,
 ( 4, 4 ),
 ( 27.00000000000000000, 28.00000000000000000 ),
 .UNSPECIFIED. ) ;
#5806 = EDGE_CURVE ( 'NONE', #7067, #10072, #4855, .T. ) ;
#5807 = EDGE_LOOP ( 'NONE', ( #2340, #1104, #7993, #6719, #3345, #9305 ) ) ;
#5808 = ADVANCED_FACE ( 'NONE', ( #6262 ), #8277, .F. ) ;
#5809 = CARTESIAN_POINT ( 'NONE',  ( 0.4395227662542640600, 1.142954861543203500, 0.4700000000000000300 ) ) ;
#5810 = ORIENTED_EDGE ( 'NONE', *, *, #1360, .T. ) ;
#5811 = LINE ( 'NONE', #5171, #606 ) ;
#5812 = CARTESIAN_POINT ( 'NONE',  ( 0.7271247181492411800, 1.131813896405342800, 0.4600000000000000200 ) ) ;
#5813 = PLANE ( 'NONE',  #7511 ) ;
#5814 = CARTESIAN_POINT ( 'NONE',  ( 0.3749999999999998900, 1.500000000000000000, 0.0000000000000000000 ) ) ;
#5815 = LINE ( 'NONE', #10396, #10068 ) ;
#5816 = ORIENTED_EDGE ( 'NONE', *, *, #6627, .T. ) ;
#5817 = ORIENTED_EDGE ( 'NONE', *, *, #6887, .F. ) ;
#5818 = ADVANCED_FACE ( 'NONE', ( #243 ), #6745, .T. ) ;
#5819 = EDGE_CURVE ( 'NONE', #6657, #5537, #6500, .T. ) ;
#5820 = CARTESIAN_POINT ( 'NONE',  ( 0.5809953394353111200, 1.257783433441191000, 0.4600000000000000200 ) ) ;
#5821 = AXIS2_PLACEMENT_3D ( 'NONE', #7206, #669, #10502 ) ;
#5822 = CARTESIAN_POINT ( 'NONE',  ( 0.4801077106856158600, 1.343669074743377000, 0.4700000000000000300 ) ) ;
#5823 = CARTESIAN_POINT ( 'NONE',  ( 0.07020774284960168400, 1.280478106588094100, 0.4700000000000000300 ) ) ;
#5824 = DIRECTION ( 'NONE',  ( 1.000000000000000000, 0.0000000000000000000, 0.0000000000000000000 ) ) ;
#5825 = PRESENTATION_STYLE_ASSIGNMENT (( #5213 ) ) ;
#5826 = VECTOR ( 'NONE', #10462, 1000.000000000000000 ) ;
#5827 = ORIENTED_EDGE ( 'NONE', *, *, #9826, .F. ) ;
#5828 = VECTOR ( 'NONE', #3403, 1000.000000000000000 ) ;
#5829 = EDGE_CURVE ( 'NONE', #5526, #4374, #5881, .T. ) ;
#5830 = STYLED_ITEM ( 'NONE', ( #7833 ), #9337 ) ;
#5831 = VERTEX_POINT ( 'NONE', #8108 ) ;
#5832 = CARTESIAN_POINT ( 'NONE',  ( -1.000000000000000000, 0.0000000000000000000, -0.04000000000000000100 ) ) ;
#5833 = ADVANCED_FACE ( 'NONE', ( #3454 ), #3998, .F. ) ;
#5834 = DIRECTION ( 'NONE',  ( -1.000000000000000000, 0.0000000000000000000, 0.0000000000000000000 ) ) ;
#5835 = CARTESIAN_POINT ( 'NONE',  ( 0.3401088101421552700, 1.092378416630561200, 0.4700000000000000300 ) ) ;
#5836 = CARTESIAN_POINT ( 'NONE',  ( -0.0002926897732482202800, 1.109145708590685100, 0.4700000000000000300 ) ) ;
#5837 = VECTOR ( 'NONE', #4641, 1000.000000000000000 ) ;
#5838 = DIRECTION ( 'NONE',  ( -0.0000000000000000000, 1.000000000000000000, -0.0000000000000000000 ) ) ;
#5839 = DIRECTION ( 'NONE',  ( -0.0000000000000000000, -0.0000000000000000000, -1.000000000000000000 ) ) ;
#5840 = EDGE_CURVE ( 'NONE', #3981, #5159, #4115, .T. ) ;
#5841 = PRESENTATION_STYLE_ASSIGNMENT (( #8280 ) ) ;
#5842 = ORIENTED_EDGE ( 'NONE', *, *, #2346, .F. ) ;
#5843 = UNCERTAINTY_MEASURE_WITH_UNIT (LENGTH_MEASURE( 1.000000000000000100E-005 ), #7363, 'distance_accuracy_value', 'NONE');
#5844 = VECTOR ( 'NONE', #5948, 1000.000000000000000 ) ;
#5845 = CARTESIAN_POINT ( 'NONE',  ( 0.3473298060649454600, 1.096504700015011000, 0.4600000000000000200 ) ) ;
#5846 = ORIENTED_EDGE ( 'NONE', *, *, #1993, .T. ) ;
#5847 =( NAMED_UNIT ( * ) SI_UNIT ( $, .STERADIAN. ) SOLID_ANGLE_UNIT ( ) );
#5848 = ORIENTED_EDGE ( 'NONE', *, *, #8446, .T. ) ;
#5849 = CARTESIAN_POINT ( 'NONE',  ( 0.5374041028241503000, 1.356932128478890400, 0.4700000000000000300 ) ) ;
#5850 = SURFACE_STYLE_USAGE ( .BOTH. , #1041 ) ;
#5851 = B_SPLINE_CURVE_WITH_KNOTS ( 'NONE', 3,
 ( #8423, #3564, #10164, #8495 ),
 .UNSPECIFIED., .F., .F.,
 ( 4, 4 ),
 ( 2.000000000000000000, 3.000000000000000000 ),
 .UNSPECIFIED. ) ;
#5852 = SURFACE_STYLE_USAGE ( .BOTH. , #3416 ) ;
#5853 = LINE ( 'NONE', #3462, #7803 ) ;
#5854 = CARTESIAN_POINT ( 'NONE',  ( -0.1773634841682873200, 1.117343431132259900, 0.4600000000000000200 ) ) ;
#5855 = ORIENTED_EDGE ( 'NONE', *, *, #6972, .T. ) ;
#5856 = DIRECTION ( 'NONE',  ( 0.0000000000000000000, 0.0000000000000000000, 1.000000000000000000 ) ) ;
#5857 = CARTESIAN_POINT ( 'NONE',  ( 0.3296752078697817200, 1.121262400321720600, 0.4700000000000000300 ) ) ;
#5858 = CARTESIAN_POINT ( 'NONE',  ( 0.3578223552423515100, 1.068622813717637500, 0.4600000000000000200 ) ) ;
#5859 = EDGE_CURVE ( 'NONE', #4527, #6423, #766, .T. ) ;
#5860 = ORIENTED_EDGE ( 'NONE', *, *, #5475, .F. ) ;
#5861 = ORIENTED_EDGE ( 'NONE', *, *, #1648, .T. ) ;
#5862 = CARTESIAN_POINT ( 'NONE',  ( 0.3078059059324215200, 1.071864893519934900, 0.4600000000000000200 ) ) ;
#5863 = CARTESIAN_POINT ( 'NONE',  ( 0.3362772612852169600, 1.077995371691185600, 0.4600000000000000200 ) ) ;
#5864 = VERTEX_POINT ( 'NONE', #7435 ) ;
#5865 = LINE ( 'NONE', #9654, #9977 ) ;
#5866 = ORIENTED_EDGE ( 'NONE', *, *, #4420, .F. ) ;
#5867 = CARTESIAN_POINT ( 'NONE',  ( 0.3065974943700323600, 1.254777141261381100, 0.4600000000000000200 ) ) ;
#5868 = DIRECTION ( 'NONE',  ( -1.000000000000000000, -0.0000000000000000000, -0.0000000000000000000 ) ) ;
#5869 = CARTESIAN_POINT ( 'NONE',  ( 0.4223397433032848900, 1.120142409117864700, 0.4600000000000000200 ) ) ;
#5870 = ADVANCED_FACE ( 'NONE', ( #5344 ), #4956, .T. ) ;
#5871 = CARTESIAN_POINT ( 'NONE',  ( 0.0000000000000000000, 0.0000000000000000000, -0.04000000000000000100 ) ) ;
#5872 = CARTESIAN_POINT ( 'NONE',  ( 0.3019112153832579900, 1.123856064163555800, 0.4700000000000000300 ) ) ;
#5873 = EDGE_CURVE ( 'NONE', #5720, #4849, #7286, .T. ) ;
#5874 = CARTESIAN_POINT ( 'NONE',  ( 0.4074556496666271700, 1.113776143324128700, 0.4700000000000000300 ) ) ;
#5875 = CARTESIAN_POINT ( 'NONE',  ( 0.7271247181492411800, 1.117430851465182700, 0.4600000000000000200 ) ) ;
#5876 = EDGE_LOOP ( 'NONE', ( #4267, #2767, #412, #8168 ) ) ;
#5877 = CARTESIAN_POINT ( 'NONE',  ( 0.3269341767647745400, 1.284191647102155100, 0.4700000000000000300 ) ) ;
#5878 = CARTESIAN_POINT ( 'NONE',  ( 0.4763056352813932500, 1.032842042083914400, 0.4700000000000000300 ) ) ;
#5879 = CARTESIAN_POINT ( 'NONE',  ( 0.4293249516043798300, 1.094913133566968600, 0.4700000000000000300 ) ) ;
#5880 = DIRECTION ( 'NONE',  ( -0.0000000000000000000, -0.0000000000000000000, -1.000000000000000000 ) ) ;
#5881 = B_SPLINE_CURVE_WITH_KNOTS ( 'NONE', 3,
 ( #2385, #4109, #3112, #7333 ),
 .UNSPECIFIED., .F., .F.,
 ( 4, 4 ),
 ( 5.000000000000000000, 6.000000000000000000 ),
 .UNSPECIFIED. ) ;
#5882 = ADVANCED_FACE ( 'NONE', ( #7036 ), #7367, .F. ) ;
#5883 =( LENGTH_UNIT ( ) NAMED_UNIT ( * ) SI_UNIT ( .MILLI., .METRE. ) );
#5884 = FACE_OUTER_BOUND ( 'NONE', #585, .T. ) ;
#5885 = EDGE_LOOP ( 'NONE', ( #1495, #3386, #9682, #8937 ) ) ;
#5886 = VECTOR ( 'NONE', #5800, 1000.000000000000000 ) ;
#5887 = ORIENTED_EDGE ( 'NONE', *, *, #5279, .F. ) ;
#5888 = CARTESIAN_POINT ( 'NONE',  ( 0.7500000000000000000, -0.7500000000000000000, -0.0000000000000000000 ) ) ;
#5889 = CARTESIAN_POINT ( 'NONE',  ( -0.0002926897732482202800, 1.109145708590685100, 0.4700000000000000300 ) ) ;
#5890 = CARTESIAN_POINT ( 'NONE',  ( 0.07184726234052928000, 1.236210407989039900, 0.4600000000000000200 ) ) ;
#5891 = CARTESIAN_POINT ( 'NONE',  ( 0.7986567879639830900, 1.151207428312109200, 0.4700000000000000300 ) ) ;
#5892 = EDGE_CURVE ( 'NONE', #7166, #9059, #107, .T. ) ;
#5893 = VERTEX_POINT ( 'NONE', #9899 ) ;
#5894 = VECTOR ( 'NONE', #2357, 1000.000000000000000 ) ;
#5895 = ADVANCED_FACE ( 'NONE', ( #378 ), #10176, .F. ) ;
#5896 = VERTEX_POINT ( 'NONE', #5700 ) ;
#5897 = FACE_BOUND ( 'NONE', #3205, .T. ) ;
#5898 = AXIS2_PLACEMENT_3D ( 'NONE', #3775, #8737, #2886 ) ;
#5899 = DIRECTION ( 'NONE',  ( -1.000000000000000000, -0.0000000000000000000, -0.0000000000000000000 ) ) ;
#5900 = CARTESIAN_POINT ( 'NONE',  ( 0.4296491595842121300, 1.130222329956509300, 0.4600000000000000200 ) ) ;
#5901 = VERTEX_POINT ( 'NONE', #9829 ) ;
#5902 = CARTESIAN_POINT ( 'NONE',  ( 0.3803400731401662700, 1.345437481907692400, 0.4700000000000000300 ) ) ;
#5903 = CARTESIAN_POINT ( 'NONE',  ( 0.3113132468091264200, 1.297101019404332200, 0.4600000000000000200 ) ) ;
#5904 = CARTESIAN_POINT ( 'NONE',  ( 0.4827308479797703900, 1.241631981336718300, 0.4700000000000000300 ) ) ;
#5905 = CARTESIAN_POINT ( 'NONE',  ( 0.4536994970250442000, 1.063317592223118800, 0.4600000000000000200 ) ) ;
#5906 = CARTESIAN_POINT ( 'NONE',  ( 0.3287025839294849800, 1.063258645317694200, 0.4600000000000000200 ) ) ;
#5907 = VECTOR ( 'NONE', #2633, 1000.000000000000000 ) ;
#5908 = VECTOR ( 'NONE', #5443, 1000.000000000000000 ) ;
#5909 = EDGE_CURVE ( 'NONE', #2830, #4755, #8678, .T. ) ;
#5910 = EDGE_LOOP ( 'NONE', ( #306, #2793, #9862, #4515 ) ) ;
#5911 =( GEOMETRIC_REPRESENTATION_CONTEXT ( 3 ) GLOBAL_UNCERTAINTY_ASSIGNED_CONTEXT ( ( #8090 ) ) GLOBAL_UNIT_ASSIGNED_CONTEXT ( ( #4100, #1602, #9787 ) ) REPRESENTATION_CONTEXT ( 'NONE', 'WORKASPACE' ) );
#5912 = EDGE_LOOP ( 'NONE', ( #2311, #3625, #10613, #5397 ) ) ;
#5913 = ORIENTED_EDGE ( 'NONE', *, *, #1345, .T. ) ;
#5914 = CARTESIAN_POINT ( 'NONE',  ( 0.004625931243200571500, 1.108325948845417100, 0.4700000000000000300 ) ) ;
#5915 = CARTESIAN_POINT ( 'NONE',  ( 0.7085269694672780000, 1.241631981336718300, 0.4600000000000000200 ) ) ;
#5916 = VECTOR ( 'NONE', #7981, 1000.000000000000000 ) ;
#5917 = DIRECTION ( 'NONE',  ( -0.0000000000000000000, -0.0000000000000000000, -1.000000000000000000 ) ) ;
#5918 = CARTESIAN_POINT ( 'NONE',  ( 0.3401088101421552700, 1.092378416630561200, 0.4700000000000000300 ) ) ;
#5919 = DIRECTION ( 'NONE',  ( 0.0000000000000000000, 0.0000000000000000000, 1.000000000000000000 ) ) ;
#5920 = EDGE_LOOP ( 'NONE', ( #9393, #4897, #8905, #6852 ) ) ;
#5921 = EDGE_CURVE ( 'NONE', #9650, #6420, #5605, .T. ) ;
#5922 = ADVANCED_FACE ( 'NONE', ( #3984 ), #3096, .F. ) ;
#5923 = ORIENTED_EDGE ( 'NONE', *, *, #6733, .F. ) ;
#5924 = LINE ( 'NONE', #2091, #2233 ) ;
#5925 = SURFACE_SIDE_STYLE ('',( #9150 ) ) ;
#5926 = CARTESIAN_POINT ( 'NONE',  ( -0.1839216559474985400, 1.355897156317625200, 0.4600000000000000200 ) ) ;
#5927 = CARTESIAN_POINT ( 'NONE',  ( 0.0000000000000000000, 0.0000000000000000000, 0.4600000000000000200 ) ) ;
#5928 = CARTESIAN_POINT ( 'NONE',  ( -0.1250000000000001100, 1.500000000000000000, 0.09999999999999999200 ) ) ;
#5929 = CARTESIAN_POINT ( 'NONE',  ( 0.8201134615637640800, 1.103283594146726700, 0.4700000000000000300 ) ) ;
#5930 = CARTESIAN_POINT ( 'NONE',  ( 0.5694122725059784800, 1.246996149736662400, 0.4600000000000000200 ) ) ;
#5931 = ORIENTED_EDGE ( 'NONE', *, *, #6446, .T. ) ;
#5932 = VECTOR ( 'NONE', #1285, 1000.000000000000000 ) ;
#5933 = ORIENTED_EDGE ( 'NONE', *, *, #2901, .F. ) ;
#5934 = VECTOR ( 'NONE', #10481, 1000.000000000000000 ) ;
#5935 = VECTOR ( 'NONE', #1351, 1000.000000000000000 ) ;
#5936 = ADVANCED_FACE ( 'NONE', ( #10370 ), #6590, .F. ) ;
#5937 = DIRECTION ( 'NONE',  ( 0.8840949502478775400, 0.4673073067545626700, 0.0000000000000000000 ) ) ;
#5938 = EDGE_CURVE ( 'NONE', #4226, #8661, #10089, .T. ) ;
#5939 = FILL_AREA_STYLE ('',( #2683 ) ) ;
#5940 = DIRECTION ( 'NONE',  ( 0.0000000000000000000, 0.0000000000000000000, -1.000000000000000000 ) ) ;
#5941 = CARTESIAN_POINT ( 'NONE',  ( 0.4147355924948414300, 1.071216477559473200, 0.4700000000000000300 ) ) ;
#5942 = EDGE_LOOP ( 'NONE', ( #5474, #9484, #2893, #4235 ) ) ;
#5943 = LINE ( 'NONE', #9531, #7750 ) ;
#5944 = CARTESIAN_POINT ( 'NONE',  ( 0.3733548648394733900, 1.124504480124015200, 0.4600000000000000200 ) ) ;
#5945 = CARTESIAN_POINT ( 'NONE',  ( -0.1250000000000001100, -1.500999999999999900, 0.1000000000000000100 ) ) ;
#5946 = ORIENTED_EDGE ( 'NONE', *, *, #5427, .T. ) ;
#5947 = LINE ( 'NONE', #4750, #9017 ) ;
#5948 = DIRECTION ( 'NONE',  ( -0.0000000000000000000, 1.000000000000000000, -0.0000000000000000000 ) ) ;
#5949 = LINE ( 'NONE', #4281, #2245 ) ;
#5950 = ADVANCED_FACE ( 'NONE', ( #9183 ), #6866, .T. ) ;
#5951 = CARTESIAN_POINT ( 'NONE',  ( 0.002986380480439324900, 1.108325948845417100, 0.4600000000000000200 ) ) ;
#5952 = EDGE_LOOP ( 'NONE', ( #1840, #7035, #4790, #10521 ) ) ;
#5953 = DIRECTION ( 'NONE',  ( -0.0000000000000000000, -0.0000000000000000000, -1.000000000000000000 ) ) ;
#5954 = CARTESIAN_POINT ( 'NONE',  ( -0.1945787046334087300, 1.053401170288617000, 0.4700000000000000300 ) ) ;
#5955 = CARTESIAN_POINT ( 'NONE',  ( 0.7253857844376375700, 1.158752632215126500, 0.4600000000000000200 ) ) ;
#5956 = B_SPLINE_CURVE_WITH_KNOTS ( 'NONE', 3,
 ( #4645, #7076, #7936, #3765 ),
 .UNSPECIFIED., .F., .F.,
 ( 4, 4 ),
 ( 6.000000000000000000, 7.000000000000000000 ),
 .UNSPECIFIED. ) ;
#5957 = CARTESIAN_POINT ( 'NONE',  ( 0.7500000000000000000, -0.7500000000000000000, -0.0000000000000000000 ) ) ;
#5958 = VERTEX_POINT ( 'NONE', #8450 ) ;
#5959 = PLANE ( 'NONE',  #2786 ) ;
#5960 = VECTOR ( 'NONE', #4116, 1000.000000000000000 ) ;
#5961 = PRESENTATION_LAYER_ASSIGNMENT (  '', '', ( #5406 ) ) ;
#5962 = FACE_OUTER_BOUND ( 'NONE', #10341, .T. ) ;
#5963 = DIRECTION ( 'NONE',  ( 0.0000000000000000000, 0.0000000000000000000, -1.000000000000000000 ) ) ;
#5964 = ORIENTED_EDGE ( 'NONE', *, *, #4381, .T. ) ;
#5965 = DIRECTION ( 'NONE',  ( 0.9409537876760636400, -0.3385350343141302900, 0.0000000000000000000 ) ) ;
#5966 = CARTESIAN_POINT ( 'NONE',  ( 0.3733548648394733900, 1.100041514345212200, 0.4700000000000000300 ) ) ;
#5967 = CARTESIAN_POINT ( 'NONE',  ( 0.5045117295593821700, 1.356932128478890400, 0.4700000000000000300 ) ) ;
#5968 = VERTEX_POINT ( 'NONE', #2772 ) ;
#5969 = DIRECTION ( 'NONE',  ( 0.0000000000000000000, 0.0000000000000000000, -1.000000000000000000 ) ) ;
#5970 = VECTOR ( 'NONE', #3088, 1000.000000000000000 ) ;
#5971 = ORIENTED_EDGE ( 'NONE', *, *, #2267, .T. ) ;
#5972 = EDGE_CURVE ( 'NONE', #8033, #6954, #10225, .T. ) ;
#5973 = CARTESIAN_POINT ( 'NONE',  ( -1.000000000000000000, 1.500000000000000000, 0.09999999999999999200 ) ) ;
#5974 = DIRECTION ( 'NONE',  ( 0.0000000000000000000, -1.000000000000000000, 0.0000000000000000000 ) ) ;
#5975 = ORIENTED_EDGE ( 'NONE', *, *, #7112, .T. ) ;
#5976 = DIRECTION ( 'NONE',  ( -0.0000000000000000000, 1.000000000000000000, -0.0000000000000000000 ) ) ;
#5977 = SURFACE_STYLE_USAGE ( .BOTH. , #1911 ) ;
#5978 = FACE_OUTER_BOUND ( 'NONE', #9878, .T. ) ;
#5979 =( GEOMETRIC_REPRESENTATION_CONTEXT ( 3 ) GLOBAL_UNCERTAINTY_ASSIGNED_CONTEXT ( ( #8931 ) ) GLOBAL_UNIT_ASSIGNED_CONTEXT ( ( #7164, #7922, #3826 ) ) REPRESENTATION_CONTEXT ( 'NONE', 'WORKASPACE' ) );
#5980 = ORIENTED_EDGE ( 'NONE', *, *, #8888, .F. ) ;
#5981 = UNCERTAINTY_MEASURE_WITH_UNIT (LENGTH_MEASURE( 1.000000000000000100E-005 ), #10075, 'distance_accuracy_value', 'NONE');
#5982 = LINE ( 'NONE', #7756, #4963 ) ;
#5983 = ORIENTED_EDGE ( 'NONE', *, *, #8407, .T. ) ;
#5984 = DIRECTION ( 'NONE',  ( -1.000000000000000000, 0.0000000000000000000, -0.0000000000000000000 ) ) ;
#5985 = ORIENTED_EDGE ( 'NONE', *, *, #8187, .F. ) ;
#5986 = PLANE ( 'NONE',  #10198 ) ;
#5987 = DIRECTION ( 'NONE',  ( 1.000000000000000000, 0.0000000000000000000, -0.0000000000000000000 ) ) ;
#5988 = CARTESIAN_POINT ( 'NONE',  ( -0.1486714552719857500, 1.004214897581257300, 0.4600000000000000200 ) ) ;
#5989 = EDGE_CURVE ( 'NONE', #5831, #5165, #1535, .T. ) ;
#5990 = CARTESIAN_POINT ( 'NONE',  ( 0.7986567879639830900, 1.151207428312109200, 0.4600000000000000200 ) ) ;
#5991 = FACE_OUTER_BOUND ( 'NONE', #7019, .T. ) ;
#5992 = DIRECTION ( 'NONE',  ( -0.7071067811865474600, 0.7071067811865474600, 0.0000000000000000000 ) ) ;
#5993 = ORIENTED_EDGE ( 'NONE', *, *, #4136, .T. ) ;
#5994 = LINE ( 'NONE', #1308, #255 ) ;
#5995 = EDGE_LOOP ( 'NONE', ( #1619, #5887, #4394, #6296 ) ) ;
#5996 = CARTESIAN_POINT ( 'NONE',  ( -0.2224509425122171700, 1.272280430953479900, 0.4600000000000000200 ) ) ;
#5997 = B_SPLINE_CURVE_WITH_KNOTS ( 'NONE', 3,
 ( #6293, #4700, #1276, #9478 ),
 .UNSPECIFIED., .F., .F.,
 ( 4, 4 ),
 ( 16.00000000000000000, 17.00000000000000000 ),
 .UNSPECIFIED. ) ;
#5998 = CARTESIAN_POINT ( 'NONE',  ( 0.7427751215583920900, 1.117843479803158500, 0.4700000000000000300 ) ) ;
#5999 = FILL_AREA_STYLE_COLOUR ( '', #8193 ) ;
#6000 = DIRECTION ( 'NONE',  ( -1.000000000000000000, 0.0000000000000000000, 0.0000000000000000000 ) ) ;
#6001 = CARTESIAN_POINT ( 'NONE',  ( 0.07184726234052928000, 1.236210407989039900, 0.4700000000000000300 ) ) ;
#6002 = CARTESIAN_POINT ( 'NONE',  ( 0.5809953394353111200, 1.257783433441191000, 0.4700000000000000300 ) ) ;
#6003 = ORIENTED_EDGE ( 'NONE', *, *, #1735, .T. ) ;
#6004 = EDGE_CURVE ( 'NONE', #3322, #2631, #3443, .T. ) ;
#6005 = DIRECTION ( 'NONE',  ( 0.0000000000000000000, 0.0000000000000000000, 1.000000000000000000 ) ) ;
#6006 = ORIENTED_EDGE ( 'NONE', *, *, #1526, .T. ) ;
#6007 = ADVANCED_FACE ( 'NONE', ( #5723 ), #6662, .T. ) ;
#6008 = CARTESIAN_POINT ( 'NONE',  ( 0.3378098808278375300, 1.127864453737160700, 0.4600000000000000200 ) ) ;
#6009 = ORIENTED_EDGE ( 'NONE', *, *, #10178, .T. ) ;
#6010 = CARTESIAN_POINT ( 'NONE',  ( 0.4827308479797703900, 1.254777141261381100, 0.4600000000000000200 ) ) ;
#6011 = CARTESIAN_POINT ( 'NONE',  ( 0.3279657476104935200, 1.341900667578275400, 0.4600000000000000200 ) ) ;
#6012 = SURFACE_STYLE_USAGE ( .BOTH. , #3390 ) ;
#6013 = ORIENTED_EDGE ( 'NONE', *, *, #2284, .F. ) ;
#6014 = COLOUR_RGB ( '',0.6666666666666666300, 0.6666666666666666300, 0.6666666666666666300 ) ;
#6015 = CARTESIAN_POINT ( 'NONE',  ( -1.000000000000000000, 1.500000000000000000, 0.0000000000000000000 ) ) ;
#6016 = EDGE_LOOP ( 'NONE', ( #4766, #507, #2809, #2362, #5861, #3603, #1827 ) ) ;
#6017 = EDGE_CURVE ( 'NONE', #3778, #4805, #9034, .T. ) ;
#6018 = DIRECTION ( 'NONE',  ( -0.3559357243643020400, -0.9345104387438696300, -0.0000000000000000000 ) ) ;
#6019 = ORIENTED_EDGE ( 'NONE', *, *, #9155, .T. ) ;
#6020 = FACE_OUTER_BOUND ( 'NONE', #5942, .T. ) ;
#6021 = DIRECTION ( 'NONE',  ( -0.0000000000000000000, -0.0000000000000000000, -1.000000000000000000 ) ) ;
#6022 = DIRECTION ( 'NONE',  ( 1.504528414727667400E-014, -1.000000000000000000, -0.0000000000000000000 ) ) ;
#6023 = ORIENTED_EDGE ( 'NONE', *, *, #5840, .F. ) ;
#6024 = CARTESIAN_POINT ( 'NONE',  ( 0.4073672293084886200, 1.061608131964231400, 0.4700000000000000300 ) ) ;
#6025 = EDGE_CURVE ( 'NONE', #10550, #5722, #2523, .T. ) ;
#6026 = B_SPLINE_CURVE_WITH_KNOTS ( 'NONE', 3,
 ( #7966, #668, #8026, #3905 ),
 .UNSPECIFIED., .F., .F.,
 ( 4, 4 ),
 ( 11.00000000000000000, 12.00000000000000000 ),
 .UNSPECIFIED. ) ;
#6027 = CARTESIAN_POINT ( 'NONE',  ( 0.4395227662542640600, 1.142954861543203500, 0.4600000000000000200 ) ) ;
#6028 = DIRECTION ( 'NONE',  ( 0.0000000000000000000, 0.0000000000000000000, -1.000000000000000000 ) ) ;
#6029 = ORIENTED_EDGE ( 'NONE', *, *, #7662, .F. ) ;
#6030 = ORIENTED_EDGE ( 'NONE', *, *, #3758, .F. ) ;
#6031 = VECTOR ( 'NONE', #8145, 1000.000000000000000 ) ;
#6032 = ORIENTED_EDGE ( 'NONE', *, *, #4237, .F. ) ;
#6033 = CARTESIAN_POINT ( 'NONE',  ( -0.02570561714402799100, 1.097668884523590900, 0.4700000000000000300 ) ) ;
#6034 = FILL_AREA_STYLE ('',( #5999 ) ) ;
#6035 = VERTEX_POINT ( 'NONE', #497 ) ;
#6036 = CARTESIAN_POINT ( 'NONE',  ( 0.3113132468091264200, 1.297101019404332200, 0.4600000000000000200 ) ) ;
#6037 = DIRECTION ( 'NONE',  ( 0.0000000000000000000, 0.0000000000000000000, 1.000000000000000000 ) ) ;
#6038 = ORIENTED_EDGE ( 'NONE', *, *, #7476, .T. ) ;
#6039 = EDGE_CURVE ( 'NONE', #8020, #6868, #5468, .T. ) ;
#6040 = ORIENTED_EDGE ( 'NONE', *, *, #5021, .T. ) ;
#6041 = CARTESIAN_POINT ( 'NONE',  ( 0.3113132468091264200, 1.297101019404332200, 0.4600000000000000200 ) ) ;
#6042 = AXIS2_PLACEMENT_3D ( 'NONE', #8759, #4774, #5579 ) ;
#6043 = LINE ( 'NONE', #8991, #2465 ) ;
#6044 = LINE ( 'NONE', #3812, #3914 ) ;
#6045 = EDGE_CURVE ( 'NONE', #6506, #9845, #8268, .T. ) ;
#6046 = PRESENTATION_LAYER_ASSIGNMENT (  '', '', ( #2217 ) ) ;
#6047 = ORIENTED_EDGE ( 'NONE', *, *, #1882, .T. ) ;
#6048 = LINE ( 'NONE', #4765, #7468 ) ;
#6049 = CARTESIAN_POINT ( 'NONE',  ( 0.4211608051936131500, 1.056774485713890800, 0.4600000000000000200 ) ) ;
#6050 = ORIENTED_EDGE ( 'NONE', *, *, #8015, .T. ) ;
#6051 = DIRECTION ( 'NONE',  ( 0.0000000000000000000, -0.0000000000000000000, -1.000000000000000000 ) ) ;
#6052 = ORIENTED_EDGE ( 'NONE', *, *, #3076, .T. ) ;
#6053 = DIRECTION ( 'NONE',  ( 0.9369753459545059300, 0.3493954794690880000, -0.0000000000000000000 ) ) ;
#6054 = EDGE_CURVE ( 'NONE', #959, #7795, #5218, .T. ) ;
#6055 = STYLED_ITEM ( 'NONE', ( #8976 ), #4367 ) ;
#6056 = ORIENTED_EDGE ( 'NONE', *, *, #1660, .F. ) ;
#6057 = LINE ( 'NONE', #4003, #9389 ) ;
#6058 = CARTESIAN_POINT ( 'NONE',  ( 0.6951754953728419600, 1.071864893519937300, 0.4600000000000000200 ) ) ;
#6059 = ADVANCED_FACE ( 'NONE', ( #8159 ), #3155, .F. ) ;
#6060 = CARTESIAN_POINT ( 'NONE',  ( 0.7148048149020959100, 1.083890062239958100, 0.4700000000000000300 ) ) ;
#6061 = EDGE_LOOP ( 'NONE', ( #485, #6772, #2689, #3220 ) ) ;
#6062 = EDGE_CURVE ( 'NONE', #4396, #3522, #5982, .T. ) ;
#6063 = CARTESIAN_POINT ( 'NONE',  ( -0.2265498194193134900, 1.103407296556745200, 0.4700000000000000300 ) ) ;
#6064 = CARTESIAN_POINT ( 'NONE',  ( -0.2708175023820599300, 1.114884151896459800, 0.4600000000000000200 ) ) ;
#6065 = EDGE_CURVE ( 'NONE', #3038, #8562, #877, .T. ) ;
#6066 = ORIENTED_EDGE ( 'NONE', *, *, #4081, .F. ) ;
#6067 = DIRECTION ( 'NONE',  ( -1.000000000000000000, -0.0000000000000000000, -0.0000000000000000000 ) ) ;
#6068 = B_SPLINE_CURVE_WITH_KNOTS ( 'NONE', 3,
 ( #7075, #8555, #3803, #7005 ),
 .UNSPECIFIED., .F., .F.,
 ( 4, 4 ),
 ( 2.000000000000000000, 3.000000000000000000 ),
 .UNSPECIFIED. ) ;
#6069 = CARTESIAN_POINT ( 'NONE',  ( -0.02570561714402799100, 1.083732781219903100, 0.4700000000000000300 ) ) ;
#6070 = ORIENTED_EDGE ( 'NONE', *, *, #2338, .F. ) ;
#6071 = MECHANICAL_DESIGN_GEOMETRIC_PRESENTATION_REPRESENTATION (  '', ( #9717 ), #7190 ) ;
#6072 = CARTESIAN_POINT ( 'NONE',  ( -0.2388463875961558100, 1.321466719296756000, 0.4700000000000000300 ) ) ;
#6073 = DIRECTION ( 'NONE',  ( 0.0000000000000000000, 0.0000000000000000000, 1.000000000000000000 ) ) ;
#6074 = DIRECTION ( 'NONE',  ( 1.000000000000000000, 0.0000000000000000000, 0.0000000000000000000 ) ) ;
#6075 = AXIS2_PLACEMENT_3D ( 'NONE', #589, #1492, #1461 ) ;
#6076 = ORIENTED_EDGE ( 'NONE', *, *, #7247, .F. ) ;
#6077 = ORIENTED_EDGE ( 'NONE', *, *, #4364, .T. ) ;
#6078 = LINE ( 'NONE', #5311, #4445 ) ;
#6079 = CARTESIAN_POINT ( 'NONE',  ( 0.3307067787158941000, 1.273227522680567200, 0.4600000000000000200 ) ) ;
#6080 = EDGE_CURVE ( 'NONE', #5803, #5540, #4472, .T. ) ;
#6081 = CARTESIAN_POINT ( 'NONE',  ( 0.8749999999999998900, 1.500999999999999900, 0.1000000000000000100 ) ) ;
#6082 = CARTESIAN_POINT ( 'NONE',  ( 0.3749999999999998900, -1.500999999999999900, -0.04000000000000000100 ) ) ;
#6083 = CARTESIAN_POINT ( 'NONE',  ( -0.3716495146639740000, 1.188663623501164700, 0.4700000000000000300 ) ) ;
#6084 = CARTESIAN_POINT ( 'NONE',  ( 0.3566728905853887000, 1.131224427350304900, 0.4600000000000000200 ) ) ;
#6085 = DIRECTION ( 'NONE',  ( -0.3493954794690880000, 0.9369753459545059300, 0.0000000000000000000 ) ) ;
#6086 = ORIENTED_EDGE ( 'NONE', *, *, #582, .T. ) ;
#6087 = ORIENTED_EDGE ( 'NONE', *, *, #3582, .T. ) ;
#6088 = DIRECTION ( 'NONE',  ( 0.0000000000000000000, -0.0000000000000000000, -1.000000000000000000 ) ) ;
#6089 = CARTESIAN_POINT ( 'NONE',  ( 0.1249999999999998900, 1.500000000000000000, 0.4600000000000000200 ) ) ;
#6090 = PLANE ( 'NONE',  #1280 ) ;
#6091 = LINE ( 'NONE', #8285, #3298 ) ;
#6092 = ORIENTED_EDGE ( 'NONE', *, *, #353, .T. ) ;
#6093 = PRESENTATION_STYLE_ASSIGNMENT (( #5383 ) ) ;
#6094 = ADVANCED_FACE ( 'NONE', ( #5333 ), #9390, .F. ) ;
#6095 = CARTESIAN_POINT ( 'NONE',  ( 0.4444448328627393900, 1.087544770380222300, 0.4700000000000000300 ) ) ;
#6096 = ORIENTED_EDGE ( 'NONE', *, *, #7217, .T. ) ;
#6097 = EDGE_CURVE ( 'NONE', #2989, #9263, #10634, .T. ) ;
#6098 = CARTESIAN_POINT ( 'NONE',  ( 0.4760403742065889600, 1.020345298119708300, 0.4600000000000000200 ) ) ;
#6099 = DIRECTION ( 'NONE',  ( -0.0000000000000000000, -0.0000000000000000000, -1.000000000000000000 ) ) ;
#6100 = VECTOR ( 'NONE', #7034, 1000.000000000000000 ) ;
#6101 = CARTESIAN_POINT ( 'NONE',  ( 0.4598889221017227700, 1.067620716324631400, 0.4600000000000000200 ) ) ;
#6102 = ORIENTED_EDGE ( 'NONE', *, *, #8867, .T. ) ;
#6103 = LINE ( 'NONE', #6820, #1760 ) ;
#6104 = CARTESIAN_POINT ( 'NONE',  ( 0.4768361574306017600, 1.293564205074917700, 0.4700000000000000300 ) ) ;
#6105 = ORIENTED_EDGE ( 'NONE', *, *, #10390, .T. ) ;
#6106 = DIRECTION ( 'NONE',  ( 0.0000000000000000000, 0.0000000000000000000, 1.000000000000000000 ) ) ;
#6107 = MECHANICAL_DESIGN_GEOMETRIC_PRESENTATION_REPRESENTATION (  '', ( #235 ), #2276 ) ;
#6108 = DIRECTION ( 'NONE',  ( 1.000000000000000000, 0.0000000000000000000, -0.0000000000000000000 ) ) ;
#6109 = ORIENTED_EDGE ( 'NONE', *, *, #7648, .F. ) ;
#6110 = ADVANCED_FACE ( 'NONE', ( #8538 ), #3270, .F. ) ;
#6111 = MECHANICAL_DESIGN_GEOMETRIC_PRESENTATION_REPRESENTATION (  '', ( #6661 ), #10175 ) ;
#6112 = VECTOR ( 'NONE', #611, 1000.000000000000000 ) ;
#6113 = EDGE_CURVE ( 'NONE', #9889, #9537, #6103, .T. ) ;
#6114 = CARTESIAN_POINT ( 'NONE',  ( 0.3477424344033106000, 1.056774485713890800, 0.4700000000000000300 ) ) ;
#6115 = ORIENTED_EDGE ( 'NONE', *, *, #8981, .F. ) ;
#6116 = VECTOR ( 'NONE', #3151, 1000.000000000000000 ) ;
#6117 = ORIENTED_EDGE ( 'NONE', *, *, #7184, .F. ) ;
#6118 = CARTESIAN_POINT ( 'NONE',  ( 0.3514855629021116400, 1.068622813717637500, 0.4700000000000000300 ) ) ;
#6119 =( NAMED_UNIT ( * ) PLANE_ANGLE_UNIT ( ) SI_UNIT ( $, .RADIAN. ) );
#6120 = CARTESIAN_POINT ( 'NONE',  ( 0.5374041028241503000, 1.356932128478890400, 0.4600000000000000200 ) ) ;
#6121 = CARTESIAN_POINT ( 'NONE',  ( -0.1945787046334087300, 1.117343431132259900, 0.4600000000000000200 ) ) ;
#6122 = ORIENTED_EDGE ( 'NONE', *, *, #827, .T. ) ;
#6123 = AXIS2_PLACEMENT_3D ( 'NONE', #2528, #180, #8240 ) ;
#6124 = CIRCLE ( 'NONE', #8156, 0.1000000000000001600 ) ;
#6125 = VERTEX_POINT ( 'NONE', #273 ) ;
#6126 = LINE ( 'NONE', #3821, #1425 ) ;
#6127 = CARTESIAN_POINT ( 'NONE',  ( 0.4207187034025312600, 1.356932128478890400, 0.4700000000000000300 ) ) ;
#6128 = EDGE_CURVE ( 'NONE', #3310, #6277, #3978, .T. ) ;
#6129 = ORIENTED_EDGE ( 'NONE', *, *, #1114, .F. ) ;
#6130 = CARTESIAN_POINT ( 'NONE',  ( 0.5827342731477004300, 1.285960054266472900, 0.4600000000000000200 ) ) ;
#6131 = CARTESIAN_POINT ( 'NONE',  ( 0.3976409899023887800, 1.354161623920780800, 0.4600000000000000200 ) ) ;
#6132 = AXIS2_PLACEMENT_3D ( 'NONE', #8563, #10153, #6088 ) ;
#6133 = ADVANCED_FACE ( 'NONE', ( #6370 ), #6783, .F. ) ;
#6134 = ORIENTED_EDGE ( 'NONE', *, *, #518, .F. ) ;
#6135 = B_SPLINE_CURVE_WITH_KNOTS ( 'NONE', 3,
 ( #1961, #2777, #10158, #6064 ),
 .UNSPECIFIED., .F., .F.,
 ( 4, 4 ),
 ( 16.00000000000000000, 17.00000000000000000 ),
 .UNSPECIFIED. ) ;
#6136 = CARTESIAN_POINT ( 'NONE',  ( 0.5362251647140857700, 1.241631981336718300, 0.4700000000000000300 ) ) ;
#6137 = CARTESIAN_POINT ( 'NONE',  ( -0.2380266122149723200, 1.272280430953479900, 0.4600000000000000200 ) ) ;
#6138 = DIRECTION ( 'NONE',  ( 0.3493954794690880500, -0.9369753459545060400, -0.0000000000000000000 ) ) ;
#6139 = CARTESIAN_POINT ( 'NONE',  ( -0.1363748714592320200, 1.338681939761879200, 0.4600000000000000200 ) ) ;
#6140 = CARTESIAN_POINT ( 'NONE',  ( 0.5700901619191470800, 1.332822844132638900, 0.4700000000000000300 ) ) ;
#6141 = EDGE_CURVE ( 'NONE', #7238, #5201, #9443, .T. ) ;
#6142 = EDGE_CURVE ( 'NONE', #4527, #8969, #7793, .T. ) ;
#6143 = CARTESIAN_POINT ( 'NONE',  ( 0.2457937613547896700, 1.174019880737442200, 0.4700000000000000300 ) ) ;
#6144 = VECTOR ( 'NONE', #4357, 1000.000000000000000 ) ;
#6145 = LINE ( 'NONE', #4673, #5757 ) ;
#6146 = EDGE_LOOP ( 'NONE', ( #6102, #9946, #1974, #9739 ) ) ;
#6147 = VECTOR ( 'NONE', #7068, 1000.000000000000000 ) ;
#6148 = VERTEX_POINT ( 'NONE', #8439 ) ;
#6149 = CARTESIAN_POINT ( 'NONE',  ( 0.7986567879639830900, 1.151207428312109200, 0.4700000000000000300 ) ) ;
#6150 = ORIENTED_EDGE ( 'NONE', *, *, #9901, .F. ) ;
#6151 = SURFACE_SIDE_STYLE ('',( #9725 ) ) ;
#6152 = DIRECTION ( 'NONE',  ( 1.000000000000000000, -0.0000000000000000000, -0.0000000000000000000 ) ) ;
#6153 = CARTESIAN_POINT ( 'NONE',  ( 0.5112022033329600700, 1.076168017620659800, 0.4700000000000000300 ) ) ;
#6154 = CARTESIAN_POINT ( 'NONE',  ( -0.2708175023820599300, 1.114884151896459800, 0.4700000000000000300 ) ) ;
#6155 = FILL_AREA_STYLE_COLOUR ( '', #1989 ) ;
#6156 = EDGE_LOOP ( 'NONE', ( #4649, #5283, #344, #8247 ) ) ;
#6157 = VECTOR ( 'NONE', #10529, 1000.000000000000000 ) ;
#6158 = ORIENTED_EDGE ( 'NONE', *, *, #8730, .T. ) ;
#6159 = FACE_BOUND ( 'NONE', #6930, .T. ) ;
#6160 = ORIENTED_EDGE ( 'NONE', *, *, #6663, .T. ) ;
#6161 = ADVANCED_FACE ( 'NONE', ( #8525, #6607 ), #6860, .F. ) ;
#6162 = CARTESIAN_POINT ( 'NONE',  ( 0.8749999999999998900, 1.500999999999999900, -0.04000000000000000100 ) ) ;
#6163 = FACE_BOUND ( 'NONE', #1207, .T. ) ;
#6164 = CARTESIAN_POINT ( 'NONE',  ( 0.3729717099538177900, 1.071452265181171800, 0.4700000000000000300 ) ) ;
#6165 = PRESENTATION_STYLE_ASSIGNMENT (( #9714 ) ) ;
#6166 = CARTESIAN_POINT ( 'NONE',  ( 0.4734761838178589400, 1.021111607891017800, 0.4700000000000000300 ) ) ;
#6167 = B_SPLINE_CURVE_WITH_KNOTS ( 'NONE', 3,
 ( #4588, #8647, #6253, #5491 ),
 .UNSPECIFIED., .F., .F.,
 ( 4, 4 ),
 ( 26.00000000000000000, 27.00000000000000000 ),
 .UNSPECIFIED. ) ;
#6168 =( LENGTH_UNIT ( ) NAMED_UNIT ( * ) SI_UNIT ( .MILLI., .METRE. ) );
#6169 = CARTESIAN_POINT ( 'NONE',  ( -0.1945786889974947300, 1.259983847140327300, 0.4700000000000000300 ) ) ;
#6170 = ORIENTED_EDGE ( 'NONE', *, *, #735, .T. ) ;
#6171 = EDGE_LOOP ( 'NONE', ( #1954, #1590, #8087, #1679 ) ) ;
#6172 = VERTEX_POINT ( 'NONE', #2651 ) ;
#6173 = CARTESIAN_POINT ( 'NONE',  ( -0.2388463875961558100, 1.321466719296756000, 0.4700000000000000300 ) ) ;
#6174 = PLANE ( 'NONE',  #5793 ) ;
#6175 = LINE ( 'NONE', #791, #10302 ) ;
#6176 = CARTESIAN_POINT ( 'NONE',  ( -0.2117939250981358500, 1.117343431132259900, 0.4700000000000000300 ) ) ;
#6177 = UNCERTAINTY_MEASURE_WITH_UNIT (LENGTH_MEASURE( 1.000000000000000100E-005 ), #10032, 'distance_accuracy_value', 'NONE');
#6178 = CARTESIAN_POINT ( 'NONE',  ( 0.3514855629021116400, 1.068622813717637500, 0.4600000000000000200 ) ) ;
#6179 = CARTESIAN_POINT ( 'NONE',  ( 0.3729717099538177900, 1.071452265181171800, 0.4600000000000000200 ) ) ;
#6180 = CARTESIAN_POINT ( 'NONE',  ( 0.5827342731476982100, 1.300343099206631400, 0.4700000000000000300 ) ) ;
#6181 = SURFACE_STYLE_USAGE ( .BOTH. , #7851 ) ;
#6182 = EDGE_CURVE ( 'NONE', #1465, #5201, #4345, .T. ) ;
#6183 = ORIENTED_EDGE ( 'NONE', *, *, #6433, .T. ) ;
#6184 = LINE ( 'NONE', #6232, #6321 ) ;
#6185 = ORIENTED_EDGE ( 'NONE', *, *, #3703, .F. ) ;
#6186 = FACE_OUTER_BOUND ( 'NONE', #9154, .T. ) ;
#6187 = EDGE_CURVE ( 'NONE', #3511, #4396, #6759, .T. ) ;
#6188 = VECTOR ( 'NONE', #4730, 1000.000000000000000 ) ;
#6189 = AXIS2_PLACEMENT_3D ( 'NONE', #9315, #10076, #6870 ) ;
#6190 = DIRECTION ( 'NONE',  ( -1.000000000000000000, 0.0000000000000000000, 0.0000000000000000000 ) ) ;
#6191 = CARTESIAN_POINT ( 'NONE',  ( -0.3200038376330879300, 1.190303205535364800, 0.4700000000000000300 ) ) ;
#6192 = DIRECTION ( 'NONE',  ( -0.0000000000000000000, -0.0000000000000000000, -1.000000000000000000 ) ) ;
#6193 = CARTESIAN_POINT ( 'NONE',  ( 0.6047804158017304800, 1.241631981336718300, 0.4700000000000000300 ) ) ;
#6194 = CARTESIAN_POINT ( 'NONE',  ( 0.5120864069151174200, 1.079056415989621200, 0.4700000000000000300 ) ) ;
#6195 = ORIENTED_EDGE ( 'NONE', *, *, #6583, .T. ) ;
#6196 = LINE ( 'NONE', #5967, #5678 ) ;
#6197 = CARTESIAN_POINT ( 'NONE',  ( -0.3200038376330879300, 1.190303205535364800, 0.4600000000000000200 ) ) ;
#6198 = CARTESIAN_POINT ( 'NONE',  ( 0.4827308479797703900, 1.254777141261381100, 0.4700000000000000300 ) ) ;
#6199 = ORIENTED_EDGE ( 'NONE', *, *, #6919, .F. ) ;
#6200 = EDGE_CURVE ( 'NONE', #7117, #692, #4952, .T. ) ;
#6201 = FACE_OUTER_BOUND ( 'NONE', #9794, .T. ) ;
#6202 = MECHANICAL_DESIGN_GEOMETRIC_PRESENTATION_REPRESENTATION (  '', ( #9843 ), #10049 ) ;
#6203 = CARTESIAN_POINT ( 'NONE',  ( 0.4734761838178589400, 1.033962033288558800, 0.4700000000000000300 ) ) ;
#6204 = CARTESIAN_POINT ( 'NONE',  ( 0.4223397433032848900, 1.120142409117864700, 0.4700000000000000300 ) ) ;
#6205 = ORIENTED_EDGE ( 'NONE', *, *, #3095, .T. ) ;
#6206 = CARTESIAN_POINT ( 'NONE',  ( 0.8749999999999998900, -1.500000000000000000, 0.4600000000000000200 ) ) ;
#6207 = PRESENTATION_STYLE_ASSIGNMENT (( #2262 ) ) ;
#6208 = CARTESIAN_POINT ( 'NONE',  ( 0.3733548648394733900, 1.071452265181171800, 0.4600000000000000200 ) ) ;
#6209 = CARTESIAN_POINT ( 'NONE',  ( 0.3477424344033106000, 1.056774485713890800, 0.4600000000000000200 ) ) ;
#6210 = EDGE_LOOP ( 'NONE', ( #4747, #1036, #4413, #1478 ) ) ;
#6211 = LINE ( 'NONE', #10515, #7250 ) ;
#6212 = CARTESIAN_POINT ( 'NONE',  ( 0.3733548648394733900, 1.058719733595268900, 0.4700000000000000300 ) ) ;
#6213 = B_SPLINE_SURFACE_WITH_KNOTS ( 'NONE', 3, 1, ( 
 ( #10283, #473 ),
 ( #6176, #10386 ),
 ( #4666, #2078 ),
 ( #3784, #10319 ),
 ( #6987, #3749 ),
 ( #1389, #2176 ),
 ( #9473, #5453 ) ),
 .UNSPECIFIED., .F., .F., .F.,
 ( 4, 3, 4 ),
 ( 2, 2 ),
 ( 2.000000000000000000, 3.000000000000000000, 4.000000000000000000 ),
 ( 0.0000000000000000000, 1.000000000000000000 ),
 .UNSPECIFIED. ) ;
#6214 = EDGE_CURVE ( 'NONE', #7256, #9719, #215, .T. ) ;
#6215 = ORIENTED_EDGE ( 'NONE', *, *, #5873, .T. ) ;
#6216 = B_SPLINE_CURVE_WITH_KNOTS ( 'NONE', 3,
 ( #8907, #778, #8873, #1656 ),
 .UNSPECIFIED., .F., .F.,
 ( 4, 4 ),
 ( 15.00000000000000000, 16.00000000000000000 ),
 .UNSPECIFIED. ) ;
#6217 = CARTESIAN_POINT ( 'NONE',  ( 0.8749999999999998900, 1.101000000000000000, 0.1000000000000000100 ) ) ;
#6218 = CARTESIAN_POINT ( 'NONE',  ( 0.8090019698786129500, 1.174019880737444500, 0.4700000000000000300 ) ) ;
#6219 = DIRECTION ( 'NONE',  ( 0.0000000000000000000, 0.0000000000000000000, 1.000000000000000000 ) ) ;
#6220 = VERTEX_POINT ( 'NONE', #6233 ) ;
#6221 = CARTESIAN_POINT ( 'NONE',  ( 0.3269341767647745400, 1.297985222987278600, 0.4600000000000000200 ) ) ;
#6222 = DIRECTION ( 'NONE',  ( 0.0000000000000000000, 1.000000000000000000, 0.0000000000000000000 ) ) ;
#6223 = ADVANCED_FACE ( 'NONE', ( #5455 ), #6825, .F. ) ;
#6224 = VECTOR ( 'NONE', #5499, 1000.000000000000000 ) ;
#6225 = ORIENTED_EDGE ( 'NONE', *, *, #6550, .T. ) ;
#6226 = FACE_OUTER_BOUND ( 'NONE', #30, .T. ) ;
#6227 = CARTESIAN_POINT ( 'NONE',  ( 0.0000000000000000000, 0.0000000000000000000, -0.04000000000000000100 ) ) ;
#6228 = DIRECTION ( 'NONE',  ( -0.5048830486499483700, 0.8631877589412014800, 0.0000000000000000000 ) ) ;
#6229 = EDGE_CURVE ( 'NONE', #979, #6945, #7397, .T. ) ;
#6230 = VERTEX_POINT ( 'NONE', #6083 ) ;
#6231 = CARTESIAN_POINT ( 'NONE',  ( 0.5505492627480321800, 1.343669074743377000, 0.4700000000000000300 ) ) ;
#6232 = CARTESIAN_POINT ( 'NONE',  ( -0.1250000000000001100, -1.500999999999999900, -0.04000000000000000100 ) ) ;
#6233 = CARTESIAN_POINT ( 'NONE',  ( 0.5700901619191470800, 1.332822844132638900, 0.4700000000000000300 ) ) ;
#6234 = CARTESIAN_POINT ( 'NONE',  ( -0.1626075898475035600, 1.085372300710436800, 0.4700000000000000300 ) ) ;
#6235 = CARTESIAN_POINT ( 'NONE',  ( -0.2708175023820599300, 1.114884151896459800, 0.4700000000000000300 ) ) ;
#6236 = VECTOR ( 'NONE', #7998, 1000.000000000000000 ) ;
#6237 = EDGE_CURVE ( 'NONE', #6423, #2604, #3293, .T. ) ;
#6238 = VERTEX_POINT ( 'NONE', #10182 ) ;
#6239 = VECTOR ( 'NONE', #2227, 1000.000000000000000 ) ;
#6240 =( NAMED_UNIT ( * ) PLANE_ANGLE_UNIT ( ) SI_UNIT ( $, .RADIAN. ) );
#6241 = ORIENTED_EDGE ( 'NONE', *, *, #7398, .F. ) ;
#6242 = CARTESIAN_POINT ( 'NONE',  ( -0.02570561714402799100, 1.097668884523590900, 0.4600000000000000200 ) ) ;
#6243 = CARTESIAN_POINT ( 'NONE',  ( 0.6489021745624981000, 1.174019880737444500, 0.4700000000000000300 ) ) ;
#6244 = B_SPLINE_CURVE_WITH_KNOTS ( 'NONE', 3,
 ( #10179, #1173, #10098, #9303 ),
 .UNSPECIFIED., .F., .F.,
 ( 4, 4 ),
 ( 9.000000000000000000, 10.00000000000000000 ),
 .UNSPECIFIED. ) ;
#6245 = CARTESIAN_POINT ( 'NONE',  ( 0.6583042059879709000, 1.334119676053556500, 0.4700000000000000300 ) ) ;
#6246 = DIRECTION ( 'NONE',  ( -0.0000000000000000000, -0.0000000000000000000, -1.000000000000000000 ) ) ;
#6247 = ORIENTED_EDGE ( 'NONE', *, *, #1806, .T. ) ;
#6248 = ORIENTED_EDGE ( 'NONE', *, *, #691, .T. ) ;
#6249 = EDGE_CURVE ( 'NONE', #7632, #9096, #2400, .T. ) ;
#6250 = ADVANCED_FACE ( 'NONE', ( #2016 ), #6643, .F. ) ;
#6251 = ORIENTED_EDGE ( 'NONE', *, *, #10446, .F. ) ;
#6252 = AXIS2_PLACEMENT_3D ( 'NONE', #1966, #9217, #2707 ) ;
#6253 = CARTESIAN_POINT ( 'NONE',  ( 0.001346829717679487800, 1.109145708590685100, 0.4600000000000000200 ) ) ;
#6254 = DIRECTION ( 'NONE',  ( 1.000000000000000000, -0.0000000000000000000, -0.0000000000000000000 ) ) ;
#6255 = SURFACE_STYLE_USAGE ( .BOTH. , #7094 ) ;
#6256 = CARTESIAN_POINT ( 'NONE',  ( 0.4734761838178589400, 1.021111607891017800, 0.4700000000000000300 ) ) ;
#6257 = LINE ( 'NONE', #2238, #4122 ) ;
#6258 = CARTESIAN_POINT ( 'NONE',  ( 0.6323086206657669800, 1.273168575775143600, 0.4700000000000000300 ) ) ;
#6259 = CARTESIAN_POINT ( 'NONE',  ( 0.5799932420423104000, 1.071864893519935500, 0.4600000000000000200 ) ) ;
#6260 = MECHANICAL_DESIGN_GEOMETRIC_PRESENTATION_REPRESENTATION (  '', ( #3958 ), #5153 ) ;
#6261 = ORIENTED_EDGE ( 'NONE', *, *, #4361, .T. ) ;
#6262 = FACE_OUTER_BOUND ( 'NONE', #5695, .T. ) ;
#6263 = CARTESIAN_POINT ( 'NONE',  ( 0.3704664664705092900, 1.345437481907692400, 0.4600000000000000200 ) ) ;
#6264 = VERTEX_POINT ( 'NONE', #3800 ) ;
#6265 = CARTESIAN_POINT ( 'NONE',  ( -0.1117817038333259600, 1.094389845541732200, 0.4600000000000000200 ) ) ;
#6266 = CARTESIAN_POINT ( 'NONE',  ( 0.4866508171952374000, 1.141068560567251300, 0.4700000000000000300 ) ) ;
#6267 = CARTESIAN_POINT ( 'NONE',  ( 0.6249999999999998900, -1.500000000000000000, 0.1000000000000000100 ) ) ;
#6268 = PRESENTATION_LAYER_ASSIGNMENT (  '', '', ( #7431 ) ) ;
#6269 = DIRECTION ( 'NONE',  ( -0.0000000000000000000, -0.0000000000000000000, -1.000000000000000000 ) ) ;
#6271 = AXIS2_PLACEMENT_3D ( 'NONE', #7415, #1653, #4841 ) ;
#6270 = CARTESIAN_POINT ( 'NONE',  ( 0.3390772392960376700, 1.353218473433196700, 0.4600000000000000200 ) ) ;
#6272 = CARTESIAN_POINT ( 'NONE',  ( 0.3390772392960376700, 1.353218473433196700, 0.4700000000000000300 ) ) ;
#6273 = ORIENTED_EDGE ( 'NONE', *, *, #6045, .T. ) ;
#6274 = VECTOR ( 'NONE', #3314, 1000.000000000000000 ) ;
#6275 = EDGE_CURVE ( 'NONE', #10599, #6968, #3440, .T. ) ;
#6276 = ADVANCED_FACE ( 'NONE', ( #3301 ), #9456, .F. ) ;
#6277 = VERTEX_POINT ( 'NONE', #3131 ) ;
#6278 = VECTOR ( 'NONE', #6021, 1000.000000000000000 ) ;
#6279 = ORIENTED_EDGE ( 'NONE', *, *, #3311, .F. ) ;
#6280 = CARTESIAN_POINT ( 'NONE',  ( -0.1945786889974947300, 1.259983847140327300, 0.4700000000000000300 ) ) ;
#6281 = VERTEX_POINT ( 'NONE', #6922 ) ;
#6282 = STYLED_ITEM ( 'NONE', ( #7780 ), #6455 ) ;
#6283 = PRESENTATION_STYLE_ASSIGNMENT (( #7405 ) ) ;
#6284 = CARTESIAN_POINT ( 'NONE',  ( 0.4356027970391868100, 1.254777141261381100, 0.4700000000000000300 ) ) ;
#6285 = ORIENTED_EDGE ( 'NONE', *, *, #8966, .F. ) ;
#6286 = FACE_BOUND ( 'NONE', #1331, .T. ) ;
#6287 = CARTESIAN_POINT ( 'NONE',  ( 0.1407081442006228300, 1.116523671386993900, 0.4600000000000000200 ) ) ;
#6288 = DIRECTION ( 'NONE',  ( 0.0000000000000000000, -1.000000000000000000, -0.0000000000000000000 ) ) ;
#6289 = DIRECTION ( 'NONE',  ( -0.0000000000000000000, -0.0000000000000000000, -1.000000000000000000 ) ) ;
#6290 = CARTESIAN_POINT ( 'NONE',  ( 0.5622207500362883500, 1.258785530834983600, 0.4600000000000000200 ) ) ;
#6291 = EDGE_CURVE ( 'NONE', #914, #10445, #1751, .T. ) ;
#6292 = EDGE_LOOP ( 'NONE', ( #4962, #2333, #9402, #2975 ) ) ;
#6293 = CARTESIAN_POINT ( 'NONE',  ( -0.1937589136159163500, 1.168989123799456100, 0.4700000000000000300 ) ) ;
#6294 = VERTEX_POINT ( 'NONE', #7999 ) ;
#6295 = LINE ( 'NONE', #2319, #3101 ) ;
#6296 = ORIENTED_EDGE ( 'NONE', *, *, #1722, .T. ) ;
#6297 = CARTESIAN_POINT ( 'NONE',  ( 0.3678728026286729500, 1.252949787190854400, 0.4600000000000000200 ) ) ;
#6298 = DIRECTION ( 'NONE',  ( 0.0000000000000000000, 1.000000000000000000, -0.0000000000000000000 ) ) ;
#6299 = CARTESIAN_POINT ( 'NONE',  ( 0.3473003326122348600, 1.142954861543203500, 0.4600000000000000200 ) ) ;
#6300 =( NAMED_UNIT ( * ) PLANE_ANGLE_UNIT ( ) SI_UNIT ( $, .RADIAN. ) );
#6301 = ORIENTED_EDGE ( 'NONE', *, *, #34, .T. ) ;
#6302 = CARTESIAN_POINT ( 'NONE',  ( 0.1249999999999998900, -1.500999999999999900, -0.04000000000000000100 ) ) ;
#6303 = ADVANCED_FACE ( 'NONE', ( #7025 ), #5507, .F. ) ;
#6304 = DIRECTION ( 'NONE',  ( 0.9400931103999027300, -0.3409177962187314700, 0.0000000000000000000 ) ) ;
#6305 = ORIENTED_EDGE ( 'NONE', *, *, #6899, .F. ) ;
#6306 = VECTOR ( 'NONE', #1486, 1000.000000000000000 ) ;
#6307 = VECTOR ( 'NONE', #7907, 1000.000000000000000 ) ;
#6308 = ORIENTED_EDGE ( 'NONE', *, *, #269, .F. ) ;
#6309 = LINE ( 'NONE', #8752, #9521 ) ;
#6310 = ORIENTED_EDGE ( 'NONE', *, *, #2833, .F. ) ;
#6311 = EDGE_CURVE ( 'NONE', #3382, #8979, #6886, .T. ) ;
#6312 =( LENGTH_UNIT ( ) NAMED_UNIT ( * ) SI_UNIT ( .MILLI., .METRE. ) );
#6313 = ORIENTED_EDGE ( 'NONE', *, *, #10260, .F. ) ;
#6314 = CARTESIAN_POINT ( 'NONE',  ( -0.1322759945521322100, 1.141116870284340200, 0.4700000000000000300 ) ) ;
#6315 = B_SPLINE_CURVE_WITH_KNOTS ( 'NONE', 3,
 ( #8025, #2566, #904, #6648 ),
 .UNSPECIFIED., .F., .F.,
 ( 4, 4 ),
 ( 5.000000000000000000, 6.000000000000000000 ),
 .UNSPECIFIED. ) ;
#6316 = CARTESIAN_POINT ( 'NONE',  ( 0.6817945478264781900, 1.174019880737444500, 0.4700000000000000300 ) ) ;
#6317 = DIRECTION ( 'NONE',  ( -0.0000000000000000000, -1.000000000000000000, -0.0000000000000000000 ) ) ;
#6318 = UNCERTAINTY_MEASURE_WITH_UNIT (LENGTH_MEASURE( 1.000000000000000100E-005 ), #1737, 'distance_accuracy_value', 'NONE');
#6319 = AXIS2_PLACEMENT_3D ( 'NONE', #4786, #3143, #3174 ) ;
#6320 = ORIENTED_EDGE ( 'NONE', *, *, #8577, .T. ) ;
#6321 = VECTOR ( 'NONE', #1367, 1000.000000000000000 ) ;
#6322 = CARTESIAN_POINT ( 'NONE',  ( 0.6249999999999998900, 1.500999999999999900, 0.1000000000000000100 ) ) ;
#6323 = CARTESIAN_POINT ( 'NONE',  ( 0.1249999999999998900, -1.101000000000000000, 0.1000000000000000100 ) ) ;
#6324 = ORIENTED_EDGE ( 'NONE', *, *, #10464, .T. ) ;
#6325 = VECTOR ( 'NONE', #9919, 1000.000000000000000 ) ;
#6326 = DIRECTION ( 'NONE',  ( -0.0000000000000000000, -0.0000000000000000000, -1.000000000000000000 ) ) ;
#6327 = FILL_AREA_STYLE_COLOUR ( '', #5198 ) ;
#6328 = VECTOR ( 'NONE', #6717, 1000.000000000000000 ) ;
#6329 = EDGE_CURVE ( 'NONE', #9859, #541, #7147, .T. ) ;
#6330 = AXIS2_PLACEMENT_3D ( 'NONE', #3104, #10452, #4584 ) ;
#6331 = VERTEX_POINT ( 'NONE', #2293 ) ;
#6332 = ORIENTED_EDGE ( 'NONE', *, *, #9509, .T. ) ;
#6333 = SURFACE_STYLE_FILL_AREA ( #7254 ) ;
#6334 = CARTESIAN_POINT ( 'NONE',  ( 0.8008967703732692300, 1.159283154363951900, 0.4700000000000000300 ) ) ;
#6335 =( GEOMETRIC_REPRESENTATION_CONTEXT ( 3 ) GLOBAL_UNCERTAINTY_ASSIGNED_CONTEXT ( ( #7635 ) ) GLOBAL_UNIT_ASSIGNED_CONTEXT ( ( #7514, #3448, #10017 ) ) REPRESENTATION_CONTEXT ( 'NONE', 'WORKASPACE' ) );
#6336 = CARTESIAN_POINT ( 'NONE',  ( 0.3296752078697817200, 1.135291763829332300, 0.4700000000000000300 ) ) ;
#6337 = CARTESIAN_POINT ( 'NONE',  ( 0.7369688513669763200, 1.085658469405059500, 0.4600000000000000200 ) ) ;
#6338 = CARTESIAN_POINT ( 'NONE',  ( 0.4297081064900330500, 1.056774485713890800, 0.4700000000000000300 ) ) ;
#6339 = EDGE_CURVE ( 'NONE', #8745, #8980, #2265, .T. ) ;
#6340 = LINE ( 'NONE', #1008, #976 ) ;
#6341 = ORIENTED_EDGE ( 'NONE', *, *, #1089, .T. ) ;
#6342 = LINE ( 'NONE', #6198, #8239 ) ;
#6343 = B_SPLINE_SURFACE_WITH_KNOTS ( 'NONE', 3, 1, ( 
 ( #5029, #5097 ),
 ( #4339, #2585 ),
 ( #10074, #8376 ),
 ( #10041, #171 ) ),
 .UNSPECIFIED., .F., .F., .F.,
 ( 4, 4 ),
 ( 2, 2 ),
 ( 5.000000000000000000, 6.000000000000000000 ),
 ( 0.0000000000000000000, 1.000000000000000000 ),
 .UNSPECIFIED. ) ;
#6344 = VERTEX_POINT ( 'NONE', #1403 ) ;
#6345 = FACE_OUTER_BOUND ( 'NONE', #5374, .T. ) ;
#6346 = CARTESIAN_POINT ( 'NONE',  ( 0.4211608051936131500, 1.056774485713890800, 0.4700000000000000300 ) ) ;
#6347 = ORIENTED_EDGE ( 'NONE', *, *, #4884, .F. ) ;
#6348 = CARTESIAN_POINT ( 'NONE',  ( 0.6565063253701535200, 1.342195402106187500, 0.4700000000000000300 ) ) ;
#6349 = CARTESIAN_POINT ( 'NONE',  ( 0.3671654397627940300, 1.075342760943928100, 0.4700000000000000300 ) ) ;
#6350 = ORIENTED_EDGE ( 'NONE', *, *, #10037, .F. ) ;
#6351 = EDGE_CURVE ( 'NONE', #1295, #6547, #1136, .T. ) ;
#6352 = ADVANCED_FACE ( 'NONE', ( #2776 ), #3423, .F. ) ;
#6353 = EDGE_CURVE ( 'NONE', #4965, #5228, #625, .T. ) ;
#6354 = CARTESIAN_POINT ( 'NONE',  ( 0.03003888988581057300, 1.236210407989039900, 0.4700000000000000300 ) ) ;
#6355 = CARTESIAN_POINT ( 'NONE',  ( 0.7085269694672780000, 1.241631981336718300, 0.4700000000000000300 ) ) ;
#6356 = AXIS2_PLACEMENT_3D ( 'NONE', #5927, #260, #2632 ) ;
#6357 = PRESENTATION_STYLE_ASSIGNMENT (( #5850 ) ) ;
#6358 = FACE_OUTER_BOUND ( 'NONE', #10621, .T. ) ;
#6359 = CARTESIAN_POINT ( 'NONE',  ( 0.4629836346400604800, 1.073574353778822000, 0.4700000000000000300 ) ) ;
#6360 = VERTEX_POINT ( 'NONE', #3872 ) ;
#6361 = VECTOR ( 'NONE', #9669, 1000.000000000000000 ) ;
#6362 = CARTESIAN_POINT ( 'NONE',  ( 0.3113132468091264200, 1.279829576095216300, 0.4600000000000000200 ) ) ;
#6363 = CARTESIAN_POINT ( 'NONE',  ( 0.6806156097171999200, 1.058719733595270100, 0.4700000000000000300 ) ) ;
#6364 = ORIENTED_EDGE ( 'NONE', *, *, #5571, .F. ) ;
#6365 = SURFACE_STYLE_FILL_AREA ( #900 ) ;
#6366 = DIRECTION ( 'NONE',  ( 0.0000000000000000000, 0.0000000000000000000, 1.000000000000000000 ) ) ;
#6367 = CARTESIAN_POINT ( 'NONE',  ( -0.1250000000000001100, -1.500999999999999900, -0.04000000000000000100 ) ) ;
#6368 = ORIENTED_EDGE ( 'NONE', *, *, #7139, .T. ) ;
#6369 = EDGE_CURVE ( 'NONE', #7343, #4265, #8256, .T. ) ;
#6370 = FACE_OUTER_BOUND ( 'NONE', #10369, .T. ) ;
#6371 = B_SPLINE_SURFACE_WITH_KNOTS ( 'NONE', 3, 1, ( 
 ( #4721, #8810 ),
 ( #5624, #4852 ),
 ( #653, #10591 ),
 ( #8105, #3178 ) ),
 .UNSPECIFIED., .F., .F., .F.,
 ( 4, 4 ),
 ( 2, 2 ),
 ( 10.00000000000000000, 11.00000000000000000 ),
 ( 0.0000000000000000000, 1.000000000000000000 ),
 .UNSPECIFIED. ) ;
#6372 = ORIENTED_EDGE ( 'NONE', *, *, #6351, .T. ) ;
#6373 = DIRECTION ( 'NONE',  ( 0.0000000000000000000, 0.0000000000000000000, 1.000000000000000000 ) ) ;
#6374 = DIRECTION ( 'NONE',  ( 0.0000000000000000000, 0.0000000000000000000, 1.000000000000000000 ) ) ;
#6375 = ORIENTED_EDGE ( 'NONE', *, *, #3827, .F. ) ;
#6376 = EDGE_CURVE ( 'NONE', #9004, #9247, #4106, .T. ) ;
#6377 = ORIENTED_EDGE ( 'NONE', *, *, #4909, .F. ) ;
#6378 = ORIENTED_EDGE ( 'NONE', *, *, #3532, .F. ) ;
#6379 = ADVANCED_FACE ( 'NONE', ( #7919, #2511 ), #8726, .T. ) ;
#6380 = CARTESIAN_POINT ( 'NONE',  ( -0.1945787046334087300, 1.117343431132259900, 0.4700000000000000300 ) ) ;
#6381 = CARTESIAN_POINT ( 'NONE',  ( 0.6988596769666108900, 1.058719733595270100, 0.4700000000000000300 ) ) ;
#6382 = ORIENTED_EDGE ( 'NONE', *, *, #8981, .T. ) ;
#6383 = FILL_AREA_STYLE ('',( #684 ) ) ;
#6384 = DIRECTION ( 'NONE',  ( 0.0000000000000000000, 0.0000000000000000000, -1.000000000000000000 ) ) ;
#6385 = CARTESIAN_POINT ( 'NONE',  ( 0.0000000000000000000, -1.101000000000000000, -0.0000000000000000000 ) ) ;
#6386 = VECTOR ( 'NONE', #6493, 1000.000000000000000 ) ;
#6387 = EDGE_CURVE ( 'NONE', #959, #2843, #9567, .T. ) ;
#6388 = EDGE_LOOP ( 'NONE', ( #9508, #5284, #7388, #192 ) ) ;
#6389 = FACE_OUTER_BOUND ( 'NONE', #3223, .T. ) ;
#6390 =( GEOMETRIC_REPRESENTATION_CONTEXT ( 3 ) GLOBAL_UNCERTAINTY_ASSIGNED_CONTEXT ( ( #2381 ) ) GLOBAL_UNIT_ASSIGNED_CONTEXT ( ( #4282, #9072, #9110 ) ) REPRESENTATION_CONTEXT ( 'NONE', 'WORKASPACE' ) );
#6391 = ORIENTED_EDGE ( 'NONE', *, *, #8620, .T. ) ;
#6392 = DIRECTION ( 'NONE',  ( -0.0000000000000000000, -0.0000000000000000000, -1.000000000000000000 ) ) ;
#6393 = CARTESIAN_POINT ( 'NONE',  ( 0.6549737058275411100, 1.336005977029509600, 0.4600000000000000200 ) ) ;
#6394 = DIRECTION ( 'NONE',  ( 0.0000000000000000000, 0.0000000000000000000, -1.000000000000000000 ) ) ;
#6395 = PLANE ( 'NONE',  #3348 ) ;
#6396 = CARTESIAN_POINT ( 'NONE',  ( 0.8008967703732692300, 1.159283154363951900, 0.4600000000000000200 ) ) ;
#6397 = EDGE_CURVE ( 'NONE', #7982, #9103, #4838, .T. ) ;
#6398 = DIRECTION ( 'NONE',  ( -0.0000000000000000000, 1.000000000000000000, 0.0000000000000000000 ) ) ;
#6399 = CARTESIAN_POINT ( 'NONE',  ( -0.6250000000000001100, -1.101000000000000000, -0.04000000000000000100 ) ) ;
#6400 = MECHANICAL_DESIGN_GEOMETRIC_PRESENTATION_REPRESENTATION (  '', ( #5830 ), #7858 ) ;
#6401 = CARTESIAN_POINT ( 'NONE',  ( 0.3491866335877905600, 1.239686733455341900, 0.4700000000000000300 ) ) ;
#6402 = ORIENTED_EDGE ( 'NONE', *, *, #1323, .F. ) ;
#6403 = SURFACE_SIDE_STYLE ('',( #3634 ) ) ;
#6404 = EDGE_CURVE ( 'NONE', #2745, #875, #8670, .T. ) ;
#6405 = CARTESIAN_POINT ( 'NONE',  ( 0.2457937613547896700, 1.058719733595267600, 0.4700000000000000300 ) ) ;
#6406 = CARTESIAN_POINT ( 'NONE',  ( 0.7144806069214740800, 1.149910596391190200, 0.4700000000000000300 ) ) ;
#6407 = CARTESIAN_POINT ( 'NONE',  ( 0.6583042059879709000, 1.334119676053556500, 0.4700000000000000300 ) ) ;
#6408 = CARTESIAN_POINT ( 'NONE',  ( 0.3691806870943629100, 1.126184466930686900, 0.4700000000000000300 ) ) ;
#6409 = VECTOR ( 'NONE', #8362, 1000.000000000000000 ) ;
#6410 = VECTOR ( 'NONE', #523, 1000.000000000000000 ) ;
#6411 = LINE ( 'NONE', #4200, #4871 ) ;
#6412 = ORIENTED_EDGE ( 'NONE', *, *, #2547, .T. ) ;
#6413 = B_SPLINE_SURFACE_WITH_KNOTS ( 'NONE', 3, 1, ( 
 ( #1797, #198 ),
 ( #5902, #7492 ),
 ( #4294, #1024 ),
 ( #9196, #2575 ) ),
 .UNSPECIFIED., .F., .F., .F.,
 ( 4, 4 ),
 ( 2, 2 ),
 ( 7.000000000000000000, 8.000000000000000000 ),
 ( 0.0000000000000000000, 1.000000000000000000 ),
 .UNSPECIFIED. ) ;
#6414 = VERTEX_POINT ( 'NONE', #4707 ) ;
#6415 = CARTESIAN_POINT ( 'NONE',  ( 0.8749999999999998900, -1.500999999999999900, -0.04000000000000000100 ) ) ;
#6416 = ORIENTED_EDGE ( 'NONE', *, *, #189, .F. ) ;
#6417 = DIRECTION ( 'NONE',  ( 1.128396311045739900E-014, -1.000000000000000000, -0.0000000000000000000 ) ) ;
#6418 = LINE ( 'NONE', #4508, #4385 ) ;
#6419 = CARTESIAN_POINT ( 'NONE',  ( 0.4115524595983660100, 1.105818311083129900, 0.4700000000000000300 ) ) ;
#6420 = VERTEX_POINT ( 'NONE', #8426 ) ;
#6421 = DIRECTION ( 'NONE',  ( 0.0000000000000000000, 0.0000000000000000000, -1.000000000000000000 ) ) ;
#6422 = AXIS2_PLACEMENT_3D ( 'NONE', #10427, #10527, #2250 ) ;
#6423 = VERTEX_POINT ( 'NONE', #4452 ) ;
#6424 =( LENGTH_UNIT ( ) NAMED_UNIT ( * ) SI_UNIT ( .MILLI., .METRE. ) );
#6425 = CARTESIAN_POINT ( 'NONE',  ( 0.4267312877625429300, 1.128159188264286700, 0.4700000000000000300 ) ) ;
#6426 = LINE ( 'NONE', #5683, #4280 ) ;
#6427 = CARTESIAN_POINT ( 'NONE',  ( 0.3287025839294849800, 1.063258645317694200, 0.4700000000000000300 ) ) ;
#6428 = CARTESIAN_POINT ( 'NONE',  ( 0.4381080405224999600, 1.131224427350304900, 0.4600000000000000200 ) ) ;
#6429 = CARTESIAN_POINT ( 'NONE',  ( 0.5983846765552801600, 1.300755727545389600, 0.4600000000000000200 ) ) ;
#6430 = CARTESIAN_POINT ( 'NONE',  ( 0.3113132468091264200, 1.279829576095216300, 0.4700000000000000300 ) ) ;
#6431 = B_SPLINE_CURVE_WITH_KNOTS ( 'NONE', 3,
 ( #4692, #2168, #466, #616 ),
 .UNSPECIFIED., .F., .F.,
 ( 4, 4 ),
 ( 7.000000000000000000, 8.000000000000000000 ),
 .UNSPECIFIED. ) ;
#6432 = VERTEX_POINT ( 'NONE', #8029 ) ;
#6433 = EDGE_CURVE ( 'NONE', #316, #7770, #495, .T. ) ;
#6434 = VERTEX_POINT ( 'NONE', #6630 ) ;
#6435 = ADVANCED_FACE ( 'NONE', ( #2144 ), #8715, .F. ) ;
#6436 = ORIENTED_EDGE ( 'NONE', *, *, #8519, .F. ) ;
#6437 = FACE_OUTER_BOUND ( 'NONE', #9556, .T. ) ;
#6438 = DIRECTION ( 'NONE',  ( 0.0000000000000000000, 0.0000000000000000000, -1.000000000000000000 ) ) ;
#6439 = PLANE ( 'NONE',  #667 ) ;
#6440 = EDGE_LOOP ( 'NONE', ( #8135, #5011, #5426, #7526, #7644, #8200 ) ) ;
#6441 = VECTOR ( 'NONE', #8621, 1000.000000000000000 ) ;
#6442 =( NAMED_UNIT ( * ) PLANE_ANGLE_UNIT ( ) SI_UNIT ( $, .RADIAN. ) );
#6443 = ORIENTED_EDGE ( 'NONE', *, *, #5236, .F. ) ;
#6444 = VECTOR ( 'NONE', #7545, 1000.000000000000000 ) ;
#6445 = MANIFOLD_SOLID_BREP ( '凸台-拉伸4', #2716 ) ;
#6446 = EDGE_CURVE ( 'NONE', #6942, #9004, #3711, .T. ) ;
#6447 = VERTEX_POINT ( 'NONE', #3786 ) ;
#6448 = PLANE ( 'NONE',  #9895 ) ;
#6449 = DIRECTION ( 'NONE',  ( -1.000000000000000000, 0.0000000000000000000, 0.0000000000000000000 ) ) ;
#6450 = ORIENTED_EDGE ( 'NONE', *, *, #804, .T. ) ;
#6451 = VECTOR ( 'NONE', #5824, 1000.000000000000000 ) ;
#6452 = AXIS2_PLACEMENT_3D ( 'NONE', #5310, #4401, #6974 ) ;
#6453 = LINE ( 'NONE', #4975, #4560 ) ;
#6454 = PRESENTATION_LAYER_ASSIGNMENT (  '', '', ( #5562 ) ) ;
#6455 = ADVANCED_FACE ( 'NONE', ( #871 ), #4697, .F. ) ;
#6456 = CARTESIAN_POINT ( 'NONE',  ( -0.08472922569978477700, 1.338681939761879200, 0.4600000000000000200 ) ) ;
#6457 = ORIENTED_EDGE ( 'NONE', *, *, #8210, .T. ) ;
#6458 =( NAMED_UNIT ( * ) SI_UNIT ( $, .STERADIAN. ) SOLID_ANGLE_UNIT ( ) );
#6459 = DIRECTION ( 'NONE',  ( -0.0000000000000000000, -0.0000000000000000000, -1.000000000000000000 ) ) ;
#6460 = DIRECTION ( 'NONE',  ( 1.000000000000000000, -0.0000000000000000000, -0.0000000000000000000 ) ) ;
#6461 = ORIENTED_EDGE ( 'NONE', *, *, #3282, .T. ) ;
#6462 = CARTESIAN_POINT ( 'NONE',  ( 0.4790171929340778000, 1.032311519934303100, 0.4600000000000000200 ) ) ;
#6463 = CARTESIAN_POINT ( 'NONE',  ( 0.3976409899023887800, 1.338599640871340500, 0.4600000000000000200 ) ) ;
#6464 = VECTOR ( 'NONE', #4656, 1000.000000000000000 ) ;
#6465 = EDGE_CURVE ( 'NONE', #1483, #2339, #3434, .T. ) ;
#6466 = LINE ( 'NONE', #7655, #8902 ) ;
#6467 = ORIENTED_EDGE ( 'NONE', *, *, #1672, .T. ) ;
#6468 = COLOUR_RGB ( '',0.6666666666666666300, 0.6666666666666666300, 0.6666666666666666300 ) ;
#6469 = CARTESIAN_POINT ( 'NONE',  ( 0.4381080405224999600, 1.131224427350304900, 0.4600000000000000200 ) ) ;
#6470 = B_SPLINE_CURVE_WITH_KNOTS ( 'NONE', 3,
 ( #3349, #5054, #9080, #3425 ),
 .UNSPECIFIED., .F., .F.,
 ( 4, 4 ),
 ( 1.000000000000000000, 2.000000000000000000 ),
 .UNSPECIFIED. ) ;
#6471 = VERTEX_POINT ( 'NONE', #7956 ) ;
#6472 = CARTESIAN_POINT ( 'NONE',  ( 0.7085269694672778900, 1.241631981336718500, 0.4600000000000000200 ) ) ;
#6473 = CARTESIAN_POINT ( 'NONE',  ( 0.6803208751892873000, 1.273168575775145000, 0.4700000000000000300 ) ) ;
#6474 = EDGE_CURVE ( 'NONE', #9889, #3591, #6498, .T. ) ;
#6475 = VECTOR ( 'NONE', #9778, 1000.000000000000000 ) ;
#6476 = ORIENTED_EDGE ( 'NONE', *, *, #1161, .F. ) ;
#6477 = LINE ( 'NONE', #4829, #7516 ) ;
#6478 = CARTESIAN_POINT ( 'NONE',  ( 0.3749999999999998900, -1.500999999999999900, -0.04000000000000000100 ) ) ;
#6479 = VERTEX_POINT ( 'NONE', #514 ) ;
#6480 = CARTESIAN_POINT ( 'NONE',  ( 0.3239868314899992900, 1.067561769418422100, 0.4600000000000000200 ) ) ;
#6481 = CARTESIAN_POINT ( 'NONE',  ( -0.1117817038333259600, 1.086192122999369800, 0.4700000000000000300 ) ) ;
#6482 = CARTESIAN_POINT ( 'NONE',  ( -0.005211310789697987800, 1.372292602379103600, 0.4600000000000000200 ) ) ;
#6483 = CARTESIAN_POINT ( 'NONE',  ( 0.2606778549914534600, 1.071864893519934900, 0.4700000000000000300 ) ) ;
#6484 = SURFACE_STYLE_USAGE ( .BOTH. , #9715 ) ;
#6485 = LINE ( 'NONE', #6963, #1886 ) ;
#6486 = SURFACE_STYLE_FILL_AREA ( #4764 ) ;
#6487 = CARTESIAN_POINT ( 'NONE',  ( 0.5028022693001016300, 1.058896574311546400, 0.4700000000000000300 ) ) ;
#6488 = EDGE_LOOP ( 'NONE', ( #9655, #1654, #825, #154 ) ) ;
#6489 = VECTOR ( 'NONE', #3910, 1000.000000000000000 ) ;
#6490 = EDGE_CURVE ( 'NONE', #7563, #2526, #7910, .T. ) ;
#6491 = ORIENTED_EDGE ( 'NONE', *, *, #10269, .F. ) ;
#6492 = CARTESIAN_POINT ( 'NONE',  ( 0.4791645601976386400, 1.019932669780945400, 0.4600000000000000200 ) ) ;
#6493 = DIRECTION ( 'NONE',  ( -0.0000000000000000000, 1.000000000000000000, -0.0000000000000000000 ) ) ;
#6494 = CARTESIAN_POINT ( 'NONE',  ( -0.2716373012175112300, 1.059959404611489300, 0.4700000000000000300 ) ) ;
#6495 = VECTOR ( 'NONE', #7530, 1000.000000000000000 ) ;
#6496 = CARTESIAN_POINT ( 'NONE',  ( -0.08554898544544557700, 1.387868275012904300, 0.4600000000000000200 ) ) ;
#6497 = CARTESIAN_POINT ( 'NONE',  ( 0.5799932420423104000, 1.110651957333468100, 0.4600000000000000200 ) ) ;
#6498 = B_SPLINE_CURVE_WITH_KNOTS ( 'NONE', 3,
 ( #9475, #1352, #3009, #10360 ),
 .UNSPECIFIED., .F., .F.,
 ( 4, 4 ),
 ( 3.000000000000000000, 4.000000000000000000 ),
 .UNSPECIFIED. ) ;
#6499 = ORIENTED_EDGE ( 'NONE', *, *, #3317, .F. ) ;
#6500 = LINE ( 'NONE', #8819, #6116 ) ;
#6501 = CARTESIAN_POINT ( 'NONE',  ( -0.1250000000000001100, 1.500999999999999900, 0.1000000000000000100 ) ) ;
#6502 = ORIENTED_EDGE ( 'NONE', *, *, #7699, .T. ) ;
#6503 = ORIENTED_EDGE ( 'NONE', *, *, #3791, .T. ) ;
#6504 = LINE ( 'NONE', #6206, #4353 ) ;
#6505 = CARTESIAN_POINT ( 'NONE',  ( 0.8247113201916155300, 1.090256328032908100, 0.4700000000000000300 ) ) ;
#6506 = VERTEX_POINT ( 'NONE', #4731 ) ;
#6507 = PLANE ( 'NONE',  #10551 ) ;
#6508 =( NAMED_UNIT ( * ) SI_UNIT ( $, .STERADIAN. ) SOLID_ANGLE_UNIT ( ) );
#6509 = ORIENTED_EDGE ( 'NONE', *, *, #2915, .T. ) ;
#6510 = B_SPLINE_SURFACE_WITH_KNOTS ( 'NONE', 3, 1, ( 
 ( #2697, #8412 ),
 ( #8300, #5168 ),
 ( #5878, #995 ),
 ( #5132, #1775 ) ),
 .UNSPECIFIED., .F., .F., .F.,
 ( 4, 4 ),
 ( 2, 2 ),
 ( 4.000000000000000000, 5.000000000000000000 ),
 ( 0.0000000000000000000, 1.000000000000000000 ),
 .UNSPECIFIED. ) ;
#6511 = VECTOR ( 'NONE', #6192, 1000.000000000000000 ) ;
#6512 = PLANE ( 'NONE',  #3394 ) ;
#6513 = CARTESIAN_POINT ( 'NONE',  ( 0.3269341767647745400, 1.312486161738285700, 0.4700000000000000300 ) ) ;
#6514 = LINE ( 'NONE', #2302, #4363 ) ;
#6515 = SURFACE_SIDE_STYLE ('',( #9736 ) ) ;
#6516 = EDGE_LOOP ( 'NONE', ( #254, #7702, #9082, #1906 ) ) ;
#6517 = DIRECTION ( 'NONE',  ( -1.000000000000000000, -0.0000000000000000000, -0.0000000000000000000 ) ) ;
#6518 = DIRECTION ( 'NONE',  ( -0.0000000000000000000, 1.000000000000000000, -0.0000000000000000000 ) ) ;
#6519 = ADVANCED_FACE ( 'NONE', ( #4940 ), #9584, .F. ) ;
#6520 = CARTESIAN_POINT ( 'NONE',  ( -0.2380266122149723200, 1.272280430953479900, 0.4700000000000000300 ) ) ;
#6521 = CARTESIAN_POINT ( 'NONE',  ( 0.4395227662542640600, 1.105405682744374300, 0.4700000000000000300 ) ) ;
#6522 = EDGE_CURVE ( 'NONE', #8891, #4713, #2768, .T. ) ;
#6523 = VECTOR ( 'NONE', #948, 1000.000000000000000 ) ;
#6524 = AXIS2_PLACEMENT_3D ( 'NONE', #96, #7477, #61 ) ;
#6525 = ORIENTED_EDGE ( 'NONE', *, *, #5972, .F. ) ;
#6526 = DIRECTION ( 'NONE',  ( -0.0000000000000000000, -0.0000000000000000000, -1.000000000000000000 ) ) ;
#6527 = ORIENTED_EDGE ( 'NONE', *, *, #8813, .F. ) ;
#6528 = SURFACE_SIDE_STYLE ('',( #1037 ) ) ;
#6529 = DIRECTION ( 'NONE',  ( 0.0000000000000000000, -0.0000000000000000000, 1.000000000000000000 ) ) ;
#6530 = B_SPLINE_SURFACE_WITH_KNOTS ( 'NONE', 3, 1, ( 
 ( #6869, #8483 ),
 ( #4478, #5441 ),
 ( #540, #577 ),
 ( #5518, #2132 ) ),
 .UNSPECIFIED., .F., .F., .F.,
 ( 4, 4 ),
 ( 2, 2 ),
 ( 6.000000000000000000, 7.000000000000000000 ),
 ( 0.0000000000000000000, 1.000000000000000000 ),
 .UNSPECIFIED. ) ;
#6531 = CARTESIAN_POINT ( 'NONE',  ( 0.5983846765552801600, 1.317850330137447600, 0.4600000000000000200 ) ) ;
#6532 = EDGE_CURVE ( 'NONE', #1151, #7121, #9099, .T. ) ;
#6533 = CARTESIAN_POINT ( 'NONE',  ( -0.3200038376330879300, 1.156692539986307900, 0.4600000000000000200 ) ) ;
#6534 = CARTESIAN_POINT ( 'NONE',  ( 0.02594002861502355700, 1.345240115449673100, 0.4700000000000000300 ) ) ;
#6535 = PLANE ( 'NONE',  #8167 ) ;
#6536 = ADVANCED_FACE ( 'NONE', ( #3566 ), #10137, .F. ) ;
#6537 = ORIENTED_EDGE ( 'NONE', *, *, #1191, .T. ) ;
#6538 = VECTOR ( 'NONE', #3478, 1000.000000000000000 ) ;
#6539 = EDGE_LOOP ( 'NONE', ( #5860, #5469, #4819, #8000 ) ) ;
#6540 = EDGE_CURVE ( 'NONE', #5047, #97, #4206, .T. ) ;
#6541 = CARTESIAN_POINT ( 'NONE',  ( 0.4334512349888303100, 1.131224427350304900, 0.4600000000000000200 ) ) ;
#6542 = CARTESIAN_POINT ( 'NONE',  ( 0.5827342731476982100, 1.314726144146789500, 0.4700000000000000300 ) ) ;
#6543 = CARTESIAN_POINT ( 'NONE',  ( 0.6637862681987661800, 1.160756827001928200, 0.4700000000000000300 ) ) ;
#6544 = DIRECTION ( 'NONE',  ( 0.0000000000000000000, -1.000000000000000000, 0.0000000000000000000 ) ) ;
#6545 = VERTEX_POINT ( 'NONE', #7130 ) ;
#6546 = DIRECTION ( 'NONE',  ( 0.0000000000000000000, 0.0000000000000000000, -1.000000000000000000 ) ) ;
#6547 = VERTEX_POINT ( 'NONE', #10632 ) ;
#6548 = LINE ( 'NONE', #3428, #8460 ) ;
#6549 = ORIENTED_EDGE ( 'NONE', *, *, #6756, .T. ) ;
#6550 = EDGE_CURVE ( 'NONE', #6148, #2039, #4863, .T. ) ;
#6551 = ORIENTED_EDGE ( 'NONE', *, *, #9398, .T. ) ;
#6552 = CARTESIAN_POINT ( 'NONE',  ( 0.5809953394353111200, 1.341664879956576200, 0.4700000000000000300 ) ) ;
#6553 = EDGE_CURVE ( 'NONE', #7598, #3061, #9944, .T. ) ;
#6554 = ORIENTED_EDGE ( 'NONE', *, *, #5448, .F. ) ;
#6555 = DIRECTION ( 'NONE',  ( -0.0000000000000000000, 0.0000000000000000000, 1.000000000000000000 ) ) ;
#6556 = SURFACE_STYLE_USAGE ( .BOTH. , #3391 ) ;
#6557 = LINE ( 'NONE', #4164, #9767 ) ;
#6558 = AXIS2_PLACEMENT_3D ( 'NONE', #6408, #5550, #8874 ) ;
#6559 = VECTOR ( 'NONE', #8102, 1000.000000000000000 ) ;
#6560 = CARTESIAN_POINT ( 'NONE',  ( 0.6637862681987661800, 1.071864893519937300, 0.4700000000000000300 ) ) ;
#6561 = EDGE_CURVE ( 'NONE', #6447, #7603, #750, .T. ) ;
#6562 = ORIENTED_EDGE ( 'NONE', *, *, #9064, .F. ) ;
#6563 = LINE ( 'NONE', #5033, #9248 ) ;
#6564 = ORIENTED_EDGE ( 'NONE', *, *, #7291, .F. ) ;
#6565 = CARTESIAN_POINT ( 'NONE',  ( 0.8749999999999998900, -1.500999999999999900, 0.1000000000000000100 ) ) ;
#6566 = VERTEX_POINT ( 'NONE', #2389 ) ;
#6567 = CARTESIAN_POINT ( 'NONE',  ( 0.2606778549914503000, 1.160756827001924200, 0.4700000000000000300 ) ) ;
#6568 = CARTESIAN_POINT ( 'NONE',  ( 0.7986567879639830900, 1.151207428312109200, 0.4700000000000000300 ) ) ;
#6569 = DIRECTION ( 'NONE',  ( 0.0000000000000000000, -0.0000000000000000000, -1.000000000000000000 ) ) ;
#6570 = CARTESIAN_POINT ( 'NONE',  ( 0.3566728905853887000, 1.131224427350304900, 0.4700000000000000300 ) ) ;
#6571 = B_SPLINE_CURVE_WITH_KNOTS ( 'NONE', 3,
 ( #2093, #4572, #10300, #7899 ),
 .UNSPECIFIED., .F., .F.,
 ( 4, 4 ),
 ( 4.000000000000000000, 5.000000000000000000 ),
 .UNSPECIFIED. ) ;
#6572 = CARTESIAN_POINT ( 'NONE',  ( 0.6805271893582750500, 1.071864893519937300, 0.4700000000000000300 ) ) ;
#6573 = ORIENTED_EDGE ( 'NONE', *, *, #10276, .F. ) ;
#6574 = ORIENTED_EDGE ( 'NONE', *, *, #944, .T. ) ;
#6575 = CARTESIAN_POINT ( 'NONE',  ( 0.5544692319634968400, 1.241631981336718300, 0.4600000000000000200 ) ) ;
#6576 = CARTESIAN_POINT ( 'NONE',  ( 0.4395227662542640600, 1.056774485713890800, 0.4600000000000000200 ) ) ;
#6577 = DIRECTION ( 'NONE',  ( 0.0000000000000000000, 1.000000000000000000, 0.0000000000000000000 ) ) ;
#6578 = DIRECTION ( 'NONE',  ( -1.000000000000000000, 0.0000000000000000000, 0.0000000000000000000 ) ) ;
#6579 = EDGE_LOOP ( 'NONE', ( #6050, #9870, #4421, #5677 ) ) ;
#6580 = LINE ( 'NONE', #8279, #4432 ) ;
#6581 = VERTEX_POINT ( 'NONE', #3226 ) ;
#6582 = LINE ( 'NONE', #7087, #1105 ) ;
#6583 = EDGE_CURVE ( 'NONE', #409, #7256, #4924, .T. ) ;
#6584 = DIRECTION ( 'NONE',  ( -0.0000000000000000000, -0.0000000000000000000, -1.000000000000000000 ) ) ;
#6585 = CARTESIAN_POINT ( 'NONE',  ( 0.2457937613547896700, 1.174019880737442200, 0.4700000000000000300 ) ) ;
#6586 = CARTESIAN_POINT ( 'NONE',  ( 0.6212266024333380500, 1.110651957333468100, 0.4700000000000000300 ) ) ;
#6587 = ORIENTED_EDGE ( 'NONE', *, *, #2224, .F. ) ;
#6588 = ORIENTED_EDGE ( 'NONE', *, *, #4484, .F. ) ;
#6589 = EDGE_CURVE ( 'NONE', #7420, #844, #6876, .T. ) ;
#6590 = PLANE ( 'NONE',  #10423 ) ;
#6591 = EDGE_CURVE ( 'NONE', #10524, #2264, #6477, .T. ) ;
#6592 = FACE_OUTER_BOUND ( 'NONE', #5250, .T. ) ;
#6593 = CARTESIAN_POINT ( 'NONE',  ( -0.2322882158169462300, 1.321466719296756000, 0.4600000000000000200 ) ) ;
#6594 = EDGE_LOOP ( 'NONE', ( #6368, #8961, #5222, #7883 ) ) ;
#6595 = DIRECTION ( 'NONE',  ( -0.0000000000000000000, 0.0000000000000000000, 1.000000000000000000 ) ) ;
#6596 = COLOUR_RGB ( '',0.6666666666666666300, 0.6666666666666666300, 0.6666666666666666300 ) ;
#6597 = B_SPLINE_SURFACE_WITH_KNOTS ( 'NONE', 3, 1, ( 
 ( #6114, #2054 ),
 ( #7782, #2868 ),
 ( #8588, #3730 ),
 ( #9415, #10251 ) ),
 .UNSPECIFIED., .F., .F., .F.,
 ( 4, 4 ),
 ( 2, 2 ),
 ( 6.000000000000000000, 7.000000000000000000 ),
 ( 0.0000000000000000000, 1.000000000000000000 ),
 .UNSPECIFIED. ) ;
#6598 = FILL_AREA_STYLE_COLOUR ( '', #8086 ) ;
#6599 = CARTESIAN_POINT ( 'NONE',  ( 0.4469206028937245900, 1.085481628687999400, 0.4700000000000000300 ) ) ;
#6600 = EDGE_CURVE ( 'NONE', #2846, #2106, #6743, .T. ) ;
#6601 = CARTESIAN_POINT ( 'NONE',  ( -0.3716495146639740000, 1.188663623501164700, 0.4600000000000000200 ) ) ;
#6602 = ORIENTED_EDGE ( 'NONE', *, *, #8673, .T. ) ;
#6603 = LINE ( 'NONE', #5142, #5070 ) ;
#6604 = FACE_OUTER_BOUND ( 'NONE', #5005, .T. ) ;
#6605 =( NAMED_UNIT ( * ) PLANE_ANGLE_UNIT ( ) SI_UNIT ( $, .RADIAN. ) );
#6606 = ORIENTED_EDGE ( 'NONE', *, *, #4328, .F. ) ;
#6607 = FACE_BOUND ( 'NONE', #10235, .T. ) ;
#6608 = B_SPLINE_CURVE_WITH_KNOTS ( 'NONE', 3,
 ( #3937, #2394, #5636, #630 ),
 .UNSPECIFIED., .F., .F.,
 ( 4, 4 ),
 ( 3.000000000000000000, 4.000000000000000000 ),
 .UNSPECIFIED. ) ;
#6609 = CARTESIAN_POINT ( 'NONE',  ( 0.5799932420423104000, 1.110651957333468100, 0.4700000000000000300 ) ) ;
#6610 = PLANE ( 'NONE',  #1341 ) ;
#6611 = EDGE_LOOP ( 'NONE', ( #6651, #5063, #6678, #881 ) ) ;
#6612 = FILL_AREA_STYLE_COLOUR ( '', #1758 ) ;
#6613 = B_SPLINE_SURFACE_WITH_KNOTS ( 'NONE', 3, 1, ( 
 ( #3402, #5820 ),
 ( #9993, #1749 ),
 ( #3997, #1527 ),
 ( #8789, #662 ) ),
 .UNSPECIFIED., .F., .F., .F.,
 ( 4, 4 ),
 ( 2, 2 ),
 ( 4.000000000000000000, 5.000000000000000000 ),
 ( 0.0000000000000000000, 1.000000000000000000 ),
 .UNSPECIFIED. ) ;
#6614 = VECTOR ( 'NONE', #4083, 1000.000000000000000 ) ;
#6615 = ORIENTED_EDGE ( 'NONE', *, *, #5735, .T. ) ;
#6616 = VECTOR ( 'NONE', #6018, 999.9999999999998900 ) ;
#6617 = ORIENTED_EDGE ( 'NONE', *, *, #3126, .T. ) ;
#6618 = CARTESIAN_POINT ( 'NONE',  ( -0.3716495146639740000, 1.155872733333290100, 0.4600000000000000200 ) ) ;
#6619 = ORIENTED_EDGE ( 'NONE', *, *, #7735, .F. ) ;
#6620 = STYLED_ITEM ( 'NONE', ( #6093 ), #6445 ) ;
#6621 = DIRECTION ( 'NONE',  ( 0.0000000000000000000, 0.0000000000000000000, 1.000000000000000000 ) ) ;
#6622 = ADVANCED_FACE ( 'NONE', ( #8913 ), #7375, .F. ) ;
#6623 = CARTESIAN_POINT ( 'NONE',  ( -0.1322759945521322100, 1.141116870284340200, 0.4700000000000000300 ) ) ;
#6624 = CARTESIAN_POINT ( 'NONE',  ( 0.1249999999999998900, -1.500999999999999900, 0.1000000000000000100 ) ) ;
#6625 = COLOUR_RGB ( '',0.2980392156862745100, 0.2980392156862745100, 0.2980392156862745100 ) ;
#6626 = EDGE_LOOP ( 'NONE', ( #648, #7269, #7079, #3918 ) ) ;
#6627 = EDGE_CURVE ( 'NONE', #2076, #4224, #7389, .T. ) ;
#6628 = VERTEX_POINT ( 'NONE', #10493 ) ;
#6629 = ORIENTED_EDGE ( 'NONE', *, *, #6540, .F. ) ;
#6630 = CARTESIAN_POINT ( 'NONE',  ( -0.6250000000000001100, 1.101000000000000000, 0.0000000000000000000 ) ) ;
#6631 = CARTESIAN_POINT ( 'NONE',  ( 0.4395227662542640600, 1.142954861543203500, 0.4600000000000000200 ) ) ;
#6632 = CARTESIAN_POINT ( 'NONE',  ( 0.4356027970391914700, 1.306768311905006900, 0.4700000000000000300 ) ) ;
#6633 = CARTESIAN_POINT ( 'NONE',  ( 0.5616607544331838600, 1.340073313508533900, 0.4600000000000000200 ) ) ;
#6634 = CARTESIAN_POINT ( 'NONE',  ( 0.6992723053045858400, 1.174019880737444500, 0.4600000000000000200 ) ) ;
#6635 = B_SPLINE_CURVE_WITH_KNOTS ( 'NONE', 3,
 ( #4921, #6430, #5634, #5741 ),
 .UNSPECIFIED., .F., .F.,
 ( 4, 4 ),
 ( 2.000000000000000000, 3.000000000000000000 ),
 .UNSPECIFIED. ) ;
#6636 = UNCERTAINTY_MEASURE_WITH_UNIT (LENGTH_MEASURE( 1.000000000000000100E-005 ), #5495, 'distance_accuracy_value', 'NONE');
#6637 = CARTESIAN_POINT ( 'NONE',  ( -0.8750000000000001100, -1.500999999999999900, 0.1000000000000000100 ) ) ;
#6638 = LINE ( 'NONE', #5915, #4981 ) ;
#6639 = CARTESIAN_POINT ( 'NONE',  ( 0.5081664376996565300, 1.079174309800470200, 0.4700000000000000300 ) ) ;
#6640 = ORIENTED_EDGE ( 'NONE', *, *, #2114, .T. ) ;
#6641 = DIRECTION ( 'NONE',  ( -0.0000000000000000000, 1.000000000000000000, -0.0000000000000000000 ) ) ;
#6642 = PLANE ( 'NONE',  #6956 ) ;
#6643 = B_SPLINE_SURFACE_WITH_KNOTS ( 'NONE', 3, 1, ( 
 ( #6194, #3735 ),
 ( #6153, #5328 ),
 ( #7039, #9418 ),
 ( #7004, #8694 ) ),
 .UNSPECIFIED., .F., .F., .F.,
 ( 4, 4 ),
 ( 2, 2 ),
 ( 12.00000000000000000, 13.00000000000000000 ),
 ( 0.0000000000000000000, 1.000000000000000000 ),
 .UNSPECIFIED. ) ;
#6644 = CARTESIAN_POINT ( 'NONE',  ( 0.2606778549914503000, 1.356932128478890400, 0.4600000000000000200 ) ) ;
#6645 = CARTESIAN_POINT ( 'NONE',  ( -0.8750000000000001100, 1.500999999999999900, -0.04000000000000000100 ) ) ;
#6646 = CARTESIAN_POINT ( 'NONE',  ( 0.4768361574306017600, 1.293564205074917700, 0.4700000000000000300 ) ) ;
#6647 = VECTOR ( 'NONE', #4676, 1000.000000000000000 ) ;
#6648 = CARTESIAN_POINT ( 'NONE',  ( 0.7253857844376375700, 1.074871185699745300, 0.4600000000000000200 ) ) ;
#6649 = EDGE_CURVE ( 'NONE', #690, #5399, #9287, .T. ) ;
#6650 = VERTEX_POINT ( 'NONE', #5566 ) ;
#6651 = ORIENTED_EDGE ( 'NONE', *, *, #6097, .T. ) ;
#6652 = ADVANCED_FACE ( 'NONE', ( #5323 ), #7298, .T. ) ;
#6653 = B_SPLINE_SURFACE_WITH_KNOTS ( 'NONE', 3, 1, ( 
 ( #5772, #1649 ),
 ( #9036, #2428 ),
 ( #10603, #7440 ),
 ( #5675, #9804 ) ),
 .UNSPECIFIED., .F., .F., .F.,
 ( 4, 4 ),
 ( 2, 2 ),
 ( 3.000000000000000000, 4.000000000000000000 ),
 ( 0.0000000000000000000, 1.000000000000000000 ),
 .UNSPECIFIED. ) ;
#6654 = CARTESIAN_POINT ( 'NONE',  ( 0.6565063253701535200, 1.342195402106187500, 0.4700000000000000300 ) ) ;
#6655 = VERTEX_POINT ( 'NONE', #9722 ) ;
#6656 = CARTESIAN_POINT ( 'NONE',  ( 0.3168542559253426600, 1.330582861724137300, 0.4600000000000000200 ) ) ;
#6657 = VERTEX_POINT ( 'NONE', #2488 ) ;
#6658 = VECTOR ( 'NONE', #4796, 1000.000000000000000 ) ;
#6659 = CARTESIAN_POINT ( 'NONE',  ( -0.1937589136159163500, 1.168989123799456100, 0.4700000000000000300 ) ) ;
#6660 = VERTEX_POINT ( 'NONE', #9941 ) ;
#6661 = STYLED_ITEM ( 'NONE', ( #1730 ), #6997 ) ;
#6662 = B_SPLINE_SURFACE_WITH_KNOTS ( 'NONE', 3, 1, ( 
 ( #5093, #10036 ),
 ( #8481, #3626 ),
 ( #9313, #10150 ),
 ( #167, #5875 ) ),
 .UNSPECIFIED., .F., .F., .F.,
 ( 4, 4 ),
 ( 2, 2 ),
 ( 3.000000000000000000, 4.000000000000000000 ),
 ( 0.0000000000000000000, 1.000000000000000000 ),
 .UNSPECIFIED. ) ;
#6663 = EDGE_CURVE ( 'NONE', #4425, #10163, #10070, .T. ) ;
#6664 = ORIENTED_EDGE ( 'NONE', *, *, #2437, .T. ) ;
#6665 = AXIS2_PLACEMENT_3D ( 'NONE', #9694, #702, #3084 ) ;
#6666 = AXIS2_PLACEMENT_3D ( 'NONE', #2785, #8464, #2750 ) ;
#6667 = ORIENTED_EDGE ( 'NONE', *, *, #6054, .F. ) ;
#6668 = FACE_OUTER_BOUND ( 'NONE', #9100, .T. ) ;
#6669 = CARTESIAN_POINT ( 'NONE',  ( 0.3307067787158941000, 1.273227522680567200, 0.4700000000000000300 ) ) ;
#6670 = VERTEX_POINT ( 'NONE', #4993 ) ;
#6671 = CARTESIAN_POINT ( 'NONE',  ( 0.3877968566850573700, 1.111713001631901500, 0.4600000000000000200 ) ) ;
#6672 = EDGE_CURVE ( 'NONE', #6148, #409, #9032, .T. ) ;
#6673 = DIRECTION ( 'NONE',  ( 1.000000000000000000, -0.0000000000000000000, -0.0000000000000000000 ) ) ;
#6674 = MECHANICAL_DESIGN_GEOMETRIC_PRESENTATION_REPRESENTATION (  '', ( #9625 ), #1061 ) ;
#6675 = VERTEX_POINT ( 'NONE', #7403 ) ;
#6676 = ORIENTED_EDGE ( 'NONE', *, *, #5789, .F. ) ;
#6677 = FILL_AREA_STYLE_COLOUR ( '', #833 ) ;
#6678 = ORIENTED_EDGE ( 'NONE', *, *, #5256, .F. ) ;
#6679 = EDGE_CURVE ( 'NONE', #8257, #2076, #834, .T. ) ;
#6680 = VECTOR ( 'NONE', #1170, 1000.000000000000000 ) ;
#6681 = CARTESIAN_POINT ( 'NONE',  ( 0.7500000000000000000, -0.7500000000000000000, -0.02000000000000000000 ) ) ;
#6682 = CARTESIAN_POINT ( 'NONE',  ( -0.1552296270508055900, 1.376391463649890800, 0.4600000000000000200 ) ) ;
#6683 = B_SPLINE_CURVE_WITH_KNOTS ( 'NONE', 3,
 ( #9377, #2798, #449, #9339 ),
 .UNSPECIFIED., .F., .F.,
 ( 4, 4 ),
 ( 5.000000000000000000, 6.000000000000000000 ),
 .UNSPECIFIED. ) ;
#6684 =( NAMED_UNIT ( * ) SI_UNIT ( $, .STERADIAN. ) SOLID_ANGLE_UNIT ( ) );
#6685 = B_SPLINE_SURFACE_WITH_KNOTS ( 'NONE', 3, 1, ( 
 ( #6427, #7297 ),
 ( #3044, #1583 ),
 ( #1520, #10562 ),
 ( #5532, #5564 ) ),
 .UNSPECIFIED., .F., .F., .F.,
 ( 4, 4 ),
 ( 2, 2 ),
 ( 7.000000000000000000, 8.000000000000000000 ),
 ( 0.0000000000000000000, 1.000000000000000000 ),
 .UNSPECIFIED. ) ;
#6686 = CARTESIAN_POINT ( 'NONE',  ( 0.7144806069214740800, 1.149910596391190200, 0.4700000000000000300 ) ) ;
#6687 = ORIENTED_EDGE ( 'NONE', *, *, #737, .F. ) ;
#6688 = CARTESIAN_POINT ( 'NONE',  ( 0.5193958231964401800, 1.254777141261381100, 0.4600000000000000200 ) ) ;
#6689 = CARTESIAN_POINT ( 'NONE',  ( 0.3378098808278375300, 1.127864453737160700, 0.4700000000000000300 ) ) ;
#6690 = PLANE ( 'NONE',  #8056 ) ;
#6691 = VERTEX_POINT ( 'NONE', #8233 ) ;
#6692 = EDGE_LOOP ( 'NONE', ( #7605, #366, #7900, #8634 ) ) ;
#6693 = EDGE_CURVE ( 'NONE', #6828, #5831, #1397, .T. ) ;
#6694 = CARTESIAN_POINT ( 'NONE',  ( 0.8247113201916155300, 1.090256328032908100, 0.4700000000000000300 ) ) ;
#6695 = ORIENTED_EDGE ( 'NONE', *, *, #5346, .T. ) ;
#6696 = CARTESIAN_POINT ( 'NONE',  ( 0.6583042059879709000, 1.334119676053556500, 0.4700000000000000300 ) ) ;
#6697 = EDGE_CURVE ( 'NONE', #6628, #2989, #8656, .T. ) ;
#6698 = CARTESIAN_POINT ( 'NONE',  ( 0.3733548648394733900, 1.092142629008860900, 0.4600000000000000200 ) ) ;
#6699 = CARTESIAN_POINT ( 'NONE',  ( 0.5799932420423163900, 1.160756827001928200, 0.4700000000000000300 ) ) ;
#6700 = CARTESIAN_POINT ( 'NONE',  ( 0.3287025839294849800, 1.063258645317694200, 0.4700000000000000300 ) ) ;
#6701 = ORIENTED_EDGE ( 'NONE', *, *, #5386, .F. ) ;
#6702 = LINE ( 'NONE', #7209, #8110 ) ;
#6703 = UNCERTAINTY_MEASURE_WITH_UNIT (LENGTH_MEASURE( 1.000000000000000100E-005 ), #821, 'distance_accuracy_value', 'NONE');
#6704 = B_SPLINE_SURFACE_WITH_KNOTS ( 'NONE', 3, 1, ( 
 ( #9759, #2584 ),
 ( #9170, #1846 ),
 ( #1774, #3551 ),
 ( #3401, #994 ) ),
 .UNSPECIFIED., .F., .F., .F.,
 ( 4, 4 ),
 ( 2, 2 ),
 ( 2.000000000000000000, 3.000000000000000000 ),
 ( 0.0000000000000000000, 1.000000000000000000 ),
 .UNSPECIFIED. ) ;
#6705 = VERTEX_POINT ( 'NONE', #4959 ) ;
#6706 = VECTOR ( 'NONE', #7659, 1000.000000000000000 ) ;
#6707 = CARTESIAN_POINT ( 'NONE',  ( 0.4816698036809432000, 1.032311519934303100, 0.4700000000000000300 ) ) ;
#6708 = ADVANCED_FACE ( 'NONE', ( #6226 ), #8301, .F. ) ;
#6709 = DIRECTION ( 'NONE',  ( -1.000000000000000000, -0.0000000000000000000, -0.0000000000000000000 ) ) ;
#6710 = CARTESIAN_POINT ( 'NONE',  ( 0.4356027970391890800, 1.343669074743377000, 0.4600000000000000200 ) ) ;
#6711 = FILL_AREA_STYLE ('',( #8261 ) ) ;
#6712 = ORIENTED_EDGE ( 'NONE', *, *, #2393, .F. ) ;
#6713 = FILL_AREA_STYLE ('',( #6598 ) ) ;
#6714 = SURFACE_STYLE_FILL_AREA ( #78 ) ;
#6715 = B_SPLINE_CURVE_WITH_KNOTS ( 'NONE', 3,
 ( #7301, #4960, #9866, #2458 ),
 .UNSPECIFIED., .F., .F.,
 ( 4, 4 ),
 ( 2.000000000000000000, 3.000000000000000000 ),
 .UNSPECIFIED. ) ;
#6716 = SURFACE_STYLE_FILL_AREA ( #1165 ) ;
#6717 = DIRECTION ( 'NONE',  ( -1.000000000000000000, 0.0000000000000000000, 0.0000000000000000000 ) ) ;
#6718 = VECTOR ( 'NONE', #551, 1000.000000000000000 ) ;
#6719 = ORIENTED_EDGE ( 'NONE', *, *, #5767, .T. ) ;
#6720 = VECTOR ( 'NONE', #2408, 1000.000000000000000 ) ;
#6721 = EDGE_CURVE ( 'NONE', #5803, #6264, #4090, .T. ) ;
#6722 = CARTESIAN_POINT ( 'NONE',  ( 0.6212266024333380500, 1.123856064163558400, 0.4700000000000000300 ) ) ;
#6723 = CARTESIAN_POINT ( 'NONE',  ( -0.08554898544544557700, 1.387868275012904300, 0.4600000000000000200 ) ) ;
#6724 = SURFACE_STYLE_USAGE ( .BOTH. , #6766 ) ;
#6725 = ORIENTED_EDGE ( 'NONE', *, *, #5674, .F. ) ;
#6726 = CARTESIAN_POINT ( 'NONE',  ( -0.1250000000000001100, 1.500999999999999900, -0.04000000000000000100 ) ) ;
#6727 = DIRECTION ( 'NONE',  ( 1.000000000000000000, -0.0000000000000000000, -0.0000000000000000000 ) ) ;
#6728 = CARTESIAN_POINT ( 'NONE',  ( 0.4395227662542640600, 1.142954861543203500, 0.4700000000000000300 ) ) ;
#6729 = LINE ( 'NONE', #3889, #1384 ) ;
#6730 = VERTEX_POINT ( 'NONE', #890 ) ;
#6731 = B_SPLINE_SURFACE_WITH_KNOTS ( 'NONE', 3, 1, ( 
 ( #6623, #3356 ),
 ( #1665, #985 ),
 ( #7534, #950 ),
 ( #6659, #5057 ) ),
 .UNSPECIFIED., .F., .F., .F.,
 ( 4, 4 ),
 ( 2, 2 ),
 ( 15.00000000000000000, 16.00000000000000000 ),
 ( 0.0000000000000000000, 1.000000000000000000 ),
 .UNSPECIFIED. ) ;
#6732 = ORIENTED_EDGE ( 'NONE', *, *, #7098, .F. ) ;
#6733 = EDGE_CURVE ( 'NONE', #3404, #8255, #10348, .T. ) ;
#6734 = PLANE ( 'NONE',  #8049 ) ;
#6735 =( GEOMETRIC_REPRESENTATION_CONTEXT ( 3 ) GLOBAL_UNCERTAINTY_ASSIGNED_CONTEXT ( ( #6989 ) ) GLOBAL_UNIT_ASSIGNED_CONTEXT ( ( #6168, #8607, #3672 ) ) REPRESENTATION_CONTEXT ( 'NONE', 'WORKASPACE' ) );
#6736 = CARTESIAN_POINT ( 'NONE',  ( 0.6244981556883441000, 1.160756827001928200, 0.4600000000000000200 ) ) ;
#6737 = DIRECTION ( 'NONE',  ( -1.000000000000000000, -0.0000000000000000000, -0.0000000000000000000 ) ) ;
#6738 = CARTESIAN_POINT ( 'NONE',  ( 0.4598889221017227700, 1.067620716324631400, 0.4600000000000000200 ) ) ;
#6739 = CARTESIAN_POINT ( 'NONE',  ( 0.3019112153832579900, 1.123856064163555800, 0.4700000000000000300 ) ) ;
#6740 = FACE_OUTER_BOUND ( 'NONE', #7037, .T. ) ;
#6741 = LINE ( 'NONE', #3171, #5452 ) ;
#6742 = ORIENTED_EDGE ( 'NONE', *, *, #8053, .T. ) ;
#6743 = LINE ( 'NONE', #8822, #3832 ) ;
#6744 = EDGE_CURVE ( 'NONE', #1483, #681, #4278, .T. ) ;
#6745 = B_SPLINE_SURFACE_WITH_KNOTS ( 'NONE', 3, 1, ( 
 ( #4824, #10560 ),
 ( #9796, #1580 ),
 ( #2421, #6393 ),
 ( #10491, #10523 ) ),
 .UNSPECIFIED., .F., .F., .F.,
 ( 4, 4 ),
 ( 2, 2 ),
 ( 3.000000000000000000, 4.000000000000000000 ),
 ( 0.0000000000000000000, 1.000000000000000000 ),
 .UNSPECIFIED. ) ;
#6746 = STYLED_ITEM ( 'NONE', ( #8390 ), #9319 ) ;
#6747 = VERTEX_POINT ( 'NONE', #6671 ) ;
#6748 = FILL_AREA_STYLE_COLOUR ( '', #367 ) ;
#6749 = EDGE_CURVE ( 'NONE', #178, #8754, #1620, .T. ) ;
#6750 = AXIS2_PLACEMENT_3D ( 'NONE', #4611, #2190, #4643 ) ;
#6751 = PLANE ( 'NONE',  #4318 ) ;
#6752 = CARTESIAN_POINT ( 'NONE',  ( -0.3331201968270273200, 1.282117649532498000, 0.4600000000000000200 ) ) ;
#6753 = DIRECTION ( 'NONE',  ( -1.000000000000000000, -0.0000000000000000000, -0.0000000000000000000 ) ) ;
#6754 = CARTESIAN_POINT ( 'NONE',  ( 0.4267312877625429300, 1.128159188264286700, 0.4600000000000000200 ) ) ;
#6755 = CARTESIAN_POINT ( 'NONE',  ( 0.6271212929828849900, 1.058719733595268900, 0.4600000000000000200 ) ) ;
#6756 = EDGE_CURVE ( 'NONE', #6331, #4461, #3227, .T. ) ;
#6757 = FACE_OUTER_BOUND ( 'NONE', #8876, .T. ) ;
#6758 = ORIENTED_EDGE ( 'NONE', *, *, #2769, .T. ) ;
#6759 = LINE ( 'NONE', #2912, #10476 ) ;
#6760 = ADVANCED_FACE ( 'NONE', ( #9165 ), #5740, .F. ) ;
#6761 = CARTESIAN_POINT ( 'NONE',  ( 0.0000000000000000000, 0.0000000000000000000, 0.4600000000000000200 ) ) ;
#6762 = ORIENTED_EDGE ( 'NONE', *, *, #1175, .F. ) ;
#6763 = CARTESIAN_POINT ( 'NONE',  ( 0.4481584879088261200, 1.072277521857909000, 0.4700000000000000300 ) ) ;
#6764 = CARTESIAN_POINT ( 'NONE',  ( 0.4791645601976386400, 1.019932669780945400, 0.4600000000000000200 ) ) ;
#6765 = B_SPLINE_CURVE_WITH_KNOTS ( 'NONE', 3,
 ( #10154, #5243, #10266, #10116 ),
 .UNSPECIFIED., .F., .F.,
 ( 4, 4 ),
 ( 4.000000000000000000, 5.000000000000000000 ),
 .UNSPECIFIED. ) ;
#6766 = SURFACE_SIDE_STYLE ('',( #10112 ) ) ;
#6767 = COLOUR_RGB ( '',0.6666666666666666300, 0.6666666666666666300, 0.6666666666666666300 ) ;
#6768 = ORIENTED_EDGE ( 'NONE', *, *, #2973, .F. ) ;
#6769 = CARTESIAN_POINT ( 'NONE',  ( -0.1250000000000001100, -1.500000000000000000, 0.1000000000000000100 ) ) ;
#6770 = ORIENTED_EDGE ( 'NONE', *, *, #9079, .T. ) ;
#6771 = EDGE_CURVE ( 'NONE', #4336, #2086, #470, .T. ) ;
#6772 = ORIENTED_EDGE ( 'NONE', *, *, #3969, .F. ) ;
#6773 = ADVANCED_FACE ( 'NONE', ( #8377 ), #285, .F. ) ;
#6774 = AXIS2_PLACEMENT_3D ( 'NONE', #1820, #8383, #9177 ) ;
#6775 = DIRECTION ( 'NONE',  ( -0.0000000000000000000, -0.0000000000000000000, -1.000000000000000000 ) ) ;
#6776 = CARTESIAN_POINT ( 'NONE',  ( 0.03413775115660203800, 1.236210407989039900, 0.4600000000000000200 ) ) ;
#6777 = ORIENTED_EDGE ( 'NONE', *, *, #2162, .T. ) ;
#6778 = COLOUR_RGB ( '',0.4980392156862745200, 0.4980392156862745200, 0.4980392156862745200 ) ;
#6779 = VERTEX_POINT ( 'NONE', #213 ) ;
#6780 = CARTESIAN_POINT ( 'NONE',  ( 0.6637862681987661800, 1.071864893519937300, 0.4600000000000000200 ) ) ;
#6781 = CARTESIAN_POINT ( 'NONE',  ( 0.2606778549914503000, 1.160756827001924200, 0.4600000000000000200 ) ) ;
#6782 = DIRECTION ( 'NONE',  ( -0.0000000000000000000, -0.0000000000000000000, -1.000000000000000000 ) ) ;
#6783 = B_SPLINE_SURFACE_WITH_KNOTS ( 'NONE', 3, 1, ( 
 ( #158, #309 ),
 ( #5122, #1910 ),
 ( #5941, #7705 ),
 ( #2725, #348 ) ),
 .UNSPECIFIED., .F., .F., .F.,
 ( 4, 4 ),
 ( 2, 2 ),
 ( 0.0000000000000000000, 1.000000000000000000 ),
 ( 0.0000000000000000000, 1.000000000000000000 ),
 .UNSPECIFIED. ) ;
#6784 = UNCERTAINTY_MEASURE_WITH_UNIT (LENGTH_MEASURE( 1.000000000000000100E-005 ), #1234, 'distance_accuracy_value', 'NONE');
#6785 = EDGE_CURVE ( 'NONE', #8979, #4344, #1252, .T. ) ;
#6786 = VECTOR ( 'NONE', #1248, 1000.000000000000000 ) ;
#6787 = SURFACE_SIDE_STYLE ('',( #8045 ) ) ;
#6788 = VERTEX_POINT ( 'NONE', #1918 ) ;
#6789 = CARTESIAN_POINT ( 'NONE',  ( -0.2708175023820599300, 1.114884151896459800, 0.4700000000000000300 ) ) ;
#6790 = DIRECTION ( 'NONE',  ( -0.0000000000000000000, -0.0000000000000000000, -1.000000000000000000 ) ) ;
#6791 = B_SPLINE_SURFACE_WITH_KNOTS ( 'NONE', 3, 1, ( 
 ( #8442, #10105 ),
 ( #5194, #1142 ),
 ( #6862, #531 ),
 ( #6234, #8633 ),
 ( #5363, #2913 ),
 ( #3660, #1327 ),
 ( #4571, #6121 ) ),
 .UNSPECIFIED., .F., .F., .F.,
 ( 4, 3, 4 ),
 ( 2, 2 ),
 ( 0.0000000000000000000, 1.000000000000000000, 2.000000000000000000 ),
 ( 0.0000000000000000000, 1.000000000000000000 ),
 .UNSPECIFIED. ) ;
#6792 = PLANE ( 'NONE',  #7985 ) ;
#6793 = CARTESIAN_POINT ( 'NONE',  ( 0.5121748272732571400, 1.046281936536485900, 0.4700000000000000300 ) ) ;
#6794 = B_SPLINE_CURVE_WITH_KNOTS ( 'NONE', 3,
 ( #5857, #6689, #9222, #1786 ),
 .UNSPECIFIED., .F., .F.,
 ( 4, 4 ),
 ( 12.00000000000000000, 13.00000000000000000 ),
 .UNSPECIFIED. ) ;
#6795 = CARTESIAN_POINT ( 'NONE',  ( 0.3514855629021116400, 1.068622813717637500, 0.4700000000000000300 ) ) ;
#6796 = LINE ( 'NONE', #8250, #3877 ) ;
#6797 = ORIENTED_EDGE ( 'NONE', *, *, #2779, .T. ) ;
#6798 = ADVANCED_FACE ( 'NONE', ( #9940 ), #315, .T. ) ;
#6799 = VECTOR ( 'NONE', #5668, 1000.000000000000000 ) ;
#6800 = EDGE_LOOP ( 'NONE', ( #3136, #3231 ) ) ;
#6801 = DIRECTION ( 'NONE',  ( -0.0000000000000000000, -0.0000000000000000000, -1.000000000000000000 ) ) ;
#6802 = DIRECTION ( 'NONE',  ( 0.3315284183576245300, 0.9434452330799556500, -0.0000000000000000000 ) ) ;
#6803 = CARTESIAN_POINT ( 'NONE',  ( 0.4424701115290429800, 1.068563866812215300, 0.4700000000000000300 ) ) ;
#6804 = CARTESIAN_POINT ( 'NONE',  ( 0.3976409899023887800, 1.260671831810934500, 0.4700000000000000300 ) ) ;
#6805 = CARTESIAN_POINT ( 'NONE',  ( 0.1505454175049576700, 1.222274273413523200, 0.4700000000000000300 ) ) ;
#6806 = CARTESIAN_POINT ( 'NONE',  ( -0.3331201968270273200, 1.282117649532498000, 0.4700000000000000300 ) ) ;
#6807 = EDGE_CURVE ( 'NONE', #7000, #6035, #7771, .T. ) ;
#6808 = CARTESIAN_POINT ( 'NONE',  ( 0.02348071810660487200, 1.293594465781640100, 0.4600000000000000200 ) ) ;
#6809 = ORIENTED_EDGE ( 'NONE', *, *, #7098, .T. ) ;
#6810 = FACE_OUTER_BOUND ( 'NONE', #7994, .T. ) ;
#6811 = STYLED_ITEM ( 'NONE', ( #5825 ), #1872 ) ;
#6812 = ORIENTED_EDGE ( 'NONE', *, *, #6744, .F. ) ;
#6813 = VECTOR ( 'NONE', #6848, 1000.000000000000000 ) ;
#6814 =( GEOMETRIC_REPRESENTATION_CONTEXT ( 3 ) GLOBAL_UNCERTAINTY_ASSIGNED_CONTEXT ( ( #3798 ) ) GLOBAL_UNIT_ASSIGNED_CONTEXT ( ( #5359, #9560, #4706 ) ) REPRESENTATION_CONTEXT ( 'NONE', 'WORKASPACE' ) );
#6815 =( GEOMETRIC_REPRESENTATION_CONTEXT ( 3 ) GLOBAL_UNCERTAINTY_ASSIGNED_CONTEXT ( ( #221 ) ) GLOBAL_UNIT_ASSIGNED_CONTEXT ( ( #3128, #9185, #1167 ) ) REPRESENTATION_CONTEXT ( 'NONE', 'WORKASPACE' ) );
#6816 = DIRECTION ( 'NONE',  ( 1.000000000000000000, 0.0000000000000000000, 0.0000000000000000000 ) ) ;
#6817 = DIRECTION ( 'NONE',  ( 0.0000000000000000000, 0.0000000000000000000, 1.000000000000000000 ) ) ;
#6818 = VERTEX_POINT ( 'NONE', #2735 ) ;
#6819 = PLANE ( 'NONE',  #714 ) ;
#6820 = CARTESIAN_POINT ( 'NONE',  ( 0.3404624915750940100, 1.072336468763329400, 0.4700000000000000300 ) ) ;
#6821 = CARTESIAN_POINT ( 'NONE',  ( 0.4629836346400604800, 1.081119557681841800, 0.4600000000000000200 ) ) ;
#6822 =( LENGTH_UNIT ( ) NAMED_UNIT ( * ) SI_UNIT ( .MILLI., .METRE. ) );
#6823 = LINE ( 'NONE', #6781, #5269 ) ;
#6824 = EDGE_CURVE ( 'NONE', #9263, #8969, #4145, .T. ) ;
#6825 = B_SPLINE_SURFACE_WITH_KNOTS ( 'NONE', 3, 1, ( 
 ( #5361, #7073 ),
 ( #3762, #2159 ),
 ( #2871, #488 ),
 ( #5265, #2020 ) ),
 .UNSPECIFIED., .F., .F., .F.,
 ( 4, 4 ),
 ( 2, 2 ),
 ( 24.00000000000000000, 25.00000000000000000 ),
 ( 0.0000000000000000000, 1.000000000000000000 ),
 .UNSPECIFIED. ) ;
#6826 = ORIENTED_EDGE ( 'NONE', *, *, #6182, .F. ) ;
#6827 = AXIS2_PLACEMENT_3D ( 'NONE', #8136, #5623, #7328 ) ;
#6828 = VERTEX_POINT ( 'NONE', #9241 ) ;
#6829 = CARTESIAN_POINT ( 'NONE',  ( 0.4882718570963850400, 1.032311519934303100, 0.4600000000000000200 ) ) ;
#6830 = VERTEX_POINT ( 'NONE', #3515 ) ;
#6831 = ADVANCED_FACE ( 'NONE', ( #4080 ), #6792, .F. ) ;
#6832 = CARTESIAN_POINT ( 'NONE',  ( 0.6249999999999998900, 1.101000000000000000, -0.04000000000000000100 ) ) ;
#6833 = B_SPLINE_SURFACE_WITH_KNOTS ( 'NONE', 3, 1, ( 
 ( #132, #7584 ),
 ( #10012, #5845 ),
 ( #1003, #216 ),
 ( #5918, #7802 ) ),
 .UNSPECIFIED., .F., .F., .F.,
 ( 4, 4 ),
 ( 2, 2 ),
 ( 0.0000000000000000000, 1.000000000000000000 ),
 ( 0.0000000000000000000, 1.000000000000000000 ),
 .UNSPECIFIED. ) ;
#6834 = CARTESIAN_POINT ( 'NONE',  ( 0.3078059059324215200, 1.058719733595267600, 0.4700000000000000300 ) ) ;
#6835 = LINE ( 'NONE', #4751, #4043 ) ;
#6836 = CARTESIAN_POINT ( 'NONE',  ( 0.3976409899023887800, 1.260671831810934500, 0.4600000000000000200 ) ) ;
#6837 = FACE_OUTER_BOUND ( 'NONE', #9884, .T. ) ;
#6838 = DIRECTION ( 'NONE',  ( -0.0000000000000000000, -0.0000000000000000000, -1.000000000000000000 ) ) ;
#6839 = CARTESIAN_POINT ( 'NONE',  ( -0.3372190815516871200, 1.099308466557788400, 0.4700000000000000300 ) ) ;
#6840 =( NAMED_UNIT ( * ) PLANE_ANGLE_UNIT ( ) SI_UNIT ( $, .RADIAN. ) );
#6841 = VERTEX_POINT ( 'NONE', #8405 ) ;
#6842 = LINE ( 'NONE', #9098, #5282 ) ;
#6843 = EDGE_CURVE ( 'NONE', #3029, #10088, #5696, .T. ) ;
#6844 = ORIENTED_EDGE ( 'NONE', *, *, #7685, .T. ) ;
#6845 = CARTESIAN_POINT ( 'NONE',  ( 0.4147355924948414300, 1.071216477559473200, 0.4600000000000000200 ) ) ;
#6846 = CARTESIAN_POINT ( 'NONE',  ( -0.2068752728098586000, 1.267361794301509600, 0.4600000000000000200 ) ) ;
#6847 = B_SPLINE_CURVE_WITH_KNOTS ( 'NONE', 3,
 ( #10073, #6669, #5877, #1109 ),
 .UNSPECIFIED., .F., .F.,
 ( 4, 4 ),
 ( 10.00000000000000000, 11.00000000000000000 ),
 .UNSPECIFIED. ) ;
#6848 = DIRECTION ( 'NONE',  ( -0.0000000000000000000, 1.000000000000000000, -0.0000000000000000000 ) ) ;
#6849 = DIRECTION ( 'NONE',  ( -1.000000000000000000, -0.0000000000000000000, -0.0000000000000000000 ) ) ;
#6850 = DIRECTION ( 'NONE',  ( -1.000000000000000000, -0.0000000000000000000, -0.0000000000000000000 ) ) ;
#6851 = DIRECTION ( 'NONE',  ( -0.0000000000000000000, -0.0000000000000000000, 1.000000000000000000 ) ) ;
#6852 = ORIENTED_EDGE ( 'NONE', *, *, #9724, .T. ) ;
#6853 = LINE ( 'NONE', #3455, #8632 ) ;
#6854 = CARTESIAN_POINT ( 'NONE',  ( 0.3471529653482771100, 1.341193304712389600, 0.4700000000000000300 ) ) ;
#6855 =( GEOMETRIC_REPRESENTATION_CONTEXT ( 3 ) GLOBAL_UNCERTAINTY_ASSIGNED_CONTEXT ( ( #9667 ) ) GLOBAL_UNIT_ASSIGNED_CONTEXT ( ( #3934, #557, #3824 ) ) REPRESENTATION_CONTEXT ( 'NONE', 'WORKASPACE' ) );
#6856 = VERTEX_POINT ( 'NONE', #3468 ) ;
#6857 = LINE ( 'NONE', #874, #5552 ) ;
#6858 = DIRECTION ( 'NONE',  ( 0.0000000000000000000, -0.0000000000000000000, -1.000000000000000000 ) ) ;
#6859 = CARTESIAN_POINT ( 'NONE',  ( 0.7814148181083631100, 1.103283594146726700, 0.4700000000000000300 ) ) ;
#6860 = PLANE ( 'NONE',  #535 ) ;
#6861 = EDGE_LOOP ( 'NONE', ( #4274, #1978, #5613, #7537 ) ) ;
#6862 = CARTESIAN_POINT ( 'NONE',  ( -0.1626075898475035600, 1.068157095881235200, 0.4700000000000000300 ) ) ;
#6863 = CARTESIAN_POINT ( 'NONE',  ( 0.7271247181492411800, 1.117430851465182700, 0.4600000000000000200 ) ) ;
#6864 = ORIENTED_EDGE ( 'NONE', *, *, #9635, .F. ) ;
#6865 = AXIS2_PLACEMENT_3D ( 'NONE', #8391, #3526, #400 ) ;
#6866 = PLANE ( 'NONE',  #2695 ) ;
#6867 =( NAMED_UNIT ( * ) SI_UNIT ( $, .STERADIAN. ) SOLID_ANGLE_UNIT ( ) );
#6868 = VERTEX_POINT ( 'NONE', #4360 ) ;
#6869 = CARTESIAN_POINT ( 'NONE',  ( 0.4167103138289316400, 1.136411755033188300, 0.4700000000000000300 ) ) ;
#6870 = DIRECTION ( 'NONE',  ( 0.0000000000000000000, 0.0000000000000000000, 1.000000000000000000 ) ) ;
#6871 = VERTEX_POINT ( 'NONE', #1841 ) ;
#6872 = FACE_OUTER_BOUND ( 'NONE', #9204, .T. ) ;
#6873 = EDGE_CURVE ( 'NONE', #4297, #6945, #5743, .T. ) ;
#6874 = CARTESIAN_POINT ( 'NONE',  ( 0.4311228322217993100, 1.068563866812215300, 0.4700000000000000300 ) ) ;
#6875 = VERTEX_POINT ( 'NONE', #1804 ) ;
#6876 = LINE ( 'NONE', #4072, #863 ) ;
#6877 = CARTESIAN_POINT ( 'NONE',  ( 0.1005392912368313900, 1.172268178417227500, 0.4600000000000000200 ) ) ;
#6878 = CARTESIAN_POINT ( 'NONE',  ( 0.3309720397906990600, 1.324039755214123400, 0.4700000000000000300 ) ) ;
#6879 = CARTESIAN_POINT ( 'NONE',  ( 0.5028022693001016300, 1.058896574311546400, 0.4700000000000000300 ) ) ;
#6880 = VERTEX_POINT ( 'NONE', #5089 ) ;
#6881 = CARTESIAN_POINT ( 'NONE',  ( 0.3712917231472451200, 1.079763778855498300, 0.4700000000000000300 ) ) ;
#6882 = PRESENTATION_LAYER_ASSIGNMENT (  '', '', ( #235 ) ) ;
#6883 = CARTESIAN_POINT ( 'NONE',  ( 0.3671654397627940300, 1.075342760943928100, 0.4600000000000000200 ) ) ;
#6884 = ADVANCED_FACE ( 'NONE', ( #10589 ), #6512, .F. ) ;
#6885 = ORIENTED_EDGE ( 'NONE', *, *, #5496, .T. ) ;
#6886 = LINE ( 'NONE', #600, #4214 ) ;
#6887 = EDGE_CURVE ( 'NONE', #1536, #6447, #3956, .T. ) ;
#6888 = CARTESIAN_POINT ( 'NONE',  ( 0.5081664376996565300, 1.079174309800470200, 0.4700000000000000300 ) ) ;
#6889 = DIRECTION ( 'NONE',  ( -0.0000000000000000000, -0.0000000000000000000, -1.000000000000000000 ) ) ;
#6890 = EDGE_LOOP ( 'NONE', ( #3985, #7925, #7055, #9706 ) ) ;
#6891 = PLANE ( 'NONE',  #9814 ) ;
#6892 = CARTESIAN_POINT ( 'NONE',  ( 0.2606778549914534600, 1.110651957333468100, 0.4600000000000000200 ) ) ;
#6893 = CARTESIAN_POINT ( 'NONE',  ( -0.2068752728098586000, 1.267361794301509600, 0.4600000000000000200 ) ) ;
#6894 = CARTESIAN_POINT ( 'NONE',  ( 0.8021346553887618300, 1.152798994760150700, 0.4700000000000000300 ) ) ;
#6895 = LINE ( 'NONE', #8830, #1637 ) ;
#6896 = ORIENTED_EDGE ( 'NONE', *, *, #3108, .F. ) ;
#6897 = EDGE_LOOP ( 'NONE', ( #5760, #1049, #6185, #552 ) ) ;
#6898 = ORIENTED_EDGE ( 'NONE', *, *, #1722, .F. ) ;
#6899 = EDGE_CURVE ( 'NONE', #6434, #5268, #4450, .T. ) ;
#6900 = FILL_AREA_STYLE_COLOUR ( '', #3471 ) ;
#6901 = DIRECTION ( 'NONE',  ( -0.0000000000000000000, -0.0000000000000000000, -1.000000000000000000 ) ) ;
#6902 = CARTESIAN_POINT ( 'NONE',  ( -0.2117939250981358500, 1.053401170288617000, 0.4700000000000000300 ) ) ;
#6903 = CARTESIAN_POINT ( 'NONE',  ( 0.6812050787714428700, 1.160756827001928200, 0.4600000000000000200 ) ) ;
#6904 = DIRECTION ( 'NONE',  ( -0.0000000000000000000, 1.000000000000000000, -0.0000000000000000000 ) ) ;
#6905 = VECTOR ( 'NONE', #3920, 1000.000000000000000 ) ;
#6906 = PLANE ( 'NONE',  #10484 ) ;
#6907 = ORIENTED_EDGE ( 'NONE', *, *, #4191, .F. ) ;
#6908 = COLOUR_RGB ( '',0.6666666666666666300, 0.6666666666666666300, 0.6666666666666666300 ) ;
#6909 = ORIENTED_EDGE ( 'NONE', *, *, #9447, .T. ) ;
#6910 = ADVANCED_FACE ( 'NONE', ( #9423 ), #10000, .F. ) ;
#6911 = ORIENTED_EDGE ( 'NONE', *, *, #8053, .F. ) ;
#6912 = CARTESIAN_POINT ( 'NONE',  ( 0.8529174144696074500, 1.058719733595270100, 0.4700000000000000300 ) ) ;
#6913 = B_SPLINE_CURVE_WITH_KNOTS ( 'NONE', 3,
 ( #2896, #3861, #1270, #6178 ),
 .UNSPECIFIED., .F., .F.,
 ( 4, 4 ),
 ( 3.000000000000000000, 4.000000000000000000 ),
 .UNSPECIFIED. ) ;
#6914 = DIRECTION ( 'NONE',  ( -0.0000000000000000000, -0.0000000000000000000, -1.000000000000000000 ) ) ;
#6915 = CARTESIAN_POINT ( 'NONE',  ( 0.1005392912368313900, 1.207518379092736600, 0.4600000000000000200 ) ) ;
#6916 = CARTESIAN_POINT ( 'NONE',  ( 0.03003888988581057300, 1.236210407989039900, 0.4700000000000000300 ) ) ;
#6917 = DIRECTION ( 'NONE',  ( 0.0000000000000000000, 0.0000000000000000000, -1.000000000000000000 ) ) ;
#6918 = LINE ( 'NONE', #862, #5352 ) ;
#6919 = EDGE_CURVE ( 'NONE', #3107, #9247, #2493, .T. ) ;
#6920 = ORIENTED_EDGE ( 'NONE', *, *, #8717, .T. ) ;
#6921 = DIRECTION ( 'NONE',  ( -0.9345104387417441100, -0.3559357243698827400, 0.0000000000000000000 ) ) ;
#6922 = CARTESIAN_POINT ( 'NONE',  ( -0.1937589136159163500, 1.168989123799456100, 0.4700000000000000300 ) ) ;
#6923 = VERTEX_POINT ( 'NONE', #9162 ) ;
#6924 = FACE_OUTER_BOUND ( 'NONE', #3006, .T. ) ;
#6925 = CARTESIAN_POINT ( 'NONE',  ( 0.4590341919722750700, 1.139300153402147900, 0.4600000000000000200 ) ) ;
#6926 = SURFACE_SIDE_STYLE ('',( #3150 ) ) ;
#6927 = ORIENTED_EDGE ( 'NONE', *, *, #9267, .T. ) ;
#6928 = B_SPLINE_SURFACE_WITH_KNOTS ( 'NONE', 3, 1, ( 
 ( #5914, #1030 ),
 ( #3513, #5951 ),
 ( #8411, #8453 ),
 ( #9352, #7715 ) ),
 .UNSPECIFIED., .F., .F., .F.,
 ( 4, 4 ),
 ( 2, 2 ),
 ( 26.00000000000000000, 27.00000000000000000 ),
 ( 0.0000000000000000000, 1.000000000000000000 ),
 .UNSPECIFIED. ) ;
#6929 = EDGE_CURVE ( 'NONE', #4356, #3820, #2884, .T. ) ;
#6930 = EDGE_LOOP ( 'NONE', ( #9766, #6416, #1859, #4213, #3710, #6588 ) ) ;
#6931 = LINE ( 'NONE', #4718, #7442 ) ;
#6932 = ADVANCED_FACE ( 'NONE', ( #850 ), #8130, .F. ) ;
#6933 = CARTESIAN_POINT ( 'NONE',  ( 0.5786374632159616600, 1.274760142223185800, 0.4600000000000000200 ) ) ;
#6934 = CARTESIAN_POINT ( 'NONE',  ( 0.4536994970250442000, 1.063317592223118800, 0.4600000000000000200 ) ) ;
#6935 = ORIENTED_EDGE ( 'NONE', *, *, #10440, .T. ) ;
#6936 = LINE ( 'NONE', #8820, #3355 ) ;
#6937 = DIRECTION ( 'NONE',  ( -0.0000000000000000000, -0.0000000000000000000, -1.000000000000000000 ) ) ;
#6938 = ORIENTED_EDGE ( 'NONE', *, *, #6474, .T. ) ;
#6939 = EDGE_CURVE ( 'NONE', #4148, #2555, #4194, .T. ) ;
#6940 = CARTESIAN_POINT ( 'NONE',  ( 0.3904494674323110100, 1.357285809912224300, 0.4600000000000000200 ) ) ;
#6941 = DIRECTION ( 'NONE',  ( -1.000000000000000000, -0.0000000000000000000, -0.0000000000000000000 ) ) ;
#6942 = VERTEX_POINT ( 'NONE', #2577 ) ;
#6943 = ORIENTED_EDGE ( 'NONE', *, *, #3274, .F. ) ;
#6944 = VECTOR ( 'NONE', #9606, 1000.000000000000000 ) ;
#6945 = VERTEX_POINT ( 'NONE', #4298 ) ;
#6946 = DIRECTION ( 'NONE',  ( 0.0000000000000000000, -1.000000000000000000, 0.0000000000000000000 ) ) ;
#6947 = CARTESIAN_POINT ( 'NONE',  ( 0.4629836346400604800, 1.081119557681841800, 0.4600000000000000200 ) ) ;
#6948 = ORIENTED_EDGE ( 'NONE', *, *, #5759, .T. ) ;
#6949 = CARTESIAN_POINT ( 'NONE',  ( -0.2593406939504859800, 1.146035506937094700, 0.4700000000000000300 ) ) ;
#6950 = CARTESIAN_POINT ( 'NONE',  ( 0.5785195694043259200, 1.325572374757527600, 0.4700000000000000300 ) ) ;
#6951 = EDGE_LOOP ( 'NONE', ( #1789, #760, #3350, #2464 ) ) ;
#6952 = CARTESIAN_POINT ( 'NONE',  ( -0.3716495146639740000, 1.155872733333290100, 0.4700000000000000300 ) ) ;
#6953 = EDGE_CURVE ( 'NONE', #6942, #3107, #5189, .T. ) ;
#6954 = VERTEX_POINT ( 'NONE', #312 ) ;
#6955 = CARTESIAN_POINT ( 'NONE',  ( -0.3750000000000001100, -1.500999999999999900, 0.1000000000000000100 ) ) ;
#6956 = AXIS2_PLACEMENT_3D ( 'NONE', #4248, #4448, #7621 ) ;
#6957 = LINE ( 'NONE', #9811, #2705 ) ;
#6958 = PRESENTATION_STYLE_ASSIGNMENT (( #3102 ) ) ;
#6959 = EDGE_CURVE ( 'NONE', #1892, #9286, #1587, .T. ) ;
#6960 = AXIS2_PLACEMENT_3D ( 'NONE', #1742, #56, #1815 ) ;
#6961 = CARTESIAN_POINT ( 'NONE',  ( 0.4395227662542640600, 1.056774485713890800, 0.4700000000000000300 ) ) ;
#6962 = EDGE_LOOP ( 'NONE', ( #3346, #8276, #5230, #1047 ) ) ;
#6963 = CARTESIAN_POINT ( 'NONE',  ( 0.6249999999999998900, -1.500999999999999900, 0.1000000000000000100 ) ) ;
#6964 = CARTESIAN_POINT ( 'NONE',  ( 0.4073672293084886200, 1.061608131964231400, 0.4700000000000000300 ) ) ;
#6965 = DIRECTION ( 'NONE',  ( 0.0000000000000000000, -1.000000000000000000, 0.0000000000000000000 ) ) ;
#6966 = CARTESIAN_POINT ( 'NONE',  ( 0.4528742403483075900, 1.129220232563505000, 0.4700000000000000300 ) ) ;
#6967 = CARTESIAN_POINT ( 'NONE',  ( 0.3467992839153355400, 1.131224427350304900, 0.4600000000000000200 ) ) ;
#6968 = VERTEX_POINT ( 'NONE', #1026 ) ;
#6969 = FILL_AREA_STYLE ('',( #1103 ) ) ;
#6970 = EDGE_CURVE ( 'NONE', #7566, #10308, #9278, .T. ) ;
#6971 = B_SPLINE_SURFACE_WITH_KNOTS ( 'NONE', 3, 1, ( 
 ( #1502, #1475 ),
 ( #8092, #4742 ),
 ( #8908, #5583 ),
 ( #10472, #2296 ) ),
 .UNSPECIFIED., .F., .F., .F.,
 ( 4, 4 ),
 ( 2, 2 ),
 ( 5.000000000000000000, 6.000000000000000000 ),
 ( 0.0000000000000000000, 1.000000000000000000 ),
 .UNSPECIFIED. ) ;
#6972 = EDGE_CURVE ( 'NONE', #4805, #2555, #5066, .T. ) ;
#6973 = ORIENTED_EDGE ( 'NONE', *, *, #4978, .T. ) ;
#6974 = DIRECTION ( 'NONE',  ( 0.0000000000000000000, 0.0000000000000000000, 1.000000000000000000 ) ) ;
#6975 = ORIENTED_EDGE ( 'NONE', *, *, #2915, .F. ) ;
#6976 = CARTESIAN_POINT ( 'NONE',  ( -0.3331201968270273200, 1.282117649532498000, 0.4700000000000000300 ) ) ;
#6977 = VECTOR ( 'NONE', #7349, 1000.000000000000000 ) ;
#6978 = LINE ( 'NONE', #1746, #6328 ) ;
#6979 =( NAMED_UNIT ( * ) PLANE_ANGLE_UNIT ( ) SI_UNIT ( $, .RADIAN. ) );
#6980 = EDGE_CURVE ( 'NONE', #2843, #109, #63, .T. ) ;
#6981 = VERTEX_POINT ( 'NONE', #10220 ) ;
#6982 = CIRCLE ( 'NONE', #3859, 0.1000000000000001600 ) ;
#6983 = CARTESIAN_POINT ( 'NONE',  ( 0.6951754953728419600, 1.071864893519937300, 0.4700000000000000300 ) ) ;
#6984 = B_SPLINE_CURVE_WITH_KNOTS ( 'NONE', 3,
 ( #8074, #9716, #2244, #3073 ),
 .UNSPECIFIED., .F., .F.,
 ( 4, 4 ),
 ( 3.000000000000000000, 4.000000000000000000 ),
 .UNSPECIFIED. ) ;
#6985 = CARTESIAN_POINT ( 'NONE',  ( -0.1945786889974947300, 1.259983847140327300, 0.4700000000000000300 ) ) ;
#6986 = VERTEX_POINT ( 'NONE', #2764 ) ;
#6988 = STYLED_ITEM ( 'NONE', ( #1719 ), #3512 ) ;
#6987 = CARTESIAN_POINT ( 'NONE',  ( -0.2265498194193134900, 1.067337304864135500, 0.4700000000000000300 ) ) ;
#6989 = UNCERTAINTY_MEASURE_WITH_UNIT (LENGTH_MEASURE( 1.000000000000000100E-005 ), #6168, 'distance_accuracy_value', 'NONE');
#6990 = CARTESIAN_POINT ( 'NONE',  ( 0.3785127190700315900, 1.239686733455341900, 0.4700000000000000300 ) ) ;
#6991 = CARTESIAN_POINT ( 'NONE',  ( -0.1945786889974947300, 1.259983847140327300, 0.4600000000000000200 ) ) ;
#6992 = LINE ( 'NONE', #4379, #5419 ) ;
#6993 = CARTESIAN_POINT ( 'NONE',  ( -1.000000000000000000, -1.500000000000000000, 0.0000000000000000000 ) ) ;
#6994 = EDGE_CURVE ( 'NONE', #4840, #6545, #2248, .T. ) ;
#6995 =( LENGTH_UNIT ( ) NAMED_UNIT ( * ) SI_UNIT ( .MILLI., .METRE. ) );
#6996 = LINE ( 'NONE', #657, #5424 ) ;
#6997 = ADVANCED_FACE ( 'NONE', ( #9673 ), #7752, .T. ) ;
#6998 = EDGE_LOOP ( 'NONE', ( #8465, #8927, #7024, #9176 ) ) ;
#6999 = VECTOR ( 'NONE', #2839, 1000.000000000000000 ) ;
#7000 = VERTEX_POINT ( 'NONE', #4538 ) ;
#7001 = FILL_AREA_STYLE_COLOUR ( '', #6767 ) ;
#7002 = EDGE_CURVE ( 'NONE', #7670, #2989, #4343, .T. ) ;
#7003 = DIRECTION ( 'NONE',  ( 0.0000000000000000000, 1.000000000000000000, 0.0000000000000000000 ) ) ;
#7004 = CARTESIAN_POINT ( 'NONE',  ( 0.5103179997500182400, 1.072395415668760100, 0.4700000000000000300 ) ) ;
#7005 = CARTESIAN_POINT ( 'NONE',  ( -0.1839216559474985400, 1.355897156317625200, 0.4700000000000000300 ) ) ;
#7006 = FILL_AREA_STYLE ('',( #7111 ) ) ;
#7007 = VECTOR ( 'NONE', #7126, 1000.000000000000000 ) ;
#7008 = ORIENTED_EDGE ( 'NONE', *, *, #9485, .T. ) ;
#7009 = VECTOR ( 'NONE', #784, 1000.000000000000000 ) ;
#7010 = VERTEX_POINT ( 'NONE', #10144 ) ;
#7011 = FILL_AREA_STYLE ('',( #6900 ) ) ;
#7012 = CARTESIAN_POINT ( 'NONE',  ( -0.08554898544544557700, 1.387868275012904300, 0.4600000000000000200 ) ) ;
#7013 = CARTESIAN_POINT ( 'NONE',  ( 0.3279657476104935200, 1.341900667578275400, 0.4600000000000000200 ) ) ;
#7014 = DIRECTION ( 'NONE',  ( -0.9910683662997703500, -0.1333547648938887300, 0.0000000000000000000 ) ) ;
#7015 = VECTOR ( 'NONE', #9961, 1000.000000000000000 ) ;
#7016 = ORIENTED_EDGE ( 'NONE', *, *, #9707, .T. ) ;
#7017 = CARTESIAN_POINT ( 'NONE',  ( 0.2606778549914534600, 1.071864893519934900, 0.4700000000000000300 ) ) ;
#7018 = CARTESIAN_POINT ( 'NONE',  ( 0.07512636386565972600, 1.110785259353840100, 0.4700000000000000300 ) ) ;
#7019 = EDGE_LOOP ( 'NONE', ( #146, #7127, #7984, #4577 ) ) ;
#7020 = EDGE_CURVE ( 'NONE', #1074, #1465, #7759, .T. ) ;
#7021 = DIRECTION ( 'NONE',  ( -0.0000000000000000000, -0.0000000000000000000, -1.000000000000000000 ) ) ;
#7022 = FACE_OUTER_BOUND ( 'NONE', #9663, .T. ) ;
#7023 = DIRECTION ( 'NONE',  ( 0.0000000000000000000, 0.0000000000000000000, -1.000000000000000000 ) ) ;
#7024 = ORIENTED_EDGE ( 'NONE', *, *, #2907, .F. ) ;
#7025 = FACE_OUTER_BOUND ( 'NONE', #6061, .T. ) ;
#7026 = CARTESIAN_POINT ( 'NONE',  ( 0.4816698036809432000, 1.032311519934303100, 0.4700000000000000300 ) ) ;
#7027 = CARTESIAN_POINT ( 'NONE',  ( 0.4074556496666271700, 1.118845577196947200, 0.4700000000000000300 ) ) ;
#7028 = ORIENTED_EDGE ( 'NONE', *, *, #6275, .F. ) ;
#7029 = STYLED_ITEM ( 'NONE', ( #8220 ), #7797 ) ;
#7030 = CARTESIAN_POINT ( 'NONE',  ( 0.5345746513606173300, 1.141068560567252100, 0.4600000000000000200 ) ) ;
#7031 = ORIENTED_EDGE ( 'NONE', *, *, #4699, .T. ) ;
#7032 = LINE ( 'NONE', #1138, #3852 ) ;
#7033 = EDGE_CURVE ( 'NONE', #6506, #220, #729, .T. ) ;
#7034 = DIRECTION ( 'NONE',  ( -0.0000000000000000000, -0.0000000000000000000, -1.000000000000000000 ) ) ;
#7035 = ORIENTED_EDGE ( 'NONE', *, *, #8060, .F. ) ;
#7036 = FACE_OUTER_BOUND ( 'NONE', #82, .T. ) ;
#7037 = EDGE_LOOP ( 'NONE', ( #5503, #9566, #2148, #5993 ) ) ;
#7038 = CARTESIAN_POINT ( 'NONE',  ( 0.7427751215583920900, 1.117843479803158500, 0.4700000000000000300 ) ) ;
#7040 = PRESENTATION_LAYER_ASSIGNMENT (  '', '', ( #3333 ) ) ;
#7039 = CARTESIAN_POINT ( 'NONE',  ( 0.5106127342771444900, 1.073928035212159400, 0.4700000000000000300 ) ) ;
#7041 = CARTESIAN_POINT ( 'NONE',  ( 0.3378098808278375300, 1.127864453737160700, 0.4600000000000000200 ) ) ;
#7042 = VERTEX_POINT ( 'NONE', #4433 ) ;
#7043 = ORIENTED_EDGE ( 'NONE', *, *, #6187, .F. ) ;
#7044 = VECTOR ( 'NONE', #9756, 1000.000000000000000 ) ;
#7045 = EDGE_CURVE ( 'NONE', #257, #9293, #8203, .T. ) ;
#7046 = EDGE_LOOP ( 'NONE', ( #226, #3078, #190, #111 ) ) ;
#7047 = ADVANCED_FACE ( 'NONE', ( #4929 ), #3662, .F. ) ;
#7048 = CARTESIAN_POINT ( 'NONE',  ( -0.01422882434876180500, 1.109145708590685100, 0.4600000000000000200 ) ) ;
#7049 = DIRECTION ( 'NONE',  ( -0.3416038306902379200, 0.9398440417738228600, 0.0000000000000000000 ) ) ;
#7050 = CARTESIAN_POINT ( 'NONE',  ( 0.6249999999999998900, 1.500999999999999900, -0.04000000000000000100 ) ) ;
#7051 = UNCERTAINTY_MEASURE_WITH_UNIT (LENGTH_MEASURE( 1.000000000000000100E-005 ), #6424, 'distance_accuracy_value', 'NONE');
#7052 = CARTESIAN_POINT ( 'NONE',  ( 0.3580286694117305000, 1.142954861543203500, 0.4600000000000000200 ) ) ;
#7053 = LINE ( 'NONE', #7785, #2300 ) ;
#7054 = ORIENTED_EDGE ( 'NONE', *, *, #2222, .F. ) ;
#7055 = ORIENTED_EDGE ( 'NONE', *, *, #2769, .F. ) ;
#7056 = CARTESIAN_POINT ( 'NONE',  ( -1.000000000000000000, -1.500000000000000000, 0.09999999999999999200 ) ) ;
#7057 = B_SPLINE_CURVE_WITH_KNOTS ( 'NONE', 3,
 ( #6245, #1340, #505, #6348 ),
 .UNSPECIFIED., .F., .F.,
 ( 4, 4 ),
 ( 1.000000000000000000, 2.000000000000000000 ),
 .UNSPECIFIED. ) ;
#7058 = DIRECTION ( 'NONE',  ( -0.0000000000000000000, -0.0000000000000000000, -1.000000000000000000 ) ) ;
#7059 = CARTESIAN_POINT ( 'NONE',  ( 0.8749999999999998900, 1.101000000000000000, 0.1000000000000000100 ) ) ;
#7060 = CARTESIAN_POINT ( 'NONE',  ( -0.3191840935237337300, 1.079633919948331600, 0.4600000000000000200 ) ) ;
#7061 = CARTESIAN_POINT ( 'NONE',  ( 0.3390477658433275200, 1.332646003416362500, 0.4600000000000000200 ) ) ;
#7062 = EDGE_CURVE ( 'NONE', #2049, #2116, #1505, .T. ) ;
#7063 = LINE ( 'NONE', #6585, #7430 ) ;
#7064 = VECTOR ( 'NONE', #6417, 1000.000000000000000 ) ;
#7065 = ORIENTED_EDGE ( 'NONE', *, *, #4898, .F. ) ;
#7066 = VECTOR ( 'NONE', #7162, 1000.000000000000000 ) ;
#7067 = VERTEX_POINT ( 'NONE', #3842 ) ;
#7068 = DIRECTION ( 'NONE',  ( -1.000000000000000000, -0.0000000000000000000, -0.0000000000000000000 ) ) ;
#7069 = CARTESIAN_POINT ( 'NONE',  ( 0.8005430889399329800, 1.159283154363951900, 0.4700000000000000300 ) ) ;
#7070 = CARTESIAN_POINT ( 'NONE',  ( -0.3200038376330879300, 1.190303205535364800, 0.4600000000000000200 ) ) ;
#7071 = CARTESIAN_POINT ( 'NONE',  ( 0.7427751215583920900, 1.117843479803158500, 0.4600000000000000200 ) ) ;
#7072 = DIRECTION ( 'NONE',  ( -0.9303007377811920400, 0.3667976789509033700, 0.0000000000000000000 ) ) ;
#7073 = CARTESIAN_POINT ( 'NONE',  ( 0.1005392912368313900, 1.172268178417227500, 0.4600000000000000200 ) ) ;
#7074 = ADVANCED_FACE ( 'NONE', ( #3554 ), #7317, .F. ) ;
#7075 = CARTESIAN_POINT ( 'NONE',  ( -0.08554898544544557700, 1.387868275012904300, 0.4700000000000000300 ) ) ;
#7076 = CARTESIAN_POINT ( 'NONE',  ( 0.3588539260884610100, 1.056774485713890800, 0.4600000000000000200 ) ) ;
#7077 = ORIENTED_EDGE ( 'NONE', *, *, #116, .T. ) ;
#7078 = FACE_OUTER_BOUND ( 'NONE', #3281, .T. ) ;
#7079 = ORIENTED_EDGE ( 'NONE', *, *, #1021, .F. ) ;
#7080 = ORIENTED_EDGE ( 'NONE', *, *, #8519, .T. ) ;
#7081 = PLANE ( 'NONE',  #9780 ) ;
#7082 = PLANE ( 'NONE',  #9189 ) ;
#7083 = CARTESIAN_POINT ( 'NONE',  ( 0.3733548648394733900, 1.092142629008860900, 0.4700000000000000300 ) ) ;
#7084 = LINE ( 'NONE', #8251, #1193 ) ;
#7085 = DIRECTION ( 'NONE',  ( -0.0000000000000000000, 1.000000000000000000, -0.0000000000000000000 ) ) ;
#7086 = B_SPLINE_CURVE_WITH_KNOTS ( 'NONE', 3,
 ( #4277, #6633, #5099, #8303 ),
 .UNSPECIFIED., .F., .F.,
 ( 4, 4 ),
 ( 5.000000000000000000, 6.000000000000000000 ),
 .UNSPECIFIED. ) ;
#7087 = CARTESIAN_POINT ( 'NONE',  ( 0.3749999999999998900, -1.500999999999999900, -0.04000000000000000100 ) ) ;
#7088 = CARTESIAN_POINT ( 'NONE',  ( -0.3716495146639740000, 1.188663623501164700, 0.4600000000000000200 ) ) ;
#7089 = VERTEX_POINT ( 'NONE', #1217 ) ;
#7090 = VERTEX_POINT ( 'NONE', #2947 ) ;
#7091 = EDGE_LOOP ( 'NONE', ( #6617, #8473, #2010, #8728 ) ) ;
#7092 = DIRECTION ( 'NONE',  ( -1.000000000000000000, 0.0000000000000000000, -0.0000000000000000000 ) ) ;
#7093 = LINE ( 'NONE', #3357, #1698 ) ;
#7094 = SURFACE_SIDE_STYLE ('',( #147 ) ) ;
#7095 = CARTESIAN_POINT ( 'NONE',  ( 0.1210335975911644700, 1.095209605287003500, 0.4600000000000000200 ) ) ;
#7096 = CARTESIAN_POINT ( 'NONE',  ( 0.4115524595983660100, 1.105818311083129900, 0.4700000000000000300 ) ) ;
#7097 = CARTESIAN_POINT ( 'NONE',  ( -1.000000000000000000, -1.500000000000000000, 0.4600000000000000200 ) ) ;
#7098 = EDGE_CURVE ( 'NONE', #4461, #7842, #6571, .T. ) ;
#7099 = VERTEX_POINT ( 'NONE', #1288 ) ;
#7100 = ADVANCED_FACE ( 'NONE', ( #4812 ), #9563, .F. ) ;
#7101 = VERTEX_POINT ( 'NONE', #1405 ) ;
#7102 = DIRECTION ( 'NONE',  ( -0.0000000000000000000, -1.000000000000000000, -0.0000000000000000000 ) ) ;
#7103 = MECHANICAL_DESIGN_GEOMETRIC_PRESENTATION_REPRESENTATION (  '', ( #1744 ), #5979 ) ;
#7104 = DIRECTION ( 'NONE',  ( 0.3283461648125310400, -0.9445574604294342300, 0.0000000000000000000 ) ) ;
#7105 = CARTESIAN_POINT ( 'NONE',  ( 0.4816698036809432000, 1.032311519934303100, 0.4600000000000000200 ) ) ;
#7106 = FILL_AREA_STYLE_COLOUR ( '', #4745 ) ;
#7107 = CARTESIAN_POINT ( 'NONE',  ( 0.6637862681987661800, 1.071864893519937300, 0.4700000000000000300 ) ) ;
#7108 = VERTEX_POINT ( 'NONE', #7827 ) ;
#7109 = COLOUR_RGB ( '',0.6666666666666666300, 0.6666666666666666300, 0.6666666666666666300 ) ;
#7110 = CARTESIAN_POINT ( 'NONE',  ( 0.4549079085878258200, 1.098391000990963000, 0.4700000000000000300 ) ) ;
#7111 = FILL_AREA_STYLE_COLOUR ( '', #9807 ) ;
#7112 = EDGE_CURVE ( 'NONE', #5958, #316, #6342, .T. ) ;
#7113 = VERTEX_POINT ( 'NONE', #6235 ) ;
#7114 = EDGE_CURVE ( 'NONE', #8142, #3382, #5943, .T. ) ;
#7115 = LINE ( 'NONE', #9115, #5682 ) ;
#7116 = FILL_AREA_STYLE ('',( #731 ) ) ;
#7117 = VERTEX_POINT ( 'NONE', #8729 ) ;
#7118 = CARTESIAN_POINT ( 'NONE',  ( 0.1249999999999998900, 1.101000000000000000, -0.04000000000000000100 ) ) ;
#7119 = LINE ( 'NONE', #814, #9795 ) ;
#7120 = CARTESIAN_POINT ( 'NONE',  ( 0.7427751215583920900, 1.134938082395997400, 0.4600000000000000200 ) ) ;
#7121 = VERTEX_POINT ( 'NONE', #10337 ) ;
#7122 = COLOUR_RGB ( '',0.6666666666666666300, 0.6666666666666666300, 0.6666666666666666300 ) ;
#7123 = UNCERTAINTY_MEASURE_WITH_UNIT (LENGTH_MEASURE( 1.000000000000000100E-005 ), #3734, 'distance_accuracy_value', 'NONE');
#7124 = ADVANCED_FACE ( 'NONE', ( #4442 ), #571, .F. ) ;
#7125 = EDGE_CURVE ( 'NONE', #7690, #7632, #5136, .T. ) ;
#7126 = DIRECTION ( 'NONE',  ( -0.0000000000000000000, -0.0000000000000000000, -1.000000000000000000 ) ) ;
#7127 = ORIENTED_EDGE ( 'NONE', *, *, #7941, .F. ) ;
#7128 = CARTESIAN_POINT ( 'NONE',  ( 0.3749999999999998900, 1.500999999999999900, -0.04000000000000000100 ) ) ;
#7129 = PRESENTATION_LAYER_ASSIGNMENT (  '', '', ( #8746 ) ) ;
#7130 = CARTESIAN_POINT ( 'NONE',  ( 0.3489508459656977500, 1.107645665153660100, 0.4600000000000000200 ) ) ;
#7131 = ORIENTED_EDGE ( 'NONE', *, *, #9683, .F. ) ;
#7132 = DIRECTION ( 'NONE',  ( 1.000000000000000000, 0.0000000000000000000, 0.0000000000000000000 ) ) ;
#7133 = PRESENTATION_STYLE_ASSIGNMENT (( #3599 ) ) ;
#7134 = VECTOR ( 'NONE', #9593, 1000.000000000000100 ) ;
#7135 = VERTEX_POINT ( 'NONE', #5473 ) ;
#7136 =( LENGTH_UNIT ( ) NAMED_UNIT ( * ) SI_UNIT ( .MILLI., .METRE. ) );
#7137 = PLANE ( 'NONE',  #999 ) ;
#7138 = CARTESIAN_POINT ( 'NONE',  ( 0.3378393542805469000, 1.140420144606789400, 0.4700000000000000300 ) ) ;
#7139 = EDGE_CURVE ( 'NONE', #8375, #7505, #5956, .T. ) ;
#7140 = ORIENTED_EDGE ( 'NONE', *, *, #9852, .F. ) ;
#7141 = CARTESIAN_POINT ( 'NONE',  ( 0.7253857844376375700, 1.074871185699745300, 0.4600000000000000200 ) ) ;
#7142 = CARTESIAN_POINT ( 'NONE',  ( 0.3019112153832579900, 1.123856064163555800, 0.4600000000000000200 ) ) ;
#7143 =( LENGTH_UNIT ( ) NAMED_UNIT ( * ) SI_UNIT ( .MILLI., .METRE. ) );
#7144 = EDGE_CURVE ( 'NONE', #5651, #2086, #10450, .T. ) ;
#7145 = VECTOR ( 'NONE', #5899, 1000.000000000000000 ) ;
#7146 = VERTEX_POINT ( 'NONE', #4614 ) ;
#7147 = LINE ( 'NONE', #5581, #233 ) ;
#7148 = ORIENTED_EDGE ( 'NONE', *, *, #10208, .T. ) ;
#7149 = ADVANCED_FACE ( 'NONE', ( #201 ), #5510, .T. ) ;
#7150 = CARTESIAN_POINT ( 'NONE',  ( 0.1210335975911644700, 1.095209605287003500, 0.4700000000000000300 ) ) ;
#7151 = PLANE ( 'NONE',  #9754 ) ;
#7152 = CARTESIAN_POINT ( 'NONE',  ( -0.6250000000000001100, -1.500999999999999900, 0.1000000000000000100 ) ) ;
#7153 =( LENGTH_UNIT ( ) NAMED_UNIT ( * ) SI_UNIT ( .MILLI., .METRE. ) );
#7154 = DIRECTION ( 'NONE',  ( 1.000000000000000000, 0.0000000000000000000, 0.0000000000000000000 ) ) ;
#7155 = CARTESIAN_POINT ( 'NONE',  ( 0.3362772612852169600, 1.081944814358577500, 0.4700000000000000300 ) ) ;
#7156 = ORIENTED_EDGE ( 'NONE', *, *, #608, .T. ) ;
#7157 = ORIENTED_EDGE ( 'NONE', *, *, #548, .T. ) ;
#7158 = EDGE_CURVE ( 'NONE', #9650, #2648, #1608, .T. ) ;
#7159 = ORIENTED_EDGE ( 'NONE', *, *, #3160, .F. ) ;
#7160 =( GEOMETRIC_REPRESENTATION_CONTEXT ( 3 ) GLOBAL_UNCERTAINTY_ASSIGNED_CONTEXT ( ( #7911 ) ) GLOBAL_UNIT_ASSIGNED_CONTEXT ( ( #2442, #680, #9643 ) ) REPRESENTATION_CONTEXT ( 'NONE', 'WORKASPACE' ) );
#7161 = CARTESIAN_POINT ( 'NONE',  ( 0.03003888988581057300, 1.236210407989039900, 0.4600000000000000200 ) ) ;
#7162 = DIRECTION ( 'NONE',  ( 0.0000000000000000000, 0.0000000000000000000, -1.000000000000000000 ) ) ;
#7163 = SURFACE_STYLE_USAGE ( .BOTH. , #5418 ) ;
#7164 =( LENGTH_UNIT ( ) NAMED_UNIT ( * ) SI_UNIT ( .MILLI., .METRE. ) );
#7165 = PRESENTATION_LAYER_ASSIGNMENT (  '', '', ( #164 ) ) ;
#7166 = VERTEX_POINT ( 'NONE', #644 ) ;
#7167 = SURFACE_STYLE_FILL_AREA ( #1807 ) ;
#7168 = CARTESIAN_POINT ( 'NONE',  ( -1.000000000000000000, 1.500000000000000000, 0.4600000000000000200 ) ) ;
#7169 = VERTEX_POINT ( 'NONE', #1565 ) ;
#7170 = CARTESIAN_POINT ( 'NONE',  ( -0.2199916320041912800, 1.319827176352346600, 0.4700000000000000300 ) ) ;
#7171 = EDGE_CURVE ( 'NONE', #6779, #8468, #8343, .T. ) ;
#7172 = CARTESIAN_POINT ( 'NONE',  ( 0.6637862681987661800, 1.071864893519937300, 0.4700000000000000300 ) ) ;
#7173 = VECTOR ( 'NONE', #284, 1000.000000000000000 ) ;
#7174 = CARTESIAN_POINT ( 'NONE',  ( 0.7369688513669763200, 1.085658469405059500, 0.4700000000000000300 ) ) ;
#7175 = CARTESIAN_POINT ( 'NONE',  ( 0.3531950231613901800, 1.358877376360267700, 0.4600000000000000200 ) ) ;
#7176 = ORIENTED_EDGE ( 'NONE', *, *, #373, .F. ) ;
#7177 = ADVANCED_FACE ( 'NONE', ( #10185, #50 ), #7312, .F. ) ;
#7178 = VECTOR ( 'NONE', #1335, 1000.000000000000000 ) ;
#7179 = CARTESIAN_POINT ( 'NONE',  ( 0.8529174144696074500, 1.058719733595270100, 0.4700000000000000300 ) ) ;
#7180 = CARTESIAN_POINT ( 'NONE',  ( 0.4827308479797703900, 1.241631981336718300, 0.4700000000000000300 ) ) ;
#7181 = ORIENTED_EDGE ( 'NONE', *, *, #8952, .T. ) ;
#7182 = UNCERTAINTY_MEASURE_WITH_UNIT (LENGTH_MEASURE( 1.000000000000000100E-005 ), #2121, 'distance_accuracy_value', 'NONE');
#7183 = LINE ( 'NONE', #8510, #4006 ) ;
#7184 = EDGE_CURVE ( 'NONE', #220, #9967, #4312, .T. ) ;
#7185 = DIRECTION ( 'NONE',  ( -0.0000000000000000000, -0.0000000000000000000, -1.000000000000000000 ) ) ;
#7186 = CARTESIAN_POINT ( 'NONE',  ( 0.4704993650903678300, 1.141068560567251300, 0.4600000000000000200 ) ) ;
#7187 = EDGE_LOOP ( 'NONE', ( #5575, #6499, #9195, #9576, #5866, #4606, #6251, #1318, #10020, #8680, #4811, #142, #4049, #2181, #9070, #717, #9763, #8493, #9898, #5500, #1684, #7538, #3741, #456, #10043, #10379, #3179, #4141, #2387, #8211, #8814, #6527, #9900 ) ) ;
#7188 =( NAMED_UNIT ( * ) PLANE_ANGLE_UNIT ( ) SI_UNIT ( $, .RADIAN. ) );
#7189 = CARTESIAN_POINT ( 'NONE',  ( 0.3401088101421552700, 1.092378416630561200, 0.4700000000000000300 ) ) ;
#7190 =( GEOMETRIC_REPRESENTATION_CONTEXT ( 3 ) GLOBAL_UNCERTAINTY_ASSIGNED_CONTEXT ( ( #5843 ) ) GLOBAL_UNIT_ASSIGNED_CONTEXT ( ( #7363, #2415, #9055 ) ) REPRESENTATION_CONTEXT ( 'NONE', 'WORKASPACE' ) );
#7191 = VERTEX_POINT ( 'NONE', #7246 ) ;
#7192 = MECHANICAL_DESIGN_GEOMETRIC_PRESENTATION_REPRESENTATION (  '', ( #6620 ), #5186 ) ;
#7193 = LINE ( 'NONE', #1447, #1795 ) ;
#7194 = DIRECTION ( 'NONE',  ( -1.000000000000000000, -0.0000000000000000000, -0.0000000000000000000 ) ) ;
#7195 = ORIENTED_EDGE ( 'NONE', *, *, #2918, .T. ) ;
#7196 = FACE_OUTER_BOUND ( 'NONE', #8669, .T. ) ;
#7197 = CARTESIAN_POINT ( 'NONE',  ( 0.3678728026286729500, 1.252949787190854400, 0.4700000000000000300 ) ) ;
#7198 = B_SPLINE_SURFACE_WITH_KNOTS ( 'NONE', 3, 1, ( 
 ( #4455, #5351 ),
 ( #7734, #3682 ),
 ( #6949, #7693 ),
 ( #474, #2080 ) ),
 .UNSPECIFIED., .F., .F., .F.,
 ( 4, 4 ),
 ( 2, 2 ),
 ( 16.00000000000000000, 17.00000000000000000 ),
 ( 0.0000000000000000000, 1.000000000000000000 ),
 .UNSPECIFIED. ) ;
#7199 = EDGE_LOOP ( 'NONE', ( #4160, #9627, #9809, #8544 ) ) ;
#7200 = ADVANCED_FACE ( 'NONE', ( #2373 ), #2371, .T. ) ;
#7201 = EDGE_LOOP ( 'NONE', ( #38, #4681, #6619, #2674 ) ) ;
#7202 = VERTEX_POINT ( 'NONE', #2403 ) ;
#7203 = CARTESIAN_POINT ( 'NONE',  ( 0.4629836346400604800, 1.086542672987214300, 0.4600000000000000200 ) ) ;
#7204 = CARTESIAN_POINT ( 'NONE',  ( -0.6250000000000001100, -1.101000000000000000, -0.04000000000000000100 ) ) ;
#7205 = ORIENTED_EDGE ( 'NONE', *, *, #898, .F. ) ;
#7206 = CARTESIAN_POINT ( 'NONE',  ( 0.4207187034025312600, 1.241631981336715800, 0.4700000000000000300 ) ) ;
#7207 = ORIENTED_EDGE ( 'NONE', *, *, #2861, .F. ) ;
#7208 = CARTESIAN_POINT ( 'NONE',  ( 0.7384241030965168500, 1.093704722004387600, 0.4700000000000000300 ) ) ;
#7209 = CARTESIAN_POINT ( 'NONE',  ( 0.002986411752271779200, 1.155052989223940500, 0.4700000000000000300 ) ) ;
#7210 = EDGE_LOOP ( 'NONE', ( #4431, #10378, #4933, #8708, #2062, #6092 ) ) ;
#7211 = DIRECTION ( 'NONE',  ( -1.000000000000000000, 0.0000000000000000000, -0.0000000000000000000 ) ) ;
#7212 = LINE ( 'NONE', #1314, #5649 ) ;
#7213 = LINE ( 'NONE', #5482, #8604 ) ;
#7214 = ORIENTED_EDGE ( 'NONE', *, *, #548, .F. ) ;
#7215 = VECTOR ( 'NONE', #9761, 1000.000000000000000 ) ;
#7216 = ORIENTED_EDGE ( 'NONE', *, *, #10440, .F. ) ;
#7217 = EDGE_CURVE ( 'NONE', #5131, #5393, #5686, .T. ) ;
#7218 = CARTESIAN_POINT ( 'NONE',  ( 0.3877968566850573700, 1.058719733595268900, 0.4700000000000000300 ) ) ;
#7219 = CARTESIAN_POINT ( 'NONE',  ( 0.7138027175090877500, 1.064083901994432400, 0.4700000000000000300 ) ) ;
#7220 = ORIENTED_EDGE ( 'NONE', *, *, #3460, .F. ) ;
#7221 = CARTESIAN_POINT ( 'NONE',  ( 0.1249999999999998900, 1.500999999999999900, 0.1000000000000000100 ) ) ;
#7222 = CARTESIAN_POINT ( 'NONE',  ( -0.1945787046334087300, 1.117343431132259900, 0.4600000000000000200 ) ) ;
#7223 = FACE_OUTER_BOUND ( 'NONE', #440, .T. ) ;
#7224 = CARTESIAN_POINT ( 'NONE',  ( -0.3750000000000001100, 1.500999999999999900, 0.1000000000000000100 ) ) ;
#7225 = AXIS2_PLACEMENT_3D ( 'NONE', #157, #5121, #3585 ) ;
#7226 = VERTEX_POINT ( 'NONE', #4710 ) ;
#7227 = ADVANCED_FACE ( 'NONE', ( #2117 ), #6971, .T. ) ;
#7228 = DIRECTION ( 'NONE',  ( 1.000000000000000000, -0.0000000000000000000, -0.0000000000000000000 ) ) ;
#7229 =( LENGTH_UNIT ( ) NAMED_UNIT ( * ) SI_UNIT ( .MILLI., .METRE. ) );
#7230 = EDGE_LOOP ( 'NONE', ( #934, #4490, #5273, #4705 ) ) ;
#7231 = VECTOR ( 'NONE', #4468, 1000.000000000000100 ) ;
#7232 = AXIS2_PLACEMENT_3D ( 'NONE', #5945, #7535, #203 ) ;
#7233 = CARTESIAN_POINT ( 'NONE',  ( 0.2606778549914503000, 1.160756827001924200, 0.4700000000000000300 ) ) ;
#7234 = CARTESIAN_POINT ( 'NONE',  ( 0.5120864069151174200, 1.079056415989621200, 0.4700000000000000300 ) ) ;
#7235 = CARTESIAN_POINT ( 'NONE',  ( 0.5983846765552801600, 1.317850330137447600, 0.4700000000000000300 ) ) ;
#7236 = CARTESIAN_POINT ( 'NONE',  ( 0.4207187034025312600, 1.356932128478890400, 0.4600000000000000200 ) ) ;
#7237 = DIRECTION ( 'NONE',  ( 0.0000000000000000000, -1.000000000000000000, 0.0000000000000000000 ) ) ;
#7238 = VERTEX_POINT ( 'NONE', #7180 ) ;
#7239 = SURFACE_STYLE_FILL_AREA ( #187 ) ;
#7240 = ORIENTED_EDGE ( 'NONE', *, *, #5149, .T. ) ;
#7241 = CARTESIAN_POINT ( 'NONE',  ( 0.4629836346400604800, 1.081119557681841800, 0.4700000000000000300 ) ) ;
#7242 = AXIS2_PLACEMENT_3D ( 'NONE', #6681, #9144, #9916 ) ;
#7243 = FACE_OUTER_BOUND ( 'NONE', #3883, .T. ) ;
#7244 = DIRECTION ( 'NONE',  ( 0.0000000000000000000, 0.0000000000000000000, -1.000000000000000000 ) ) ;
#7245 =( NAMED_UNIT ( * ) PLANE_ANGLE_UNIT ( ) SI_UNIT ( $, .RADIAN. ) );
#7246 = CARTESIAN_POINT ( 'NONE',  ( 0.3078059059324215200, 1.058719733595267600, 0.4700000000000000300 ) ) ;
#7247 = EDGE_CURVE ( 'NONE', #3239, #1725, #8365, .T. ) ;
#7248 = VERTEX_POINT ( 'NONE', #672 ) ;
#7249 = VERTEX_POINT ( 'NONE', #3208 ) ;
#7250 = VECTOR ( 'NONE', #3144, 1000.000000000000000 ) ;
#7251 = CARTESIAN_POINT ( 'NONE',  ( 0.4207187034025312600, 1.241631981336715800, 0.4700000000000000300 ) ) ;
#7252 = CARTESIAN_POINT ( 'NONE',  ( 0.4167103138289316400, 1.136411755033188300, 0.4700000000000000300 ) ) ;
#7253 = ORIENTED_EDGE ( 'NONE', *, *, #1240, .F. ) ;
#7254 = FILL_AREA_STYLE ('',( #3175 ) ) ;
#7255 = CARTESIAN_POINT ( 'NONE',  ( 0.3362772612852169600, 1.086424779176362800, 0.4600000000000000200 ) ) ;
#7256 = VERTEX_POINT ( 'NONE', #712 ) ;
#7257 = EDGE_CURVE ( 'NONE', #1265, #2257, #8147, .T. ) ;
#7258 = EDGE_CURVE ( 'NONE', #3591, #7099, #1856, .T. ) ;
#7259 = CARTESIAN_POINT ( 'NONE',  ( 0.4296491595842121300, 1.130222329956509300, 0.4700000000000000300 ) ) ;
#7260 = LINE ( 'NONE', #4631, #5826 ) ;
#7261 = ORIENTED_EDGE ( 'NONE', *, *, #8282, .T. ) ;
#7262 = SURFACE_STYLE_FILL_AREA ( #3083 ) ;
#7263 = CARTESIAN_POINT ( 'NONE',  ( 0.4297081064900330500, 1.056774485713890800, 0.4600000000000000200 ) ) ;
#7264 = CARTESIAN_POINT ( 'NONE',  ( 0.5809953394353111200, 1.341664879956576200, 0.4600000000000000200 ) ) ;
#7265 = CARTESIAN_POINT ( 'NONE',  ( 0.4816698036809432000, 1.032311519934303100, 0.4600000000000000200 ) ) ;
#7266 = DIRECTION ( 'NONE',  ( -0.0000000000000000000, -0.0000000000000000000, -1.000000000000000000 ) ) ;
#7267 = B_SPLINE_CURVE_WITH_KNOTS ( 'NONE', 3,
 ( #302, #6854, #2755, #3611 ),
 .UNSPECIFIED., .F., .F.,
 ( 4, 4 ),
 ( 8.000000000000000000, 9.000000000000000000 ),
 .UNSPECIFIED. ) ;
#7268 = CARTESIAN_POINT ( 'NONE',  ( -0.2716373012175112300, 1.059959404611489300, 0.4700000000000000300 ) ) ;
#7269 = ORIENTED_EDGE ( 'NONE', *, *, #708, .F. ) ;
#7270 = CARTESIAN_POINT ( 'NONE',  ( 0.6920807828348962700, 1.241631981336714700, 0.4600000000000000200 ) ) ;
#7271 = VECTOR ( 'NONE', #8501, 1000.000000000000000 ) ;
#7272 = CARTESIAN_POINT ( 'NONE',  ( 0.7656170474356555100, 1.058719733595270100, 0.4700000000000000300 ) ) ;
#7273 = DIRECTION ( 'NONE',  ( 0.0000000000000000000, -1.000000000000000000, 0.0000000000000000000 ) ) ;
#7274 = ORIENTED_EDGE ( 'NONE', *, *, #608, .F. ) ;
#7275 = VECTOR ( 'NONE', #8671, 1000.000000000000000 ) ;
#7276 = VERTEX_POINT ( 'NONE', #6646 ) ;
#7277 = CARTESIAN_POINT ( 'NONE',  ( 0.5809953394353111200, 1.257783433441191000, 0.4700000000000000300 ) ) ;
#7278 = ADVANCED_FACE ( 'NONE', ( #3676 ), #9705, .F. ) ;
#7279 = CARTESIAN_POINT ( 'NONE',  ( -0.02570561714403015900, 1.338681939761879200, 0.4700000000000000300 ) ) ;
#7280 = CARTESIAN_POINT ( 'NONE',  ( -0.3750000000000001100, 1.500999999999999900, 0.1000000000000000100 ) ) ;
#7281 = VERTEX_POINT ( 'NONE', #8245 ) ;
#7282 = EDGE_CURVE ( 'NONE', #2407, #3733, #8494, .T. ) ;
#7283 = CARTESIAN_POINT ( 'NONE',  ( 0.1513651772506174900, 1.144395940538030400, 0.4700000000000000300 ) ) ;
#7284 = VECTOR ( 'NONE', #5156, 1000.000000000000000 ) ;
#7285 = VERTEX_POINT ( 'NONE', #5814 ) ;
#7286 = LINE ( 'NONE', #889, #2801 ) ;
#7287 = ORIENTED_EDGE ( 'NONE', *, *, #8177, .F. ) ;
#7288 = PLANE ( 'NONE',  #7914 ) ;
#7289 = EDGE_LOOP ( 'NONE', ( #7764, #8968, #3757, #8075 ) ) ;
#7290 = CARTESIAN_POINT ( 'NONE',  ( 0.3401088101421552700, 1.092378416630561200, 0.4600000000000000200 ) ) ;
#7291 = EDGE_CURVE ( 'NONE', #4058, #9113, #3939, .T. ) ;
#7292 = VERTEX_POINT ( 'NONE', #937 ) ;
#7293 = LINE ( 'NONE', #2965, #9846 ) ;
#7294 = AXIS2_PLACEMENT_3D ( 'NONE', #4550, #1299, #9356 ) ;
#7295 = ORIENTED_EDGE ( 'NONE', *, *, #737, .T. ) ;
#7296 =( NAMED_UNIT ( * ) PLANE_ANGLE_UNIT ( ) SI_UNIT ( $, .RADIAN. ) );
#7297 = CARTESIAN_POINT ( 'NONE',  ( 0.3287025839294849800, 1.063258645317694200, 0.4600000000000000200 ) ) ;
#7298 = PLANE ( 'NONE',  #9020 ) ;
#7299 = EDGE_CURVE ( 'NONE', #1716, #5010, #7119, .T. ) ;
#7300 = DIRECTION ( 'NONE',  ( -1.000000000000000000, -0.0000000000000000000, -0.0000000000000000000 ) ) ;
#7301 = CARTESIAN_POINT ( 'NONE',  ( 0.4444448328627393900, 1.087544770380222300, 0.4600000000000000200 ) ) ;
#7302 = AXIS2_PLACEMENT_3D ( 'NONE', #9592, #10437, #10330 ) ;
#7303 = CARTESIAN_POINT ( 'NONE',  ( 0.3261089200876473000, 1.255425557221839600, 0.4600000000000000200 ) ) ;
#7304 = LINE ( 'NONE', #3696, #527 ) ;
#7305 = ADVANCED_FACE ( 'NONE', ( #7891 ), #3342, .T. ) ;
#7306 = ORIENTED_EDGE ( 'NONE', *, *, #5721, .T. ) ;
#7307 = MECHANICAL_DESIGN_GEOMETRIC_PRESENTATION_REPRESENTATION (  '', ( #5200 ), #3474 ) ;
#7308 = EDGE_CURVE ( 'NONE', #5094, #257, #2746, .T. ) ;
#7309 = CARTESIAN_POINT ( 'NONE',  ( 0.5827342731476982100, 1.300343099206631400, 0.4600000000000000200 ) ) ;
#7310 = CARTESIAN_POINT ( 'NONE',  ( 0.4238134159408699600, 1.126154993477481900, 0.4600000000000000200 ) ) ;
#7311 = CARTESIAN_POINT ( 'NONE',  ( 0.4311228322217993100, 1.068563866812215300, 0.4700000000000000300 ) ) ;
#7312 = PLANE ( 'NONE',  #6558 ) ;
#7313 = EDGE_LOOP ( 'NONE', ( #4646, #7869, #290, #2644 ) ) ;
#7314 = VECTOR ( 'NONE', #2386, 1000.000000000000000 ) ;
#7315 = ORIENTED_EDGE ( 'NONE', *, *, #4834, .F. ) ;
#7316 = CARTESIAN_POINT ( 'NONE',  ( 0.5374041028241503000, 1.356932128478890400, 0.4600000000000000200 ) ) ;
#7317 = B_SPLINE_SURFACE_WITH_KNOTS ( 'NONE', 3, 1, ( 
 ( #277, #8765 ),
 ( #3912, #455 ),
 ( #10375, #3875 ),
 ( #10401, #532 ) ),
 .UNSPECIFIED., .F., .F., .F.,
 ( 4, 4 ),
 ( 2, 2 ),
 ( 28.00000000000000000, 29.00000000000000000 ),
 ( 0.0000000000000000000, 1.000000000000000000 ),
 .UNSPECIFIED. ) ;
#7318 = FILL_AREA_STYLE ('',( #2688 ) ) ;
#7319 = EDGE_CURVE ( 'NONE', #1988, #6871, #329, .T. ) ;
#7320 = CARTESIAN_POINT ( 'NONE',  ( 0.4223397433032848900, 1.120142409117864700, 0.4700000000000000300 ) ) ;
#7321 = EDGE_CURVE ( 'NONE', #5540, #1074, #6580, .T. ) ;
#7322 = ORIENTED_EDGE ( 'NONE', *, *, #5989, .F. ) ;
#7323 = FILL_AREA_STYLE_COLOUR ( '', #4756 ) ;
#7324 = LINE ( 'NONE', #1258, #4879 ) ;
#7325 = CARTESIAN_POINT ( 'NONE',  ( 0.5694122725059784800, 1.351862694606856200, 0.4600000000000000200 ) ) ;
#7326 = ORIENTED_EDGE ( 'NONE', *, *, #9956, .T. ) ;
#7327 = FACE_BOUND ( 'NONE', #2569, .T. ) ;
#7328 = DIRECTION ( 'NONE',  ( 0.0000000000000000000, 0.0000000000000000000, -1.000000000000000000 ) ) ;
#7329 = AXIS2_PLACEMENT_3D ( 'NONE', #7280, #7211, #4810 ) ;
#7330 = CARTESIAN_POINT ( 'NONE',  ( -1.000000000000000000, 1.500000000000000000, 0.4600000000000000200 ) ) ;
#7331 = EDGE_CURVE ( 'NONE', #2430, #678, #1646, .T. ) ;
#7332 = VERTEX_POINT ( 'NONE', #7350 ) ;
#7333 = CARTESIAN_POINT ( 'NONE',  ( 0.5809953394353111200, 1.257783433441191000, 0.4700000000000000300 ) ) ;
#7334 = VECTOR ( 'NONE', #5223, 1000.000000000000000 ) ;
#7335 = LINE ( 'NONE', #8987, #3639 ) ;
#7336 =( NAMED_UNIT ( * ) SI_UNIT ( $, .STERADIAN. ) SOLID_ANGLE_UNIT ( ) );
#7337 = CARTESIAN_POINT ( 'NONE',  ( -0.1250000000000001100, -1.101000000000000000, 0.0000000000000000000 ) ) ;
#7338 = CARTESIAN_POINT ( 'NONE',  ( 0.04561457522409082700, 1.327205123512742200, 0.4700000000000000300 ) ) ;
#7339 = B_SPLINE_CURVE_WITH_KNOTS ( 'NONE', 3,
 ( #404, #8574, #9328, #10205 ),
 .UNSPECIFIED., .F., .F.,
 ( 4, 4 ),
 ( 11.00000000000000000, 12.00000000000000000 ),
 .UNSPECIFIED. ) ;
#7340 = ORIENTED_EDGE ( 'NONE', *, *, #9139, .T. ) ;
#7341 = EDGE_CURVE ( 'NONE', #2409, #4444, #1845, .T. ) ;
#7342 = CARTESIAN_POINT ( 'NONE',  ( 0.1249999999999998900, 1.500000000000000000, 0.09999999999999999200 ) ) ;
#7343 = VERTEX_POINT ( 'NONE', #3303 ) ;
#7344 = ORIENTED_EDGE ( 'NONE', *, *, #6807, .F. ) ;
#7345 = ADVANCED_FACE ( 'NONE', ( #5177 ), #6610, .F. ) ;
#7346 = DIRECTION ( 'NONE',  ( -0.0000000000000000000, -0.0000000000000000000, -1.000000000000000000 ) ) ;
#7347 = VERTEX_POINT ( 'NONE', #7385 ) ;
#7348 = FACE_OUTER_BOUND ( 'NONE', #3457, .T. ) ;
#7349 = DIRECTION ( 'NONE',  ( -1.000000000000000000, -0.0000000000000000000, -0.0000000000000000000 ) ) ;
#7350 = CARTESIAN_POINT ( 'NONE',  ( 0.6212266024333250600, 1.241631981336718300, 0.4700000000000000300 ) ) ;
#7351 = VERTEX_POINT ( 'NONE', #4187 ) ;
#7352 = LINE ( 'NONE', #5288, #7604 ) ;
#7353 = LINE ( 'NONE', #581, #1968 ) ;
#7354 = PRESENTATION_LAYER_ASSIGNMENT (  '', '', ( #5144 ) ) ;
#7355 = CARTESIAN_POINT ( 'NONE',  ( 0.3216289552702570300, 1.073397513062549000, 0.4600000000000000200 ) ) ;
#7356 = EDGE_CURVE ( 'NONE', #6986, #2594, #2459, .T. ) ;
#7357 = VERTEX_POINT ( 'NONE', #4937 ) ;
#7358 = SURFACE_SIDE_STYLE ('',( #3587 ) ) ;
#7359 = CARTESIAN_POINT ( 'NONE',  ( 0.5809953394353111200, 1.341664879956576200, 0.4600000000000000200 ) ) ;
#7360 = FILL_AREA_STYLE_COLOUR ( '', #3018 ) ;
#7361 = ORIENTED_EDGE ( 'NONE', *, *, #7676, .T. ) ;
#7362 = LINE ( 'NONE', #3467, #1094 ) ;
#7363 =( LENGTH_UNIT ( ) NAMED_UNIT ( * ) SI_UNIT ( .MILLI., .METRE. ) );
#7364 = VECTOR ( 'NONE', #6727, 1000.000000000000000 ) ;
#7365 = VECTOR ( 'NONE', #10594, 1000.000000000000000 ) ;
#7366 = ORIENTED_EDGE ( 'NONE', *, *, #7796, .T. ) ;
#7367 = PLANE ( 'NONE',  #422 ) ;
#7368 = EDGE_CURVE ( 'NONE', #2049, #10111, #6853, .T. ) ;
#7369 = DIRECTION ( 'NONE',  ( -0.0000000000000000000, -0.0000000000000000000, -1.000000000000000000 ) ) ;
#7370 = CARTESIAN_POINT ( 'NONE',  ( 0.4228997389056087200, 1.140773826040125400, 0.4600000000000000200 ) ) ;
#7371 = CARTESIAN_POINT ( 'NONE',  ( 0.6812050787714428700, 1.160756827001928200, 0.4700000000000000300 ) ) ;
#7372 = EDGE_LOOP ( 'NONE', ( #3654, #8406, #3737, #1129 ) ) ;
#7373 = CARTESIAN_POINT ( 'NONE',  ( 0.3113132468091264200, 1.297101019404332200, 0.4600000000000000200 ) ) ;
#7374 = LINE ( 'NONE', #9680, #205 ) ;
#7375 = B_SPLINE_SURFACE_WITH_KNOTS ( 'NONE', 3, 1, ( 
 ( #6494, #8964 ),
 ( #3967, #8859 ),
 ( #9658, #4112 ),
 ( #9797, #4860 ) ),
 .UNSPECIFIED., .F., .F., .F.,
 ( 4, 4 ),
 ( 2, 2 ),
 ( 9.000000000000000000, 10.00000000000000000 ),
 ( 0.0000000000000000000, 1.000000000000000000 ),
 .UNSPECIFIED. ) ;
#7376 = CARTESIAN_POINT ( 'NONE',  ( 0.4590341919722750700, 1.125270789895327100, 0.4600000000000000200 ) ) ;
#7377 = FACE_OUTER_BOUND ( 'NONE', #1118, .T. ) ;
#7378 = ORIENTED_EDGE ( 'NONE', *, *, #3532, .T. ) ;
#7379 = CARTESIAN_POINT ( 'NONE',  ( 0.4381080405224999600, 1.131224427350304900, 0.4700000000000000300 ) ) ;
#7380 = CARTESIAN_POINT ( 'NONE',  ( 0.5827342731476982100, 1.314726144146789500, 0.4600000000000000200 ) ) ;
#7381 = B_SPLINE_CURVE_WITH_KNOTS ( 'NONE', 3,
 ( #2413, #5790, #10585, #41 ),
 .UNSPECIFIED., .F., .F.,
 ( 4, 4 ),
 ( 1.000000000000000000, 2.000000000000000000 ),
 .UNSPECIFIED. ) ;
#7382 = ORIENTED_EDGE ( 'NONE', *, *, #6994, .T. ) ;
#7383 = CARTESIAN_POINT ( 'NONE',  ( 0.4536994970250442000, 1.063317592223118800, 0.4600000000000000200 ) ) ;
#7384 = DIRECTION ( 'NONE',  ( 0.0000000000000000000, 0.0000000000000000000, 1.000000000000000000 ) ) ;
#7385 = CARTESIAN_POINT ( 'NONE',  ( 0.4581499883897264300, 1.094736292850697800, 0.4600000000000000200 ) ) ;
#7386 = EDGE_CURVE ( 'NONE', #8803, #3124, #9400, .T. ) ;
#7387 = VECTOR ( 'NONE', #1364, 1000.000000000000000 ) ;
#7388 = ORIENTED_EDGE ( 'NONE', *, *, #5346, .F. ) ;
#7389 = LINE ( 'NONE', #697, #2906 ) ;
#7390 = ORIENTED_EDGE ( 'NONE', *, *, #2522, .F. ) ;
#7391 = CARTESIAN_POINT ( 'NONE',  ( 0.6571547413306169100, 1.338363853248858200, 0.4700000000000000300 ) ) ;
#7392 = CARTESIAN_POINT ( 'NONE',  ( 0.4293249516043798300, 1.094913133566968600, 0.4700000000000000300 ) ) ;
#7393 = CARTESIAN_POINT ( 'NONE',  ( 0.4763056352813932500, 1.032842042083914400, 0.4700000000000000300 ) ) ;
#7394 = LINE ( 'NONE', #3653, #3043 ) ;
#7395 = DIRECTION ( 'NONE',  ( 1.000000000000000000, 0.0000000000000000000, 0.0000000000000000000 ) ) ;
#7396 = EDGE_LOOP ( 'NONE', ( #5197, #8295, #6797, #3766 ) ) ;
#7397 = LINE ( 'NONE', #2090, #10610 ) ;
#7398 = EDGE_CURVE ( 'NONE', #5036, #5322, #2661, .T. ) ;
#7399 = ORIENTED_EDGE ( 'NONE', *, *, #8372, .F. ) ;
#7400 = FILL_AREA_STYLE ('',( #7470 ) ) ;
#7401 = FILL_AREA_STYLE ('',( #10631 ) ) ;
#7402 = CARTESIAN_POINT ( 'NONE',  ( 0.3749999999999998900, 1.500999999999999900, 0.1000000000000000100 ) ) ;
#7403 = CARTESIAN_POINT ( 'NONE',  ( 0.7986567879639830900, 1.151207428312109200, 0.4700000000000000300 ) ) ;
#7404 = FACE_OUTER_BOUND ( 'NONE', #6210, .T. ) ;
#7405 = SURFACE_STYLE_USAGE ( .BOTH. , #5032 ) ;
#7406 = EDGE_CURVE ( 'NONE', #3915, #9922, #6196, .T. ) ;
#7407 = CARTESIAN_POINT ( 'NONE',  ( 0.3261089200876473000, 1.255425557221839600, 0.4700000000000000300 ) ) ;
#7408 = B_SPLINE_CURVE_WITH_KNOTS ( 'NONE', 3,
 ( #2859, #8650, #1236, #7027 ),
 .UNSPECIFIED., .F., .F.,
 ( 4, 4 ),
 ( 6.000000000000000000, 7.000000000000000000 ),
 .UNSPECIFIED. ) ;
#7409 = ORIENTED_EDGE ( 'NONE', *, *, #735, .F. ) ;
#7410 = B_SPLINE_SURFACE_WITH_KNOTS ( 'NONE', 3, 1, ( 
 ( #8705, #4689 ),
 ( #10413, #3851 ),
 ( #10272, #9431 ),
 ( #4547, #5340 ) ),
 .UNSPECIFIED., .F., .F., .F.,
 ( 4, 4 ),
 ( 2, 2 ),
 ( 8.000000000000000000, 9.000000000000000000 ),
 ( 0.0000000000000000000, 1.000000000000000000 ),
 .UNSPECIFIED. ) ;
#7411 = EDGE_LOOP ( 'NONE', ( #8228, #137, #4084, #9314, #301, #7412, #5547, #4928, #7315, #8267, #6667, #6948, #5519, #4556, #1020, #7672, #5292, #8420, #3633, #9411 ) ) ;
#7412 = ORIENTED_EDGE ( 'NONE', *, *, #6843, .F. ) ;
#7413 = CARTESIAN_POINT ( 'NONE',  ( 0.5809953394353111200, 1.257783433441191000, 0.4600000000000000200 ) ) ;
#7414 = LINE ( 'NONE', #320, #4232 ) ;
#7415 = CARTESIAN_POINT ( 'NONE',  ( -1.500000000000000000, 0.0000000000000000000, 0.1000000000000000100 ) ) ;
#7416 = ORIENTED_EDGE ( 'NONE', *, *, #385, .F. ) ;
#7417 = VECTOR ( 'NONE', #4590, 1000.000000000000000 ) ;
#7418 = DIRECTION ( 'NONE',  ( 0.0000000000000000000, -0.0000000000000000000, -1.000000000000000000 ) ) ;
#7419 = DIRECTION ( 'NONE',  ( -0.0000000000000000000, -1.000000000000000000, -0.0000000000000000000 ) ) ;
#7420 = VERTEX_POINT ( 'NONE', #1128 ) ;
#7421 = EDGE_CURVE ( 'NONE', #6434, #2830, #9005, .T. ) ;
#7422 = DIRECTION ( 'NONE',  ( -0.0000000000000000000, -0.0000000000000000000, -1.000000000000000000 ) ) ;
#7423 = ORIENTED_EDGE ( 'NONE', *, *, #4426, .F. ) ;
#7424 = FACE_OUTER_BOUND ( 'NONE', #5425, .T. ) ;
#7425 = VERTEX_POINT ( 'NONE', #4380 ) ;
#7426 = DIRECTION ( 'NONE',  ( 1.000000000000000000, -0.0000000000000000000, -0.0000000000000000000 ) ) ;
#7427 = DIRECTION ( 'NONE',  ( 0.0000000000000000000, 0.0000000000000000000, 1.000000000000000000 ) ) ;
#7428 = SURFACE_SIDE_STYLE ('',( #2987 ) ) ;
#7429 = EDGE_CURVE ( 'NONE', #4565, #10271, #5673, .T. ) ;
#7430 = VECTOR ( 'NONE', #9084, 1000.000000000000000 ) ;
#7431 = STYLED_ITEM ( 'NONE', ( #4075 ), #2448 ) ;
#7432 =( NAMED_UNIT ( * ) SI_UNIT ( $, .STERADIAN. ) SOLID_ANGLE_UNIT ( ) );
#7433 = ORIENTED_EDGE ( 'NONE', *, *, #8060, .T. ) ;
#7434 = LINE ( 'NONE', #3705, #1670 ) ;
#7435 = CARTESIAN_POINT ( 'NONE',  ( 0.6817945478264781900, 1.174019880737444500, 0.4600000000000000200 ) ) ;
#7436 = VERTEX_POINT ( 'NONE', #1085 ) ;
#7437 = CARTESIAN_POINT ( 'NONE',  ( 0.4964654769594696300, 1.043924060316350700, 0.4600000000000000200 ) ) ;
#7438 = CARTESIAN_POINT ( 'NONE',  ( 0.3491866335877905600, 1.239686733455341900, 0.4600000000000000200 ) ) ;
#7439 = AXIS2_PLACEMENT_3D ( 'NONE', #563, #10332, #525 ) ;
#7440 = CARTESIAN_POINT ( 'NONE',  ( 0.3469171777261872400, 1.068622813717637500, 0.4600000000000000200 ) ) ;
#7441 = ORIENTED_EDGE ( 'NONE', *, *, #9447, .F. ) ;
#7442 = VECTOR ( 'NONE', #651, 1000.000000000000000 ) ;
#7443 = EDGE_CURVE ( 'NONE', #4512, #4297, #718, .T. ) ;
#7444 = ORIENTED_EDGE ( 'NONE', *, *, #3950, .F. ) ;
#7445 = ADVANCED_FACE ( 'NONE', ( #317 ), #8427, .T. ) ;
#7446 = B_SPLINE_CURVE_WITH_KNOTS ( 'NONE', 3,
 ( #6601, #926, #5710, #1678 ),
 .UNSPECIFIED., .F., .F.,
 ( 4, 4 ),
 ( 7.000000000000000000, 8.000000000000000000 ),
 .UNSPECIFIED. ) ;
#7447 = CARTESIAN_POINT ( 'NONE',  ( 0.4444448328627393900, 1.087544770380222300, 0.4600000000000000200 ) ) ;
#7448 = ORIENTED_EDGE ( 'NONE', *, *, #411, .T. ) ;
#7449 = CARTESIAN_POINT ( 'NONE',  ( -0.6250000000000001100, -1.500999999999999900, -0.04000000000000000100 ) ) ;
#7450 = EDGE_LOOP ( 'NONE', ( #3368, #9453, #6032, #2365 ) ) ;
#7451 = LINE ( 'NONE', #9646, #3362 ) ;
#7452 = VERTEX_POINT ( 'NONE', #4251 ) ;
#7453 = ORIENTED_EDGE ( 'NONE', *, *, #396, .F. ) ;
#7454 = EDGE_CURVE ( 'NONE', #7332, #6923, #9529, .T. ) ;
#7455 = ORIENTED_EDGE ( 'NONE', *, *, #9121, .T. ) ;
#7456 = ADVANCED_FACE ( 'NONE', ( #2477 ), #9987, .T. ) ;
#7457 = CARTESIAN_POINT ( 'NONE',  ( 0.7144806069214740800, 1.149910596391190200, 0.4700000000000000300 ) ) ;
#7458 = EDGE_CURVE ( 'NONE', #398, #10215, #6794, .T. ) ;
#7459 = ORIENTED_EDGE ( 'NONE', *, *, #1087, .F. ) ;
#7460 = DIRECTION ( 'NONE',  ( -1.000000000000000000, -0.0000000000000000000, -0.0000000000000000000 ) ) ;
#7461 = DIRECTION ( 'NONE',  ( -0.0000000000000000000, -0.0000000000000000000, -1.000000000000000000 ) ) ;
#7462 = CARTESIAN_POINT ( 'NONE',  ( -0.2265498194193134900, 1.085372300710434800, 0.4600000000000000200 ) ) ;
#7463 = STYLED_ITEM ( 'NONE', ( #2666 ), #5808 ) ;
#7464 = FACE_OUTER_BOUND ( 'NONE', #1902, .T. ) ;
#7465 = LINE ( 'NONE', #4817, #3114 ) ;
#7466 = CARTESIAN_POINT ( 'NONE',  ( 0.1513651772506174900, 1.144395940538030400, 0.4700000000000000300 ) ) ;
#7467 = EDGE_LOOP ( 'NONE', ( #3720, #3873, #6732, #8648 ) ) ;
#7468 = VECTOR ( 'NONE', #8716, 1000.000000000000000 ) ;
#7469 = ORIENTED_EDGE ( 'NONE', *, *, #2918, .F. ) ;
#7470 = FILL_AREA_STYLE_COLOUR ( '', #6908 ) ;
#7471 = EDGE_LOOP ( 'NONE', ( #7779, #4803, #9712, #5343 ) ) ;
#7472 = ADVANCED_FACE ( 'NONE', ( #3142 ), #3607, .T. ) ;
#7473 = CARTESIAN_POINT ( 'NONE',  ( -0.2093345989541941200, 1.333763303109905400, 0.4700000000000000300 ) ) ;
#7474 = LINE ( 'NONE', #3636, #8739 ) ;
#7475 = B_SPLINE_CURVE_WITH_KNOTS ( 'NONE', 3,
 ( #5671, #1645, #803, #6496 ),
 .UNSPECIFIED., .F., .F.,
 ( 4, 4 ),
 ( 1.000000000000000000, 2.000000000000000000 ),
 .UNSPECIFIED. ) ;
#7476 = EDGE_CURVE ( 'NONE', #8468, #3310, #7408, .T. ) ;
#7477 = DIRECTION ( 'NONE',  ( -1.000000000000000000, 0.0000000000000000000, 0.0000000000000000000 ) ) ;
#7478 = ORIENTED_EDGE ( 'NONE', *, *, #2991, .F. ) ;
#7479 = FACE_OUTER_BOUND ( 'NONE', #6156, .T. ) ;
#7480 = ORIENTED_EDGE ( 'NONE', *, *, #5689, .F. ) ;
#7481 = VECTOR ( 'NONE', #8124, 1000.000000000000000 ) ;
#7482 = CARTESIAN_POINT ( 'NONE',  ( 0.7491708608032712200, 1.058719733595270100, 0.4700000000000000300 ) ) ;
#7483 = CARTESIAN_POINT ( 'NONE',  ( 0.3019112153832579900, 1.123856064163555800, 0.4700000000000000300 ) ) ;
#7484 = DIRECTION ( 'NONE',  ( 0.0000000000000000000, 0.0000000000000000000, 1.000000000000000000 ) ) ;
#7485 = FILL_AREA_STYLE ('',( #7965 ) ) ;
#7486 = ORIENTED_EDGE ( 'NONE', *, *, #3247, .F. ) ;
#7487 = ORIENTED_EDGE ( 'NONE', *, *, #1893, .F. ) ;
#7488 = VECTOR ( 'NONE', #4195, 1000.000000000000000 ) ;
#7489 = EDGE_CURVE ( 'NONE', #2950, #2025, #7611, .T. ) ;
#7490 = CARTESIAN_POINT ( 'NONE',  ( 0.07184726234052928000, 1.236210407989039900, 0.4700000000000000300 ) ) ;
#7491 = CARTESIAN_POINT ( 'NONE',  ( 0.3362772612852169600, 1.081944814358577500, 0.4700000000000000300 ) ) ;
#7492 = CARTESIAN_POINT ( 'NONE',  ( 0.3803400731401662700, 1.345437481907692400, 0.4600000000000000200 ) ) ;
#7493 = CARTESIAN_POINT ( 'NONE',  ( 0.3279657476104935200, 1.341900667578275400, 0.4700000000000000300 ) ) ;
#7494 = LINE ( 'NONE', #7056, #5306 ) ;
#7495 = ORIENTED_EDGE ( 'NONE', *, *, #9331, .F. ) ;
#7496 = ADVANCED_FACE ( 'NONE', ( #1229 ), #7198, .F. ) ;
#7497 = CARTESIAN_POINT ( 'NONE',  ( -0.2265498194193134900, 1.103407296556745200, 0.4600000000000000200 ) ) ;
#7498 = ORIENTED_EDGE ( 'NONE', *, *, #5819, .F. ) ;
#7499 = LINE ( 'NONE', #3558, #9934 ) ;
#7500 = MECHANICAL_DESIGN_GEOMETRIC_PRESENTATION_REPRESENTATION (  '', ( #1137 ), #10 ) ;
#7501 = DIRECTION ( 'NONE',  ( -1.000000000000000000, 0.0000000000000000000, 0.0000000000000000000 ) ) ;
#7502 = EDGE_CURVE ( 'NONE', #9016, #605, #9664, .T. ) ;
#7503 = FACE_OUTER_BOUND ( 'NONE', #4375, .T. ) ;
#7504 = DIRECTION ( 'NONE',  ( -0.0000000000000000000, -1.000000000000000000, -0.0000000000000000000 ) ) ;
#7505 = VERTEX_POINT ( 'NONE', #6179 ) ;
#7506 = DIRECTION ( 'NONE',  ( 0.0000000000000000000, 1.000000000000000000, 0.0000000000000000000 ) ) ;
#7507 = CARTESIAN_POINT ( 'NONE',  ( 0.6555926483352866300, 1.338717534682193100, 0.4700000000000000300 ) ) ;
#7508 = CARTESIAN_POINT ( 'NONE',  ( 0.2606778549914503000, 1.123856064163555800, 0.4600000000000000200 ) ) ;
#7509 = CARTESIAN_POINT ( 'NONE',  ( -0.3191840935237337300, 1.079633919948331600, 0.4600000000000000200 ) ) ;
#7510 = ORIENTED_EDGE ( 'NONE', *, *, #9000, .F. ) ;
#7511 = AXIS2_PLACEMENT_3D ( 'NONE', #2635, #3492, #5856 ) ;
#7512 = ADVANCED_FACE ( 'NONE', ( #5048 ), #5220, .F. ) ;
#7513 = CARTESIAN_POINT ( 'NONE',  ( 0.7253857844376375700, 1.158752632215126500, 0.4600000000000000200 ) ) ;
#7514 =( LENGTH_UNIT ( ) NAMED_UNIT ( * ) SI_UNIT ( .MILLI., .METRE. ) );
#7515 = ORIENTED_EDGE ( 'NONE', *, *, #10455, .F. ) ;
#7516 = VECTOR ( 'NONE', #8171, 1000.000000000000000 ) ;
#7517 = B_SPLINE_CURVE_WITH_KNOTS ( 'NONE', 3,
 ( #4610, #1434, #6231, #486 ),
 .UNSPECIFIED., .F., .F.,
 ( 4, 4 ),
 ( 5.000000000000000000, 6.000000000000000000 ),
 .UNSPECIFIED. ) ;
#7518 =( LENGTH_UNIT ( ) NAMED_UNIT ( * ) SI_UNIT ( .MILLI., .METRE. ) );
#7519 = CARTESIAN_POINT ( 'NONE',  ( 0.3362772612852169600, 1.077995371691185600, 0.4600000000000000200 ) ) ;
#7520 = CARTESIAN_POINT ( 'NONE',  ( 0.3704664664705092900, 1.345437481907692400, 0.4600000000000000200 ) ) ;
#7521 = VERTEX_POINT ( 'NONE', #2934 ) ;
#7522 = CARTESIAN_POINT ( 'NONE',  ( 0.4613625947389139400, 1.091081584710429200, 0.4600000000000000200 ) ) ;
#7523 = ADVANCED_FACE ( 'NONE', ( #7606 ), #2046, .F. ) ;
#7524 = FACE_OUTER_BOUND ( 'NONE', #5490, .T. ) ;
#7525 = VECTOR ( 'NONE', #1721, 1000.000000000000000 ) ;
#7526 = ORIENTED_EDGE ( 'NONE', *, *, #1060, .T. ) ;
#7527 = VECTOR ( 'NONE', #7641, 1000.000000000000000 ) ;
#7528 = VERTEX_POINT ( 'NONE', #1971 ) ;
#7529 = DIRECTION ( 'NONE',  ( -1.000000000000000000, 0.0000000000000000000, 0.0000000000000000000 ) ) ;
#7530 = DIRECTION ( 'NONE',  ( 0.0000000000000000000, -1.000000000000000000, 0.0000000000000000000 ) ) ;
#7531 = ORIENTED_EDGE ( 'NONE', *, *, #9533, .F. ) ;
#7532 = PLANE ( 'NONE',  #8348 ) ;
#7533 = CARTESIAN_POINT ( 'NONE',  ( 0.7253857844376375700, 1.074871185699745300, 0.4600000000000000200 ) ) ;
#7534 = CARTESIAN_POINT ( 'NONE',  ( -0.1691657459904059300, 1.168989123799456100, 0.4700000000000000300 ) ) ;
#7535 = DIRECTION ( 'NONE',  ( -0.0000000000000000000, 1.000000000000000000, 0.0000000000000000000 ) ) ;
#7536 = VERTEX_POINT ( 'NONE', #2789 ) ;
#7537 = ORIENTED_EDGE ( 'NONE', *, *, #3396, .T. ) ;
#7538 = ORIENTED_EDGE ( 'NONE', *, *, #7045, .F. ) ;
#7539 = CARTESIAN_POINT ( 'NONE',  ( -0.3750000000000001100, 1.101000000000000000, -0.04000000000000000100 ) ) ;
#7540 = DIRECTION ( 'NONE',  ( 1.000000000000000000, -0.0000000000000000000, -0.0000000000000000000 ) ) ;
#7541 = CARTESIAN_POINT ( 'NONE',  ( 0.4254934027470531600, 1.112479311403996400, 0.4700000000000000300 ) ) ;
#7542 = DIRECTION ( 'NONE',  ( -0.0000000000000000000, -0.0000000000000000000, -1.000000000000000000 ) ) ;
#7543 = B_SPLINE_CURVE_WITH_KNOTS ( 'NONE', 3,
 ( #8173, #6599, #57, #1710 ),
 .UNSPECIFIED., .F., .F.,
 ( 4, 4 ),
 ( 2.000000000000000000, 3.000000000000000000 ),
 .UNSPECIFIED. ) ;
#7544 = VECTOR ( 'NONE', #1675, 1000.000000000000100 ) ;
#7545 = DIRECTION ( 'NONE',  ( -0.0000000000000000000, -0.0000000000000000000, -1.000000000000000000 ) ) ;
#7546 = ORIENTED_EDGE ( 'NONE', *, *, #1806, .F. ) ;
#7547 = VECTOR ( 'NONE', #4793, 1000.000000000000000 ) ;
#7548 = ORIENTED_EDGE ( 'NONE', *, *, #10269, .T. ) ;
#7549 = ADVANCED_FACE ( 'NONE', ( #3001 ), #4418, .F. ) ;
#7550 = DIRECTION ( 'NONE',  ( 1.000000000000000000, -0.0000000000000000000, -0.0000000000000000000 ) ) ;
#7551 = CARTESIAN_POINT ( 'NONE',  ( 0.3778643031095747500, 1.142954861543202100, 0.4700000000000000300 ) ) ;
#7552 = CARTESIAN_POINT ( 'NONE',  ( 0.3216289552702570300, 1.080765876249294000, 0.4700000000000000300 ) ) ;
#7553 = CARTESIAN_POINT ( 'NONE',  ( 0.4768361574306017600, 1.293564205074917700, 0.4700000000000000300 ) ) ;
#7554 = FACE_OUTER_BOUND ( 'NONE', #5376, .T. ) ;
#7555 = CARTESIAN_POINT ( 'NONE',  ( 0.3671654397627940300, 1.075342760943928100, 0.4700000000000000300 ) ) ;
#7556 = EDGE_CURVE ( 'NONE', #10215, #3452, #7339, .T. ) ;
#7557 = EDGE_LOOP ( 'NONE', ( #1962, #10441, #1559, #9227 ) ) ;
#7558 = ORIENTED_EDGE ( 'NONE', *, *, #1161, .T. ) ;
#7559 =( GEOMETRIC_REPRESENTATION_CONTEXT ( 3 ) GLOBAL_UNCERTAINTY_ASSIGNED_CONTEXT ( ( #3664 ) ) GLOBAL_UNIT_ASSIGNED_CONTEXT ( ( #1324, #6300, #3327 ) ) REPRESENTATION_CONTEXT ( 'NONE', 'WORKASPACE' ) );
#7560 =( GEOMETRIC_REPRESENTATION_CONTEXT ( 3 ) GLOBAL_UNCERTAINTY_ASSIGNED_CONTEXT ( ( #2118 ) ) GLOBAL_UNIT_ASSIGNED_CONTEXT ( ( #239, #4330, #984 ) ) REPRESENTATION_CONTEXT ( 'NONE', 'WORKASPACE' ) );
#7561 = ADVANCED_FACE ( 'NONE', ( #9261 ), #8500, .F. ) ;
#7562 = CARTESIAN_POINT ( 'NONE',  ( 0.1005392912368313900, 1.207518379092736600, 0.4700000000000000300 ) ) ;
#7563 = VERTEX_POINT ( 'NONE', #3646 ) ;
#7564 = DIRECTION ( 'NONE',  ( 0.0000000000000000000, 1.000000000000000000, 0.0000000000000000000 ) ) ;
#7565 = CARTESIAN_POINT ( 'NONE',  ( 0.7427751215583920900, 1.117843479803158500, 0.4600000000000000200 ) ) ;
#7566 = VERTEX_POINT ( 'NONE', #1271 ) ;
#7567 = LINE ( 'NONE', #3963, #9612 ) ;
#7568 = CARTESIAN_POINT ( 'NONE',  ( 0.6212266024333250600, 1.241631981336718300, 0.4700000000000000300 ) ) ;
#7569 = VERTEX_POINT ( 'NONE', #10241 ) ;
#7570 = EDGE_CURVE ( 'NONE', #7873, #3522, #2874, .T. ) ;
#7571 = UNCERTAINTY_MEASURE_WITH_UNIT (LENGTH_MEASURE( 1.000000000000000100E-005 ), #5234, 'distance_accuracy_value', 'NONE');
#7572 =( NAMED_UNIT ( * ) PLANE_ANGLE_UNIT ( ) SI_UNIT ( $, .RADIAN. ) );
#7573 = ORIENTED_EDGE ( 'NONE', *, *, #6351, .F. ) ;
#7574 = LINE ( 'NONE', #2811, #8189 ) ;
#7575 = ADVANCED_FACE ( 'NONE', ( #454 ), #3656, .F. ) ;
#7576 = CARTESIAN_POINT ( 'NONE',  ( 0.03249820039383884100, 1.236210407989039900, 0.4700000000000000300 ) ) ;
#7577 = ORIENTED_EDGE ( 'NONE', *, *, #9477, .F. ) ;
#7579 = FACE_BOUND ( 'NONE', #6800, .T. ) ;
#7578 = CARTESIAN_POINT ( 'NONE',  ( 0.8015451863329445800, 1.155451605507409800, 0.4600000000000000200 ) ) ;
#7580 = DIRECTION ( 'NONE',  ( 0.0000000000000000000, 0.0000000000000000000, 1.000000000000000000 ) ) ;
#7581 = CARTESIAN_POINT ( 'NONE',  ( 0.7138027175090877500, 1.168950446864623700, 0.4600000000000000200 ) ) ;
#7582 = PRODUCT_DEFINITION_FORMATION_WITH_SPECIFIED_SOURCE ( '任何', '', #2000, .NOT_KNOWN. ) ;
#7583 = B_SPLINE_SURFACE_WITH_KNOTS ( 'NONE', 3, 1, ( 
 ( #7555, #5221 ),
 ( #6881, #2638 ),
 ( #2600, #8353 ),
 ( #1972, #4286 ) ),
 .UNSPECIFIED., .F., .F., .F.,
 ( 4, 4 ),
 ( 2, 2 ),
 ( 5.000000000000000000, 6.000000000000000000 ),
 ( 0.0000000000000000000, 1.000000000000000000 ),
 .UNSPECIFIED. ) ;
#7584 = CARTESIAN_POINT ( 'NONE',  ( 0.3540792267435543500, 1.097447850503374500, 0.4600000000000000200 ) ) ;
#7585 = FILL_AREA_STYLE ('',( #98 ) ) ;
#7586 = ORIENTED_EDGE ( 'NONE', *, *, #10230, .T. ) ;
#7587 = EDGE_CURVE ( 'NONE', #23, #204, #6982, .T. ) ;
#7588 = VECTOR ( 'NONE', #5868, 1000.000000000000000 ) ;
#7589 = DIRECTION ( 'NONE',  ( -0.0000000000000000000, 1.000000000000000000, -0.0000000000000000000 ) ) ;
#7590 = CARTESIAN_POINT ( 'NONE',  ( 0.4827897948855858200, 1.019932669780945400, 0.4600000000000000200 ) ) ;
#7591 = PLANE ( 'NONE',  #6865 ) ;
#7592 = CARTESIAN_POINT ( 'NONE',  ( 0.3390477658433275200, 1.332646003416362500, 0.4600000000000000200 ) ) ;
#7593 = VERTEX_POINT ( 'NONE', #10295 ) ;
#7594 = CARTESIAN_POINT ( 'NONE',  ( 0.04561457522409082700, 1.327205123512742200, 0.4600000000000000200 ) ) ;
#7595 = ORIENTED_EDGE ( 'NONE', *, *, #5090, .F. ) ;
#7596 = ORIENTED_EDGE ( 'NONE', *, *, #8867, .F. ) ;
#7597 = COLOUR_RGB ( '',0.2980392156862745100, 0.2980392156862745100, 0.2980392156862745100 ) ;
#7598 = VERTEX_POINT ( 'NONE', #3619 ) ;
#7599 = CARTESIAN_POINT ( 'NONE',  ( 0.2606778549914503000, 1.123856064163555800, 0.4700000000000000300 ) ) ;
#7600 = CARTESIAN_POINT ( 'NONE',  ( 0.5045117295593851700, 1.241631981336718300, 0.4700000000000000300 ) ) ;
#7601 = CARTESIAN_POINT ( 'NONE',  ( 0.3113132468091264200, 1.315669294634368000, 0.4600000000000000200 ) ) ;
#7602 = DIRECTION ( 'NONE',  ( 0.0000000000000000000, -1.000000000000000000, 0.0000000000000000000 ) ) ;
#7603 = VERTEX_POINT ( 'NONE', #8590 ) ;
#7604 = VECTOR ( 'NONE', #6000, 1000.000000000000000 ) ;
#7605 = ORIENTED_EDGE ( 'NONE', *, *, #151, .T. ) ;
#7606 = FACE_OUTER_BOUND ( 'NONE', #9959, .T. ) ;
#7607 = FILL_AREA_STYLE ('',( #10040 ) ) ;
#7608 = CARTESIAN_POINT ( 'NONE',  ( 0.3078059059324215200, 1.058719733595267600, 0.4600000000000000200 ) ) ;
#7609 = SURFACE_SIDE_STYLE ('',( #9152 ) ) ;
#7610 = VERTEX_POINT ( 'NONE', #6892 ) ;
#7611 = B_SPLINE_CURVE_WITH_KNOTS ( 'NONE', 3,
 ( #6991, #10169, #6139, #7813 ),
 .UNSPECIFIED., .F., .F.,
 ( 4, 4 ),
 ( 20.00000000000000000, 21.00000000000000000 ),
 .UNSPECIFIED. ) ;
#7612 = B_SPLINE_SURFACE_WITH_KNOTS ( 'NONE', 3, 1, ( 
 ( #3499, #7700 ),
 ( #7744, #8360 ),
 ( #7668, #8435 ),
 ( #2761, #345 ) ),
 .UNSPECIFIED., .F., .F., .F.,
 ( 4, 4 ),
 ( 2, 2 ),
 ( 4.000000000000000000, 5.000000000000000000 ),
 ( 0.0000000000000000000, 1.000000000000000000 ),
 .UNSPECIFIED. ) ;
#7613 = DIRECTION ( 'NONE',  ( 0.0000000000000000000, 0.0000000000000000000, 1.000000000000000000 ) ) ;
#7614 = VECTOR ( 'NONE', #2967, 1000.000000000000000 ) ;
#7615 = ADVANCED_FACE ( 'NONE', ( #191 ), #1212, .F. ) ;
#7616 = CARTESIAN_POINT ( 'NONE',  ( 0.3513160905486703000, 1.255992921186946900, 0.4700000000000000300 ) ) ;
#7617 = SURFACE_STYLE_FILL_AREA ( #2513 ) ;
#7618 = ORIENTED_EDGE ( 'NONE', *, *, #689, .F. ) ;
#7619 = AXIS2_PLACEMENT_3D ( 'NONE', #9830, #5706, #6595 ) ;
#7620 = DIRECTION ( 'NONE',  ( -0.0000000000000000000, -0.0000000000000000000, -1.000000000000000000 ) ) ;
#7621 = DIRECTION ( 'NONE',  ( 0.3559357243643020400, 0.9345104387438696300, 0.0000000000000000000 ) ) ;
#7622 = CARTESIAN_POINT ( 'NONE',  ( 0.3785127190700315900, 1.239686733455341900, 0.4600000000000000200 ) ) ;
#7623 = ORIENTED_EDGE ( 'NONE', *, *, #4566, .T. ) ;
#7624 = PRESENTATION_STYLE_ASSIGNMENT (( #6484 ) ) ;
#7625 = CARTESIAN_POINT ( 'NONE',  ( 0.7500000000000000000, -0.7500000000000000000, -0.02000000000000000000 ) ) ;
#7626 = CARTESIAN_POINT ( 'NONE',  ( 0.6561526439376044200, 1.342195402106187500, 0.4600000000000000200 ) ) ;
#7627 = CARTESIAN_POINT ( 'NONE',  ( 0.1005392912368313900, 1.207518379092736600, 0.4700000000000000300 ) ) ;
#7628 = CARTESIAN_POINT ( 'NONE',  ( 0.3749999999999998900, -1.500999999999999900, 0.1000000000000000100 ) ) ;
#7629 = CARTESIAN_POINT ( 'NONE',  ( 0.03003888988581057300, 1.236210407989039900, 0.4600000000000000200 ) ) ;
#7630 = LINE ( 'NONE', #7204, #3277 ) ;
#7631 = ADVANCED_FACE ( 'NONE', ( #5412 ), #9341, .F. ) ;
#7632 = VERTEX_POINT ( 'NONE', #3761 ) ;
#7633 = PRESENTATION_STYLE_ASSIGNMENT (( #9492 ) ) ;
#7634 = B_SPLINE_SURFACE_WITH_KNOTS ( 'NONE', 3, 1, ( 
 ( #5429, #5295 ),
 ( #6961, #2184 ),
 ( #484, #8587 ),
 ( #3729, #2908 ) ),
 .UNSPECIFIED., .F., .F., .F.,
 ( 4, 4 ),
 ( 2, 2 ),
 ( 18.00000000000000000, 19.00000000000000000 ),
 ( 0.0000000000000000000, 1.000000000000000000 ),
 .UNSPECIFIED. ) ;
#7635 = UNCERTAINTY_MEASURE_WITH_UNIT (LENGTH_MEASURE( 1.000000000000000100E-005 ), #7514, 'distance_accuracy_value', 'NONE');
#7636 = ORIENTED_EDGE ( 'NONE', *, *, #804, .F. ) ;
#7637 = VECTOR ( 'NONE', #5102, 1000.000000000000000 ) ;
#7638 = EDGE_CURVE ( 'NONE', #10308, #1738, #2107, .T. ) ;
#7639 = DIRECTION ( 'NONE',  ( 0.0000000000000000000, 1.000000000000000000, 0.0000000000000000000 ) ) ;
#7640 = CARTESIAN_POINT ( 'NONE',  ( 0.2606778549914503000, 1.254777141261381100, 0.4600000000000000200 ) ) ;
#7641 = DIRECTION ( 'NONE',  ( -0.0000000000000000000, -0.0000000000000000000, -1.000000000000000000 ) ) ;
#7642 = CARTESIAN_POINT ( 'NONE',  ( 0.3566728905853887000, 1.131224427350304900, 0.4600000000000000200 ) ) ;
#7643 = VECTOR ( 'NONE', #2360, 1000.000000000000000 ) ;
#7644 = ORIENTED_EDGE ( 'NONE', *, *, #8309, .T. ) ;
#7645 = AXIS2_PLACEMENT_3D ( 'NONE', #4258, #5053, #1570 ) ;
#7646 = ORIENTED_EDGE ( 'NONE', *, *, #3508, .F. ) ;
#7647 =( LENGTH_UNIT ( ) NAMED_UNIT ( * ) SI_UNIT ( .MILLI., .METRE. ) );
#7648 = EDGE_CURVE ( 'NONE', #7690, #6414, #10569, .T. ) ;
#7649 = CARTESIAN_POINT ( 'NONE',  ( 0.8021346553887618300, 1.152798994760150700, 0.4700000000000000300 ) ) ;
#7650 = EDGE_CURVE ( 'NONE', #5356, #8033, #8882, .T. ) ;
#7651 = ORIENTED_EDGE ( 'NONE', *, *, #5496, .F. ) ;
#7652 = B_SPLINE_SURFACE_WITH_KNOTS ( 'NONE', 3, 1, ( 
 ( #9157, #1629 ),
 ( #7490, #10546 ),
 ( #7562, #4290 ),
 ( #2645, #8095 ) ),
 .UNSPECIFIED., .F., .F., .F.,
 ( 4, 4 ),
 ( 2, 2 ),
 ( 23.00000000000000000, 24.00000000000000000 ),
 ( 0.0000000000000000000, 1.000000000000000000 ),
 .UNSPECIFIED. ) ;
#7653 = VECTOR ( 'NONE', #9382, 1000.000000000000000 ) ;
#7654 = ORIENTED_EDGE ( 'NONE', *, *, #7735, .T. ) ;
#7655 = CARTESIAN_POINT ( 'NONE',  ( 0.7986567879639830900, 1.151207428312109200, 0.4700000000000000300 ) ) ;
#7656 = B_SPLINE_CURVE_WITH_KNOTS ( 'NONE', 3,
 ( #8254, #3395, #9091, #4229 ),
 .UNSPECIFIED., .F., .F.,
 ( 4, 4 ),
 ( 8.000000000000000000, 9.000000000000000000 ),
 .UNSPECIFIED. ) ;
#7657 = CARTESIAN_POINT ( 'NONE',  ( 0.3051827686378725300, 1.174019880737442200, 0.4700000000000000300 ) ) ;
#7658 = ORIENTED_EDGE ( 'NONE', *, *, #9935, .F. ) ;
#7659 = DIRECTION ( 'NONE',  ( -0.0000000000000000000, -0.0000000000000000000, -1.000000000000000000 ) ) ;
#7660 = CARTESIAN_POINT ( 'NONE',  ( 0.06119026056236685100, 1.305071274212819700, 0.4600000000000000200 ) ) ;
#7661 = ORIENTED_EDGE ( 'NONE', *, *, #4502, .F. ) ;
#7662 = EDGE_CURVE ( 'NONE', #9827, #109, #8117, .T. ) ;
#7663 = ORIENTED_EDGE ( 'NONE', *, *, #1493, .T. ) ;
#7664 =( GEOMETRIC_REPRESENTATION_CONTEXT ( 3 ) GLOBAL_UNCERTAINTY_ASSIGNED_CONTEXT ( ( #3991 ) ) GLOBAL_UNIT_ASSIGNED_CONTEXT ( ( #7143, #10257, #8666 ) ) REPRESENTATION_CONTEXT ( 'NONE', 'WORKASPACE' ) );
#7665 = B_SPLINE_SURFACE_WITH_KNOTS ( 'NONE', 3, 1, ( 
 ( #9463, #7834 ),
 ( #8565, #3707 ),
 ( #2885, #3850 ),
 ( #10270, #5339 ) ),
 .UNSPECIFIED., .F., .F., .F.,
 ( 4, 4 ),
 ( 2, 2 ),
 ( 5.000000000000000000, 6.000000000000000000 ),
 ( 0.0000000000000000000, 1.000000000000000000 ),
 .UNSPECIFIED. ) ;
#7666 = LINE ( 'NONE', #2925, #2417 ) ;
#7667 = ADVANCED_FACE ( 'NONE', ( #4060 ), #5327, .T. ) ;
#7668 = CARTESIAN_POINT ( 'NONE',  ( 0.3630686298310509300, 1.070862796126138300, 0.4700000000000000300 ) ) ;
#7669 = CARTESIAN_POINT ( 'NONE',  ( 0.2457937613547873900, 1.356932128478890400, 0.4700000000000000300 ) ) ;
#7670 = VERTEX_POINT ( 'NONE', #347 ) ;
#7671 = LINE ( 'NONE', #7954, #1551 ) ;
#7672 = ORIENTED_EDGE ( 'NONE', *, *, #3508, .T. ) ;
#7673 = CARTESIAN_POINT ( 'NONE',  ( 0.04397502446132990600, 1.058319853848341400, 0.4600000000000000200 ) ) ;
#7674 = CARTESIAN_POINT ( 'NONE',  ( 0.0000000000000000000, 0.0000000000000000000, 0.4700000000000000300 ) ) ;
#7675 =( NAMED_UNIT ( * ) SI_UNIT ( $, .STERADIAN. ) SOLID_ANGLE_UNIT ( ) );
#7676 = EDGE_CURVE ( 'NONE', #10287, #592, #2592, .T. ) ;
#7677 = VECTOR ( 'NONE', #4273, 1000.000000000000000 ) ;
#7678 = VERTEX_POINT ( 'NONE', #2088 ) ;
#7679 = VECTOR ( 'NONE', #6802, 1000.000000000000000 ) ;
#7680 = DIRECTION ( 'NONE',  ( -0.0000000000000000000, 0.0000000000000000000, 1.000000000000000000 ) ) ;
#7681 = VERTEX_POINT ( 'NONE', #10399 ) ;
#7682 = ADVANCED_FACE ( 'NONE', ( #4050 ), #2980, .T. ) ;
#7683 = DIRECTION ( 'NONE',  ( 1.000000000000000000, 0.0000000000000000000, 0.0000000000000000000 ) ) ;
#7684 = PLANE ( 'NONE',  #8106 ) ;
#7685 = EDGE_CURVE ( 'NONE', #6035, #2631, #10171, .T. ) ;
#7686 = CARTESIAN_POINT ( 'NONE',  ( 0.04151568268147027400, 1.108325948845417100, 0.4600000000000000200 ) ) ;
#7687 = B_SPLINE_CURVE_WITH_KNOTS ( 'NONE', 3,
 ( #4653, #10381, #579, #7760 ),
 .UNSPECIFIED., .F., .F.,
 ( 4, 4 ),
 ( 0.0000000000000000000, 1.000000000000000000 ),
 .UNSPECIFIED. ) ;
#7688 = VECTOR ( 'NONE', #8438, 1000.000000000000000 ) ;
#7689 = ORIENTED_EDGE ( 'NONE', *, *, #7282, .T. ) ;
#7690 = VERTEX_POINT ( 'NONE', #5471 ) ;
#7691 = CARTESIAN_POINT ( 'NONE',  ( 0.5786374632159616600, 1.274760142223185800, 0.4700000000000000300 ) ) ;
#7692 = CARTESIAN_POINT ( 'NONE',  ( 0.02348071810660487200, 1.293594465781640100, 0.4700000000000000300 ) ) ;
#7693 = CARTESIAN_POINT ( 'NONE',  ( -0.2593406939504859800, 1.146035506937094700, 0.4600000000000000200 ) ) ;
#7694 = CARTESIAN_POINT ( 'NONE',  ( 0.6806156097171999200, 1.058719733595270100, 0.4600000000000000200 ) ) ;
#7695 = EDGE_CURVE ( 'NONE', #2905, #7452, #8001, .T. ) ;
#7696 = CARTESIAN_POINT ( 'NONE',  ( 0.3733548648394733900, 1.092142629008860900, 0.4600000000000000200 ) ) ;
#7697 = ORIENTED_EDGE ( 'NONE', *, *, #3344, .F. ) ;
#7698 = VECTOR ( 'NONE', #5244, 1000.000000000000000 ) ;
#7699 = EDGE_CURVE ( 'NONE', #5737, #8922, #3388, .T. ) ;
#7700 = CARTESIAN_POINT ( 'NONE',  ( 0.3514855629021116400, 1.068622813717637500, 0.4600000000000000200 ) ) ;
#7701 = CARTESIAN_POINT ( 'NONE',  ( -0.2831140861948175400, 1.272280430953479900, 0.4600000000000000200 ) ) ;
#7702 = ORIENTED_EDGE ( 'NONE', *, *, #866, .F. ) ;
#7703 = CARTESIAN_POINT ( 'NONE',  ( 0.6486958603927232000, 1.356932128478893600, 0.4700000000000000300 ) ) ;
#7704 = CARTESIAN_POINT ( 'NONE',  ( 0.5362251647140857700, 1.241631981336718300, 0.4700000000000000300 ) ) ;
#7705 = CARTESIAN_POINT ( 'NONE',  ( 0.4147355924948414300, 1.071216477559473200, 0.4600000000000000200 ) ) ;
#7706 = DIRECTION ( 'NONE',  ( -0.0000000000000000000, -0.0000000000000000000, -1.000000000000000000 ) ) ;
#7707 = ORIENTED_EDGE ( 'NONE', *, *, #8327, .F. ) ;
#7708 = LINE ( 'NONE', #7640, #7588 ) ;
#7709 = EDGE_CURVE ( 'NONE', #3733, #1579, #6184, .T. ) ;
#7710 = ORIENTED_EDGE ( 'NONE', *, *, #6433, .F. ) ;
#7711 = ORIENTED_EDGE ( 'NONE', *, *, #2288, .F. ) ;
#7712 = ORIENTED_EDGE ( 'NONE', *, *, #3517, .T. ) ;
#7713 = MECHANICAL_DESIGN_GEOMETRIC_PRESENTATION_REPRESENTATION (  '', ( #6055 ), #1558 ) ;
#7714 = ORIENTED_EDGE ( 'NONE', *, *, #661, .T. ) ;
#7715 = CARTESIAN_POINT ( 'NONE',  ( -0.0002926897732482202800, 1.109145708590685100, 0.4600000000000000200 ) ) ;
#7716 = DIRECTION ( 'NONE',  ( -0.0000000000000000000, -0.0000000000000000000, -1.000000000000000000 ) ) ;
#7717 = DIRECTION ( 'NONE',  ( -0.0000000000000000000, 0.0000000000000000000, -1.000000000000000000 ) ) ;
#7718 = VECTOR ( 'NONE', #10451, 1000.000000000000000 ) ;
#7719 = CARTESIAN_POINT ( 'NONE',  ( 0.4395227662542640600, 1.105405682744374300, 0.4600000000000000200 ) ) ;
#7720 = CARTESIAN_POINT ( 'NONE',  ( 0.4073672293084886200, 1.076521699053208000, 0.4700000000000000300 ) ) ;
#7721 = ADVANCED_FACE ( 'NONE', ( #4791 ), #5396, .F. ) ;
#7722 = DIRECTION ( 'NONE',  ( -0.0000000000000000000, -1.000000000000000000, -0.0000000000000000000 ) ) ;
#7723 = ORIENTED_EDGE ( 'NONE', *, *, #4502, .T. ) ;
#7724 = VECTOR ( 'NONE', #5839, 1000.000000000000000 ) ;
#7725 = EDGE_CURVE ( 'NONE', #6423, #1770, #3928, .T. ) ;
#7726 = EDGE_LOOP ( 'NONE', ( #3988, #3233, #8109, #85 ) ) ;
#7727 = ORIENTED_EDGE ( 'NONE', *, *, #2715, .F. ) ;
#7728 = DIRECTION ( 'NONE',  ( -1.000000000000000000, 0.0000000000000000000, 0.0000000000000000000 ) ) ;
#7729 = B_SPLINE_CURVE_WITH_KNOTS ( 'NONE', 3,
 ( #8431, #10092, #3575, #8503 ),
 .UNSPECIFIED., .F., .F.,
 ( 4, 4 ),
 ( 1.000000000000000000, 2.000000000000000000 ),
 .UNSPECIFIED. ) ;
#7730 = CARTESIAN_POINT ( 'NONE',  ( 0.3489508459656977500, 1.107645665153660100, 0.4600000000000000200 ) ) ;
#7731 = FACE_OUTER_BOUND ( 'NONE', #5631, .T. ) ;
#7732 = FILL_AREA_STYLE_COLOUR ( '', #9007 ) ;
#7733 = CARTESIAN_POINT ( 'NONE',  ( 0.3113132468091264200, 1.315669294634368000, 0.4600000000000000200 ) ) ;
#7734 = CARTESIAN_POINT ( 'NONE',  ( -0.2290091299273436800, 1.168989123799456100, 0.4700000000000000300 ) ) ;
#7735 = EDGE_CURVE ( 'NONE', #6230, #8215, #1851, .T. ) ;
#7736 = ORIENTED_EDGE ( 'NONE', *, *, #8047, .F. ) ;
#7737 = FACE_OUTER_BOUND ( 'NONE', #1538, .T. ) ;
#7738 = CARTESIAN_POINT ( 'NONE',  ( -0.08472922569978477700, 1.338681939761879200, 0.4600000000000000200 ) ) ;
#7739 = PRESENTATION_LAYER_ASSIGNMENT (  '', '', ( #40 ) ) ;
#7740 = ADVANCED_FACE ( 'NONE', ( #1838 ), #1274, .F. ) ;
#7741 = ORIENTED_EDGE ( 'NONE', *, *, #1205, .F. ) ;
#7742 = PRESENTATION_STYLE_ASSIGNMENT (( #9598 ) ) ;
#7743 = VECTOR ( 'NONE', #10048, 1000.000000000000000 ) ;
#7744 = CARTESIAN_POINT ( 'NONE',  ( 0.3578223552423515100, 1.068622813717637500, 0.4700000000000000300 ) ) ;
#7745 = CARTESIAN_POINT ( 'NONE',  ( 0.6244981556883441000, 1.174019880737442200, 0.4600000000000000200 ) ) ;
#7746 = EDGE_CURVE ( 'NONE', #7908, #3193, #1075, .T. ) ;
#7747 = DIRECTION ( 'NONE',  ( -0.3416038306902379200, 0.9398440417738228600, 0.0000000000000000000 ) ) ;
#7748 = CARTESIAN_POINT ( 'NONE',  ( 0.3279657476104935200, 1.341900667578275400, 0.4700000000000000300 ) ) ;
#7749 = VERTEX_POINT ( 'NONE', #517 ) ;
#7750 = VECTOR ( 'NONE', #2986, 1000.000000000000200 ) ;
#7751 = CARTESIAN_POINT ( 'NONE',  ( 0.3576160410733590900, 1.345437481907692400, 0.4700000000000000300 ) ) ;
#7752 = PLANE ( 'NONE',  #9410 ) ;
#7753 = ORIENTED_EDGE ( 'NONE', *, *, #8794, .T. ) ;
#7754 = EDGE_CURVE ( 'NONE', #6566, #6655, #3133, .T. ) ;
#7755 = PRESENTATION_STYLE_ASSIGNMENT (( #10143 ) ) ;
#7756 = CARTESIAN_POINT ( 'NONE',  ( 0.6637862681987661800, 1.160756827001928200, 0.4700000000000000300 ) ) ;
#7757 = CARTESIAN_POINT ( 'NONE',  ( -0.02570561714402799100, 1.070616437661491300, 0.4700000000000000300 ) ) ;
#7758 = ORIENTED_EDGE ( 'NONE', *, *, #7973, .F. ) ;
#7759 = LINE ( 'NONE', #8513, #8767 ) ;
#7760 = CARTESIAN_POINT ( 'NONE',  ( 0.3296752078697817200, 1.135291763829332300, 0.4600000000000000200 ) ) ;
#7761 = B_SPLINE_CURVE_WITH_KNOTS ( 'NONE', 3,
 ( #3556, #4369, #6063, #1998, #4403, #6902, #5954 ),
 .UNSPECIFIED., .F., .F.,
 ( 4, 3, 4 ),
 ( 2.000000000000000000, 3.000000000000000000, 4.000000000000000000 ),
 .UNSPECIFIED. ) ;
#7762 = B_SPLINE_SURFACE_WITH_KNOTS ( 'NONE', 3, 1, ( 
 ( #2239, #3100 ),
 ( #1484, #8071 ),
 ( #8009, #682 ),
 ( #3953, #2305 ) ),
 .UNSPECIFIED., .F., .F., .F.,
 ( 4, 4 ),
 ( 2, 2 ),
 ( 12.00000000000000000, 13.00000000000000000 ),
 ( 0.0000000000000000000, 1.000000000000000000 ),
 .UNSPECIFIED. ) ;
#7763 = SURFACE_SIDE_STYLE ('',( #854 ) ) ;
#7764 = ORIENTED_EDGE ( 'NONE', *, *, #1741, .T. ) ;
#7765 = FACE_OUTER_BOUND ( 'NONE', #5727, .T. ) ;
#7766 = CARTESIAN_POINT ( 'NONE',  ( 0.3279657476104935200, 1.341900667578275400, 0.4600000000000000200 ) ) ;
#7767 = EDGE_CURVE ( 'NONE', #7332, #9650, #4293, .T. ) ;
#7768 = VECTOR ( 'NONE', #3796, 1000.000000000000000 ) ;
#7769 = DIRECTION ( 'NONE',  ( 1.000000000000000000, -0.0000000000000000000, -0.0000000000000000000 ) ) ;
#7770 = VERTEX_POINT ( 'NONE', #9519 ) ;
#7771 = LINE ( 'NONE', #3477, #8904 ) ;
#7772 = DIRECTION ( 'NONE',  ( -0.0000000000000000000, 1.000000000000000000, -0.0000000000000000000 ) ) ;
#7773 = UNCERTAINTY_MEASURE_WITH_UNIT (LENGTH_MEASURE( 1.000000000000000100E-005 ), #7518, 'distance_accuracy_value', 'NONE');
#7774 = CARTESIAN_POINT ( 'NONE',  ( 0.6486958603927232000, 1.356932128478893600, 0.4600000000000000200 ) ) ;
#7775 =( NAMED_UNIT ( * ) PLANE_ANGLE_UNIT ( ) SI_UNIT ( $, .RADIAN. ) );
#7776 = ORIENTED_EDGE ( 'NONE', *, *, #547, .T. ) ;
#7777 = PLANE ( 'NONE',  #9419 ) ;
#7778 = STYLED_ITEM ( 'NONE', ( #3702 ), #6831 ) ;
#7779 = ORIENTED_EDGE ( 'NONE', *, *, #8813, .T. ) ;
#7780 = PRESENTATION_STYLE_ASSIGNMENT (( #7163 ) ) ;
#7781 =( NAMED_UNIT ( * ) PLANE_ANGLE_UNIT ( ) SI_UNIT ( $, .RADIAN. ) );
#7782 = CARTESIAN_POINT ( 'NONE',  ( 0.3588539260884610100, 1.056774485713890800, 0.4700000000000000300 ) ) ;
#7783 = EDGE_LOOP ( 'NONE', ( #55, #7181, #2749, #2005, #7689, #2143 ) ) ;
#7784 = PRESENTATION_LAYER_ASSIGNMENT (  '', '', ( #5423 ) ) ;
#7785 = CARTESIAN_POINT ( 'NONE',  ( -0.2380266122149723200, 1.272280430953479900, 0.4700000000000000300 ) ) ;
#7787 = MECHANICAL_DESIGN_GEOMETRIC_PRESENTATION_REPRESENTATION (  '', ( #402 ), #4966 ) ;
#7786 = DIRECTION ( 'NONE',  ( -1.000000000000000000, 0.0000000000000000000, -0.0000000000000000000 ) ) ;
#7788 = CARTESIAN_POINT ( 'NONE',  ( 0.3471529653482771100, 1.341193304712389600, 0.4700000000000000300 ) ) ;
#7789 = EDGE_CURVE ( 'NONE', #6968, #5864, #2348, .T. ) ;
#7790 = VECTOR ( 'NONE', #8971, 1000.000000000000000 ) ;
#7791 = VECTOR ( 'NONE', #4009, 1000.000000000000000 ) ;
#7792 = VERTEX_POINT ( 'NONE', #6259 ) ;
#7793 = LINE ( 'NONE', #3586, #8782 ) ;
#7794 = VERTEX_POINT ( 'NONE', #10323 ) ;
#7795 = VERTEX_POINT ( 'NONE', #3725 ) ;
#7796 = EDGE_CURVE ( 'NONE', #9286, #7593, #947, .T. ) ;
#7797 = ADVANCED_FACE ( 'NONE', ( #7737 ), #438, .T. ) ;
#7798 = CARTESIAN_POINT ( 'NONE',  ( -0.1216189615021395100, 1.387868275012901700, 0.4600000000000000200 ) ) ;
#7799 = CARTESIAN_POINT ( 'NONE',  ( 0.8749999999999998900, 1.101000000000000000, -0.04000000000000000100 ) ) ;
#7800 = CARTESIAN_POINT ( 'NONE',  ( -0.3200038376330879300, 1.190303205535364800, 0.4700000000000000300 ) ) ;
#7801 = B_SPLINE_SURFACE_WITH_KNOTS ( 'NONE', 3, 1, ( 
 ( #7241, #4253 ),
 ( #9880, #974 ),
 ( #5608, #7522 ),
 ( #3379, #1560 ) ),
 .UNSPECIFIED., .F., .F., .F.,
 ( 4, 4 ),
 ( 2, 2 ),
 ( 16.00000000000000000, 17.00000000000000000 ),
 ( 0.0000000000000000000, 1.000000000000000000 ),
 .UNSPECIFIED. ) ;
#7802 = CARTESIAN_POINT ( 'NONE',  ( 0.3401088101421552700, 1.092378416630561200, 0.4600000000000000200 ) ) ;
#7803 = VECTOR ( 'NONE', #5937, 1000.000000000000200 ) ;
#7804 =( NAMED_UNIT ( * ) SI_UNIT ( $, .STERADIAN. ) SOLID_ANGLE_UNIT ( ) );
#7805 = ORIENTED_EDGE ( 'NONE', *, *, #5448, .T. ) ;
#7806 = ORIENTED_EDGE ( 'NONE', *, *, #7406, .T. ) ;
#7807 =( GEOMETRIC_REPRESENTATION_CONTEXT ( 3 ) GLOBAL_UNCERTAINTY_ASSIGNED_CONTEXT ( ( #4568 ) ) GLOBAL_UNIT_ASSIGNED_CONTEXT ( ( #9562, #7245, #9632 ) ) REPRESENTATION_CONTEXT ( 'NONE', 'WORKASPACE' ) );
#7808 = VERTEX_POINT ( 'NONE', #5289 ) ;
#7809 = B_SPLINE_CURVE_WITH_KNOTS ( 'NONE', 3,
 ( #6883, #1933, #2826, #7696 ),
 .UNSPECIFIED., .F., .F.,
 ( 4, 4 ),
 ( 5.000000000000000000, 6.000000000000000000 ),
 .UNSPECIFIED. ) ;
#7810 = CARTESIAN_POINT ( 'NONE',  ( 0.2457937613547873900, 1.356932128478890400, 0.4600000000000000200 ) ) ;
#7811 = DIRECTION ( 'NONE',  ( 0.0000000000000000000, -1.000000000000000000, -0.0000000000000000000 ) ) ;
#7812 = CARTESIAN_POINT ( 'NONE',  ( 0.4827897948855858200, 1.019932669780945400, 0.4700000000000000300 ) ) ;
#7813 = CARTESIAN_POINT ( 'NONE',  ( -0.08472922569978477700, 1.338681939761879200, 0.4600000000000000200 ) ) ;
#7814 = LINE ( 'NONE', #7608, #9329 ) ;
#7815 = CARTESIAN_POINT ( 'NONE',  ( 0.3404624915750940100, 1.072336468763329400, 0.4700000000000000300 ) ) ;
#7816 = EDGE_CURVE ( 'NONE', #4324, #5626, #1778, .T. ) ;
#7817 = EDGE_LOOP ( 'NONE', ( #352, #8288, #2242, #328, #10267, #5781 ) ) ;
#7818 = EDGE_CURVE ( 'NONE', #3061, #8067, #1975, .T. ) ;
#7819 = LINE ( 'NONE', #4071, #5614 ) ;
#7820 = EDGE_LOOP ( 'NONE', ( #7983, #9541, #5249, #10114 ) ) ;
#7821 = DIRECTION ( 'NONE',  ( -0.0000000000000000000, -0.0000000000000000000, -1.000000000000000000 ) ) ;
#7822 = CARTESIAN_POINT ( 'NONE',  ( -1.000000000000000000, 0.0000000000000000000, 0.1000000000000000100 ) ) ;
#7823 = FACE_OUTER_BOUND ( 'NONE', #342, .T. ) ;
#7824 = CARTESIAN_POINT ( 'NONE',  ( 0.5700901619191470800, 1.332822844132638900, 0.4600000000000000200 ) ) ;
#7825 = ADVANCED_FACE ( 'NONE', ( #7479 ), #10430, .F. ) ;
#7826 = VECTOR ( 'NONE', #425, 1000.000000000000000 ) ;
#7827 = CARTESIAN_POINT ( 'NONE',  ( 0.5361367443559463800, 1.254777141261381100, 0.4700000000000000300 ) ) ;
#7828 = ORIENTED_EDGE ( 'NONE', *, *, #9279, .T. ) ;
#7829 = SURFACE_STYLE_USAGE ( .BOTH. , #3807 ) ;
#7830 = DIRECTION ( 'NONE',  ( 1.000000000000000000, -0.0000000000000000000, -0.0000000000000000000 ) ) ;
#7831 = CARTESIAN_POINT ( 'NONE',  ( 0.3296752078697817200, 1.121262400321720600, 0.4700000000000000300 ) ) ;
#7832 = EDGE_LOOP ( 'NONE', ( #5724, #740, #2027, #5155 ) ) ;
#7833 = PRESENTATION_STYLE_ASSIGNMENT (( #3163 ) ) ;
#7834 = CARTESIAN_POINT ( 'NONE',  ( 0.3976409899023887800, 1.354161623920780800, 0.4600000000000000200 ) ) ;
#7835 = ORIENTED_EDGE ( 'NONE', *, *, #3843, .F. ) ;
#7836 = EDGE_CURVE ( 'NONE', #4671, #2116, #6057, .T. ) ;
#7837 = CARTESIAN_POINT ( 'NONE',  ( 0.4276154913450954700, 1.110593010428044400, 0.4700000000000000300 ) ) ;
#7838 = B_SPLINE_CURVE_WITH_KNOTS ( 'NONE', 3,
 ( #6297, #2972, #2152, #2942 ),
 .UNSPECIFIED., .F., .F.,
 ( 4, 4 ),
 ( 11.00000000000000000, 12.00000000000000000 ),
 .UNSPECIFIED. ) ;
#7839 = B_SPLINE_SURFACE_WITH_KNOTS ( 'NONE', 3, 1, ( 
 ( #1466, #5428 ),
 ( #8690, #5504 ),
 ( #633, #10367 ),
 ( #7170, #9557 ) ),
 .UNSPECIFIED., .F., .F., .F.,
 ( 4, 4 ),
 ( 2, 2 ),
 ( 3.000000000000000000, 4.000000000000000000 ),
 ( 0.0000000000000000000, 1.000000000000000000 ),
 .UNSPECIFIED. ) ;
#7840 = DIRECTION ( 'NONE',  ( -1.000000000000000000, 0.0000000000000000000, -0.0000000000000000000 ) ) ;
#7841 = CARTESIAN_POINT ( 'NONE',  ( 0.6805271893582750500, 1.071864893519937300, 0.4600000000000000200 ) ) ;
#7842 = VERTEX_POINT ( 'NONE', #7958 ) ;
#7843 = VECTOR ( 'NONE', #5838, 1000.000000000000000 ) ;
#7844 = CARTESIAN_POINT ( 'NONE',  ( 0.7066111950386162500, 1.075873283092750200, 0.4700000000000000300 ) ) ;
#7845 = EDGE_LOOP ( 'NONE', ( #2727, #7216, #9058, #8451 ) ) ;
#7846 = CIRCLE ( 'NONE', #6666, 0.1000000000000001600 ) ;
#7847 = CARTESIAN_POINT ( 'NONE',  ( 0.2457937613547896700, 1.058719733595267600, 0.4600000000000000200 ) ) ;
#7848 = CARTESIAN_POINT ( 'NONE',  ( -0.3200038376330879300, 1.190303205535364800, 0.4600000000000000200 ) ) ;
#7849 = CARTESIAN_POINT ( 'NONE',  ( 0.5193958231964401800, 1.254777141261381100, 0.4700000000000000300 ) ) ;
#7850 =( LENGTH_UNIT ( ) NAMED_UNIT ( * ) SI_UNIT ( .MILLI., .METRE. ) );
#7851 = SURFACE_SIDE_STYLE ('',( #3667 ) ) ;
#7852 = EDGE_CURVE ( 'NONE', #2648, #6730, #2722, .T. ) ;
#7853 = ORIENTED_EDGE ( 'NONE', *, *, #7836, .F. ) ;
#7854 = ADVANCED_FACE ( 'NONE', ( #5548 ), #9586, .F. ) ;
#7855 = VECTOR ( 'NONE', #2050, 1000.000000000000000 ) ;
#7856 = LINE ( 'NONE', #9085, #920 ) ;
#7857 = EDGE_CURVE ( 'NONE', #7681, #8408, #6309, .T. ) ;
#7858 =( GEOMETRIC_REPRESENTATION_CONTEXT ( 3 ) GLOBAL_UNCERTAINTY_ASSIGNED_CONTEXT ( ( #2701 ) ) GLOBAL_UNIT_ASSIGNED_CONTEXT ( ( #706, #8868, #68 ) ) REPRESENTATION_CONTEXT ( 'NONE', 'WORKASPACE' ) );
#7859 = VERTEX_POINT ( 'NONE', #6399 ) ;
#7860 = CARTESIAN_POINT ( 'NONE',  ( -0.3200038376330879300, 1.235390679515602000, 0.4700000000000000300 ) ) ;
#7861 = CARTESIAN_POINT ( 'NONE',  ( 0.6249999999999998900, -1.500999999999999900, -0.04000000000000000100 ) ) ;
#7862 = DIRECTION ( 'NONE',  ( 0.0000000000000000000, -0.0000000000000000000, 1.000000000000000000 ) ) ;
#7863 = ORIENTED_EDGE ( 'NONE', *, *, #3472, .F. ) ;
#7864 = CARTESIAN_POINT ( 'NONE',  ( 0.1249999999999998900, 0.0000000000000000000, 0.0000000000000000000 ) ) ;
#7865 = ORIENTED_EDGE ( 'NONE', *, *, #460, .F. ) ;
#7866 = EDGE_CURVE ( 'NONE', #8562, #7135, #9867, .T. ) ;
#7867 = LINE ( 'NONE', #6624, #4402 ) ;
#7868 = EDGE_CURVE ( 'NONE', #9059, #2819, #8212, .T. ) ;
#7869 = ORIENTED_EDGE ( 'NONE', *, *, #6128, .F. ) ;
#7870 = DIRECTION ( 'NONE',  ( 0.0000000000000000000, -0.0000000000000000000, 1.000000000000000000 ) ) ;
#7871 =( NAMED_UNIT ( * ) PLANE_ANGLE_UNIT ( ) SI_UNIT ( $, .RADIAN. ) );
#7872 = CARTESIAN_POINT ( 'NONE',  ( -0.01422882434876180500, 1.109145708590685100, 0.4700000000000000300 ) ) ;
#7873 = VERTEX_POINT ( 'NONE', #4668 ) ;
#7874 = CARTESIAN_POINT ( 'NONE',  ( 0.4827897948855858200, 1.019932669780945400, 0.4600000000000000200 ) ) ;
#7875 = PLANE ( 'NONE',  #5898 ) ;
#7876 = LINE ( 'NONE', #1720, #1361 ) ;
#7877 = FACE_OUTER_BOUND ( 'NONE', #6890, .T. ) ;
#7878 = PLANE ( 'NONE',  #7948 ) ;
#7879 = EDGE_LOOP ( 'NONE', ( #8839, #2266, #7214, #4246, #9835, #9322, #9816, #10393, #434, #3121, #7758, #6606, #2165, #4492 ) ) ;
#7880 = EDGE_CURVE ( 'NONE', #7425, #4877, #8416, .T. ) ;
#7881 = CARTESIAN_POINT ( 'NONE',  ( 0.4356027970391890800, 1.343669074743377000, 0.4600000000000000200 ) ) ;
#7882 = B_SPLINE_CURVE_WITH_KNOTS ( 'NONE', 3,
 ( #9383, #7041, #6967, #6084 ),
 .UNSPECIFIED., .F., .F.,
 ( 4, 4 ),
 ( 12.00000000000000000, 13.00000000000000000 ),
 .UNSPECIFIED. ) ;
#7883 = ORIENTED_EDGE ( 'NONE', *, *, #8047, .T. ) ;
#7884 = LINE ( 'NONE', #8, #2877 ) ;
#7885 = CARTESIAN_POINT ( 'NONE',  ( 0.0000000000000000000, 0.0000000000000000000, 0.4600000000000000200 ) ) ;
#7886 = DIRECTION ( 'NONE',  ( -0.0000000000000000000, -0.0000000000000000000, -1.000000000000000000 ) ) ;
#7887 = LINE ( 'NONE', #6804, #10573 ) ;
#7888 =( NAMED_UNIT ( * ) PLANE_ANGLE_UNIT ( ) SI_UNIT ( $, .RADIAN. ) );
#7889 = CARTESIAN_POINT ( 'NONE',  ( 0.4549079085878258200, 1.098391000990963000, 0.4600000000000000200 ) ) ;
#7890 = EDGE_LOOP ( 'NONE', ( #10195, #509, #7989, #8505 ) ) ;
#7891 = FACE_OUTER_BOUND ( 'NONE', #7979, .T. ) ;
#7892 = VERTEX_POINT ( 'NONE', #628 ) ;
#7893 = VECTOR ( 'NONE', #9466, 1000.000000000000000 ) ;
#7894 = CARTESIAN_POINT ( 'NONE',  ( 0.5045117295593851700, 1.241631981336718300, 0.4700000000000000300 ) ) ;
#7895 = EDGE_CURVE ( 'NONE', #5466, #1179, #575, .T. ) ;
#7896 = CARTESIAN_POINT ( 'NONE',  ( 0.4964654769594696300, 1.043924060316350700, 0.4700000000000000300 ) ) ;
#7897 = CARTESIAN_POINT ( 'NONE',  ( 0.4381080405224999600, 1.131224427350304900, 0.4700000000000000300 ) ) ;
#7898 = CARTESIAN_POINT ( 'NONE',  ( 0.3489508459656977500, 1.107645665153660100, 0.4600000000000000200 ) ) ;
#7899 = CARTESIAN_POINT ( 'NONE',  ( -0.2388463875961558100, 1.321466719296756000, 0.4700000000000000300 ) ) ;
#7900 = ORIENTED_EDGE ( 'NONE', *, *, #10162, .F. ) ;
#7901 =( GEOMETRIC_REPRESENTATION_CONTEXT ( 3 ) GLOBAL_UNCERTAINTY_ASSIGNED_CONTEXT ( ( #7123 ) ) GLOBAL_UNIT_ASSIGNED_CONTEXT ( ( #3734, #5231, #9306 ) ) REPRESENTATION_CONTEXT ( 'NONE', 'WORKASPACE' ) );
#7902 = ORIENTED_EDGE ( 'NONE', *, *, #8558, .F. ) ;
#7903 = ADVANCED_FACE ( 'NONE', ( #7348 ), #698, .F. ) ;
#7904 = CARTESIAN_POINT ( 'NONE',  ( -0.0002926897732482202800, 1.109145708590685100, 0.4600000000000000200 ) ) ;
#7905 = LINE ( 'NONE', #501, #1394 ) ;
#7906 = CARTESIAN_POINT ( 'NONE',  ( 0.3566728905853887000, 1.131224427350304900, 0.4600000000000000200 ) ) ;
#7907 = DIRECTION ( 'NONE',  ( -0.0000000000000000000, 1.000000000000000000, -0.0000000000000000000 ) ) ;
#7908 = VERTEX_POINT ( 'NONE', #5569 ) ;
#7909 = B_SPLINE_SURFACE_WITH_KNOTS ( 'NONE', 3, 1, ( 
 ( #9545, #2209 ),
 ( #3930, #8050 ),
 ( #2246, #4030 ),
 ( #2351, #9653 ) ),
 .UNSPECIFIED., .F., .F., .F.,
 ( 4, 4 ),
 ( 2, 2 ),
 ( 9.000000000000000000, 10.00000000000000000 ),
 ( 0.0000000000000000000, 1.000000000000000000 ),
 .UNSPECIFIED. ) ;
#7910 = LINE ( 'NONE', #10428, #4827 ) ;
#7911 = UNCERTAINTY_MEASURE_WITH_UNIT (LENGTH_MEASURE( 1.000000000000000100E-005 ), #2442, 'distance_accuracy_value', 'NONE');
#7912 = ORIENTED_EDGE ( 'NONE', *, *, #7421, .F. ) ;
#7913 = EDGE_CURVE ( 'NONE', #4356, #6880, #2588, .T. ) ;
#7914 = AXIS2_PLACEMENT_3D ( 'NONE', #1632, #8951, #8808 ) ;
#7915 = DIRECTION ( 'NONE',  ( -0.0000000000000000000, -0.0000000000000000000, -1.000000000000000000 ) ) ;
#7916 = CARTESIAN_POINT ( 'NONE',  ( -0.1937589292518336100, 1.004214897581257300, 0.4700000000000000300 ) ) ;
#7917 = DIRECTION ( 'NONE',  ( -0.0000000000000000000, -0.0000000000000000000, -1.000000000000000000 ) ) ;
#7918 = ORIENTED_EDGE ( 'NONE', *, *, #7570, .T. ) ;
#7919 = FACE_OUTER_BOUND ( 'NONE', #2525, .T. ) ;
#7920 = CARTESIAN_POINT ( 'NONE',  ( 0.3657212405783116800, 1.239686733455341900, 0.4700000000000000300 ) ) ;
#7921 =( NAMED_UNIT ( * ) PLANE_ANGLE_UNIT ( ) SI_UNIT ( $, .RADIAN. ) );
#7922 =( NAMED_UNIT ( * ) PLANE_ANGLE_UNIT ( ) SI_UNIT ( $, .RADIAN. ) );
#7923 = FILL_AREA_STYLE_COLOUR ( '', #441 ) ;
#7924 = CARTESIAN_POINT ( 'NONE',  ( 0.3580286694117305000, 1.142954861543203500, 0.4700000000000000300 ) ) ;
#7925 = ORIENTED_EDGE ( 'NONE', *, *, #8775, .F. ) ;
#7926 = VECTOR ( 'NONE', #1174, 1000.000000000000000 ) ;
#7927 = PLANE ( 'NONE',  #7302 ) ;
#7928 = EDGE_CURVE ( 'NONE', #2092, #2074, #6048, .T. ) ;
#7929 = PLANE ( 'NONE',  #8517 ) ;
#7930 = ORIENTED_EDGE ( 'NONE', *, *, #7638, .F. ) ;
#7931 = AXIS2_PLACEMENT_3D ( 'NONE', #8366, #8512, #10030 ) ;
#7932 = ORIENTED_EDGE ( 'NONE', *, *, #1007, .T. ) ;
#7933 = CARTESIAN_POINT ( 'NONE',  ( -0.1250000000000001100, -1.101000000000000000, 0.1000000000000000100 ) ) ;
#7934 = ADVANCED_FACE ( 'NONE', ( #9114 ), #242, .F. ) ;
#7935 = CARTESIAN_POINT ( 'NONE',  ( 0.4549079085878258200, 1.098391000990963000, 0.4600000000000000200 ) ) ;
#7936 = CARTESIAN_POINT ( 'NONE',  ( 0.3672833335740321400, 1.061667078869653600, 0.4600000000000000200 ) ) ;
#7937 = VERTEX_POINT ( 'NONE', #1422 ) ;
#7938 = FACE_OUTER_BOUND ( 'NONE', #645, .T. ) ;
#7939 = EDGE_LOOP ( 'NONE', ( #9745, #837, #8218, #6215 ) ) ;
#7940 = LINE ( 'NONE', #6985, #1294 ) ;
#7941 = EDGE_CURVE ( 'NONE', #10296, #4485, #2219, .T. ) ;
#7942 = ORIENTED_EDGE ( 'NONE', *, *, #9743, .F. ) ;
#7943 = DIRECTION ( 'NONE',  ( 1.000000000000000000, 0.0000000000000000000, -0.0000000000000000000 ) ) ;
#7944 = CARTESIAN_POINT ( 'NONE',  ( 0.3362772612852169600, 1.081944814358577500, 0.4600000000000000200 ) ) ;
#7945 = DIRECTION ( 'NONE',  ( 0.0000000000000000000, -1.000000000000000000, -0.0000000000000000000 ) ) ;
#7946 = CARTESIAN_POINT ( 'NONE',  ( -0.1250000000000001100, 1.101000000000000000, -0.04000000000000000100 ) ) ;
#7947 = CARTESIAN_POINT ( 'NONE',  ( -0.08472922569978477700, 1.338681939761879200, 0.4600000000000000200 ) ) ;
#7948 = AXIS2_PLACEMENT_3D ( 'NONE', #8676, #5410, #546 ) ;
#7949 = VECTOR ( 'NONE', #5801, 1000.000000000000000 ) ;
#7950 = FACE_OUTER_BOUND ( 'NONE', #2865, .T. ) ;
#7951 = AXIS2_PLACEMENT_3D ( 'NONE', #2281, #3047, #6219 ) ;
#7952 = ORIENTED_EDGE ( 'NONE', *, *, #9295, .F. ) ;
#7953 = CARTESIAN_POINT ( 'NONE',  ( 0.7930863053950505400, 1.174019880737444500, 0.4700000000000000300 ) ) ;
#7954 = CARTESIAN_POINT ( 'NONE',  ( -0.6250000000000001100, -1.500999999999999900, -0.04000000000000000100 ) ) ;
#7955 = DIRECTION ( 'NONE',  ( 0.0000000000000000000, 0.0000000000000000000, -1.000000000000000000 ) ) ;
#7956 = CARTESIAN_POINT ( 'NONE',  ( 0.3296752078697817200, 1.121262400321720600, 0.4600000000000000200 ) ) ;
#7957 = DIRECTION ( 'NONE',  ( -0.3897582650654818900, -0.9209172030172667600, -0.0000000000000000000 ) ) ;
#7958 = CARTESIAN_POINT ( 'NONE',  ( -0.2388463875961558100, 1.321466719296756000, 0.4700000000000000300 ) ) ;
#7959 = EDGE_CURVE ( 'NONE', #10215, #9040, #31, .T. ) ;
#7960 = CARTESIAN_POINT ( 'NONE',  ( -0.3716495146639740000, 1.188663623501164700, 0.4700000000000000300 ) ) ;
#7961 = ORIENTED_EDGE ( 'NONE', *, *, #228, .F. ) ;
#7962 = ADVANCED_FACE ( 'NONE', ( #1702 ), #262, .F. ) ;
#7963 = ORIENTED_EDGE ( 'NONE', *, *, #5475, .T. ) ;
#7964 = ORIENTED_EDGE ( 'NONE', *, *, #7928, .T. ) ;
#7965 = FILL_AREA_STYLE_COLOUR ( '', #10519 ) ;
#7966 = CARTESIAN_POINT ( 'NONE',  ( 0.3678728026286729500, 1.252949787190854400, 0.4700000000000000300 ) ) ;
#7967 = CARTESIAN_POINT ( 'NONE',  ( 0.3296752078697817200, 1.121262400321720600, 0.4700000000000000300 ) ) ;
#7968 = CARTESIAN_POINT ( 'NONE',  ( 0.3531950231613901800, 1.358877376360267700, 0.4700000000000000300 ) ) ;
#7969 = ORIENTED_EDGE ( 'NONE', *, *, #6045, .F. ) ;
#7970 = LINE ( 'NONE', #8263, #7843 ) ;
#7971 = VECTOR ( 'NONE', #9516, 1000.000000000000000 ) ;
#7972 = ORIENTED_EDGE ( 'NONE', *, *, #9894, .T. ) ;
#7973 = EDGE_CURVE ( 'NONE', #3045, #1462, #9244, .T. ) ;
#7974 = CARTESIAN_POINT ( 'NONE',  ( -0.1626075898475035600, 1.103407296556745200, 0.4700000000000000300 ) ) ;
#7975 =( NAMED_UNIT ( * ) SI_UNIT ( $, .STERADIAN. ) SOLID_ANGLE_UNIT ( ) );
#7976 = ORIENTED_EDGE ( 'NONE', *, *, #3411, .T. ) ;
#7977 = CARTESIAN_POINT ( 'NONE',  ( 0.4954339061133584700, 1.019932669780945400, 0.4600000000000000200 ) ) ;
#7978 = LINE ( 'NONE', #2289, #9351 ) ;
#7979 = EDGE_LOOP ( 'NONE', ( #1233, #4132, #8149, #379, #1781, #5964 ) ) ;
#7980 = CARTESIAN_POINT ( 'NONE',  ( -0.3750000000000001100, 1.500000000000000000, 0.0000000000000000000 ) ) ;
#7981 = DIRECTION ( 'NONE',  ( -1.000000000000000000, 0.0000000000000000000, 0.0000000000000000000 ) ) ;
#7982 = VERTEX_POINT ( 'NONE', #3328 ) ;
#7983 = ORIENTED_EDGE ( 'NONE', *, *, #4231, .F. ) ;
#7984 = ORIENTED_EDGE ( 'NONE', *, *, #3854, .F. ) ;
#7985 = AXIS2_PLACEMENT_3D ( 'NONE', #986, #9199, #9782 ) ;
#7986 = CARTESIAN_POINT ( 'NONE',  ( 0.4590341919722750700, 1.125270789895327100, 0.4600000000000000200 ) ) ;
#7987 =( NAMED_UNIT ( * ) SI_UNIT ( $, .STERADIAN. ) SOLID_ANGLE_UNIT ( ) );
#7988 = EDGE_CURVE ( 'NONE', #9046, #3359, #6715, .T. ) ;
#7989 = ORIENTED_EDGE ( 'NONE', *, *, #6187, .T. ) ;
#7990 = VECTOR ( 'NONE', #1615, 1000.000000000000000 ) ;
#7991 = PLANE ( 'NONE',  #6665 ) ;
#7992 = AXIS2_PLACEMENT_3D ( 'NONE', #2742, #5137, #7613 ) ;
#7993 = ORIENTED_EDGE ( 'NONE', *, *, #6200, .F. ) ;
#7994 = EDGE_LOOP ( 'NONE', ( #10031, #2372, #3473, #10226 ) ) ;
#7995 = EDGE_CURVE ( 'NONE', #3268, #8004, #7543, .T. ) ;
#7996 = FACE_OUTER_BOUND ( 'NONE', #1034, .T. ) ;
#7997 = CARTESIAN_POINT ( 'NONE',  ( 0.4629836346400604800, 1.081119557681841800, 0.4600000000000000200 ) ) ;
#7998 = DIRECTION ( 'NONE',  ( 1.128396311045739900E-014, -1.000000000000000000, -0.0000000000000000000 ) ) ;
#7999 = CARTESIAN_POINT ( 'NONE',  ( 0.4073672293084886200, 1.076521699053208000, 0.4600000000000000200 ) ) ;
#8000 = ORIENTED_EDGE ( 'NONE', *, *, #1060, .F. ) ;
#8001 = LINE ( 'NONE', #3023, #10557 ) ;
#8002 = CARTESIAN_POINT ( 'NONE',  ( -0.2995095312783615500, 1.128000511090006000, 0.4700000000000000300 ) ) ;
#8003 = EDGE_CURVE ( 'NONE', #1701, #7281, #893, .T. ) ;
#8004 = VERTEX_POINT ( 'NONE', #3292 ) ;
#8005 = LINE ( 'NONE', #32, #6977 ) ;
#8006 = VECTOR ( 'NONE', #5533, 1000.000000000000000 ) ;
#8007 = ORIENTED_EDGE ( 'NONE', *, *, #4225, .F. ) ;
#8008 = CARTESIAN_POINT ( 'NONE',  ( 0.4073672293084886200, 1.061608131964231400, 0.4700000000000000300 ) ) ;
#8009 = CARTESIAN_POINT ( 'NONE',  ( 0.3792790288413440700, 1.252949787190854400, 0.4700000000000000300 ) ) ;
#8010 = CARTESIAN_POINT ( 'NONE',  ( 0.1249999999999998900, 1.500999999999999900, 0.1000000000000000100 ) ) ;
#8011 = CARTESIAN_POINT ( 'NONE',  ( 0.6817945478264781900, 1.174019880737444500, 0.4600000000000000200 ) ) ;
#8012 = ORIENTED_EDGE ( 'NONE', *, *, #2542, .T. ) ;
#8013 = VECTOR ( 'NONE', #1803, 1000.000000000000000 ) ;
#8014 = CARTESIAN_POINT ( 'NONE',  ( 0.3375740932057452200, 1.089902646600360100, 0.4600000000000000200 ) ) ;
#8015 = EDGE_CURVE ( 'NONE', #7281, #9674, #8965, .T. ) ;
#8016 = LINE ( 'NONE', #8017, #3148 ) ;
#8017 = CARTESIAN_POINT ( 'NONE',  ( 0.2606778549914503000, 1.123856064163555800, 0.4600000000000000200 ) ) ;
#8018 = EDGE_LOOP ( 'NONE', ( #9090, #2521, #10147, #321 ) ) ;
#8019 = CARTESIAN_POINT ( 'NONE',  ( 0.4073672293084886200, 1.076521699053208000, 0.4700000000000000300 ) ) ;
#8020 = VERTEX_POINT ( 'NONE', #10633 ) ;
#8021 = DIRECTION ( 'NONE',  ( 0.0000000000000000000, -0.0000000000000000000, 1.000000000000000000 ) ) ;
#8022 = CARTESIAN_POINT ( 'NONE',  ( 0.07020774284960168400, 1.280478106588094100, 0.4600000000000000200 ) ) ;
#8023 = LINE ( 'NONE', #9002, #3947 ) ;
#8024 = ORIENTED_EDGE ( 'NONE', *, *, #5515, .F. ) ;
#8025 = CARTESIAN_POINT ( 'NONE',  ( 0.6806156097171999200, 1.058719733595270100, 0.4600000000000000200 ) ) ;
#8026 = CARTESIAN_POINT ( 'NONE',  ( 0.3457971865219357000, 1.257017123669881700, 0.4700000000000000300 ) ) ;
#8027 = EDGE_CURVE ( 'NONE', #5078, #1391, #701, .T. ) ;
#8028 = ORIENTED_EDGE ( 'NONE', *, *, #7556, .F. ) ;
#8029 = CARTESIAN_POINT ( 'NONE',  ( 0.6244981556883441000, 1.174019880737442200, 0.4600000000000000200 ) ) ;
#8030 = CARTESIAN_POINT ( 'NONE',  ( -0.3200038376330879300, 1.156692539986307900, 0.4700000000000000300 ) ) ;
#8031 =( NAMED_UNIT ( * ) SI_UNIT ( $, .STERADIAN. ) SOLID_ANGLE_UNIT ( ) );
#8032 = CYLINDRICAL_SURFACE ( 'NONE', #2902, 0.1000000000000001600 ) ;
#8033 = VERTEX_POINT ( 'NONE', #4831 ) ;
#8034 =( NAMED_UNIT ( * ) SI_UNIT ( $, .STERADIAN. ) SOLID_ANGLE_UNIT ( ) );
#8035 = ORIENTED_EDGE ( 'NONE', *, *, #6824, .T. ) ;
#8036 = DIRECTION ( 'NONE',  ( -0.0000000000000000000, -0.0000000000000000000, -1.000000000000000000 ) ) ;
#8037 = CARTESIAN_POINT ( 'NONE',  ( -0.3200038376330879300, 1.190303205535364800, 0.4700000000000000300 ) ) ;
#8038 = SURFACE_STYLE_USAGE ( .BOTH. , #2343 ) ;
#8039 = FILL_AREA_STYLE_COLOUR ( '', #2466 ) ;
#8040 = SURFACE_STYLE_USAGE ( .BOTH. , #4883 ) ;
#8041 = VECTOR ( 'NONE', #3837, 1000.000000000000000 ) ;
#8042 = SURFACE_STYLE_FILL_AREA ( #4771 ) ;
#8043 = CARTESIAN_POINT ( 'NONE',  ( 0.7085269694672780000, 1.241631981336718300, 0.4700000000000000300 ) ) ;
#8044 = VERTEX_POINT ( 'NONE', #3192 ) ;
#8045 = SURFACE_STYLE_FILL_AREA ( #3510 ) ;
#8046 = ORIENTED_EDGE ( 'NONE', *, *, #9956, .F. ) ;
#8047 = EDGE_CURVE ( 'NONE', #10628, #8375, #10160, .T. ) ;
#8048 = ORIENTED_EDGE ( 'NONE', *, *, #10593, .T. ) ;
#8049 = AXIS2_PLACEMENT_3D ( 'NONE', #2646, #1097, #6817 ) ;
#8050 = CARTESIAN_POINT ( 'NONE',  ( 0.3307362521690002700, 1.105110948217251200, 0.4600000000000000200 ) ) ;
#8051 = CARTESIAN_POINT ( 'NONE',  ( 0.3401088101421552700, 1.092378416630561200, 0.4600000000000000200 ) ) ;
#8052 = CARTESIAN_POINT ( 'NONE',  ( 0.03659706166501861000, 1.236210407989039900, 0.4700000000000000300 ) ) ;
#8053 = EDGE_CURVE ( 'NONE', #7191, #3145, #8474, .T. ) ;
#8054 = LINE ( 'NONE', #9304, #7926 ) ;
#8055 = CARTESIAN_POINT ( 'NONE',  ( 0.5361367443559463800, 1.254777141261381100, 0.4600000000000000200 ) ) ;
#8056 = AXIS2_PLACEMENT_3D ( 'NONE', #9116, #1788, #3973 ) ;
#8057 = VERTEX_POINT ( 'NONE', #6497 ) ;
#8058 = ORIENTED_EDGE ( 'NONE', *, *, #8114, .T. ) ;
#8059 = ORIENTED_EDGE ( 'NONE', *, *, #9128, .F. ) ;
#8060 = EDGE_CURVE ( 'NONE', #7598, #7135, #5782, .T. ) ;
#8061 = DIRECTION ( 'NONE',  ( 0.0000000000000000000, 0.0000000000000000000, -1.000000000000000000 ) ) ;
#8062 = CARTESIAN_POINT ( 'NONE',  ( 0.3261089200876473000, 1.255425557221839600, 0.4600000000000000200 ) ) ;
#8063 = CARTESIAN_POINT ( 'NONE',  ( -0.08554898544544557700, 1.387868275012904300, 0.4700000000000000300 ) ) ;
#8064 = VECTOR ( 'NONE', #8744, 1000.000000000000000 ) ;
#8065 = DIRECTION ( 'NONE',  ( -0.0000000000000000000, -0.0000000000000000000, -1.000000000000000000 ) ) ;
#8066 = CARTESIAN_POINT ( 'NONE',  ( 0.4430743173101379100, 1.058410262341198400, 0.4700000000000000300 ) ) ;
#8067 = VERTEX_POINT ( 'NONE', #8113 ) ;
#8068 = EDGE_CURVE ( 'NONE', #3268, #9046, #6563, .T. ) ;
#8069 = CARTESIAN_POINT ( 'NONE',  ( 0.02594002861502355700, 1.345240115449673100, 0.4700000000000000300 ) ) ;
#8070 = ORIENTED_EDGE ( 'NONE', *, *, #4561, .T. ) ;
#8071 = CARTESIAN_POINT ( 'NONE',  ( 0.3892115824168184100, 1.255543451032689500, 0.4600000000000000200 ) ) ;
#8072 = ORIENTED_EDGE ( 'NONE', *, *, #3160, .T. ) ;
#8073 = CARTESIAN_POINT ( 'NONE',  ( -0.1945786889974947300, 1.259983847140327300, 0.4700000000000000300 ) ) ;
#8074 = CARTESIAN_POINT ( 'NONE',  ( 0.3279657476104935200, 1.341900667578275400, 0.4700000000000000300 ) ) ;
#8075 = ORIENTED_EDGE ( 'NONE', *, *, #6291, .T. ) ;
#8076 = CARTESIAN_POINT ( 'NONE',  ( -0.02570561714403015900, 1.338681939761879200, 0.4600000000000000200 ) ) ;
#8077 = VERTEX_POINT ( 'NONE', #9137 ) ;
#8078 = ORIENTED_EDGE ( 'NONE', *, *, #10293, .T. ) ;
#8079 = CARTESIAN_POINT ( 'NONE',  ( 0.4590341919722750700, 1.125270789895327100, 0.4700000000000000300 ) ) ;
#8080 = CARTESIAN_POINT ( 'NONE',  ( 0.5827342731476982100, 1.300343099206631400, 0.4700000000000000300 ) ) ;
#8081 = DIRECTION ( 'NONE',  ( 0.0000000000000000000, -1.000000000000000000, 0.0000000000000000000 ) ) ;
#8082 = CARTESIAN_POINT ( 'NONE',  ( 0.3657212405783116800, 1.239686733455341900, 0.4600000000000000200 ) ) ;
#8083 = B_SPLINE_CURVE_WITH_KNOTS ( 'NONE', 3,
 ( #3792, #7889, #8687, #4633 ),
 .UNSPECIFIED., .F., .F.,
 ( 4, 4 ),
 ( 15.00000000000000000, 16.00000000000000000 ),
 .UNSPECIFIED. ) ;
#8084 = EDGE_CURVE ( 'NONE', #3955, #8192, #8735, .T. ) ;
#8085 = ORIENTED_EDGE ( 'NONE', *, *, #8166, .T. ) ;
#8086 = COLOUR_RGB ( '',0.6666666666666666300, 0.6666666666666666300, 0.6666666666666666300 ) ;
#8087 = ORIENTED_EDGE ( 'NONE', *, *, #1816, .F. ) ;
#8088 = DIRECTION ( 'NONE',  ( 0.3559357243643165900, -0.9345104387438640800, 0.0000000000000000000 ) ) ;
#8089 = CARTESIAN_POINT ( 'NONE',  ( 0.5785195694043259200, 1.325572374757527600, 0.4700000000000000300 ) ) ;
#8090 = UNCERTAINTY_MEASURE_WITH_UNIT (LENGTH_MEASURE( 1.000000000000000100E-005 ), #4100, 'distance_accuracy_value', 'NONE');
#8091 = VERTEX_POINT ( 'NONE', #8264 ) ;
#8092 = CARTESIAN_POINT ( 'NONE',  ( 0.5616607544331838600, 1.340073313508533900, 0.4700000000000000300 ) ) ;
#8093 = LINE ( 'NONE', #4319, #5907 ) ;
#8094 = LINE ( 'NONE', #9505, #3774 ) ;
#8095 = CARTESIAN_POINT ( 'NONE',  ( 0.1005392912368313900, 1.172268178417227500, 0.4600000000000000200 ) ) ;
#8096 = ORIENTED_EDGE ( 'NONE', *, *, #1363, .T. ) ;
#8097 = EDGE_LOOP ( 'NONE', ( #4190, #5985, #4038, #4833 ) ) ;
#8098 = EDGE_CURVE ( 'NONE', #3036, #9639, #1963, .T. ) ;
#8099 = FILL_AREA_STYLE ('',( #4019 ) ) ;
#8100 = ORIENTED_EDGE ( 'NONE', *, *, #5449, .T. ) ;
#8101 = FILL_AREA_STYLE ('',( #7323 ) ) ;
#8102 = DIRECTION ( 'NONE',  ( -1.000000000000000000, -0.0000000000000000000, -0.0000000000000000000 ) ) ;
#8103 = PLANE ( 'NONE',  #3196 ) ;
#8104 = VECTOR ( 'NONE', #3105, 1000.000000000000000 ) ;
#8105 = CARTESIAN_POINT ( 'NONE',  ( 0.3269341767647745400, 1.297985222987278600, 0.4700000000000000300 ) ) ;
#8106 = AXIS2_PLACEMENT_3D ( 'NONE', #7831, #2883, #3744 ) ;
#8107 = ORIENTED_EDGE ( 'NONE', *, *, #4573, .T. ) ;
#8108 = CARTESIAN_POINT ( 'NONE',  ( 0.2606778549914503000, 1.254777141261381100, 0.4700000000000000300 ) ) ;
#8109 = ORIENTED_EDGE ( 'NONE', *, *, #10558, .F. ) ;
#8110 = VECTOR ( 'NONE', #671, 1000.000000000000100 ) ;
#8111 = CARTESIAN_POINT ( 'NONE',  ( 0.5940336580937966000, 1.276616969746226600, 0.4700000000000000300 ) ) ;
#8112 = CARTESIAN_POINT ( 'NONE',  ( -0.3200038376330879300, 1.190303205535364800, 0.4600000000000000200 ) ) ;
#8113 = CARTESIAN_POINT ( 'NONE',  ( 0.5827342731476982100, 1.300343099206631400, 0.4600000000000000200 ) ) ;
#8114 = EDGE_CURVE ( 'NONE', #7842, #896, #6842, .T. ) ;
#8115 = AXIS2_PLACEMENT_3D ( 'NONE', #6955, #6074, #10209 ) ;
#8116 = ORIENTED_EDGE ( 'NONE', *, *, #4027, .F. ) ;
#8117 = LINE ( 'NONE', #6082, #5932 ) ;
#8118 = EDGE_LOOP ( 'NONE', ( #1821, #2845, #8318, #9798, #4365, #5387, #4782 ) ) ;
#8119 = EDGE_CURVE ( 'NONE', #2030, #4069, #10432, .T. ) ;
#8120 = FACE_OUTER_BOUND ( 'NONE', #10135, .T. ) ;
#8121 = B_SPLINE_CURVE_WITH_KNOTS ( 'NONE', 3,
 ( #1727, #5014, #8982, #115 ),
 .UNSPECIFIED., .F., .F.,
 ( 4, 4 ),
 ( 5.000000000000000000, 6.000000000000000000 ),
 .UNSPECIFIED. ) ;
#8122 = LINE ( 'NONE', #10492, #3806 ) ;
#8123 = CARTESIAN_POINT ( 'NONE',  ( 0.4267312877625429300, 1.128159188264286700, 0.4600000000000000200 ) ) ;
#8124 = DIRECTION ( 'NONE',  ( 1.000000000000000000, 0.0000000000000000000, 0.0000000000000000000 ) ) ;
#8125 = EDGE_CURVE ( 'NONE', #7681, #7794, #3916, .T. ) ;
#8126 = ORIENTED_EDGE ( 'NONE', *, *, #6785, .F. ) ;
#8127 = PLANE ( 'NONE',  #5577 ) ;
#8128 = ORIENTED_EDGE ( 'NONE', *, *, #1253, .F. ) ;
#8129 = SURFACE_STYLE_FILL_AREA ( #686 ) ;
#8130 = PLANE ( 'NONE',  #2279 ) ;
#8131 = PLANE ( 'NONE',  #3110 ) ;
#8132 = DIRECTION ( 'NONE',  ( 0.0000000000000000000, 0.0000000000000000000, 1.000000000000000000 ) ) ;
#8133 = CARTESIAN_POINT ( 'NONE',  ( -0.08554898544544557700, 1.387868275012904300, 0.4700000000000000300 ) ) ;
#8134 = LINE ( 'NONE', #3040, #4818 ) ;
#8135 = ORIENTED_EDGE ( 'NONE', *, *, #3173, .F. ) ;
#8136 = CARTESIAN_POINT ( 'NONE',  ( -0.6250000000000001100, -1.101000000000000000, 0.1000000000000000100 ) ) ;
#8137 = DIRECTION ( 'NONE',  ( -0.0000000000000000000, -0.0000000000000000000, -1.000000000000000000 ) ) ;
#8138 = ORIENTED_EDGE ( 'NONE', *, *, #9310, .T. ) ;
#8139 = LINE ( 'NONE', #9908, #1734 ) ;
#8140 = FACE_OUTER_BOUND ( 'NONE', #5123, .T. ) ;
#8141 = LINE ( 'NONE', #2943, #5574 ) ;
#8142 = VERTEX_POINT ( 'NONE', #6793 ) ;
#8143 = CARTESIAN_POINT ( 'NONE',  ( 0.4931939237048564900, 1.036143068791630000, 0.4600000000000000200 ) ) ;
#8144 = VECTOR ( 'NONE', #9865, 1000.000000000000000 ) ;
#8145 = DIRECTION ( 'NONE',  ( 0.0000000000000000000, 0.0000000000000000000, -1.000000000000000000 ) ) ;
#8146 = DIRECTION ( 'NONE',  ( -0.0000000000000000000, -0.0000000000000000000, -1.000000000000000000 ) ) ;
#8147 = B_SPLINE_CURVE_WITH_KNOTS ( 'NONE', 3,
 ( #4843, #2336, #5615, #746 ),
 .UNSPECIFIED., .F., .F.,
 ( 4, 4 ),
 ( 15.00000000000000000, 16.00000000000000000 ),
 .UNSPECIFIED. ) ;
#8148 = DIRECTION ( 'NONE',  ( -0.0000000000000000000, 1.000000000000000000, -0.0000000000000000000 ) ) ;
#8149 = ORIENTED_EDGE ( 'NONE', *, *, #9359, .T. ) ;
#8150 = LINE ( 'NONE', #8724, #5837 ) ;
#8151 = VECTOR ( 'NONE', #6851, 1000.000000000000000 ) ;
#8152 = ORIENTED_EDGE ( 'NONE', *, *, #8595, .T. ) ;
#8153 = DIRECTION ( 'NONE',  ( 0.2524218971878337500, -0.9676172723861923300, 0.0000000000000000000 ) ) ;
#8154 = DIRECTION ( 'NONE',  ( -1.000000000000000000, 0.0000000000000000000, 0.0000000000000000000 ) ) ;
#8155 = ORIENTED_EDGE ( 'NONE', *, *, #1578, .F. ) ;
#8156 = AXIS2_PLACEMENT_3D ( 'NONE', #4303, #8339, #5064 ) ;
#8157 = LINE ( 'NONE', #7599, #5462 ) ;
#8158 = ORIENTED_EDGE ( 'NONE', *, *, #9166, .F. ) ;
#8159 = FACE_OUTER_BOUND ( 'NONE', #360, .T. ) ;
#8160 = ORIENTED_EDGE ( 'NONE', *, *, #3311, .T. ) ;
#8161 = CARTESIAN_POINT ( 'NONE',  ( 0.3362772612852169600, 1.077995371691185600, 0.4700000000000000300 ) ) ;
#8162 = ORIENTED_EDGE ( 'NONE', *, *, #4884, .T. ) ;
#8163 = CARTESIAN_POINT ( 'NONE',  ( 0.02594002861502355700, 1.345240115449673100, 0.4600000000000000200 ) ) ;
#8164 = CARTESIAN_POINT ( 'NONE',  ( 0.1505454175049576700, 1.222274273413523200, 0.4600000000000000200 ) ) ;
#8165 = SURFACE_SIDE_STYLE ('',( #2210 ) ) ;
#8166 = EDGE_CURVE ( 'NONE', #10577, #7292, #9378, .T. ) ;
#8167 = AXIS2_PLACEMENT_3D ( 'NONE', #3295, #4147, #9836 ) ;
#8168 = ORIENTED_EDGE ( 'NONE', *, *, #8187, .T. ) ;
#8169 = CARTESIAN_POINT ( 'NONE',  ( -0.6500000000000000200, -0.7500000000000000000, -0.02000000000000000000 ) ) ;
#8170 =( NAMED_UNIT ( * ) PLANE_ANGLE_UNIT ( ) SI_UNIT ( $, .RADIAN. ) );
#8171 = DIRECTION ( 'NONE',  ( -0.0000000000000000000, -0.0000000000000000000, -1.000000000000000000 ) ) ;
#8172 = CARTESIAN_POINT ( 'NONE',  ( -0.3750000000000001100, -1.101000000000000000, 0.1000000000000000100 ) ) ;
#8173 = CARTESIAN_POINT ( 'NONE',  ( 0.4444448328627393900, 1.087544770380222300, 0.4700000000000000300 ) ) ;
#8174 = AXIS2_PLACEMENT_3D ( 'NONE', #9518, #3011, #1392 ) ;
#8175 = EDGE_CURVE ( 'NONE', #583, #5466, #10079, .T. ) ;
#8176 = VERTEX_POINT ( 'NONE', #10010 ) ;
#8177 = EDGE_CURVE ( 'NONE', #5762, #2082, #1209, .T. ) ;
#8178 = DIRECTION ( 'NONE',  ( -0.0000000000000000000, -1.000000000000000000, -0.0000000000000000000 ) ) ;
#8179 = B_SPLINE_CURVE_WITH_KNOTS ( 'NONE', 3,
 ( #10099, #5900, #4292, #1985 ),
 .UNSPECIFIED., .F., .F.,
 ( 4, 4 ),
 ( 11.00000000000000000, 12.00000000000000000 ),
 .UNSPECIFIED. ) ;
#8180 = DIRECTION ( 'NONE',  ( 0.0000000000000000000, -1.000000000000000000, 0.0000000000000000000 ) ) ;
#8181 = DIRECTION ( 'NONE',  ( -0.0000000000000000000, -0.0000000000000000000, -1.000000000000000000 ) ) ;
#8182 = ORIENTED_EDGE ( 'NONE', *, *, #3517, .F. ) ;
#8183 = VERTEX_POINT ( 'NONE', #4341 ) ;
#8184 = LINE ( 'NONE', #9461, #9860 ) ;
#8185 = ORIENTED_EDGE ( 'NONE', *, *, #6113, .T. ) ;
#8186 = CARTESIAN_POINT ( 'NONE',  ( 0.6949397077511458900, 1.160756827001928200, 0.4700000000000000300 ) ) ;
#8187 = EDGE_CURVE ( 'NONE', #496, #8688, #4670, .T. ) ;
#8188 = VERTEX_POINT ( 'NONE', #4306 ) ;
#8189 = VECTOR ( 'NONE', #9355, 1000.000000000000100 ) ;
#8190 = CARTESIAN_POINT ( 'NONE',  ( 0.5374041028241503000, 1.356932128478890400, 0.4700000000000000300 ) ) ;
#8191 = DIRECTION ( 'NONE',  ( -0.0000000000000000000, -0.0000000000000000000, -1.000000000000000000 ) ) ;
#8192 = VERTEX_POINT ( 'NONE', #2660 ) ;
#8193 = COLOUR_RGB ( '',0.2980392156862745100, 0.2980392156862745100, 0.2980392156862745100 ) ;
#8194 = FILL_AREA_STYLE_COLOUR ( '', #7597 ) ;
#8195 = VERTEX_POINT ( 'NONE', #7508 ) ;
#8196 =( LENGTH_UNIT ( ) NAMED_UNIT ( * ) SI_UNIT ( .MILLI., .METRE. ) );
#8197 = ORIENTED_EDGE ( 'NONE', *, *, #8309, .F. ) ;
#8198 = VECTOR ( 'NONE', #8081, 1000.000000000000000 ) ;
#8199 = CARTESIAN_POINT ( 'NONE',  ( 0.5507850503705162800, 1.254777141261381100, 0.4700000000000000300 ) ) ;
#8200 = ORIENTED_EDGE ( 'NONE', *, *, #1423, .F. ) ;
#8201 = CARTESIAN_POINT ( 'NONE',  ( 0.5045117295593851700, 1.241631981336718300, 0.4600000000000000200 ) ) ;
#8202 = CARTESIAN_POINT ( 'NONE',  ( 0.3803400731401662700, 1.345437481907692400, 0.4600000000000000200 ) ) ;
#8203 = B_SPLINE_CURVE_WITH_KNOTS ( 'NONE', 3,
 ( #5160, #4469, #9273, #350 ),
 .UNSPECIFIED., .F., .F.,
 ( 4, 4 ),
 ( 11.00000000000000000, 12.00000000000000000 ),
 .UNSPECIFIED. ) ;
#8204 = ORIENTED_EDGE ( 'NONE', *, *, #5161, .T. ) ;
#8205 = UNCERTAINTY_MEASURE_WITH_UNIT (LENGTH_MEASURE( 1.000000000000000100E-005 ), #3809, 'distance_accuracy_value', 'NONE');
#8206 = EDGE_CURVE ( 'NONE', #5399, #6281, #2392, .T. ) ;
#8207 = ORIENTED_EDGE ( 'NONE', *, *, #2522, .T. ) ;
#8208 = ORIENTED_EDGE ( 'NONE', *, *, #6376, .T. ) ;
#8209 = LINE ( 'NONE', #7050, #303 ) ;
#8210 = EDGE_CURVE ( 'NONE', #3638, #5864, #1711, .T. ) ;
#8211 = ORIENTED_EDGE ( 'NONE', *, *, #7356, .F. ) ;
#8212 = LINE ( 'NONE', #6363, #5023 ) ;
#8213 = FILL_AREA_STYLE ('',( #3419 ) ) ;
#8214 = ORIENTED_EDGE ( 'NONE', *, *, #2547, .F. ) ;
#8215 = VERTEX_POINT ( 'NONE', #2519 ) ;
#8216 = PRESENTATION_STYLE_ASSIGNMENT (( #3674 ) ) ;
#8217 = EDGE_CURVE ( 'NONE', #8067, #311, #130, .T. ) ;
#8218 = ORIENTED_EDGE ( 'NONE', *, *, #5081, .F. ) ;
#8219 = CARTESIAN_POINT ( 'NONE',  ( -0.3372190815516871200, 1.099308466557788400, 0.4600000000000000200 ) ) ;
#8220 = PRESENTATION_STYLE_ASSIGNMENT (( #2937 ) ) ;
#8221 = PLANE ( 'NONE',  #10517 ) ;
#8222 = CARTESIAN_POINT ( 'NONE',  ( 0.7656170474356555100, 1.058719733595270100, 0.4700000000000000300 ) ) ;
#8223 = ORIENTED_EDGE ( 'NONE', *, *, #3049, .F. ) ;
#8224 = LINE ( 'NONE', #2687, #4548 ) ;
#8225 = CARTESIAN_POINT ( 'NONE',  ( 0.1513651772506174900, 1.173087969434327500, 0.4600000000000000200 ) ) ;
#8226 = COLOUR_RGB ( '',0.2980392156862745100, 0.2980392156862745100, 0.2980392156862745100 ) ;
#8227 = AXIS2_PLACEMENT_3D ( 'NONE', #3834, #1362, #8758 ) ;
#8228 = ORIENTED_EDGE ( 'NONE', *, *, #8492, .F. ) ;
#8229 = VECTOR ( 'NONE', #1537, 1000.000000000000000 ) ;
#8230 = SURFACE_STYLE_USAGE ( .BOTH. , #9060 ) ;
#8231 = EDGE_CURVE ( 'NONE', #10161, #204, #5157, .T. ) ;
#8232 = DIRECTION ( 'NONE',  ( -0.0000000000000000000, -0.0000000000000000000, -1.000000000000000000 ) ) ;
#8233 = CARTESIAN_POINT ( 'NONE',  ( 0.1249999999999998900, -1.500999999999999900, 0.1000000000000000100 ) ) ;
#8234 = ORIENTED_EDGE ( 'NONE', *, *, #4493, .F. ) ;
#8235 = LINE ( 'NONE', #9607, #4436 ) ;
#8236 = DIRECTION ( 'NONE',  ( 1.000000000000000000, -0.0000000000000000000, -0.0000000000000000000 ) ) ;
#8237 = ADVANCED_FACE ( 'NONE', ( #3377 ), #3838, .F. ) ;
#8238 = ORIENTED_EDGE ( 'NONE', *, *, #1973, .T. ) ;
#8239 = VECTOR ( 'NONE', #1328, 1000.000000000000000 ) ;
#8240 = DIRECTION ( 'NONE',  ( -0.0000000000000000000, 0.0000000000000000000, -1.000000000000000000 ) ) ;
#8241 = CARTESIAN_POINT ( 'NONE',  ( 0.3733548648394733900, 1.111064585672230500, 0.4700000000000000300 ) ) ;
#8242 = B_SPLINE_CURVE_WITH_KNOTS ( 'NONE', 3,
 ( #9245, #175, #1921, #5990 ),
 .UNSPECIFIED., .F., .F.,
 ( 4, 4 ),
 ( 3.000000000000000000, 4.000000000000000000 ),
 .UNSPECIFIED. ) ;
#8243 = VERTEX_POINT ( 'NONE', #9906 ) ;
#8244 = CARTESIAN_POINT ( 'NONE',  ( -0.1765437244230203000, 1.053401170288617000, 0.4600000000000000200 ) ) ;
#8245 = CARTESIAN_POINT ( 'NONE',  ( 0.3657212405783116800, 1.239686733455341900, 0.4600000000000000200 ) ) ;
#8246 = VECTOR ( 'NONE', #8659, 1000.000000000000000 ) ;
#8247 = ORIENTED_EDGE ( 'NONE', *, *, #742, .T. ) ;
#8248 = ORIENTED_EDGE ( 'NONE', *, *, #2297, .F. ) ;
#8249 = EDGE_CURVE ( 'NONE', #710, #7873, #2520, .T. ) ;
#8250 = CARTESIAN_POINT ( 'NONE',  ( 0.6489021745624981000, 1.174019880737444500, 0.4600000000000000200 ) ) ;
#8251 = CARTESIAN_POINT ( 'NONE',  ( 0.3065974943700323600, 1.241631981336715800, 0.4700000000000000300 ) ) ;
#8252 = CARTESIAN_POINT ( 'NONE',  ( -0.2199916320041912800, 1.319827176352346600, 0.4600000000000000200 ) ) ;
#8253 = LINE ( 'NONE', #6888, #5207 ) ;
#8254 = CARTESIAN_POINT ( 'NONE',  ( -0.3372190815516871200, 1.099308466557788400, 0.4700000000000000300 ) ) ;
#8255 = VERTEX_POINT ( 'NONE', #359 ) ;
#8256 = LINE ( 'NONE', #3980, #6361 ) ;
#8257 = VERTEX_POINT ( 'NONE', #5206 ) ;
#8258 = APPLICATION_PROTOCOL_DEFINITION ( 'draft international standard', 'automotive_design', 1998, #9793 ) ;
#8259 = CARTESIAN_POINT ( 'NONE',  ( 0.6212266024333380500, 1.123856064163558400, 0.4700000000000000300 ) ) ;
#8260 = CARTESIAN_POINT ( 'NONE',  ( 0.4254934027470531600, 1.112479311403996400, 0.4700000000000000300 ) ) ;
#8261 = FILL_AREA_STYLE_COLOUR ( '', #212 ) ;
#8262 = FACE_OUTER_BOUND ( 'NONE', #3938, .T. ) ;
#8263 = CARTESIAN_POINT ( 'NONE',  ( -0.8750000000000001100, 1.500999999999999900, -0.04000000000000000100 ) ) ;
#8264 = CARTESIAN_POINT ( 'NONE',  ( 0.3078059059324215200, 1.071864893519934900, 0.4700000000000000300 ) ) ;
#8265 = LINE ( 'NONE', #4806, #2919 ) ;
#8266 = B_SPLINE_CURVE_WITH_KNOTS ( 'NONE', 3,
 ( #5603, #7507, #5768, #9171 ),
 .UNSPECIFIED., .F., .F.,
 ( 4, 4 ),
 ( 3.000000000000000000, 4.000000000000000000 ),
 .UNSPECIFIED. ) ;
#8267 = ORIENTED_EDGE ( 'NONE', *, *, #10496, .F. ) ;
#8268 = LINE ( 'NONE', #10190, #1146 ) ;
#8269 = CARTESIAN_POINT ( 'NONE',  ( 0.4356027970391868100, 1.293564205074917700, 0.4600000000000000200 ) ) ;
#8270 = ORIENTED_EDGE ( 'NONE', *, *, #433, .F. ) ;
#8271 = DIRECTION ( 'NONE',  ( 0.0000000000000000000, 0.0000000000000000000, -1.000000000000000000 ) ) ;
#8272 = VERTEX_POINT ( 'NONE', #428 ) ;
#8273 = CARTESIAN_POINT ( 'NONE',  ( -1.500000000000000000, 0.0000000000000000000, -0.04000000000000000100 ) ) ;
#8274 = FACE_OUTER_BOUND ( 'NONE', #8018, .T. ) ;
#8275 = CARTESIAN_POINT ( 'NONE',  ( -0.1250000000000001100, 1.500000000000000000, 0.4600000000000000200 ) ) ;
#8276 = ORIENTED_EDGE ( 'NONE', *, *, #9213, .F. ) ;
#8277 = CYLINDRICAL_SURFACE ( 'NONE', #884, 0.1000000000000001600 ) ;
#8278 = CARTESIAN_POINT ( 'NONE',  ( 0.4115524595983660100, 1.105818311083129900, 0.4600000000000000200 ) ) ;
#8279 = CARTESIAN_POINT ( 'NONE',  ( 0.4207187034025312600, 1.241631981336715800, 0.4700000000000000300 ) ) ;
#8280 = SURFACE_STYLE_USAGE ( .BOTH. , #938 ) ;
#8281 = EDGE_LOOP ( 'NONE', ( #2102, #3093, #2443, #2306 ) ) ;
#8282 = EDGE_CURVE ( 'NONE', #4108, #3847, #4665, .T. ) ;
#8283 = EDGE_LOOP ( 'NONE', ( #8035, #2758, #9230, #6341 ) ) ;
#8284 = PRESENTATION_LAYER_ASSIGNMENT (  '', '', ( #7029 ) ) ;
#8285 = CARTESIAN_POINT ( 'NONE',  ( 0.5651091484052523900, 1.058719733595268900, 0.4600000000000000200 ) ) ;
#8286 = ORIENTED_EDGE ( 'NONE', *, *, #3904, .T. ) ;
#8287 = FACE_OUTER_BOUND ( 'NONE', #4941, .T. ) ;
#8288 = ORIENTED_EDGE ( 'NONE', *, *, #2171, .T. ) ;
#8289 = DIRECTION ( 'NONE',  ( 1.000000000000000000, 0.0000000000000000000, 0.0000000000000000000 ) ) ;
#8290 = CARTESIAN_POINT ( 'NONE',  ( -0.02570561714402799100, 1.083732781219903100, 0.4600000000000000200 ) ) ;
#8291 = CARTESIAN_POINT ( 'NONE',  ( 0.5368146337683330500, 1.343669074743377000, 0.4600000000000000200 ) ) ;
#8292 = EDGE_CURVE ( 'NONE', #8661, #2324, #4033, .T. ) ;
#8293 = VECTOR ( 'NONE', #2157, 1000.000000000000200 ) ;
#8294 = MECHANICAL_DESIGN_GEOMETRIC_PRESENTATION_REPRESENTATION (  '', ( #3333 ), #2982 ) ;
#8295 = ORIENTED_EDGE ( 'NONE', *, *, #880, .F. ) ;
#8296 =( NAMED_UNIT ( * ) SI_UNIT ( $, .STERADIAN. ) SOLID_ANGLE_UNIT ( ) );
#8297 = VERTEX_POINT ( 'NONE', #7686 ) ;
#8298 = ADVANCED_FACE ( 'NONE', ( #1823 ), #141, .F. ) ;
#8299 = DIRECTION ( 'NONE',  ( 0.0000000000000000000, -0.0000000000000000000, -1.000000000000000000 ) ) ;
#8300 = CARTESIAN_POINT ( 'NONE',  ( 0.4790171929340778000, 1.032311519934303100, 0.4700000000000000300 ) ) ;
#8301 = PLANE ( 'NONE',  #619 ) ;
#8302 = EDGE_CURVE ( 'NONE', #9737, #10588, #6044, .T. ) ;
#8303 = CARTESIAN_POINT ( 'NONE',  ( 0.5368146337683330500, 1.343669074743377000, 0.4600000000000000200 ) ) ;
#8304 = CARTESIAN_POINT ( 'NONE',  ( 0.3892115824168184100, 1.255543451032689500, 0.4700000000000000300 ) ) ;
#8305 = PRESENTATION_LAYER_ASSIGNMENT (  '', '', ( #1430 ) ) ;
#8306 = CARTESIAN_POINT ( 'NONE',  ( -0.3372190815516871200, 1.099308466557788400, 0.4600000000000000200 ) ) ;
#8307 = FILL_AREA_STYLE ('',( #660 ) ) ;
#8308 = LINE ( 'NONE', #9269, #6144 ) ;
#8309 = EDGE_CURVE ( 'NONE', #1244, #492, #1582, .T. ) ;
#8310 = ORIENTED_EDGE ( 'NONE', *, *, #1879, .T. ) ;
#8311 = VERTEX_POINT ( 'NONE', #8641 ) ;
#8312 = CARTESIAN_POINT ( 'NONE',  ( 0.3877968566850573700, 1.111713001631901500, 0.4700000000000000300 ) ) ;
#8313 = PLANE ( 'NONE',  #10457 ) ;
#8314 = B_SPLINE_CURVE_WITH_KNOTS ( 'NONE', 3,
 ( #5654, #10511, #1572, #8069 ),
 .UNSPECIFIED., .F., .F.,
 ( 4, 4 ),
 ( 0.0000000000000000000, 1.000000000000000000 ),
 .UNSPECIFIED. ) ;
#8315 = CARTESIAN_POINT ( 'NONE',  ( 0.3657212405783116800, 1.239686733455341900, 0.4700000000000000300 ) ) ;
#8317 = DIRECTION ( 'NONE',  ( 0.0000000000000000000, 0.0000000000000000000, 1.000000000000000000 ) ) ;
#8316 = AXIS2_PLACEMENT_3D ( 'NONE', #2881, #7683, #8482 ) ;
#8318 = ORIENTED_EDGE ( 'NONE', *, *, #2450, .F. ) ;
#8319 = CARTESIAN_POINT ( 'NONE',  ( 0.4305038897140512900, 1.142954861543203500, 0.4700000000000000300 ) ) ;
#8320 = AXIS2_PLACEMENT_3D ( 'NONE', #9272, #7602, #6051 ) ;
#8321 = EDGE_LOOP ( 'NONE', ( #6160, #2680, #6308, #7306 ) ) ;
#8322 = FACE_OUTER_BOUND ( 'NONE', #134, .T. ) ;
#8323 = ORIENTED_EDGE ( 'NONE', *, *, #9569, .T. ) ;
#8324 = SURFACE_STYLE_FILL_AREA ( #6034 ) ;
#8325 = EDGE_CURVE ( 'NONE', #8781, #5261, #3372, .T. ) ;
#8326 = CARTESIAN_POINT ( 'NONE',  ( 0.4536994970250442000, 1.063317592223118800, 0.4700000000000000300 ) ) ;
#8327 = EDGE_CURVE ( 'NONE', #5560, #2430, #8094, .T. ) ;
#8328 = ORIENTED_EDGE ( 'NONE', *, *, #3261, .F. ) ;
#8329 = DIRECTION ( 'NONE',  ( 0.0000000000000000000, 0.0000000000000000000, 1.000000000000000000 ) ) ;
#8330 = DIRECTION ( 'NONE',  ( 0.0000000000000000000, 0.0000000000000000000, 1.000000000000000000 ) ) ;
#8331 =( NAMED_UNIT ( * ) SI_UNIT ( $, .STERADIAN. ) SOLID_ANGLE_UNIT ( ) );
#8332 = VECTOR ( 'NONE', #10132, 1000.000000000000000 ) ;
#8333 = FACE_OUTER_BOUND ( 'NONE', #8850, .T. ) ;
#8334 = VERTEX_POINT ( 'NONE', #8605 ) ;
#8335 = UNCERTAINTY_MEASURE_WITH_UNIT (LENGTH_MEASURE( 1.000000000000000100E-005 ), #964, 'distance_accuracy_value', 'NONE');
#8336 = VERTEX_POINT ( 'NONE', #6280 ) ;
#8337 = CARTESIAN_POINT ( 'NONE',  ( 0.4816698036809432000, 1.032311519934303100, 0.4600000000000000200 ) ) ;
#8338 = EDGE_LOOP ( 'NONE', ( #10639, #2322, #2621, #10592, #8806, #758, #3365, #8070 ) ) ;
#8339 = DIRECTION ( 'NONE',  ( 0.0000000000000000000, 0.0000000000000000000, 1.000000000000000000 ) ) ;
#8340 = FACE_OUTER_BOUND ( 'NONE', #5771, .T. ) ;
#8341 = DIRECTION ( 'NONE',  ( 0.0000000000000000000, 1.000000000000000000, 0.0000000000000000000 ) ) ;
#8342 = CARTESIAN_POINT ( 'NONE',  ( 0.5785195694043259200, 1.325572374757527600, 0.4600000000000000200 ) ) ;
#8343 = B_SPLINE_CURVE_WITH_KNOTS ( 'NONE', 3,
 ( #3234, #3092, #3167, #1596 ),
 .UNSPECIFIED., .F., .F.,
 ( 4, 4 ),
 ( 7.000000000000000000, 8.000000000000000000 ),
 .UNSPECIFIED. ) ;
#8344 =( NAMED_UNIT ( * ) PLANE_ANGLE_UNIT ( ) SI_UNIT ( $, .RADIAN. ) );
#8345 = SURFACE_SIDE_STYLE ('',( #5553 ) ) ;
#8346 = ORIENTED_EDGE ( 'NONE', *, *, #10230, .F. ) ;
#8347 = ORIENTED_EDGE ( 'NONE', *, *, #1578, .T. ) ;
#8348 = AXIS2_PLACEMENT_3D ( 'NONE', #3427, #5086, #8329 ) ;
#8349 = FACE_OUTER_BOUND ( 'NONE', #4601, .T. ) ;
#8350 = FILL_AREA_STYLE_COLOUR ( '', #2629 ) ;
#8351 =( LENGTH_UNIT ( ) NAMED_UNIT ( * ) SI_UNIT ( .MILLI., .METRE. ) );
#8352 = CARTESIAN_POINT ( 'NONE',  ( -0.1945787046334087300, 1.053401170288617000, 0.4600000000000000200 ) ) ;
#8353 = CARTESIAN_POINT ( 'NONE',  ( 0.3733548648394733900, 1.085363734877148100, 0.4600000000000000200 ) ) ;
#8354 = ORIENTED_EDGE ( 'NONE', *, *, #3460, .T. ) ;
#8355 = VECTOR ( 'NONE', #6152, 1000.000000000000000 ) ;
#8356 = ADVANCED_FACE ( 'NONE', ( #10015 ), #7875, .F. ) ;
#8357 = ORIENTED_EDGE ( 'NONE', *, *, #8210, .F. ) ;
#8358 = LINE ( 'NONE', #732, #195 ) ;
#8359 = EDGE_CURVE ( 'NONE', #6220, #311, #1477, .T. ) ;
#8360 = CARTESIAN_POINT ( 'NONE',  ( 0.3578223552423515100, 1.068622813717637500, 0.4600000000000000200 ) ) ;
#8361 = CARTESIAN_POINT ( 'NONE',  ( 0.3729717099538177900, 1.071452265181171800, 0.4700000000000000300 ) ) ;
#8362 = DIRECTION ( 'NONE',  ( -1.000000000000000000, 0.0000000000000000000, 0.0000000000000000000 ) ) ;
#8363 = COLOUR_RGB ( '',1.000000000000000000, 1.000000000000000000, 1.000000000000000000 ) ;
#8364 = ORIENTED_EDGE ( 'NONE', *, *, #2055, .T. ) ;
#8365 = LINE ( 'NONE', #3135, #4070 ) ;
#8366 = CARTESIAN_POINT ( 'NONE',  ( -0.5000000000000000000, 0.0000000000000000000, -0.04000000000000000100 ) ) ;
#8367 = CARTESIAN_POINT ( 'NONE',  ( 0.3216289552702570300, 1.080765876249294000, 0.4600000000000000200 ) ) ;
#8368 = VERTEX_POINT ( 'NONE', #7800 ) ;
#8369 = EDGE_CURVE ( 'NONE', #3097, #8596, #932, .T. ) ;
#8370 = STYLED_ITEM ( 'NONE', ( #5841 ), #9420 ) ;
#8371 = CARTESIAN_POINT ( 'NONE',  ( 0.2606778549914503000, 1.356932128478890400, 0.4700000000000000300 ) ) ;
#8372 = EDGE_CURVE ( 'NONE', #6968, #10524, #5019, .T. ) ;
#8373 = LINE ( 'NONE', #5450, #7007 ) ;
#8374 = CARTESIAN_POINT ( 'NONE',  ( -0.1117817038333259600, 1.086192122999369800, 0.4700000000000000300 ) ) ;
#8375 = VERTEX_POINT ( 'NONE', #6209 ) ;
#8376 = CARTESIAN_POINT ( 'NONE',  ( 0.6949397077511458900, 1.160756827001928200, 0.4600000000000000200 ) ) ;
#8377 = FACE_OUTER_BOUND ( 'NONE', #1769, .T. ) ;
#8378 = DIRECTION ( 'NONE',  ( -1.000000000000000000, 0.0000000000000000000, 0.0000000000000000000 ) ) ;
#8379 = EDGE_CURVE ( 'NONE', #2074, #1244, #4780, .T. ) ;
#8380 = CARTESIAN_POINT ( 'NONE',  ( -0.2970502364062502200, 1.066517576390697300, 0.4700000000000000300 ) ) ;
#8381 = ORIENTED_EDGE ( 'NONE', *, *, #3426, .F. ) ;
#8382 = SURFACE_STYLE_FILL_AREA ( #2524 ) ;
#8383 = DIRECTION ( 'NONE',  ( -1.000000000000000000, 0.0000000000000000000, 0.0000000000000000000 ) ) ;
#8384 = AXIS2_PLACEMENT_3D ( 'NONE', #4991, #2423, #2455 ) ;
#8385 = ADVANCED_FACE ( 'NONE', ( #10425 ), #297, .F. ) ;
#8386 = LINE ( 'NONE', #7268, #2133 ) ;
#8387 = PRESENTATION_STYLE_ASSIGNMENT (( #2974 ) ) ;
#8388 =( NAMED_UNIT ( * ) PLANE_ANGLE_UNIT ( ) SI_UNIT ( $, .RADIAN. ) );
#8389 = ORIENTED_EDGE ( 'NONE', *, *, #8098, .T. ) ;
#8390 = PRESENTATION_STYLE_ASSIGNMENT (( #1429 ) ) ;
#8391 = CARTESIAN_POINT ( 'NONE',  ( 0.5799932420423104000, 1.110651957333468100, 0.4700000000000000300 ) ) ;
#8392 = CARTESIAN_POINT ( 'NONE',  ( 0.3376625135642761200, 1.074812238794314600, 0.4600000000000000200 ) ) ;
#8393 = CARTESIAN_POINT ( 'NONE',  ( 0.3168542559253426600, 1.330582861724137300, 0.4600000000000000200 ) ) ;
#8394 = ORIENTED_EDGE ( 'NONE', *, *, #1454, .T. ) ;
#8395 = DIRECTION ( 'NONE',  ( -0.0000000000000000000, -0.0000000000000000000, -1.000000000000000000 ) ) ;
#8396 = EDGE_CURVE ( 'NONE', #5027, #5393, #8209, .T. ) ;
#8397 = LINE ( 'NONE', #6406, #632 ) ;
#8398 = PRESENTATION_STYLE_ASSIGNMENT (( #5568 ) ) ;
#8399 = ORIENTED_EDGE ( 'NONE', *, *, #9346, .F. ) ;
#8400 = VECTOR ( 'NONE', #1326, 1000.000000000000000 ) ;
#8401 = CARTESIAN_POINT ( 'NONE',  ( 0.3378098808278375300, 1.127864453737160700, 0.4700000000000000300 ) ) ;
#8402 = CARTESIAN_POINT ( 'NONE',  ( 0.7814148181083631100, 1.103283594146726700, 0.4600000000000000200 ) ) ;
#8403 = ORIENTED_EDGE ( 'NONE', *, *, #7816, .T. ) ;
#8404 = CARTESIAN_POINT ( 'NONE',  ( 0.4590341919722750700, 1.125270789895327100, 0.4700000000000000300 ) ) ;
#8405 = CARTESIAN_POINT ( 'NONE',  ( 0.8201134615637640800, 1.103283594146726700, 0.4600000000000000200 ) ) ;
#8406 = ORIENTED_EDGE ( 'NONE', *, *, #6627, .F. ) ;
#8407 = EDGE_CURVE ( 'NONE', #5298, #5356, #5278, .T. ) ;
#8408 = VERTEX_POINT ( 'NONE', #2201 ) ;
#8409 = ORIENTED_EDGE ( 'NONE', *, *, #4561, .F. ) ;
#8410 = ADVANCED_FACE ( 'NONE', ( #8333 ), #7410, .F. ) ;
#8411 = CARTESIAN_POINT ( 'NONE',  ( 0.001346829717679487800, 1.109145708590685100, 0.4700000000000000300 ) ) ;
#8412 = CARTESIAN_POINT ( 'NONE',  ( 0.4816698036809432000, 1.032311519934303100, 0.4600000000000000200 ) ) ;
#8413 = DIRECTION ( 'NONE',  ( 0.0000000000000000000, 0.0000000000000000000, 1.000000000000000000 ) ) ;
#8414 = CARTESIAN_POINT ( 'NONE',  ( 0.2606778549914503000, 1.356932128478890400, 0.4700000000000000300 ) ) ;
#8415 = CARTESIAN_POINT ( 'NONE',  ( 0.4395227662542640600, 1.105405682744374300, 0.4700000000000000300 ) ) ;
#8416 = B_SPLINE_CURVE_WITH_KNOTS ( 'NONE', 3,
 ( #3864, #3157, #2358, #5536 ),
 .UNSPECIFIED., .F., .F.,
 ( 4, 4 ),
 ( 0.0000000000000000000, 1.000000000000000000 ),
 .UNSPECIFIED. ) ;
#8417 = DIRECTION ( 'NONE',  ( 0.0000000000000000000, 0.0000000000000000000, -1.000000000000000000 ) ) ;
#8418 = LINE ( 'NONE', #6089, #4732 ) ;
#8419 = DIRECTION ( 'NONE',  ( 0.0000000000000000000, -1.000000000000000000, 0.0000000000000000000 ) ) ;
#8420 = ORIENTED_EDGE ( 'NONE', *, *, #9894, .F. ) ;
#8421 = LINE ( 'NONE', #554, #3865 ) ;
#8422 = ORIENTED_EDGE ( 'NONE', *, *, #6980, .F. ) ;
#8423 = CARTESIAN_POINT ( 'NONE',  ( 0.5809953394353111200, 1.341664879956576200, 0.4700000000000000300 ) ) ;
#8424 = PLANE ( 'NONE',  #6356 ) ;
#8425 = AXIS2_PLACEMENT_3D ( 'NONE', #67, #6578, #7484 ) ;
#8426 = CARTESIAN_POINT ( 'NONE',  ( 0.6323086206657669800, 1.273168575775143600, 0.4600000000000000200 ) ) ;
#8427 = PLANE ( 'NONE',  #3306 ) ;
#8428 = VECTOR ( 'NONE', #9454, 1000.000000000000000 ) ;
#8429 = CARTESIAN_POINT ( 'NONE',  ( 0.4590341919722750700, 1.139300153402147900, 0.4700000000000000300 ) ) ;
#8430 = EDGE_CURVE ( 'NONE', #3097, #5737, #7213, .T. ) ;
#8431 = CARTESIAN_POINT ( 'NONE',  ( 0.3401088101421552700, 1.092378416630561200, 0.4600000000000000200 ) ) ;
#8432 = AXIS2_PLACEMENT_3D ( 'NONE', #7669, #5974, #6858 ) ;
#8433 = ORIENTED_EDGE ( 'NONE', *, *, #313, .T. ) ;
#8434 = AXIS2_PLACEMENT_3D ( 'NONE', #2069, #3811, #2167 ) ;
#8435 = CARTESIAN_POINT ( 'NONE',  ( 0.3630686298310509300, 1.070862796126138300, 0.4600000000000000200 ) ) ;
#8436 = CARTESIAN_POINT ( 'NONE',  ( 0.6249999999999998900, -1.101000000000000000, -0.04000000000000000100 ) ) ;
#8437 = LINE ( 'NONE', #6736, #4014 ) ;
#8438 = DIRECTION ( 'NONE',  ( -0.0000000000000000000, 1.000000000000000000, -0.0000000000000000000 ) ) ;
#8439 = CARTESIAN_POINT ( 'NONE',  ( 0.5983846765552801600, 1.300755727545389600, 0.4700000000000000300 ) ) ;
#8440 = ORIENTED_EDGE ( 'NONE', *, *, #9526, .F. ) ;
#8441 = ADVANCED_FACE ( 'NONE', ( #6837 ), #720, .F. ) ;
#8442 = CARTESIAN_POINT ( 'NONE',  ( -0.1945787046334087300, 1.053401170288617000, 0.4700000000000000300 ) ) ;
#8443 = CARTESIAN_POINT ( 'NONE',  ( 0.3489508459656977500, 1.107645665153660100, 0.4700000000000000300 ) ) ;
#8444 = EDGE_CURVE ( 'NONE', #6125, #2968, #9108, .T. ) ;
#8445 = ORIENTED_EDGE ( 'NONE', *, *, #5829, .T. ) ;
#8446 = EDGE_CURVE ( 'NONE', #8215, #1151, #1699, .T. ) ;
#8447 = PRESENTATION_LAYER_ASSIGNMENT (  '', '', ( #4117 ) ) ;
#8448 = CARTESIAN_POINT ( 'NONE',  ( 0.4088114284929684800, 1.109414072317975500, 0.4600000000000000200 ) ) ;
#8449 = MECHANICAL_DESIGN_GEOMETRIC_PRESENTATION_REPRESENTATION (  '', ( #4438 ), #2617 ) ;
#8450 = CARTESIAN_POINT ( 'NONE',  ( 0.4827308479797703900, 1.254777141261381100, 0.4700000000000000300 ) ) ;
#8451 = ORIENTED_EDGE ( 'NONE', *, *, #4723, .T. ) ;
#8452 = LINE ( 'NONE', #4799, #5894 ) ;
#8453 = CARTESIAN_POINT ( 'NONE',  ( 0.001346829717679487800, 1.109145708590685100, 0.4600000000000000200 ) ) ;
#8454 = CARTESIAN_POINT ( 'NONE',  ( 0.1249999999999998900, 1.500999999999999900, -0.04000000000000000100 ) ) ;
#8455 = CARTESIAN_POINT ( 'NONE',  ( 0.8026946509902985700, 1.151207428312109200, 0.4600000000000000200 ) ) ;
#8456 = DIRECTION ( 'NONE',  ( -0.3493954794972899400, 0.9369753459439895700, 0.0000000000000000000 ) ) ;
#8457 = ORIENTED_EDGE ( 'NONE', *, *, #6062, .F. ) ;
#8458 = EDGE_CURVE ( 'NONE', #8091, #2920, #8732, .T. ) ;
#8459 = ORIENTED_EDGE ( 'NONE', *, *, #9426, .T. ) ;
#8460 = VECTOR ( 'NONE', #6449, 1000.000000000000000 ) ;
#8461 = VERTEX_POINT ( 'NONE', #8918 ) ;
#8462 = B_SPLINE_CURVE_WITH_KNOTS ( 'NONE', 3,
 ( #6520, #5697, #4063, #8073 ),
 .UNSPECIFIED., .F., .F.,
 ( 4, 4 ),
 ( 19.00000000000000000, 20.00000000000000000 ),
 .UNSPECIFIED. ) ;
#8463 = DIRECTION ( 'NONE',  ( 0.0000000000000000000, 0.0000000000000000000, -1.000000000000000000 ) ) ;
#8464 = DIRECTION ( 'NONE',  ( 0.0000000000000000000, 0.0000000000000000000, 1.000000000000000000 ) ) ;
#8465 = ORIENTED_EDGE ( 'NONE', *, *, #4354, .T. ) ;
#8466 = DIRECTION ( 'NONE',  ( -0.0000000000000000000, -0.0000000000000000000, -1.000000000000000000 ) ) ;
#8467 = CARTESIAN_POINT ( 'NONE',  ( 0.3877968566850573700, 1.111713001631901500, 0.4700000000000000300 ) ) ;
#8468 = VERTEX_POINT ( 'NONE', #7252 ) ;
#8469 = ORIENTED_EDGE ( 'NONE', *, *, #1072, .F. ) ;
#8470 = ADVANCED_FACE ( 'NONE', ( #10156 ), #5658, .F. ) ;
#8471 = LINE ( 'NONE', #2891, #1834 ) ;
#8472 = CARTESIAN_POINT ( 'NONE',  ( 0.3269341767647745400, 1.284191647102155100, 0.4600000000000000200 ) ) ;
#8473 = ORIENTED_EDGE ( 'NONE', *, *, #6369, .F. ) ;
#8474 = LINE ( 'NONE', #1586, #7990 ) ;
#8475 = EDGE_CURVE ( 'NONE', #7892, #4108, #7465, .T. ) ;
#8476 = EDGE_LOOP ( 'NONE', ( #9672, #7261, #7942, #6134, #10404, #5616, #7912, #5405, #6013, #2791, #8477, #7930, #876, #10465, #4316, #8624, #10402, #7469, #7498, #1441, #10149, #1639, #7646, #8459, #7963, #1663, #9979, #2564, #4537, #5091, #4159, #8756, #4352, #3756, #8655, #7723 ) ) ;
#8477 = ORIENTED_EDGE ( 'NONE', *, *, #4925, .F. ) ;
#8478 =( NAMED_UNIT ( * ) SI_UNIT ( $, .STERADIAN. ) SOLID_ANGLE_UNIT ( ) );
#8479 = VECTOR ( 'NONE', #7722, 1000.000000000000000 ) ;
#8480 = ORIENTED_EDGE ( 'NONE', *, *, #2084, .T. ) ;
#8481 = CARTESIAN_POINT ( 'NONE',  ( 0.7230279082182877700, 1.091847894481734200, 0.4700000000000000300 ) ) ;
#8482 = DIRECTION ( 'NONE',  ( 0.0000000000000000000, 0.0000000000000000000, -1.000000000000000000 ) ) ;
#8483 = CARTESIAN_POINT ( 'NONE',  ( 0.4167103138289316400, 1.136411755033188300, 0.4600000000000000200 ) ) ;
#8484 = ORIENTED_EDGE ( 'NONE', *, *, #3582, .F. ) ;
#8485 = CARTESIAN_POINT ( 'NONE',  ( 0.3556707931919886300, 1.252949787190854400, 0.4600000000000000200 ) ) ;
#8486 = CARTESIAN_POINT ( 'NONE',  ( -0.1117817038333259600, 1.041104649019135600, 0.4600000000000000200 ) ) ;
#8487 = LINE ( 'NONE', #9075, #6325 ) ;
#8488 = B_SPLINE_CURVE_WITH_KNOTS ( 'NONE', 3,
 ( #1306, #6983, #7844, #8613 ),
 .UNSPECIFIED., .F., .F.,
 ( 4, 4 ),
 ( 2.000000000000000000, 3.000000000000000000 ),
 .UNSPECIFIED. ) ;
#8489 = CARTESIAN_POINT ( 'NONE',  ( -0.1937589136159163500, 1.168989123799456100, 0.4600000000000000200 ) ) ;
#8490 = PRESENTATION_STYLE_ASSIGNMENT (( #4210 ) ) ;
#8491 = CARTESIAN_POINT ( 'NONE',  ( 0.4481584879088261200, 1.082887964846950000, 0.4700000000000000300 ) ) ;
#8492 = EDGE_CURVE ( 'NONE', #9250, #3847, #2850, .T. ) ;
#8493 = ORIENTED_EDGE ( 'NONE', *, *, #7257, .F. ) ;
#8494 = LINE ( 'NONE', #10507, #10578 ) ;
#8495 = CARTESIAN_POINT ( 'NONE',  ( 0.5374041028241503000, 1.356932128478890400, 0.4700000000000000300 ) ) ;
#8496 = CARTESIAN_POINT ( 'NONE',  ( 0.5361367443559463800, 1.254777141261381100, 0.4700000000000000300 ) ) ;
#8497 = ORIENTED_EDGE ( 'NONE', *, *, #4254, .F. ) ;
#8498 = CARTESIAN_POINT ( 'NONE',  ( 0.4424701115290429800, 1.068563866812215300, 0.4600000000000000200 ) ) ;
#8499 = CARTESIAN_POINT ( 'NONE',  ( 0.3269341767647745400, 1.297985222987278600, 0.4700000000000000300 ) ) ;
#8500 = PLANE ( 'NONE',  #1869 ) ;
#8501 = DIRECTION ( 'NONE',  ( 1.000000000000000000, 0.0000000000000000000, 0.0000000000000000000 ) ) ;
#8502 = AXIS2_PLACEMENT_3D ( 'NONE', #5589, #3071, #1575 ) ;
#8503 = CARTESIAN_POINT ( 'NONE',  ( 0.3362772612852169600, 1.081944814358577500, 0.4600000000000000200 ) ) ;
#8504 = ORIENTED_EDGE ( 'NONE', *, *, #10617, .F. ) ;
#8505 = ORIENTED_EDGE ( 'NONE', *, *, #6062, .T. ) ;
#8506 = FACE_OUTER_BOUND ( 'NONE', #990, .T. ) ;
#8507 = ADVANCED_FACE ( 'NONE', ( #3652 ), #8883, .F. ) ;
#8508 = EDGE_CURVE ( 'NONE', #6730, #5762, #7451, .T. ) ;
#8509 = SURFACE_SIDE_STYLE ('',( #2406 ) ) ;
#8510 = CARTESIAN_POINT ( 'NONE',  ( 0.2606778549914503000, 1.254777141261381100, 0.4700000000000000300 ) ) ;
#8511 = DIRECTION ( 'NONE',  ( 0.0000000000000000000, -1.000000000000000000, 0.0000000000000000000 ) ) ;
#8512 = DIRECTION ( 'NONE',  ( -0.0000000000000000000, 0.0000000000000000000, -1.000000000000000000 ) ) ;
#8513 = CARTESIAN_POINT ( 'NONE',  ( 0.4207187034025312600, 1.241631981336715800, 0.4700000000000000300 ) ) ;
#8514 = PRESENTATION_STYLE_ASSIGNMENT (( #743 ) ) ;
#8515 = ORIENTED_EDGE ( 'NONE', *, *, #7928, .F. ) ;
#8516 = VECTOR ( 'NONE', #7506, 1000.000000000000000 ) ;
#8517 = AXIS2_PLACEMENT_3D ( 'NONE', #7272, #6298, #6366 ) ;
#8518 = ORIENTED_EDGE ( 'NONE', *, *, #1393, .T. ) ;
#8519 = EDGE_CURVE ( 'NONE', #2051, #9193, #2706, .T. ) ;
#8520 = ADVANCED_FACE ( 'NONE', ( #1464 ), #493, .F. ) ;
#8521 = DIRECTION ( 'NONE',  ( -0.0000000000000000000, -0.0000000000000000000, -1.000000000000000000 ) ) ;
#8522 = SURFACE_STYLE_FILL_AREA ( #4414 ) ;
#8523 = CARTESIAN_POINT ( 'NONE',  ( 0.7814148181083631100, 1.103283594146726700, 0.4700000000000000300 ) ) ;
#8524 = ORIENTED_EDGE ( 'NONE', *, *, #3294, .T. ) ;
#8525 = FACE_OUTER_BOUND ( 'NONE', #2382, .T. ) ;
#8526 = SURFACE_STYLE_USAGE ( .BOTH. , #7763 ) ;
#8527 = DIRECTION ( 'NONE',  ( -1.000000000000000000, 0.0000000000000000000, -0.0000000000000000000 ) ) ;
#8528 = STYLED_ITEM ( 'NONE', ( #4498 ), #5233 ) ;
#8529 = ORIENTED_EDGE ( 'NONE', *, *, #7725, .F. ) ;
#8530 = MECHANICAL_DESIGN_GEOMETRIC_PRESENTATION_REPRESENTATION (  '', ( #3987 ), #7807 ) ;
#8531 = DIRECTION ( 'NONE',  ( 0.0000000000000000000, -0.0000000000000000000, -1.000000000000000000 ) ) ;
#8532 = B_SPLINE_CURVE_WITH_KNOTS ( 'NONE', 3,
 ( #489, #2126, #2875, #6197 ),
 .UNSPECIFIED., .F., .F.,
 ( 4, 4 ),
 ( 17.00000000000000000, 18.00000000000000000 ),
 .UNSPECIFIED. ) ;
#8533 = CARTESIAN_POINT ( 'NONE',  ( 0.5704143698997727900, 1.266802309981406100, 0.4700000000000000300 ) ) ;
#8534 = LINE ( 'NONE', #2432, #4470 ) ;
#8535 = CARTESIAN_POINT ( 'NONE',  ( 0.4536994970250442000, 1.063317592223118800, 0.4600000000000000200 ) ) ;
#8536 = ORIENTED_EDGE ( 'NONE', *, *, #34, .F. ) ;
#8537 = UNCERTAINTY_MEASURE_WITH_UNIT (LENGTH_MEASURE( 1.000000000000000100E-005 ), #2299, 'distance_accuracy_value', 'NONE');
#8538 = FACE_OUTER_BOUND ( 'NONE', #9460, .T. ) ;
#8539 = CARTESIAN_POINT ( 'NONE',  ( 0.6803208751892873000, 1.273168575775145000, 0.4600000000000000200 ) ) ;
#8540 = EDGE_CURVE ( 'NONE', #7166, #2876, #7856, .T. ) ;
#8541 = ORIENTED_EDGE ( 'NONE', *, *, #2215, .F. ) ;
#8542 = EDGE_CURVE ( 'NONE', #2447, #5901, #7335, .T. ) ;
#8543 = CARTESIAN_POINT ( 'NONE',  ( -0.0002926897732482202800, 1.109145708590685100, 0.4600000000000000200 ) ) ;
#8544 = ORIENTED_EDGE ( 'NONE', *, *, #1939, .T. ) ;
#8545 =( GEOMETRIC_REPRESENTATION_CONTEXT ( 3 ) GLOBAL_UNCERTAINTY_ASSIGNED_CONTEXT ( ( #10602 ) ) GLOBAL_UNIT_ASSIGNED_CONTEXT ( ( #7229, #2314, #6458 ) ) REPRESENTATION_CONTEXT ( 'NONE', 'WORKASPACE' ) );
#8546 = LINE ( 'NONE', #3879, #646 ) ;
#8547 = CARTESIAN_POINT ( 'NONE',  ( 0.3078059059324215200, 1.071864893519934900, 0.4700000000000000300 ) ) ;
#8548 = CARTESIAN_POINT ( 'NONE',  ( -0.2831140861948175400, 1.272280430953479900, 0.4700000000000000300 ) ) ;
#8549 = VERTEX_POINT ( 'NONE', #1635 ) ;
#8550 = VECTOR ( 'NONE', #5738, 1000.000000000000000 ) ;
#8551 = EDGE_LOOP ( 'NONE', ( #6375, #6573, #7274, #1723, #7207, #8983, #8698, #4686, #861, #2641, #10533, #8484 ) ) ;
#8552 = CARTESIAN_POINT ( 'NONE',  ( 0.07020774284960168400, 1.280478106588094100, 0.4600000000000000200 ) ) ;
#8553 = SURFACE_SIDE_STYLE ('',( #10315 ) ) ;
#8554 = CARTESIAN_POINT ( 'NONE',  ( 0.4381080405224999600, 1.131224427350304900, 0.4700000000000000300 ) ) ;
#8555 = CARTESIAN_POINT ( 'NONE',  ( -0.1216189615021395100, 1.387868275012901700, 0.4700000000000000300 ) ) ;
#8556 = DIRECTION ( 'NONE',  ( -1.000000000000000000, -0.0000000000000000000, -0.0000000000000000000 ) ) ;
#8557 = VERTEX_POINT ( 'NONE', #9926 ) ;
#8558 = EDGE_CURVE ( 'NONE', #8255, #3981, #418, .T. ) ;
#8559 = LINE ( 'NONE', #6568, #1548 ) ;
#8560 = LINE ( 'NONE', #9502, #9470 ) ;
#8561 = DIRECTION ( 'NONE',  ( -1.000000000000000000, -0.0000000000000000000, -0.0000000000000000000 ) ) ;
#8562 = VERTEX_POINT ( 'NONE', #4946 ) ;
#8563 = CARTESIAN_POINT ( 'NONE',  ( 0.6486958603927232000, 1.356932128478893600, 0.4700000000000000300 ) ) ;
#8564 = CARTESIAN_POINT ( 'NONE',  ( -0.1945787046334087300, 1.053401170288617000, 0.4600000000000000200 ) ) ;
#8565 = CARTESIAN_POINT ( 'NONE',  ( 0.3904494674323110100, 1.357285809912224300, 0.4700000000000000300 ) ) ;
#8566 = EDGE_CURVE ( 'NONE', #896, #605, #3367, .T. ) ;
#8567 = CARTESIAN_POINT ( 'NONE',  ( 0.4226344778308019400, 1.068563866812215300, 0.4700000000000000300 ) ) ;
#8568 = LINE ( 'NONE', #7600, #3211 ) ;
#8569 = ORIENTED_EDGE ( 'NONE', *, *, #4711, .T. ) ;
#8570 = PRESENTATION_STYLE_ASSIGNMENT (( #2733 ) ) ;
#8571 = ORIENTED_EDGE ( 'NONE', *, *, #855, .F. ) ;
#8572 = CARTESIAN_POINT ( 'NONE',  ( -0.01422882434876180500, 1.109145708590685100, 0.4700000000000000300 ) ) ;
#8573 = CARTESIAN_POINT ( 'NONE',  ( 0.6806156097171999200, 1.058719733595270100, 0.4700000000000000300 ) ) ;
#8574 = CARTESIAN_POINT ( 'NONE',  ( 0.3677843822705403300, 1.131224427350304900, 0.4700000000000000300 ) ) ;
#8575 = CARTESIAN_POINT ( 'NONE',  ( 0.1005392912368313900, 1.172268178417227500, 0.4600000000000000200 ) ) ;
#8576 = CARTESIAN_POINT ( 'NONE',  ( -0.3372190815516871200, 1.099308466557788400, 0.4700000000000000300 ) ) ;
#8577 = EDGE_CURVE ( 'NONE', #4483, #9776, #3901, .T. ) ;
#8578 = CARTESIAN_POINT ( 'NONE',  ( 0.6565063253701535200, 1.342195402106187500, 0.4700000000000000300 ) ) ;
#8579 = EDGE_LOOP ( 'NONE', ( #9350, #10314, #8897, #7972 ) ) ;
#8580 = FACE_OUTER_BOUND ( 'NONE', #5910, .T. ) ;
#8581 = MECHANICAL_DESIGN_GEOMETRIC_PRESENTATION_REPRESENTATION (  '', ( #5085 ), #912 ) ;
#8582 = ADVANCED_FACE ( 'NONE', ( #5650 ), #8221, .F. ) ;
#8583 = VECTOR ( 'NONE', #4627, 1000.000000000000000 ) ;
#8584 = ORIENTED_EDGE ( 'NONE', *, *, #2207, .T. ) ;
#8585 = EDGE_CURVE ( 'NONE', #4758, #4444, #7084, .T. ) ;
#8586 =( GEOMETRIC_REPRESENTATION_CONTEXT ( 3 ) GLOBAL_UNCERTAINTY_ASSIGNED_CONTEXT ( ( #5128 ) ) GLOBAL_UNIT_ASSIGNED_CONTEXT ( ( #9973, #9136, #2518 ) ) REPRESENTATION_CONTEXT ( 'NONE', 'WORKASPACE' ) );
#8587 = CARTESIAN_POINT ( 'NONE',  ( 0.4475395454010779900, 1.058955521216968300, 0.4600000000000000200 ) ) ;
#8588 = CARTESIAN_POINT ( 'NONE',  ( 0.3672833335740321400, 1.061667078869653600, 0.4700000000000000300 ) ) ;
#8589 = ORIENTED_EDGE ( 'NONE', *, *, #5840, .T. ) ;
#8590 = CARTESIAN_POINT ( 'NONE',  ( 0.5193958231964401800, 1.343669074743377000, 0.4600000000000000200 ) ) ;
#8591 = DIRECTION ( 'NONE',  ( -0.7071067811865474600, 0.7071067811865474600, 0.0000000000000000000 ) ) ;
#8592 = DIRECTION ( 'NONE',  ( -1.000000000000000000, -0.0000000000000000000, -0.0000000000000000000 ) ) ;
#8593 = VERTEX_POINT ( 'NONE', #5791 ) ;
#8594 = ORIENTED_EDGE ( 'NONE', *, *, #7695, .F. ) ;
#8595 = EDGE_CURVE ( 'NONE', #2631, #6923, #9758, .T. ) ;
#8596 = VERTEX_POINT ( 'NONE', #9786 ) ;
#8597 = AXIS2_PLACEMENT_3D ( 'NONE', #2435, #2497, #8153 ) ;
#8598 = PRESENTATION_LAYER_ASSIGNMENT (  '', '', ( #9843 ) ) ;
#8599 = CARTESIAN_POINT ( 'NONE',  ( 0.3749999999999998900, -1.500000000000000000, 0.4600000000000000200 ) ) ;
#8600 = VERTEX_POINT ( 'NONE', #9822 ) ;
#8601 = CARTESIAN_POINT ( 'NONE',  ( 0.1005392912368313900, 1.172268178417227500, 0.4700000000000000300 ) ) ;
#8602 = LINE ( 'NONE', #6505, #562 ) ;
#8603 = CARTESIAN_POINT ( 'NONE',  ( 0.4444448328627393900, 1.087544770380222300, 0.4600000000000000200 ) ) ;
#8604 = VECTOR ( 'NONE', #10553, 1000.000000000000100 ) ;
#8605 = CARTESIAN_POINT ( 'NONE',  ( 0.3296752078697817200, 1.135291763829332300, 0.4600000000000000200 ) ) ;
#8606 = UNCERTAINTY_MEASURE_WITH_UNIT (LENGTH_MEASURE( 1.000000000000000100E-005 ), #5620, 'distance_accuracy_value', 'NONE');
#8607 =( NAMED_UNIT ( * ) PLANE_ANGLE_UNIT ( ) SI_UNIT ( $, .RADIAN. ) );
#8608 = CARTESIAN_POINT ( 'NONE',  ( 0.002986411752271779200, 1.155052989223940500, 0.4700000000000000300 ) ) ;
#8609 = ORIENTED_EDGE ( 'NONE', *, *, #48, .T. ) ;
#8610 = ORIENTED_EDGE ( 'NONE', *, *, #3013, .T. ) ;
#8611 = ADVANCED_FACE ( 'NONE', ( #4768 ), #4099, .F. ) ;
#8612 = ORIENTED_EDGE ( 'NONE', *, *, #675, .T. ) ;
#8613 = CARTESIAN_POINT ( 'NONE',  ( 0.7148048149020959100, 1.083890062239958100, 0.4700000000000000300 ) ) ;
#8614 = B_SPLINE_CURVE_WITH_KNOTS ( 'NONE', 3,
 ( #9583, #5600, #5565, #7263 ),
 .UNSPECIFIED., .F., .F.,
 ( 4, 4 ),
 ( 19.00000000000000000, 20.00000000000000000 ),
 .UNSPECIFIED. ) ;
#8615 = CARTESIAN_POINT ( 'NONE',  ( 0.6249999999999998900, 1.101000000000000000, 0.0000000000000000000 ) ) ;
#8616 = LINE ( 'NONE', #824, #8731 ) ;
#8618 = STYLED_ITEM ( 'NONE', ( #8490 ), #3613 ) ;
#8617 = CARTESIAN_POINT ( 'NONE',  ( -0.1945787046334087300, 1.053401170288617000, 0.4700000000000000300 ) ) ;
#8619 = CARTESIAN_POINT ( 'NONE',  ( 0.6920807828348962700, 1.241631981336714700, 0.4600000000000000200 ) ) ;
#8620 = EDGE_CURVE ( 'NONE', #8195, #6660, #6823, .T. ) ;
#8621 = DIRECTION ( 'NONE',  ( -0.0000000000000000000, -0.0000000000000000000, -1.000000000000000000 ) ) ;
#8622 = EDGE_LOOP ( 'NONE', ( #6602, #7416, #2510, #6509 ) ) ;
#8623 = CARTESIAN_POINT ( 'NONE',  ( 0.3216289552702570300, 1.080765876249294000, 0.4600000000000000200 ) ) ;
#8624 = ORIENTED_EDGE ( 'NONE', *, *, #9762, .F. ) ;
#8625 = LINE ( 'NONE', #5549, #9915 ) ;
#8626 = CARTESIAN_POINT ( 'NONE',  ( 0.7144806069214740800, 1.149910596391190200, 0.4700000000000000300 ) ) ;
#8627 = CARTESIAN_POINT ( 'NONE',  ( -0.1117817038333259600, 1.094389845541732000, 0.4700000000000000300 ) ) ;
#8628 = EDGE_CURVE ( 'NONE', #5896, #6172, #4995, .T. ) ;
#8629 = SURFACE_STYLE_USAGE ( .BOTH. , #6151 ) ;
#8630 = CARTESIAN_POINT ( 'NONE',  ( -0.7000000000000000700, -1.200000000000000200, 0.4600000000000000200 ) ) ;
#8631 = ORIENTED_EDGE ( 'NONE', *, *, #4725, .T. ) ;
#8632 = VECTOR ( 'NONE', #2636, 1000.000000000000000 ) ;
#8633 = CARTESIAN_POINT ( 'NONE',  ( -0.1626075898475035600, 1.085372300710436800, 0.4600000000000000200 ) ) ;
#8634 = ORIENTED_EDGE ( 'NONE', *, *, #5625, .T. ) ;
#8635 = PRESENTATION_STYLE_ASSIGNMENT (( #9290 ) ) ;
#8636 = CARTESIAN_POINT ( 'NONE',  ( 0.7148048149020959100, 1.083890062239958100, 0.4600000000000000200 ) ) ;
#8637 = ADVANCED_FACE ( 'NONE', ( #5521 ), #2611, .F. ) ;
#8638 = CARTESIAN_POINT ( 'NONE',  ( 0.5345746513606174400, 1.141068560567252600, 0.4700000000000000300 ) ) ;
#8639 = ORIENTED_EDGE ( 'NONE', *, *, #7398, .T. ) ;
#8640 = FILL_AREA_STYLE ('',( #1482 ) ) ;
#8641 = CARTESIAN_POINT ( 'NONE',  ( -0.3750000000000001100, -1.500999999999999900, 0.1000000000000000100 ) ) ;
#8642 = B_SPLINE_CURVE_WITH_KNOTS ( 'NONE', 3,
 ( #3563, #2004, #6845, #468 ),
 .UNSPECIFIED., .F., .F.,
 ( 4, 4 ),
 ( 0.0000000000000000000, 1.000000000000000000 ),
 .UNSPECIFIED. ) ;
#8643 = EDGE_LOOP ( 'NONE', ( #700, #4690, #1289, #9500 ) ) ;
#8644 = VECTOR ( 'NONE', #5483, 1000.000000000000000 ) ;
#8645 = CARTESIAN_POINT ( 'NONE',  ( -0.1790030349310510500, 1.305891049594787100, 0.4700000000000000300 ) ) ;
#8646 = EDGE_CURVE ( 'NONE', #4773, #1251, #2970, .T. ) ;
#8647 = CARTESIAN_POINT ( 'NONE',  ( 0.002986380480439324900, 1.108325948845417100, 0.4600000000000000200 ) ) ;
#8648 = ORIENTED_EDGE ( 'NONE', *, *, #4753, .T. ) ;
#8649 = CARTESIAN_POINT ( 'NONE',  ( 0.4760403742065889600, 1.020345298119708300, 0.4700000000000000300 ) ) ;
#8650 = CARTESIAN_POINT ( 'NONE',  ( 0.4105503622049631600, 1.131990737121612900, 0.4700000000000000300 ) ) ;
#8651 = ORIENTED_EDGE ( 'NONE', *, *, #9101, .T. ) ;
#8652 = CARTESIAN_POINT ( 'NONE',  ( 0.4629836346400604800, 1.081119557681841800, 0.4700000000000000300 ) ) ;
#8653 =( NAMED_UNIT ( * ) SI_UNIT ( $, .STERADIAN. ) SOLID_ANGLE_UNIT ( ) );
#8654 = VECTOR ( 'NONE', #1589, 1000.000000000000000 ) ;
#8655 = ORIENTED_EDGE ( 'NONE', *, *, #7857, .F. ) ;
#8656 = LINE ( 'NONE', #7541, #10601 ) ;
#8657 = DIRECTION ( 'NONE',  ( -0.0000000000000000000, 0.0000000000000000000, -1.000000000000000000 ) ) ;
#8658 = EDGE_CURVE ( 'NONE', #1725, #2827, #5390, .T. ) ;
#8659 = DIRECTION ( 'NONE',  ( -0.0000000000000000000, -0.0000000000000000000, -1.000000000000000000 ) ) ;
#8660 = CARTESIAN_POINT ( 'NONE',  ( 0.7999830933376143000, 1.155805286939957800, 0.4700000000000000300 ) ) ;
#8661 = VERTEX_POINT ( 'NONE', #6699 ) ;
#8662 = PRESENTATION_LAYER_ASSIGNMENT (  '', '', ( #10469 ) ) ;
#8663 = CARTESIAN_POINT ( 'NONE',  ( 0.8026946509902985700, 1.151207428312109200, 0.4700000000000000300 ) ) ;
#8664 = CARTESIAN_POINT ( 'NONE',  ( 0.5548818603022562800, 1.356932128478890400, 0.4600000000000000200 ) ) ;
#8665 = CARTESIAN_POINT ( 'NONE',  ( 0.3390477658433275200, 1.332646003416362500, 0.4600000000000000200 ) ) ;
#8666 =( NAMED_UNIT ( * ) SI_UNIT ( $, .STERADIAN. ) SOLID_ANGLE_UNIT ( ) );
#8667 = LINE ( 'NONE', #9594, #10356 ) ;
#8668 = VECTOR ( 'NONE', #476, 999.9999999999998900 ) ;
#8669 = EDGE_LOOP ( 'NONE', ( #9510, #8862, #363, #7433 ) ) ;
#8670 = LINE ( 'NONE', #4677, #6489 ) ;
#8671 = DIRECTION ( 'NONE',  ( -0.0000000000000000000, -0.0000000000000000000, -1.000000000000000000 ) ) ;
#8672 = ORIENTED_EDGE ( 'NONE', *, *, #10635, .F. ) ;
#8673 = EDGE_CURVE ( 'NONE', #406, #9422, #7708, .T. ) ;
#8674 = CARTESIAN_POINT ( 'NONE',  ( 0.4234007876021129700, 1.114306665473735700, 0.4700000000000000300 ) ) ;
#8675 = DIRECTION ( 'NONE',  ( -0.3559357243698719800, -0.9345104387417481100, -0.0000000000000000000 ) ) ;
#8676 = CARTESIAN_POINT ( 'NONE',  ( -1.500000000000000000, 0.0000000000000000000, 0.1000000000000000100 ) ) ;
#8677 =( GEOMETRIC_REPRESENTATION_CONTEXT ( 3 ) GLOBAL_UNCERTAINTY_ASSIGNED_CONTEXT ( ( #494 ) ) GLOBAL_UNIT_ASSIGNED_CONTEXT ( ( #6312, #7871, #10447 ) ) REPRESENTATION_CONTEXT ( 'NONE', 'WORKASPACE' ) );
#8678 = LINE ( 'NONE', #9028, #4348 ) ;
#8679 = ORIENTED_EDGE ( 'NONE', *, *, #10342, .F. ) ;
#8680 = ORIENTED_EDGE ( 'NONE', *, *, #4573, .F. ) ;
#8681 = CARTESIAN_POINT ( 'NONE',  ( 0.6489021745624981000, 1.174019880737444500, 0.4700000000000000300 ) ) ;
#8682 = B_SPLINE_CURVE_WITH_KNOTS ( 'NONE', 3,
 ( #2614, #2479, #2541, #6700 ),
 .UNSPECIFIED., .F., .F.,
 ( 4, 4 ),
 ( 8.000000000000000000, 9.000000000000000000 ),
 .UNSPECIFIED. ) ;
#8683 = CARTESIAN_POINT ( 'NONE',  ( 0.7144806069214740800, 1.149910596391190200, 0.4600000000000000200 ) ) ;
#8684 = DIRECTION ( 'NONE',  ( -1.000000000000000000, 0.0000000000000000000, -0.0000000000000000000 ) ) ;
#8685 = EDGE_CURVE ( 'NONE', #4069, #6871, #9504, .T. ) ;
#8686 = SURFACE_STYLE_FILL_AREA ( #8854 ) ;
#8687 = CARTESIAN_POINT ( 'NONE',  ( 0.4487184835111486200, 1.101986762225804200, 0.4600000000000000200 ) ) ;
#8688 = VERTEX_POINT ( 'NONE', #4358 ) ;
#8689 = ADVANCED_FACE ( 'NONE', ( #10146 ), #9197, .F. ) ;
#8690 = CARTESIAN_POINT ( 'NONE',  ( -0.1978577905230157200, 1.346059886922268200, 0.4700000000000000300 ) ) ;
#8691 = CARTESIAN_POINT ( 'NONE',  ( 0.6489021745624993200, 1.058719733595270100, 0.4700000000000000300 ) ) ;
#8692 = LINE ( 'NONE', #10103, #6511 ) ;
#8693 = CARTESIAN_POINT ( 'NONE',  ( -1.000000000000000000, -1.500000000000000000, 0.0000000000000000000 ) ) ;
#8694 = CARTESIAN_POINT ( 'NONE',  ( 0.5103179997500182400, 1.072395415668760100, 0.4600000000000000200 ) ) ;
#8695 = PRESENTATION_STYLE_ASSIGNMENT (( #5852 ) ) ;
#8696 = DIRECTION ( 'NONE',  ( -1.000000000000000000, 0.0000000000000000000, 0.0000000000000000000 ) ) ;
#8697 = DIRECTION ( 'NONE',  ( -0.0000000000000000000, -0.0000000000000000000, 1.000000000000000000 ) ) ;
#8698 = ORIENTED_EDGE ( 'NONE', *, *, #1879, .F. ) ;
#8699 = LINE ( 'NONE', #5867, #1794 ) ;
#8700 = PLANE ( 'NONE',  #1897 ) ;
#8701 = DIRECTION ( 'NONE',  ( 0.0000000000000000000, 0.0000000000000000000, -1.000000000000000000 ) ) ;
#8702 = VECTOR ( 'NONE', #762, 1000.000000000000000 ) ;
#8703 = CARTESIAN_POINT ( 'NONE',  ( 0.3019112153832579900, 1.110651957333468100, 0.4600000000000000200 ) ) ;
#8704 = ORIENTED_EDGE ( 'NONE', *, *, #6004, .T. ) ;
#8705 = CARTESIAN_POINT ( 'NONE',  ( 0.3216289552702570300, 1.080765876249294000, 0.4700000000000000300 ) ) ;
#8706 = CARTESIAN_POINT ( 'NONE',  ( -0.6250000000000001100, 1.500999999999999900, -0.04000000000000000100 ) ) ;
#8707 = ADVANCED_FACE ( 'NONE', ( #4395 ), #4230, .F. ) ;
#8708 = ORIENTED_EDGE ( 'NONE', *, *, #4769, .F. ) ;
#8709 = CARTESIAN_POINT ( 'NONE',  ( -0.3077072538203315400, 1.307530592539983600, 0.4700000000000000300 ) ) ;
#8710 = VERTEX_POINT ( 'NONE', #2576 ) ;
#8711 = LINE ( 'NONE', #6218, #10522 ) ;
#8712 = CARTESIAN_POINT ( 'NONE',  ( 0.7271247181492411800, 1.131813896405342800, 0.4600000000000000200 ) ) ;
#8713 = CARTESIAN_POINT ( 'NONE',  ( 0.4207187034025312600, 1.241631981336715800, 0.4600000000000000200 ) ) ;
#8714 = CARTESIAN_POINT ( 'NONE',  ( 0.4801077106856158600, 1.343669074743377000, 0.4600000000000000200 ) ) ;
#8715 = PLANE ( 'NONE',  #3576 ) ;
#8716 = DIRECTION ( 'NONE',  ( 0.0000000000000000000, 1.000000000000000000, 0.0000000000000000000 ) ) ;
#8717 = EDGE_CURVE ( 'NONE', #4224, #3124, #5805, .T. ) ;
#8718 = EDGE_LOOP ( 'NONE', ( #6537, #9954, #5059, #5326 ) ) ;
#8719 = VERTEX_POINT ( 'NONE', #2650 ) ;
#8720 = EDGE_CURVE ( 'NONE', #9238, #8257, #6548, .T. ) ;
#8721 = CARTESIAN_POINT ( 'NONE',  ( 0.2457937613547887000, 1.241631981336715800, 0.4600000000000000200 ) ) ;
#8722 = AXIS2_PLACEMENT_3D ( 'NONE', #8786, #6398, #8021 ) ;
#8723 = ORIENTED_EDGE ( 'NONE', *, *, #4165, .T. ) ;
#8724 = CARTESIAN_POINT ( 'NONE',  ( -0.3750000000000001100, 0.0000000000000000000, 0.0000000000000000000 ) ) ;
#8725 = ORIENTED_EDGE ( 'NONE', *, *, #7685, .F. ) ;
#8726 = PLANE ( 'NONE',  #738 ) ;
#8727 = CARTESIAN_POINT ( 'NONE',  ( 0.4395227662542640600, 1.056774485713890800, 0.4700000000000000300 ) ) ;
#8728 = ORIENTED_EDGE ( 'NONE', *, *, #6249, .T. ) ;
#8729 = CARTESIAN_POINT ( 'NONE',  ( 0.1249999999999998900, -1.101000000000000000, -0.0000000000000000000 ) ) ;
#8730 = EDGE_CURVE ( 'NONE', #3269, #10599, #10011, .T. ) ;
#8731 = VECTOR ( 'NONE', #2482, 1000.000000000000000 ) ;
#8732 = LINE ( 'NONE', #6483, #6559 ) ;
#8733 = EDGE_CURVE ( 'NONE', #6344, #3085, #6295, .T. ) ;
#8734 = EDGE_LOOP ( 'NONE', ( #6086, #4856, #676, #4073 ) ) ;
#8735 = LINE ( 'NONE', #214, #308 ) ;
#8736 = ORIENTED_EDGE ( 'NONE', *, *, #4526, .T. ) ;
#8737 = DIRECTION ( 'NONE',  ( 0.9345104387417481100, -0.3559357243698720300, 0.0000000000000000000 ) ) ;
#8738 = CARTESIAN_POINT ( 'NONE',  ( 0.04151568268147027400, 1.108325948845417100, 0.4700000000000000300 ) ) ;
#8739 = VECTOR ( 'NONE', #6941, 1000.000000000000000 ) ;
#8740 = DIRECTION ( 'NONE',  ( 0.0000000000000000000, 0.0000000000000000000, 1.000000000000000000 ) ) ;
#8741 = ORIENTED_EDGE ( 'NONE', *, *, #2715, .T. ) ;
#8742 = EDGE_CURVE ( 'NONE', #7343, #9167, #6635, .T. ) ;
#8743 = DIRECTION ( 'NONE',  ( 1.000000000000000000, -0.0000000000000000000, -0.0000000000000000000 ) ) ;
#8744 = DIRECTION ( 'NONE',  ( -0.0000000000000000000, -1.000000000000000000, -0.0000000000000000000 ) ) ;
#8745 = VERTEX_POINT ( 'NONE', #7337 ) ;
#8746 = STYLED_ITEM ( 'NONE', ( #7633 ), #7100 ) ;
#8747 = DIRECTION ( 'NONE',  ( 0.0000000000000000000, -1.000000000000000000, 0.0000000000000000000 ) ) ;
#8748 = CARTESIAN_POINT ( 'NONE',  ( 0.3359825267576996800, 1.244933008044435000, 0.4700000000000000300 ) ) ;
#8749 =( NAMED_UNIT ( * ) SI_UNIT ( $, .STERADIAN. ) SOLID_ANGLE_UNIT ( ) );
#8750 = CARTESIAN_POINT ( 'NONE',  ( 0.3261089200876473000, 1.255425557221839600, 0.4600000000000000200 ) ) ;
#8751 = EDGE_CURVE ( 'NONE', #1996, #2116, #4156, .T. ) ;
#8752 = CARTESIAN_POINT ( 'NONE',  ( -1.000000000000000000, -1.500000000000000000, 0.0000000000000000000 ) ) ;
#8753 = CARTESIAN_POINT ( 'NONE',  ( 0.1013590822543245200, 1.073895539187008400, 0.4600000000000000200 ) ) ;
#8754 = VERTEX_POINT ( 'NONE', #2457 ) ;
#8755 = VECTOR ( 'NONE', #842, 1000.000000000000000 ) ;
#8756 = ORIENTED_EDGE ( 'NONE', *, *, #3247, .T. ) ;
#8757 = FACE_OUTER_BOUND ( 'NONE', #2720, .T. ) ;
#8758 = DIRECTION ( 'NONE',  ( -0.3315284183504420600, -0.9434452330824796300, 0.0000000000000000000 ) ) ;
#8759 = CARTESIAN_POINT ( 'NONE',  ( -0.1117817038333259600, 1.094389845541732000, 0.4700000000000000300 ) ) ;
#8760 = EDGE_CURVE ( 'NONE', #5364, #2407, #1948, .T. ) ;
#8761 = CARTESIAN_POINT ( 'NONE',  ( 0.7253857844376375700, 1.074871185699745300, 0.4700000000000000300 ) ) ;
#8762 = CARTESIAN_POINT ( 'NONE',  ( 0.4827897948855858200, 1.019932669780945400, 0.4700000000000000300 ) ) ;
#8763 = ADVANCED_FACE ( 'NONE', ( #6810 ), #624, .F. ) ;
#8764 = CARTESIAN_POINT ( 'NONE',  ( 0.5799932420423163900, 1.160756827001928200, 0.4700000000000000300 ) ) ;
#8765 = CARTESIAN_POINT ( 'NONE',  ( -0.02570561714402799100, 1.083732781219903100, 0.4600000000000000200 ) ) ;
#8766 = EDGE_LOOP ( 'NONE', ( #6391, #10069, #6377, #5594 ) ) ;
#8767 = VECTOR ( 'NONE', #1180, 1000.000000000000000 ) ;
#8768 = EDGE_CURVE ( 'NONE', #1543, #6868, #1033, .T. ) ;
#8769 = ORIENTED_EDGE ( 'NONE', *, *, #8941, .F. ) ;
#8770 = SURFACE_SIDE_STYLE ('',( #252 ) ) ;
#8771 = CARTESIAN_POINT ( 'NONE',  ( -0.1250000000000001100, 1.101000000000000000, 0.1000000000000000100 ) ) ;
#8772 = ORIENTED_EDGE ( 'NONE', *, *, #4126, .T. ) ;
#8773 = CARTESIAN_POINT ( 'NONE',  ( 0.5799932420423163900, 1.160756827001928200, 0.4600000000000000200 ) ) ;
#8774 = VERTEX_POINT ( 'NONE', #9691 ) ;
#8775 = EDGE_CURVE ( 'NONE', #8044, #4336, #4647, .T. ) ;
#8776 = CARTESIAN_POINT ( 'NONE',  ( 0.5651091484052523900, 1.058719733595268900, 0.4600000000000000200 ) ) ;
#8777 = CARTESIAN_POINT ( 'NONE',  ( 0.6646115248754968000, 1.356932128478893600, 0.4600000000000000200 ) ) ;
#8778 = VECTOR ( 'NONE', #139, 1000.000000000000000 ) ;
#8779 = VECTOR ( 'NONE', #6289, 1000.000000000000000 ) ;
#8780 = CARTESIAN_POINT ( 'NONE',  ( 0.4598889221017227700, 1.067620716324631400, 0.4700000000000000300 ) ) ;
#8781 = VERTEX_POINT ( 'NONE', #9799 ) ;
#8782 = VECTOR ( 'NONE', #4391, 1000.000000000000000 ) ;
#8783 = DIRECTION ( 'NONE',  ( 0.0000000000000000000, -0.0000000000000000000, 1.000000000000000000 ) ) ;
#8784 = FILL_AREA_STYLE ('',( #627 ) ) ;
#8785 = EDGE_CURVE ( 'NONE', #6264, #1688, #10134, .T. ) ;
#8786 = CARTESIAN_POINT ( 'NONE',  ( 0.3749999999999998900, -1.500999999999999900, 0.1000000000000000100 ) ) ;
#8787 = CARTESIAN_POINT ( 'NONE',  ( 0.07020774284960168400, 1.280478106588094100, 0.4700000000000000300 ) ) ;
#8788 = AXIS2_PLACEMENT_3D ( 'NONE', #9160, #2724, #9997 ) ;
#8789 = CARTESIAN_POINT ( 'NONE',  ( 0.5983846765552801600, 1.300755727545389600, 0.4700000000000000300 ) ) ;
#8790 = ORIENTED_EDGE ( 'NONE', *, *, #9331, .T. ) ;
#8791 = EDGE_CURVE ( 'NONE', #10271, #7937, #8452, .T. ) ;
#8792 = FACE_OUTER_BOUND ( 'NONE', #9399, .T. ) ;
#8793 = FILL_AREA_STYLE ('',( #5463 ) ) ;
#8794 = EDGE_CURVE ( 'NONE', #3370, #3038, #5755, .T. ) ;
#8795 =( NAMED_UNIT ( * ) SI_UNIT ( $, .STERADIAN. ) SOLID_ANGLE_UNIT ( ) );
#8796 = ORIENTED_EDGE ( 'NONE', *, *, #2945, .T. ) ;
#8797 = VECTOR ( 'NONE', #9168, 1000.000000000000000 ) ;
#8798 =( GEOMETRIC_REPRESENTATION_CONTEXT ( 3 ) GLOBAL_UNCERTAINTY_ASSIGNED_CONTEXT ( ( #4752 ) ) GLOBAL_UNIT_ASSIGNED_CONTEXT ( ( #119, #9088, #1768 ) ) REPRESENTATION_CONTEXT ( 'NONE', 'WORKASPACE' ) );
#8799 = EDGE_LOOP ( 'NONE', ( #117, #2015, #9849, #9735 ) ) ;
#8800 = CARTESIAN_POINT ( 'NONE',  ( 0.3279657476104935200, 1.341900667578275400, 0.4600000000000000200 ) ) ;
#8801 = CARTESIAN_POINT ( 'NONE',  ( 0.4395227662542640600, 1.105405682744374300, 0.4600000000000000200 ) ) ;
#8802 =( LENGTH_UNIT ( ) NAMED_UNIT ( * ) SI_UNIT ( .MILLI., .METRE. ) );
#8803 = VERTEX_POINT ( 'NONE', #4861 ) ;
#8804 = LINE ( 'NONE', #1445, #6112 ) ;
#8805 = ORIENTED_EDGE ( 'NONE', *, *, #8475, .F. ) ;
#8806 = ORIENTED_EDGE ( 'NONE', *, *, #10260, .T. ) ;
#8807 = DIRECTION ( 'NONE',  ( 1.000000000000000000, -0.0000000000000000000, -0.0000000000000000000 ) ) ;
#8808 = DIRECTION ( 'NONE',  ( 0.0000000000000000000, 0.0000000000000000000, -1.000000000000000000 ) ) ;
#8809 = ORIENTED_EDGE ( 'NONE', *, *, #9338, .F. ) ;
#8810 = CARTESIAN_POINT ( 'NONE',  ( 0.3382519826189163700, 1.265092849722512700, 0.4600000000000000200 ) ) ;
#8811 = PRESENTATION_LAYER_ASSIGNMENT (  '', '', ( #6988 ) ) ;
#8812 = LINE ( 'NONE', #9133, #3608 ) ;
#8813 = EDGE_CURVE ( 'NONE', #9118, #10445, #7475, .T. ) ;
#8814 = ORIENTED_EDGE ( 'NONE', *, *, #1741, .F. ) ;
#8815 = ADVANCED_FACE ( 'NONE', ( #9871 ), #1614, .T. ) ;
#8816 = SURFACE_STYLE_FILL_AREA ( #9951 ) ;
#8817 = ORIENTED_EDGE ( 'NONE', *, *, #4815, .T. ) ;
#8818 = CARTESIAN_POINT ( 'NONE',  ( -0.08472922569978477700, 1.338681939761879200, 0.4700000000000000300 ) ) ;
#8819 = CARTESIAN_POINT ( 'NONE',  ( 0.0000000000000000000, 1.101000000000000000, 0.0000000000000000000 ) ) ;
#8820 = CARTESIAN_POINT ( 'NONE',  ( -0.3750000000000001100, 1.500999999999999900, 0.1000000000000000100 ) ) ;
#8821 = DIRECTION ( 'NONE',  ( -0.0000000000000000000, -0.0000000000000000000, -1.000000000000000000 ) ) ;
#8822 = CARTESIAN_POINT ( 'NONE',  ( 0.8529174144696074500, 1.058719733595270100, 0.4700000000000000300 ) ) ;
#8823 = CARTESIAN_POINT ( 'NONE',  ( 0.3162353134175963600, 1.265918106399244000, 0.4600000000000000200 ) ) ;
#8824 = CARTESIAN_POINT ( 'NONE',  ( 0.6920807828348962700, 1.241631981336714700, 0.4700000000000000300 ) ) ;
#8825 = EDGE_CURVE ( 'NONE', #6981, #3097, #8266, .T. ) ;
#8826 = LINE ( 'NONE', #3799, #6647 ) ;
#8827 = ORIENTED_EDGE ( 'NONE', *, *, #10034, .T. ) ;
#8828 = CARTESIAN_POINT ( 'NONE',  ( -1.000000000000000000, 0.0000000000000000000, 0.1000000000000000100 ) ) ;
#8829 = CARTESIAN_POINT ( 'NONE',  ( 0.6249999999999998900, 1.500000000000000000, 0.0000000000000000000 ) ) ;
#8830 = CARTESIAN_POINT ( 'NONE',  ( 0.7766990656680904400, 1.090256328032908100, 0.4600000000000000200 ) ) ;
#8831 = STYLED_ITEM ( 'NONE', ( #4974 ), #5870 ) ;
#8832 = DIRECTION ( 'NONE',  ( 0.0000000000000000000, -1.000000000000000000, 0.0000000000000000000 ) ) ;
#8833 = SURFACE_SIDE_STYLE ('',( #445 ) ) ;
#8834 = ORIENTED_EDGE ( 'NONE', *, *, #8785, .F. ) ;
#8835 = VECTOR ( 'NONE', #3214, 1000.000000000000000 ) ;
#8836 = ORIENTED_EDGE ( 'NONE', *, *, #2297, .T. ) ;
#8837 = LINE ( 'NONE', #3188, #8702 ) ;
#8838 = ORIENTED_EDGE ( 'NONE', *, *, #2187, .F. ) ;
#8839 = ORIENTED_EDGE ( 'NONE', *, *, #9310, .F. ) ;
#8840 = ADVANCED_FACE ( 'NONE', ( #281 ), #3405, .T. ) ;
#8841 = EDGE_CURVE ( 'NONE', #690, #1949, #10004, .T. ) ;
#8842 = CARTESIAN_POINT ( 'NONE',  ( 0.3792790288413440700, 1.252949787190854400, 0.4600000000000000200 ) ) ;
#8843 = CARTESIAN_POINT ( 'NONE',  ( 0.6249999999999998900, -1.101000000000000000, 0.1000000000000000100 ) ) ;
#8844 = ORIENTED_EDGE ( 'NONE', *, *, #1497, .T. ) ;
#8845 = CARTESIAN_POINT ( 'NONE',  ( 0.4613625947389139400, 1.091081584710429200, 0.4700000000000000300 ) ) ;
#8846 = ORIENTED_EDGE ( 'NONE', *, *, #10293, .F. ) ;
#8847 = LINE ( 'NONE', #2412, #8835 ) ;
#8848 =( NAMED_UNIT ( * ) PLANE_ANGLE_UNIT ( ) SI_UNIT ( $, .RADIAN. ) );
#8849 = ORIENTED_EDGE ( 'NONE', *, *, #3411, .F. ) ;
#8850 = EDGE_LOOP ( 'NONE', ( #10318, #10145, #1371, #8852 ) ) ;
#8851 =( GEOMETRIC_REPRESENTATION_CONTEXT ( 3 ) GLOBAL_UNCERTAINTY_ASSIGNED_CONTEXT ( ( #3180 ) ) GLOBAL_UNIT_ASSIGNED_CONTEXT ( ( #1141, #6119, #451 ) ) REPRESENTATION_CONTEXT ( 'NONE', 'WORKASPACE' ) );
#8852 = ORIENTED_EDGE ( 'NONE', *, *, #7443, .T. ) ;
#8853 = CARTESIAN_POINT ( 'NONE',  ( -0.2199916320041912800, 1.319827176352346600, 0.4600000000000000200 ) ) ;
#8854 = FILL_AREA_STYLE ('',( #10595 ) ) ;
#8855 = LINE ( 'NONE', #9297, #8332 ) ;
#8856 = VECTOR ( 'NONE', #2957, 1000.000000000000000 ) ;
#8857 = CARTESIAN_POINT ( 'NONE',  ( 0.3976409899023887800, 1.354161623920780800, 0.4700000000000000300 ) ) ;
#8858 = CARTESIAN_POINT ( 'NONE',  ( 0.3657212405783116800, 1.239686733455341900, 0.4700000000000000300 ) ) ;
#8859 = CARTESIAN_POINT ( 'NONE',  ( -0.2609802603495567400, 1.027168514443614700, 0.4600000000000000200 ) ) ;
#8860 = CARTESIAN_POINT ( 'NONE',  ( -0.2995095312783615500, 1.128000511090006000, 0.4600000000000000200 ) ) ;
#8861 = DIRECTION ( 'NONE',  ( 0.0000000000000000000, 0.0000000000000000000, 1.000000000000000000 ) ) ;
#8862 = ORIENTED_EDGE ( 'NONE', *, *, #5513, .F. ) ;
#8863 = PLANE ( 'NONE',  #663 ) ;
#8864 = EDGE_LOOP ( 'NONE', ( #1641, #3154, #9603, #1521 ) ) ;
#8865 = AXIS2_PLACEMENT_3D ( 'NONE', #9147, #223, #8317 ) ;
#8866 = ORIENTED_EDGE ( 'NONE', *, *, #5113, .T. ) ;
#8867 = EDGE_CURVE ( 'NONE', #9103, #8549, #1260, .T. ) ;
#8868 =( NAMED_UNIT ( * ) PLANE_ANGLE_UNIT ( ) SI_UNIT ( $, .RADIAN. ) );
#8869 = DIRECTION ( 'NONE',  ( -1.000000000000000000, -2.109575325578791300E-013, 0.0000000000000000000 ) ) ;
#8870 = DIRECTION ( 'NONE',  ( -0.0000000000000000000, -0.0000000000000000000, -1.000000000000000000 ) ) ;
#8871 = DIRECTION ( 'NONE',  ( 0.0000000000000000000, -0.0000000000000000000, -1.000000000000000000 ) ) ;
#8872 = ORIENTED_EDGE ( 'NONE', *, *, #19, .F. ) ;
#8873 = CARTESIAN_POINT ( 'NONE',  ( 0.4487184835111486200, 1.101986762225804200, 0.4700000000000000300 ) ) ;
#8874 = DIRECTION ( 'NONE',  ( -1.000000000000000000, 0.0000000000000000000, -0.0000000000000000000 ) ) ;
#8875 = EDGE_CURVE ( 'NONE', #311, #2545, #7086, .T. ) ;
#8876 = EDGE_LOOP ( 'NONE', ( #1594, #4951, #5241, #2929 ) ) ;
#8877 = FACE_OUTER_BOUND ( 'NONE', #3648, .T. ) ;
#8878 = CARTESIAN_POINT ( 'NONE',  ( 0.3976409899023887800, 1.354161623920780800, 0.4700000000000000300 ) ) ;
#8879 = COLOUR_RGB ( '',0.2980392156862745100, 0.2980392156862745100, 0.2980392156862745100 ) ;
#8880 = ORIENTED_EDGE ( 'NONE', *, *, #10191, .F. ) ;
#8881 = CARTESIAN_POINT ( 'NONE',  ( 0.3390477658433275200, 1.332646003416362500, 0.4700000000000000300 ) ) ;
#8882 = LINE ( 'NONE', #1944, #8355 ) ;
#8883 = PLANE ( 'NONE',  #8502 ) ;
#8884 =( NAMED_UNIT ( * ) SI_UNIT ( $, .STERADIAN. ) SOLID_ANGLE_UNIT ( ) );
#8885 = ORIENTED_EDGE ( 'NONE', *, *, #1452, .T. ) ;
#8886 = CARTESIAN_POINT ( 'NONE',  ( 0.3078059059324215200, 1.071864893519934900, 0.4700000000000000300 ) ) ;
#8887 = VECTOR ( 'NONE', #2858, 1000.000000000000000 ) ;
#8888 = EDGE_CURVE ( 'NONE', #6705, #3075, #7970, .T. ) ;
#8889 = FACE_OUTER_BOUND ( 'NONE', #6488, .T. ) ;
#8890 = FILL_AREA_STYLE_COLOUR ( '', #8363 ) ;
#8891 = VERTEX_POINT ( 'NONE', #960 ) ;
#8892 = COLOUR_RGB ( '',0.6666666666666666300, 0.6666666666666666300, 0.6666666666666666300 ) ;
#8893 = CARTESIAN_POINT ( 'NONE',  ( -1.000000000000000000, -1.500000000000000000, 0.0000000000000000000 ) ) ;
#8894 = AXIS2_PLACEMENT_3D ( 'NONE', #6104, #1311, #6073 ) ;
#8895 = CARTESIAN_POINT ( 'NONE',  ( 0.3489508459656977500, 1.107645665153660100, 0.4700000000000000300 ) ) ;
#8896 = CARTESIAN_POINT ( 'NONE',  ( 0.3733548648394733900, 1.111064585672230500, 0.4700000000000000300 ) ) ;
#8897 = ORIENTED_EDGE ( 'NONE', *, *, #7184, .T. ) ;
#8898 = CARTESIAN_POINT ( 'NONE',  ( 0.3477424344033106000, 1.056774485713890800, 0.4700000000000000300 ) ) ;
#8899 = VECTOR ( 'NONE', #721, 1000.000000000000000 ) ;
#8900 = B_SPLINE_CURVE_WITH_KNOTS ( 'NONE', 3,
 ( #7095, #6287, #3008, #3785 ),
 .UNSPECIFIED., .F., .F.,
 ( 4, 4 ),
 ( 34.00000000000000000, 35.00000000000000000 ),
 .UNSPECIFIED. ) ;
#8901 = ADVANCED_FACE ( 'NONE', ( #3628 ), #358, .F. ) ;
#8902 = VECTOR ( 'NONE', #7620, 1000.000000000000000 ) ;
#8903 = VERTEX_POINT ( 'NONE', #2700 ) ;
#8904 = VECTOR ( 'NONE', #5134, 999.9999999999998900 ) ;
#8905 = ORIENTED_EDGE ( 'NONE', *, *, #7114, .F. ) ;
#8906 = CARTESIAN_POINT ( 'NONE',  ( -0.02570561714402799100, 1.083732781219903100, 0.4600000000000000200 ) ) ;
#8907 = CARTESIAN_POINT ( 'NONE',  ( 0.4581499883897264300, 1.094736292850697800, 0.4700000000000000300 ) ) ;
#8908 = CARTESIAN_POINT ( 'NONE',  ( 0.5505492627480321800, 1.343669074743377000, 0.4700000000000000300 ) ) ;
#8909 = LINE ( 'NONE', #6572, #5960 ) ;
#8910 = MECHANICAL_DESIGN_GEOMETRIC_PRESENTATION_REPRESENTATION (  '', ( #4546 ), #7901 ) ;
#8911 = FACE_OUTER_BOUND ( 'NONE', #6292, .T. ) ;
#8912 = ORIENTED_EDGE ( 'NONE', *, *, #8751, .T. ) ;
#8913 = FACE_OUTER_BOUND ( 'NONE', #7199, .T. ) ;
#8914 = CARTESIAN_POINT ( 'NONE',  ( 0.8749999999999998900, 1.101000000000000000, -0.04000000000000000100 ) ) ;
#8915 = ORIENTED_EDGE ( 'NONE', *, *, #3338, .F. ) ;
#8916 = CARTESIAN_POINT ( 'NONE',  ( 0.3309720397906990600, 1.324039755214123400, 0.4700000000000000300 ) ) ;
#8917 = CARTESIAN_POINT ( 'NONE',  ( 0.3065974943700323600, 1.254777141261381100, 0.4700000000000000300 ) ) ;
#8918 = CARTESIAN_POINT ( 'NONE',  ( 0.6249999999999998900, -1.500000000000000000, 0.0000000000000000000 ) ) ;
#8919 = DIRECTION ( 'NONE',  ( -0.3416038306815736800, 0.9398440417769720100, 0.0000000000000000000 ) ) ;
#8920 = LINE ( 'NONE', #1322, #6100 ) ;
#8921 = LINE ( 'NONE', #5576, #7525 ) ;
#8922 = VERTEX_POINT ( 'NONE', #2737 ) ;
#8923 = VECTOR ( 'NONE', #7244, 1000.000000000000000 ) ;
#8924 = ORIENTED_EDGE ( 'NONE', *, *, #385, .T. ) ;
#8925 = EDGE_CURVE ( 'NONE', #9837, #9135, #7761, .T. ) ;
#8926 = ADVANCED_FACE ( 'NONE', ( #6020 ), #2659, .F. ) ;
#8927 = ORIENTED_EDGE ( 'NONE', *, *, #10593, .F. ) ;
#8928 = MECHANICAL_DESIGN_GEOMETRIC_PRESENTATION_REPRESENTATION (  '', ( #6811 ), #86 ) ;
#8929 = CARTESIAN_POINT ( 'NONE',  ( 0.8008967703732692300, 1.159283154363951900, 0.4700000000000000300 ) ) ;
#8930 = CARTESIAN_POINT ( 'NONE',  ( 0.4481584879088261200, 1.079704831950077300, 0.4700000000000000300 ) ) ;
#8931 = UNCERTAINTY_MEASURE_WITH_UNIT (LENGTH_MEASURE( 1.000000000000000100E-005 ), #7164, 'distance_accuracy_value', 'NONE');
#8932 =( NAMED_UNIT ( * ) SI_UNIT ( $, .STERADIAN. ) SOLID_ANGLE_UNIT ( ) );
#8933 = CARTESIAN_POINT ( 'NONE',  ( 0.5193958231964401800, 1.343669074743377000, 0.4700000000000000300 ) ) ;
#8934 = EDGE_CURVE ( 'NONE', #605, #3747, #9316, .T. ) ;
#8935 = CARTESIAN_POINT ( 'NONE',  ( 0.06119026056236685100, 1.305071274212819700, 0.4700000000000000300 ) ) ;
#8936 = PRESENTATION_LAYER_ASSIGNMENT (  '', '', ( #8370 ) ) ;
#8937 = ORIENTED_EDGE ( 'NONE', *, *, #7386, .T. ) ;
#8938 = VERTEX_POINT ( 'NONE', #6836 ) ;
#8939 = EDGE_CURVE ( 'NONE', #5765, #7563, #9494, .T. ) ;
#8940 = MECHANICAL_DESIGN_GEOMETRIC_PRESENTATION_REPRESENTATION (  '', ( #1067 ), #1618 ) ;
#8941 = EDGE_CURVE ( 'NONE', #5165, #4767, #808, .T. ) ;
#8942 = CARTESIAN_POINT ( 'NONE',  ( -0.02242651561890166700, 1.198500928076939600, 0.4600000000000000200 ) ) ;
#8943 = FACE_OUTER_BOUND ( 'NONE', #1510, .T. ) ;
#8944 = ORIENTED_EDGE ( 'NONE', *, *, #10058, .T. ) ;
#8945 = LINE ( 'NONE', #7657, #3207 ) ;
#8946 = DIRECTION ( 'NONE',  ( -0.0000000000000000000, -0.0000000000000000000, -1.000000000000000000 ) ) ;
#8947 = ORIENTED_EDGE ( 'NONE', *, *, #8249, .T. ) ;
#8948 = DIRECTION ( 'NONE',  ( 0.0000000000000000000, -1.000000000000000000, 0.0000000000000000000 ) ) ;
#8949 = EDGE_CURVE ( 'NONE', #10630, #4226, #4022, .T. ) ;
#8950 = ADVANCED_FACE ( 'NONE', ( #2075 ), #6090, .T. ) ;
#8951 = DIRECTION ( 'NONE',  ( 0.0000000000000000000, -1.000000000000000000, -0.0000000000000000000 ) ) ;
#8952 = EDGE_CURVE ( 'NONE', #10088, #8408, #2962, .T. ) ;
#8953 = DIRECTION ( 'NONE',  ( 0.0000000000000000000, 1.000000000000000000, 0.0000000000000000000 ) ) ;
#8954 = ORIENTED_EDGE ( 'NONE', *, *, #7062, .F. ) ;
#8955 = CARTESIAN_POINT ( 'NONE',  ( 0.4356027970391868100, 1.293564205074917700, 0.4700000000000000300 ) ) ;
#8956 = CARTESIAN_POINT ( 'NONE',  ( -0.3750000000000001100, -1.101000000000000000, -0.04000000000000000100 ) ) ;
#8957 = ORIENTED_EDGE ( 'NONE', *, *, #8875, .F. ) ;
#8958 = ORIENTED_EDGE ( 'NONE', *, *, #4426, .T. ) ;
#8959 = VECTOR ( 'NONE', #4110, 1000.000000000000000 ) ;
#8960 = DIRECTION ( 'NONE',  ( 1.000000000000000000, 0.0000000000000000000, 0.0000000000000000000 ) ) ;
#8961 = ORIENTED_EDGE ( 'NONE', *, *, #9079, .F. ) ;
#8962 = CARTESIAN_POINT ( 'NONE',  ( 0.8749999999999998900, -1.500999999999999900, 0.1000000000000000100 ) ) ;
#8963 = CARTESIAN_POINT ( 'NONE',  ( 0.4882718570963850400, 1.032311519934303100, 0.4600000000000000200 ) ) ;
#8964 = CARTESIAN_POINT ( 'NONE',  ( -0.2716373012175112300, 1.059959404611489300, 0.4600000000000000200 ) ) ;
#8965 = B_SPLINE_CURVE_WITH_KNOTS ( 'NONE', 3,
 ( #8082, #2391, #5635, #5709 ),
 .UNSPECIFIED., .F., .F.,
 ( 4, 4 ),
 ( 0.0000000000000000000, 1.000000000000000000 ),
 .UNSPECIFIED. ) ;
#8966 = EDGE_CURVE ( 'NONE', #389, #5347, #3230, .T. ) ;
#8967 = CARTESIAN_POINT ( 'NONE',  ( -0.08472922569978477700, 1.338681939761879200, 0.4600000000000000200 ) ) ;
#8968 = ORIENTED_EDGE ( 'NONE', *, *, #447, .F. ) ;
#8969 = VERTEX_POINT ( 'NONE', #6754 ) ;
#8970 = CARTESIAN_POINT ( 'NONE',  ( 0.4296491595842121300, 1.130222329956509300, 0.4700000000000000300 ) ) ;
#8971 = DIRECTION ( 'NONE',  ( -0.0000000000000000000, 1.000000000000000000, -0.0000000000000000000 ) ) ;
#8972 =( NAMED_UNIT ( * ) SI_UNIT ( $, .STERADIAN. ) SOLID_ANGLE_UNIT ( ) );
#8973 = CARTESIAN_POINT ( 'NONE',  ( 0.3580286694117305000, 1.142954861543203500, 0.4600000000000000200 ) ) ;
#8974 = ORIENTED_EDGE ( 'NONE', *, *, #10245, .F. ) ;
#8975 = SURFACE_STYLE_USAGE ( .BOTH. , #1754 ) ;
#8976 = PRESENTATION_STYLE_ASSIGNMENT (( #5612 ) ) ;
#8977 = FACE_OUTER_BOUND ( 'NONE', #2460, .T. ) ;
#8978 =( GEOMETRIC_REPRESENTATION_CONTEXT ( 3 ) GLOBAL_UNCERTAINTY_ASSIGNED_CONTEXT ( ( #2063 ) ) GLOBAL_UNIT_ASSIGNED_CONTEXT ( ( #9013, #9043, #6508 ) ) REPRESENTATION_CONTEXT ( 'NONE', 'WORKASPACE' ) );
#8979 = VERTEX_POINT ( 'NONE', #287 ) ;
#8980 = VERTEX_POINT ( 'NONE', #1919 ) ;
#8981 = EDGE_CURVE ( 'NONE', #6547, #1650, #7574, .T. ) ;
#8982 = CARTESIAN_POINT ( 'NONE',  ( 0.4088114284929684800, 1.109414072317975500, 0.4600000000000000200 ) ) ;
#8983 = ORIENTED_EDGE ( 'NONE', *, *, #6490, .F. ) ;
#8984 = DIRECTION ( 'NONE',  ( -1.000000000000000000, 0.0000000000000000000, 0.0000000000000000000 ) ) ;
#8985 = STYLED_ITEM ( 'NONE', ( #1011 ), #1091 ) ;
#8986 = CARTESIAN_POINT ( 'NONE',  ( -0.04456037273638800000, 1.387868275012904300, 0.4700000000000000300 ) ) ;
#8987 = CARTESIAN_POINT ( 'NONE',  ( -0.6250000000000001100, 1.500000000000000000, 0.4600000000000000200 ) ) ;
#8988 = ADVANCED_FACE ( 'NONE', ( #6668 ), #4105, .F. ) ;
#8989 = FACE_OUTER_BOUND ( 'NONE', #3256, .T. ) ;
#8990 = VECTOR ( 'NONE', #4062, 1000.000000000000000 ) ;
#8991 = CARTESIAN_POINT ( 'NONE',  ( 0.8749999999999998900, -1.101000000000000000, 0.1000000000000000100 ) ) ;
#8992 = MECHANICAL_DESIGN_GEOMETRIC_PRESENTATION_REPRESENTATION (  '', ( #3120 ), #3693 ) ;
#8993 = ORIENTED_EDGE ( 'NONE', *, *, #8166, .F. ) ;
#8994 = EDGE_LOOP ( 'NONE', ( #7805, #4865, #8536, #3612 ) ) ;
#8995 = EDGE_CURVE ( 'NONE', #3036, #5560, #3888, .T. ) ;
#8996 = PLANE ( 'NONE',  #8384 ) ;
#8997 =( NAMED_UNIT ( * ) SI_UNIT ( $, .STERADIAN. ) SOLID_ANGLE_UNIT ( ) );
#8998 =( NAMED_UNIT ( * ) SI_UNIT ( $, .STERADIAN. ) SOLID_ANGLE_UNIT ( ) );
#8999 = VECTOR ( 'NONE', #2959, 1000.000000000000100 ) ;
#9000 = EDGE_CURVE ( 'NONE', #1251, #10072, #1809, .T. ) ;
#9001 = UNCERTAINTY_MEASURE_WITH_UNIT (LENGTH_MEASURE( 1.000000000000000100E-005 ), #8802, 'distance_accuracy_value', 'NONE');
#9002 = CARTESIAN_POINT ( 'NONE',  ( 0.5799932420423163900, 1.160756827001928200, 0.4600000000000000200 ) ) ;
#9003 = ADVANCED_FACE ( 'NONE', ( #7078 ), #1379, .T. ) ;
#9004 = VERTEX_POINT ( 'NONE', #8703 ) ;
#9005 = LINE ( 'NONE', #1828, #4679 ) ;
#9006 = VERTEX_POINT ( 'NONE', #9538 ) ;
#9007 = COLOUR_RGB ( '',0.6666666666666666300, 0.6666666666666666300, 0.6666666666666666300 ) ;
#9008 = FILL_AREA_STYLE_COLOUR ( '', #9440 ) ;
#9009 = B_SPLINE_CURVE_WITH_KNOTS ( 'NONE', 3,
 ( #5358, #4495, #3655, #2909 ),
 .UNSPECIFIED., .F., .F.,
 ( 4, 4 ),
 ( 24.00000000000000000, 25.00000000000000000 ),
 .UNSPECIFIED. ) ;
#9010 = FACE_OUTER_BOUND ( 'NONE', #3679, .T. ) ;
#9011 = FILL_AREA_STYLE ('',( #840 ) ) ;
#9012 = CARTESIAN_POINT ( 'NONE',  ( 0.8364712278380103100, 1.058719733595270100, 0.4700000000000000300 ) ) ;
#9013 =( LENGTH_UNIT ( ) NAMED_UNIT ( * ) SI_UNIT ( .MILLI., .METRE. ) );
#9014 = ORIENTED_EDGE ( 'NONE', *, *, #2973, .T. ) ;
#9015 = VECTOR ( 'NONE', #9734, 1000.000000000000000 ) ;
#9016 = VERTEX_POINT ( 'NONE', #6976 ) ;
#9017 = VECTOR ( 'NONE', #5659, 1000.000000000000000 ) ;
#9018 = PRESENTATION_LAYER_ASSIGNMENT (  '', '', ( #9717 ) ) ;
#9019 = CARTESIAN_POINT ( 'NONE',  ( 0.3404624915750940100, 1.072336468763329400, 0.4700000000000000300 ) ) ;
#9020 = AXIS2_PLACEMENT_3D ( 'NONE', #7371, #127, #6569 ) ;
#9021 = CARTESIAN_POINT ( 'NONE',  ( 0.7229100144066523700, 1.142660127015293400, 0.4700000000000000300 ) ) ;
#9022 = CARTESIAN_POINT ( 'NONE',  ( 0.1169347363203744300, 1.265722212266524600, 0.4700000000000000300 ) ) ;
#9023 = LINE ( 'NONE', #7953, #5436 ) ;
#9024 = VERTEX_POINT ( 'NONE', #4545 ) ;
#9025 = VECTOR ( 'NONE', #6782, 1000.000000000000000 ) ;
#9026 = DIRECTION ( 'NONE',  ( -0.0000000000000000000, -0.0000000000000000000, -1.000000000000000000 ) ) ;
#9027 = ORIENTED_EDGE ( 'NONE', *, *, #6843, .T. ) ;
#9028 = CARTESIAN_POINT ( 'NONE',  ( -0.8750000000000001100, 0.0000000000000000000, 0.0000000000000000000 ) ) ;
#9029 = FACE_OUTER_BOUND ( 'NONE', #7557, .T. ) ;
#9030 = CARTESIAN_POINT ( 'NONE',  ( 0.5622207500362883500, 1.258785530834983600, 0.4700000000000000300 ) ) ;
#9031 = ORIENTED_EDGE ( 'NONE', *, *, #5513, .T. ) ;
#9032 = LINE ( 'NONE', #54, #5828 ) ;
#9033 = CARTESIAN_POINT ( 'NONE',  ( 0.3113132468091264200, 1.297101019404332200, 0.4700000000000000300 ) ) ;
#9034 = B_SPLINE_CURVE_WITH_KNOTS ( 'NONE', 3,
 ( #1994, #6058, #2131, #8636 ),
 .UNSPECIFIED., .F., .F.,
 ( 4, 4 ),
 ( 2.000000000000000000, 3.000000000000000000 ),
 .UNSPECIFIED. ) ;
#9035 = AXIS2_PLACEMENT_3D ( 'NONE', #5832, #918, #7501 ) ;
#9036 = CARTESIAN_POINT ( 'NONE',  ( 0.3432329961332066800, 1.069860698733130100, 0.4700000000000000300 ) ) ;
#9037 = VERTEX_POINT ( 'NONE', #7799 ) ;
#9038 = LINE ( 'NONE', #10063, #3962 ) ;
#9039 = CARTESIAN_POINT ( 'NONE',  ( 0.4381080405224999600, 1.131224427350304900, 0.4600000000000000200 ) ) ;
#9040 = VERTEX_POINT ( 'NONE', #7906 ) ;
#9041 = VECTOR ( 'NONE', #381, 1000.000000000000000 ) ;
#9042 = CARTESIAN_POINT ( 'NONE',  ( 0.3733548648394733900, 1.092142629008860900, 0.4700000000000000300 ) ) ;
#9043 =( NAMED_UNIT ( * ) PLANE_ANGLE_UNIT ( ) SI_UNIT ( $, .RADIAN. ) );
#9044 = ORIENTED_EDGE ( 'NONE', *, *, #1816, .T. ) ;
#9045 = VECTOR ( 'NONE', #7273, 1000.000000000000000 ) ;
#9046 = VERTEX_POINT ( 'NONE', #8603 ) ;
#9047 = EDGE_LOOP ( 'NONE', ( #3140, #2399, #8679, #614 ) ) ;
#9048 = AXIS2_PLACEMENT_3D ( 'NONE', #9405, #6106, #1239 ) ;
#9049 = ADVANCED_FACE ( 'NONE', ( #145 ), #7665, .F. ) ;
#9050 = EDGE_LOOP ( 'NONE', ( #9950, #1899, #8128, #9591 ) ) ;
#9051 = CARTESIAN_POINT ( 'NONE',  ( 0.7253857844376375700, 1.158752632215126500, 0.4700000000000000300 ) ) ;
#9052 = DIRECTION ( 'NONE',  ( 0.0000000000000000000, 1.000000000000000000, -0.0000000000000000000 ) ) ;
#9053 = DIRECTION ( 'NONE',  ( -0.0000000000000000000, 1.000000000000000000, -0.0000000000000000000 ) ) ;
#9054 = PRESENTATION_LAYER_ASSIGNMENT (  '', '', ( #6661 ) ) ;
#9055 =( NAMED_UNIT ( * ) SI_UNIT ( $, .STERADIAN. ) SOLID_ANGLE_UNIT ( ) );
#9056 = UNCERTAINTY_MEASURE_WITH_UNIT (LENGTH_MEASURE( 1.000000000000000100E-005 ), #4916, 'distance_accuracy_value', 'NONE');
#9057 = EDGE_CURVE ( 'NONE', #3820, #8334, #7687, .T. ) ;
#9058 = ORIENTED_EDGE ( 'NONE', *, *, #6025, .F. ) ;
#9059 = VERTEX_POINT ( 'NONE', #9394 ) ;
#9060 = SURFACE_SIDE_STYLE ('',( #10497 ) ) ;
#9061 = CARTESIAN_POINT ( 'NONE',  ( 0.4207187034025312600, 1.356932128478890400, 0.4700000000000000300 ) ) ;
#9062 = CARTESIAN_POINT ( 'NONE',  ( 0.4223397433032848900, 1.120142409117864700, 0.4600000000000000200 ) ) ;
#9063 = CARTESIAN_POINT ( 'NONE',  ( 0.002986380480439324900, 1.108325948845417100, 0.4700000000000000300 ) ) ;
#9064 = EDGE_CURVE ( 'NONE', #5347, #1892, #7324, .T. ) ;
#9065 = CARTESIAN_POINT ( 'NONE',  ( 0.6637862681987661800, 1.160756827001928200, 0.4600000000000000200 ) ) ;
#9066 = COLOUR_RGB ( '',0.6666666666666666300, 0.6666666666666666300, 0.6666666666666666300 ) ;
#9067 = ORIENTED_EDGE ( 'NONE', *, *, #5502, .F. ) ;
#9068 = LINE ( 'NONE', #10054, #1027 ) ;
#9069 = EDGE_CURVE ( 'NONE', #5371, #1543, #2325, .T. ) ;
#9070 = ORIENTED_EDGE ( 'NONE', *, *, #4738, .F. ) ;
#9071 = PLANE ( 'NONE',  #7242 ) ;
#9072 =( NAMED_UNIT ( * ) PLANE_ANGLE_UNIT ( ) SI_UNIT ( $, .RADIAN. ) );
#9074 = CARTESIAN_POINT ( 'NONE',  ( 0.3477424344033106000, 1.056774485713890800, 0.4700000000000000300 ) ) ;
#9073 =( GEOMETRIC_REPRESENTATION_CONTEXT ( 3 ) GLOBAL_UNCERTAINTY_ASSIGNED_CONTEXT ( ( #4437 ) ) GLOBAL_UNIT_ASSIGNED_CONTEXT ( ( #10115, #1153, #6867 ) ) REPRESENTATION_CONTEXT ( 'NONE', 'WORKASPACE' ) );
#9075 = CARTESIAN_POINT ( 'NONE',  ( -0.001932209264175819900, 1.058319853848341400, 0.4700000000000000300 ) ) ;
#9076 = CARTESIAN_POINT ( 'NONE',  ( 0.04151568268147027400, 1.108325948845417100, 0.4600000000000000200 ) ) ;
#9077 = AXIS2_PLACEMENT_3D ( 'NONE', #4152, #3266, #7384 ) ;
#9078 = VERTEX_POINT ( 'NONE', #2955 ) ;
#9079 = EDGE_CURVE ( 'NONE', #1293, #7505, #4514, .T. ) ;
#9080 = CARTESIAN_POINT ( 'NONE',  ( 0.4424701115290429800, 1.068563866812215300, 0.4600000000000000200 ) ) ;
#9081 = EDGE_CURVE ( 'NONE', #3846, #1691, #6418, .T. ) ;
#9082 = ORIENTED_EDGE ( 'NONE', *, *, #8206, .F. ) ;
#9083 = VECTOR ( 'NONE', #5557, 1000.000000000000000 ) ;
#9084 = DIRECTION ( 'NONE',  ( -0.0000000000000000000, -0.0000000000000000000, -1.000000000000000000 ) ) ;
#9085 = CARTESIAN_POINT ( 'NONE',  ( 0.6489021745624993200, 1.058719733595270100, 0.4700000000000000300 ) ) ;
#9086 = CARTESIAN_POINT ( 'NONE',  ( 0.4234007876021129700, 1.114306665473735700, 0.4600000000000000200 ) ) ;
#9087 = LINE ( 'NONE', #3892, #2557 ) ;
#9088 =( NAMED_UNIT ( * ) PLANE_ANGLE_UNIT ( ) SI_UNIT ( $, .RADIAN. ) );
#9089 = PRESENTATION_LAYER_ASSIGNMENT (  '', '', ( #8831 ) ) ;
#9090 = ORIENTED_EDGE ( 'NONE', *, *, #2150, .T. ) ;
#9091 = CARTESIAN_POINT ( 'NONE',  ( -0.2970502364062502200, 1.066517576390697300, 0.4700000000000000300 ) ) ;
#9092 = ORIENTED_EDGE ( 'NONE', *, *, #4763, .F. ) ;
#9093 = FILL_AREA_STYLE ('',( #3960 ) ) ;
#9094 = ORIENTED_EDGE ( 'NONE', *, *, #5129, .T. ) ;
#9095 = DIRECTION ( 'NONE',  ( 0.0000000000000000000, -1.000000000000000000, 0.0000000000000000000 ) ) ;
#9096 = VERTEX_POINT ( 'NONE', #7013 ) ;
#9097 = PLANE ( 'NONE',  #524 ) ;
#9098 = CARTESIAN_POINT ( 'NONE',  ( -0.2388463875961558100, 1.321466719296756000, 0.4700000000000000300 ) ) ;
#9099 = B_SPLINE_CURVE_WITH_KNOTS ( 'NONE', 3,
 ( #3117, #7060, #9550, #4667 ),
 .UNSPECIFIED., .F., .F.,
 ( 4, 4 ),
 ( 8.000000000000000000, 9.000000000000000000 ),
 .UNSPECIFIED. ) ;
#9100 = EDGE_LOOP ( 'NONE', ( #8138, #1576, #1812, #4104 ) ) ;
#9101 = EDGE_CURVE ( 'NONE', #1023, #257, #504, .T. ) ;
#9102 = CARTESIAN_POINT ( 'NONE',  ( 0.6646115248754968000, 1.356932128478893600, 0.4700000000000000300 ) ) ;
#9103 = VERTEX_POINT ( 'NONE', #7874 ) ;
#9104 = ADVANCED_FACE ( 'NONE', ( #4270 ), #604, .F. ) ;
#9105 =( LENGTH_UNIT ( ) NAMED_UNIT ( * ) SI_UNIT ( .MILLI., .METRE. ) );
#9106 = ORIENTED_EDGE ( 'NONE', *, *, #5712, .F. ) ;
#9107 = LINE ( 'NONE', #4935, #815 ) ;
#9108 = LINE ( 'NONE', #2307, #8990 ) ;
#9109 = PLANE ( 'NONE',  #6123 ) ;
#9110 =( NAMED_UNIT ( * ) SI_UNIT ( $, .STERADIAN. ) SOLID_ANGLE_UNIT ( ) );
#9111 = CARTESIAN_POINT ( 'NONE',  ( 0.3657212405783116800, 1.239686733455341900, 0.4600000000000000200 ) ) ;
#9112 = CARTESIAN_POINT ( 'NONE',  ( -0.1626075898475035600, 1.068157095881235200, 0.4600000000000000200 ) ) ;
#9113 = VERTEX_POINT ( 'NONE', #6208 ) ;
#9114 = FACE_OUTER_BOUND ( 'NONE', #3296, .T. ) ;
#9115 = CARTESIAN_POINT ( 'NONE',  ( -0.8750000000000001100, -1.101000000000000000, 0.1000000000000000100 ) ) ;
#9116 = CARTESIAN_POINT ( 'NONE',  ( 0.6244981556883441000, 1.160756827001928200, 0.4700000000000000300 ) ) ;
#9117 = ORIENTED_EDGE ( 'NONE', *, *, #1648, .F. ) ;
#9118 = VERTEX_POINT ( 'NONE', #10480 ) ;
#9119 = ADVANCED_FACE ( 'NONE', ( #8322 ), #10512, .T. ) ;
#9120 = COLOUR_RGB ( '',0.6666666666666666300, 0.6666666666666666300, 0.6666666666666666300 ) ;
#9121 = EDGE_CURVE ( 'NONE', #8057, #4973, #4015, .T. ) ;
#9122 = ORIENTED_EDGE ( 'NONE', *, *, #9495, .T. ) ;
#9123 = DIRECTION ( 'NONE',  ( 0.5048830486499483700, -0.8631877589412014800, 0.0000000000000000000 ) ) ;
#9124 = CARTESIAN_POINT ( 'NONE',  ( -0.2265498194193134900, 1.067337304864135500, 0.4600000000000000200 ) ) ;
#9125 = VERTEX_POINT ( 'NONE', #7186 ) ;
#9126 = SURFACE_STYLE_USAGE ( .BOTH. , #3431 ) ;
#9127 = FACE_OUTER_BOUND ( 'NONE', #2352, .T. ) ;
#9128 = EDGE_CURVE ( 'NONE', #10347, #3029, #7193, .T. ) ;
#9129 = AXIS2_PLACEMENT_3D ( 'NONE', #3366, #8341, #4174 ) ;
#9130 = EDGE_LOOP ( 'NONE', ( #1198, #7736, #7423, #5092 ) ) ;
#9131 = EDGE_CURVE ( 'NONE', #2264, #2876, #2681, .T. ) ;
#9132 = CARTESIAN_POINT ( 'NONE',  ( 0.8026946509902985700, 1.151207428312109200, 0.4600000000000000200 ) ) ;
#9133 = CARTESIAN_POINT ( 'NONE',  ( 0.4590341919722750700, 1.125270789895327100, 0.4700000000000000300 ) ) ;
#9134 = SURFACE_SIDE_STYLE ('',( #4703 ) ) ;
#9135 = VERTEX_POINT ( 'NONE', #1412 ) ;
#9136 =( NAMED_UNIT ( * ) PLANE_ANGLE_UNIT ( ) SI_UNIT ( $, .RADIAN. ) );
#9137 = CARTESIAN_POINT ( 'NONE',  ( 0.8247113201916155300, 1.090256328032908100, 0.4700000000000000300 ) ) ;
#9138 = SURFACE_STYLE_FILL_AREA ( #2726 ) ;
#9139 = EDGE_CURVE ( 'NONE', #9532, #7146, #1339, .T. ) ;
#9140 = LINE ( 'NONE', #10387, #5935 ) ;
#9141 = DIRECTION ( 'NONE',  ( -1.000000000000000000, -0.0000000000000000000, -0.0000000000000000000 ) ) ;
#9142 = ORIENTED_EDGE ( 'NONE', *, *, #4969, .F. ) ;
#9143 = SURFACE_STYLE_FILL_AREA ( #7006 ) ;
#9144 = DIRECTION ( 'NONE',  ( 0.0000000000000000000, 1.000000000000000000, 0.0000000000000000000 ) ) ;
#9145 = CARTESIAN_POINT ( 'NONE',  ( 0.3877968566850573700, 1.111713001631901500, 0.4700000000000000300 ) ) ;
#9146 = ORIENTED_EDGE ( 'NONE', *, *, #878, .T. ) ;
#9147 = CARTESIAN_POINT ( 'NONE',  ( 0.3877968566850573700, 1.111713001631901500, 0.4700000000000000300 ) ) ;
#9148 = FILL_AREA_STYLE_COLOUR ( '', #836 ) ;
#9149 = DIRECTION ( 'NONE',  ( 0.0000000000000000000, 0.0000000000000000000, -1.000000000000000000 ) ) ;
#9150 = SURFACE_STYLE_FILL_AREA ( #4313 ) ;
#9151 = ORIENTED_EDGE ( 'NONE', *, *, #3282, .F. ) ;
#9152 = SURFACE_STYLE_FILL_AREA ( #1885 ) ;
#9153 = AXIS2_PLACEMENT_3D ( 'NONE', #9947, #3225, #4998 ) ;
#9154 = EDGE_LOOP ( 'NONE', ( #6640, #1427, #1832, #10548 ) ) ;
#9155 = EDGE_CURVE ( 'NONE', #8774, #178, #6931, .T. ) ;
#9156 = ADVANCED_FACE ( 'NONE', ( #538 ), #7762, .F. ) ;
#9157 = CARTESIAN_POINT ( 'NONE',  ( 0.03659706166501861000, 1.236210407989039900, 0.4700000000000000300 ) ) ;
#9158 = DIRECTION ( 'NONE',  ( -0.0000000000000000000, 1.000000000000000000, -0.0000000000000000000 ) ) ;
#9159 = CARTESIAN_POINT ( 'NONE',  ( -1.000000000000000000, -1.500000000000000000, 0.4600000000000000200 ) ) ;
#9160 = CARTESIAN_POINT ( 'NONE',  ( 0.4207187034025312600, 1.356932128478890400, 0.4700000000000000300 ) ) ;
#9161 = CARTESIAN_POINT ( 'NONE',  ( 0.3733548648394733300, 1.111064585672230300, 0.4600000000000000200 ) ) ;
#9162 = CARTESIAN_POINT ( 'NONE',  ( 0.6212266024333250600, 1.241631981336718500, 0.4600000000000000200 ) ) ;
#9163 = LINE ( 'NONE', #2405, #7015 ) ;
#9164 = ORIENTED_EDGE ( 'NONE', *, *, #6959, .F. ) ;
#9165 = FACE_OUTER_BOUND ( 'NONE', #5000, .T. ) ;
#9166 = EDGE_CURVE ( 'NONE', #5399, #1265, #5120, .T. ) ;
#9167 = VERTEX_POINT ( 'NONE', #4748 ) ;
#9168 = DIRECTION ( 'NONE',  ( 0.0000000000000000000, 0.0000000000000000000, -1.000000000000000000 ) ) ;
#9169 = ADVANCED_FACE ( 'NONE', ( #3482 ), #6448, .T. ) ;
#9170 = CARTESIAN_POINT ( 'NONE',  ( 0.6951754953728419600, 1.071864893519937300, 0.4700000000000000300 ) ) ;
#9171 = CARTESIAN_POINT ( 'NONE',  ( 0.6542663429616545300, 1.334119676053556500, 0.4700000000000000300 ) ) ;
#9172 = DIRECTION ( 'NONE',  ( 0.0000000000000000000, -0.0000000000000000000, 1.000000000000000000 ) ) ;
#9173 = B_SPLINE_CURVE_WITH_KNOTS ( 'NONE', 3,
 ( #5889, #8572, #6033, #6069 ),
 .UNSPECIFIED., .F., .F.,
 ( 4, 4 ),
 ( 27.00000000000000000, 28.00000000000000000 ),
 .UNSPECIFIED. ) ;
#9174 = ORIENTED_EDGE ( 'NONE', *, *, #9868, .T. ) ;
#9175 =( NAMED_UNIT ( * ) SI_UNIT ( $, .STERADIAN. ) SOLID_ANGLE_UNIT ( ) );
#9176 = ORIENTED_EDGE ( 'NONE', *, *, #2187, .T. ) ;
#9177 = DIRECTION ( 'NONE',  ( 0.0000000000000000000, 0.0000000000000000000, 1.000000000000000000 ) ) ;
#9178 = EDGE_LOOP ( 'NONE', ( #5208, #6023, #7902, #9587 ) ) ;
#9179 = CARTESIAN_POINT ( 'NONE',  ( 0.4356027970391868100, 1.293564205074917700, 0.4600000000000000200 ) ) ;
#9180 = CARTESIAN_POINT ( 'NONE',  ( -0.3750000000000001100, -1.101000000000000000, 0.0000000000000000000 ) ) ;
#9181 = PLANE ( 'NONE',  #8865 ) ;
#9182 = ORIENTED_EDGE ( 'NONE', *, *, #84, .F. ) ;
#9183 = FACE_OUTER_BOUND ( 'NONE', #9551, .T. ) ;
#9184 = DIRECTION ( 'NONE',  ( 0.0000000000000000000, 0.0000000000000000000, -1.000000000000000000 ) ) ;
#9185 =( NAMED_UNIT ( * ) PLANE_ANGLE_UNIT ( ) SI_UNIT ( $, .RADIAN. ) );
#9186 = ORIENTED_EDGE ( 'NONE', *, *, #533, .F. ) ;
#9187 = EDGE_CURVE ( 'NONE', #5094, #1368, #3813, .T. ) ;
#9188 = ORIENTED_EDGE ( 'NONE', *, *, #3770, .T. ) ;
#9189 = AXIS2_PLACEMENT_3D ( 'NONE', #10380, #8701, #3771 ) ;
#9190 =( GEOMETRIC_REPRESENTATION_CONTEXT ( 3 ) GLOBAL_UNCERTAINTY_ASSIGNED_CONTEXT ( ( #9991 ) ) GLOBAL_UNIT_ASSIGNED_CONTEXT ( ( #10514, #2344, #3923 ) ) REPRESENTATION_CONTEXT ( 'NONE', 'WORKASPACE' ) );
#9191 = CARTESIAN_POINT ( 'NONE',  ( -0.3750000000000001100, 1.101000000000000000, 0.1000000000000000100 ) ) ;
#9192 = CARTESIAN_POINT ( 'NONE',  ( 0.7766990656680904400, 1.090256328032908100, 0.4600000000000000200 ) ) ;
#9193 = VERTEX_POINT ( 'NONE', #7221 ) ;
#9194 = VECTOR ( 'NONE', #3186, 1000.000000000000000 ) ;
#9195 = ORIENTED_EDGE ( 'NONE', *, *, #4309, .F. ) ;
#9196 = CARTESIAN_POINT ( 'NONE',  ( 0.3976409899023887800, 1.338599640871340500, 0.4700000000000000300 ) ) ;
#9197 = PLANE ( 'NONE',  #8788 ) ;
#9198 = CARTESIAN_POINT ( 'NONE',  ( 0.6047804158017304800, 1.241631981336718300, 0.4600000000000000200 ) ) ;
#9199 = DIRECTION ( 'NONE',  ( 0.0000000000000000000, -1.000000000000000000, -0.0000000000000000000 ) ) ;
#9200 = LINE ( 'NONE', #6010, #6786 ) ;
#9201 = STYLED_ITEM ( 'NONE', ( #7755 ), #2593 ) ;
#9202 = VECTOR ( 'NONE', #7102, 1000.000000000000000 ) ;
#9203 = CARTESIAN_POINT ( 'NONE',  ( 0.4882718570963850400, 1.032311519934303100, 0.4700000000000000300 ) ) ;
#9204 = EDGE_LOOP ( 'NONE', ( #4269, #5983, #1965, #5980, #8497, #1588 ) ) ;
#9205 = CARTESIAN_POINT ( 'NONE',  ( 0.4267312877625429300, 1.128159188264286700, 0.4600000000000000200 ) ) ;
#9206 = EDGE_CURVE ( 'NONE', #4069, #7794, #2828, .T. ) ;
#9207 = CARTESIAN_POINT ( 'NONE',  ( 0.5799932420423163900, 1.123856064163558400, 0.4700000000000000300 ) ) ;
#9208 = CARTESIAN_POINT ( 'NONE',  ( 0.3678728026286729500, 1.252949787190854400, 0.4700000000000000300 ) ) ;
#9209 =( GEOMETRIC_REPRESENTATION_CONTEXT ( 3 ) GLOBAL_UNCERTAINTY_ASSIGNED_CONTEXT ( ( #7051 ) ) GLOBAL_UNIT_ASSIGNED_CONTEXT ( ( #6424, #7296, #2384 ) ) REPRESENTATION_CONTEXT ( 'NONE', 'WORKASPACE' ) );
#9210 =( NAMED_UNIT ( * ) SI_UNIT ( $, .STERADIAN. ) SOLID_ANGLE_UNIT ( ) );
#9211 = FACE_OUTER_BOUND ( 'NONE', #7832, .T. ) ;
#9212 = FACE_OUTER_BOUND ( 'NONE', #10644, .T. ) ;
#9213 = EDGE_CURVE ( 'NONE', #5526, #7536, #8847, .T. ) ;
#9214 = ORIENTED_EDGE ( 'NONE', *, *, #1, .F. ) ;
#9215 = LINE ( 'NONE', #3999, #2313 ) ;
#9216 = ORIENTED_EDGE ( 'NONE', *, *, #9187, .F. ) ;
#9217 = DIRECTION ( 'NONE',  ( 0.0000000000000000000, 0.0000000000000000000, -1.000000000000000000 ) ) ;
#9218 = B_SPLINE_CURVE_WITH_KNOTS ( 'NONE', 3,
 ( #6118, #4533, #10253, #2911 ),
 .UNSPECIFIED., .F., .F.,
 ( 4, 4 ),
 ( 4.000000000000000000, 5.000000000000000000 ),
 .UNSPECIFIED. ) ;
#9219 = DIRECTION ( 'NONE',  ( 1.000000000000000000, -0.0000000000000000000, -0.0000000000000000000 ) ) ;
#9220 = CARTESIAN_POINT ( 'NONE',  ( 0.4481584879088261200, 1.079704831950077300, 0.4600000000000000200 ) ) ;
#9221 = CARTESIAN_POINT ( 'NONE',  ( 0.3078059059324215200, 1.071864893519934900, 0.4700000000000000300 ) ) ;
#9222 = CARTESIAN_POINT ( 'NONE',  ( 0.3467992839153355400, 1.131224427350304900, 0.4700000000000000300 ) ) ;
#9223 = DIRECTION ( 'NONE',  ( -1.000000000000000000, 0.0000000000000000000, -0.0000000000000000000 ) ) ;
#9224 = ORIENTED_EDGE ( 'NONE', *, *, #2864, .F. ) ;
#9225 = VECTOR ( 'NONE', #543, 1000.000000000000000 ) ;
#9226 = ADVANCED_FACE ( 'NONE', ( #9212 ), #4878, .F. ) ;
#9227 = ORIENTED_EDGE ( 'NONE', *, *, #5806, .T. ) ;
#9228 = LINE ( 'NONE', #10127, #4882 ) ;
#9229 = CARTESIAN_POINT ( 'NONE',  ( -1.000000000000000000, -1.500000000000000000, 0.4600000000000000200 ) ) ;
#9230 = ORIENTED_EDGE ( 'NONE', *, *, #5113, .F. ) ;
#9231 = DIRECTION ( 'NONE',  ( -0.0000000000000000000, -1.000000000000000000, -0.0000000000000000000 ) ) ;
#9232 = CARTESIAN_POINT ( 'NONE',  ( 0.7427751215583920900, 1.117843479803158500, 0.4700000000000000300 ) ) ;
#9233 = CARTESIAN_POINT ( 'NONE',  ( 0.4536994970250442000, 1.063317592223118800, 0.4700000000000000300 ) ) ;
#9234 = CARTESIAN_POINT ( 'NONE',  ( -0.6250000000000001100, 1.101000000000000000, 0.1000000000000000100 ) ) ;
#9235 = ORIENTED_EDGE ( 'NONE', *, *, #6959, .T. ) ;
#9236 = VERTEX_POINT ( 'NONE', #4061 ) ;
#9237 = CARTESIAN_POINT ( 'NONE',  ( 0.4931939237048564900, 1.036143068791630000, 0.4700000000000000300 ) ) ;
#9238 = VERTEX_POINT ( 'NONE', #5656 ) ;
#9239 = CARTESIAN_POINT ( 'NONE',  ( 0.5345746513606174400, 1.141068560567252600, 0.4700000000000000300 ) ) ;
#9240 = CARTESIAN_POINT ( 'NONE',  ( 0.7144806069214740800, 1.149910596391190200, 0.4600000000000000200 ) ) ;
#9241 = CARTESIAN_POINT ( 'NONE',  ( 0.3065974943700323600, 1.254777141261381100, 0.4700000000000000300 ) ) ;
#9242 = VECTOR ( 'NONE', #8137, 1000.000000000000000 ) ;
#9243 = CARTESIAN_POINT ( 'NONE',  ( 0.7060511994362928000, 1.157161065766300500, 0.4600000000000000200 ) ) ;
#9244 = B_SPLINE_CURVE_WITH_KNOTS ( 'NONE', 3,
 ( #5672, #8202, #4175, #6463 ),
 .UNSPECIFIED., .F., .F.,
 ( 4, 4 ),
 ( 7.000000000000000000, 8.000000000000000000 ),
 .UNSPECIFIED. ) ;
#9245 = CARTESIAN_POINT ( 'NONE',  ( 0.8005430889399329800, 1.159283154363951900, 0.4600000000000000200 ) ) ;
#9246 = DIRECTION ( 'NONE',  ( 0.3493954794972899400, -0.9369753459439895700, -0.0000000000000000000 ) ) ;
#9247 = VERTEX_POINT ( 'NONE', #787 ) ;
#9248 = VECTOR ( 'NONE', #7542, 1000.000000000000000 ) ;
#9249 = ADVANCED_FACE ( 'NONE', ( #793 ), #3240, .T. ) ;
#9250 = VERTEX_POINT ( 'NONE', #9624 ) ;
#9251 =( GEOMETRIC_REPRESENTATION_CONTEXT ( 3 ) GLOBAL_UNCERTAINTY_ASSIGNED_CONTEXT ( ( #8205 ) ) GLOBAL_UNIT_ASSIGNED_CONTEXT ( ( #3809, #4687, #7975 ) ) REPRESENTATION_CONTEXT ( 'NONE', 'WORKASPACE' ) );
#9252 = VECTOR ( 'NONE', #4417, 1000.000000000000000 ) ;
#9253 = DIRECTION ( 'NONE',  ( -0.0000000000000000000, -0.0000000000000000000, -1.000000000000000000 ) ) ;
#9254 = CARTESIAN_POINT ( 'NONE',  ( 0.3785127190700315900, 1.239686733455341900, 0.4700000000000000300 ) ) ;
#9255 = LINE ( 'NONE', #9574, #5541 ) ;
#9256 = CARTESIAN_POINT ( 'NONE',  ( 0.3733548648394733900, 1.100041514345212200, 0.4600000000000000200 ) ) ;
#9257 = CARTESIAN_POINT ( 'NONE',  ( -0.3331201968270273200, 1.282117649532498000, 0.4600000000000000200 ) ) ;
#9258 = CARTESIAN_POINT ( 'NONE',  ( 0.3216289552702570300, 1.080765876249294000, 0.4700000000000000300 ) ) ;
#9259 = CARTESIAN_POINT ( 'NONE',  ( -0.3577133859521229900, 1.257524489724944000, 0.4700000000000000300 ) ) ;
#9260 = ORIENTED_EDGE ( 'NONE', *, *, #6311, .T. ) ;
#9261 = FACE_OUTER_BOUND ( 'NONE', #6951, .T. ) ;
#9262 = CARTESIAN_POINT ( 'NONE',  ( -0.02570561714403015900, 1.338681939761879200, 0.4600000000000000200 ) ) ;
#9263 = VERTEX_POINT ( 'NONE', #5542 ) ;
#9264 = PRESENTATION_STYLE_ASSIGNMENT (( #6556 ) ) ;
#9265 = LINE ( 'NONE', #4186, #5162 ) ;
#9266 = ADVANCED_FACE ( 'NONE', ( #8580 ), #7839, .F. ) ;
#9267 = EDGE_CURVE ( 'NONE', #5514, #2409, #674, .T. ) ;
#9268 = DIRECTION ( 'NONE',  ( -0.0000000000000000000, 1.000000000000000000, -0.0000000000000000000 ) ) ;
#9269 = CARTESIAN_POINT ( 'NONE',  ( 0.2457937613547887000, 1.241631981336715800, 0.4700000000000000300 ) ) ;
#9270 = ORIENTED_EDGE ( 'NONE', *, *, #9155, .F. ) ;
#9271 = SURFACE_STYLE_FILL_AREA ( #8213 ) ;
#9272 = CARTESIAN_POINT ( 'NONE',  ( 0.7930863053950505400, 1.174019880737444500, 0.4700000000000000300 ) ) ;
#9273 = CARTESIAN_POINT ( 'NONE',  ( -0.1117817038333259600, 1.091110744016214000, 0.4600000000000000200 ) ) ;
#9274 = ORIENTED_EDGE ( 'NONE', *, *, #8733, .F. ) ;
#9275 = ADVANCED_FACE ( 'NONE', ( #911 ), #4640, .F. ) ;
#9276 = DIRECTION ( 'NONE',  ( -1.504528414727667400E-014, 1.000000000000000000, 0.0000000000000000000 ) ) ;
#9277 = VERTEX_POINT ( 'NONE', #3942 ) ;
#9278 = LINE ( 'NONE', #6015, #967 ) ;
#9279 = EDGE_CURVE ( 'NONE', #4193, #7347, #2741, .T. ) ;
#9280 = CARTESIAN_POINT ( 'NONE',  ( -0.2970502364062502200, 1.066517576390697300, 0.4600000000000000200 ) ) ;
#9281 = EDGE_LOOP ( 'NONE', ( #6927, #519, #2799, #6077 ) ) ;
#9282 = COLOUR_RGB ( '',0.6666666666666666300, 0.6666666666666666300, 0.6666666666666666300 ) ;
#9283 = SURFACE_SIDE_STYLE ('',( #5031 ) ) ;
#9284 = VECTOR ( 'NONE', #7821, 1000.000000000000000 ) ;
#9285 = FILL_AREA_STYLE_COLOUR ( '', #480 ) ;
#9286 = VERTEX_POINT ( 'NONE', #6334 ) ;
#9287 = LINE ( 'NONE', #5632, #1628 ) ;
#9288 = B_SPLINE_CURVE_WITH_KNOTS ( 'NONE', 3,
 ( #4263, #159, #7393, #5017 ),
 .UNSPECIFIED., .F., .F.,
 ( 4, 4 ),
 ( 4.000000000000000000, 5.000000000000000000 ),
 .UNSPECIFIED. ) ;
#9289 = CARTESIAN_POINT ( 'NONE',  ( 0.5827342731476982100, 1.300343099206631400, 0.4700000000000000300 ) ) ;
#9290 = SURFACE_STYLE_USAGE ( .BOTH. , #3681 ) ;
#9291 = CARTESIAN_POINT ( 'NONE',  ( -0.2388463875961558100, 1.321466719296756000, 0.4600000000000000200 ) ) ;
#9292 = CARTESIAN_POINT ( 'NONE',  ( -0.3331201968270273200, 1.282117649532498000, 0.4700000000000000300 ) ) ;
#9293 = VERTEX_POINT ( 'NONE', #6265 ) ;
#9294 = CARTESIAN_POINT ( 'NONE',  ( 0.4530216076118750400, 1.141775923433133100, 0.4600000000000000200 ) ) ;
#9295 = EDGE_CURVE ( 'NONE', #3085, #9125, #6145, .T. ) ;
#9296 = EDGE_CURVE ( 'NONE', #5159, #7792, #4025, .T. ) ;
#9297 = CARTESIAN_POINT ( 'NONE',  ( 0.8749999999999998900, 1.500999999999999900, -0.04000000000000000100 ) ) ;
#9298 = VECTOR ( 'NONE', #5963, 1000.000000000000000 ) ;
#9299 = LINE ( 'NONE', #4462, #4949 ) ;
#9300 = EDGE_LOOP ( 'NONE', ( #1658, #4639, #4170, #8772 ) ) ;
#9301 = VECTOR ( 'NONE', #10373, 1000.000000000000000 ) ;
#9302 = EDGE_CURVE ( 'NONE', #8903, #1410, #5629, .T. ) ;
#9303 = CARTESIAN_POINT ( 'NONE',  ( -0.1937589292518336100, 1.004214897581257300, 0.4600000000000000200 ) ) ;
#9304 = CARTESIAN_POINT ( 'NONE',  ( -0.7500000000000000000, -0.6500000000000000200, -0.02000000000000000000 ) ) ;
#9305 = ORIENTED_EDGE ( 'NONE', *, *, #4044, .F. ) ;
#9306 =( NAMED_UNIT ( * ) SI_UNIT ( $, .STERADIAN. ) SOLID_ANGLE_UNIT ( ) );
#9307 = CARTESIAN_POINT ( 'NONE',  ( -0.2380266122149723200, 1.272280430953479900, 0.4600000000000000200 ) ) ;
#9308 = CARTESIAN_POINT ( 'NONE',  ( 0.3677843822705403300, 1.131224427350304900, 0.4600000000000000200 ) ) ;
#9309 = EDGE_LOOP ( 'NONE', ( #6920, #888, #5180, #5816 ) ) ;
#9310 = EDGE_CURVE ( 'NONE', #1179, #4166, #7838, .T. ) ;
#9311 = VECTOR ( 'NONE', #2880, 1000.000000000000000 ) ;
#9312 = ORIENTED_EDGE ( 'NONE', *, *, #3714, .T. ) ;
#9313 = CARTESIAN_POINT ( 'NONE',  ( 0.7271247181492411800, 1.103047806525025800, 0.4700000000000000300 ) ) ;
#9314 = ORIENTED_EDGE ( 'NONE', *, *, #7857, .T. ) ;
#9315 = CARTESIAN_POINT ( 'NONE',  ( 0.3019112153832579900, 1.110651957333468100, 0.4700000000000000300 ) ) ;
#9316 = B_SPLINE_CURVE_WITH_KNOTS ( 'NONE', 3,
 ( #322, #5277, #10117, #4479 ),
 .UNSPECIFIED., .F., .F.,
 ( 4, 4 ),
 ( 6.000000000000000000, 7.000000000000000000 ),
 .UNSPECIFIED. ) ;
#9317 = DIRECTION ( 'NONE',  ( 1.000000000000000000, -0.0000000000000000000, -0.0000000000000000000 ) ) ;
#9318 = VECTOR ( 'NONE', #126, 1000.000000000000000 ) ;
#9319 = ADVANCED_FACE ( 'NONE', ( #7424 ), #7927, .F. ) ;
#9320 = PLANE ( 'NONE',  #757 ) ;
#9321 = ORIENTED_EDGE ( 'NONE', *, *, #8939, .T. ) ;
#9322 = ORIENTED_EDGE ( 'NONE', *, *, #9618, .F. ) ;
#9323 = PLANE ( 'NONE',  #4097 ) ;
#9324 = CARTESIAN_POINT ( 'NONE',  ( 0.5507850503705162800, 1.254777141261381100, 0.4700000000000000300 ) ) ;
#9325 = CARTESIAN_POINT ( 'NONE',  ( 0.4801077106856158600, 1.343669074743377000, 0.4700000000000000300 ) ) ;
#9326 = UNCERTAINTY_MEASURE_WITH_UNIT (LENGTH_MEASURE( 1.000000000000000100E-005 ), #5718, 'distance_accuracy_value', 'NONE');
#9327 = DIRECTION ( 'NONE',  ( 0.1333547648938887300, -0.9910683662997703500, 0.0000000000000000000 ) ) ;
#9328 = CARTESIAN_POINT ( 'NONE',  ( 0.3733548648394733900, 1.124504480124015200, 0.4700000000000000300 ) ) ;
#9329 = VECTOR ( 'NONE', #1811, 1000.000000000000000 ) ;
#9330 = CARTESIAN_POINT ( 'NONE',  ( 0.7253857844376375700, 1.074871185699745300, 0.4700000000000000300 ) ) ;
#9331 = EDGE_CURVE ( 'NONE', #5537, #5027, #7978, .T. ) ;
#9332 = ORIENTED_EDGE ( 'NONE', *, *, #6275, .T. ) ;
#9333 = FACE_OUTER_BOUND ( 'NONE', #2228, .T. ) ;
#9334 = PLANE ( 'NONE',  #10335 ) ;
#9335 = AXIS2_PLACEMENT_3D ( 'NONE', #7822, #1208, #10333 ) ;
#9336 = ORIENTED_EDGE ( 'NONE', *, *, #5642, .T. ) ;
#9337 = ADVANCED_FACE ( 'NONE', ( #8977 ), #9955, .F. ) ;
#9338 = EDGE_CURVE ( 'NONE', #2819, #5896, #6315, .T. ) ;
#9339 = CARTESIAN_POINT ( 'NONE',  ( 0.4115524595983660100, 1.105818311083129900, 0.4700000000000000300 ) ) ;
#9340 = CARTESIAN_POINT ( 'NONE',  ( 0.1513651772506174900, 1.173087969434327500, 0.4600000000000000200 ) ) ;
#9341 = PLANE ( 'NONE',  #74 ) ;
#9342 = ORIENTED_EDGE ( 'NONE', *, *, #4398, .F. ) ;
#9343 = LINE ( 'NONE', #6789, #5619 ) ;
#9344 = CARTESIAN_POINT ( 'NONE',  ( 0.3704664664705092900, 1.345437481907692400, 0.4600000000000000200 ) ) ;
#9345 = DIRECTION ( 'NONE',  ( 0.0000000000000000000, 0.0000000000000000000, -1.000000000000000000 ) ) ;
#9346 = EDGE_CURVE ( 'NONE', #4139, #7792, #8921, .T. ) ;
#9347 = ORIENTED_EDGE ( 'NONE', *, *, #2628, .T. ) ;
#9348 = EDGE_CURVE ( 'NONE', #1462, #7528, #1268, .T. ) ;
#9349 = CARTESIAN_POINT ( 'NONE',  ( 0.4202176547056354900, 1.098567841707237300, 0.4600000000000000200 ) ) ;
#9350 = ORIENTED_EDGE ( 'NONE', *, *, #1066, .T. ) ;
#9351 = VECTOR ( 'NONE', #9486, 1000.000000000000000 ) ;
#9352 = CARTESIAN_POINT ( 'NONE',  ( -0.0002926897732482202800, 1.109145708590685100, 0.4700000000000000300 ) ) ;
#9353 = VERTEX_POINT ( 'NONE', #5783 ) ;
#9354 = LINE ( 'NONE', #7233, #6658 ) ;
#9355 = DIRECTION ( 'NONE',  ( 0.3493954794972899400, -0.9369753459439895700, -0.0000000000000000000 ) ) ;
#9356 = DIRECTION ( 'NONE',  ( 1.000000000000000000, 0.0000000000000000000, 0.0000000000000000000 ) ) ;
#9357 = CARTESIAN_POINT ( 'NONE',  ( 0.6583042059879709000, 1.334119676053556500, 0.4600000000000000200 ) ) ;
#9358 = ORIENTED_EDGE ( 'NONE', *, *, #3329, .F. ) ;
#9359 = EDGE_CURVE ( 'NONE', #1600, #10588, #1407, .T. ) ;
#9360 = ORIENTED_EDGE ( 'NONE', *, *, #7331, .F. ) ;
#9361 = CARTESIAN_POINT ( 'NONE',  ( 0.6249999999999998900, -1.500000000000000000, 0.4600000000000000200 ) ) ;
#9362 = ORIENTED_EDGE ( 'NONE', *, *, #2647, .T. ) ;
#9363 = B_SPLINE_CURVE_WITH_KNOTS ( 'NONE', 3,
 ( #8906, #3265, #4048, #9844 ),
 .UNSPECIFIED., .F., .F.,
 ( 4, 4 ),
 ( 28.00000000000000000, 29.00000000000000000 ),
 .UNSPECIFIED. ) ;
#9364 = CARTESIAN_POINT ( 'NONE',  ( 0.4629836346400604800, 1.081119557681841800, 0.4700000000000000300 ) ) ;
#9365 = AXIS2_PLACEMENT_3D ( 'NONE', #4446, #5314, #8456 ) ;
#9366 = ORIENTED_EDGE ( 'NONE', *, *, #9485, .F. ) ;
#9367 = DIRECTION ( 'NONE',  ( 0.9306703226357382300, 0.3658589216693928800, -0.0000000000000000000 ) ) ;
#9368 = CARTESIAN_POINT ( 'NONE',  ( 0.3269341767647745400, 1.312486161738285700, 0.4600000000000000200 ) ) ;
#9369 = ORIENTED_EDGE ( 'NONE', *, *, #6561, .T. ) ;
#9370 = DIRECTION ( 'NONE',  ( 0.3315284183504420600, 0.9434452330824796300, -0.0000000000000000000 ) ) ;
#9371 = EDGE_LOOP ( 'NONE', ( #2089, #8328, #1052, #6742 ) ) ;
#9372 = FACE_OUTER_BOUND ( 'NONE', #210, .T. ) ;
#9373 = VECTOR ( 'NONE', #4620, 1000.000000000000000 ) ;
#9374 = ADVANCED_FACE ( 'NONE', ( #3974 ), #6690, .F. ) ;
#9375 = DIRECTION ( 'NONE',  ( -0.0000000000000000000, -0.0000000000000000000, -1.000000000000000000 ) ) ;
#9376 = ORIENTED_EDGE ( 'NONE', *, *, #5366, .T. ) ;
#9377 = CARTESIAN_POINT ( 'NONE',  ( 0.4074556496666271700, 1.118845577196947200, 0.4700000000000000300 ) ) ;
#9378 = LINE ( 'NONE', #6755, #4411 ) ;
#9379 = EDGE_CURVE ( 'NONE', #9250, #2030, #8265, .T. ) ;
#9380 = DIRECTION ( 'NONE',  ( -0.0000000000000000000, -0.0000000000000000000, -1.000000000000000000 ) ) ;
#9381 = VERTEX_POINT ( 'NONE', #1531 ) ;
#9382 = DIRECTION ( 'NONE',  ( 0.0000000000000000000, -1.000000000000000000, 0.0000000000000000000 ) ) ;
#9383 = CARTESIAN_POINT ( 'NONE',  ( 0.3296752078697817200, 1.121262400321720600, 0.4600000000000000200 ) ) ;
#9384 = ORIENTED_EDGE ( 'NONE', *, *, #5775, .T. ) ;
#9385 = CARTESIAN_POINT ( 'NONE',  ( 0.3749999999999998900, -1.101000000000000000, 0.1000000000000000100 ) ) ;
#9386 = VECTOR ( 'NONE', #5342, 1000.000000000000000 ) ;
#9387 = PRESENTATION_LAYER_ASSIGNMENT (  '', '', ( #7463 ) ) ;
#9388 = ORIENTED_EDGE ( 'NONE', *, *, #6679, .T. ) ;
#9389 = VECTOR ( 'NONE', #1555, 1000.000000000000000 ) ;
#9390 = PLANE ( 'NONE',  #2916 ) ;
#9391 = ADVANCED_FACE ( 'NONE', ( #9958 ), #7801, .F. ) ;
#9392 = CARTESIAN_POINT ( 'NONE',  ( 0.6244981556883441000, 1.160756827001928200, 0.4700000000000000300 ) ) ;
#9393 = ORIENTED_EDGE ( 'NONE', *, *, #433, .T. ) ;
#9394 = CARTESIAN_POINT ( 'NONE',  ( 0.6806156097171999200, 1.058719733595270100, 0.4700000000000000300 ) ) ;
#9395 = VECTOR ( 'NONE', #4051, 1000.000000000000000 ) ;
#9396 = PLANE ( 'NONE',  #5572 ) ;
#9397 = DIRECTION ( 'NONE',  ( 0.7071067811865475700, 0.7071067811865475700, 0.0000000000000000000 ) ) ;
#9398 = EDGE_CURVE ( 'NONE', #8297, #424, #4835, .T. ) ;
#9399 = EDGE_LOOP ( 'NONE', ( #1762, #923, #4180, #1222 ) ) ;
#9400 = LINE ( 'NONE', #1931, #1369 ) ;
#9401 = DIRECTION ( 'NONE',  ( 0.0000000000000000000, 1.000000000000000000, 0.0000000000000000000 ) ) ;
#9402 = ORIENTED_EDGE ( 'NONE', *, *, #9302, .F. ) ;
#9403 = PLANE ( 'NONE',  #1818 ) ;
#9404 = DIRECTION ( 'NONE',  ( 0.0000000000000000000, -1.000000000000000000, -0.0000000000000000000 ) ) ;
#9405 = CARTESIAN_POINT ( 'NONE',  ( -0.7000000000000000700, -1.200000000000000200, 0.4400000000000000000 ) ) ;
#9406 = PRESENTATION_LAYER_ASSIGNMENT (  '', '', ( #3958 ) ) ;
#9407 = CARTESIAN_POINT ( 'NONE',  ( 0.4629836346400604800, 1.081119557681841800, 0.4600000000000000200 ) ) ;
#9408 = LINE ( 'NONE', #4757, #9927 ) ;
#9409 = VERTEX_POINT ( 'NONE', #7270 ) ;
#9410 = AXIS2_PLACEMENT_3D ( 'NONE', #1946, #9345, #2806 ) ;
#9411 = ORIENTED_EDGE ( 'NONE', *, *, #9743, .T. ) ;
#9412 = COLOUR_RGB ( '',0.6666666666666666300, 0.6666666666666666300, 0.6666666666666666300 ) ;
#9413 = EDGE_CURVE ( 'NONE', #7099, #8192, #580, .T. ) ;
#9414 = PLANE ( 'NONE',  #10536 ) ;
#9415 = CARTESIAN_POINT ( 'NONE',  ( 0.3729717099538177900, 1.071452265181171800, 0.4700000000000000300 ) ) ;
#9416 = DIRECTION ( 'NONE',  ( 0.0000000000000000000, -1.000000000000000000, 0.0000000000000000000 ) ) ;
#9417 = DIRECTION ( 'NONE',  ( -0.0000000000000000000, -0.0000000000000000000, -1.000000000000000000 ) ) ;
#9419 = AXIS2_PLACEMENT_3D ( 'NONE', #4383, #6005, #6108 ) ;
#9418 = CARTESIAN_POINT ( 'NONE',  ( 0.5106127342771444900, 1.073928035212159400, 0.4600000000000000200 ) ) ;
#9420 = ADVANCED_FACE ( 'NONE', ( #9698, #10078 ), #4977, .T. ) ;
#9421 = LINE ( 'NONE', #138, #5187 ) ;
#9422 = VERTEX_POINT ( 'NONE', #741 ) ;
#9423 = FACE_OUTER_BOUND ( 'NONE', #7230, .T. ) ;
#9424 = PRESENTATION_LAYER_ASSIGNMENT (  '', '', ( #5237 ) ) ;
#9425 = ORIENTED_EDGE ( 'NONE', *, *, #3917, .T. ) ;
#9426 = EDGE_CURVE ( 'NONE', #8183, #6875, #4342, .T. ) ;
#9427 = CARTESIAN_POINT ( 'NONE',  ( 0.5704143698997727900, 1.266802309981406100, 0.4600000000000000200 ) ) ;
#9428 = CARTESIAN_POINT ( 'NONE',  ( -0.1839216559474985400, 1.355897156317625200, 0.4700000000000000300 ) ) ;
#9429 = VECTOR ( 'NONE', #6801, 1000.000000000000000 ) ;
#9430 = CARTESIAN_POINT ( 'NONE',  ( 0.3382519826189163700, 1.265092849722512700, 0.4600000000000000200 ) ) ;
#9431 = CARTESIAN_POINT ( 'NONE',  ( 0.3239868314899992900, 1.067561769418422100, 0.4600000000000000200 ) ) ;
#9432 = ORIENTED_EDGE ( 'NONE', *, *, #4288, .F. ) ;
#9433 = CARTESIAN_POINT ( 'NONE',  ( 0.3703190992065542600, 1.358877376360267700, 0.4600000000000000200 ) ) ;
#9434 = PLANE ( 'NONE',  #4592 ) ;
#9435 = ORIENTED_EDGE ( 'NONE', *, *, #9346, .T. ) ;
#9436 = AXIS2_PLACEMENT_3D ( 'NONE', #5125, #1877, #4296 ) ;
#9437 = CARTESIAN_POINT ( 'NONE',  ( -0.08554898544544557700, 1.387868275012904300, 0.4600000000000000200 ) ) ;
#9438 = B_SPLINE_CURVE_WITH_KNOTS ( 'NONE', 3,
 ( #5422, #4562, #2179, #6263 ),
 .UNSPECIFIED., .F., .F.,
 ( 4, 4 ),
 ( 8.000000000000000000, 9.000000000000000000 ),
 .UNSPECIFIED. ) ;
#9439 = CARTESIAN_POINT ( 'NONE',  ( 0.4369291024128232900, 1.092083682103435000, 0.4600000000000000200 ) ) ;
#9440 = COLOUR_RGB ( '',0.4980392156862745200, 0.4980392156862745200, 0.4980392156862745200 ) ;
#9441 = LINE ( 'NONE', #6993, #7271 ) ;
#9442 = VERTEX_POINT ( 'NONE', #4322 ) ;
#9443 = LINE ( 'NONE', #5904, #7527 ) ;
#9444 = DIRECTION ( 'NONE',  ( -0.3658589216693928800, 0.9306703226357382300, 0.0000000000000000000 ) ) ;
#9445 = ORIENTED_EDGE ( 'NONE', *, *, #10224, .T. ) ;
#9446 = CARTESIAN_POINT ( 'NONE',  ( 0.6565063253701535200, 1.342195402106187500, 0.4600000000000000200 ) ) ;
#9447 = EDGE_CURVE ( 'NONE', #4158, #6628, #3745, .T. ) ;
#9448 = ORIENTED_EDGE ( 'NONE', *, *, #10606, .T. ) ;
#9449 = ADVANCED_FACE ( 'NONE', ( #6757 ), #421, .F. ) ;
#9450 = LINE ( 'NONE', #1837, #7284 ) ;
#9451 = CARTESIAN_POINT ( 'NONE',  ( 0.4395227662542640600, 1.142954861543203500, 0.4700000000000000300 ) ) ;
#9452 = CARTESIAN_POINT ( 'NONE',  ( 0.7993641508306517100, 1.153093729287272900, 0.4700000000000000300 ) ) ;
#9453 = ORIENTED_EDGE ( 'NONE', *, *, #2084, .F. ) ;
#9454 = DIRECTION ( 'NONE',  ( -0.0000000000000000000, -0.0000000000000000000, -1.000000000000000000 ) ) ;
#9455 = DIRECTION ( 'NONE',  ( 0.0000000000000000000, 1.000000000000000000, -0.0000000000000000000 ) ) ;
#9456 = PLANE ( 'NONE',  #6750 ) ;
#9457 = CARTESIAN_POINT ( 'NONE',  ( 0.6244981556883441000, 1.160756827001928200, 0.4600000000000000200 ) ) ;
#9458 = ORIENTED_EDGE ( 'NONE', *, *, #5702, .F. ) ;
#9459 = VECTOR ( 'NONE', #7021, 1000.000000000000000 ) ;
#9460 = EDGE_LOOP ( 'NONE', ( #3897, #7651, #734, #2164 ) ) ;
#9461 = CARTESIAN_POINT ( 'NONE',  ( 0.4356027970391914700, 1.306768311905006900, 0.4700000000000000300 ) ) ;
#9462 = CARTESIAN_POINT ( 'NONE',  ( -0.08554898544544557700, 1.387868275012904300, 0.4700000000000000300 ) ) ;
#9463 = CARTESIAN_POINT ( 'NONE',  ( 0.3976409899023887800, 1.354161623920780800, 0.4700000000000000300 ) ) ;
#9464 = AXIS2_PLACEMENT_3D ( 'NONE', #640, #1471, #10372 ) ;
#9465 = CARTESIAN_POINT ( 'NONE',  ( 0.4254934027470531600, 1.112479311403996400, 0.4600000000000000200 ) ) ;
#9466 = DIRECTION ( 'NONE',  ( -1.000000000000000000, -0.0000000000000000000, -0.0000000000000000000 ) ) ;
#9467 = CARTESIAN_POINT ( 'NONE',  ( -0.1945786889974947300, 1.259983847140327300, 0.4600000000000000200 ) ) ;
#9468 = UNCERTAINTY_MEASURE_WITH_UNIT (LENGTH_MEASURE( 1.000000000000000100E-005 ), #1194, 'distance_accuracy_value', 'NONE');
#9469 = ADVANCED_FACE ( 'NONE', ( #2024 ), #696, .F. ) ;
#9470 = VECTOR ( 'NONE', #2952, 1000.000000000000000 ) ;
#9471 = EDGE_LOOP ( 'NONE', ( #4284, #6587, #387, #148 ) ) ;
#9472 = CARTESIAN_POINT ( 'NONE',  ( 0.3566728905853887000, 1.131224427350304900, 0.4700000000000000300 ) ) ;
#9473 = CARTESIAN_POINT ( 'NONE',  ( -0.1945787046334087300, 1.053401170288617000, 0.4700000000000000300 ) ) ;
#9474 = CARTESIAN_POINT ( 'NONE',  ( -0.1790030349310510500, 1.305891049594787100, 0.4700000000000000300 ) ) ;
#9475 = CARTESIAN_POINT ( 'NONE',  ( 0.3404624915750940100, 1.072336468763329400, 0.4700000000000000300 ) ) ;
#9476 = DIRECTION ( 'NONE',  ( -0.0000000000000000000, -0.0000000000000000000, -1.000000000000000000 ) ) ;
#9477 = EDGE_CURVE ( 'NONE', #9016, #6230, #4549, .T. ) ;
#9478 = CARTESIAN_POINT ( 'NONE',  ( -0.2708175023820599300, 1.114884151896459800, 0.4700000000000000300 ) ) ;
#9479 = B_SPLINE_SURFACE_WITH_KNOTS ( 'NONE', 3, 1, ( 
 ( #8818, #6456 ),
 ( #4727, #8076 ),
 ( #3079, #2278 ),
 ( #6354, #7161 ) ),
 .UNSPECIFIED., .F., .F., .F.,
 ( 4, 4 ),
 ( 2, 2 ),
 ( 21.00000000000000000, 22.00000000000000000 ),
 ( 0.0000000000000000000, 1.000000000000000000 ),
 .UNSPECIFIED. ) ;
#9480 = VECTOR ( 'NONE', #2610, 1000.000000000000000 ) ;
#9481 = PRESENTATION_STYLE_ASSIGNMENT (( #2377 ) ) ;
#9482 = ORIENTED_EDGE ( 'NONE', *, *, #2162, .F. ) ;
#9483 = LINE ( 'NONE', #8930, #5124 ) ;
#9484 = ORIENTED_EDGE ( 'NONE', *, *, #6446, .F. ) ;
#9485 = EDGE_CURVE ( 'NONE', #9381, #6747, #4102, .T. ) ;
#9486 = DIRECTION ( 'NONE',  ( 0.0000000000000000000, 0.0000000000000000000, -1.000000000000000000 ) ) ;
#9487 = MECHANICAL_DESIGN_GEOMETRIC_PRESENTATION_REPRESENTATION (  '', ( #8370 ), #6815 ) ;
#9488 = FILL_AREA_STYLE ('',( #4604 ) ) ;
#9489 = CARTESIAN_POINT ( 'NONE',  ( 0.3672833335740321400, 1.061667078869653600, 0.4700000000000000300 ) ) ;
#9490 = CARTESIAN_POINT ( 'NONE',  ( 0.7253857844376375700, 1.158752632215126500, 0.4700000000000000300 ) ) ;
#9491 = CARTESIAN_POINT ( 'NONE',  ( 0.3471529653482771100, 1.341193304712389600, 0.4600000000000000200 ) ) ;
#9492 = SURFACE_STYLE_USAGE ( .BOTH. , #3026 ) ;
#9493 = ORIENTED_EDGE ( 'NONE', *, *, #1493, .F. ) ;
#9494 = LINE ( 'NONE', #3597, #1330 ) ;
#9495 = EDGE_CURVE ( 'NONE', #1716, #1759, #4222, .T. ) ;
#9496 = PRESENTATION_LAYER_ASSIGNMENT (  '', '', ( #4366 ) ) ;
#9497 = VERTEX_POINT ( 'NONE', #7628 ) ;
#9498 = FACE_OUTER_BOUND ( 'NONE', #3278, .T. ) ;
#9499 = EDGE_CURVE ( 'NONE', #7937, #9118, #2813, .T. ) ;
#9500 = ORIENTED_EDGE ( 'NONE', *, *, #2483, .T. ) ;
#9501 = ADVANCED_FACE ( 'NONE', ( #7022 ), #7583, .T. ) ;
#9502 = CARTESIAN_POINT ( 'NONE',  ( 0.6637862681987661800, 1.160756827001928200, 0.4700000000000000300 ) ) ;
#9503 = CARTESIAN_POINT ( 'NONE',  ( 0.4137334951014448600, 1.058424999067361100, 0.4700000000000000300 ) ) ;
#9504 = LINE ( 'NONE', #1839, #292 ) ;
#9505 = CARTESIAN_POINT ( 'NONE',  ( 0.3733548648394733900, 1.100041514345212200, 0.4700000000000000300 ) ) ;
#9506 = PLANE ( 'NONE',  #927 ) ;
#9507 = SURFACE_SIDE_STYLE ('',( #4906 ) ) ;
#9508 = ORIENTED_EDGE ( 'NONE', *, *, #169, .T. ) ;
#9509 = EDGE_CURVE ( 'NONE', #7351, #9889, #5409, .T. ) ;
#9510 = ORIENTED_EDGE ( 'NONE', *, *, #7866, .F. ) ;
#9511 = EDGE_CURVE ( 'NONE', #3422, #692, #9441, .T. ) ;
#9512 = VERTEX_POINT ( 'NONE', #1863 ) ;
#9513 = B_SPLINE_CURVE_WITH_KNOTS ( 'NONE', 3,
 ( #812, #10540, #10642, #8973 ),
 .UNSPECIFIED., .F., .F.,
 ( 4, 4 ),
 ( 1.000000000000000000, 2.000000000000000000 ),
 .UNSPECIFIED. ) ;
#9514 = CARTESIAN_POINT ( 'NONE',  ( 0.6565063253701535200, 1.342195402106187500, 0.4700000000000000300 ) ) ;
#9515 = LINE ( 'NONE', #6385, #5916 ) ;
#9516 = DIRECTION ( 'NONE',  ( -0.0000000000000000000, -0.0000000000000000000, -1.000000000000000000 ) ) ;
#9517 = CARTESIAN_POINT ( 'NONE',  ( 0.5495471653550254600, 1.141068560567252600, 0.4700000000000000300 ) ) ;
#9518 = CARTESIAN_POINT ( 'NONE',  ( 0.3489508459656977500, 1.107645665153660100, 0.4700000000000000300 ) ) ;
#9519 = CARTESIAN_POINT ( 'NONE',  ( 0.4356027970391868100, 1.254777141261381100, 0.4600000000000000200 ) ) ;
#9520 = ORIENTED_EDGE ( 'NONE', *, *, #174, .F. ) ;
#9521 = VECTOR ( 'NONE', #7132, 1000.000000000000000 ) ;
#9522 = ORIENTED_EDGE ( 'NONE', *, *, #1087, .T. ) ;
#9523 = VECTOR ( 'NONE', #4487, 1000.000000000000000 ) ;
#9524 = CARTESIAN_POINT ( 'NONE',  ( -0.1945787046334087300, 1.117343431132259900, 0.4700000000000000300 ) ) ;
#9525 = CARTESIAN_POINT ( 'NONE',  ( 0.5120864069151174200, 1.079056415989621200, 0.4600000000000000200 ) ) ;
#9526 = EDGE_CURVE ( 'NONE', #8033, #5901, #4591, .T. ) ;
#9527 = DIRECTION ( 'NONE',  ( 1.000000000000000000, -0.0000000000000000000, -0.0000000000000000000 ) ) ;
#9528 = EDGE_LOOP ( 'NONE', ( #9342, #8381, #6030, #5797, #6762, #9710, #6554, #6896, #4053, #8469, #4867, #419, #2961, #3184, #7253, #2591, #5567, #9609, #4854, #1733, #1745 ) ) ;
#9529 = LINE ( 'NONE', #3572, #6706 ) ;
#9530 = PLANE ( 'NONE',  #2639 ) ;
#9531 = CARTESIAN_POINT ( 'NONE',  ( 0.5495471653550254600, 1.141068560567252600, 0.4700000000000000300 ) ) ;
#9532 = VERTEX_POINT ( 'NONE', #8652 ) ;
#9533 = EDGE_CURVE ( 'NONE', #8593, #6788, #94, .T. ) ;
#9534 = COLOUR_RGB ( '',0.2980392156862745100, 0.2980392156862745100, 0.2980392156862745100 ) ;
#9535 = LINE ( 'NONE', #5183, #5408 ) ;
#9536 = DIRECTION ( 'NONE',  ( 0.0000000000000000000, -0.0000000000000000000, -1.000000000000000000 ) ) ;
#9537 = VERTEX_POINT ( 'NONE', #5384 ) ;
#9538 = CARTESIAN_POINT ( 'NONE',  ( 0.6583042059879709000, 1.334119676053556500, 0.4700000000000000300 ) ) ;
#9539 = CARTESIAN_POINT ( 'NONE',  ( 0.7427751215583920900, 1.117843479803158500, 0.4600000000000000200 ) ) ;
#9540 = CARTESIAN_POINT ( 'NONE',  ( 0.7253857844376375700, 1.158752632215126500, 0.4600000000000000200 ) ) ;
#9541 = ORIENTED_EDGE ( 'NONE', *, *, #1782, .F. ) ;
#9542 = EDGE_CURVE ( 'NONE', #6788, #4504, #4406, .T. ) ;
#9543 = STYLED_ITEM ( 'NONE', ( #1267 ), #1724 ) ;
#9544 = VECTOR ( 'NONE', #9873, 1000.000000000000000 ) ;
#9545 = CARTESIAN_POINT ( 'NONE',  ( 0.3489508459656977500, 1.107645665153660100, 0.4700000000000000300 ) ) ;
#9546 = ORIENTED_EDGE ( 'NONE', *, *, #3426, .T. ) ;
#9547 = DIRECTION ( 'NONE',  ( 0.0000000000000000000, 0.0000000000000000000, -1.000000000000000000 ) ) ;
#9548 = CARTESIAN_POINT ( 'NONE',  ( -0.3750000000000000000, 1.500000000000000000, 0.09999999999999999200 ) ) ;
#9549 = DIRECTION ( 'NONE',  ( 0.0000000000000000000, 1.000000000000000000, -0.0000000000000000000 ) ) ;
#9550 = CARTESIAN_POINT ( 'NONE',  ( -0.2970502364062502200, 1.066517576390697300, 0.4600000000000000200 ) ) ;
#9551 = EDGE_LOOP ( 'NONE', ( #5563, #4847, #6096, #1755, #7495, #7195 ) ) ;
#9552 = DIRECTION ( 'NONE',  ( 0.3493954794690880500, -0.9369753459545060400, -0.0000000000000000000 ) ) ;
#9553 = ADVANCED_FACE ( 'NONE', ( #231 ), #3990, .F. ) ;
#9554 = EDGE_CURVE ( 'NONE', #2503, #496, #2640, .T. ) ;
#9555 = LINE ( 'NONE', #5117, #1395 ) ;
#9556 = EDGE_LOOP ( 'NONE', ( #4124, #2836, #1190, #2667 ) ) ;
#9557 = CARTESIAN_POINT ( 'NONE',  ( -0.2199916320041912800, 1.319827176352346600, 0.4600000000000000200 ) ) ;
#9558 = EDGE_CURVE ( 'NONE', #3061, #6220, #3671, .T. ) ;
#9559 = ORIENTED_EDGE ( 'NONE', *, *, #2099, .T. ) ;
#9560 =( NAMED_UNIT ( * ) PLANE_ANGLE_UNIT ( ) SI_UNIT ( $, .RADIAN. ) );
#9561 = AXIS2_PLACEMENT_3D ( 'NONE', #6143, #10364, #4600 ) ;
#9562 =( LENGTH_UNIT ( ) NAMED_UNIT ( * ) SI_UNIT ( .MILLI., .METRE. ) );
#9563 = PLANE ( 'NONE',  #2718 ) ;
#9564 = PRODUCT_DEFINITION ( '未知', '', #7582, #3948 ) ;
#9565 = VECTOR ( 'NONE', #1096, 1000.000000000000000 ) ;
#9566 = ORIENTED_EDGE ( 'NONE', *, *, #3561, .F. ) ;
#9567 = LINE ( 'NONE', #4776, #6239 ) ;
#9568 = EDGE_LOOP ( 'NONE', ( #3170, #3465, #1101, #8612 ) ) ;
#9569 = EDGE_CURVE ( 'NONE', #4344, #2221, #2142, .T. ) ;
#9570 = CARTESIAN_POINT ( 'NONE',  ( 0.4734761838178589400, 1.021111607891017800, 0.4600000000000000200 ) ) ;
#9571 = DIRECTION ( 'NONE',  ( 0.0000000000000000000, -1.000000000000000000, 0.0000000000000000000 ) ) ;
#9572 = CARTESIAN_POINT ( 'NONE',  ( 0.7253857844376375700, 1.158752632215126500, 0.4700000000000000300 ) ) ;
#9573 = DIRECTION ( 'NONE',  ( 0.0000000000000000000, -1.000000000000000000, 0.0000000000000000000 ) ) ;
#9574 = CARTESIAN_POINT ( 'NONE',  ( 0.3749999999999998900, 1.500999999999999900, 0.1000000000000000100 ) ) ;
#9575 = PRESENTATION_LAYER_ASSIGNMENT (  '', '', ( #5116 ) ) ;
#9576 = ORIENTED_EDGE ( 'NONE', *, *, #7676, .F. ) ;
#9577 = VERTEX_POINT ( 'NONE', #8575 ) ;
#9578 = ADVANCED_FACE ( 'NONE', ( #1889 ), #3863, .F. ) ;
#9579 = ORIENTED_EDGE ( 'NONE', *, *, #6113, .F. ) ;
#9580 = CARTESIAN_POINT ( 'NONE',  ( 0.8090019698786129500, 1.174019880737444500, 0.4700000000000000300 ) ) ;
#9581 = CARTESIAN_POINT ( 'NONE',  ( 0.3296752078697817200, 1.135291763829332300, 0.4700000000000000300 ) ) ;
#9582 = CARTESIAN_POINT ( 'NONE',  ( 0.4536994970250442000, 1.063317592223118800, 0.4700000000000000300 ) ) ;
#9583 = CARTESIAN_POINT ( 'NONE',  ( 0.4073672293084886200, 1.061608131964231400, 0.4600000000000000200 ) ) ;
#9584 = PLANE ( 'NONE',  #7951 ) ;
#9585 = LINE ( 'NONE', #9744, #5225 ) ;
#9586 = PLANE ( 'NONE',  #1549 ) ;
#9587 = ORIENTED_EDGE ( 'NONE', *, *, #4191, .T. ) ;
#9588 = EDGE_CURVE ( 'NONE', #9078, #8688, #2904, .T. ) ;
#9589 = FACE_OUTER_BOUND ( 'NONE', #4178, .T. ) ;
#9590 = CARTESIAN_POINT ( 'NONE',  ( -0.3331201968270273200, 1.282117649532498000, 0.4700000000000000300 ) ) ;
#9591 = ORIENTED_EDGE ( 'NONE', *, *, #6141, .T. ) ;
#9592 = CARTESIAN_POINT ( 'NONE',  ( -0.5000000000000000000, 0.0000000000000000000, 0.1000000000000000100 ) ) ;
#9593 = DIRECTION ( 'NONE',  ( 0.3658589216693928800, -0.9306703226357381200, -0.0000000000000000000 ) ) ;
#9594 = CARTESIAN_POINT ( 'NONE',  ( -0.6250000000000001100, 0.0000000000000000000, -0.0000000000000000000 ) ) ;
#9595 = VECTOR ( 'NONE', #211, 1000.000000000000000 ) ;
#9596 = SURFACE_SIDE_STYLE ('',( #4622 ) ) ;
#9597 = LINE ( 'NONE', #8638, #7178 ) ;
#9598 = SURFACE_STYLE_USAGE ( .BOTH. , #8833 ) ;
#9599 = CARTESIAN_POINT ( 'NONE',  ( -0.6250000000000001100, -1.500999999999999900, 0.1000000000000000100 ) ) ;
#9600 = ORIENTED_EDGE ( 'NONE', *, *, #6329, .F. ) ;
#9601 = ORIENTED_EDGE ( 'NONE', *, *, #8939, .F. ) ;
#9602 = DIRECTION ( 'NONE',  ( 6.463944363198580000E-014, -1.000000000000000000, 0.0000000000000000000 ) ) ;
#9603 = ORIENTED_EDGE ( 'NONE', *, *, #1487, .F. ) ;
#9604 = CARTESIAN_POINT ( 'NONE',  ( 0.4581499883897264300, 1.094736292850697800, 0.4700000000000000300 ) ) ;
#9605 = ORIENTED_EDGE ( 'NONE', *, *, #2011, .T. ) ;
#9606 = DIRECTION ( 'NONE',  ( -0.0000000000000000000, 1.000000000000000000, -0.0000000000000000000 ) ) ;
#9607 = CARTESIAN_POINT ( 'NONE',  ( 0.7500000000000000000, 0.7500000000000000000, -0.02000000000000000000 ) ) ;
#9608 = AXIS2_PLACEMENT_3D ( 'NONE', #3895, #2320, #8861 ) ;
#9609 = ORIENTED_EDGE ( 'NONE', *, *, #7002, .F. ) ;
#9610 = CARTESIAN_POINT ( 'NONE',  ( 0.7253857844376375700, 1.158752632215126500, 0.4700000000000000300 ) ) ;
#9611 = ORIENTED_EDGE ( 'NONE', *, *, #2765, .F. ) ;
#9612 = VECTOR ( 'NONE', #6459, 1000.000000000000000 ) ;
#9613 = CARTESIAN_POINT ( 'NONE',  ( 0.3677843822705403300, 1.131224427350304900, 0.4700000000000000300 ) ) ;
#9614 = MECHANICAL_DESIGN_GEOMETRIC_PRESENTATION_REPRESENTATION (  '', ( #5020 ), #1731 ) ;
#9615 = CARTESIAN_POINT ( 'NONE',  ( 0.7148048149020959100, 1.083890062239958100, 0.4600000000000000200 ) ) ;
#9616 = DIRECTION ( 'NONE',  ( -0.0000000000000000000, -0.0000000000000000000, -1.000000000000000000 ) ) ;
#9617 = DIRECTION ( 'NONE',  ( -0.0000000000000000000, 1.000000000000000000, -0.0000000000000000000 ) ) ;
#9618 = EDGE_CURVE ( 'NONE', #4265, #1701, #1116, .T. ) ;
#9619 = EDGE_LOOP ( 'NONE', ( #9362, #1573, #8028, #417 ) ) ;
#9620 = CARTESIAN_POINT ( 'NONE',  ( 0.8749999999999998900, 1.500999999999999900, 0.1000000000000000100 ) ) ;
#9621 = ORIENTED_EDGE ( 'NONE', *, *, #9652, .F. ) ;
#9622 = COLOUR_RGB ( '',0.6666666666666666300, 0.6666666666666666300, 0.6666666666666666300 ) ;
#9623 = EDGE_LOOP ( 'NONE', ( #2714, #9493, #771, #8915, #835, #10499, #905, #5022 ) ) ;
#9624 = CARTESIAN_POINT ( 'NONE',  ( -0.8750000000000001100, -1.500000000000000000, 0.1000000000000000100 ) ) ;
#9625 = STYLED_ITEM ( 'NONE', ( #8387 ), #9990 ) ;
#9626 = DIRECTION ( 'NONE',  ( -1.000000000000000000, 0.0000000000000000000, 0.0000000000000000000 ) ) ;
#9627 = ORIENTED_EDGE ( 'NONE', *, *, #5161, .F. ) ;
#9628 = DIRECTION ( 'NONE',  ( -0.0000000000000000000, -0.0000000000000000000, -1.000000000000000000 ) ) ;
#9629 = ORIENTED_EDGE ( 'NONE', *, *, #3856, .T. ) ;
#9630 = CARTESIAN_POINT ( 'NONE',  ( 0.5799932420423163900, 1.123856064163558400, 0.4700000000000000300 ) ) ;
#9631 = ADVANCED_FACE ( 'NONE', ( #1748 ), #5420, .F. ) ;
#9632 =( NAMED_UNIT ( * ) SI_UNIT ( $, .STERADIAN. ) SOLID_ANGLE_UNIT ( ) );
#9633 = ORIENTED_EDGE ( 'NONE', *, *, #5037, .T. ) ;
#9634 = CARTESIAN_POINT ( 'NONE',  ( 0.6249999999999998900, 1.500999999999999900, 0.1000000000000000100 ) ) ;
#9635 = EDGE_CURVE ( 'NONE', #8257, #424, #7260, .T. ) ;
#9636 = VECTOR ( 'NONE', #4458, 1000.000000000000000 ) ;
#9637 = VECTOR ( 'NONE', #5522, 1000.000000000000000 ) ;
#9638 = PRESENTATION_LAYER_ASSIGNMENT (  '', '', ( #8528 ) ) ;
#9639 = VERTEX_POINT ( 'NONE', #3894 ) ;
#9640 = VECTOR ( 'NONE', #1887, 999.9999999999998900 ) ;
#9641 = ORIENTED_EDGE ( 'NONE', *, *, #4623, .T. ) ;
#9642 = FILL_AREA_STYLE ('',( #3139 ) ) ;
#9643 =( NAMED_UNIT ( * ) SI_UNIT ( $, .STERADIAN. ) SOLID_ANGLE_UNIT ( ) );
#9644 = ORIENTED_EDGE ( 'NONE', *, *, #2022, .T. ) ;
#9645 = DIRECTION ( 'NONE',  ( -0.0000000000000000000, -0.0000000000000000000, -1.000000000000000000 ) ) ;
#9646 = CARTESIAN_POINT ( 'NONE',  ( 0.7085269694672780000, 1.241631981336718300, 0.4700000000000000300 ) ) ;
#9647 = CARTESIAN_POINT ( 'NONE',  ( 0.5099348448647560400, 1.072395415668760100, 0.4700000000000000300 ) ) ;
#9648 = VECTOR ( 'NONE', #1891, 1000.000000000000000 ) ;
#9649 = EDGE_CURVE ( 'NONE', #6981, #3193, #3432, .T. ) ;
#9650 = VERTEX_POINT ( 'NONE', #6258 ) ;
#9651 = VECTOR ( 'NONE', #9476, 1000.000000000000000 ) ;
#9652 = EDGE_CURVE ( 'NONE', #7436, #4336, #622, .T. ) ;
#9653 = CARTESIAN_POINT ( 'NONE',  ( 0.3216289552702570300, 1.080765876249294000, 0.4600000000000000200 ) ) ;
#9654 = CARTESIAN_POINT ( 'NONE',  ( 0.4073672293084886200, 1.061608131964231400, 0.4700000000000000300 ) ) ;
#9655 = ORIENTED_EDGE ( 'NONE', *, *, #4192, .T. ) ;
#9656 = STYLED_ITEM ( 'NONE', ( #4608 ), #5882 ) ;
#9657 = CARTESIAN_POINT ( 'NONE',  ( 0.4528742403483075900, 1.129220232563505000, 0.4600000000000000200 ) ) ;
#9658 = CARTESIAN_POINT ( 'NONE',  ( -0.2298289209448359800, 1.004214897581257300, 0.4700000000000000300 ) ) ;
#9659 = FACE_BOUND ( 'NONE', #2626, .T. ) ;
#9660 = DIRECTION ( 'NONE',  ( 0.0000000000000000000, -0.0000000000000000000, -1.000000000000000000 ) ) ;
#9661 = CARTESIAN_POINT ( 'NONE',  ( 0.3359825267576996800, 1.244933008044435000, 0.4700000000000000300 ) ) ;
#9662 = ADVANCED_FACE ( 'NONE', ( #8911 ), #9097, .F. ) ;
#9663 = EDGE_LOOP ( 'NONE', ( #1915, #10258, #5263, #8389 ) ) ;
#9664 = LINE ( 'NONE', #9292, #5299 ) ;
#9665 = ORIENTED_EDGE ( 'NONE', *, *, #10077, .F. ) ;
#9666 = CARTESIAN_POINT ( 'NONE',  ( 0.5112022033329600700, 1.076168017620659800, 0.4600000000000000200 ) ) ;
#9667 = UNCERTAINTY_MEASURE_WITH_UNIT (LENGTH_MEASURE( 1.000000000000000100E-005 ), #3934, 'distance_accuracy_value', 'NONE');
#9668 = EDGE_CURVE ( 'NONE', #818, #7528, #5071, .T. ) ;
#9669 = DIRECTION ( 'NONE',  ( -0.0000000000000000000, -0.0000000000000000000, -1.000000000000000000 ) ) ;
#9670 = DIRECTION ( 'NONE',  ( -1.000000000000000000, 0.0000000000000000000, 0.0000000000000000000 ) ) ;
#9671 = DIRECTION ( 'NONE',  ( -0.0000000000000000000, -0.0000000000000000000, -1.000000000000000000 ) ) ;
#9672 = ORIENTED_EDGE ( 'NONE', *, *, #8475, .T. ) ;
#9673 = FACE_OUTER_BOUND ( 'NONE', #829, .T. ) ;
#9674 = VERTEX_POINT ( 'NONE', #981 ) ;
#9675 = LINE ( 'NONE', #3444, #3283 ) ;
#9676 = CARTESIAN_POINT ( 'NONE',  ( 0.6806156097171999200, 1.058719733595270100, 0.4700000000000000300 ) ) ;
#9677 = CARTESIAN_POINT ( 'NONE',  ( 0.1249999999999998900, -1.500999999999999900, 0.1000000000000000100 ) ) ;
#9678 = LINE ( 'NONE', #9524, #3421 ) ;
#9679 = ORIENTED_EDGE ( 'NONE', *, *, #5304, .F. ) ;
#9680 = CARTESIAN_POINT ( 'NONE',  ( 0.6757230165606518100, 1.286195841888956300, 0.4700000000000000300 ) ) ;
#9681 = CARTESIAN_POINT ( 'NONE',  ( 0.5809953394353111200, 1.257783433441191000, 0.4700000000000000300 ) ) ;
#9682 = ORIENTED_EDGE ( 'NONE', *, *, #5149, .F. ) ;
#9683 = EDGE_CURVE ( 'NONE', #9037, #5027, #2630, .T. ) ;
#9684 = CARTESIAN_POINT ( 'NONE',  ( -0.2265498037833977300, 1.320646951733529500, 0.4700000000000000300 ) ) ;
#9685 = CARTESIAN_POINT ( 'NONE',  ( 0.4964654769594696300, 1.043924060316350700, 0.4700000000000000300 ) ) ;
#9686 = LINE ( 'NONE', #9361, #9298 ) ;
#9687 = VECTOR ( 'NONE', #1984, 1000.000000000000000 ) ;
#9688 = ORIENTED_EDGE ( 'NONE', *, *, #594, .T. ) ;
#9689 = CARTESIAN_POINT ( 'NONE',  ( 0.4528742403483075900, 1.129220232563505000, 0.4700000000000000300 ) ) ;
#9690 = CARTESIAN_POINT ( 'NONE',  ( 0.5704143698997727900, 1.266802309981406100, 0.4700000000000000300 ) ) ;
#9691 = CARTESIAN_POINT ( 'NONE',  ( 0.6370243731052528400, 1.286195841888956300, 0.4600000000000000200 ) ) ;
#9692 = CARTESIAN_POINT ( 'NONE',  ( 0.5507850503705162800, 1.254777141261381100, 0.4600000000000000200 ) ) ;
#9693 =( GEOMETRIC_REPRESENTATION_CONTEXT ( 3 ) GLOBAL_UNCERTAINTY_ASSIGNED_CONTEXT ( ( #5381 ) ) GLOBAL_UNIT_ASSIGNED_CONTEXT ( ( #7136, #2223, #10466 ) ) REPRESENTATION_CONTEXT ( 'NONE', 'WORKASPACE' ) );
#9694 = CARTESIAN_POINT ( 'NONE',  ( 0.5193958231964401800, 1.254777141261381100, 0.4700000000000000300 ) ) ;
#9695 = ORIENTED_EDGE ( 'NONE', *, *, #9839, .T. ) ;
#9696 = DIRECTION ( 'NONE',  ( -0.0000000000000000000, 1.000000000000000000, -0.0000000000000000000 ) ) ;
#9697 = EDGE_CURVE ( 'NONE', #7169, #4565, #4481, .T. ) ;
#9698 = FACE_OUTER_BOUND ( 'NONE', #8476, .T. ) ;
#9699 = CARTESIAN_POINT ( 'NONE',  ( 0.3749999999999998900, 1.101000000000000000, 0.0000000000000000000 ) ) ;
#9700 = EDGE_LOOP ( 'NONE', ( #3911, #3441, #9938, #5479 ) ) ;
#9701 = PRESENTATION_STYLE_ASSIGNMENT (( #7829 ) ) ;
#9702 = VERTEX_POINT ( 'NONE', #10579 ) ;
#9703 = CARTESIAN_POINT ( 'NONE',  ( 0.4223397433032848900, 1.123443435824797300, 0.4600000000000000200 ) ) ;
#9704 = CARTESIAN_POINT ( 'NONE',  ( -0.005211310789697987800, 1.372292602379103600, 0.4700000000000000300 ) ) ;
#9705 = PLANE ( 'NONE',  #8425 ) ;
#9706 = ORIENTED_EDGE ( 'NONE', *, *, #3665, .T. ) ;
#9707 = EDGE_CURVE ( 'NONE', #5893, #8243, #868, .T. ) ;
#9708 = LINE ( 'NONE', #3581, #5215 ) ;
#9709 = ORIENTED_EDGE ( 'NONE', *, *, #9907, .T. ) ;
#9710 = ORIENTED_EDGE ( 'NONE', *, *, #7988, .F. ) ;
#9711 = ADVANCED_FACE ( 'NONE', ( #80 ), #751, .F. ) ;
#9712 = ORIENTED_EDGE ( 'NONE', *, *, #2945, .F. ) ;
#9713 = CARTESIAN_POINT ( 'NONE',  ( 0.5052190924252708500, 1.028715758699459500, 0.4700000000000000300 ) ) ;
#9714 = SURFACE_STYLE_USAGE ( .BOTH. , #9748 ) ;
#9715 = SURFACE_SIDE_STYLE ('',( #8129 ) ) ;
#9716 = CARTESIAN_POINT ( 'NONE',  ( 0.3168542559253426600, 1.330582861724137300, 0.4700000000000000300 ) ) ;
#9717 = STYLED_ITEM ( 'NONE', ( #1958 ), #4057 ) ;
#9718 = LINE ( 'NONE', #6323, #9194 ) ;
#9719 = VERTEX_POINT ( 'NONE', #7316 ) ;
#9720 = DIRECTION ( 'NONE',  ( -0.0000000000000000000, -0.0000000000000000000, -1.000000000000000000 ) ) ;
#9721 = CARTESIAN_POINT ( 'NONE',  ( 0.5112022033329600700, 1.076168017620659800, 0.4700000000000000300 ) ) ;
#9722 = CARTESIAN_POINT ( 'NONE',  ( 0.7656170474356554000, 1.058719733595270300, 0.4600000000000000200 ) ) ;
#9723 = B_SPLINE_CURVE_WITH_KNOTS ( 'NONE', 3,
 ( #9357, #326, #10083, #289 ),
 .UNSPECIFIED., .F., .F.,
 ( 4, 4 ),
 ( 1.000000000000000000, 2.000000000000000000 ),
 .UNSPECIFIED. ) ;
#9724 = EDGE_CURVE ( 'NONE', #8142, #8549, #9163, .T. ) ;
#9725 = SURFACE_STYLE_FILL_AREA ( #5939 ) ;
#9726 = ORIENTED_EDGE ( 'NONE', *, *, #8177, .T. ) ;
#9727 = LINE ( 'NONE', #10005, #3746 ) ;
#9728 = ORIENTED_EDGE ( 'NONE', *, *, #2580, .F. ) ;
#9729 = CARTESIAN_POINT ( 'NONE',  ( 0.002986411752271670800, 1.155052989223940500, 0.4600000000000000200 ) ) ;
#9730 = B_SPLINE_SURFACE_WITH_KNOTS ( 'NONE', 3, 1, ( 
 ( #4983, #3273 ),
 ( #75, #6618 ),
 ( #2, #909 ),
 ( #4908, #982 ) ),
 .UNSPECIFIED., .F., .F., .F.,
 ( 4, 4 ),
 ( 2, 2 ),
 ( 7.000000000000000000, 8.000000000000000000 ),
 ( 0.0000000000000000000, 1.000000000000000000 ),
 .UNSPECIFIED. ) ;
#9731 = CARTESIAN_POINT ( 'NONE',  ( 0.4238134159408699600, 1.126154993477481900, 0.4700000000000000300 ) ) ;
#9732 = ADVANCED_FACE ( 'NONE', ( #6358 ), #8127, .F. ) ;
#9733 = PLANE ( 'NONE',  #9077 ) ;
#9734 = DIRECTION ( 'NONE',  ( -0.0000000000000000000, -0.0000000000000000000, -1.000000000000000000 ) ) ;
#9735 = ORIENTED_EDGE ( 'NONE', *, *, #8540, .T. ) ;
#9736 = SURFACE_STYLE_FILL_AREA ( #5691 ) ;
#9737 = VERTEX_POINT ( 'NONE', #1019 ) ;
#9738 = LINE ( 'NONE', #3115, #10268 ) ;
#9739 = ORIENTED_EDGE ( 'NONE', *, *, #6397, .T. ) ;
#9740 = CARTESIAN_POINT ( 'NONE',  ( 0.1210335975911644700, 1.095209605287003500, 0.4700000000000000300 ) ) ;
#9741 = STYLED_ITEM ( 'NONE', ( #4804 ), #7472 ) ;
#9742 = B_SPLINE_SURFACE_WITH_KNOTS ( 'NONE', 3, 1, ( 
 ( #3570, #9220 ),
 ( #1082, #1126 ),
 ( #6803, #8498 ),
 ( #5254, #1969 ) ),
 .UNSPECIFIED., .F., .F., .F.,
 ( 4, 4 ),
 ( 2, 2 ),
 ( 1.000000000000000000, 2.000000000000000000 ),
 ( 0.0000000000000000000, 1.000000000000000000 ),
 .UNSPECIFIED. ) ;
#9743 = EDGE_CURVE ( 'NONE', #444, #3847, #4582, .T. ) ;
#9744 = CARTESIAN_POINT ( 'NONE',  ( 1.000000000000000000, -1.500000000000000000, 0.4600000000000000200 ) ) ;
#9745 = ORIENTED_EDGE ( 'NONE', *, *, #1617, .T. ) ;
#9746 = CARTESIAN_POINT ( 'NONE',  ( -0.5000000000000000000, 0.0000000000000000000, -0.04000000000000000100 ) ) ;
#9747 = VECTOR ( 'NONE', #3635, 1000.000000000000000 ) ;
#9748 = SURFACE_SIDE_STYLE ('',( #2211 ) ) ;
#9749 = ORIENTED_EDGE ( 'NONE', *, *, #4179, .F. ) ;
#9750 = FACE_BOUND ( 'NONE', #9528, .T. ) ;
#9751 = CARTESIAN_POINT ( 'NONE',  ( 0.3540792267435543500, 1.097447850503374500, 0.4700000000000000300 ) ) ;
#9752 = CARTESIAN_POINT ( 'NONE',  ( 0.3375740932057452200, 1.089902646600360100, 0.4700000000000000300 ) ) ;
#9753 = B_SPLINE_SURFACE_WITH_KNOTS ( 'NONE', 3, 1, ( 
 ( #6191, #7070 ),
 ( #7860, #2018 ),
 ( #8548, #7701 ),
 ( #410, #4463 ) ),
 .UNSPECIFIED., .F., .F., .F.,
 ( 4, 4 ),
 ( 2, 2 ),
 ( 18.00000000000000000, 19.00000000000000000 ),
 ( 0.0000000000000000000, 1.000000000000000000 ),
 .UNSPECIFIED. ) ;
#9754 = AXIS2_PLACEMENT_3D ( 'NONE', #3032, #2269, #4619 ) ;
#9755 = ORIENTED_EDGE ( 'NONE', *, *, #100, .T. ) ;
#9756 = DIRECTION ( 'NONE',  ( -0.0000000000000000000, -0.0000000000000000000, -1.000000000000000000 ) ) ;
#9757 = VECTOR ( 'NONE', #1977, 1000.000000000000000 ) ;
#9758 = LINE ( 'NONE', #5693, #2454 ) ;
#9759 = CARTESIAN_POINT ( 'NONE',  ( 0.6805271893582750500, 1.071864893519937300, 0.4700000000000000300 ) ) ;
#9760 = CARTESIAN_POINT ( 'NONE',  ( 0.8015451863329445800, 1.155451605507409800, 0.4600000000000000200 ) ) ;
#9761 = DIRECTION ( 'NONE',  ( -0.0000000000000000000, -0.0000000000000000000, -1.000000000000000000 ) ) ;
#9762 = EDGE_CURVE ( 'NONE', #7285, #1600, #4211, .T. ) ;
#9763 = ORIENTED_EDGE ( 'NONE', *, *, #3714, .F. ) ;
#9764 = MECHANICAL_DESIGN_GEOMETRIC_PRESENTATION_REPRESENTATION (  '', ( #9201 ), #244 ) ;
#9765 = VERTEX_POINT ( 'NONE', #5862 ) ;
#9766 = ORIENTED_EDGE ( 'NONE', *, *, #8673, .F. ) ;
#9767 = VECTOR ( 'NONE', #9856, 1000.000000000000000 ) ;
#9768 = CARTESIAN_POINT ( 'NONE',  ( 0.4207187034025312600, 1.356932128478890400, 0.4600000000000000200 ) ) ;
#9769 = B_SPLINE_CURVE_WITH_KNOTS ( 'NONE', 3,
 ( #2087, #8660, #9452, #6149 ),
 .UNSPECIFIED., .F., .F.,
 ( 4, 4 ),
 ( 3.000000000000000000, 4.000000000000000000 ),
 .UNSPECIFIED. ) ;
#9770 = CARTESIAN_POINT ( 'NONE',  ( 0.3334183363685779800, 1.058955521216968300, 0.4700000000000000300 ) ) ;
#9771 = ORIENTED_EDGE ( 'NONE', *, *, #10340, .F. ) ;
#9772 = VECTOR ( 'NONE', #1355, 1000.000000000000000 ) ;
#9773 = CARTESIAN_POINT ( 'NONE',  ( 0.3749999999999998900, -1.500999999999999900, 0.1000000000000000100 ) ) ;
#9774 = CARTESIAN_POINT ( 'NONE',  ( 0.3733548648394733900, 1.071452265181171800, 0.4700000000000000300 ) ) ;
#9775 = EDGE_CURVE ( 'NONE', #4907, #807, #2014, .T. ) ;
#9776 = VERTEX_POINT ( 'NONE', #196 ) ;
#9777 = FACE_OUTER_BOUND ( 'NONE', #5655, .T. ) ;
#9778 = DIRECTION ( 'NONE',  ( -0.0000000000000000000, -0.0000000000000000000, -1.000000000000000000 ) ) ;
#9779 = LINE ( 'NONE', #6212, #5163 ) ;
#9780 = AXIS2_PLACEMENT_3D ( 'NONE', #2236, #3878, #9602 ) ;
#9781 = B_SPLINE_SURFACE_WITH_KNOTS ( 'NONE', 3, 1, ( 
 ( #9590, #3866 ),
 ( #1426, #561 ),
 ( #2115, #2083 ),
 ( #7960, #10391 ) ),
 .UNSPECIFIED., .F., .F., .F.,
 ( 4, 4 ),
 ( 2, 2 ),
 ( 6.000000000000000000, 7.000000000000000000 ),
 ( 0.0000000000000000000, 1.000000000000000000 ),
 .UNSPECIFIED. ) ;
#9782 = DIRECTION ( 'NONE',  ( 0.0000000000000000000, 0.0000000000000000000, -1.000000000000000000 ) ) ;
#9783 = ORIENTED_EDGE ( 'NONE', *, *, #1613, .F. ) ;
#9784 = CARTESIAN_POINT ( 'NONE',  ( 0.3733548648394733900, 1.071452265181171800, 0.4700000000000000300 ) ) ;
#9785 = CARTESIAN_POINT ( 'NONE',  ( 0.5548818603022562800, 1.356932128478890400, 0.4600000000000000200 ) ) ;
#9786 = CARTESIAN_POINT ( 'NONE',  ( 0.6542663429616545300, 1.334119676053556500, 0.4600000000000000200 ) ) ;
#9787 =( NAMED_UNIT ( * ) SI_UNIT ( $, .STERADIAN. ) SOLID_ANGLE_UNIT ( ) );
#9788 = ORIENTED_EDGE ( 'NONE', *, *, #8934, .T. ) ;
#9789 = LINE ( 'NONE', #9823, #7488 ) ;
#9790 = LINE ( 'NONE', #1127, #3525 ) ;
#9791 = EDGE_CURVE ( 'NONE', #7678, #6344, #748, .T. ) ;
#9792 = VECTOR ( 'NONE', #6392, 1000.000000000000000 ) ;
#9793 = APPLICATION_CONTEXT ( 'automotive_design' ) ;
#9794 = EDGE_LOOP ( 'NONE', ( #4291, #1831, #3056, #1800 ) ) ;
#9795 = VECTOR ( 'NONE', #8154, 1000.000000000000000 ) ;
#9796 = CARTESIAN_POINT ( 'NONE',  ( 0.6555926483352866300, 1.338717534682193100, 0.4700000000000000300 ) ) ;
#9797 = CARTESIAN_POINT ( 'NONE',  ( -0.1937589292518336100, 1.004214897581257300, 0.4700000000000000300 ) ) ;
#9798 = ORIENTED_EDGE ( 'NONE', *, *, #6663, .F. ) ;
#9799 = CARTESIAN_POINT ( 'NONE',  ( 0.4734761838178589400, 1.021111607891017800, 0.4700000000000000300 ) ) ;
#9800 = CARTESIAN_POINT ( 'NONE',  ( 0.5704143698997727900, 1.266802309981406100, 0.4700000000000000300 ) ) ;
#9801 = LINE ( 'NONE', #5341, #7893 ) ;
#9802 = B_SPLINE_CURVE_WITH_KNOTS ( 'NONE', 3,
 ( #7730, #2006, #1929, #5318 ),
 .UNSPECIFIED., .F., .F.,
 ( 4, 4 ),
 ( 9.000000000000000000, 10.00000000000000000 ),
 .UNSPECIFIED. ) ;
#9803 = UNCERTAINTY_MEASURE_WITH_UNIT (LENGTH_MEASURE( 1.000000000000000100E-005 ), #1874, 'distance_accuracy_value', 'NONE');
#9804 = CARTESIAN_POINT ( 'NONE',  ( 0.3514855629021116400, 1.068622813717637500, 0.4600000000000000200 ) ) ;
#9805 = ORIENTED_EDGE ( 'NONE', *, *, #908, .T. ) ;
#9806 = ADVANCED_FACE ( 'NONE', ( #6604 ), #7652, .F. ) ;
#9807 = COLOUR_RGB ( '',0.6666666666666666300, 0.6666666666666666300, 0.6666666666666666300 ) ;
#9808 = CARTESIAN_POINT ( 'NONE',  ( 0.4459185055003235800, 1.131224427350304900, 0.4600000000000000200 ) ) ;
#9809 = ORIENTED_EDGE ( 'NONE', *, *, #7816, .F. ) ;
#9810 = VECTOR ( 'NONE', #3409, 1000.000000000000000 ) ;
#9811 = CARTESIAN_POINT ( 'NONE',  ( 0.6542663429616545300, 1.334119676053556500, 0.4600000000000000200 ) ) ;
#9812 = CARTESIAN_POINT ( 'NONE',  ( 0.4395227662542640600, 1.142954861543203500, 0.4600000000000000200 ) ) ;
#9813 = VECTOR ( 'NONE', #4243, 1000.000000000000000 ) ;
#9814 = AXIS2_PLACEMENT_3D ( 'NONE', #1986, #6921, #5296 ) ;
#9815 = SURFACE_STYLE_FILL_AREA ( #9488 ) ;
#9816 = ORIENTED_EDGE ( 'NONE', *, *, #3126, .F. ) ;
#9817 = ORIENTED_EDGE ( 'NONE', *, *, #1290, .F. ) ;
#9818 = B_SPLINE_SURFACE_WITH_KNOTS ( 'NONE', 3, 1, ( 
 ( #8499, #5146 ),
 ( #1930, #335 ),
 ( #6878, #10057 ),
 ( #4454, #10168 ) ),
 .UNSPECIFIED., .F., .F., .F.,
 ( 4, 4 ),
 ( 2, 2 ),
 ( 9.000000000000000000, 10.00000000000000000 ),
 ( 0.0000000000000000000, 1.000000000000000000 ),
 .UNSPECIFIED. ) ;
#9819 = CARTESIAN_POINT ( 'NONE',  ( 0.5983846765552801600, 1.317850330137447600, 0.4700000000000000300 ) ) ;
#9820 = CARTESIAN_POINT ( 'NONE',  ( -0.1117817038333259600, 1.091110744016214000, 0.4700000000000000300 ) ) ;
#9821 = CARTESIAN_POINT ( 'NONE',  ( 0.02594002861502355700, 1.345240115449673100, 0.4700000000000000300 ) ) ;
#9822 = CARTESIAN_POINT ( 'NONE',  ( 0.5103179997500182400, 1.072395415668760100, 0.4600000000000000200 ) ) ;
#9823 = CARTESIAN_POINT ( 'NONE',  ( 0.8090019698786129500, 1.174019880737444500, 0.4700000000000000300 ) ) ;
#9824 = DIRECTION ( 'NONE',  ( 0.0000000000000000000, 0.0000000000000000000, -1.000000000000000000 ) ) ;
#9825 = ORIENTED_EDGE ( 'NONE', *, *, #4165, .F. ) ;
#9826 = EDGE_CURVE ( 'NONE', #7792, #8057, #6741, .T. ) ;
#9827 = VERTEX_POINT ( 'NONE', #6478 ) ;
#9828 = SURFACE_STYLE_USAGE ( .BOTH. , #4138 ) ;
#9829 = CARTESIAN_POINT ( 'NONE',  ( -0.6250000000000001100, 1.500000000000000000, 0.09999999999999999200 ) ) ;
#9830 = CARTESIAN_POINT ( 'NONE',  ( 0.1249999999999998900, 1.500999999999999900, 0.1000000000000000100 ) ) ;
#9831 = CARTESIAN_POINT ( 'NONE',  ( -0.1839216559474985400, 1.355897156317625200, 0.4700000000000000300 ) ) ;
#9832 = COLOUR_RGB ( '',0.6666666666666666300, 0.6666666666666666300, 0.6666666666666666300 ) ;
#9833 = CARTESIAN_POINT ( 'NONE',  ( -0.3200038376330879300, 1.190303205535364800, 0.4700000000000000300 ) ) ;
#9834 = AXIS2_PLACEMENT_3D ( 'NONE', #2834, #10214, #2085 ) ;
#9835 = ORIENTED_EDGE ( 'NONE', *, *, #8003, .F. ) ;
#9836 = DIRECTION ( 'NONE',  ( -1.128396311045740000E-014, 1.000000000000000000, 0.0000000000000000000 ) ) ;
#9837 = VERTEX_POINT ( 'NONE', #5082 ) ;
#9838 = ORIENTED_EDGE ( 'NONE', *, *, #7368, .T. ) ;
#9839 = EDGE_CURVE ( 'NONE', #2968, #10577, #6091, .T. ) ;
#9840 = EDGE_CURVE ( 'NONE', #5298, #5901, #1134, .T. ) ;
#9841 = B_SPLINE_CURVE_WITH_KNOTS ( 'NONE', 3,
 ( #3262, #6575, #2331, #3202 ),
 .UNSPECIFIED., .F., .F.,
 ( 4, 4 ),
 ( 5.000000000000000000, 6.000000000000000000 ),
 .UNSPECIFIED. ) ;
#9842 = VECTOR ( 'NONE', #6901, 1000.000000000000000 ) ;
#9844 = CARTESIAN_POINT ( 'NONE',  ( -0.001932209264175819900, 1.058319853848341400, 0.4600000000000000200 ) ) ;
#9843 = STYLED_ITEM ( 'NONE', ( #275 ), #4982 ) ;
#9845 = VERTEX_POINT ( 'NONE', #268 ) ;
#9846 = VECTOR ( 'NONE', #1349, 1000.000000000000000 ) ;
#9847 = DIRECTION ( 'NONE',  ( -0.0000000000000000000, -0.0000000000000000000, -1.000000000000000000 ) ) ;
#9848 = CARTESIAN_POINT ( 'NONE',  ( -0.2199916320041912800, 1.319827176352346600, 0.4600000000000000200 ) ) ;
#9849 = ORIENTED_EDGE ( 'NONE', *, *, #5892, .F. ) ;
#9850 = LINE ( 'NONE', #53, #9974 ) ;
#9851 = CARTESIAN_POINT ( 'NONE',  ( 0.3376625135642761200, 1.074812238794314600, 0.4700000000000000300 ) ) ;
#9852 = EDGE_CURVE ( 'NONE', #2489, #3617, #8253, .T. ) ;
#9853 = ORIENTED_EDGE ( 'NONE', *, *, #4288, .T. ) ;
#9854 = CARTESIAN_POINT ( 'NONE',  ( -0.2117939250981358500, 1.053401170288617000, 0.4600000000000000200 ) ) ;
#9855 = MECHANICAL_DESIGN_GEOMETRIC_PRESENTATION_REPRESENTATION (  '', ( #3279 ), #10424 ) ;
#9856 = DIRECTION ( 'NONE',  ( -0.0000000000000000000, -0.0000000000000000000, -1.000000000000000000 ) ) ;
#9857 = B_SPLINE_SURFACE_WITH_KNOTS ( 'NONE', 3, 1, ( 
 ( #2506, #7359 ),
 ( #4910, #7325 ),
 ( #2478, #9785 ),
 ( #8190, #5692 ) ),
 .UNSPECIFIED., .F., .F., .F.,
 ( 4, 4 ),
 ( 2, 2 ),
 ( 2.000000000000000000, 3.000000000000000000 ),
 ( 0.0000000000000000000, 1.000000000000000000 ),
 .UNSPECIFIED. ) ;
#9858 = FACE_OUTER_BOUND ( 'NONE', #7471, .T. ) ;
#9859 = VERTEX_POINT ( 'NONE', #4355 ) ;
#9860 = VECTOR ( 'NONE', #539, 1000.000000000000000 ) ;
#9861 = CARTESIAN_POINT ( 'NONE',  ( 0.3778643031095747500, 1.142954861543202100, 0.4700000000000000300 ) ) ;
#9862 = ORIENTED_EDGE ( 'NONE', *, *, #6756, .F. ) ;
#9863 = CARTESIAN_POINT ( 'NONE',  ( 0.4791645601976386400, 1.019932669780945400, 0.4700000000000000300 ) ) ;
#9864 = CARTESIAN_POINT ( 'NONE',  ( 0.6323086206657669800, 1.273168575775143600, 0.4600000000000000200 ) ) ;
#9865 = DIRECTION ( 'NONE',  ( 1.000000000000000000, -0.0000000000000000000, -0.0000000000000000000 ) ) ;
#9866 = CARTESIAN_POINT ( 'NONE',  ( 0.4481584879088261200, 1.082887964846950000, 0.4600000000000000200 ) ) ;
#9867 = B_SPLINE_CURVE_WITH_KNOTS ( 'NONE', 3,
 ( #8055, #9692, #6290, #3968 ),
 .UNSPECIFIED., .F., .F.,
 ( 4, 4 ),
 ( 2.000000000000000000, 3.000000000000000000 ),
 .UNSPECIFIED. ) ;
#9868 = EDGE_CURVE ( 'NONE', #4166, #6788, #1188, .T. ) ;
#9869 = DIRECTION ( 'NONE',  ( -0.0000000000000000000, -0.0000000000000000000, -1.000000000000000000 ) ) ;
#9870 = ORIENTED_EDGE ( 'NONE', *, *, #10058, .F. ) ;
#9871 = FACE_OUTER_BOUND ( 'NONE', #5679, .T. ) ;
#9872 = EDGE_CURVE ( 'NONE', #7121, #1023, #6244, .T. ) ;
#9873 = DIRECTION ( 'NONE',  ( 1.000000000000000000, -0.0000000000000000000, -0.0000000000000000000 ) ) ;
#9874 = CARTESIAN_POINT ( 'NONE',  ( -0.1250000000000001100, 1.101000000000000000, 0.0000000000000000000 ) ) ;
#9875 = B_SPLINE_SURFACE_WITH_KNOTS ( 'NONE', 3, 1, ( 
 ( #6696, #3387 ),
 ( #9962, #3312 ),
 ( #7391, #2504 ),
 ( #6654, #946 ) ),
 .UNSPECIFIED., .F., .F., .F.,
 ( 4, 4 ),
 ( 2, 2 ),
 ( 1.000000000000000000, 2.000000000000000000 ),
 ( 0.0000000000000000000, 1.000000000000000000 ),
 .UNSPECIFIED. ) ;
#9876 = CARTESIAN_POINT ( 'NONE',  ( 0.5103179997500182400, 1.072395415668760100, 0.4700000000000000300 ) ) ;
#9877 = CARTESIAN_POINT ( 'NONE',  ( 0.4293249516043798300, 1.094913133566968600, 0.4600000000000000200 ) ) ;
#9878 = EDGE_LOOP ( 'NONE', ( #1261, #9224, #1533, #8723 ) ) ;
#9879 = CARTESIAN_POINT ( 'NONE',  ( -0.1117817038333259600, 1.086192122999369800, 0.4700000000000000300 ) ) ;
#9880 = CARTESIAN_POINT ( 'NONE',  ( 0.4629836346400604800, 1.086542672987214300, 0.4700000000000000300 ) ) ;
#9881 = ORIENTED_EDGE ( 'NONE', *, *, #5554, .F. ) ;
#9882 = VECTOR ( 'NONE', #6737, 1000.000000000000000 ) ;
#9883 = ORIENTED_EDGE ( 'NONE', *, *, #768, .T. ) ;
#9884 = EDGE_LOOP ( 'NONE', ( #1569, #1386, #3642, #5139 ) ) ;
#9885 = B_SPLINE_SURFACE_WITH_KNOTS ( 'NONE', 3, 1, ( 
 ( #6072, #9291 ),
 ( #2008, #3529 ),
 ( #1235, #3571 ),
 ( #5219, #9257 ) ),
 .UNSPECIFIED., .F., .F., .F.,
 ( 4, 4 ),
 ( 2, 2 ),
 ( 5.000000000000000000, 6.000000000000000000 ),
 ( 0.0000000000000000000, 1.000000000000000000 ),
 .UNSPECIFIED. ) ;
#9886 = ORIENTED_EDGE ( 'NONE', *, *, #2235, .T. ) ;
#9887 = EDGE_CURVE ( 'NONE', #4713, #9845, #7394, .T. ) ;
#9888 = CARTESIAN_POINT ( 'NONE',  ( 0.3678728026286729500, 1.252949787190854400, 0.4600000000000000200 ) ) ;
#9889 = VERTEX_POINT ( 'NONE', #5154 ) ;
#9890 = PRESENTATION_LAYER_ASSIGNMENT (  '', '', ( #9543 ) ) ;
#9891 = CARTESIAN_POINT ( 'NONE',  ( 0.7271247181492411800, 1.117430851465182700, 0.4700000000000000300 ) ) ;
#9892 = CARTESIAN_POINT ( 'NONE',  ( 0.7427751215583920900, 1.134938082395997400, 0.4700000000000000300 ) ) ;
#9893 = FILL_AREA_STYLE_COLOUR ( '', #723 ) ;
#9894 = EDGE_CURVE ( 'NONE', #9967, #8891, #9299, .T. ) ;
#9895 = AXIS2_PLACEMENT_3D ( 'NONE', #9746, #4850, #4 ) ;
#9896 = ORIENTED_EDGE ( 'NONE', *, *, #7880, .F. ) ;
#9897 = VECTOR ( 'NONE', #9172, 1000.000000000000000 ) ;
#9898 = ORIENTED_EDGE ( 'NONE', *, *, #1633, .F. ) ;
#9899 = CARTESIAN_POINT ( 'NONE',  ( 0.3051827686378725300, 1.174019880737442200, 0.4700000000000000300 ) ) ;
#9900 = ORIENTED_EDGE ( 'NONE', *, *, #9499, .F. ) ;
#9901 = EDGE_CURVE ( 'NONE', #1536, #2545, #9038, .T. ) ;
#9902 = DIRECTION ( 'NONE',  ( -1.000000000000000000, 0.0000000000000000000, 0.0000000000000000000 ) ) ;
#9903 =( LENGTH_UNIT ( ) NAMED_UNIT ( * ) SI_UNIT ( .MILLI., .METRE. ) );
#9904 = CARTESIAN_POINT ( 'NONE',  ( 0.004625931243200571500, 1.108325948845417100, 0.4700000000000000300 ) ) ;
#9905 = FACE_OUTER_BOUND ( 'NONE', #3099, .T. ) ;
#9906 = CARTESIAN_POINT ( 'NONE',  ( 0.2457937613547896700, 1.174019880737442200, 0.4700000000000000300 ) ) ;
#9907 = EDGE_CURVE ( 'NONE', #3107, #5211, #1519, .T. ) ;
#9908 = CARTESIAN_POINT ( 'NONE',  ( 0.3704664664705092900, 1.345437481907692400, 0.4700000000000000300 ) ) ;
#9909 = B_SPLINE_SURFACE_WITH_KNOTS ( 'NONE', 3, 1, ( 
 ( #6169, #9467 ),
 ( #8645, #3885 ),
 ( #10312, #5484 ),
 ( #3777, #7947 ) ),
 .UNSPECIFIED., .F., .F., .F.,
 ( 4, 4 ),
 ( 2, 2 ),
 ( 20.00000000000000000, 21.00000000000000000 ),
 ( 0.0000000000000000000, 1.000000000000000000 ),
 .UNSPECIFIED. ) ;
#9910 = PRESENTATION_LAYER_ASSIGNMENT (  '', '', ( #22 ) ) ;
#9911 = CARTESIAN_POINT ( 'NONE',  ( 0.5799932420423104000, 1.071864893519935500, 0.4700000000000000300 ) ) ;
#9912 = MECHANICAL_DESIGN_GEOMETRIC_PRESENTATION_REPRESENTATION (  '', ( #327 ), #2028 ) ;
#9913 = ORIENTED_EDGE ( 'NONE', *, *, #7144, .F. ) ;
#9914 = ORIENTED_EDGE ( 'NONE', *, *, #8444, .T. ) ;
#9915 = VECTOR ( 'NONE', #10506, 1000.000000000000000 ) ;
#9916 = DIRECTION ( 'NONE',  ( 0.0000000000000000000, -0.0000000000000000000, 1.000000000000000000 ) ) ;
#9917 = CARTESIAN_POINT ( 'NONE',  ( 0.3803400731401662700, 1.345437481907692400, 0.4700000000000000300 ) ) ;
#9918 = CARTESIAN_POINT ( 'NONE',  ( 0.4267312877625429300, 1.128159188264286700, 0.4700000000000000300 ) ) ;
#9919 = DIRECTION ( 'NONE',  ( 1.000000000000000000, 0.0000000000000000000, 0.0000000000000000000 ) ) ;
#9920 = DIRECTION ( 'NONE',  ( -0.0000000000000000000, -0.0000000000000000000, -1.000000000000000000 ) ) ;
#9921 = ORIENTED_EDGE ( 'NONE', *, *, #4890, .F. ) ;
#9922 = VERTEX_POINT ( 'NONE', #3580 ) ;
#9923 = ADVANCED_FACE ( 'NONE', ( #2774 ), #513, .F. ) ;
#9924 = CARTESIAN_POINT ( 'NONE',  ( 0.5983846765552801600, 1.300755727545389600, 0.4700000000000000300 ) ) ;
#9925 = CARTESIAN_POINT ( 'NONE',  ( 0.7271247181492411800, 1.131813896405342800, 0.4700000000000000300 ) ) ;
#9926 = CARTESIAN_POINT ( 'NONE',  ( 0.4223397433032848900, 1.120142409117864700, 0.4700000000000000300 ) ) ;
#9927 = VECTOR ( 'NONE', #5627, 1000.000000000000100 ) ;
#9928 = ORIENTED_EDGE ( 'NONE', *, *, #3886, .F. ) ;
#9929 = VECTOR ( 'NONE', #2061, 1000.000000000000000 ) ;
#9930 = CARTESIAN_POINT ( 'NONE',  ( 0.7271247181492411800, 1.117430851465182700, 0.4600000000000000200 ) ) ;
#9931 = SURFACE_STYLE_USAGE ( .BOTH. , #8165 ) ;
#9932 = B_SPLINE_SURFACE_WITH_KNOTS ( 'NONE', 3, 1, ( 
 ( #8761, #7141 ),
 ( #7174, #6337 ),
 ( #528, #2188 ),
 ( #7038, #7071 ) ),
 .UNSPECIFIED., .F., .F., .F.,
 ( 4, 4 ),
 ( 2, 2 ),
 ( 4.000000000000000000, 5.000000000000000000 ),
 ( 0.0000000000000000000, 1.000000000000000000 ),
 .UNSPECIFIED. ) ;
#9933 = ORIENTED_EDGE ( 'NONE', *, *, #6353, .F. ) ;
#9934 = VECTOR ( 'NONE', #8417, 1000.000000000000000 ) ;
#9935 = EDGE_CURVE ( 'NONE', #879, #5078, #5321, .T. ) ;
#9936 = CARTESIAN_POINT ( 'NONE',  ( 0.4381080405224999600, 1.131224427350304900, 0.4700000000000000300 ) ) ;
#9937 = ADVANCED_FACE ( 'NONE', ( #4334 ), #7612, .T. ) ;
#9938 = ORIENTED_EDGE ( 'NONE', *, *, #8825, .T. ) ;
#9939 = CARTESIAN_POINT ( 'NONE',  ( -0.08554898544544557700, 1.387868275012904300, 0.4700000000000000300 ) ) ;
#9940 = FACE_OUTER_BOUND ( 'NONE', #2395, .T. ) ;
#9941 = CARTESIAN_POINT ( 'NONE',  ( 0.2606778549914503000, 1.160756827001924200, 0.4600000000000000200 ) ) ;
#9942 = CARTESIAN_POINT ( 'NONE',  ( 0.5052190924252708500, 1.028715758699459500, 0.4600000000000000200 ) ) ;
#9943 = DIRECTION ( 'NONE',  ( 1.000000000000000000, 0.0000000000000000000, 0.0000000000000000000 ) ) ;
#9944 = B_SPLINE_CURVE_WITH_KNOTS ( 'NONE', 3,
 ( #9690, #5670, #2425, #8080 ),
 .UNSPECIFIED., .F., .F.,
 ( 4, 4 ),
 ( 3.000000000000000000, 4.000000000000000000 ),
 .UNSPECIFIED. ) ;
#9945 = MECHANICAL_DESIGN_GEOMETRIC_PRESENTATION_REPRESENTATION (  '', ( #9656 ), #4146 ) ;
#9946 = ORIENTED_EDGE ( 'NONE', *, *, #9724, .F. ) ;
#9947 = CARTESIAN_POINT ( 'NONE',  ( 0.0000000000000000000, 0.0000000000000000000, 0.4600000000000000200 ) ) ;
#9948 = VECTOR ( 'NONE', #305, 1000.000000000000000 ) ;
#9949 = DIRECTION ( 'NONE',  ( 0.0000000000000000000, 0.0000000000000000000, -1.000000000000000000 ) ) ;
#9950 = ORIENTED_EDGE ( 'NONE', *, *, #373, .T. ) ;
#9951 = FILL_AREA_STYLE ('',( #1783 ) ) ;
#9952 = CARTESIAN_POINT ( 'NONE',  ( 0.4142640172510503300, 1.102222549848287400, 0.4600000000000000200 ) ) ;
#9953 = DIRECTION ( 'NONE',  ( 0.0000000000000000000, 1.000000000000000000, 0.0000000000000000000 ) ) ;
#9954 = ORIENTED_EDGE ( 'NONE', *, *, #6465, .F. ) ;
#9955 = PLANE ( 'NONE',  #736 ) ;
#9956 = EDGE_CURVE ( 'NONE', #703, #7042, #2766, .T. ) ;
#9957 = LINE ( 'NONE', #10608, #9045 ) ;
#9958 = FACE_OUTER_BOUND ( 'NONE', #4093, .T. ) ;
#9959 = EDGE_LOOP ( 'NONE', ( #7455, #9665, #4153, #5447 ) ) ;
#9960 = ORIENTED_EDGE ( 'NONE', *, *, #2580, .T. ) ;
#9961 = DIRECTION ( 'NONE',  ( -0.0000000000000000000, -0.0000000000000000000, -1.000000000000000000 ) ) ;
#9962 = CARTESIAN_POINT ( 'NONE',  ( 0.6577442103856461200, 1.335711242501596500, 0.4700000000000000300 ) ) ;
#9963 = ORIENTED_EDGE ( 'NONE', *, *, #10340, .T. ) ;
#9964 = CARTESIAN_POINT ( 'NONE',  ( -1.000000000000000000, 1.500000000000000000, 0.4600000000000000200 ) ) ;
#9965 = DIRECTION ( 'NONE',  ( 1.000000000000000000, -0.0000000000000000000, -0.0000000000000000000 ) ) ;
#9966 = FACE_OUTER_BOUND ( 'NONE', #7201, .T. ) ;
#9967 = VERTEX_POINT ( 'NONE', #9229 ) ;
#9968 = ORIENTED_EDGE ( 'NONE', *, *, #8325, .T. ) ;
#9969 = ORIENTED_EDGE ( 'NONE', *, *, #6807, .T. ) ;
#9970 = DIRECTION ( 'NONE',  ( -1.000000000000000000, -0.0000000000000000000, -0.0000000000000000000 ) ) ;
#9971 = SURFACE_STYLE_USAGE ( .BOTH. , #9134 ) ;
#9972 = EDGE_CURVE ( 'NONE', #4139, #4483, #9555, .T. ) ;
#9973 =( LENGTH_UNIT ( ) NAMED_UNIT ( * ) SI_UNIT ( .MILLI., .METRE. ) );
#9974 = VECTOR ( 'NONE', #8232, 1000.000000000000000 ) ;
#9975 = ADVANCED_FACE ( 'NONE', ( #5703 ), #4530, .F. ) ;
#9976 = SURFACE_SIDE_STYLE ('',( #4056 ) ) ;
#9977 = VECTOR ( 'NONE', #1517, 1000.000000000000000 ) ;
#9978 = EDGE_CURVE ( 'NONE', #1691, #1949, #10346, .T. ) ;
#9979 = ORIENTED_EDGE ( 'NONE', *, *, #5759, .F. ) ;
#9980 = CARTESIAN_POINT ( 'NONE',  ( 0.3733548648394733900, 1.071452265181171800, 0.4600000000000000200 ) ) ;
#9981 = CARTESIAN_POINT ( 'NONE',  ( 0.5925784063646467600, 1.268570717146505500, 0.4600000000000000200 ) ) ;
#9982 = B_SPLINE_SURFACE_WITH_KNOTS ( 'NONE', 3, 1, ( 
 ( #7491, #1764 ),
 ( #8161, #5863 ),
 ( #9851, #4259 ),
 ( #9019, #1692 ) ),
 .UNSPECIFIED., .F., .F., .F.,
 ( 4, 4 ),
 ( 2, 2 ),
 ( 2.000000000000000000, 3.000000000000000000 ),
 ( 0.0000000000000000000, 1.000000000000000000 ),
 .UNSPECIFIED. ) ;
#9983 = B_SPLINE_CURVE_WITH_KNOTS ( 'NONE', 3,
 ( #4327, #5083, #6776, #5118 ),
 .UNSPECIFIED., .F., .F.,
 ( 4, 4 ),
 ( 22.00000000000000000, 23.00000000000000000 ),
 .UNSPECIFIED. ) ;
#9984 = DIRECTION ( 'NONE',  ( -0.3559357243698719800, -0.9345104387417481100, -0.0000000000000000000 ) ) ;
#9985 = CARTESIAN_POINT ( 'NONE',  ( 0.3065974943700323600, 1.241631981336715800, 0.4600000000000000200 ) ) ;
#9986 = CARTESIAN_POINT ( 'NONE',  ( 0.6542663429616545300, 1.334119676053556500, 0.4700000000000000300 ) ) ;
#9987 = PLANE ( 'NONE',  #2958 ) ;
#9988 = VECTOR ( 'NONE', #8521, 1000.000000000000000 ) ;
#9989 = ORIENTED_EDGE ( 'NONE', *, *, #10605, .T. ) ;
#9990 = ADVANCED_FACE ( 'NONE', ( #7503 ), #10290, .T. ) ;
#9991 = UNCERTAINTY_MEASURE_WITH_UNIT (LENGTH_MEASURE( 1.000000000000000100E-005 ), #10514, 'distance_accuracy_value', 'NONE');
#9992 = CARTESIAN_POINT ( 'NONE',  ( 0.1407081442006228300, 1.116523671386993900, 0.4700000000000000300 ) ) ;
#9993 = CARTESIAN_POINT ( 'NONE',  ( 0.5925784063646467600, 1.268570717146505500, 0.4700000000000000300 ) ) ;
#9994 = EDGE_CURVE ( 'NONE', #7593, #5107, #5444, .T. ) ;
#9995 = LINE ( 'NONE', #789, #4137 ) ;
#9996 = CARTESIAN_POINT ( 'NONE',  ( -0.3750000000000001100, 1.500999999999999900, 0.1000000000000000100 ) ) ;
#9997 = DIRECTION ( 'NONE',  ( 0.0000000000000000000, -0.0000000000000000000, -1.000000000000000000 ) ) ;
#9998 = ORIENTED_EDGE ( 'NONE', *, *, #7789, .T. ) ;
#9999 = FACE_OUTER_BOUND ( 'NONE', #3182, .T. ) ;
#10000 = PLANE ( 'NONE',  #7232 ) ;
#10001 = ORIENTED_EDGE ( 'NONE', *, *, #2738, .T. ) ;
#10002 = FILL_AREA_STYLE_COLOUR ( '', #1283 ) ;
#10003 = ORIENTED_EDGE ( 'NONE', *, *, #5751, .T. ) ;
#10004 = LINE ( 'NONE', #891, #6538 ) ;
#10005 = CARTESIAN_POINT ( 'NONE',  ( 0.7500000000000000000, -0.7500000000000000000, -0.02000000000000000000 ) ) ;
#10006 = CARTESIAN_POINT ( 'NONE',  ( 0.8364712278380103100, 1.058719733595270100, 0.4700000000000000300 ) ) ;
#10007 = ORIENTED_EDGE ( 'NONE', *, *, #6785, .T. ) ;
#10009 = VECTOR ( 'NONE', #1197, 1000.000000000000000 ) ;
#10008 = CARTESIAN_POINT ( 'NONE',  ( 0.4223397433032848900, 1.123443435824797300, 0.4600000000000000200 ) ) ;
#10010 = CARTESIAN_POINT ( 'NONE',  ( 0.4768361574306017600, 1.306768311905006900, 0.4700000000000000300 ) ) ;
#10011 = B_SPLINE_CURVE_WITH_KNOTS ( 'NONE', 3,
 ( #9232, #9892, #17, #4891 ),
 .UNSPECIFIED., .F., .F.,
 ( 4, 4 ),
 ( 3.000000000000000000, 4.000000000000000000 ),
 .UNSPECIFIED. ) ;
#10012 = CARTESIAN_POINT ( 'NONE',  ( 0.3473298060649454600, 1.096504700015011000, 0.4700000000000000300 ) ) ;
#10013 =( NAMED_UNIT ( * ) PLANE_ANGLE_UNIT ( ) SI_UNIT ( $, .RADIAN. ) );
#10014 = EDGE_LOOP ( 'NONE', ( #4287, #3229, #5647, #5585 ) ) ;
#10015 = FACE_OUTER_BOUND ( 'NONE', #10228, .T. ) ;
#10016 = PRESENTATION_LAYER_ASSIGNMENT (  '', '', ( #1667 ) ) ;
#10017 =( NAMED_UNIT ( * ) SI_UNIT ( $, .STERADIAN. ) SOLID_ANGLE_UNIT ( ) );
#10018 = CARTESIAN_POINT ( 'NONE',  ( 0.4530216076118750400, 1.141775923433133100, 0.4700000000000000300 ) ) ;
#10019 = DIRECTION ( 'NONE',  ( -0.0000000000000000000, 0.0000000000000000000, 1.000000000000000000 ) ) ;
#10020 = ORIENTED_EDGE ( 'NONE', *, *, #1345, .F. ) ;
#10021 = CARTESIAN_POINT ( 'NONE',  ( 0.4369291024128232900, 1.092083682103435000, 0.4700000000000000300 ) ) ;
#10022 = DIRECTION ( 'NONE',  ( -0.0000000000000000000, -0.0000000000000000000, -1.000000000000000000 ) ) ;
#10023 = ORIENTED_EDGE ( 'NONE', *, *, #1423, .T. ) ;
#10024 = ORIENTED_EDGE ( 'NONE', *, *, #10108, .F. ) ;
#10025 = LINE ( 'NONE', #4787, #6306 ) ;
#10026 = B_SPLINE_SURFACE_WITH_KNOTS ( 'NONE', 3, 1, ( 
 ( #841, #4842 ),
 ( #2471, #10575 ),
 ( #2402, #3166 ),
 ( #5891, #4216 ) ),
 .UNSPECIFIED., .F., .F., .F.,
 ( 4, 4 ),
 ( 2, 2 ),
 ( 3.000000000000000000, 4.000000000000000000 ),
 ( 0.0000000000000000000, 1.000000000000000000 ),
 .UNSPECIFIED. ) ;
#10027 = ORIENTED_EDGE ( 'NONE', *, *, #1066, .F. ) ;
#10028 = AXIS2_PLACEMENT_3D ( 'NONE', #10085, #5178, #8531 ) ;
#10029 = CARTESIAN_POINT ( 'NONE',  ( 0.3113132468091264200, 1.297101019404332200, 0.4700000000000000300 ) ) ;
#10030 = DIRECTION ( 'NONE',  ( -1.000000000000000000, 0.0000000000000000000, 0.0000000000000000000 ) ) ;
#10031 = ORIENTED_EDGE ( 'NONE', *, *, #2677, .T. ) ;
#10032 =( LENGTH_UNIT ( ) NAMED_UNIT ( * ) SI_UNIT ( .MILLI., .METRE. ) );
#10033 = VECTOR ( 'NONE', #9184, 1000.000000000000000 ) ;
#10034 = EDGE_CURVE ( 'NONE', #4755, #6360, #1122, .T. ) ;
#10035 = ORIENTED_EDGE ( 'NONE', *, *, #4638, .F. ) ;
#10036 = CARTESIAN_POINT ( 'NONE',  ( 0.7148048149020959100, 1.083890062239958100, 0.4600000000000000200 ) ) ;
#10037 = EDGE_CURVE ( 'NONE', #2430, #7425, #1509, .T. ) ;
#10038 =( GEOMETRIC_REPRESENTATION_CONTEXT ( 3 ) GLOBAL_UNCERTAINTY_ASSIGNED_CONTEXT ( ( #8537 ) ) GLOBAL_UNIT_ASSIGNED_CONTEXT ( ( #2299, #6240, #8034 ) ) REPRESENTATION_CONTEXT ( 'NONE', 'WORKASPACE' ) );
#10039 = ADVANCED_FACE ( 'NONE', ( #613 ), #9414, .F. ) ;
#10040 = FILL_AREA_STYLE_COLOUR ( '', #6014 ) ;
#10041 = CARTESIAN_POINT ( 'NONE',  ( 0.6812050787714428700, 1.160756827001928200, 0.4700000000000000300 ) ) ;
#10042 = FILL_AREA_STYLE_COLOUR ( '', #6596 ) ;
#10043 = ORIENTED_EDGE ( 'NONE', *, *, #6532, .F. ) ;
#10044 = CARTESIAN_POINT ( 'NONE',  ( 0.6817945478264781900, 1.174019880737444500, 0.4600000000000000200 ) ) ;
#10045 = PLANE ( 'NONE',  #7992 ) ;
#10046 = B_SPLINE_SURFACE_WITH_KNOTS ( 'NONE', 3, 1, ( 
 ( #4123, #4012 ),
 ( #10641, #9703 ),
 ( #9731, #7310 ),
 ( #2401, #8123 ) ),
 .UNSPECIFIED., .F., .F., .F.,
 ( 4, 4 ),
 ( 2, 2 ),
 ( 12.00000000000000000, 13.00000000000000000 ),
 ( 0.0000000000000000000, 1.000000000000000000 ),
 .UNSPECIFIED. ) ;
#10047 = LINE ( 'NONE', #9221, #2113 ) ;
#10048 = DIRECTION ( 'NONE',  ( -0.0000000000000000000, 1.000000000000000000, -0.0000000000000000000 ) ) ;
#10049 =( GEOMETRIC_REPRESENTATION_CONTEXT ( 3 ) GLOBAL_UNCERTAINTY_ASSIGNED_CONTEXT ( ( #6318 ) ) GLOBAL_UNIT_ASSIGNED_CONTEXT ( ( #1737, #1610, #7336 ) ) REPRESENTATION_CONTEXT ( 'NONE', 'WORKASPACE' ) );
#10050 = ORIENTED_EDGE ( 'NONE', *, *, #2818, .T. ) ;
#10051 = UNCERTAINTY_MEASURE_WITH_UNIT (LENGTH_MEASURE( 1.000000000000000100E-005 ), #4131, 'distance_accuracy_value', 'NONE');
#10052 = B_SPLINE_SURFACE_WITH_KNOTS ( 'NONE', 3, 1, ( 
 ( #6964, #10141 ),
 ( #2869, #380 ),
 ( #346, #6049 ),
 ( #4466, #5264 ) ),
 .UNSPECIFIED., .F., .F., .F.,
 ( 4, 4 ),
 ( 2, 2 ),
 ( 19.00000000000000000, 20.00000000000000000 ),
 ( 0.0000000000000000000, 1.000000000000000000 ),
 .UNSPECIFIED. ) ;
#10053 = B_SPLINE_CURVE_WITH_KNOTS ( 'NONE', 3,
 ( #6631, #3364, #7370, #2456 ),
 .UNSPECIFIED., .F., .F.,
 ( 4, 4 ),
 ( 7.000000000000000000, 8.000000000000000000 ),
 .UNSPECIFIED. ) ;
#10054 = CARTESIAN_POINT ( 'NONE',  ( 0.6244981556883441000, 1.160756827001928200, 0.4700000000000000300 ) ) ;
#10055 = ORIENTED_EDGE ( 'NONE', *, *, #9302, .T. ) ;
#10056 =( NAMED_UNIT ( * ) PLANE_ANGLE_UNIT ( ) SI_UNIT ( $, .RADIAN. ) );
#10057 = CARTESIAN_POINT ( 'NONE',  ( 0.3309720397906990600, 1.324039755214123400, 0.4600000000000000200 ) ) ;
#10058 = EDGE_CURVE ( 'NONE', #7101, #9674, #8141, .T. ) ;
#10059 = COLOUR_RGB ( '',0.6666666666666666300, 0.6666666666666666300, 0.6666666666666666300 ) ;
#10060 = ORIENTED_EDGE ( 'NONE', *, *, #7421, .T. ) ;
#10061 = ORIENTED_EDGE ( 'NONE', *, *, #5226, .T. ) ;
#10062 = FACE_OUTER_BOUND ( 'NONE', #2473, .T. ) ;
#10063 = CARTESIAN_POINT ( 'NONE',  ( 0.5368146337683330500, 1.343669074743377000, 0.4700000000000000300 ) ) ;
#10064 =( NAMED_UNIT ( * ) SI_UNIT ( $, .STERADIAN. ) SOLID_ANGLE_UNIT ( ) );
#10065 = CARTESIAN_POINT ( 'NONE',  ( -0.2224509425122171700, 1.272280430953479900, 0.4700000000000000300 ) ) ;
#10066 = CARTESIAN_POINT ( 'NONE',  ( 0.4598889221017227700, 1.067620716324631400, 0.4700000000000000300 ) ) ;
#10067 = VECTOR ( 'NONE', #3952, 1000.000000000000000 ) ;
#10068 = VECTOR ( 'NONE', #10537, 1000.000000000000000 ) ;
#10069 = ORIENTED_EDGE ( 'NONE', *, *, #4957, .F. ) ;
#10070 = LINE ( 'NONE', #8201, #2388 ) ;
#10071 = EDGE_CURVE ( 'NONE', #6432, #2968, #859, .T. ) ;
#10072 = VERTEX_POINT ( 'NONE', #2053 ) ;
#10073 = CARTESIAN_POINT ( 'NONE',  ( 0.3382519826189163700, 1.265092849722512700, 0.4700000000000000300 ) ) ;
#10074 = CARTESIAN_POINT ( 'NONE',  ( 0.6949397077511458900, 1.160756827001928200, 0.4700000000000000300 ) ) ;
#10075 =( LENGTH_UNIT ( ) NAMED_UNIT ( * ) SI_UNIT ( .MILLI., .METRE. ) );
#10076 = DIRECTION ( 'NONE',  ( 0.0000000000000000000, 1.000000000000000000, -0.0000000000000000000 ) ) ;
#10077 = EDGE_CURVE ( 'NONE', #9776, #4973, #4447, .T. ) ;
#10078 = FACE_BOUND ( 'NONE', #10173, .T. ) ;
#10079 = B_SPLINE_CURVE_WITH_KNOTS ( 'NONE', 3,
 ( #5804, #8304, #1777, #9208 ),
 .UNSPECIFIED., .F., .F.,
 ( 4, 4 ),
 ( 12.00000000000000000, 13.00000000000000000 ),
 .UNSPECIFIED. ) ;
#10080 = ORIENTED_EDGE ( 'NONE', *, *, #6039, .T. ) ;
#10081 = B_SPLINE_SURFACE_WITH_KNOTS ( 'NONE', 3, 1, ( 
 ( #5110, #4283 ),
 ( #1826, #5812 ),
 ( #5075, #1012 ),
 ( #6686, #1043 ) ),
 .UNSPECIFIED., .F., .F., .F.,
 ( 4, 4 ),
 ( 2, 2 ),
 ( 4.000000000000000000, 5.000000000000000000 ),
 ( 0.0000000000000000000, 1.000000000000000000 ),
 .UNSPECIFIED. ) ;
#10082 = ADVANCED_FACE ( 'NONE', ( #1626 ), #3836, .F. ) ;
#10083 = CARTESIAN_POINT ( 'NONE',  ( 0.6571547413306169100, 1.338363853248858200, 0.4600000000000000200 ) ) ;
#10084 = ORIENTED_EDGE ( 'NONE', *, *, #7158, .T. ) ;
#10085 = CARTESIAN_POINT ( 'NONE',  ( 0.5651091484052507300, 1.174019880737442200, 0.4700000000000000300 ) ) ;
#10086 = DIRECTION ( 'NONE',  ( -1.000000000000000000, 0.0000000000000000000, 0.0000000000000000000 ) ) ;
#10087 = LINE ( 'NONE', #2476, #3451 ) ;
#10088 = VERTEX_POINT ( 'NONE', #4567 ) ;
#10089 = LINE ( 'NONE', #279, #5844 ) ;
#10090 = ORIENTED_EDGE ( 'NONE', *, *, #518, .T. ) ;
#10091 = EDGE_CURVE ( 'NONE', #9837, #795, #9678, .T. ) ;
#10092 = CARTESIAN_POINT ( 'NONE',  ( 0.3375740932057452200, 1.089902646600360100, 0.4600000000000000200 ) ) ;
#10093 = VERTEX_POINT ( 'NONE', #8626 ) ;
#10094 = STYLED_ITEM ( 'NONE', ( #6357 ), #1763 ) ;
#10095 = ADVANCED_FACE ( 'NONE', ( #3035 ), #7634, .F. ) ;
#10096 = PRESENTATION_LAYER_ASSIGNMENT (  '', '', ( #1413 ) ) ;
#10097 = VECTOR ( 'NONE', #4848, 1000.000000000000000 ) ;
#10098 = CARTESIAN_POINT ( 'NONE',  ( -0.2298289209448359800, 1.004214897581257300, 0.4600000000000000200 ) ) ;
#10099 = CARTESIAN_POINT ( 'NONE',  ( 0.4267312877625429300, 1.128159188264286700, 0.4600000000000000200 ) ) ;
#10100 = EDGE_LOOP ( 'NONE', ( #10148, #2202, #8993, #2231, #3000, #5336, #2736, #3794, #2275, #2512, #1065, #5827 ) ) ;
#10101 = LINE ( 'NONE', #9364, #5354 ) ;
#10102 = ORIENTED_EDGE ( 'NONE', *, *, #8084, .T. ) ;
#10103 = CARTESIAN_POINT ( 'NONE',  ( -0.1839216559474985400, 1.355897156317625200, 0.4700000000000000300 ) ) ;
#10104 = CARTESIAN_POINT ( 'NONE',  ( -0.1945786889974947300, 1.259983847140327300, 0.4600000000000000200 ) ) ;
#10105 = CARTESIAN_POINT ( 'NONE',  ( -0.1945787046334087300, 1.053401170288617000, 0.4600000000000000200 ) ) ;
#10106 = CARTESIAN_POINT ( 'NONE',  ( 0.7271247181492411800, 1.103047806525025800, 0.4600000000000000200 ) ) ;
#10107 = EDGE_CURVE ( 'NONE', #6779, #2205, #3830, .T. ) ;
#10108 = EDGE_CURVE ( 'NONE', #4563, #2503, #5196, .T. ) ;
#10109 = MECHANICAL_DESIGN_GEOMETRIC_PRESENTATION_REPRESENTATION (  '', ( #4117 ), #1147 ) ;
#10110 = AXIS2_PLACEMENT_3D ( 'NONE', #261, #5965, #2857 ) ;
#10111 = VERTEX_POINT ( 'NONE', #8829 ) ;
#10112 = SURFACE_STYLE_FILL_AREA ( #9642 ) ;
#10113 = CARTESIAN_POINT ( 'NONE',  ( 0.6047804158017304800, 1.241631981336718300, 0.4600000000000000200 ) ) ;
#10114 = ORIENTED_EDGE ( 'NONE', *, *, #2338, .T. ) ;
#10115 =( LENGTH_UNIT ( ) NAMED_UNIT ( * ) SI_UNIT ( .MILLI., .METRE. ) );
#10116 = CARTESIAN_POINT ( 'NONE',  ( 0.5983846765552801600, 1.300755727545389600, 0.4700000000000000300 ) ) ;
#10117 = CARTESIAN_POINT ( 'NONE',  ( -0.3716495146639740000, 1.223913824175887300, 0.4600000000000000200 ) ) ;
#10118 = CARTESIAN_POINT ( 'NONE',  ( -0.1117817038333259600, 1.086192122999369800, 0.4600000000000000200 ) ) ;
#10119 = CARTESIAN_POINT ( 'NONE',  ( -0.08472922569978477700, 1.338681939761879200, 0.4700000000000000300 ) ) ;
#10120 = ORIENTED_EDGE ( 'NONE', *, *, #2215, .T. ) ;
#10121 = EDGE_CURVE ( 'NONE', #8243, #703, #4938, .T. ) ;
#10122 = ORIENTED_EDGE ( 'NONE', *, *, #7171, .T. ) ;
#10123 = SURFACE_STYLE_FILL_AREA ( #7607 ) ;
#10124 = ORIENTED_EDGE ( 'NONE', *, *, #5174, .F. ) ;
#10125 = CARTESIAN_POINT ( 'NONE',  ( 0.3401088101421552700, 1.092378416630561200, 0.4700000000000000300 ) ) ;
#10126 = B_SPLINE_CURVE_WITH_KNOTS ( 'NONE', 3,
 ( #7920, #6990, #5319, #1310 ),
 .UNSPECIFIED., .F., .F.,
 ( 4, 4 ),
 ( 0.0000000000000000000, 1.000000000000000000 ),
 .UNSPECIFIED. ) ;
#10128 = STYLED_ITEM ( 'NONE', ( #314 ), #3848 ) ;
#10127 = CARTESIAN_POINT ( 'NONE',  ( 0.4801077106856158600, 1.356932128478890400, 0.4700000000000000300 ) ) ;
#10129 = UNCERTAINTY_MEASURE_WITH_UNIT (LENGTH_MEASURE( 1.000000000000000100E-005 ), #8196, 'distance_accuracy_value', 'NONE');
#10130 = CARTESIAN_POINT ( 'NONE',  ( 0.3078059059324215200, 1.058719733595267600, 0.4600000000000000200 ) ) ;
#10131 = CARTESIAN_POINT ( 'NONE',  ( 0.4395227662542640600, 1.142954861543203500, 0.4600000000000000200 ) ) ;
#10132 = DIRECTION ( 'NONE',  ( 0.0000000000000000000, -1.000000000000000000, 0.0000000000000000000 ) ) ;
#10133 = ORIENTED_EDGE ( 'NONE', *, *, #8949, .T. ) ;
#10134 = LINE ( 'NONE', #7236, #1935 ) ;
#10135 = EDGE_LOOP ( 'NONE', ( #8197, #10580, #8515, #636 ) ) ;
#10136 = LINE ( 'NONE', #555, #7971 ) ;
#10137 = B_SPLINE_SURFACE_WITH_KNOTS ( 'NONE', 3, 1, ( 
 ( #2214, #1584 ),
 ( #733, #2355 ),
 ( #802, #4001 ),
 ( #5601, #4762 ) ),
 .UNSPECIFIED., .F., .F., .F.,
 ( 4, 4 ),
 ( 2, 2 ),
 ( 33.00000000000000000, 34.00000000000000000 ),
 ( 0.0000000000000000000, 1.000000000000000000 ),
 .UNSPECIFIED. ) ;
#10138 = CARTESIAN_POINT ( 'NONE',  ( 0.3566728905853887000, 1.131224427350304900, 0.4700000000000000300 ) ) ;
#10139 = CARTESIAN_POINT ( 'NONE',  ( -0.1322759945521322100, 1.141116870284340200, 0.4600000000000000200 ) ) ;
#10140 = ORIENTED_EDGE ( 'NONE', *, *, #4027, .T. ) ;
#10141 = CARTESIAN_POINT ( 'NONE',  ( 0.4073672293084886200, 1.061608131964231400, 0.4600000000000000200 ) ) ;
#10142 = CARTESIAN_POINT ( 'NONE',  ( 0.4167103138289316400, 1.136411755033188300, 0.4600000000000000200 ) ) ;
#10143 = SURFACE_STYLE_USAGE ( .BOTH. , #3623 ) ;
#10144 = CARTESIAN_POINT ( 'NONE',  ( 0.3657212405783116800, 1.239686733455341900, 0.4700000000000000300 ) ) ;
#10145 = ORIENTED_EDGE ( 'NONE', *, *, #6229, .F. ) ;
#10146 = FACE_OUTER_BOUND ( 'NONE', #5511, .T. ) ;
#10147 = ORIENTED_EDGE ( 'NONE', *, *, #3062, .F. ) ;
#10148 = ORIENTED_EDGE ( 'NONE', *, *, #9296, .F. ) ;
#10149 = ORIENTED_EDGE ( 'NONE', *, *, #5449, .F. ) ;
#10150 = CARTESIAN_POINT ( 'NONE',  ( 0.7271247181492411800, 1.103047806525025800, 0.4600000000000000200 ) ) ;
#10151 = ORIENTED_EDGE ( 'NONE', *, *, #1487, .T. ) ;
#10152 = ADVANCED_FACE ( 'NONE', ( #5962 ), #6439, .F. ) ;
#10153 = DIRECTION ( 'NONE',  ( 0.0000000000000000000, -1.000000000000000000, 0.0000000000000000000 ) ) ;
#10154 = CARTESIAN_POINT ( 'NONE',  ( 0.5809953394353111200, 1.257783433441191000, 0.4700000000000000300 ) ) ;
#10155 = LINE ( 'NONE', #8043, #5400 ) ;
#10156 = FACE_OUTER_BOUND ( 'NONE', #5807, .T. ) ;
#10157 = DIRECTION ( 'NONE',  ( -0.0000000000000000000, 1.000000000000000000, -0.0000000000000000000 ) ) ;
#10158 = CARTESIAN_POINT ( 'NONE',  ( -0.2593406939504859800, 1.146035506937094700, 0.4600000000000000200 ) ) ;
#10159 = ORIENTED_EDGE ( 'NONE', *, *, #460, .T. ) ;
#10160 = LINE ( 'NONE', #8898, #2990 ) ;
#10161 = VERTEX_POINT ( 'NONE', #3020 ) ;
#10162 = EDGE_CURVE ( 'NONE', #6880, #398, #4701, .T. ) ;
#10163 = VERTEX_POINT ( 'NONE', #3054 ) ;
#10164 = CARTESIAN_POINT ( 'NONE',  ( 0.5548818603022562800, 1.356932128478890400, 0.4700000000000000300 ) ) ;
#10165 = B_SPLINE_SURFACE_WITH_KNOTS ( 'NONE', 3, 1, ( 
 ( #635, #10368 ),
 ( #1500, #6299 ),
 ( #7138, #5430 ),
 ( #6336, #1400 ) ),
 .UNSPECIFIED., .F., .F., .F.,
 ( 4, 4 ),
 ( 2, 2 ),
 ( 0.0000000000000000000, 1.000000000000000000 ),
 ( 0.0000000000000000000, 1.000000000000000000 ),
 .UNSPECIFIED. ) ;
#10166 = CARTESIAN_POINT ( 'NONE',  ( 0.3678728026286729500, 1.252949787190854400, 0.4700000000000000300 ) ) ;
#10167 = SURFACE_SIDE_STYLE ('',( #8324 ) ) ;
#10168 = CARTESIAN_POINT ( 'NONE',  ( 0.3390477658433275200, 1.332646003416362500, 0.4600000000000000200 ) ) ;
#10169 = CARTESIAN_POINT ( 'NONE',  ( -0.1790030349310510500, 1.305891049594787100, 0.4600000000000000200 ) ) ;
#10170 = ORIENTED_EDGE ( 'NONE', *, *, #689, .T. ) ;
#10171 = LINE ( 'NONE', #6193, #3249 ) ;
#10172 = CARTESIAN_POINT ( 'NONE',  ( 0.5045117295593851700, 1.241631981336718300, 0.4700000000000000300 ) ) ;
#10173 = EDGE_LOOP ( 'NONE', ( #3209, #5527, #9621, #9482, #73 ) ) ;
#10174 = LINE ( 'NONE', #2261, #5293 ) ;
#10175 =( GEOMETRIC_REPRESENTATION_CONTEXT ( 3 ) GLOBAL_UNCERTAINTY_ASSIGNED_CONTEXT ( ( #2186 ) ) GLOBAL_UNIT_ASSIGNED_CONTEXT ( ( #6822, #5267, #8478 ) ) REPRESENTATION_CONTEXT ( 'NONE', 'WORKASPACE' ) );
#10176 = B_SPLINE_SURFACE_WITH_KNOTS ( 'NONE', 3, 1, ( 
 ( #3399, #4988 ),
 ( #2452, #4169 ),
 ( #9861, #3284 ),
 ( #51, #956 ) ),
 .UNSPECIFIED., .F., .F., .F.,
 ( 4, 4 ),
 ( 2, 2 ),
 ( 1.000000000000000000, 2.000000000000000000 ),
 ( 0.0000000000000000000, 1.000000000000000000 ),
 .UNSPECIFIED. ) ;
#10177 = FACE_OUTER_BOUND ( 'NONE', #1436, .T. ) ;
#10178 = EDGE_CURVE ( 'NONE', #5466, #7248, #6026, .T. ) ;
#10179 = CARTESIAN_POINT ( 'NONE',  ( -0.2716373012175112300, 1.059959404611489300, 0.4600000000000000200 ) ) ;
#10180 = CARTESIAN_POINT ( 'NONE',  ( 0.4073672293084886200, 1.061608131964231400, 0.4700000000000000300 ) ) ;
#10181 = CARTESIAN_POINT ( 'NONE',  ( -0.6250000000000001100, 1.500999999999999900, 0.1000000000000000100 ) ) ;
#10182 = CARTESIAN_POINT ( 'NONE',  ( 0.5120864069151174200, 1.079056415989621200, 0.4700000000000000300 ) ) ;
#10183 = ORIENTED_EDGE ( 'NONE', *, *, #8733, .T. ) ;
#10184 = ADVANCED_FACE ( 'NONE', ( #6592 ), #7137, .F. ) ;
#10185 = FACE_OUTER_BOUND ( 'NONE', #1172, .T. ) ;
#10186 = CARTESIAN_POINT ( 'NONE',  ( -1.000000000000000000, 1.500000000000000000, 0.09999999999999999200 ) ) ;
#10187 = B_SPLINE_SURFACE_WITH_KNOTS ( 'NONE', 3, 1, ( 
 ( #2368, #7309 ),
 ( #6542, #7380 ),
 ( #8089, #4836 ),
 ( #10572, #5643 ) ),
 .UNSPECIFIED., .F., .F., .F.,
 ( 4, 4 ),
 ( 2, 2 ),
 ( 4.000000000000000000, 5.000000000000000000 ),
 ( 0.0000000000000000000, 1.000000000000000000 ),
 .UNSPECIFIED. ) ;
#10188 = EDGE_LOOP ( 'NONE', ( #5437, #799, #9783, #7382 ) ) ;
#10189 = PRESENTATION_STYLE_ASSIGNMENT (( #5977 ) ) ;
#10190 = CARTESIAN_POINT ( 'NONE',  ( 1.000000000000000000, 1.500000000000000000, 0.4600000000000000200 ) ) ;
#10191 = EDGE_CURVE ( 'NONE', #2082, #5596, #5815, .T. ) ;
#10192 = CARTESIAN_POINT ( 'NONE',  ( -0.02570561714402799100, 1.083732781219903100, 0.4700000000000000300 ) ) ;
#10193 = EDGE_LOOP ( 'NONE', ( #9458, #1647, #3876, #5334 ) ) ;
#10194 = DIRECTION ( 'NONE',  ( -0.0000000000000000000, -0.0000000000000000000, -1.000000000000000000 ) ) ;
#10195 = ORIENTED_EDGE ( 'NONE', *, *, #7570, .F. ) ;
#10196 = ADVANCED_FACE ( 'NONE', ( #9029 ), #7929, .F. ) ;
#10197 = CARTESIAN_POINT ( 'NONE',  ( -0.3750000000000001100, -1.500999999999999900, -0.04000000000000000100 ) ) ;
#10198 = AXIS2_PLACEMENT_3D ( 'NONE', #8259, #5834, #957 ) ;
#10199 = AXIS2_PLACEMENT_3D ( 'NONE', #5966, #9327, #263 ) ;
#10200 = PLANE ( 'NONE',  #10028 ) ;
#10201 = ORIENTED_EDGE ( 'NONE', *, *, #1830, .F. ) ;
#10202 = B_SPLINE_CURVE_WITH_KNOTS ( 'NONE', 3,
 ( #1784, #7519, #8392, #4185 ),
 .UNSPECIFIED., .F., .F.,
 ( 4, 4 ),
 ( 2.000000000000000000, 3.000000000000000000 ),
 .UNSPECIFIED. ) ;
#10203 = CARTESIAN_POINT ( 'NONE',  ( 0.5704143698997727900, 1.266802309981406100, 0.4700000000000000300 ) ) ;
#10204 = DIRECTION ( 'NONE',  ( 0.0000000000000000000, 0.0000000000000000000, 1.000000000000000000 ) ) ;
#10205 = CARTESIAN_POINT ( 'NONE',  ( 0.3733548648394733900, 1.111064585672230500, 0.4700000000000000300 ) ) ;
#10206 = ORIENTED_EDGE ( 'NONE', *, *, #4382, .T. ) ;
#10207 = SURFACE_SIDE_STYLE ('',( #3523 ) ) ;
#10208 = EDGE_CURVE ( 'NONE', #8311, #10347, #70, .T. ) ;
#10209 = DIRECTION ( 'NONE',  ( 0.0000000000000000000, 0.0000000000000000000, -1.000000000000000000 ) ) ;
#10210 = ADVANCED_FACE ( 'NONE', ( #1250 ), #4674, .T. ) ;
#10211 = PRESENTATION_LAYER_ASSIGNMENT (  '', '', ( #9656 ) ) ;
#10212 = VECTOR ( 'NONE', #5458, 1000.000000000000100 ) ;
#10213 = EDGE_LOOP ( 'NONE', ( #9688, #910, #5842, #498 ) ) ;
#10214 = DIRECTION ( 'NONE',  ( -3.846415562192292200E-014, 1.000000000000000000, 0.0000000000000000000 ) ) ;
#10215 = VERTEX_POINT ( 'NONE', #2225 ) ;
#10216 = DIRECTION ( 'NONE',  ( 1.000000000000000000, 0.0000000000000000000, 0.0000000000000000000 ) ) ;
#10217 = SURFACE_STYLE_USAGE ( .BOTH. , #8553 ) ;
#10218 = DIRECTION ( 'NONE',  ( -0.0000000000000000000, -0.0000000000000000000, -1.000000000000000000 ) ) ;
#10219 = CARTESIAN_POINT ( 'NONE',  ( 0.2606778549914534600, 1.110651957333468100, 0.4700000000000000300 ) ) ;
#10220 = CARTESIAN_POINT ( 'NONE',  ( 0.6561526439376044200, 1.342195402106187500, 0.4700000000000000300 ) ) ;
#10221 = B_SPLINE_SURFACE_WITH_KNOTS ( 'NONE', 3, 1, ( 
 ( #6839, #8306 ),
 ( #2589, #7509 ),
 ( #8380, #9280 ),
 ( #4371, #1817 ) ),
 .UNSPECIFIED., .F., .F., .F.,
 ( 4, 4 ),
 ( 2, 2 ),
 ( 8.000000000000000000, 9.000000000000000000 ),
 ( 0.0000000000000000000, 1.000000000000000000 ),
 .UNSPECIFIED. ) ;
#10222 = LINE ( 'NONE', #6367, #8041 ) ;
#10223 = ORIENTED_EDGE ( 'NONE', *, *, #4266, .T. ) ;
#10224 = EDGE_CURVE ( 'NONE', #7859, #8188, #7630, .T. ) ;
#10225 = LINE ( 'NONE', #2618, #8797 ) ;
#10226 = ORIENTED_EDGE ( 'NONE', *, *, #5055, .T. ) ;
#10227 = FILL_AREA_STYLE_COLOUR ( '', #3590 ) ;
#10228 = EDGE_LOOP ( 'NONE', ( #5309, #2196, #5685, #6935 ) ) ;
#10229 = CARTESIAN_POINT ( 'NONE',  ( 0.2606778549914534600, 1.110651957333468100, 0.4700000000000000300 ) ) ;
#10230 = EDGE_CURVE ( 'NONE', #6172, #3638, #3598, .T. ) ;
#10231 = CARTESIAN_POINT ( 'NONE',  ( 0.6489021745624981000, 1.174019880737444500, 0.4600000000000000200 ) ) ;
#10232 = CARTESIAN_POINT ( 'NONE',  ( 0.4481584879088261200, 1.082887964846950000, 0.4600000000000000200 ) ) ;
#10233 = EDGE_LOOP ( 'NONE', ( #776, #3300, #7441, #8048 ) ) ;
#10234 = PRESENTATION_STYLE_ASSIGNMENT (( #1150 ) ) ;
#10235 = EDGE_LOOP ( 'NONE', ( #2072, #7159, #300, #6712, #10358, #1195 ) ) ;
#10236 = ADVANCED_FACE ( 'NONE', ( #340 ), #832, .F. ) ;
#10237 = ORIENTED_EDGE ( 'NONE', *, *, #2553, .T. ) ;
#10238 = DIRECTION ( 'NONE',  ( -1.000000000000000000, -0.0000000000000000000, -0.0000000000000000000 ) ) ;
#10239 = CARTESIAN_POINT ( 'NONE',  ( 0.3065974943700323600, 1.241631981336715800, 0.4700000000000000300 ) ) ;
#10240 = CARTESIAN_POINT ( 'NONE',  ( -0.1363748714592320200, 1.338681939761879200, 0.4700000000000000300 ) ) ;
#10241 = CARTESIAN_POINT ( 'NONE',  ( 0.4311228322217993100, 1.068563866812215300, 0.4600000000000000200 ) ) ;
#10242 = LINE ( 'NONE', #5669, #10383 ) ;
#10243 = CARTESIAN_POINT ( 'NONE',  ( 0.6806156097171999200, 1.058719733595270100, 0.4700000000000000300 ) ) ;
#10244 = CARTESIAN_POINT ( 'NONE',  ( 0.6323086206657669800, 1.273168575775143600, 0.4700000000000000300 ) ) ;
#10245 = EDGE_CURVE ( 'NONE', #703, #7191, #4693, .T. ) ;
#10246 = ORIENTED_EDGE ( 'NONE', *, *, #1939, .F. ) ;
#10247 = VECTOR ( 'NONE', #797, 1000.000000000000000 ) ;
#10248 = ORIENTED_EDGE ( 'NONE', *, *, #8508, .T. ) ;
#10249 = B_SPLINE_SURFACE_WITH_KNOTS ( 'NONE', 3, 1, ( 
 ( #1674, #831 ),
 ( #4859, #89 ),
 ( #9863, #6492 ),
 ( #4142, #3287 ) ),
 .UNSPECIFIED., .F., .F., .F.,
 ( 4, 4 ),
 ( 2, 2 ),
 ( 2.000000000000000000, 3.000000000000000000 ),
 ( 0.0000000000000000000, 1.000000000000000000 ),
 .UNSPECIFIED. ) ;
#10250 = ADVANCED_FACE ( 'NONE', ( #7377 ), #5464, .F. ) ;
#10251 = CARTESIAN_POINT ( 'NONE',  ( 0.3729717099538177900, 1.071452265181171800, 0.4600000000000000200 ) ) ;
#10252 = FACE_OUTER_BOUND ( 'NONE', #4244, .T. ) ;
#10253 = CARTESIAN_POINT ( 'NONE',  ( 0.3630686298310509300, 1.070862796126138300, 0.4700000000000000300 ) ) ;
#10254 = CARTESIAN_POINT ( 'NONE',  ( 0.4305038897140512900, 1.142954861543203500, 0.4600000000000000200 ) ) ;
#10255 = FACE_OUTER_BOUND ( 'NONE', #3132, .T. ) ;
#10256 = DIRECTION ( 'NONE',  ( 0.0000000000000000000, 0.0000000000000000000, -1.000000000000000000 ) ) ;
#10257 =( NAMED_UNIT ( * ) PLANE_ANGLE_UNIT ( ) SI_UNIT ( $, .RADIAN. ) );
#10258 = ORIENTED_EDGE ( 'NONE', *, *, #8084, .F. ) ;
#10259 = B_SPLINE_SURFACE_WITH_KNOTS ( 'NONE', 3, 1, ( 
 ( #3924, #9540 ),
 ( #10349, #2241 ),
 ( #4719, #1380 ),
 ( #6316, #8011 ) ),
 .UNSPECIFIED., .F., .F., .F.,
 ( 4, 4 ),
 ( 2, 2 ),
 ( 2.000000000000000000, 3.000000000000000000 ),
 ( 0.0000000000000000000, 1.000000000000000000 ),
 .UNSPECIFIED. ) ;
#10260 = EDGE_CURVE ( 'NONE', #4636, #7425, #9421, .T. ) ;
#10261 = CARTESIAN_POINT ( 'NONE',  ( 0.4115524595983660100, 1.105818311083129900, 0.4600000000000000200 ) ) ;
#10262 = ORIENTED_EDGE ( 'NONE', *, *, #2878, .T. ) ;
#10263 = SURFACE_STYLE_FILL_AREA ( #8101 ) ;
#10264 = ADVANCED_FACE ( 'NONE', ( #2379 ), #9109, .T. ) ;
#10265 = CARTESIAN_POINT ( 'NONE',  ( 0.4223397433032848900, 1.123443435824797300, 0.4700000000000000300 ) ) ;
#10266 = CARTESIAN_POINT ( 'NONE',  ( 0.5983846765552801600, 1.282894815181238700, 0.4700000000000000300 ) ) ;
#10267 = ORIENTED_EDGE ( 'NONE', *, *, #370, .T. ) ;
#10268 = VECTOR ( 'NONE', #8747, 1000.000000000000000 ) ;
#10269 = EDGE_CURVE ( 'NONE', #6830, #9381, #3161, .T. ) ;
#10270 = CARTESIAN_POINT ( 'NONE',  ( 0.3703190992065542600, 1.358877376360267700, 0.4700000000000000300 ) ) ;
#10271 = VERTEX_POINT ( 'NONE', #772 ) ;
#10272 = CARTESIAN_POINT ( 'NONE',  ( 0.3239868314899992900, 1.067561769418422100, 0.4700000000000000300 ) ) ;
#10273 = DIRECTION ( 'NONE',  ( -1.000000000000000000, -0.0000000000000000000, -0.0000000000000000000 ) ) ;
#10274 = CARTESIAN_POINT ( 'NONE',  ( 0.1005392912368313900, 1.138657512868168400, 0.4700000000000000300 ) ) ;
#10275 = UNCERTAINTY_MEASURE_WITH_UNIT (LENGTH_MEASURE( 1.000000000000000100E-005 ), #2212, 'distance_accuracy_value', 'NONE');
#10276 = EDGE_CURVE ( 'NONE', #3145, #9765, #5949, .T. ) ;
#10277 = ORIENTED_EDGE ( 'NONE', *, *, #4699, .F. ) ;
#10278 = DIRECTION ( 'NONE',  ( -0.0000000000000000000, -0.0000000000000000000, -1.000000000000000000 ) ) ;
#10279 = ORIENTED_EDGE ( 'NONE', *, *, #5674, .T. ) ;
#10280 = B_SPLINE_CURVE_WITH_KNOTS ( 'NONE', 3,
 ( #3750, #10359, #4520, #7026 ),
 .UNSPECIFIED., .F., .F.,
 ( 4, 4 ),
 ( 5.000000000000000000, 6.000000000000000000 ),
 .UNSPECIFIED. ) ;
#10281 = FACE_OUTER_BOUND ( 'NONE', #9047, .T. ) ;
#10282 = CARTESIAN_POINT ( 'NONE',  ( 0.4444448328627393900, 1.087544770380222300, 0.4600000000000000200 ) ) ;
#10284 = MECHANICAL_DESIGN_GEOMETRIC_PRESENTATION_REPRESENTATION (  '', ( #6988 ), #1514 ) ;
#10283 = CARTESIAN_POINT ( 'NONE',  ( -0.1945787046334087300, 1.117343431132259900, 0.4700000000000000300 ) ) ;
#10285 = DIRECTION ( 'NONE',  ( -0.0000000000000000000, -0.0000000000000000000, -1.000000000000000000 ) ) ;
#10286 = CARTESIAN_POINT ( 'NONE',  ( -0.1937589292518336100, 1.004214897581257300, 0.4700000000000000300 ) ) ;
#10287 = VERTEX_POINT ( 'NONE', #4247 ) ;
#10288 = LINE ( 'NONE', #1241, #1058 ) ;
#10289 = VECTOR ( 'NONE', #1298, 1000.000000000000000 ) ;
#10290 = PLANE ( 'NONE',  #7439 ) ;
#10291 = ORIENTED_EDGE ( 'NONE', *, *, #2833, .T. ) ;
#10292 = CARTESIAN_POINT ( 'NONE',  ( 0.04643433496975097500, 1.058319853848341400, 0.4700000000000000300 ) ) ;
#10293 = EDGE_CURVE ( 'NONE', #3915, #9719, #208, .T. ) ;
#10294 = FILL_AREA_STYLE_COLOUR ( '', #3470 ) ;
#10295 = CARTESIAN_POINT ( 'NONE',  ( 0.8005430889399329800, 1.159283154363951900, 0.4700000000000000300 ) ) ;
#10296 = VERTEX_POINT ( 'NONE', #3413 ) ;
#10297 = CARTESIAN_POINT ( 'NONE',  ( 0.4827308479797703900, 1.241631981336718300, 0.4600000000000000200 ) ) ;
#10298 = CARTESIAN_POINT ( 'NONE',  ( 0.4530216076118750400, 1.141775923433133100, 0.4600000000000000200 ) ) ;
#10299 = ORIENTED_EDGE ( 'NONE', *, *, #9972, .F. ) ;
#10300 = CARTESIAN_POINT ( 'NONE',  ( -0.2322882158169462300, 1.321466719296756000, 0.4700000000000000300 ) ) ;
#10301 = B_SPLINE_SURFACE_WITH_KNOTS ( 'NONE', 3, 1, ( 
 ( #9233, #5905 ),
 ( #10066, #6738 ),
 ( #276, #1102 ),
 ( #4392, #6821 ) ),
 .UNSPECIFIED., .F., .F., .F.,
 ( 4, 4 ),
 ( 2, 2 ),
 ( 17.00000000000000000, 18.00000000000000000 ),
 ( 0.0000000000000000000, 1.000000000000000000 ),
 .UNSPECIFIED. ) ;
#10302 = VECTOR ( 'NONE', #724, 1000.000000000000000 ) ;
#10303 = EDGE_CURVE ( 'NONE', #9497, #9827, #6340, .T. ) ;
#10304 = ORIENTED_EDGE ( 'NONE', *, *, #6490, .T. ) ;
#10305 = PRESENTATION_STYLE_ASSIGNMENT (( #6181 ) ) ;
#10306 = CARTESIAN_POINT ( 'NONE',  ( 0.0000000000000000000, 0.0000000000000000000, -0.02000000000000000000 ) ) ;
#10307 = CARTESIAN_POINT ( 'NONE',  ( 0.3749999999999998900, -1.500000000000000000, -0.0000000000000000000 ) ) ;
#10308 = VERTEX_POINT ( 'NONE', #968 ) ;
#10309 = CARTESIAN_POINT ( 'NONE',  ( 0.5700901619191470800, 1.332822844132638900, 0.4700000000000000300 ) ) ;
#10310 = LINE ( 'NONE', #7898, #7231 ) ;
#10311 = B_SPLINE_CURVE_WITH_KNOTS ( 'NONE', 3,
 ( #6173, #10316, #8709, #2930 ),
 .UNSPECIFIED., .F., .F.,
 ( 4, 4 ),
 ( 5.000000000000000000, 6.000000000000000000 ),
 .UNSPECIFIED. ) ;
#10312 = CARTESIAN_POINT ( 'NONE',  ( -0.1363748714592320200, 1.338681939761879200, 0.4700000000000000300 ) ) ;
#10313 = EDGE_CURVE ( 'NONE', #9113, #4485, #739, .T. ) ;
#10314 = ORIENTED_EDGE ( 'NONE', *, *, #7033, .T. ) ;
#10315 = SURFACE_STYLE_FILL_AREA ( #487 ) ;
#10316 = CARTESIAN_POINT ( 'NONE',  ( -0.2740965960896243300, 1.321466719296756000, 0.4700000000000000300 ) ) ;
#10317 = DIRECTION ( 'NONE',  ( 0.0000000000000000000, -1.000000000000000000, 0.0000000000000000000 ) ) ;
#10318 = ORIENTED_EDGE ( 'NONE', *, *, #6873, .T. ) ;
#10319 = CARTESIAN_POINT ( 'NONE',  ( -0.2265498194193134900, 1.085372300710434800, 0.4600000000000000200 ) ) ;
#10320 = DIRECTION ( 'NONE',  ( -0.0000000000000000000, -0.0000000000000000000, -1.000000000000000000 ) ) ;
#10321 = DIRECTION ( 'NONE',  ( -0.0000000000000000000, -0.0000000000000000000, -1.000000000000000000 ) ) ;
#10322 = LINE ( 'NONE', #4595, #7614 ) ;
#10323 = CARTESIAN_POINT ( 'NONE',  ( -0.6250000000000001100, -1.500000000000000000, 0.1000000000000000100 ) ) ;
#10324 = CARTESIAN_POINT ( 'NONE',  ( -0.2716373012175112300, 1.059959404611489300, 0.4700000000000000300 ) ) ;
#10325 = ADVANCED_FACE ( 'NONE', ( #3027 ), #9071, .F. ) ;
#10326 = ORIENTED_EDGE ( 'NONE', *, *, #9131, .F. ) ;
#10327 = SURFACE_STYLE_FILL_AREA ( #4779 ) ;
#10328 = ORIENTED_EDGE ( 'NONE', *, *, #3129, .F. ) ;
#10329 = LINE ( 'NONE', #2203, #2243 ) ;
#10330 = DIRECTION ( 'NONE',  ( -1.000000000000000000, 0.0000000000000000000, 0.0000000000000000000 ) ) ;
#10331 = EDGE_CURVE ( 'NONE', #7505, #9113, #3550, .T. ) ;
#10332 = DIRECTION ( 'NONE',  ( 0.0000000000000000000, 1.000000000000000000, 0.0000000000000000000 ) ) ;
#10333 = DIRECTION ( 'NONE',  ( -1.000000000000000000, 0.0000000000000000000, 0.0000000000000000000 ) ) ;
#10334 = DIRECTION ( 'NONE',  ( -6.463944363198580000E-014, 1.000000000000000000, -0.0000000000000000000 ) ) ;
#10335 = AXIS2_PLACEMENT_3D ( 'NONE', #10172, #2940, #1358 ) ;
#10336 = DIRECTION ( 'NONE',  ( -1.000000000000000000, -0.0000000000000000000, -0.0000000000000000000 ) ) ;
#10337 = CARTESIAN_POINT ( 'NONE',  ( -0.2716373012175112300, 1.059959404611489300, 0.4600000000000000200 ) ) ;
#10338 = VECTOR ( 'NONE', #4662, 1000.000000000000000 ) ;
#10339 = ORIENTED_EDGE ( 'NONE', *, *, #114, .F. ) ;
#10340 = EDGE_CURVE ( 'NONE', #9776, #10630, #2619, .T. ) ;
#10341 = EDGE_LOOP ( 'NONE', ( #9989, #7741, #1506, #3250 ) ) ;
#10342 = EDGE_CURVE ( 'NONE', #8004, #5968, #1920, .T. ) ;
#10343 = LINE ( 'NONE', #9065, #3562 ) ;
#10344 = CARTESIAN_POINT ( 'NONE',  ( 0.3457971865219357000, 1.257017123669881700, 0.4600000000000000200 ) ) ;
#10345 = CARTESIAN_POINT ( 'NONE',  ( 0.7427751215583920900, 1.134938082395997400, 0.4700000000000000300 ) ) ;
#10346 = LINE ( 'NONE', #2678, #1736 ) ;
#10347 = VERTEX_POINT ( 'NONE', #258 ) ;
#10348 = LINE ( 'NONE', #924, #8144 ) ;
#10349 = CARTESIAN_POINT ( 'NONE',  ( 0.7138027175090877500, 1.168950446864623700, 0.4700000000000000300 ) ) ;
#10350 = MECHANICAL_DESIGN_GEOMETRIC_PRESENTATION_REPRESENTATION (  '', ( #8528 ), #8677 ) ;
#10351 = ORIENTED_EDGE ( 'NONE', *, *, #10331, .F. ) ;
#10352 = ADVANCED_FACE ( 'NONE', ( #467 ), #3715, .F. ) ;
#10353 = B_SPLINE_SURFACE_WITH_KNOTS ( 'NONE', 3, 1, ( 
 ( #2946, #8665 ),
 ( #7788, #9491 ),
 ( #7751, #1370 ),
 ( #2984, #9344 ) ),
 .UNSPECIFIED., .F., .F., .F.,
 ( 4, 4 ),
 ( 2, 2 ),
 ( 8.000000000000000000, 9.000000000000000000 ),
 ( 0.0000000000000000000, 1.000000000000000000 ),
 .UNSPECIFIED. ) ;
#10354 = B_SPLINE_CURVE_WITH_KNOTS ( 'NONE', 3,
 ( #8278, #9952, #5045, #1785 ),
 .UNSPECIFIED., .F., .F.,
 ( 4, 4 ),
 ( 4.000000000000000000, 5.000000000000000000 ),
 .UNSPECIFIED. ) ;
#10355 = CARTESIAN_POINT ( 'NONE',  ( 0.7930863053950505400, 1.174019880737444500, 0.4700000000000000300 ) ) ;
#10356 = VECTOR ( 'NONE', #4675, 1000.000000000000000 ) ;
#10357 = PLANE ( 'NONE',  #10406 ) ;
#10358 = ORIENTED_EDGE ( 'NONE', *, *, #7699, .F. ) ;
#10359 = CARTESIAN_POINT ( 'NONE',  ( 0.4931939237048564900, 1.036143068791630000, 0.4700000000000000300 ) ) ;
#10360 = CARTESIAN_POINT ( 'NONE',  ( 0.3514855629021116400, 1.068622813717637500, 0.4700000000000000300 ) ) ;
#10361 = CARTESIAN_POINT ( 'NONE',  ( 0.6561526439376044200, 1.342195402106187500, 0.4700000000000000300 ) ) ;
#10362 = FILL_AREA_STYLE ('',( #2862 ) ) ;
#10363 = EDGE_CURVE ( 'NONE', #2938, #2846, #10587, .T. ) ;
#10364 = DIRECTION ( 'NONE',  ( 0.0000000000000000000, -1.000000000000000000, 0.0000000000000000000 ) ) ;
#10365 = ORIENTED_EDGE ( 'NONE', *, *, #2505, .T. ) ;
#10366 = VECTOR ( 'NONE', #6584, 1000.000000000000000 ) ;
#10367 = CARTESIAN_POINT ( 'NONE',  ( -0.2093345989541941200, 1.333763303109905400, 0.4600000000000000200 ) ) ;
#10368 = CARTESIAN_POINT ( 'NONE',  ( 0.3580286694117305000, 1.142954861543203500, 0.4600000000000000200 ) ) ;
#10369 = EDGE_LOOP ( 'NONE', ( #2872, #9092, #4127, #266 ) ) ;
#10370 = FACE_OUTER_BOUND ( 'NONE', #6016, .T. ) ;
#10371 = ORIENTED_EDGE ( 'NONE', *, *, #8566, .T. ) ;
#10372 = DIRECTION ( 'NONE',  ( 0.0000000000000000000, 0.0000000000000000000, -1.000000000000000000 ) ) ;
#10373 = DIRECTION ( 'NONE',  ( -0.0000000000000000000, -0.0000000000000000000, -1.000000000000000000 ) ) ;
#10374 = CARTESIAN_POINT ( 'NONE',  ( 0.4768361574306017600, 1.293564205074917700, 0.4600000000000000200 ) ) ;
#10375 = CARTESIAN_POINT ( 'NONE',  ( -0.01504858409442596600, 1.059139613593608600, 0.4700000000000000300 ) ) ;
#10376 = VERTEX_POINT ( 'NONE', #2747 ) ;
#10377 = LINE ( 'NONE', #10229, #374 ) ;
#10378 = ORIENTED_EDGE ( 'NONE', *, *, #7638, .T. ) ;
#10379 = ORIENTED_EDGE ( 'NONE', *, *, #2023, .F. ) ;
#10380 = CARTESIAN_POINT ( 'NONE',  ( 0.0000000000000000000, 0.0000000000000000000, 0.4600000000000000200 ) ) ;
#10381 = CARTESIAN_POINT ( 'NONE',  ( 0.3473003326122348600, 1.142954861543203500, 0.4600000000000000200 ) ) ;
#10382 = CARTESIAN_POINT ( 'NONE',  ( 0.4254934027470531600, 1.112479311403996400, 0.4700000000000000300 ) ) ;
#10383 = VECTOR ( 'NONE', #10600, 1000.000000000000000 ) ;
#10384 = EDGE_LOOP ( 'NONE', ( #8704, #8725, #7344, #6248 ) ) ;
#10385 = ORIENTED_EDGE ( 'NONE', *, *, #3257, .T. ) ;
#10386 = CARTESIAN_POINT ( 'NONE',  ( -0.2117939250981358500, 1.117343431132259900, 0.4600000000000000200 ) ) ;
#10387 = CARTESIAN_POINT ( 'NONE',  ( 0.02594002861502355700, 1.345240115449673100, 0.4700000000000000300 ) ) ;
#10388 = CARTESIAN_POINT ( 'NONE',  ( 1.000000000000000000, -1.500000000000000000, 0.4600000000000000200 ) ) ;
#10389 = DIRECTION ( 'NONE',  ( 0.0000000000000000000, -1.000000000000000000, 0.0000000000000000000 ) ) ;
#10390 = EDGE_CURVE ( 'NONE', #6675, #3197, #6466, .T. ) ;
#10391 = CARTESIAN_POINT ( 'NONE',  ( -0.3716495146639740000, 1.188663623501164700, 0.4600000000000000200 ) ) ;
#10392 = ORIENTED_EDGE ( 'NONE', *, *, #3692, .T. ) ;
#10393 = ORIENTED_EDGE ( 'NONE', *, *, #3732, .F. ) ;
#10394 = ORIENTED_EDGE ( 'NONE', *, *, #1302, .F. ) ;
#10395 = CARTESIAN_POINT ( 'NONE',  ( 0.4613625947389139400, 1.091081584710429200, 0.4600000000000000200 ) ) ;
#10396 = CARTESIAN_POINT ( 'NONE',  ( 0.6646115248754968000, 1.356932128478893600, 0.4700000000000000300 ) ) ;
#10397 = CARTESIAN_POINT ( 'NONE',  ( 0.4115524595983660100, 1.105818311083129900, 0.4700000000000000300 ) ) ;
#10398 = PLANE ( 'NONE',  #1927 ) ;
#10399 = CARTESIAN_POINT ( 'NONE',  ( -0.6250000000000001100, -1.500000000000000000, 0.0000000000000000000 ) ) ;
#10400 = CARTESIAN_POINT ( 'NONE',  ( 0.7271247181492411800, 1.117430851465182700, 0.4700000000000000300 ) ) ;
#10401 = CARTESIAN_POINT ( 'NONE',  ( -0.001932209264175819900, 1.058319853848341400, 0.4700000000000000300 ) ) ;
#10402 = ORIENTED_EDGE ( 'NONE', *, *, #3257, .F. ) ;
#10403 = EDGE_CURVE ( 'NONE', #7569, #6294, #8642, .T. ) ;
#10404 = ORIENTED_EDGE ( 'NONE', *, *, #10034, .F. ) ;
#10405 = FACE_OUTER_BOUND ( 'NONE', #8579, .T. ) ;
#10406 = AXIS2_PLACEMENT_3D ( 'NONE', #7059, #7811, #7955 ) ;
#10407 = ORIENTED_EDGE ( 'NONE', *, *, #2161, .F. ) ;
#10408 = CARTESIAN_POINT ( 'NONE',  ( -0.1773634841682873200, 1.117343431132259900, 0.4700000000000000300 ) ) ;
#10409 = DIRECTION ( 'NONE',  ( 0.0000000000000000000, -0.0000000000000000000, -1.000000000000000000 ) ) ;
#10410 = EDGE_LOOP ( 'NONE', ( #5050, #7080, #8162, #7409, #2206, #6047 ) ) ;
#10411 = CARTESIAN_POINT ( 'NONE',  ( 0.6212266024333380500, 1.110651957333468100, 0.4600000000000000200 ) ) ;
#10412 = VECTOR ( 'NONE', #1696, 1000.000000000000000 ) ;
#10413 = CARTESIAN_POINT ( 'NONE',  ( 0.3216289552702570300, 1.073397513062549000, 0.4700000000000000300 ) ) ;
#10414 = ORIENTED_EDGE ( 'NONE', *, *, #5972, .T. ) ;
#10415 = B_SPLINE_SURFACE_WITH_KNOTS ( 'NONE', 3, 1, ( 
 ( #14, #2486 ),
 ( #8199, #3326 ),
 ( #9030, #4171 ),
 ( #2514, #52 ) ),
 .UNSPECIFIED., .F., .F., .F.,
 ( 4, 4 ),
 ( 2, 2 ),
 ( 2.000000000000000000, 3.000000000000000000 ),
 ( 0.0000000000000000000, 1.000000000000000000 ),
 .UNSPECIFIED. ) ;
#10416 = FILL_AREA_STYLE ('',( #1300 ) ) ;
#10417 = ORIENTED_EDGE ( 'NONE', *, *, #2232, .F. ) ;
#10418 = EDGE_CURVE ( 'NONE', #4563, #9125, #6729, .T. ) ;
#10419 = ORIENTED_EDGE ( 'NONE', *, *, #3129, .T. ) ;
#10420 = EDGE_CURVE ( 'NONE', #7842, #9016, #10311, .T. ) ;
#10421 = ORIENTED_EDGE ( 'NONE', *, *, #6329, .T. ) ;
#10422 = CARTESIAN_POINT ( 'NONE',  ( 0.3733548648394733900, 1.124504480124015200, 0.4600000000000000200 ) ) ;
#10423 = AXIS2_PLACEMENT_3D ( 'NONE', #5130, #3592, #1064 ) ;
#10424 =( GEOMETRIC_REPRESENTATION_CONTEXT ( 3 ) GLOBAL_UNCERTAINTY_ASSIGNED_CONTEXT ( ( #9001 ) ) GLOBAL_UNIT_ASSIGNED_CONTEXT ( ( #8802, #6442, #8031 ) ) REPRESENTATION_CONTEXT ( 'NONE', 'WORKASPACE' ) );
#10425 = FACE_OUTER_BOUND ( 'NONE', #2418, .T. ) ;
#10426 = CARTESIAN_POINT ( 'NONE',  ( 0.3703190992065542600, 1.358877376360267700, 0.4700000000000000300 ) ) ;
#10427 = CARTESIAN_POINT ( 'NONE',  ( 0.2606778549914503000, 1.254777141261381100, 0.4700000000000000300 ) ) ;
#10428 = CARTESIAN_POINT ( 'NONE',  ( 0.3051827686378725300, 1.174019880737442200, 0.4600000000000000200 ) ) ;
#10429 = SURFACE_SIDE_STYLE ('',( #6486 ) ) ;
#10430 = PLANE ( 'NONE',  #9608 ) ;
#10431 = VERTEX_POINT ( 'NONE', #2174 ) ;
#10432 = LINE ( 'NONE', #961, #5538 ) ;
#10433 = ORIENTED_EDGE ( 'NONE', *, *, #9206, .F. ) ;
#10434 = EDGE_LOOP ( 'NONE', ( #8323, #9679, #4218, #2495 ) ) ;
#10435 = B_SPLINE_SURFACE_WITH_KNOTS ( 'NONE', 3, 1, ( 
 ( #9472, #2932 ),
 ( #9613, #5529 ),
 ( #2110, #10422 ),
 ( #3005, #5379 ) ),
 .UNSPECIFIED., .F., .F., .F.,
 ( 4, 4 ),
 ( 2, 2 ),
 ( 11.00000000000000000, 12.00000000000000000 ),
 ( 0.0000000000000000000, 1.000000000000000000 ),
 .UNSPECIFIED. ) ;
#10436 = LINE ( 'NONE', #430, #1081 ) ;
#10437 = DIRECTION ( 'NONE',  ( 0.0000000000000000000, 0.0000000000000000000, -1.000000000000000000 ) ) ;
#10438 = DIRECTION ( 'NONE',  ( 1.000000000000000000, 0.0000000000000000000, 0.0000000000000000000 ) ) ;
#10439 = CARTESIAN_POINT ( 'NONE',  ( 0.7766990656680904400, 1.090256328032908100, 0.4700000000000000300 ) ) ;
#10440 = EDGE_CURVE ( 'NONE', #5722, #1251, #9023, .T. ) ;
#10441 = ORIENTED_EDGE ( 'NONE', *, *, #7754, .F. ) ;
#10442 = VECTOR ( 'NONE', #3012, 1000.000000000000000 ) ;
#10443 = PLANE ( 'NONE',  #3420 ) ;
#10444 = CARTESIAN_POINT ( 'NONE',  ( -1.000000000000000000, -1.500000000000000000, 0.4600000000000000200 ) ) ;
#10445 = VERTEX_POINT ( 'NONE', #9437 ) ;
#10446 = EDGE_CURVE ( 'NONE', #424, #4224, #6167, .T. ) ;
#10447 =( NAMED_UNIT ( * ) SI_UNIT ( $, .STERADIAN. ) SOLID_ANGLE_UNIT ( ) );
#10448 = VERTEX_POINT ( 'NONE', #7881 ) ;
#10449 = CARTESIAN_POINT ( 'NONE',  ( 0.4734761838178589400, 1.021111607891017800, 0.4700000000000000300 ) ) ;
#10450 = LINE ( 'NONE', #3060, #3810 ) ;
#10451 = DIRECTION ( 'NONE',  ( -0.0000000000000000000, -0.0000000000000000000, -1.000000000000000000 ) ) ;
#10452 = DIRECTION ( 'NONE',  ( -1.000000000000000000, 0.0000000000000000000, 0.0000000000000000000 ) ) ;
#10453 = EDGE_LOOP ( 'NONE', ( #2572, #3483, #5145, #1401, #9360, #7707, #10647, #1242 ) ) ;
#10454 = DIRECTION ( 'NONE',  ( -0.0000000000000000000, -0.0000000000000000000, -1.000000000000000000 ) ) ;
#10455 = EDGE_CURVE ( 'NONE', #3507, #6432, #8373, .T. ) ;
#10456 = ADVANCED_FACE ( 'NONE', ( #2127 ), #5413, .F. ) ;
#10457 = AXIS2_PLACEMENT_3D ( 'NONE', #4212, #5003, #102 ) ;
#10458 = ORIENTED_EDGE ( 'NONE', *, *, #5090, .T. ) ;
#10459 = CARTESIAN_POINT ( 'NONE',  ( 0.3813421705335660100, 1.358877376360267700, 0.4700000000000000300 ) ) ;
#10460 = CARTESIAN_POINT ( 'NONE',  ( 0.5103179997500182400, 1.072395415668760100, 0.4700000000000000300 ) ) ;
#10461 = ORIENTED_EDGE ( 'NONE', *, *, #9994, .F. ) ;
#10462 = DIRECTION ( 'NONE',  ( -0.0000000000000000000, -0.0000000000000000000, -1.000000000000000000 ) ) ;
#10463 = AXIS2_PLACEMENT_3D ( 'NONE', #6227, #8657, #4603 ) ;
#10464 = EDGE_CURVE ( 'NONE', #6581, #7770, #4078, .T. ) ;
#10465 = ORIENTED_EDGE ( 'NONE', *, *, #1882, .F. ) ;
#10466 =( NAMED_UNIT ( * ) SI_UNIT ( $, .STERADIAN. ) SOLID_ANGLE_UNIT ( ) );
#10467 = UNCERTAINTY_MEASURE_WITH_UNIT (LENGTH_MEASURE( 1.000000000000000100E-005 ), #1383, 'distance_accuracy_value', 'NONE');
#10468 = EDGE_LOOP ( 'NONE', ( #4397, #3433, #3900, #6205, #713, #4593 ) ) ;
#10469 = STYLED_ITEM ( 'NONE', ( #9264 ), #2540 ) ;
#10470 = DIRECTION ( 'NONE',  ( -0.0000000000000000000, 1.000000000000000000, -0.0000000000000000000 ) ) ;
#10471 = CARTESIAN_POINT ( 'NONE',  ( 0.3749999999999998900, 1.500000000000000000, 0.09999999999999999200 ) ) ;
#10472 = CARTESIAN_POINT ( 'NONE',  ( 0.5368146337683330500, 1.343669074743377000, 0.4700000000000000300 ) ) ;
#10473 = FACE_OUTER_BOUND ( 'NONE', #4885, .T. ) ;
#10474 = VECTOR ( 'NONE', #3461, 1000.000000000000100 ) ;
#10475 = ORIENTED_EDGE ( 'NONE', *, *, #4723, .F. ) ;
#10476 = VECTOR ( 'NONE', #1286, 1000.000000000000000 ) ;
#10477 = EDGE_LOOP ( 'NONE', ( #3675, #8457, #1359, #2665 ) ) ;
#10478 = CARTESIAN_POINT ( 'NONE',  ( 0.3976409899023887800, 1.260671831810934500, 0.4600000000000000200 ) ) ;
#10479 = DIRECTION ( 'NONE',  ( 0.0000000000000000000, 1.000000000000000000, 0.0000000000000000000 ) ) ;
#10480 = CARTESIAN_POINT ( 'NONE',  ( 0.02594002861502355700, 1.345240115449673100, 0.4600000000000000200 ) ) ;
#10481 = DIRECTION ( 'NONE',  ( -1.000000000000000000, 0.0000000000000000000, 0.0000000000000000000 ) ) ;
#10482 = B_SPLINE_SURFACE_WITH_KNOTS ( 'NONE', 3, 1, ( 
 ( #8533, #3678 ),
 ( #7691, #1266 ),
 ( #4486, #2077 ),
 ( #9289, #5253 ) ),
 .UNSPECIFIED., .F., .F., .F.,
 ( 4, 4 ),
 ( 2, 2 ),
 ( 3.000000000000000000, 4.000000000000000000 ),
 ( 0.0000000000000000000, 1.000000000000000000 ),
 .UNSPECIFIED. ) ;
#10483 = FACE_OUTER_BOUND ( 'NONE', #106, .T. ) ;
#10484 = AXIS2_PLACEMENT_3D ( 'NONE', #7616, #6028, #8527 ) ;
#10485 = ORIENTED_EDGE ( 'NONE', *, *, #6873, .F. ) ;
#10486 = ORIENTED_EDGE ( 'NONE', *, *, #8791, .T. ) ;
#10487 = EDGE_CURVE ( 'NONE', #4767, #5514, #8134, .T. ) ;
#10488 = ORIENTED_EDGE ( 'NONE', *, *, #4744, .F. ) ;
#10489 = CARTESIAN_POINT ( 'NONE',  ( 0.3477424344033106000, 1.056774485713890800, 0.4700000000000000300 ) ) ;
#10490 = CARTESIAN_POINT ( 'NONE',  ( 0.3051827686378725300, 1.160756827001924200, 0.4600000000000000200 ) ) ;
#10491 = CARTESIAN_POINT ( 'NONE',  ( 0.6542663429616545300, 1.334119676053556500, 0.4700000000000000300 ) ) ;
#10492 = CARTESIAN_POINT ( 'NONE',  ( 0.5809953394353111200, 1.341664879956576200, 0.4700000000000000300 ) ) ;
#10493 = CARTESIAN_POINT ( 'NONE',  ( 0.4254934027470531600, 1.112479311403996400, 0.4700000000000000300 ) ) ;
#10494 = CARTESIAN_POINT ( 'NONE',  ( 0.2457937613547887000, 1.241631981336715800, 0.4700000000000000300 ) ) ;
#10495 = ORIENTED_EDGE ( 'NONE', *, *, #5486, .F. ) ;
#10496 = EDGE_CURVE ( 'NONE', #7795, #6479, #7494, .T. ) ;
#10497 = SURFACE_STYLE_FILL_AREA ( #9093 ) ;
#10498 = CARTESIAN_POINT ( 'NONE',  ( 0.3359825267576996800, 1.244933008044435000, 0.4600000000000000200 ) ) ;
#10499 = ORIENTED_EDGE ( 'NONE', *, *, #566, .F. ) ;
#10500 = ORIENTED_EDGE ( 'NONE', *, *, #6397, .F. ) ;
#10501 = SURFACE_SIDE_STYLE ('',( #2256 ) ) ;
#10502 = DIRECTION ( 'NONE',  ( 0.0000000000000000000, 0.0000000000000000000, -1.000000000000000000 ) ) ;
#10503 = AXIS2_PLACEMENT_3D ( 'NONE', #2140, #10317, #4728 ) ;
#10504 = DIRECTION ( 'NONE',  ( 1.000000000000000000, 0.0000000000000000000, -0.0000000000000000000 ) ) ;
#10505 = ADVANCED_FACE ( 'NONE', ( #3944 ), #5375, .F. ) ;
#10506 = DIRECTION ( 'NONE',  ( -1.000000000000000000, -0.0000000000000000000, -0.0000000000000000000 ) ) ;
#10507 = CARTESIAN_POINT ( 'NONE',  ( -0.3750000000000001100, -1.500999999999999900, -0.04000000000000000100 ) ) ;
#10508 = ORIENTED_EDGE ( 'NONE', *, *, #4381, .F. ) ;
#10509 = LINE ( 'NONE', #7703, #10637 ) ;
#10510 = EDGE_CURVE ( 'NONE', #423, #7090, #8488, .T. ) ;
#10511 = CARTESIAN_POINT ( 'NONE',  ( 0.06119026056236685100, 1.305071274212819700, 0.4700000000000000300 ) ) ;
#10512 = PLANE ( 'NONE',  #4954 ) ;
#10513 = ORIENTED_EDGE ( 'NONE', *, *, #6771, .T. ) ;
#10514 =( LENGTH_UNIT ( ) NAMED_UNIT ( * ) SI_UNIT ( .MILLI., .METRE. ) );
#10515 = CARTESIAN_POINT ( 'NONE',  ( 0.5799932420423104000, 1.110651957333468100, 0.4700000000000000300 ) ) ;
#10516 = CARTESIAN_POINT ( 'NONE',  ( -0.3750000000000001100, -1.500999999999999900, 0.1000000000000000100 ) ) ;
#10517 = AXIS2_PLACEMENT_3D ( 'NONE', #3353, #9052, #6621 ) ;
#10518 = VECTOR ( 'NONE', #9231, 1000.000000000000000 ) ;
#10519 = COLOUR_RGB ( '',0.6666666666666666300, 0.6666666666666666300, 0.6666666666666666300 ) ;
#10520 = CARTESIAN_POINT ( 'NONE',  ( -0.2322882158169462300, 1.321466719296756000, 0.4600000000000000200 ) ) ;
#10521 = ORIENTED_EDGE ( 'NONE', *, *, #7818, .T. ) ;
#10522 = VECTOR ( 'NONE', #7917, 1000.000000000000000 ) ;
#10523 = CARTESIAN_POINT ( 'NONE',  ( 0.6542663429616545300, 1.334119676053556500, 0.4600000000000000200 ) ) ;
#10524 = VERTEX_POINT ( 'NONE', #8681 ) ;
#10525 = AXIS2_PLACEMENT_3D ( 'NONE', #5235, #6053, #6085 ) ;
#10526 = CARTESIAN_POINT ( 'NONE',  ( 0.4536994970250442000, 1.063317592223118800, 0.4700000000000000300 ) ) ;
#10527 = DIRECTION ( 'NONE',  ( 0.0000000000000000000, -1.000000000000000000, 0.0000000000000000000 ) ) ;
#10528 = DIRECTION ( 'NONE',  ( -0.8863488427958596800, -0.4630180653866979300, 0.0000000000000000000 ) ) ;
#10529 = DIRECTION ( 'NONE',  ( -0.0000000000000000000, -0.0000000000000000000, -1.000000000000000000 ) ) ;
#10530 = ORIENTED_EDGE ( 'NONE', *, *, #6017, .T. ) ;
#10531 = ORIENTED_EDGE ( 'NONE', *, *, #2254, .T. ) ;
#10532 = VECTOR ( 'NONE', #1297, 1000.000000000000000 ) ;
#10533 = ORIENTED_EDGE ( 'NONE', *, *, #3442, .F. ) ;
#10534 = LINE ( 'NONE', #2043, #553 ) ;
#10535 = DIRECTION ( 'NONE',  ( 0.0000000000000000000, -1.000000000000000000, 0.0000000000000000000 ) ) ;
#10536 = AXIS2_PLACEMENT_3D ( 'NONE', #6266, #1399, #7104 ) ;
#10537 = DIRECTION ( 'NONE',  ( -0.0000000000000000000, -0.0000000000000000000, -1.000000000000000000 ) ) ;
#10538 = CARTESIAN_POINT ( 'NONE',  ( 0.3712917231472451200, 1.079763778855498300, 0.4700000000000000300 ) ) ;
#10539 = DIRECTION ( 'NONE',  ( -0.3385350343141303500, -0.9409537876760636400, 0.0000000000000000000 ) ) ;
#10540 = CARTESIAN_POINT ( 'NONE',  ( 0.3877968566850573700, 1.132580206176646300, 0.4600000000000000200 ) ) ;
#10541 = ORIENTED_EDGE ( 'NONE', *, *, #10510, .F. ) ;
#10542 = CARTESIAN_POINT ( 'NONE',  ( 0.3514855629021116400, 1.068622813717637500, 0.4700000000000000300 ) ) ;
#10543 = EDGE_CURVE ( 'NONE', #2049, #5131, #4310, .T. ) ;
#10544 = LINE ( 'NONE', #6726, #3772 ) ;
#10545 = VECTOR ( 'NONE', #463, 1000.000000000000000 ) ;
#10546 = CARTESIAN_POINT ( 'NONE',  ( 0.07184726234052928000, 1.236210407989039900, 0.4600000000000000200 ) ) ;
#10547 = ORIENTED_EDGE ( 'NONE', *, *, #2729, .F. ) ;
#10548 = ORIENTED_EDGE ( 'NONE', *, *, #3969, .T. ) ;
#10549 = PLANE ( 'NONE',  #2416 ) ;
#10550 = VERTEX_POINT ( 'NONE', #9580 ) ;
#10551 = AXIS2_PLACEMENT_3D ( 'NONE', #4013, #6544, #7418 ) ;
#10552 = CARTESIAN_POINT ( 'NONE',  ( 0.5121748272732571400, 1.046281936536485900, 0.4700000000000000300 ) ) ;
#10553 = DIRECTION ( 'NONE',  ( -0.3385350343141303500, -0.9409537876760636400, 0.0000000000000000000 ) ) ;
#10554 = DIRECTION ( 'NONE',  ( -1.000000000000000000, 0.0000000000000000000, 0.0000000000000000000 ) ) ;
#10555 = ORIENTED_EDGE ( 'NONE', *, *, #3845, .T. ) ;
#10556 = ADVANCED_FACE ( 'NONE', ( #2612 ), #7909, .F. ) ;
#10557 = VECTOR ( 'NONE', #10334, 1000.000000000000000 ) ;
#10558 = EDGE_CURVE ( 'NONE', #1074, #7238, #6996, .T. ) ;
#10559 = CARTESIAN_POINT ( 'NONE',  ( 0.0000000000000000000, 0.0000000000000000000, 0.0000000000000000000 ) ) ;
#10560 = CARTESIAN_POINT ( 'NONE',  ( 0.6561526439376044200, 1.342195402106187500, 0.4600000000000000200 ) ) ;
#10561 = EDGE_LOOP ( 'NONE', ( #2655, #4552, #7558, #2556 ) ) ;
#10562 = CARTESIAN_POINT ( 'NONE',  ( 0.3397551287092143700, 1.056774485713890800, 0.4600000000000000200 ) ) ;
#10563 = CARTESIAN_POINT ( 'NONE',  ( 0.3261089200876473000, 1.255425557221839600, 0.4700000000000000300 ) ) ;
#10564 = DIRECTION ( 'NONE',  ( -0.3283461648125310400, 0.9445574604294342300, -0.0000000000000000000 ) ) ;
#10565 = DIRECTION ( 'NONE',  ( -0.0000000000000000000, 1.000000000000000000, -0.0000000000000000000 ) ) ;
#10566 = B_SPLINE_CURVE_WITH_KNOTS ( 'NONE', 3,
 ( #4215, #2823, #1898, #3606 ),
 .UNSPECIFIED., .F., .F.,
 ( 4, 4 ),
 ( 1.000000000000000000, 2.000000000000000000 ),
 .UNSPECIFIED. ) ;
#10567 = CARTESIAN_POINT ( 'NONE',  ( -0.02242651561890171900, 1.198500928076939600, 0.4600000000000000200 ) ) ;
#10568 = ORIENTED_EDGE ( 'NONE', *, *, #2235, .F. ) ;
#10569 = LINE ( 'NONE', #2058, #2363 ) ;
#10570 = ORIENTED_EDGE ( 'NONE', *, *, #10464, .F. ) ;
#10571 = COLOUR_RGB ( '',0.6666666666666666300, 0.6666666666666666300, 0.6666666666666666300 ) ;
#10572 = CARTESIAN_POINT ( 'NONE',  ( 0.5700901619191470800, 1.332822844132638900, 0.4700000000000000300 ) ) ;
#10573 = VECTOR ( 'NONE', #4628, 1000.000000000000000 ) ;
#10574 =( NAMED_UNIT ( * ) PLANE_ANGLE_UNIT ( ) SI_UNIT ( $, .RADIAN. ) );
#10575 = CARTESIAN_POINT ( 'NONE',  ( 0.7999830933376143000, 1.155805286939957800, 0.4600000000000000200 ) ) ;
#10576 = DIRECTION ( 'NONE',  ( 1.000000000000000000, 2.709813608826153200E-014, -0.0000000000000000000 ) ) ;
#10577 = VERTEX_POINT ( 'NONE', #8776 ) ;
#10578 = VECTOR ( 'NONE', #5684, 1000.000000000000000 ) ;
#10579 = CARTESIAN_POINT ( 'NONE',  ( -0.2380266122149723200, 1.272280430953479900, 0.4700000000000000300 ) ) ;
#10580 = ORIENTED_EDGE ( 'NONE', *, *, #8379, .F. ) ;
#10581 = FACE_OUTER_BOUND ( 'NONE', #3573, .T. ) ;
#10582 = ADVANCED_FACE ( 'NONE', ( #8889 ), #9479, .F. ) ;
#10583 = SURFACE_STYLE_USAGE ( .BOTH. , #7358 ) ;
#10584 =( NAMED_UNIT ( * ) SI_UNIT ( $, .STERADIAN. ) SOLID_ANGLE_UNIT ( ) );
#10585 = CARTESIAN_POINT ( 'NONE',  ( 0.3362772612852169600, 1.086424779176362800, 0.4700000000000000300 ) ) ;
#10586 = DIRECTION ( 'NONE',  ( 1.000000000000000000, 0.0000000000000000000, 0.0000000000000000000 ) ) ;
#10587 = LINE ( 'NONE', #6912, #4927 ) ;
#10588 = VERTEX_POINT ( 'NONE', #1516 ) ;
#10589 = FACE_OUTER_BOUND ( 'NONE', #508, .T. ) ;
#10590 = PLANE ( 'NONE',  #6827 ) ;
#10591 = CARTESIAN_POINT ( 'NONE',  ( 0.3269341767647745400, 1.284191647102155100, 0.4600000000000000200 ) ) ;
#10592 = ORIENTED_EDGE ( 'NONE', *, *, #228, .T. ) ;
#10593 = EDGE_CURVE ( 'NONE', #4158, #7670, #965, .T. ) ;
#10594 = DIRECTION ( 'NONE',  ( -0.0000000000000000000, -0.0000000000000000000, -1.000000000000000000 ) ) ;
#10595 = FILL_AREA_STYLE_COLOUR ( '', #6778 ) ;
#10596 = LINE ( 'NONE', #9996, #10067 ) ;
#10597 = COLOUR_RGB ( '',0.6666666666666666300, 0.6666666666666666300, 0.6666666666666666300 ) ;
#10598 = CARTESIAN_POINT ( 'NONE',  ( 0.0000000000000000000, 1.101000000000000000, 0.0000000000000000000 ) ) ;
#10599 = VERTEX_POINT ( 'NONE', #9610 ) ;
#10600 = DIRECTION ( 'NONE',  ( -0.0000000000000000000, -0.0000000000000000000, -1.000000000000000000 ) ) ;
#10601 = VECTOR ( 'NONE', #1776, 1000.000000000000000 ) ;
#10602 = UNCERTAINTY_MEASURE_WITH_UNIT (LENGTH_MEASURE( 1.000000000000000100E-005 ), #7229, 'distance_accuracy_value', 'NONE');
#10603 = CARTESIAN_POINT ( 'NONE',  ( 0.3469171777261872400, 1.068622813717637500, 0.4700000000000000300 ) ) ;
#10604 = ORIENTED_EDGE ( 'NONE', *, *, #5938, .T. ) ;
#10605 = EDGE_CURVE ( 'NONE', #9247, #8195, #8016, .T. ) ;
#10606 = EDGE_CURVE ( 'NONE', #9719, #4425, #3688, .T. ) ;
#10607 = VECTOR ( 'NONE', #1237, 1000.000000000000000 ) ;
#10608 = CARTESIAN_POINT ( 'NONE',  ( 0.5193958231964401800, 1.343669074743377000, 0.4600000000000000200 ) ) ;
#10609 = EDGE_LOOP ( 'NONE', ( #2286, #2537, #5084, #7008 ) ) ;
#10610 = VECTOR ( 'NONE', #10218, 1000.000000000000000 ) ;
#10611 = CARTESIAN_POINT ( 'NONE',  ( 0.2606778549914534600, 1.071864893519934900, 0.4700000000000000300 ) ) ;
#10612 = DIRECTION ( 'NONE',  ( 1.000000000000000000, -0.0000000000000000000, -0.0000000000000000000 ) ) ;
#10613 = ORIENTED_EDGE ( 'NONE', *, *, #2367, .T. ) ;
#10614 = CARTESIAN_POINT ( 'NONE',  ( 0.2457937613547896700, 1.174019880737442200, 0.4700000000000000300 ) ) ;
#10615 = FACE_OUTER_BOUND ( 'NONE', #3909, .T. ) ;
#10616 = ORIENTED_EDGE ( 'NONE', *, *, #4957, .T. ) ;
#10617 = EDGE_CURVE ( 'NONE', #5393, #5115, #1606, .T. ) ;
#10618 = ORIENTED_EDGE ( 'NONE', *, *, #6237, .T. ) ;
#10619 = CARTESIAN_POINT ( 'NONE',  ( -0.3200038376330879300, 1.235390679515602000, 0.4700000000000000300 ) ) ;
#10620 = EDGE_CURVE ( 'NONE', #7248, #4166, #4067, .T. ) ;
#10621 = EDGE_LOOP ( 'NONE', ( #6372, #656, #1139, #8347 ) ) ;
#10622 = FILL_AREA_STYLE_COLOUR ( '', #407 ) ;
#10623 = SURFACE_STYLE_USAGE ( .BOTH. , #3242 ) ;
#10624 = ADVANCED_FACE ( 'NONE', ( #1503 ), #2349, .F. ) ;
#10625 = DIRECTION ( 'NONE',  ( 0.0000000000000000000, -0.0000000000000000000, -1.000000000000000000 ) ) ;
#10626 = PRESENTATION_LAYER_ASSIGNMENT (  '', '', ( #3279 ) ) ;
#10627 = LINE ( 'NONE', #10449, #6905 ) ;
#10628 = VERTEX_POINT ( 'NONE', #10489 ) ;
#10629 = LINE ( 'NONE', #2822, #3464 ) ;
#10630 = VERTEX_POINT ( 'NONE', #3185 ) ;
#10631 = FILL_AREA_STYLE_COLOUR ( '', #2439 ) ;
#10632 = CARTESIAN_POINT ( 'NONE',  ( 0.8247113201916157500, 1.090256328032908100, 0.4600000000000000200 ) ) ;
#10633 = CARTESIAN_POINT ( 'NONE',  ( 0.4734761838178589400, 1.033962033288558800, 0.4700000000000000300 ) ) ;
#10634 = B_SPLINE_CURVE_WITH_KNOTS ( 'NONE', 3,
 ( #4503, #9086, #3429, #5869 ),
 .UNSPECIFIED., .F., .F.,
 ( 4, 4 ),
 ( 13.00000000000000000, 14.00000000000000000 ),
 .UNSPECIFIED. ) ;
#10635 = EDGE_CURVE ( 'NONE', #3617, #1680, #9408, .T. ) ;
#10636 = CARTESIAN_POINT ( 'NONE',  ( 0.6249999999999998900, 1.500000000000000000, 0.09999999999999999200 ) ) ;
#10637 = VECTOR ( 'NONE', #1177, 1000.000000000000000 ) ;
#10638 = COLOUR_RGB ( '',0.6666666666666666300, 0.6666666666666666300, 0.6666666666666666300 ) ;
#10639 = ORIENTED_EDGE ( 'NONE', *, *, #3274, .T. ) ;
#10640 = CARTESIAN_POINT ( 'NONE',  ( 0.4296491595842121300, 1.130222329956509300, 0.4600000000000000200 ) ) ;
#10641 = CARTESIAN_POINT ( 'NONE',  ( 0.4223397433032848900, 1.123443435824797300, 0.4700000000000000300 ) ) ;
#10642 = CARTESIAN_POINT ( 'NONE',  ( 0.3778643031095747500, 1.142954861543202100, 0.4600000000000000200 ) ) ;
#10643 = DIRECTION ( 'NONE',  ( -0.0000000000000000000, -0.0000000000000000000, -1.000000000000000000 ) ) ;
#10644 = EDGE_LOOP ( 'NONE', ( #200, #6975, #5079, #988 ) ) ;
#10645 = ORIENTED_EDGE ( 'NONE', *, *, #5438, .T. ) ;
#10646 = LINE ( 'NONE', #2031, #7826 ) ;
#10647 = ORIENTED_EDGE ( 'NONE', *, *, #8995, .F. ) ;
ENDSEC;
END-ISO-10303-21;
