ISO-10303-21;
HEADER;
FILE_DESCRIPTION (( 'STEP AP214' ),
    '1' );
FILE_NAME ('LED-SMD_4P-L2.0-W2.0-H0.7-P1.20-S1.35.step',
    '2021-08-14T16:39:50',
    ( '' ),
    ( '' ),
    'SwSTEP 2.0',
    'SolidWorks 2020',
    '' );
FILE_SCHEMA (( 'AUTOMOTIVE_DESIGN' ));
ENDSEC;

DATA;
#1 = EDGE_LOOP ( 'NONE', ( #391, #1634, #989, #798 ) ) ;
#2 = DIRECTION ( 'NONE',  ( -2.409338161078898194E-16, -1.000000000000000000, 0.000000000000000000 ) ) ;
#3 = DIRECTION ( 'NONE',  ( 0.000000000000000000, 1.000000000000000000, 0.000000000000000000 ) ) ;
#4 = VERTEX_POINT ( 'NONE', #1311 ) ;
#5 = CARTESIAN_POINT ( 'NONE',  ( -0.2999999999999996003, 0.8999999999999994671, 0.000000000000000000 ) ) ;
#6 =( LENGTH_UNIT ( ) NAMED_UNIT ( * ) SI_UNIT ( .MILLI., .METRE. ) );
#7 = EDGE_CURVE ( 'NONE', #1482, #8, #165, .T. ) ;
#8 = VERTEX_POINT ( 'NONE', #1492 ) ;
#9 = CARTESIAN_POINT ( 'NONE',  ( -0.1797247126440852660, -0.003044929422790501865, 0.000000000000000000 ) ) ;
#10 = LINE ( 'NONE', #1811, #672 ) ;
#11 = ORIENTED_EDGE ( 'NONE', *, *, #408, .F. ) ;
#12 = DIRECTION ( 'NONE',  ( 1.000000000000000000, 0.000000000000000000, -0.000000000000000000 ) ) ;
#13 = FACE_OUTER_BOUND ( 'NONE', #412, .T. ) ;
#14 = PLANE ( 'NONE',  #2078 ) ;
#15 = CARTESIAN_POINT ( 'NONE',  ( 1.000000000000000444, -1.000000000000000666, 0.2800000000000000266 ) ) ;
#16 = CARTESIAN_POINT ( 'NONE',  ( -0.2819127765782877271, 0.06230961950325653032, 0.000000000000000000 ) ) ;
#17 = ORIENTED_EDGE ( 'NONE', *, *, #1882, .T. ) ;
#18 = ORIENTED_EDGE ( 'NONE', *, *, #726, .T. ) ;
#19 = CARTESIAN_POINT ( 'NONE',  ( 1.000000000000000444, -1.000000000000000666, 0.6800000000000000488 ) ) ;
#20 = ADVANCED_FACE ( 'NONE', ( #1333 ), #1817, .T. ) ;
#21 = CARTESIAN_POINT ( 'NONE',  ( 0.4348296001186234827, -0.1091855666394264124, 0.000000000000000000 ) ) ;
#22 = ORIENTED_EDGE ( 'NONE', *, *, #1219, .T. ) ;
#23 = FACE_OUTER_BOUND ( 'NONE', #1, .T. ) ;
#24 = VECTOR ( 'NONE', #127, 1000.000000000000000 ) ;
#25 = DIRECTION ( 'NONE',  ( 0.000000000000000000, -0.000000000000000000, 1.000000000000000000 ) ) ;
#26 = AXIS2_PLACEMENT_3D ( 'NONE', #769, #1897, #1112 ) ;
#27 = PRESENTATION_LAYER_ASSIGNMENT (  '', '', ( #1083 ) ) ;
#28 = VECTOR ( 'NONE', #539, 1000.000000000000000 ) ;
#29 = LINE ( 'NONE', #387, #1357 ) ;
#30 = SURFACE_STYLE_FILL_AREA ( #1757 ) ;
#31 = ORIENTED_EDGE ( 'NONE', *, *, #292, .T. ) ;
#32 = VERTEX_POINT ( 'NONE', #533 ) ;
#33 = SURFACE_SIDE_STYLE ('',( #990 ) ) ;
#34 = EDGE_LOOP ( 'NONE', ( #1278, #146, #670, #484, #371, #751 ) ) ;
#35 = EDGE_CURVE ( 'NONE', #1758, #2029, #1147, .T. ) ;
#36 = CARTESIAN_POINT ( 'NONE',  ( -0.1207042599204698197, -0.07552210421384963901, 0.000000000000000000 ) ) ;
#37 = SURFACE_STYLE_USAGE ( .BOTH. , #1176 ) ;
#38 = CARTESIAN_POINT ( 'NONE',  ( 0.7000000000000005107, -1.000000000000000666, 0.2800000000000000266 ) ) ;
#39 = DIRECTION ( 'NONE',  ( 0.000000000000000000, 0.000000000000000000, 1.000000000000000000 ) ) ;
#40 = VERTEX_POINT ( 'NONE', #863 ) ;
#41 = LINE ( 'NONE', #1183, #812 ) ;
#42 =( LENGTH_UNIT ( ) NAMED_UNIT ( * ) SI_UNIT ( .MILLI., .METRE. ) );
#43 = ORIENTED_EDGE ( 'NONE', *, *, #1405, .T. ) ;
#44 = EDGE_CURVE ( 'NONE', #1485, #858, #1403, .T. ) ;
#45 = DIRECTION ( 'NONE',  ( -1.000000000000000000, 0.000000000000000000, 0.000000000000000000 ) ) ;
#46 = ADVANCED_FACE ( 'NONE', ( #1845 ), #1851, .T. ) ;
#47 = CARTESIAN_POINT ( 'NONE',  ( 0.8999999999999993561, 0.4499999999999993450, 0.000000000000000000 ) ) ;
#48 = DIRECTION ( 'NONE',  ( 0.000000000000000000, 1.000000000000000000, 0.000000000000000000 ) ) ;
#49 = ORIENTED_EDGE ( 'NONE', *, *, #1846, .F. ) ;
#50 = DIRECTION ( 'NONE',  ( 0.000000000000000000, 0.000000000000000000, 1.000000000000000000 ) ) ;
#51 = ORIENTED_EDGE ( 'NONE', *, *, #136, .F. ) ;
#52 = PRESENTATION_LAYER_ASSIGNMENT (  '', '', ( #328 ) ) ;
#53 = SURFACE_SIDE_STYLE ('',( #1509 ) ) ;
#54 = EDGE_LOOP ( 'NONE', ( #1496, #561, #1720, #1204, #980, #186 ) ) ;
#55 = CARTESIAN_POINT ( 'NONE',  ( -0.08294227307530160909, -0.08704212624194923587, 0.000000000000000000 ) ) ;
#56 = FACE_OUTER_BOUND ( 'NONE', #1323, .T. ) ;
#57 = PRESENTATION_STYLE_ASSIGNMENT (( #1788 ) ) ;
#58 = COLOUR_RGB ( '',0.6470588235294117974, 0.5176470588235293491, 0.000000000000000000 ) ;
#59 = VECTOR ( 'NONE', #497, 1000.000000000000000 ) ;
#60 = DIRECTION ( 'NONE',  ( 0.000000000000000000, -1.000000000000000000, 0.000000000000000000 ) ) ;
#61 = STYLED_ITEM ( 'NONE', ( #1872 ), #266 ) ;
#62 = EDGE_CURVE ( 'NONE', #1046, #2025, #230, .T. ) ;
#63 =( LENGTH_UNIT ( ) NAMED_UNIT ( * ) SI_UNIT ( .MILLI., .METRE. ) );
#64 = CARTESIAN_POINT ( 'NONE',  ( 0.2526866720470933858, -0.08150561368319252098, 0.000000000000000000 ) ) ;
#65 = PRESENTATION_LAYER_ASSIGNMENT (  '', '', ( #607 ) ) ;
#66 = CARTESIAN_POINT ( 'NONE',  ( 0.1830791300448319503, 0.06638086311807131490, 0.000000000000000000 ) ) ;
#67 = B_SPLINE_CURVE_WITH_KNOTS ( 'NONE', 3,
 ( #1651, #1233, #85, #411, #249, #105, #716, #552, #904, #1066, #1854 ),
 .UNSPECIFIED., .F., .F.,
 ( 4, 1, 1, 1, 1, 1, 1, 1, 4 ),
 ( 0.000000000000000000, 0.1451868664724697555, 0.2834426109197297206, 0.4165243659288286882, 0.5431811235350827438, 0.6651530826377137773, 0.7813602063127154107, 0.8927566556418090604, 1.000000000000000000 ),
 .UNSPECIFIED. ) ;
#68 = DIRECTION ( 'NONE',  ( 0.000000000000000000, -1.000000000000000000, 0.000000000000000000 ) ) ;
#69 = EDGE_LOOP ( 'NONE', ( #1002, #1716, #1266, #502, #1398, #1907 ) ) ;
#70 = LINE ( 'NONE', #1371, #1084 ) ;
#71 = SURFACE_SIDE_STYLE ('',( #520 ) ) ;
#72 = CARTESIAN_POINT ( 'NONE',  ( 1.000000000000000444, -1.000000000000000666, 0.6800000000000000488 ) ) ;
#73 = DIRECTION ( 'NONE',  ( -1.000000000000000000, 2.409338161078898687E-16, 0.000000000000000000 ) ) ;
#74 = CARTESIAN_POINT ( 'NONE',  ( 0.2398517841013586560, -0.08683775889809478010, 0.000000000000000000 ) ) ;
#75 = EDGE_CURVE ( 'NONE', #1535, #1485, #1963, .T. ) ;
#76 = CARTESIAN_POINT ( 'NONE',  ( -0.2999999999999996003, 0.8999999999999994671, -0.02000000000000000042 ) ) ;
#77 = LINE ( 'NONE', #727, #1015 ) ;
#78 = EDGE_LOOP ( 'NONE', ( #1740, #1608, #1890, #815 ) ) ;
#79 = DIRECTION ( 'NONE',  ( -0.000000000000000000, -1.000000000000000000, -0.000000000000000000 ) ) ;
#80 = FILL_AREA_STYLE ('',( #1841 ) ) ;
#81 = CARTESIAN_POINT ( 'NONE',  ( -0.6999999999999996225, 0.000000000000000000, 0.6800000000000000488 ) ) ;
#82 = CARTESIAN_POINT ( 'NONE',  ( -0.2999999999999996003, 0.8999999999999994671, 0.000000000000000000 ) ) ;
#83 = SURFACE_STYLE_USAGE ( .BOTH. , #1201 ) ;
#84 = LINE ( 'NONE', #1056, #1290 ) ;
#85 = CARTESIAN_POINT ( 'NONE',  ( 0.2067373612779184189, 0.09320424685075977267, 0.000000000000000000 ) ) ;
#86 = VERTEX_POINT ( 'NONE', #1331 ) ;
#87 = CARTESIAN_POINT ( 'NONE',  ( 0.000000000000000000, 0.000000000000000000, 0.000000000000000000 ) ) ;
#88 = ADVANCED_FACE ( 'NONE', ( #56 ), #1640, .F. ) ;
#89 = SURFACE_STYLE_FILL_AREA ( #80 ) ;
#90 = CARTESIAN_POINT ( 'NONE',  ( -0.1631615651930006516, -0.06612533554312244322, 0.000000000000000000 ) ) ;
#91 = CARTESIAN_POINT ( 'NONE',  ( 0.2832831128988997915, -0.09097059479117658443, 0.000000000000000000 ) ) ;
#92 = VECTOR ( 'NONE', #1658, 1000.000000000000000 ) ;
#93 = CARTESIAN_POINT ( 'NONE',  ( 0.2776482128435248664, -0.05704688365424870344, 0.000000000000000000 ) ) ;
#94 = VECTOR ( 'NONE', #1822, 1000.000000000000114 ) ;
#95 = VECTOR ( 'NONE', #928, 1000.000000000000000 ) ;
#96 = EDGE_LOOP ( 'NONE', ( #684, #758, #1697, #1747 ) ) ;
#97 = STYLED_ITEM ( 'NONE', ( #960 ), #1261 ) ;
#98 = CARTESIAN_POINT ( 'NONE',  ( 0.3150598278456609447, -0.001452059957407992197, 0.000000000000000000 ) ) ;
#99 = EDGE_LOOP ( 'NONE', ( #51, #897, #1064, #1853 ) ) ;
#100 =( NAMED_UNIT ( * ) PLANE_ANGLE_UNIT ( ) SI_UNIT ( $, .RADIAN. ) );
#101 = DIRECTION ( 'NONE',  ( 0.000000000000000000, -0.000000000000000000, 1.000000000000000000 ) ) ;
#102 = EDGE_CURVE ( 'NONE', #2074, #1886, #189, .T. ) ;
#103 = DIRECTION ( 'NONE',  ( -1.000000000000000000, 0.000000000000000000, 0.000000000000000000 ) ) ;
#104 = ORIENTED_EDGE ( 'NONE', *, *, #396, .T. ) ;
#105 = CARTESIAN_POINT ( 'NONE',  ( 0.1876798065904619339, 0.09132010090678419068, 0.000000000000000000 ) ) ;
#106 = EDGE_LOOP ( 'NONE', ( #173, #817, #799, #641 ) ) ;
#107 = DIRECTION ( 'NONE',  ( 0.000000000000000000, -0.000000000000000000, 1.000000000000000000 ) ) ;
#108 = CARTESIAN_POINT ( 'NONE',  ( 0.000000000000000000, 0.000000000000000000, 0.000000000000000000 ) ) ;
#109 = DIRECTION ( 'NONE',  ( 0.000000000000000000, -0.000000000000000000, -1.000000000000000000 ) ) ;
#110 = ADVANCED_FACE ( 'NONE', ( #665 ), #839, .F. ) ;
#111 = SURFACE_STYLE_FILL_AREA ( #1739 ) ;
#112 = ORIENTED_EDGE ( 'NONE', *, *, #1104, .T. ) ;
#113 = DIRECTION ( 'NONE',  ( -1.000000000000000000, 0.000000000000000000, 0.000000000000000000 ) ) ;
#114 = VERTEX_POINT ( 'NONE', #1985 ) ;
#115 = CARTESIAN_POINT ( 'NONE',  ( -0.2999999999999996003, -0.8999999999999994671, -0.02000000000000000042 ) ) ;
#116 = CARTESIAN_POINT ( 'NONE',  ( 1.000000000000000444, -1.000000000000000666, 0.6800000000000000488 ) ) ;
#117 = UNCERTAINTY_MEASURE_WITH_UNIT (LENGTH_MEASURE( 1.000000000000000082E-05 ), #599, 'distance_accuracy_value', 'NONE');
#118 = PRESENTATION_STYLE_ASSIGNMENT (( #1080 ) ) ;
#119 = STYLED_ITEM ( 'NONE', ( #401 ), #46 ) ;
#120 = CARTESIAN_POINT ( 'NONE',  ( 0.2599752432165450822, -0.1050077054860542869, 0.000000000000000000 ) ) ;
#121 = EDGE_LOOP ( 'NONE', ( #553, #1741, #1945, #650, #315 ) ) ;
#122 = EDGE_CURVE ( 'NONE', #1874, #1679, #1962, .T. ) ;
#123 = CARTESIAN_POINT ( 'NONE',  ( -0.8999999999999995781, 0.8999999999999993561, 0.000000000000000000 ) ) ;
#124 = ORIENTED_EDGE ( 'NONE', *, *, #1393, .F. ) ;
#125 = COLOUR_RGB ( '',1.000000000000000000, 1.000000000000000000, 1.000000000000000000 ) ;
#126 = VECTOR ( 'NONE', #410, 1000.000000000000000 ) ;
#127 = DIRECTION ( 'NONE',  ( 1.000000000000000000, 0.000000000000000000, 0.000000000000000000 ) ) ;
#128 = ORIENTED_EDGE ( 'NONE', *, *, #623, .F. ) ;
#129 = PLANE ( 'NONE',  #158 ) ;
#130 = AXIS2_PLACEMENT_3D ( 'NONE', #1093, #921, #109 ) ;
#131 =( LENGTH_UNIT ( ) NAMED_UNIT ( * ) SI_UNIT ( .MILLI., .METRE. ) );
#132 =( NAMED_UNIT ( * ) PLANE_ANGLE_UNIT ( ) SI_UNIT ( $, .RADIAN. ) );
#133 = LINE ( 'NONE', #1737, #1805 ) ;
#134 = ORIENTED_EDGE ( 'NONE', *, *, #1751, .T. ) ;
#135 = CARTESIAN_POINT ( 'NONE',  ( 0.2112633814938120191, 0.07127033011935464402, 0.000000000000000000 ) ) ;
#136 = EDGE_CURVE ( 'NONE', #967, #1730, #830, .T. ) ;
#137 = LINE ( 'NONE', #15, #2076 ) ;
#138 = VERTEX_POINT ( 'NONE', #1800 ) ;
#139 = DIRECTION ( 'NONE',  ( 1.000000000000000000, 0.000000000000000000, -0.000000000000000000 ) ) ;
#140 = EDGE_CURVE ( 'NONE', #1758, #280, #1513, .T. ) ;
#141 = LINE ( 'NONE', #1891, #1490 ) ;
#142 = PRESENTATION_STYLE_ASSIGNMENT (( #818 ) ) ;
#143 = FACE_OUTER_BOUND ( 'NONE', #314, .T. ) ;
#144 = DIRECTION ( 'NONE',  ( 4.818676322157797375E-16, -1.000000000000000000, 0.000000000000000000 ) ) ;
#145 = VERTEX_POINT ( 'NONE', #851 ) ;
#146 = ORIENTED_EDGE ( 'NONE', *, *, #172, .F. ) ;
#147 = DIRECTION ( 'NONE',  ( 0.000000000000000000, -0.000000000000000000, -1.000000000000000000 ) ) ;
#148 = FACE_OUTER_BOUND ( 'NONE', #827, .T. ) ;
#149 = EDGE_CURVE ( 'NONE', #756, #1171, #1498, .T. ) ;
#150 =( LENGTH_UNIT ( ) NAMED_UNIT ( * ) SI_UNIT ( .MILLI., .METRE. ) );
#151 = CARTESIAN_POINT ( 'NONE',  ( 0.2135786449345490057, -0.1115308963201520898, 0.000000000000000000 ) ) ;
#152 = SURFACE_SIDE_STYLE ('',( #483 ) ) ;
#153 = DIRECTION ( 'NONE',  ( 0.000000000000000000, 0.000000000000000000, 1.000000000000000000 ) ) ;
#154 = ORIENTED_EDGE ( 'NONE', *, *, #1846, .T. ) ;
#155 = EDGE_LOOP ( 'NONE', ( #1793, #1659, #1058, #1956 ) ) ;
#156 = PRESENTATION_LAYER_ASSIGNMENT (  '', '', ( #1320 ) ) ;
#157 =( GEOMETRIC_REPRESENTATION_CONTEXT ( 3 ) GLOBAL_UNCERTAINTY_ASSIGNED_CONTEXT ( ( #804 ) ) GLOBAL_UNIT_ASSIGNED_CONTEXT ( ( #6, #973, #656 ) ) REPRESENTATION_CONTEXT ( 'NONE', 'WORKASPACE' ) );
#158 = AXIS2_PLACEMENT_3D ( 'NONE', #2055, #1269, #139 ) ;
#159 = VECTOR ( 'NONE', #1476, 1000.000000000000000 ) ;
#160 = ORIENTED_EDGE ( 'NONE', *, *, #320, .T. ) ;
#161 = CARTESIAN_POINT ( 'NONE',  ( 0.8999999999999995781, 0.8999999999999993561, 0.000000000000000000 ) ) ;
#162 = SURFACE_STYLE_FILL_AREA ( #2080 ) ;
#163 = COLOUR_RGB ( '',0.6470588235294117974, 0.6196078431372549211, 0.5882352941176470784 ) ;
#164 =( GEOMETRIC_REPRESENTATION_CONTEXT ( 3 ) GLOBAL_UNCERTAINTY_ASSIGNED_CONTEXT ( ( #117 ) ) GLOBAL_UNIT_ASSIGNED_CONTEXT ( ( #599, #1060, #574 ) ) REPRESENTATION_CONTEXT ( 'NONE', 'WORKASPACE' ) );
#165 = LINE ( 'NONE', #1772, #1868 ) ;
#166 = VERTEX_POINT ( 'NONE', #860 ) ;
#167 = CARTESIAN_POINT ( 'NONE',  ( -0.08614827118474843726, 0.09057195522775104979, 0.000000000000000000 ) ) ;
#168 = VERTEX_POINT ( 'NONE', #708 ) ;
#169 =( NAMED_UNIT ( * ) SI_UNIT ( $, .STERADIAN. ) SOLID_ANGLE_UNIT ( ) );
#170 = APPLICATION_CONTEXT ( 'automotive_design' ) ;
#171 = SURFACE_STYLE_USAGE ( .BOTH. , #1594 ) ;
#172 = EDGE_CURVE ( 'NONE', #138, #1874, #1030, .T. ) ;
#173 = ORIENTED_EDGE ( 'NONE', *, *, #1274, .F. ) ;
#174 = ORIENTED_EDGE ( 'NONE', *, *, #752, .T. ) ;
#175 = DIRECTION ( 'NONE',  ( -1.000000000000000000, 0.000000000000000000, 0.000000000000000000 ) ) ;
#176 = DIRECTION ( 'NONE',  ( 0.000000000000000000, -0.000000000000000000, 1.000000000000000000 ) ) ;
#177 = ORIENTED_EDGE ( 'NONE', *, *, #807, .F. ) ;
#178 = PLANE ( 'NONE',  #1326 ) ;
#179 =( NAMED_UNIT ( * ) SI_UNIT ( $, .STERADIAN. ) SOLID_ANGLE_UNIT ( ) );
#180 = PRESENTATION_STYLE_ASSIGNMENT (( #1631 ) ) ;
#181 = ORIENTED_EDGE ( 'NONE', *, *, #44, .T. ) ;
#182 = FILL_AREA_STYLE ('',( #823 ) ) ;
#183 = VERTEX_POINT ( 'NONE', #1973 ) ;
#184 = LINE ( 'NONE', #855, #1736 ) ;
#185 = DIRECTION ( 'NONE',  ( 0.000000000000000000, -1.000000000000000000, 0.000000000000000000 ) ) ;
#186 = ORIENTED_EDGE ( 'NONE', *, *, #1931, .T. ) ;
#187 = CARTESIAN_POINT ( 'NONE',  ( 0.1006832586552087599, -0.08723434712723125706, 0.000000000000000000 ) ) ;
#188 = MECHANICAL_DESIGN_GEOMETRIC_PRESENTATION_REPRESENTATION (  '', ( #2006 ), #1975 ) ;
#189 = LINE ( 'NONE', #1661, #1937 ) ;
#190 = VECTOR ( 'NONE', #1153, 1000.000000000000000 ) ;
#191 = CARTESIAN_POINT ( 'NONE',  ( 0.000000000000000000, 0.000000000000000000, 0.000000000000000000 ) ) ;
#192 = STYLED_ITEM ( 'NONE', ( #831 ), #1063 ) ;
#193 = CARTESIAN_POINT ( 'NONE',  ( 0.2502055544943740384, 0.06270159304789270360, 0.000000000000000000 ) ) ;
#194 = CARTESIAN_POINT ( 'NONE',  ( -0.8999999999999995781, 0.8999999999999993561, -0.02000000000000000042 ) ) ;
#195 = EDGE_LOOP ( 'NONE', ( #728, #1896, #308, #219, #965, #1329, #918, #2085, #1575, #1587, #512, #511 ) ) ;
#196 = FACE_OUTER_BOUND ( 'NONE', #78, .T. ) ;
#197 = EDGE_CURVE ( 'NONE', #1370, #1067, #1814, .T. ) ;
#198 = ORIENTED_EDGE ( 'NONE', *, *, #893, .T. ) ;
#199 = SURFACE_STYLE_USAGE ( .BOTH. , #1984 ) ;
#200 = EDGE_CURVE ( 'NONE', #1461, #4, #1198, .T. ) ;
#201 = CARTESIAN_POINT ( 'NONE',  ( 0.000000000000000000, 0.000000000000000000, 0.000000000000000000 ) ) ;
#202 = CARTESIAN_POINT ( 'NONE',  ( -0.2999999999999996003, -0.8999999999999994671, 0.000000000000000000 ) ) ;
#203 = FACE_OUTER_BOUND ( 'NONE', #418, .T. ) ;
#204 = CARTESIAN_POINT ( 'NONE',  ( 0.2884881367039892064, -0.01131971298088979908, 0.000000000000000000 ) ) ;
#205 = FILL_AREA_STYLE_COLOUR ( '', #322 ) ;
#206 = CARTESIAN_POINT ( 'NONE',  ( 0.8999999999999995781, -0.8999999999999993561, -0.02000000000000000042 ) ) ;
#207 = FACE_OUTER_BOUND ( 'NONE', #1922, .T. ) ;
#208 = LINE ( 'NONE', #1155, #1732 ) ;
#209 = ORIENTED_EDGE ( 'NONE', *, *, #1177, .T. ) ;
#210 = SURFACE_STYLE_USAGE ( .BOTH. , #221 ) ;
#211 = ADVANCED_FACE ( 'NONE', ( #13 ), #507, .T. ) ;
#212 = CARTESIAN_POINT ( 'NONE',  ( -0.2999999999999996003, 0.8999999999999994671, -0.02000000000000000042 ) ) ;
#213 =( NAMED_UNIT ( * ) SI_UNIT ( $, .STERADIAN. ) SOLID_ANGLE_UNIT ( ) );
#214 = LINE ( 'NONE', #1007, #1836 ) ;
#215 =( LENGTH_UNIT ( ) NAMED_UNIT ( * ) SI_UNIT ( .MILLI., .METRE. ) );
#216 = CARTESIAN_POINT ( 'NONE',  ( 0.000000000000000000, 0.000000000000000000, -0.02000000000000000042 ) ) ;
#217 = SURFACE_STYLE_FILL_AREA ( #417 ) ;
#218 = CARTESIAN_POINT ( 'NONE',  ( 0.2136024659722818853, 0.09325345775081753108, 0.000000000000000000 ) ) ;
#219 = ORIENTED_EDGE ( 'NONE', *, *, #1010, .F. ) ;
#220 = CARTESIAN_POINT ( 'NONE',  ( 0.000000000000000000, 0.000000000000000000, 0.000000000000000000 ) ) ;
#221 = SURFACE_SIDE_STYLE ('',( #529 ) ) ;
#222 = CARTESIAN_POINT ( 'NONE',  ( 1.000000000000000444, -1.000000000000000666, 0.6800000000000000488 ) ) ;
#223 = ADVANCED_FACE ( 'NONE', ( #1236 ), #2013, .F. ) ;
#224 = AXIS2_PLACEMENT_3D ( 'NONE', #1969, #176, #1315 ) ;
#225 = VECTOR ( 'NONE', #1121, 1000.000000000000000 ) ;
#226 = CARTESIAN_POINT ( 'NONE',  ( -0.3164280218325962180, -0.03113678615162141644, 0.000000000000000000 ) ) ;
#227 = VECTOR ( 'NONE', #45, 1000.000000000000000 ) ;
#228 = FACE_OUTER_BOUND ( 'NONE', #481, .T. ) ;
#229 = AXIS2_PLACEMENT_3D ( 'NONE', #531, #1342, #370 ) ;
#230 = LINE ( 'NONE', #885, #1390 ) ;
#231 = AXIS2_PLACEMENT_3D ( 'NONE', #2032, #1380, #1207 ) ;
#232 =( NAMED_UNIT ( * ) SI_UNIT ( $, .STERADIAN. ) SOLID_ANGLE_UNIT ( ) );
#233 = DIRECTION ( 'NONE',  ( -2.409338161078898194E-16, -1.000000000000000000, 0.000000000000000000 ) ) ;
#234 = VERTEX_POINT ( 'NONE', #1217 ) ;
#235 = SURFACE_STYLE_USAGE ( .BOTH. , #919 ) ;
#236 = DIRECTION ( 'NONE',  ( 0.000000000000000000, 0.000000000000000000, 1.000000000000000000 ) ) ;
#237 = LINE ( 'NONE', #743, #2048 ) ;
#238 = CARTESIAN_POINT ( 'NONE',  ( 0.7000000000000005107, -1.000000000000000666, 0.4800000000000000933 ) ) ;
#239 = DIRECTION ( 'NONE',  ( 1.000000000000000000, 0.000000000000000000, 0.000000000000000000 ) ) ;
#240 = EDGE_CURVE ( 'NONE', #2029, #285, #890, .T. ) ;
#241 = CARTESIAN_POINT ( 'NONE',  ( 0.3082994961599436756, 0.03020830934494633802, 0.000000000000000000 ) ) ;
#242 = ORIENTED_EDGE ( 'NONE', *, *, #869, .F. ) ;
#243 = LINE ( 'NONE', #596, #1252 ) ;
#244 = SURFACE_SIDE_STYLE ('',( #909 ) ) ;
#245 = CARTESIAN_POINT ( 'NONE',  ( 0.2511304839690859381, -0.1079955203484411902, 0.000000000000000000 ) ) ;
#246 = CARTESIAN_POINT ( 'NONE',  ( 0.2884325727339638323, -0.01424395412004404553, 0.000000000000000000 ) ) ;
#247 = CARTESIAN_POINT ( 'NONE',  ( 0.1683129943173458376, 0.05952939478813772112, 0.000000000000000000 ) ) ;
#248 = EDGE_CURVE ( 'NONE', #1866, #905, #879, .T. ) ;
#249 = CARTESIAN_POINT ( 'NONE',  ( 0.1937280568585769691, 0.09221942525396953361, 0.000000000000000000 ) ) ;
#250 = EDGE_LOOP ( 'NONE', ( #586, #1548, #2064, #1910 ) ) ;
#251 = CARTESIAN_POINT ( 'NONE',  ( -0.1529097218136750147, -0.004177792050944150425, 0.000000000000000000 ) ) ;
#252 = AXIS2_PLACEMENT_3D ( 'NONE', #1915, #1763, #952 ) ;
#253 = DIRECTION ( 'NONE',  ( 0.000000000000000000, -1.000000000000000000, 0.000000000000000000 ) ) ;
#254 = CARTESIAN_POINT ( 'NONE',  ( -0.2855020201102920763, 0.05501926842223469477, 0.000000000000000000 ) ) ;
#255 = PRESENTATION_LAYER_ASSIGNMENT (  '', '', ( #2006 ) ) ;
#256 = STYLED_ITEM ( 'NONE', ( #963 ), #1852 ) ;
#257 =( GEOMETRIC_REPRESENTATION_CONTEXT ( 3 ) GLOBAL_UNCERTAINTY_ASSIGNED_CONTEXT ( ( #575 ) ) GLOBAL_UNIT_ASSIGNED_CONTEXT ( ( #346, #1363, #179 ) ) REPRESENTATION_CONTEXT ( 'NONE', 'WORKASPACE' ) );
#258 = MECHANICAL_DESIGN_GEOMETRIC_PRESENTATION_REPRESENTATION (  '', ( #1083 ), #778 ) ;
#259 = VECTOR ( 'NONE', #924, 1000.000000000000000 ) ;
#260 = ORIENTED_EDGE ( 'NONE', *, *, #1643, .T. ) ;
#261 = VECTOR ( 'NONE', #450, 1000.000000000000000 ) ;
#262 = CARTESIAN_POINT ( 'NONE',  ( -0.8999999999999995781, 0.8999999999999993561, -0.02000000000000000042 ) ) ;
#263 = VERTEX_POINT ( 'NONE', #2031 ) ;
#264 = SURFACE_STYLE_FILL_AREA ( #1003 ) ;
#265 = SURFACE_SIDE_STYLE ('',( #2021 ) ) ;
#266 = ADVANCED_FACE ( 'NONE', ( #598 ), #406, .F. ) ;
#267 = CARTESIAN_POINT ( 'NONE',  ( -0.1570894551051743304, -0.07405064056265525663, 0.000000000000000000 ) ) ;
#268 = UNCERTAINTY_MEASURE_WITH_UNIT (LENGTH_MEASURE( 1.000000000000000082E-05 ), #1782, 'distance_accuracy_value', 'NONE');
#269 = PLANE ( 'NONE',  #130 ) ;
#270 = ORIENTED_EDGE ( 'NONE', *, *, #1564, .F. ) ;
#271 = LINE ( 'NONE', #780, #2042 ) ;
#272 = CARTESIAN_POINT ( 'NONE',  ( 0.000000000000000000, 0.000000000000000000, 0.000000000000000000 ) ) ;
#273 = ORIENTED_EDGE ( 'NONE', *, *, #930, .F. ) ;
#274 = DIRECTION ( 'NONE',  ( 1.000000000000000000, 0.000000000000000000, 0.000000000000000000 ) ) ;
#275 = LINE ( 'NONE', #771, #364 ) ;
#276 = CARTESIAN_POINT ( 'NONE',  ( -0.1423892148778675704, -0.08782406484599336594, 0.000000000000000000 ) ) ;
#277 = SURFACE_STYLE_USAGE ( .BOTH. , #1092 ) ;
#278 = EDGE_CURVE ( 'NONE', #8, #609, #936, .T. ) ;
#279 = CARTESIAN_POINT ( 'NONE',  ( 0.8999999999999995781, -0.8999999999999993561, 0.000000000000000000 ) ) ;
#280 = VERTEX_POINT ( 'NONE', #301 ) ;
#281 = VERTEX_POINT ( 'NONE', #457 ) ;
#282 = FILL_AREA_STYLE ('',( #1887 ) ) ;
#283 = ORIENTED_EDGE ( 'NONE', *, *, #573, .F. ) ;
#284 = CARTESIAN_POINT ( 'NONE',  ( -0.9999999999999995559, -1.000000000000000666, 0.2800000000000003042 ) ) ;
#285 = VERTEX_POINT ( 'NONE', #1451 ) ;
#286 = LINE ( 'NONE', #959, #576 ) ;
#287 = FILL_AREA_STYLE ('',( #1901 ) ) ;
#288 = PRODUCT_DEFINITION_CONTEXT ( 'detailed design', #170, 'design' ) ;
#289 = PLANE ( 'NONE',  #1285 ) ;
#290 = PRESENTATION_LAYER_ASSIGNMENT (  '', '', ( #119 ) ) ;
#291 = CARTESIAN_POINT ( 'NONE',  ( 0.8999999999999995781, -0.8999999999999993561, -0.02000000000000000042 ) ) ;
#292 = EDGE_CURVE ( 'NONE', #905, #1693, #141, .T. ) ;
#293 = ADVANCED_FACE ( 'NONE', ( #148 ), #966, .T. ) ;
#294 = LINE ( 'NONE', #123, #976 ) ;
#295 = ORIENTED_EDGE ( 'NONE', *, *, #646, .T. ) ;
#296 = PRESENTATION_LAYER_ASSIGNMENT (  '', '', ( #1146 ) ) ;
#297 = VECTOR ( 'NONE', #1034, 1000.000000000000000 ) ;
#298 = VERTEX_POINT ( 'NONE', #1743 ) ;
#299 = FACE_OUTER_BOUND ( 'NONE', #1644, .T. ) ;
#300 = CLOSED_SHELL ( 'NONE', ( #1120, #88, #792, #1368, #1431, #1330, #437, #1574, #223, #266, #1402, #477, #1167, #373, #1536, #1664, #1481, #1468, #1194, #1699, #996, #211, #2026, #110, #1738, #1990, #801, #1918, #1131, #20, #1261, #1950, #1063, #293, #2083, #1228, #2014, #1852, #46 ) ) ;
#301 = CARTESIAN_POINT ( 'NONE',  ( 0.2999999999999996003, -0.8999999999999994671, 0.000000000000000000 ) ) ;
#302 = PLANE ( 'NONE',  #433 ) ;
#303 =( NAMED_UNIT ( * ) SI_UNIT ( $, .STERADIAN. ) SOLID_ANGLE_UNIT ( ) );
#304 = CARTESIAN_POINT ( 'NONE',  ( 0.7000000000000005107, -1.000000000000000666, 0.6800000000000000488 ) ) ;
#305 = DIRECTION ( 'NONE',  ( 0.000000000000000000, -1.000000000000000000, 0.000000000000000000 ) ) ;
#306 = EDGE_LOOP ( 'NONE', ( #382, #435, #1521, #592 ) ) ;
#307 = EDGE_CURVE ( 'NONE', #1730, #1036, #1607, .T. ) ;
#308 = ORIENTED_EDGE ( 'NONE', *, *, #941, .F. ) ;
#309 = DIRECTION ( 'NONE',  ( 2.409338161078898194E-16, 1.000000000000000000, 0.000000000000000000 ) ) ;
#310 = PRESENTATION_STYLE_ASSIGNMENT (( #480 ) ) ;
#311 = CARTESIAN_POINT ( 'NONE',  ( 0.02507350255764775535, 0.06886321384837852666, 0.000000000000000000 ) ) ;
#312 = PLANE ( 'NONE',  #1519 ) ;
#313 = ORIENTED_EDGE ( 'NONE', *, *, #200, .F. ) ;
#314 = EDGE_LOOP ( 'NONE', ( #1152, #273, #628, #2019 ) ) ;
#315 = ORIENTED_EDGE ( 'NONE', *, *, #1683, .T. ) ;
#316 = CARTESIAN_POINT ( 'NONE',  ( 0.8999999999999993561, -0.4499999999999993450, -0.02000000000000000042 ) ) ;
#317 =( LENGTH_UNIT ( ) NAMED_UNIT ( * ) SI_UNIT ( .MILLI., .METRE. ) );
#318 = ORIENTED_EDGE ( 'NONE', *, *, #1039, .F. ) ;
#319 = CARTESIAN_POINT ( 'NONE',  ( 0.1665369171917940594, 0.08532662848252485499, 0.000000000000000000 ) ) ;
#320 = EDGE_CURVE ( 'NONE', #858, #168, #286, .T. ) ;
#321 = CARTESIAN_POINT ( 'NONE',  ( -0.9999999999999995559, 0.9999999999999993339, 0.2800000000000000266 ) ) ;
#322 = COLOUR_RGB ( '',0.6470588235294117974, 0.5176470588235293491, 0.000000000000000000 ) ;
#323 = PLANE ( 'NONE',  #1610 ) ;
#324 = EDGE_LOOP ( 'NONE', ( #1576, #1300, #1017, #124 ) ) ;
#325 = ORIENTED_EDGE ( 'NONE', *, *, #408, .T. ) ;
#326 = CARTESIAN_POINT ( 'NONE',  ( -0.1781148184450085104, 0.01438167764579044786, 0.000000000000000000 ) ) ;
#327 = VECTOR ( 'NONE', #587, 1000.000000000000000 ) ;
#328 = STYLED_ITEM ( 'NONE', ( #1778 ), #2083 ) ;
#329 = VECTOR ( 'NONE', #2, 1000.000000000000000 ) ;
#330 = PRESENTATION_LAYER_ASSIGNMENT (  '', '', ( #1425 ) ) ;
#331 = MECHANICAL_DESIGN_GEOMETRIC_PRESENTATION_REPRESENTATION (  '', ( #977 ), #430 ) ;
#332 = ORIENTED_EDGE ( 'NONE', *, *, #1624, .T. ) ;
#333 = LINE ( 'NONE', #473, #2082 ) ;
#334 = UNCERTAINTY_MEASURE_WITH_UNIT (LENGTH_MEASURE( 1.000000000000000082E-05 ), #719, 'distance_accuracy_value', 'NONE');
#335 = DIRECTION ( 'NONE',  ( 1.000000000000000000, 0.000000000000000000, 0.000000000000000000 ) ) ;
#336 = MECHANICAL_DESIGN_GEOMETRIC_PRESENTATION_REPRESENTATION (  '', ( #1459 ), #1942 ) ;
#337 = LINE ( 'NONE', #5, #942 ) ;
#338 = CARTESIAN_POINT ( 'NONE',  ( 0.8999999999999993561, -0.4499999999999993450, 0.000000000000000000 ) ) ;
#339 = FILL_AREA_STYLE_COLOUR ( '', #974 ) ;
#340 = SURFACE_STYLE_FILL_AREA ( #182 ) ;
#341 = ORIENTED_EDGE ( 'NONE', *, *, #1549, .F. ) ;
#342 = CARTESIAN_POINT ( 'NONE',  ( -0.1798045462228401170, -0.006670322736987337707, 0.000000000000000000 ) ) ;
#343 = VERTEX_POINT ( 'NONE', #1599 ) ;
#344 = DIRECTION ( 'NONE',  ( -0.000000000000000000, -0.000000000000000000, -1.000000000000000000 ) ) ;
#345 = CARTESIAN_POINT ( 'NONE',  ( 0.1665369171917940594, 0.05849736018984190433, 0.000000000000000000 ) ) ;
#346 =( LENGTH_UNIT ( ) NAMED_UNIT ( * ) SI_UNIT ( .MILLI., .METRE. ) );
#347 = DIRECTION ( 'NONE',  ( 0.000000000000000000, 0.000000000000000000, -1.000000000000000000 ) ) ;
#348 = EDGE_CURVE ( 'NONE', #967, #1241, #816, .T. ) ;
#349 = SURFACE_STYLE_USAGE ( .BOTH. , #509 ) ;
#350 = DIRECTION ( 'NONE',  ( 1.000000000000000000, -1.807003620809174632E-16, 0.000000000000000000 ) ) ;
#351 = EDGE_LOOP ( 'NONE', ( #929, #714, #534, #1559, #242 ) ) ;
#352 = DIRECTION ( 'NONE',  ( 0.000000000000000000, 0.000000000000000000, 1.000000000000000000 ) ) ;
#353 = ORIENTED_EDGE ( 'NONE', *, *, #292, .F. ) ;
#354 = CARTESIAN_POINT ( 'NONE',  ( -0.2495453998813766949, -0.03113678615162141644, 0.000000000000000000 ) ) ;
#355 = EDGE_CURVE ( 'NONE', #956, #1758, #275, .T. ) ;
#356 = VERTEX_POINT ( 'NONE', #1921 ) ;
#357 = EDGE_CURVE ( 'NONE', #183, #1163, #1463, .T. ) ;
#358 = ORIENTED_EDGE ( 'NONE', *, *, #958, .T. ) ;
#359 = STYLED_ITEM ( 'NONE', ( #517 ), #1385 ) ;
#360 = PRESENTATION_STYLE_ASSIGNMENT (( #1494 ) ) ;
#361 = FILL_AREA_STYLE_COLOUR ( '', #125 ) ;
#362 = ORIENTED_EDGE ( 'NONE', *, *, #1554, .T. ) ;
#363 = CARTESIAN_POINT ( 'NONE',  ( -0.1527721401491277942, -0.01629624405566576506, 0.000000000000000000 ) ) ;
#364 = VECTOR ( 'NONE', #785, 1000.000000000000000 ) ;
#365 = COLOUR_RGB ( '',0.1019607843137254888, 0.1019607843137254888, 0.1019607843137254888 ) ;
#366 = AXIS2_PLACEMENT_3D ( 'NONE', #206, #495, #693 ) ;
#367 = MECHANICAL_DESIGN_GEOMETRIC_PRESENTATION_REPRESENTATION (  '', ( #192 ), #1325 ) ;
#368 = AXIS2_PLACEMENT_3D ( 'NONE', #2075, #2045, #1260 ) ;
#369 = LINE ( 'NONE', #861, #1869 ) ;
#370 = DIRECTION ( 'NONE',  ( 2.409338161078898687E-16, 1.000000000000000000, 0.000000000000000000 ) ) ;
#371 = ORIENTED_EDGE ( 'NONE', *, *, #968, .F. ) ;
#372 = CARTESIAN_POINT ( 'NONE',  ( 0.02995155133813557150, 0.003009555311793142215, 0.000000000000000000 ) ) ;
#373 = ADVANCED_FACE ( 'NONE', ( #1581 ), #652, .F. ) ;
#374 = CARTESIAN_POINT ( 'NONE',  ( 0.02019545377715994960, -0.08723434712723125706, 0.000000000000000000 ) ) ;
#375 = ORIENTED_EDGE ( 'NONE', *, *, #1821, .F. ) ;
#376 = DIRECTION ( 'NONE',  ( -0.000000000000000000, 0.000000000000000000, 1.000000000000000000 ) ) ;
#377 = FACE_OUTER_BOUND ( 'NONE', #2044, .T. ) ;
#378 = LINE ( 'NONE', #1042, #1119 ) ;
#379 = ORIENTED_EDGE ( 'NONE', *, *, #1075, .T. ) ;
#380 = CARTESIAN_POINT ( 'NONE',  ( -0.1529752779301571941, -0.007241969078450752849, 0.000000000000000000 ) ) ;
#381 = CARTESIAN_POINT ( 'NONE',  ( 0.3114814330278051768, 0.02024213080905757495, 0.000000000000000000 ) ) ;
#382 = ORIENTED_EDGE ( 'NONE', *, *, #906, .T. ) ;
#383 = EDGE_CURVE ( 'NONE', #923, #821, #615, .T. ) ;
#384 =( NAMED_UNIT ( * ) SI_UNIT ( $, .STERADIAN. ) SOLID_ANGLE_UNIT ( ) );
#385 =( NAMED_UNIT ( * ) SI_UNIT ( $, .STERADIAN. ) SOLID_ANGLE_UNIT ( ) );
#386 = CARTESIAN_POINT ( 'NONE',  ( 0.2204400936574520686, -0.08960715190069849789, 0.000000000000000000 ) ) ;
#387 = CARTESIAN_POINT ( 'NONE',  ( 0.1006832586552087599, -0.01894166420040198709, 0.000000000000000000 ) ) ;
#388 = LINE ( 'NONE', #1200, #1454 ) ;
#389 =( NAMED_UNIT ( * ) PLANE_ANGLE_UNIT ( ) SI_UNIT ( $, .RADIAN. ) );
#390 = CARTESIAN_POINT ( 'NONE',  ( 0.2243010037912038512, 0.09300453747245332470, 0.000000000000000000 ) ) ;
#391 = ORIENTED_EDGE ( 'NONE', *, *, #671, .F. ) ;
#392 = B_SPLINE_CURVE_WITH_KNOTS ( 'NONE', 3,
 ( #1065, #247, #902, #2027, #66, #954, #2084, #1087, #944, #135, #1265 ),
 .UNSPECIFIED., .F., .F.,
 ( 4, 1, 1, 1, 1, 1, 1, 1, 4 ),
 ( 0.000000000000000000, 0.1252796967356259727, 0.2494199707420513001, 0.3733567994928193579, 0.4966812787822861286, 0.6202029157439825635, 0.7450863201614560394, 0.8712691950190978307, 1.000000000000000000 ),
 .UNSPECIFIED. ) ;
#393 = PRESENTATION_STYLE_ASSIGNMENT (( #235 ) ) ;
#394 =( NAMED_UNIT ( * ) SI_UNIT ( $, .STERADIAN. ) SOLID_ANGLE_UNIT ( ) );
#395 = CARTESIAN_POINT ( 'NONE',  ( -0.1797237727823111364, -0.01044783963825725651, 0.000000000000000000 ) ) ;
#396 = EDGE_CURVE ( 'NONE', #1919, #2037, #1881, .T. ) ;
#397 = COLOUR_RGB ( '',0.6470588235294117974, 0.5176470588235293491, 0.000000000000000000 ) ;
#398 = CARTESIAN_POINT ( 'NONE',  ( 0.2804885708719007109, 0.03004425475282531538, 0.000000000000000000 ) ) ;
#399 = FACE_OUTER_BOUND ( 'NONE', #96, .T. ) ;
#400 = STYLED_ITEM ( 'NONE', ( #57 ), #1131 ) ;
#401 = PRESENTATION_STYLE_ASSIGNMENT (( #83 ) ) ;
#402 = MECHANICAL_DESIGN_GEOMETRIC_PRESENTATION_REPRESENTATION (  '', ( #607 ), #1458 ) ;
#403 = CARTESIAN_POINT ( 'NONE',  ( 1.000000000000000444, 0.9999999999999993339, 0.2800000000000000266 ) ) ;
#404 = LINE ( 'NONE', #1520, #972 ) ;
#405 = ORIENTED_EDGE ( 'NONE', *, *, #1029, .F. ) ;
#406 = PLANE ( 'NONE',  #429 ) ;
#407 = CARTESIAN_POINT ( 'NONE',  ( 0.3055443046042607969, -0.06183279068341946544, 0.000000000000000000 ) ) ;
#408 = EDGE_CURVE ( 'NONE', #675, #835, #1722, .T. ) ;
#409 = CARTESIAN_POINT ( 'NONE',  ( 0.2873917402866580373, -0.02829046366335613572, 0.000000000000000000 ) ) ;
#410 = DIRECTION ( 'NONE',  ( 0.000000000000000000, 0.000000000000000000, 1.000000000000000000 ) ) ;
#411 = CARTESIAN_POINT ( 'NONE',  ( 0.2000775122841841058, 0.09279616699760132037, 0.000000000000000000 ) ) ;
#412 = EDGE_LOOP ( 'NONE', ( #1234, #270, #1970, #1462 ) ) ;
#413 = CARTESIAN_POINT ( 'NONE',  ( -0.08356024632106869021, 0.06869026668271835390, 0.000000000000000000 ) ) ;
#414 = LINE ( 'NONE', #81, #1770 ) ;
#415 = UNCERTAINTY_MEASURE_WITH_UNIT (LENGTH_MEASURE( 1.000000000000000082E-05 ), #1714, 'distance_accuracy_value', 'NONE');
#416 = EDGE_CURVE ( 'NONE', #956, #1232, #208, .T. ) ;
#417 = FILL_AREA_STYLE ('',( #872 ) ) ;
#418 = EDGE_LOOP ( 'NONE', ( #916, #2052, #1346, #353 ) ) ;
#419 = EDGE_CURVE ( 'NONE', #263, #2017, #10, .T. ) ;
#420 = DIRECTION ( 'NONE',  ( 0.3222024856061134757, -0.9466707760722531395, 0.000000000000000000 ) ) ;
#421 = ORIENTED_EDGE ( 'NONE', *, *, #419, .F. ) ;
#422 = DIRECTION ( 'NONE',  ( -0.000000000000000000, -0.000000000000000000, -1.000000000000000000 ) ) ;
#423 =( GEOMETRIC_REPRESENTATION_CONTEXT ( 3 ) GLOBAL_UNCERTAINTY_ASSIGNED_CONTEXT ( ( #616 ) ) GLOBAL_UNIT_ASSIGNED_CONTEXT ( ( #482, #1744, #1362 ) ) REPRESENTATION_CONTEXT ( 'NONE', 'WORKASPACE' ) );
#424 = DIRECTION ( 'NONE',  ( 0.000000000000000000, 0.000000000000000000, 1.000000000000000000 ) ) ;
#425 = LINE ( 'NONE', #731, #1254 ) ;
#426 = AXIS2_PLACEMENT_3D ( 'NONE', #1435, #925, #2049 ) ;
#427 = MECHANICAL_DESIGN_GEOMETRIC_PRESENTATION_REPRESENTATION (  '', ( #1859 ), #1416 ) ;
#428 =( GEOMETRIC_REPRESENTATION_CONTEXT ( 3 ) GLOBAL_UNCERTAINTY_ASSIGNED_CONTEXT ( ( #2033 ) ) GLOBAL_UNIT_ASSIGNED_CONTEXT ( ( #2072, #608, #1256 ) ) REPRESENTATION_CONTEXT ( 'NONE', 'WORKASPACE' ) );
#429 = AXIS2_PLACEMENT_3D ( 'NONE', #222, #1050, #236 ) ;
#430 =( GEOMETRIC_REPRESENTATION_CONTEXT ( 3 ) GLOBAL_UNCERTAINTY_ASSIGNED_CONTEXT ( ( #268 ) ) GLOBAL_UNIT_ASSIGNED_CONTEXT ( ( #1782, #1170, #854 ) ) REPRESENTATION_CONTEXT ( 'NONE', 'WORKASPACE' ) );
#431 = MECHANICAL_DESIGN_GEOMETRIC_PRESENTATION_REPRESENTATION (  '', ( #1251 ), #1216 ) ;
#432 = CARTESIAN_POINT ( 'NONE',  ( 0.4080003318259405320, 0.09081443336057362647, 0.000000000000000000 ) ) ;
#433 = AXIS2_PLACEMENT_3D ( 'NONE', #654, #1723, #984 ) ;
#434 =( NAMED_UNIT ( * ) PLANE_ANGLE_UNIT ( ) SI_UNIT ( $, .RADIAN. ) );
#435 = ORIENTED_EDGE ( 'NONE', *, *, #689, .T. ) ;
#436 = DIRECTION ( 'NONE',  ( 1.000000000000000000, 0.000000000000000000, -0.000000000000000000 ) ) ;
#437 = ADVANCED_FACE ( 'NONE', ( #1775, #865 ), #1795, .F. ) ;
#438 =( NAMED_UNIT ( * ) PLANE_ANGLE_UNIT ( ) SI_UNIT ( $, .RADIAN. ) );
#439 = SURFACE_STYLE_USAGE ( .BOTH. , #244 ) ;
#440 = SURFACE_STYLE_USAGE ( .BOTH. , #1988 ) ;
#441 = ORIENTED_EDGE ( 'NONE', *, *, #1624, .F. ) ;
#442 = VERTEX_POINT ( 'NONE', #1502 ) ;
#443 = ORIENTED_EDGE ( 'NONE', *, *, #591, .T. ) ;
#444 = DIRECTION ( 'NONE',  ( 0.000000000000000000, -1.000000000000000000, 0.000000000000000000 ) ) ;
#445 = ORIENTED_EDGE ( 'NONE', *, *, #140, .F. ) ;
#446 = MANIFOLD_SOLID_BREP ( '包覆1', #300 ) ;
#447 = CARTESIAN_POINT ( 'NONE',  ( -0.8999999999999995781, 0.8999999999999993561, -0.02000000000000000042 ) ) ;
#448 = EDGE_CURVE ( 'NONE', #1919, #1538, #991, .T. ) ;
#449 = CARTESIAN_POINT ( 'NONE',  ( 0.8999999999999993561, 0.4499999999999993450, -0.02000000000000000042 ) ) ;
#450 = DIRECTION ( 'NONE',  ( 0.000000000000000000, 1.000000000000000000, 0.000000000000000000 ) ) ;
#451 = CARTESIAN_POINT ( 'NONE',  ( 0.2999999999999994893, -0.4499999999999993450, -0.02000000000000000042 ) ) ;
#452 = ORIENTED_EDGE ( 'NONE', *, *, #1495, .T. ) ;
#453 = CARTESIAN_POINT ( 'NONE',  ( -0.8999999999999993561, -0.4499999999999993450, -0.02000000000000000042 ) ) ;
#454 = VERTEX_POINT ( 'NONE', #374 ) ;
#455 = DIRECTION ( 'NONE',  ( 1.000000000000000000, 0.000000000000000000, -0.000000000000000000 ) ) ;
#456 = ORIENTED_EDGE ( 'NONE', *, *, #739, .F. ) ;
#457 = CARTESIAN_POINT ( 'NONE',  ( 0.02019545377715994960, -0.1091855666394263846, 0.000000000000000000 ) ) ;
#458 = CARTESIAN_POINT ( 'NONE',  ( -0.8999999999999995781, 0.8999999999999993561, 0.000000000000000000 ) ) ;
#459 = UNCERTAINTY_MEASURE_WITH_UNIT (LENGTH_MEASURE( 1.000000000000000082E-05 ), #820, 'distance_accuracy_value', 'NONE');
#460 = SURFACE_STYLE_USAGE ( .BOTH. , #970 ) ;
#461 = AXIS2_PLACEMENT_3D ( 'NONE', #201, #876, #1798 ) ;
#462 = CARTESIAN_POINT ( 'NONE',  ( -0.3254219242716205884, -0.05308800566381653707, 0.000000000000000000 ) ) ;
#463 = EDGE_CURVE ( 'NONE', #988, #2074, #1484, .T. ) ;
#464 = CARTESIAN_POINT ( 'NONE',  ( 0.1006832586552087599, 0.06886321384837852666, 0.000000000000000000 ) ) ;
#465 = EDGE_LOOP ( 'NONE', ( #2000, #784, #154, #1626, #1639 ) ) ;
#466 = VECTOR ( 'NONE', #1397, 1000.000000000000000 ) ;
#467 = PRESENTATION_LAYER_ASSIGNMENT (  '', '', ( #504 ) ) ;
#468 = MECHANICAL_DESIGN_GEOMETRIC_PRESENTATION_REPRESENTATION (  '', ( #673 ), #1324 ) ;
#469 = ORIENTED_EDGE ( 'NONE', *, *, #518, .F. ) ;
#470 = CARTESIAN_POINT ( 'NONE',  ( -0.9999999999999995559, -1.000000000000000666, 0.6800000000000000488 ) ) ;
#471 = COLOUR_RGB ( '',0.6470588235294117974, 0.5176470588235293491, 0.000000000000000000 ) ;
#472 =( GEOMETRIC_REPRESENTATION_CONTEXT ( 3 ) GLOBAL_UNCERTAINTY_ASSIGNED_CONTEXT ( ( #951 ) ) GLOBAL_UNIT_ASSIGNED_CONTEXT ( ( #1641, #1780, #213 ) ) REPRESENTATION_CONTEXT ( 'NONE', 'WORKASPACE' ) );
#473 = CARTESIAN_POINT ( 'NONE',  ( 0.2999999999999996003, -0.8999999999999994671, 0.000000000000000000 ) ) ;
#474 = FACE_BOUND ( 'NONE', #1303, .T. ) ;
#475 = CARTESIAN_POINT ( 'NONE',  ( 0.8999999999999995781, 0.8999999999999993561, -0.02000000000000000042 ) ) ;
#476 = ORIENTED_EDGE ( 'NONE', *, *, #1274, .T. ) ;
#477 = ADVANCED_FACE ( 'NONE', ( #1958 ), #1173, .F. ) ;
#478 = ORIENTED_EDGE ( 'NONE', *, *, #448, .F. ) ;
#479 = CARTESIAN_POINT ( 'NONE',  ( -0.04565820475942546780, 0.06886321384837854054, 0.000000000000000000 ) ) ;
#480 = SURFACE_STYLE_USAGE ( .BOTH. , #1421 ) ;
#481 = EDGE_LOOP ( 'NONE', ( #469, #485, #452, #1255 ) ) ;
#482 =( LENGTH_UNIT ( ) NAMED_UNIT ( * ) SI_UNIT ( .MILLI., .METRE. ) );
#483 = SURFACE_STYLE_FILL_AREA ( #962 ) ;
#484 = ORIENTED_EDGE ( 'NONE', *, *, #895, .F. ) ;
#485 = ORIENTED_EDGE ( 'NONE', *, *, #1906, .F. ) ;
#486 = LINE ( 'NONE', #1138, #259 ) ;
#487 = EDGE_CURVE ( 'NONE', #2012, #1312, #67, .T. ) ;
#488 = DIRECTION ( 'NONE',  ( 1.000000000000000000, -0.000000000000000000, -0.000000000000000000 ) ) ;
#489 = ORIENTED_EDGE ( 'NONE', *, *, #1177, .F. ) ;
#490 = CARTESIAN_POINT ( 'NONE',  ( -0.07321155841796206376, -0.1091855666394263707, 0.000000000000000000 ) ) ;
#491 = DIRECTION ( 'NONE',  ( 1.000000000000000000, 4.818676322157798361E-16, -0.000000000000000000 ) ) ;
#492 = VECTOR ( 'NONE', #1916, 1000.000000000000000 ) ;
#493 = CARTESIAN_POINT ( 'NONE',  ( 0.3323905757283796003, -0.08723434712723128481, 0.000000000000000000 ) ) ;
#494 = DIRECTION ( 'NONE',  ( 1.000000000000000000, 0.000000000000000000, 0.000000000000000000 ) ) ;
#495 = DIRECTION ( 'NONE',  ( 1.807003620809174632E-16, -1.000000000000000000, 0.000000000000000000 ) ) ;
#496 = EDGE_LOOP ( 'NONE', ( #1132, #22, #1796, #1094, #325, #1812 ) ) ;
#497 = DIRECTION ( 'NONE',  ( -0.000000000000000000, -0.000000000000000000, -1.000000000000000000 ) ) ;
#498 = VECTOR ( 'NONE', #1625, 1000.000000000000000 ) ;
#499 = AXIS2_PLACEMENT_3D ( 'NONE', #1339, #25, #556 ) ;
#500 = VECTOR ( 'NONE', #1434, 1000.000000000000000 ) ;
#501 = VECTOR ( 'NONE', #1190, 1000.000000000000114 ) ;
#502 = ORIENTED_EDGE ( 'NONE', *, *, #463, .T. ) ;
#503 = EDGE_CURVE ( 'NONE', #2060, #1578, #2011, .T. ) ;
#504 = STYLED_ITEM ( 'NONE', ( #2023 ), #996 ) ;
#505 = CARTESIAN_POINT ( 'NONE',  ( 0.1846018895427825324, -0.1067380059784247132, 0.000000000000000000 ) ) ;
#506 = COLOUR_RGB ( '',0.1019607843137254888, 0.1019607843137254888, 0.1019607843137254888 ) ;
#507 = PLANE ( 'NONE',  #1671 ) ;
#508 = FACE_BOUND ( 'NONE', #1605, .T. ) ;
#509 = SURFACE_SIDE_STYLE ('',( #1577 ) ) ;
#510 = CARTESIAN_POINT ( 'NONE',  ( -0.2793853389057669445, 0.05239979921423223996, 0.000000000000000000 ) ) ;
#511 = ORIENTED_EDGE ( 'NONE', *, *, #726, .F. ) ;
#512 = ORIENTED_EDGE ( 'NONE', *, *, #357, .F. ) ;
#513 = CARTESIAN_POINT ( 'NONE',  ( -0.1067922686239417690, 0.08723543021739982306, 0.000000000000000000 ) ) ;
#514 =( NAMED_UNIT ( * ) PLANE_ANGLE_UNIT ( ) SI_UNIT ( $, .RADIAN. ) );
#515 = ORIENTED_EDGE ( 'NONE', *, *, #1514, .T. ) ;
#516 = FILL_AREA_STYLE_COLOUR ( '', #814 ) ;
#517 = PRESENTATION_STYLE_ASSIGNMENT (( #210 ) ) ;
#518 = EDGE_CURVE ( 'NONE', #791, #1538, #404, .T. ) ;
#519 = DIRECTION ( 'NONE',  ( 1.000000000000000000, 0.000000000000000000, 0.000000000000000000 ) ) ;
#520 = SURFACE_STYLE_FILL_AREA ( #994 ) ;
#521 = EDGE_CURVE ( 'NONE', #821, #1257, #1222, .T. ) ;
#522 =( NAMED_UNIT ( * ) SI_UNIT ( $, .STERADIAN. ) SOLID_ANGLE_UNIT ( ) );
#523 = CARTESIAN_POINT ( 'NONE',  ( -0.2811690789367267684, 0.05853982401181196532, 0.000000000000000000 ) ) ;
#524 = SURFACE_SIDE_STYLE ('',( #340 ) ) ;
#525 = EDGE_LOOP ( 'NONE', ( #1928, #1749, #31, #1360 ) ) ;
#526 = CARTESIAN_POINT ( 'NONE',  ( -0.1631536009987334945, 0.05008929021066916426, 0.000000000000000000 ) ) ;
#527 = ORIENTED_EDGE ( 'NONE', *, *, #35, .T. ) ;
#528 = CARTESIAN_POINT ( 'NONE',  ( -0.1267262663041483217, -0.07122494037133632327, 0.000000000000000000 ) ) ;
#529 = SURFACE_STYLE_FILL_AREA ( #688 ) ;
#530 =( NAMED_UNIT ( * ) PLANE_ANGLE_UNIT ( ) SI_UNIT ( $, .RADIAN. ) );
#531 = CARTESIAN_POINT ( 'NONE',  ( -0.2999999999999996003, -0.8999999999999994671, -0.02000000000000000042 ) ) ;
#532 = EDGE_CURVE ( 'NONE', #1730, #1946, #1072, .T. ) ;
#533 = CARTESIAN_POINT ( 'NONE',  ( 1.000000000000000444, -1.000000000000000666, 0.2800000000000000266 ) ) ;
#534 = ORIENTED_EDGE ( 'NONE', *, *, #1683, .F. ) ;
#535 = PRODUCT_DEFINITION_FORMATION_WITH_SPECIFIED_SOURCE ( '任何', '', #1684, .NOT_KNOWN. ) ;
#536 =( LENGTH_UNIT ( ) NAMED_UNIT ( * ) SI_UNIT ( .MILLI., .METRE. ) );
#537 = PRESENTATION_STYLE_ASSIGNMENT (( #1336 ) ) ;
#538 = VERTEX_POINT ( 'NONE', #579 ) ;
#539 = DIRECTION ( 'NONE',  ( 0.000000000000000000, 1.000000000000000000, 0.000000000000000000 ) ) ;
#540 = VECTOR ( 'NONE', #488, 1000.000000000000000 ) ;
#541 =( GEOMETRIC_REPRESENTATION_CONTEXT ( 3 ) GLOBAL_UNCERTAINTY_ASSIGNED_CONTEXT ( ( #1445 ) ) GLOBAL_UNIT_ASSIGNED_CONTEXT ( ( #215, #1411, #169 ) ) REPRESENTATION_CONTEXT ( 'NONE', 'WORKASPACE' ) );
#542 = VECTOR ( 'NONE', #1721, 1000.000000000000000 ) ;
#543 = VECTOR ( 'NONE', #1004, 1000.000000000000000 ) ;
#544 = COLOUR_RGB ( '',0.6470588235294117974, 0.5176470588235293491, 0.000000000000000000 ) ;
#545 = CARTESIAN_POINT ( 'NONE',  ( -0.3456582047594254914, -0.1091855666394263014, 0.000000000000000000 ) ) ;
#546 = PRESENTATION_LAYER_ASSIGNMENT (  '', '', ( #678 ) ) ;
#547 = AXIS2_PLACEMENT_3D ( 'NONE', #108, #101, #1850 ) ;
#548 = CARTESIAN_POINT ( 'NONE',  ( -0.2832344242716205995, 0.06642418945813469144, 0.000000000000000000 ) ) ;
#549 =( NAMED_UNIT ( * ) PLANE_ANGLE_UNIT ( ) SI_UNIT ( $, .RADIAN. ) );
#550 = DIRECTION ( 'NONE',  ( 0.000000000000000000, 0.000000000000000000, 1.000000000000000000 ) ) ;
#551 = VERTEX_POINT ( 'NONE', #1045 ) ;
#552 = CARTESIAN_POINT ( 'NONE',  ( 0.1765093833020595360, 0.08885403332332861281, 0.000000000000000000 ) ) ;
#553 = ORIENTED_EDGE ( 'NONE', *, *, #1240, .T. ) ;
#554 = SURFACE_STYLE_FILL_AREA ( #697 ) ;
#555 = APPLICATION_PROTOCOL_DEFINITION ( 'draft international standard', 'automotive_design', 1998, #170 ) ;
#556 = DIRECTION ( 'NONE',  ( 1.000000000000000000, 0.000000000000000000, -0.000000000000000000 ) ) ;
#557 = SURFACE_SIDE_STYLE ('',( #1488 ) ) ;
#558 = CARTESIAN_POINT ( 'NONE',  ( -0.9999999999999995559, 0.9999999999999993339, 0.6800000000000000488 ) ) ;
#559 =( NAMED_UNIT ( * ) PLANE_ANGLE_UNIT ( ) SI_UNIT ( $, .RADIAN. ) );
#560 = CARTESIAN_POINT ( 'NONE',  ( 0.1779310371555223591, -0.08253654870110271879, 0.000000000000000000 ) ) ;
#561 = ORIENTED_EDGE ( 'NONE', *, *, #122, .T. ) ;
#562 = CARTESIAN_POINT ( 'NONE',  ( 0.2172147013662246440, 0.09316941274812687301, 0.000000000000000000 ) ) ;
#563 = ORIENTED_EDGE ( 'NONE', *, *, #1341, .F. ) ;
#564 = FACE_OUTER_BOUND ( 'NONE', #983, .T. ) ;
#565 = EDGE_CURVE ( 'NONE', #1886, #166, #1848, .T. ) ;
#566 = DIRECTION ( 'NONE',  ( 0.3390537954853689029, 0.9407669869669990081, 0.000000000000000000 ) ) ;
#567 = FILL_AREA_STYLE_COLOUR ( '', #602 ) ;
#568 = VERTEX_POINT ( 'NONE', #1369 ) ;
#569 = CARTESIAN_POINT ( 'NONE',  ( -0.8999999999999993561, 0.4499999999999993450, -0.02000000000000000042 ) ) ;
#570 = CARTESIAN_POINT ( 'NONE',  ( 1.000000000000000444, -1.000000000000000666, 0.000000000000000000 ) ) ;
#571 = ORIENTED_EDGE ( 'NONE', *, *, #1010, .T. ) ;
#572 =( NAMED_UNIT ( * ) SI_UNIT ( $, .STERADIAN. ) SOLID_ANGLE_UNIT ( ) );
#573 = EDGE_CURVE ( 'NONE', #280, #998, #887, .T. ) ;
#574 =( NAMED_UNIT ( * ) SI_UNIT ( $, .STERADIAN. ) SOLID_ANGLE_UNIT ( ) );
#575 = UNCERTAINTY_MEASURE_WITH_UNIT (LENGTH_MEASURE( 1.000000000000000082E-05 ), #346, 'distance_accuracy_value', 'NONE');
#576 = VECTOR ( 'NONE', #1752, 1000.000000000000000 ) ;
#577 = EDGE_CURVE ( 'NONE', #696, #988, #1376, .T. ) ;
#578 = CARTESIAN_POINT ( 'NONE',  ( 0.2683124494683201688, -0.1012322899461455122, 0.000000000000000000 ) ) ;
#579 = CARTESIAN_POINT ( 'NONE',  ( -0.1944386925643035446, -0.1091855666394263014, 0.000000000000000000 ) ) ;
#580 = ORIENTED_EDGE ( 'NONE', *, *, #348, .T. ) ;
#581 = CARTESIAN_POINT ( 'NONE',  ( -0.1135620502405675775, 0.06152519661932804446, 0.000000000000000000 ) ) ;
#582 = CARTESIAN_POINT ( 'NONE',  ( -0.2860717334908448595, 0.05319776610485431323, 0.000000000000000000 ) ) ;
#583 = CARTESIAN_POINT ( 'NONE',  ( 0.1665369171917940594, -0.07686849346869467636, 0.000000000000000000 ) ) ;
#584 = EDGE_CURVE ( 'NONE', #835, #1046, #1558, .T. ) ;
#585 = DIRECTION ( 'NONE',  ( -2.409338161078898687E-16, 1.000000000000000000, 0.000000000000000000 ) ) ;
#586 = ORIENTED_EDGE ( 'NONE', *, *, #7, .F. ) ;
#587 = DIRECTION ( 'NONE',  ( -1.000000000000000000, 1.807003620809174139E-16, 0.000000000000000000 ) ) ;
#588 = ORIENTED_EDGE ( 'NONE', *, *, #1908, .T. ) ;
#589 = CARTESIAN_POINT ( 'NONE',  ( -0.1316122900046700628, 0.04987036116083921194, 0.000000000000000000 ) ) ;
#590 = CARTESIAN_POINT ( 'NONE',  ( 0.3153174049966721015, -0.01295843249308491728, 0.000000000000000000 ) ) ;
#591 = EDGE_CURVE ( 'NONE', #1618, #1294, #77, .T. ) ;
#592 = ORIENTED_EDGE ( 'NONE', *, *, #518, .T. ) ;
#593 = CARTESIAN_POINT ( 'NONE',  ( -0.8999999999999995781, -0.8999999999999993561, -0.02000000000000000042 ) ) ;
#594 =( LENGTH_UNIT ( ) NAMED_UNIT ( * ) SI_UNIT ( .MILLI., .METRE. ) );
#595 = ORIENTED_EDGE ( 'NONE', *, *, #1497, .F. ) ;
#596 = CARTESIAN_POINT ( 'NONE',  ( -0.9999999999999995559, -1.000000000000000666, 0.6800000000000000488 ) ) ;
#597 = VECTOR ( 'NONE', #494, 1000.000000000000000 ) ;
#598 = FACE_OUTER_BOUND ( 'NONE', #754, .T. ) ;
#599 =( LENGTH_UNIT ( ) NAMED_UNIT ( * ) SI_UNIT ( .MILLI., .METRE. ) );
#600 = DIRECTION ( 'NONE',  ( -2.409338161078898687E-16, -1.000000000000000000, 0.000000000000000000 ) ) ;
#601 = CARTESIAN_POINT ( 'NONE',  ( 0.3152548952983112995, -0.01658272563245601766, 0.000000000000000000 ) ) ;
#602 = COLOUR_RGB ( '',0.6470588235294117974, 0.5176470588235293491, 0.000000000000000000 ) ;
#603 = VECTOR ( 'NONE', #1826, 1000.000000000000000 ) ;
#604 = PRESENTATION_LAYER_ASSIGNMENT (  '', '', ( #1149 ) ) ;
#605 = VECTOR ( 'NONE', #1885, 1000.000000000000000 ) ;
#606 = EDGE_LOOP ( 'NONE', ( #1130, #748, #1162, #1073 ) ) ;
#607 = STYLED_ITEM ( 'NONE', ( #1630 ), #1368 ) ;
#608 =( NAMED_UNIT ( * ) PLANE_ANGLE_UNIT ( ) SI_UNIT ( $, .RADIAN. ) );
#609 = VERTEX_POINT ( 'NONE', #570 ) ;
#610 = EDGE_CURVE ( 'NONE', #86, #2012, #625, .T. ) ;
#611 =( GEOMETRIC_REPRESENTATION_CONTEXT ( 3 ) GLOBAL_UNCERTAINTY_ASSIGNED_CONTEXT ( ( #633 ) ) GLOBAL_UNIT_ASSIGNED_CONTEXT ( ( #721, #1505, #1166 ) ) REPRESENTATION_CONTEXT ( 'NONE', 'WORKASPACE' ) );
#612 = CARTESIAN_POINT ( 'NONE',  ( -0.9999999999999995559, -1.000000000000000666, 0.2800000000000000266 ) ) ;
#613 = ORIENTED_EDGE ( 'NONE', *, *, #1219, .F. ) ;
#614 = LINE ( 'NONE', #316, #1118 ) ;
#615 = LINE ( 'NONE', #1262, #1117 ) ;
#616 = UNCERTAINTY_MEASURE_WITH_UNIT (LENGTH_MEASURE( 1.000000000000000082E-05 ), #482, 'distance_accuracy_value', 'NONE');
#617 = LINE ( 'NONE', #1264, #605 ) ;
#618 = SURFACE_STYLE_USAGE ( .BOTH. , #931 ) ;
#619 = ORIENTED_EDGE ( 'NONE', *, *, #1288, .T. ) ;
#620 = ORIENTED_EDGE ( 'NONE', *, *, #149, .T. ) ;
#621 =( NAMED_UNIT ( * ) PLANE_ANGLE_UNIT ( ) SI_UNIT ( $, .RADIAN. ) );
#622 = DIRECTION ( 'NONE',  ( 1.000000000000000000, -0.000000000000000000, -0.000000000000000000 ) ) ;
#623 = EDGE_CURVE ( 'NONE', #551, #1111, #873, .T. ) ;
#624 = SURFACE_SIDE_STYLE ('',( #1465 ) ) ;
#625 = B_SPLINE_CURVE_WITH_KNOTS ( 'NONE', 3,
 ( #1685, #1407, #98, #1195, #381, #241, #1537, #1211, #1057, #1818, #1838, #1035, #1827, #896, #1678, #750, #390, #562, #218 ),
 .UNSPECIFIED., .F., .F.,
 ( 4, 1, 1, 1, 1, 1, 1, 1, 1, 1, 1, 1, 1, 1, 1, 1, 4 ),
 ( 0.000000000000000000, 0.07064371857535411969, 0.1382567155089046429, 0.2033641242175801001, 0.2663240938030566052, 0.3279047615429893647, 0.3887377151730921909, 0.4494235281093023615, 0.5108610114593155060, 0.5720793960475145656, 0.6317344287314451412, 0.6911172105788377928, 0.7503600294901705547, 0.8100329005312619790, 0.8713624508287362014, 0.9344271412311534464, 1.000000000000000000 ),
 .UNSPECIFIED. ) ;
#626 = FACE_BOUND ( 'NONE', #121, .T. ) ;
#627 = SURFACE_STYLE_FILL_AREA ( #282 ) ;
#628 = ORIENTED_EDGE ( 'NONE', *, *, #2024, .T. ) ;
#629 = FACE_OUTER_BOUND ( 'NONE', #638, .T. ) ;
#630 = ORIENTED_EDGE ( 'NONE', *, *, #1725, .T. ) ;
#631 = CARTESIAN_POINT ( 'NONE',  ( 0.1006832586552087599, 0.003009555311793142215, 0.000000000000000000 ) ) ;
#632 =( NAMED_UNIT ( * ) SI_UNIT ( $, .STERADIAN. ) SOLID_ANGLE_UNIT ( ) );
#633 = UNCERTAINTY_MEASURE_WITH_UNIT (LENGTH_MEASURE( 1.000000000000000082E-05 ), #721, 'distance_accuracy_value', 'NONE');
#634 = EDGE_CURVE ( 'NONE', #1433, #696, #1991, .T. ) ;
#635 = FACE_BOUND ( 'NONE', #1122, .T. ) ;
#636 = VECTOR ( 'NONE', #995, 1000.000000000000000 ) ;
#637 = STYLED_ITEM ( 'NONE', ( #118 ), #2026 ) ;
#638 = EDGE_LOOP ( 'NONE', ( #834, #999, #515, #2073 ) ) ;
#639 = PRESENTATION_LAYER_ASSIGNMENT (  '', '', ( #61 ) ) ;
#640 = COLOUR_RGB ( '',0.6470588235294117974, 0.5176470588235293491, 0.000000000000000000 ) ;
#641 = ORIENTED_EDGE ( 'NONE', *, *, #140, .T. ) ;
#642 = CARTESIAN_POINT ( 'NONE',  ( -0.9999999999999995559, 0.9999999999999993339, 0.000000000000000000 ) ) ;
#643 =( GEOMETRIC_REPRESENTATION_CONTEXT ( 3 ) GLOBAL_UNCERTAINTY_ASSIGNED_CONTEXT ( ( #1690 ) ) GLOBAL_UNIT_ASSIGNED_CONTEXT ( ( #150, #786, #1914 ) ) REPRESENTATION_CONTEXT ( 'NONE', 'WORKASPACE' ) );
#644 = FACE_OUTER_BOUND ( 'NONE', #54, .T. ) ;
#645 = CARTESIAN_POINT ( 'NONE',  ( -0.07321155841796206376, -0.1091855666394263707, 0.000000000000000000 ) ) ;
#646 = EDGE_CURVE ( 'NONE', #1163, #442, #1417, .T. ) ;
#647 = EDGE_CURVE ( 'NONE', #835, #2039, #947, .T. ) ;
#648 = CARTESIAN_POINT ( 'NONE',  ( 0.2999999999999994893, 0.4499999999999993450, -0.02000000000000000042 ) ) ;
#649 = ORIENTED_EDGE ( 'NONE', *, *, #584, .F. ) ;
#650 = ORIENTED_EDGE ( 'NONE', *, *, #1139, .T. ) ;
#651 = PLANE ( 'NONE',  #368 ) ;
#652 = PLANE ( 'NONE',  #426 ) ;
#653 = ORIENTED_EDGE ( 'NONE', *, *, #357, .T. ) ;
#654 = CARTESIAN_POINT ( 'NONE',  ( 0.2999999999999996003, -0.8999999999999994671, -0.02000000000000000042 ) ) ;
#655 = DIRECTION ( 'NONE',  ( -1.000000000000000000, 0.000000000000000000, 0.000000000000000000 ) ) ;
#656 =( NAMED_UNIT ( * ) SI_UNIT ( $, .STERADIAN. ) SOLID_ANGLE_UNIT ( ) );
#657 = VERTEX_POINT ( 'NONE', #612 ) ;
#658 = EDGE_CURVE ( 'NONE', #1036, #1276, #832, .T. ) ;
#659 = ORIENTED_EDGE ( 'NONE', *, *, #1075, .F. ) ;
#660 = FILL_AREA_STYLE ('',( #1501 ) ) ;
#661 = FILL_AREA_STYLE ('',( #361 ) ) ;
#662 = EDGE_LOOP ( 'NONE', ( #588, #174, #18, #653, #295, #362, #948, #17, #1187, #443, #571, #1196 ) ) ;
#663 = CARTESIAN_POINT ( 'NONE',  ( -0.3456582047594254914, -0.1091855666394263014, 0.000000000000000000 ) ) ;
#664 = CARTESIAN_POINT ( 'NONE',  ( 0.8999999999999995781, -0.8999999999999993561, -0.02000000000000000042 ) ) ;
#665 = FACE_OUTER_BOUND ( 'NONE', #99, .T. ) ;
#666 = DIRECTION ( 'NONE',  ( -4.818676322157798361E-16, 1.000000000000000000, 0.000000000000000000 ) ) ;
#667 = LINE ( 'NONE', #1878, #1668 ) ;
#668 = SURFACE_SIDE_STYLE ('',( #30 ) ) ;
#669 = ORIENTED_EDGE ( 'NONE', *, *, #739, .T. ) ;
#670 = ORIENTED_EDGE ( 'NONE', *, *, #1931, .F. ) ;
#671 = EDGE_CURVE ( 'NONE', #2039, #657, #1589, .T. ) ;
#672 = VECTOR ( 'NONE', #685, 1000.000000000000000 ) ;
#673 = STYLED_ITEM ( 'NONE', ( #1044 ), #1738 ) ;
#674 = FILL_AREA_STYLE_COLOUR ( '', #704 ) ;
#675 = VERTEX_POINT ( 'NONE', #1781 ) ;
#676 = FACE_OUTER_BOUND ( 'NONE', #465, .T. ) ;
#677 = MECHANICAL_DESIGN_GEOMETRIC_PRESENTATION_REPRESENTATION (  '', ( #400 ), #472 ) ;
#678 = STYLED_ITEM ( 'NONE', ( #393 ), #1402 ) ;
#679 = B_SPLINE_CURVE_WITH_KNOTS ( 'NONE', 3,
 ( #711, #1364, #1541, #1572, #245, #120, #578, #1860, #91, #1412, #746, #2004, #407, #1428, #1404, #1382, #2036, #601, #590 ),
 .UNSPECIFIED., .F., .F.,
 ( 4, 1, 1, 1, 1, 1, 1, 1, 1, 1, 1, 1, 1, 1, 1, 1, 4 ),
 ( 0.000000000000000000, 0.06783324845577359818, 0.1326555365079041537, 0.1950508840508280717, 0.2555829330687770518, 0.3147998341472900141, 0.3736004728263744301, 0.4325455953267435816, 0.4924306292835654020, 0.5526712559629695098, 0.6125130441881163623, 0.6726102503570063895, 0.7338383693139459707, 0.7965942385677737825, 0.8614497992905731927, 0.9291989423509053880, 1.000000000000000000 ),
 .UNSPECIFIED. ) ;
#680 = CARTESIAN_POINT ( 'NONE',  ( 0.000000000000000000, 0.000000000000000000, -0.02000000000000000042 ) ) ;
#681 = APPLICATION_CONTEXT ( 'automotive_design' ) ;
#682 = CARTESIAN_POINT ( 'NONE',  ( 0.2834221664566734522, 0.02269972870617858671, 0.000000000000000000 ) ) ;
#683 = ORIENTED_EDGE ( 'NONE', *, *, #197, .T. ) ;
#684 = ORIENTED_EDGE ( 'NONE', *, *, #658, .F. ) ;
#685 = DIRECTION ( 'NONE',  ( -1.000000000000000000, 0.000000000000000000, 0.000000000000000000 ) ) ;
#686 = ORIENTED_EDGE ( 'NONE', *, *, #2041, .F. ) ;
#687 = CARTESIAN_POINT ( 'NONE',  ( -0.1071334599386482705, -0.08214234805093405256, 0.000000000000000000 ) ) ;
#688 = FILL_AREA_STYLE ('',( #1972 ) ) ;
#689 = EDGE_CURVE ( 'NONE', #1913, #1268, #1895, .T. ) ;
#690 = CARTESIAN_POINT ( 'NONE',  ( 0.000000000000000000, 0.000000000000000000, -0.02000000000000000042 ) ) ;
#691 = CARTESIAN_POINT ( 'NONE',  ( 0.2213983279586345942, 0.07112969635625351894, 0.000000000000000000 ) ) ;
#692 = CARTESIAN_POINT ( 'NONE',  ( -0.8999999999999993561, -0.4499999999999993450, -0.02000000000000000042 ) ) ;
#693 = DIRECTION ( 'NONE',  ( 1.000000000000000000, 1.807003620809174632E-16, 0.000000000000000000 ) ) ;
#694 = CARTESIAN_POINT ( 'NONE',  ( -0.1255879208397719937, 0.08065872556244492453, 0.000000000000000000 ) ) ;
#695 = DIRECTION ( 'NONE',  ( 0.000000000000000000, 0.000000000000000000, 1.000000000000000000 ) ) ;
#696 = VERTEX_POINT ( 'NONE', #1632 ) ;
#697 = FILL_AREA_STYLE ('',( #516 ) ) ;
#698 = CARTESIAN_POINT ( 'NONE',  ( 0.2676789468054489585, 0.04902745365974012920, 0.000000000000000000 ) ) ;
#699 = FILL_AREA_STYLE ('',( #1043 ) ) ;
#700 = AXIS2_PLACEMENT_3D ( 'NONE', #1310, #1954, #350 ) ;
#701 = CARTESIAN_POINT ( 'NONE',  ( -0.07894385806050026322, 0.09073253497005719093, 0.000000000000000000 ) ) ;
#702 = ORIENTED_EDGE ( 'NONE', *, *, #1350, .F. ) ;
#703 = CARTESIAN_POINT ( 'NONE',  ( -0.1370788940532419176, -0.06074164208517277008, 0.000000000000000000 ) ) ;
#704 = COLOUR_RGB ( '',0.1019607843137254888, 0.1019607843137254888, 0.1019607843137254888 ) ;
#705 = AXIS2_PLACEMENT_3D ( 'NONE', #829, #1475, #1273 ) ;
#706 = VECTOR ( 'NONE', #1646, 1000.000000000000000 ) ;
#707 = AXIS2_PLACEMENT_3D ( 'NONE', #690, #347, #1815 ) ;
#708 = CARTESIAN_POINT ( 'NONE',  ( 0.1665369171917940871, -0.09881971298088983169, 0.000000000000000000 ) ) ;
#709 = DIRECTION ( 'NONE',  ( 0.000000000000000000, -0.000000000000000000, 1.000000000000000000 ) ) ;
#710 = COLOUR_RGB ( '',0.1019607843137254888, 0.1019607843137254888, 0.1019607843137254888 ) ;
#711 = CARTESIAN_POINT ( 'NONE',  ( 0.2215674049966721293, -0.1116245910296703031, 0.000000000000000000 ) ) ;
#712 = DIRECTION ( 'NONE',  ( 0.000000000000000000, -0.000000000000000000, 1.000000000000000000 ) ) ;
#713 = CARTESIAN_POINT ( 'NONE',  ( 0.2036713824750364665, -0.08893754829997135847, 0.000000000000000000 ) ) ;
#714 = ORIENTED_EDGE ( 'NONE', *, *, #1240, .F. ) ;
#715 = LINE ( 'NONE', #1231, #126 ) ;
#716 = CARTESIAN_POINT ( 'NONE',  ( 0.1819330726942942900, 0.09024954902840810755, 0.000000000000000000 ) ) ;
#717 = ORIENTED_EDGE ( 'NONE', *, *, #1892, .T. ) ;
#718 = CARTESIAN_POINT ( 'NONE',  ( 1.000000000000000444, 0.9999999999999993339, 0.2800000000000000266 ) ) ;
#719 =( LENGTH_UNIT ( ) NAMED_UNIT ( * ) SI_UNIT ( .MILLI., .METRE. ) );
#720 = DIRECTION ( 'NONE',  ( -1.000000000000000000, -4.818676322157798361E-16, 0.000000000000000000 ) ) ;
#721 =( LENGTH_UNIT ( ) NAMED_UNIT ( * ) SI_UNIT ( .MILLI., .METRE. ) );
#722 = DIRECTION ( 'NONE',  ( -0.000000000000000000, -0.000000000000000000, -1.000000000000000000 ) ) ;
#723 = CARTESIAN_POINT ( 'NONE',  ( -0.07404997305210840597, -0.08723434712723125706, 0.000000000000000000 ) ) ;
#724 = CARTESIAN_POINT ( 'NONE',  ( 0.2328484900391330770, -0.08846764092745694474, 0.000000000000000000 ) ) ;
#725 = SURFACE_SIDE_STYLE ('',( #217 ) ) ;
#726 = EDGE_CURVE ( 'NONE', #281, #183, #1478, .T. ) ;
#727 = CARTESIAN_POINT ( 'NONE',  ( 0.02995155133813557150, 0.003009555311793142215, 0.000000000000000000 ) ) ;
#728 = ORIENTED_EDGE ( 'NONE', *, *, #752, .F. ) ;
#729 = SURFACE_STYLE_FILL_AREA ( #1530 ) ;
#730 = EDGE_CURVE ( 'NONE', #874, #32, #667, .T. ) ;
#731 = CARTESIAN_POINT ( 'NONE',  ( 0.8999999999999995781, -0.8999999999999993561, -0.02000000000000000042 ) ) ;
#732 = LINE ( 'NONE', #304, #1767 ) ;
#733 = CARTESIAN_POINT ( 'NONE',  ( 0.1683753832175613752, -0.07790400430430219347, 0.000000000000000000 ) ) ;
#734 = LINE ( 'NONE', #1384, #1807 ) ;
#735 = MECHANICAL_DESIGN_GEOMETRIC_PRESENTATION_REPRESENTATION (  '', ( #119 ), #2007 ) ;
#736 = COLOUR_RGB ( '',1.000000000000000000, 1.000000000000000000, 1.000000000000000000 ) ;
#737 = CARTESIAN_POINT ( 'NONE',  ( 0.8999999999999995781, 0.8999999999999993561, -0.02000000000000000042 ) ) ;
#738 = ORIENTED_EDGE ( 'NONE', *, *, #1495, .F. ) ;
#739 = EDGE_CURVE ( 'NONE', #1955, #1232, #1889, .T. ) ;
#740 = SURFACE_STYLE_USAGE ( .BOTH. , #1378 ) ;
#741 = CARTESIAN_POINT ( 'NONE',  ( -0.8999999999999995781, 0.8999999999999993561, -0.02000000000000000042 ) ) ;
#742 = EDGE_CURVE ( 'NONE', #234, #1370, #2063, .T. ) ;
#743 = CARTESIAN_POINT ( 'NONE',  ( 1.000000000000000444, -1.000000000000000666, 0.6800000000000000488 ) ) ;
#744 = VECTOR ( 'NONE', #1547, 1000.000000000000000 ) ;
#745 = VECTOR ( 'NONE', #1816, 1000.000000000000000 ) ;
#746 = CARTESIAN_POINT ( 'NONE',  ( 0.2959177788242344231, -0.07762707517240007016, 0.000000000000000000 ) ) ;
#747 = DIRECTION ( 'NONE',  ( 0.000000000000000000, 0.000000000000000000, -1.000000000000000000 ) ) ;
#748 = ORIENTED_EDGE ( 'NONE', *, *, #521, .T. ) ;
#749 = PRODUCT_DEFINITION_SHAPE ( 'NONE', 'NONE',  #2001 ) ;
#750 = CARTESIAN_POINT ( 'NONE',  ( 0.2346888634160766152, 0.09159495179419241406, 0.000000000000000000 ) ) ;
#751 = ORIENTED_EDGE ( 'NONE', *, *, #845, .F. ) ;
#752 = EDGE_CURVE ( 'NONE', #454, #281, #933, .T. ) ;
#753 = DIRECTION ( 'NONE',  ( 1.000000000000000000, 0.000000000000000000, 0.000000000000000000 ) ) ;
#754 = EDGE_LOOP ( 'NONE', ( #1415, #2054, #1828, #313 ) ) ;
#755 = LINE ( 'NONE', #1406, #297 ) ;
#756 = VERTEX_POINT ( 'NONE', #987 ) ;
#757 = DIRECTION ( 'NONE',  ( 0.000000000000000000, -1.000000000000000000, 0.000000000000000000 ) ) ;
#758 = ORIENTED_EDGE ( 'NONE', *, *, #307, .F. ) ;
#759 = CARTESIAN_POINT ( 'NONE',  ( -0.1529752779301571941, -0.007241969078450752849, 0.000000000000000000 ) ) ;
#760 = CARTESIAN_POINT ( 'NONE',  ( 0.8999999999999995781, -0.8999999999999993561, -0.02000000000000000042 ) ) ;
#761 = PRESENTATION_STYLE_ASSIGNMENT (( #439 ) ) ;
#762 = UNCERTAINTY_MEASURE_WITH_UNIT (LENGTH_MEASURE( 1.000000000000000082E-05 ), #131, 'distance_accuracy_value', 'NONE');
#763 = LINE ( 'NONE', #1373, #1245 ) ;
#764 = LINE ( 'NONE', #1533, #95 ) ;
#765 = FILL_AREA_STYLE_COLOUR ( '', #846 ) ;
#766 = ORIENTED_EDGE ( 'NONE', *, *, #1906, .T. ) ;
#767 = DIRECTION ( 'NONE',  ( 1.000000000000000000, 0.000000000000000000, 0.000000000000000000 ) ) ;
#768 = ORIENTED_EDGE ( 'NONE', *, *, #35, .F. ) ;
#769 = CARTESIAN_POINT ( 'NONE',  ( 0.000000000000000000, 0.000000000000000000, 0.6800000000000000488 ) ) ;
#770 = PRESENTATION_LAYER_ASSIGNMENT (  '', '', ( #1663 ) ) ;
#771 = CARTESIAN_POINT ( 'NONE',  ( 0.2999999999999996003, -0.8999999999999994671, -0.02000000000000000042 ) ) ;
#772 = CARTESIAN_POINT ( 'NONE',  ( -0.2999999999999994893, -0.4499999999999993450, 0.000000000000000000 ) ) ;
#773 = PRESENTATION_STYLE_ASSIGNMENT (( #440 ) ) ;
#774 =( NAMED_UNIT ( * ) PLANE_ANGLE_UNIT ( ) SI_UNIT ( $, .RADIAN. ) );
#775 = VECTOR ( 'NONE', #982, 1000.000000000000000 ) ;
#776 = AXIS2_PLACEMENT_3D ( 'NONE', #1880, #1750, #147 ) ;
#777 = VECTOR ( 'NONE', #1938, 1000.000000000000000 ) ;
#778 =( GEOMETRIC_REPRESENTATION_CONTEXT ( 3 ) GLOBAL_UNCERTAINTY_ASSIGNED_CONTEXT ( ( #1103 ) ) GLOBAL_UNIT_ASSIGNED_CONTEXT ( ( #1467, #530, #1021 ) ) REPRESENTATION_CONTEXT ( 'NONE', 'WORKASPACE' ) );
#779 = EDGE_LOOP ( 'NONE', ( #1718, #1819, #1107, #766 ) ) ;
#780 = CARTESIAN_POINT ( 'NONE',  ( -0.8999999999999995781, -0.8999999999999993561, 0.000000000000000000 ) ) ;
#781 = ORIENTED_EDGE ( 'NONE', *, *, #102, .F. ) ;
#782 = EDGE_CURVE ( 'NONE', #1257, #874, #137, .T. ) ;
#783 = DIRECTION ( 'NONE',  ( 0.000000000000000000, -1.000000000000000000, 1.355252715606880296E-16 ) ) ;
#784 = ORIENTED_EDGE ( 'NONE', *, *, #2002, .T. ) ;
#785 = DIRECTION ( 'NONE',  ( 2.409338161078898194E-16, -1.000000000000000000, -0.000000000000000000 ) ) ;
#786 =( NAMED_UNIT ( * ) PLANE_ANGLE_UNIT ( ) SI_UNIT ( $, .RADIAN. ) );
#787 = UNCERTAINTY_MEASURE_WITH_UNIT (LENGTH_MEASURE( 1.000000000000000082E-05 ), #1654, 'distance_accuracy_value', 'NONE');
#788 = DIRECTION ( 'NONE',  ( 1.000000000000000000, -1.807003620809174139E-16, 0.000000000000000000 ) ) ;
#789 = DIRECTION ( 'NONE',  ( 0.000000000000000000, -1.000000000000000000, 0.000000000000000000 ) ) ;
#790 = DIRECTION ( 'NONE',  ( 0.000000000000000000, -0.000000000000000000, 1.000000000000000000 ) ) ;
#791 = VERTEX_POINT ( 'NONE', #1439 ) ;
#792 = ADVANCED_FACE ( 'NONE', ( #1267 ), #1098, .F. ) ;
#793 = FILL_AREA_STYLE_COLOUR ( '', #1076 ) ;
#794 = FACE_OUTER_BOUND ( 'NONE', #106, .T. ) ;
#795 = CARTESIAN_POINT ( 'NONE',  ( 0.2188730062699536516, -0.1115929902675916879, 0.000000000000000000 ) ) ;
#796 =( NAMED_UNIT ( * ) SI_UNIT ( $, .STERADIAN. ) SOLID_ANGLE_UNIT ( ) );
#797 = SURFACE_SIDE_STYLE ('',( #111 ) ) ;
#798 = ORIENTED_EDGE ( 'NONE', *, *, #1830, .F. ) ;
#799 = ORIENTED_EDGE ( 'NONE', *, *, #355, .T. ) ;
#800 = LINE ( 'NONE', #115, #1518 ) ;
#801 = ADVANCED_FACE ( 'NONE', ( #629 ), #2043, .T. ) ;
#802 = DIRECTION ( 'NONE',  ( 0.000000000000000000, 0.000000000000000000, 1.000000000000000000 ) ) ;
#803 = SURFACE_SIDE_STYLE ('',( #1734 ) ) ;
#804 = UNCERTAINTY_MEASURE_WITH_UNIT (LENGTH_MEASURE( 1.000000000000000082E-05 ), #6, 'distance_accuracy_value', 'NONE');
#805 = FILL_AREA_STYLE_COLOUR ( '', #58 ) ;
#806 = VECTOR ( 'NONE', #1600, 1000.000000000000000 ) ;
#807 = EDGE_CURVE ( 'NONE', #1967, #1503, #378, .T. ) ;
#808 = SURFACE_STYLE_USAGE ( .BOTH. , #152 ) ;
#809 = VECTOR ( 'NONE', #802, 1000.000000000000000 ) ;
#810 = FACE_OUTER_BOUND ( 'NONE', #525, .T. ) ;
#811 = EDGE_LOOP ( 'NONE', ( #1306, #177, #1894, #659, #1212, #1529, #1141, #848 ) ) ;
#812 = VECTOR ( 'NONE', #550, 1000.000000000000000 ) ;
#813 = COLOUR_RGB ( '',0.6470588235294117974, 0.5176470588235293491, 0.000000000000000000 ) ;
#814 = COLOUR_RGB ( '',0.1019607843137254888, 0.1019607843137254888, 0.1019607843137254888 ) ;
#815 = ORIENTED_EDGE ( 'NONE', *, *, #307, .T. ) ;
#816 = LINE ( 'NONE', #1912, #809 ) ;
#817 = ORIENTED_EDGE ( 'NONE', *, *, #416, .F. ) ;
#818 = SURFACE_STYLE_USAGE ( .BOTH. , #803 ) ;
#819 = CARTESIAN_POINT ( 'NONE',  ( 0.4080003318259405320, -0.08723434712723128481, 0.000000000000000000 ) ) ;
#820 =( LENGTH_UNIT ( ) NAMED_UNIT ( * ) SI_UNIT ( .MILLI., .METRE. ) );
#821 = VERTEX_POINT ( 'NONE', #1032 ) ;
#822 = FILL_AREA_STYLE ('',( #339 ) ) ;
#823 = FILL_AREA_STYLE_COLOUR ( '', #471 ) ;
#824 = EDGE_LOOP ( 'NONE', ( #932, #1230, #1438, #1449, #649 ) ) ;
#825 = CARTESIAN_POINT ( 'NONE',  ( -0.8999999999999995781, -0.8999999999999993561, -0.02000000000000000042 ) ) ;
#826 = DIRECTION ( 'NONE',  ( 0.000000000000000000, 1.000000000000000000, 0.000000000000000000 ) ) ;
#827 = EDGE_LOOP ( 'NONE', ( #768, #1652, #595, #964 ) ) ;
#828 = CARTESIAN_POINT ( 'NONE',  ( -0.07515515597893766830, 0.06886321384837854054, 0.000000000000000000 ) ) ;
#829 = CARTESIAN_POINT ( 'NONE',  ( -0.8999999999999995781, 0.8999999999999993561, -0.02000000000000000042 ) ) ;
#830 = LINE ( 'NONE', #212, #543 ) ;
#831 = PRESENTATION_STYLE_ASSIGNMENT (( #171 ) ) ;
#832 = LINE ( 'NONE', #1258, #636 ) ;
#833 = CARTESIAN_POINT ( 'NONE',  ( -0.2796876236917283931, 0.05331137481558467089, 0.000000000000000000 ) ) ;
#834 = ORIENTED_EDGE ( 'NONE', *, *, #149, .F. ) ;
#835 = VERTEX_POINT ( 'NONE', #558 ) ;
#836 = CARTESIAN_POINT ( 'NONE',  ( -0.1500895217052108099, 0.06446785584083980503, 0.000000000000000000 ) ) ;
#837 = CARTESIAN_POINT ( 'NONE',  ( 0.2999999999999994893, 0.4499999999999993450, -0.02000000000000000042 ) ) ;
#838 = ORIENTED_EDGE ( 'NONE', *, *, #1964, .T. ) ;
#839 = PLANE ( 'NONE',  #1550 ) ;
#840 = LINE ( 'NONE', #1944, #597 ) ;
#841 = ORIENTED_EDGE ( 'NONE', *, *, #742, .T. ) ;
#842 = ORIENTED_EDGE ( 'NONE', *, *, #730, .T. ) ;
#843 = CARTESIAN_POINT ( 'NONE',  ( -0.1683628130664668043, 0.04203550929008031262, 0.000000000000000000 ) ) ;
#844 = VECTOR ( 'NONE', #622, 1000.000000000000000 ) ;
#845 = EDGE_CURVE ( 'NONE', #1679, #145, #1022, .T. ) ;
#846 = COLOUR_RGB ( '',0.6470588235294117974, 0.5176470588235293491, 0.000000000000000000 ) ;
#847 = DIRECTION ( 'NONE',  ( 0.000000000000000000, -0.000000000000000000, -1.000000000000000000 ) ) ;
#848 = ORIENTED_EDGE ( 'NONE', *, *, #742, .F. ) ;
#849 = DIRECTION ( 'NONE',  ( 0.000000000000000000, -0.000000000000000000, 1.000000000000000000 ) ) ;
#850 = VECTOR ( 'NONE', #1499, 1000.000000000000000 ) ;
#851 = CARTESIAN_POINT ( 'NONE',  ( -0.2863213145155231176, 0.05239979921423224690, 0.000000000000000000 ) ) ;
#852 = LINE ( 'NONE', #548, #1978 ) ;
#853 =( NAMED_UNIT ( * ) SI_UNIT ( $, .STERADIAN. ) SOLID_ANGLE_UNIT ( ) );
#854 =( NAMED_UNIT ( * ) SI_UNIT ( $, .STERADIAN. ) SOLID_ANGLE_UNIT ( ) );
#855 = CARTESIAN_POINT ( 'NONE',  ( -0.8999999999999993561, -0.4499999999999993450, -0.02000000000000000042 ) ) ;
#856 = B_SPLINE_CURVE_WITH_KNOTS ( 'NONE', 3,
 ( #1471, #701, #167, #1335, #513, #1642, #694, #1344, #1981, #836, #1957, #526, #843, #1483, #1193, #326, #1619, #9, #342 ),
 .UNSPECIFIED., .F., .F.,
 ( 4, 1, 1, 1, 1, 1, 1, 1, 1, 1, 1, 1, 1, 1, 1, 1, 4 ),
 ( 0.000000000000000000, 0.06863117867660124827, 0.1345664660386773070, 0.1983281540108811358, 0.2607897666408450221, 0.3219991514841584190, 0.3827217465030196553, 0.4435374740357289070, 0.5051334294849250117, 0.5662138747646719983, 0.6261058646175455822, 0.6853493221605165830, 0.7449958703477973510, 0.8054158418145627163, 0.8676362663459531444, 0.9323077823023292465, 1.000000000000000000 ),
 .UNSPECIFIED. ) ;
#857 = CARTESIAN_POINT ( 'NONE',  ( 1.000000000000000444, 0.9999999999999993339, 0.6800000000000000488 ) ) ;
#858 = VERTEX_POINT ( 'NONE', #883 ) ;
#859 = CARTESIAN_POINT ( 'NONE',  ( -0.1321999452746815962, -0.06628992822891331682, 0.000000000000000000 ) ) ;
#860 = CARTESIAN_POINT ( 'NONE',  ( 0.4080003318259405320, -0.08723434712723128481, 0.000000000000000000 ) ) ;
#861 = CARTESIAN_POINT ( 'NONE',  ( -0.01882893646674254837, 0.09081443336057366811, 0.000000000000000000 ) ) ;
#862 = LINE ( 'NONE', #72, #1185 ) ;
#863 = CARTESIAN_POINT ( 'NONE',  ( -0.2999999999999994893, -0.4499999999999993450, -0.02000000000000000042 ) ) ;
#864 = CARTESIAN_POINT ( 'NONE',  ( -0.3164280218325962180, -0.03113678615162141644, 0.000000000000000000 ) ) ;
#865 = FACE_OUTER_BOUND ( 'NONE', #351, .T. ) ;
#866 = ORIENTED_EDGE ( 'NONE', *, *, #278, .T. ) ;
#867 = DIRECTION ( 'NONE',  ( 1.000000000000000000, 0.000000000000000000, -0.000000000000000000 ) ) ;
#868 = CARTESIAN_POINT ( 'NONE',  ( 0.2999999999999996003, -0.8999999999999994671, -0.02000000000000000042 ) ) ;
#869 = EDGE_CURVE ( 'NONE', #568, #1351, #214, .T. ) ;
#870 = CARTESIAN_POINT ( 'NONE',  ( 0.2884188738081001624, -0.008230494792326133180, 0.000000000000000000 ) ) ;
#871 = CARTESIAN_POINT ( 'NONE',  ( 0.2178707586552086906, -0.08967337151747517554, 0.000000000000000000 ) ) ;
#872 = FILL_AREA_STYLE_COLOUR ( '', #640 ) ;
#873 = LINE ( 'NONE', #737, #327 ) ;
#874 = VERTEX_POINT ( 'NONE', #38 ) ;
#875 = CARTESIAN_POINT ( 'NONE',  ( -0.1449596692578834223, -0.04802301431532179227, 0.000000000000000000 ) ) ;
#876 = DIRECTION ( 'NONE',  ( 0.000000000000000000, 0.000000000000000000, 1.000000000000000000 ) ) ;
#877 = VECTOR ( 'NONE', #305, 1000.000000000000000 ) ;
#878 = PRESENTATION_LAYER_ASSIGNMENT (  '', '', ( #1251 ) ) ;
#879 = LINE ( 'NONE', #1224, #1249 ) ;
#880 = CARTESIAN_POINT ( 'NONE',  ( 0.1665369171917940594, 0.08532662848252484111, 0.000000000000000000 ) ) ;
#881 = COLOUR_RGB ( '',0.6470588235294117974, 0.5176470588235293491, 0.000000000000000000 ) ;
#882 = B_SPLINE_CURVE_WITH_KNOTS ( 'NONE', 3,
 ( #2015, #582, #254, #1227, #1705, #1085, #1844 ),
 .UNSPECIFIED., .F., .F.,
 ( 4, 1, 1, 1, 4 ),
 ( 0.000000000000000000, 0.1744817153170514223, 0.3982857591281128706, 0.6738978473986667606, 0.9999999999999998890 ),
 .UNSPECIFIED. ) ;
#883 = CARTESIAN_POINT ( 'NONE',  ( 0.1665369171917940594, -0.07686849346869467636, 0.000000000000000000 ) ) ;
#884 = EDGE_CURVE ( 'NONE', #1137, #1535, #1532, .T. ) ;
#885 = CARTESIAN_POINT ( 'NONE',  ( 0.000000000000000000, -0.9000000000000005773, 0.6800000000000000488 ) ) ;
#886 = EDGE_CURVE ( 'NONE', #40, #1171, #1665, .T. ) ;
#887 = LINE ( 'NONE', #1203, #92 ) ;
#888 = EDGE_LOOP ( 'NONE', ( #1095, #1992, #1259, #580 ) ) ;
#889 = CARTESIAN_POINT ( 'NONE',  ( -0.1260194850363449970, 0.05432051451887803112, 0.000000000000000000 ) ) ;
#890 = LINE ( 'NONE', #760, #1287 ) ;
#891 = CARTESIAN_POINT ( 'NONE',  ( -0.1725653943477819252, -0.04856488506857350312, 0.000000000000000000 ) ) ;
#892 = CARTESIAN_POINT ( 'NONE',  ( 0.1903171865479497127, -0.08655056149257615850, 0.000000000000000000 ) ) ;
#893 = EDGE_CURVE ( 'NONE', #1597, #32, #862, .T. ) ;
#894 = LINE ( 'NONE', #569, #1903 ) ;
#895 = EDGE_CURVE ( 'NONE', #1604, #1510, #852, .T. ) ;
#896 = CARTESIAN_POINT ( 'NONE',  ( 0.2540063344392237688, 0.08615271892371503815, 0.000000000000000000 ) ) ;
#897 = ORIENTED_EDGE ( 'NONE', *, *, #2056, .F. ) ;
#898 = LINE ( 'NONE', #1068, #1870 ) ;
#899 =( NAMED_UNIT ( * ) SI_UNIT ( $, .STERADIAN. ) SOLID_ANGLE_UNIT ( ) );
#900 = FILL_AREA_STYLE ('',( #1873 ) ) ;
#901 = CARTESIAN_POINT ( 'NONE',  ( 0.1968693367186730991, -0.08797190443696568940, 0.000000000000000000 ) ) ;
#902 = CARTESIAN_POINT ( 'NONE',  ( 0.1718489950918813403, 0.06158407759803414400, 0.000000000000000000 ) ) ;
#903 = MECHANICAL_DESIGN_GEOMETRIC_PRESENTATION_REPRESENTATION (  '', ( #328 ), #2071 ) ;
#904 = CARTESIAN_POINT ( 'NONE',  ( 0.1713746440351817668, 0.08729036846626141155, 0.000000000000000000 ) ) ;
#905 = VERTEX_POINT ( 'NONE', #1191 ) ;
#906 = EDGE_CURVE ( 'NONE', #1538, #1913, #1831, .T. ) ;
#907 = VECTOR ( 'NONE', #2028, 1000.000000000000000 ) ;
#908 =( LENGTH_UNIT ( ) NAMED_UNIT ( * ) SI_UNIT ( .MILLI., .METRE. ) );
#909 = SURFACE_STYLE_FILL_AREA ( #1555 ) ;
#910 = UNCERTAINTY_MEASURE_WITH_UNIT (LENGTH_MEASURE( 1.000000000000000082E-05 ), #1569, 'distance_accuracy_value', 'NONE');
#911 = PRESENTATION_LAYER_ASSIGNMENT (  '', '', ( #192 ) ) ;
#912 = VECTOR ( 'NONE', #1650, 1000.000000000000000 ) ;
#913 =( NAMED_UNIT ( * ) SI_UNIT ( $, .STERADIAN. ) SOLID_ANGLE_UNIT ( ) );
#914 = PRESENTATION_LAYER_ASSIGNMENT (  '', '', ( #1189 ) ) ;
#915 = DIRECTION ( 'NONE',  ( 1.000000000000000000, 2.409338161078898687E-16, -0.000000000000000000 ) ) ;
#916 = ORIENTED_EDGE ( 'NONE', *, *, #248, .F. ) ;
#917 = DIRECTION ( 'NONE',  ( 1.000000000000000000, 0.000000000000000000, 0.000000000000000000 ) ) ;
#918 = ORIENTED_EDGE ( 'NONE', *, *, #1882, .F. ) ;
#919 = SURFACE_SIDE_STYLE ('',( #264 ) ) ;
#920 = SURFACE_STYLE_USAGE ( .BOTH. , #265 ) ;
#921 = DIRECTION ( 'NONE',  ( 0.000000000000000000, -1.000000000000000000, 0.000000000000000000 ) ) ;
#922 = CARTESIAN_POINT ( 'NONE',  ( 0.8999999999999995781, 0.8999999999999993561, 0.000000000000000000 ) ) ;
#923 = VERTEX_POINT ( 'NONE', #238 ) ;
#924 = DIRECTION ( 'NONE',  ( 0.000000000000000000, -1.000000000000000000, 0.000000000000000000 ) ) ;
#925 = DIRECTION ( 'NONE',  ( 1.000000000000000000, 0.000000000000000000, 0.000000000000000000 ) ) ;
#926 = PLANE ( 'NONE',  #547 ) ;
#927 = CARTESIAN_POINT ( 'NONE',  ( -0.8999999999999993561, -0.4499999999999993450, -0.02000000000000000042 ) ) ;
#928 = DIRECTION ( 'NONE',  ( 1.000000000000000000, 0.000000000000000000, 0.000000000000000000 ) ) ;
#929 = ORIENTED_EDGE ( 'NONE', *, *, #1457, .F. ) ;
#930 = EDGE_CURVE ( 'NONE', #2037, #1913, #1515, .T. ) ;
#931 = SURFACE_SIDE_STYLE ('',( #627 ) ) ;
#932 = ORIENTED_EDGE ( 'NONE', *, *, #647, .T. ) ;
#933 = LINE ( 'NONE', #1110, #1214 ) ;
#934 = ORIENTED_EDGE ( 'NONE', *, *, #610, .T. ) ;
#935 = FACE_OUTER_BOUND ( 'NONE', #496, .T. ) ;
#936 = LINE ( 'NONE', #1710, #540 ) ;
#937 = FILL_AREA_STYLE ('',( #1114 ) ) ;
#938 = PLANE ( 'NONE',  #705 ) ;
#939 = DIRECTION ( 'NONE',  ( 1.000000000000000000, 0.000000000000000000, 0.000000000000000000 ) ) ;
#940 = VECTOR ( 'NONE', #113, 1000.000000000000000 ) ;
#941 = EDGE_CURVE ( 'NONE', #114, #1356, #29, .T. ) ;
#942 = VECTOR ( 'NONE', #1585, 1000.000000000000000 ) ;
#943 = AXIS2_PLACEMENT_3D ( 'NONE', #87, #107, #436 ) ;
#944 = CARTESIAN_POINT ( 'NONE',  ( 0.2070843006362635408, 0.07120714542863140761, 0.000000000000000000 ) ) ;
#945 = ORIENTED_EDGE ( 'NONE', *, *, #730, .F. ) ;
#946 = EDGE_CURVE ( 'NONE', #1377, #86, #679, .T. ) ;
#947 = LINE ( 'NONE', #1719, #1283 ) ;
#948 = ORIENTED_EDGE ( 'NONE', *, *, #2066, .T. ) ;
#949 = CARTESIAN_POINT ( 'NONE',  ( -0.2968777169545474548, 0.09081443336057373750, 0.000000000000000000 ) ) ;
#950 = CARTESIAN_POINT ( 'NONE',  ( -0.1944386925643035446, -0.1091855666394263014, 0.000000000000000000 ) ) ;
#951 = UNCERTAINTY_MEASURE_WITH_UNIT (LENGTH_MEASURE( 1.000000000000000082E-05 ), #1641, 'distance_accuracy_value', 'NONE');
#952 = DIRECTION ( 'NONE',  ( 4.818676322157798361E-16, 1.000000000000000000, 0.000000000000000000 ) ) ;
#953 = SURFACE_STYLE_FILL_AREA ( #1623 ) ;
#954 = CARTESIAN_POINT ( 'NONE',  ( 0.1888946243558159155, 0.06815946328400802889, 0.000000000000000000 ) ) ;
#955 = ORIENTED_EDGE ( 'NONE', *, *, #1653, .T. ) ;
#956 = VERTEX_POINT ( 'NONE', #451 ) ;
#957 = LINE ( 'NONE', #1760, #542 ) ;
#958 = EDGE_CURVE ( 'NONE', #1067, #2060, #1220, .T. ) ;
#959 = CARTESIAN_POINT ( 'NONE',  ( 0.1665369171917940594, -0.07686849346869467636, 0.000000000000000000 ) ) ;
#960 = PRESENTATION_STYLE_ASSIGNMENT (( #969 ) ) ;
#961 = CARTESIAN_POINT ( 'NONE',  ( -0.8999999999999993561, 0.4499999999999993450, -0.02000000000000000042 ) ) ;
#962 = FILL_AREA_STYLE ('',( #1309 ) ) ;
#963 = PRESENTATION_STYLE_ASSIGNMENT (( #618 ) ) ;
#964 = ORIENTED_EDGE ( 'NONE', *, *, #240, .F. ) ;
#965 = ORIENTED_EDGE ( 'NONE', *, *, #591, .F. ) ;
#966 = PLANE ( 'NONE',  #1352 ) ;
#967 = VERTEX_POINT ( 'NONE', #1061 ) ;
#968 = EDGE_CURVE ( 'NONE', #145, #1604, #882, .T. ) ;
#969 = SURFACE_STYLE_USAGE ( .BOTH. , #624 ) ;
#970 = SURFACE_SIDE_STYLE ('',( #162 ) ) ;
#971 = VECTOR ( 'NONE', #655, 1000.000000000000000 ) ;
#972 = VECTOR ( 'NONE', #233, 1000.000000000000000 ) ;
#973 =( NAMED_UNIT ( * ) PLANE_ANGLE_UNIT ( ) SI_UNIT ( $, .RADIAN. ) );
#974 = COLOUR_RGB ( '',0.6470588235294117974, 0.5176470588235293491, 0.000000000000000000 ) ;
#975 = ORIENTED_EDGE ( 'NONE', *, *, #320, .F. ) ;
#976 = VECTOR ( 'NONE', #144, 1000.000000000000000 ) ;
#977 = STYLED_ITEM ( 'NONE', ( #1161 ), #20 ) ;
#978 =( GEOMETRIC_REPRESENTATION_CONTEXT ( 3 ) GLOBAL_UNCERTAINTY_ASSIGNED_CONTEXT ( ( #415 ) ) GLOBAL_UNIT_ASSIGNED_CONTEXT ( ( #1714, #774, #913 ) ) REPRESENTATION_CONTEXT ( 'NONE', 'WORKASPACE' ) );
#979 = STYLED_ITEM ( 'NONE', ( #1388 ), #1468 ) ;
#980 = ORIENTED_EDGE ( 'NONE', *, *, #895, .T. ) ;
#981 = STYLED_ITEM ( 'NONE', ( #180 ), #1167 ) ;
#982 = DIRECTION ( 'NONE',  ( -1.000000000000000000, 0.000000000000000000, 0.000000000000000000 ) ) ;
#983 = EDGE_LOOP ( 'NONE', ( #613, #1545, #1792, #332 ) ) ;
#984 = DIRECTION ( 'NONE',  ( 2.409338161078898687E-16, -1.000000000000000000, 0.000000000000000000 ) ) ;
#985 = CARTESIAN_POINT ( 'NONE',  ( -0.2427999730521084309, -0.05308800566381653707, 0.000000000000000000 ) ) ;
#986 = DIRECTION ( 'NONE',  ( 4.818676322157797375E-16, -1.000000000000000000, 0.000000000000000000 ) ) ;
#987 = CARTESIAN_POINT ( 'NONE',  ( -0.2999999999999996003, -0.8999999999999994671, 0.000000000000000000 ) ) ;
#988 = VERTEX_POINT ( 'NONE', #1253 ) ;
#989 = ORIENTED_EDGE ( 'NONE', *, *, #7, .T. ) ;
#990 = SURFACE_STYLE_FILL_AREA ( #660 ) ;
#991 = LINE ( 'NONE', #837, #1011 ) ;
#992 = VERTEX_POINT ( 'NONE', #1681 ) ;
#993 = CARTESIAN_POINT ( 'NONE',  ( -0.1141583373349471797, -0.07913322390910910997, 0.000000000000000000 ) ) ;
#994 = FILL_AREA_STYLE ('',( #1994 ) ) ;
#995 = DIRECTION ( 'NONE',  ( -1.000000000000000000, -1.807003620809174139E-16, -0.000000000000000000 ) ) ;
#996 = ADVANCED_FACE ( 'NONE', ( #1105 ), #269, .T. ) ;
#997 = CARTESIAN_POINT ( 'NONE',  ( -0.2700484486618645597, 0.09081443336057373750, 0.000000000000000000 ) ) ;
#998 = VERTEX_POINT ( 'NONE', #279 ) ;
#999 = ORIENTED_EDGE ( 'NONE', *, *, #1598, .F. ) ;
#1000 = PLANE ( 'NONE',  #1552 ) ;
#1001 = CARTESIAN_POINT ( 'NONE',  ( 1.000000000000000444, 0.9999999999999993339, 0.6800000000000000488 ) ) ;
#1002 = ORIENTED_EDGE ( 'NONE', *, *, #2041, .T. ) ;
#1003 = FILL_AREA_STYLE ('',( #1164 ) ) ;
#1004 = DIRECTION ( 'NONE',  ( -2.409338161078898194E-16, 1.000000000000000000, -0.000000000000000000 ) ) ;
#1005 = DIRECTION ( 'NONE',  ( 1.000000000000000000, 0.000000000000000000, -0.000000000000000000 ) ) ;
#1006 = MECHANICAL_DESIGN_GEOMETRIC_PRESENTATION_REPRESENTATION (  '', ( #359 ), #1799 ) ;
#1007 = CARTESIAN_POINT ( 'NONE',  ( -0.01882893646674254837, -0.1091855666394263707, 0.000000000000000000 ) ) ;
#1008 = CARTESIAN_POINT ( 'NONE',  ( -0.2803410508188986516, 0.05528186176713779931, 0.000000000000000000 ) ) ;
#1009 = ORIENTED_EDGE ( 'NONE', *, *, #383, .F. ) ;
#1010 = EDGE_CURVE ( 'NONE', #1294, #114, #764, .T. ) ;
#1011 = VECTOR ( 'NONE', #1026, 1000.000000000000000 ) ;
#1012 = STYLED_ITEM ( 'NONE', ( #1414 ), #1918 ) ;
#1013 = ORIENTED_EDGE ( 'NONE', *, *, #1029, .T. ) ;
#1014 = CARTESIAN_POINT ( 'NONE',  ( -0.2999999999999996003, -0.8999999999999994671, -0.02000000000000000042 ) ) ;
#1015 = VECTOR ( 'NONE', #757, 1000.000000000000000 ) ;
#1016 = VECTOR ( 'NONE', #753, 1000.000000000000000 ) ;
#1017 = ORIENTED_EDGE ( 'NONE', *, *, #1779, .T. ) ;
#1018 = CARTESIAN_POINT ( 'NONE',  ( -0.1518246265379829540, -0.02500853178155324624, 0.000000000000000000 ) ) ;
#1019 = COLOUR_RGB ( '',0.1019607843137254888, 0.1019607843137254888, 0.1019607843137254888 ) ;
#1020 = SURFACE_STYLE_FILL_AREA ( #1487 ) ;
#1021 =( NAMED_UNIT ( * ) SI_UNIT ( $, .STERADIAN. ) SOLID_ANGLE_UNIT ( ) );
#1022 = LINE ( 'NONE', #226, #1391 ) ;
#1023 = CARTESIAN_POINT ( 'NONE',  ( 0.8999999999999993561, -0.4499999999999993450, 0.000000000000000000 ) ) ;
#1024 = ORIENTED_EDGE ( 'NONE', *, *, #2024, .F. ) ;
#1025 = CARTESIAN_POINT ( 'NONE',  ( 1.000000000000000444, -1.000000000000000666, 0.6800000000000000488 ) ) ;
#1026 = DIRECTION ( 'NONE',  ( 0.000000000000000000, 0.000000000000000000, 1.000000000000000000 ) ) ;
#1027 = VERTEX_POINT ( 'NONE', #2051 ) ;
#1028 = CARTESIAN_POINT ( 'NONE',  ( -0.1413833672261670393, -0.05466687341354862367, 0.000000000000000000 ) ) ;
#1029 = EDGE_CURVE ( 'NONE', #1171, #1839, #617, .T. ) ;
#1030 = LINE ( 'NONE', #1347, #94 ) ;
#1031 = B_SPLINE_CURVE_WITH_KNOTS ( 'NONE', 3,
 ( #1128, #1466, #1308, #1925, #505, #1446, #1135, #1755, #151, #795, #1158 ),
 .UNSPECIFIED., .F., .F.,
 ( 4, 1, 1, 1, 1, 1, 1, 1, 4 ),
 ( 0.000000000000000000, 0.1124483899088006694, 0.2265276752126778870, 0.3444019493260281894, 0.4658649724874587283, 0.5916594493521168951, 0.7221684870248876731, 0.8586063875549264646, 1.000000000000000000 ),
 .UNSPECIFIED. ) ;
#1032 = CARTESIAN_POINT ( 'NONE',  ( -0.2999999999999994893, -1.000000000000000666, 0.4800000000000000933 ) ) ;
#1033 = B_SPLINE_CURVE_WITH_KNOTS ( 'NONE', 3,
 ( #1078, #395, #2003, #1052, #1703, #891, #1540, #90, #267, #1091, #276, #1218, #1570, #1842, #1923, #1271, #1307, #2058, #490 ),
 .UNSPECIFIED., .F., .F.,
 ( 4, 1, 1, 1, 1, 1, 1, 1, 1, 1, 1, 1, 1, 1, 1, 1, 4 ),
 ( 0.000000000000000000, 0.06806869584499401771, 0.1334274328189551106, 0.1961460338131565950, 0.2570485924493127738, 0.3168826631591620258, 0.3761872086663215486, 0.4359603353635460588, 0.4965352368627262702, 0.5574653434807329555, 0.6176868634101466693, 0.6779436406969060469, 0.7388052848060401301, 0.8009493367665841967, 0.8648146674702266168, 0.9310247810786570488, 1.000000000000000000 ),
 .UNSPECIFIED. ) ;
#1034 = DIRECTION ( 'NONE',  ( 0.000000000000000000, 1.000000000000000000, -1.355252715606880296E-16 ) ) ;
#1035 = CARTESIAN_POINT ( 'NONE',  ( 0.2713707776406278915, 0.07696311786376913711, 0.000000000000000000 ) ) ;
#1036 = VERTEX_POINT ( 'NONE', #82 ) ;
#1037 = CARTESIAN_POINT ( 'NONE',  ( -0.1529752779301571941, -0.007241969078450752849, 0.000000000000000000 ) ) ;
#1038 = APPLICATION_PROTOCOL_DEFINITION ( 'draft international standard', 'automotive_design', 1998, #681 ) ;
#1039 = EDGE_CURVE ( 'NONE', #874, #923, #732, .T. ) ;
#1040 = CARTESIAN_POINT ( 'NONE',  ( 1.000000000000000444, 0.9999999999999993339, 0.6800000000000000488 ) ) ;
#1041 = PLANE ( 'NONE',  #707 ) ;
#1042 = CARTESIAN_POINT ( 'NONE',  ( -0.2700484486618645597, 0.09081443336057373750, 0.000000000000000000 ) ) ;
#1043 = FILL_AREA_STYLE_COLOUR ( '', #1546 ) ;
#1044 = PRESENTATION_STYLE_ASSIGNMENT (( #1070 ) ) ;
#1045 = CARTESIAN_POINT ( 'NONE',  ( 0.8999999999999995781, 0.8999999999999993561, -0.02000000000000000042 ) ) ;
#1046 = VERTEX_POINT ( 'NONE', #1298 ) ;
#1047 = CARTESIAN_POINT ( 'NONE',  ( -0.1366609996899306734, 0.04480844668128759062, 0.000000000000000000 ) ) ;
#1048 = VECTOR ( 'NONE', #68, 1000.000000000000000 ) ;
#1049 = PRESENTATION_LAYER_ASSIGNMENT (  '', '', ( #673 ) ) ;
#1050 = DIRECTION ( 'NONE',  ( -1.000000000000000000, 0.000000000000000000, 0.000000000000000000 ) ) ;
#1051 = MECHANICAL_DESIGN_GEOMETRIC_PRESENTATION_REPRESENTATION (  '', ( #678 ), #1151 ) ;
#1052 = CARTESIAN_POINT ( 'NONE',  ( -0.1781182859364981719, -0.02865892151236500845, 0.000000000000000000 ) ) ;
#1053 = EDGE_CURVE ( 'NONE', #1946, #343, #1116, .T. ) ;
#1054 = CARTESIAN_POINT ( 'NONE',  ( -0.2999999999999994893, -0.4499999999999993450, -0.02000000000000000042 ) ) ;
#1055 = CARTESIAN_POINT ( 'NONE',  ( 0.2809914020606736340, -0.05054421548351479415, 0.000000000000000000 ) ) ;
#1056 = CARTESIAN_POINT ( 'NONE',  ( 0.8999999999999995781, -0.8999999999999993561, 0.000000000000000000 ) ) ;
#1057 = CARTESIAN_POINT ( 'NONE',  ( 0.2934433149185958767, 0.05662396679793818555, 0.000000000000000000 ) ) ;
#1058 = ORIENTED_EDGE ( 'NONE', *, *, #248, .T. ) ;
#1059 = CARTESIAN_POINT ( 'NONE',  ( -0.07515515597893766830, 0.06886321384837854054, 0.000000000000000000 ) ) ;
#1060 =( NAMED_UNIT ( * ) PLANE_ANGLE_UNIT ( ) SI_UNIT ( $, .RADIAN. ) );
#1061 = CARTESIAN_POINT ( 'NONE',  ( -0.2999999999999994893, 0.4499999999999993450, -0.02000000000000000042 ) ) ;
#1062 = CARTESIAN_POINT ( 'NONE',  ( 0.2858814914380036765, -0.03617180803229016334, 0.000000000000000000 ) ) ;
#1063 = ADVANCED_FACE ( 'NONE', ( #1756 ), #14, .T. ) ;
#1064 = ORIENTED_EDGE ( 'NONE', *, *, #1053, .F. ) ;
#1065 = CARTESIAN_POINT ( 'NONE',  ( 0.1665369171917940594, 0.05849736018984190433, 0.000000000000000000 ) ) ;
#1066 = CARTESIAN_POINT ( 'NONE',  ( 0.1681289418939248825, 0.08597286640869956920, 0.000000000000000000 ) ) ;
#1067 = VERTEX_POINT ( 'NONE', #462 ) ;
#1068 = CARTESIAN_POINT ( 'NONE',  ( 1.000000000000000444, 0.9999999999999993339, 0.6800000000000000488 ) ) ;
#1069 = DIRECTION ( 'NONE',  ( -1.000000000000000000, 0.000000000000000000, 0.000000000000000000 ) ) ;
#1070 = SURFACE_STYLE_USAGE ( .BOTH. , #725 ) ;
#1071 = ORIENTED_EDGE ( 'NONE', *, *, #565, .F. ) ;
#1072 = LINE ( 'NONE', #262, #744 ) ;
#1073 = ORIENTED_EDGE ( 'NONE', *, *, #1039, .T. ) ;
#1074 = CARTESIAN_POINT ( 'NONE',  ( -0.1517910846168034344, 0.01041298526396094645, 0.000000000000000000 ) ) ;
#1075 = EDGE_CURVE ( 'NONE', #1578, #538, #1940, .T. ) ;
#1076 = COLOUR_RGB ( '',0.6470588235294117974, 0.5176470588235293491, 0.000000000000000000 ) ;
#1077 = FILL_AREA_STYLE ('',( #1160 ) ) ;
#1078 = CARTESIAN_POINT ( 'NONE',  ( -0.1798045462228401170, -0.006670322736987337707, 0.000000000000000000 ) ) ;
#1079 = VECTOR ( 'NONE', #335, 1000.000000000000000 ) ;
#1080 = SURFACE_STYLE_USAGE ( .BOTH. , #1704 ) ;
#1081 = AXIS2_PLACEMENT_3D ( 'NONE', #593, #1375, #1998 ) ;
#1082 = AXIS2_PLACEMENT_3D ( 'NONE', #1372, #1857, #424 ) ;
#1083 = STYLED_ITEM ( 'NONE', ( #1456 ), #1120 ) ;
#1084 = VECTOR ( 'NONE', #274, 1000.000000000000000 ) ;
#1085 = CARTESIAN_POINT ( 'NONE',  ( -0.2835117634720993318, 0.06488671466393595988, 0.000000000000000000 ) ) ;
#1086 = PRESENTATION_LAYER_ASSIGNMENT (  '', '', ( #981 ) ) ;
#1087 = CARTESIAN_POINT ( 'NONE',  ( 0.2008874204226975824, 0.07055901871082004284, 0.000000000000000000 ) ) ;
#1088 = ORIENTED_EDGE ( 'NONE', *, *, #463, .F. ) ;
#1089 = PRESENTATION_STYLE_ASSIGNMENT (( #920 ) ) ;
#1090 = EDGE_CURVE ( 'NONE', #1241, #1036, #337, .T. ) ;
#1091 = CARTESIAN_POINT ( 'NONE',  ( -0.1501090451915000623, -0.08131895201627295511, 0.000000000000000000 ) ) ;
#1092 = SURFACE_SIDE_STYLE ('',( #1322 ) ) ;
#1093 = CARTESIAN_POINT ( 'NONE',  ( -0.8999999999999993561, 0.4499999999999993450, -0.02000000000000000042 ) ) ;
#1094 = ORIENTED_EDGE ( 'NONE', *, *, #1341, .T. ) ;
#1095 = ORIENTED_EDGE ( 'NONE', *, *, #1980, .F. ) ;
#1096 = DIRECTION ( 'NONE',  ( -1.000000000000000000, 1.807003620809174632E-16, 0.000000000000000000 ) ) ;
#1097 = VERTEX_POINT ( 'NONE', #645 ) ;
#1098 = PLANE ( 'NONE',  #1941 ) ;
#1099 = ORIENTED_EDGE ( 'NONE', *, *, #75, .F. ) ;
#1100 = DIRECTION ( 'NONE',  ( 0.000000000000000000, 0.000000000000000000, 1.000000000000000000 ) ) ;
#1101 = CARTESIAN_POINT ( 'NONE',  ( 0.1275125269478916967, -0.1091855666394263846, 0.000000000000000000 ) ) ;
#1102 = CARTESIAN_POINT ( 'NONE',  ( -0.1798045462228401170, -0.006670322736987337707, 0.000000000000000000 ) ) ;
#1103 = UNCERTAINTY_MEASURE_WITH_UNIT (LENGTH_MEASURE( 1.000000000000000082E-05 ), #1467, 'distance_accuracy_value', 'NONE');
#1104 = EDGE_CURVE ( 'NONE', #1602, #756, #133, .T. ) ;
#1105 = FACE_OUTER_BOUND ( 'NONE', #888, .T. ) ;
#1106 = B_SPLINE_CURVE_WITH_KNOTS ( 'NONE', 3,
 ( #759, #251, #1399, #1074, #2020, #1709, #1213, #1409, #1047, #589, #889, #1698, #581, #1840, #1242, #1560, #413, #1539, #1059 ),
 .UNSPECIFIED., .F., .F.,
 ( 4, 1, 1, 1, 1, 1, 1, 1, 1, 1, 1, 1, 1, 1, 1, 1, 4 ),
 ( 0.000000000000000000, 0.07430379644281595586, 0.1443936103644178903, 0.2104994961032797263, 0.2735426065034680110, 0.3338247445790734624, 0.3925296724085026723, 0.4500874545995855458, 0.5078206115557882816, 0.5654649127768467398, 0.6231487223336198422, 0.6812971927909355907, 0.7409134981565806966, 0.8018557521958579182, 0.8652412377209431904, 0.9309416570467440311, 1.000000000000000000 ),
 .UNSPECIFIED. ) ;
#1107 = ORIENTED_EDGE ( 'NONE', *, *, #623, .T. ) ;
#1108 = CARTESIAN_POINT ( 'NONE',  ( -0.2495453998813766949, -0.03113678615162141644, 0.000000000000000000 ) ) ;
#1109 = ORIENTED_EDGE ( 'NONE', *, *, #75, .T. ) ;
#1110 = CARTESIAN_POINT ( 'NONE',  ( 0.02019545377715994960, -0.08723434712723125706, 0.000000000000000000 ) ) ;
#1111 = VERTEX_POINT ( 'NONE', #1436 ) ;
#1112 = DIRECTION ( 'NONE',  ( 1.000000000000000000, 0.000000000000000000, -0.000000000000000000 ) ) ;
#1113 = DIRECTION ( 'NONE',  ( -1.000000000000000000, 0.000000000000000000, 0.000000000000000000 ) ) ;
#1114 = FILL_AREA_STYLE_COLOUR ( '', #710 ) ;
#1115 =( LENGTH_UNIT ( ) NAMED_UNIT ( * ) SI_UNIT ( .MILLI., .METRE. ) );
#1116 = LINE ( 'NONE', #1275, #1289 ) ;
#1117 = VECTOR ( 'NONE', #2057, 1000.000000000000000 ) ;
#1118 = VECTOR ( 'NONE', #1742, 1000.000000000000000 ) ;
#1119 = VECTOR ( 'NONE', #1987, 1000.000000000000000 ) ;
#1120 = ADVANCED_FACE ( 'NONE', ( #1447, #508, #1601, #635, #2059, #1612, #626, #1905, #474, #1745 ), #312, .F. ) ;
#1121 = DIRECTION ( 'NONE',  ( -1.000000000000000000, 0.000000000000000000, 0.000000000000000000 ) ) ;
#1122 = EDGE_LOOP ( 'NONE', ( #1783, #1573, #1909, #1959 ) ) ;
#1123 = EDGE_LOOP ( 'NONE', ( #1024, #1620, #738, #128 ) ) ;
#1124 = LINE ( 'NONE', #1279, #329 ) ;
#1125 = DIRECTION ( 'NONE',  ( 0.000000000000000000, 0.000000000000000000, -1.000000000000000000 ) ) ;
#1126 = LINE ( 'NONE', #2068, #261 ) ;
#1127 = UNCERTAINTY_MEASURE_WITH_UNIT (LENGTH_MEASURE( 1.000000000000000082E-05 ), #1691, 'distance_accuracy_value', 'NONE');
#1128 = CARTESIAN_POINT ( 'NONE',  ( 0.1665369171917940871, -0.09881971298088983169, 0.000000000000000000 ) ) ;
#1129 = CARTESIAN_POINT ( 'NONE',  ( -0.8999999999999993561, 0.4499999999999993450, 0.000000000000000000 ) ) ;
#1130 = ORIENTED_EDGE ( 'NONE', *, *, #383, .T. ) ;
#1131 = ADVANCED_FACE ( 'NONE', ( #203 ), #1041, .T. ) ;
#1132 = ORIENTED_EDGE ( 'NONE', *, *, #62, .T. ) ;
#1133 = FACE_OUTER_BOUND ( 'NONE', #606, .T. ) ;
#1134 = EDGE_LOOP ( 'NONE', ( #1464, #478, #104, #1948 ) ) ;
#1135 = CARTESIAN_POINT ( 'NONE',  ( 0.1983953093012496283, -0.1099322590405161226, 0.000000000000000000 ) ) ;
#1136 = ORIENTED_EDGE ( 'NONE', *, *, #1790, .T. ) ;
#1137 = VERTEX_POINT ( 'NONE', #1348 ) ;
#1138 = CARTESIAN_POINT ( 'NONE',  ( 0.02507350255764775535, 0.09081443336057365423, 0.000000000000000000 ) ) ;
#1139 = EDGE_CURVE ( 'NONE', #1351, #1302, #369, .T. ) ;
#1140 =( LENGTH_UNIT ( ) NAMED_UNIT ( * ) SI_UNIT ( .MILLI., .METRE. ) );
#1141 = ORIENTED_EDGE ( 'NONE', *, *, #197, .F. ) ;
#1142 = CARTESIAN_POINT ( 'NONE',  ( -0.2999999999999994893, 0.4499999999999993450, 0.000000000000000000 ) ) ;
#1143 = UNCERTAINTY_MEASURE_WITH_UNIT (LENGTH_MEASURE( 1.000000000000000082E-05 ), #1491, 'distance_accuracy_value', 'NONE');
#1144 = PRESENTATION_LAYER_ASSIGNMENT (  '', '', ( #2035 ) ) ;
#1145 = DIRECTION ( 'NONE',  ( 1.000000000000000000, 0.000000000000000000, 0.000000000000000000 ) ) ;
#1146 = STYLED_ITEM ( 'NONE', ( #310 ), #293 ) ;
#1147 = LINE ( 'NONE', #1178, #1517 ) ;
#1148 = VECTOR ( 'NONE', #153, 1000.000000000000000 ) ;
#1149 = STYLED_ITEM ( 'NONE', ( #1951 ), #110 ) ;
#1150 = VECTOR ( 'NONE', #939, 1000.000000000000000 ) ;
#1151 =( GEOMETRIC_REPRESENTATION_CONTEXT ( 3 ) GLOBAL_UNCERTAINTY_ASSIGNED_CONTEXT ( ( #1563 ) ) GLOBAL_UNIT_ASSIGNED_CONTEXT ( ( #1993, #100, #572 ) ) REPRESENTATION_CONTEXT ( 'NONE', 'WORKASPACE' ) );
#1152 = ORIENTED_EDGE ( 'NONE', *, *, #689, .F. ) ;
#1153 = DIRECTION ( 'NONE',  ( -1.000000000000000000, 0.000000000000000000, 0.000000000000000000 ) ) ;
#1154 = MECHANICAL_DESIGN_GEOMETRIC_PRESENTATION_REPRESENTATION (  '', ( #1189 ), #164 ) ;
#1155 = CARTESIAN_POINT ( 'NONE',  ( 0.2999999999999994893, -0.4499999999999993450, -0.02000000000000000042 ) ) ;
#1156 = ORIENTED_EDGE ( 'NONE', *, *, #946, .F. ) ;
#1157 = CARTESIAN_POINT ( 'NONE',  ( -0.2968777169545474548, 0.09081443336057373750, 0.000000000000000000 ) ) ;
#1158 = CARTESIAN_POINT ( 'NONE',  ( 0.2215674049966721293, -0.1116245910296703031, 0.000000000000000000 ) ) ;
#1159 = EDGE_CURVE ( 'NONE', #1312, #2062, #1662, .T. ) ;
#1160 = FILL_AREA_STYLE_COLOUR ( '', #1766 ) ;
#1161 = PRESENTATION_STYLE_ASSIGNMENT (( #1508 ) ) ;
#1162 = ORIENTED_EDGE ( 'NONE', *, *, #782, .T. ) ;
#1163 = VERTEX_POINT ( 'NONE', #1340 ) ;
#1164 = FILL_AREA_STYLE_COLOUR ( '', #506 ) ;
#1165 = DIRECTION ( 'NONE',  ( -1.000000000000000000, 0.000000000000000000, 0.000000000000000000 ) ) ;
#1166 =( NAMED_UNIT ( * ) SI_UNIT ( $, .STERADIAN. ) SOLID_ANGLE_UNIT ( ) );
#1167 = ADVANCED_FACE ( 'NONE', ( #377 ), #1986, .F. ) ;
#1168 = CARTESIAN_POINT ( 'NONE',  ( 0.2133738074356965053, 0.07130223823862238963, 0.000000000000000000 ) ) ;
#1169 = FACE_OUTER_BOUND ( 'NONE', #1543, .T. ) ;
#1170 =( NAMED_UNIT ( * ) PLANE_ANGLE_UNIT ( ) SI_UNIT ( $, .RADIAN. ) );
#1171 = VERTEX_POINT ( 'NONE', #772 ) ;
#1172 = CARTESIAN_POINT ( 'NONE',  ( 0.8999999999999995781, 0.8999999999999993561, 0.000000000000000000 ) ) ;
#1173 = PLANE ( 'NONE',  #1936 ) ;
#1174 = ORIENTED_EDGE ( 'NONE', *, *, #1413, .F. ) ;
#1175 = CARTESIAN_POINT ( 'NONE',  ( -0.09150958438420223051, -0.08603296591936190896, 0.000000000000000000 ) ) ;
#1176 = SURFACE_SIDE_STYLE ('',( #1020 ) ) ;
#1177 = EDGE_CURVE ( 'NONE', #2029, #998, #425, .T. ) ;
#1178 = CARTESIAN_POINT ( 'NONE',  ( 0.8999999999999995781, -0.8999999999999993561, -0.02000000000000000042 ) ) ;
#1179 = MECHANICAL_DESIGN_GEOMETRIC_PRESENTATION_REPRESENTATION (  '', ( #1146 ), #1834 ) ;
#1180 = EDGE_CURVE ( 'NONE', #356, #1597, #237, .T. ) ;
#1181 = PRESENTATION_LAYER_ASSIGNMENT (  '', '', ( #1859 ) ) ;
#1182 = VECTOR ( 'NONE', #789, 1000.000000000000000 ) ;
#1183 = CARTESIAN_POINT ( 'NONE',  ( -0.2999999999999996003, -0.8999999999999994671, -0.02000000000000000042 ) ) ;
#1184 =( GEOMETRIC_REPRESENTATION_CONTEXT ( 3 ) GLOBAL_UNCERTAINTY_ASSIGNED_CONTEXT ( ( #1622 ) ) GLOBAL_UNIT_ASSIGNED_CONTEXT ( ( #908, #438, #899 ) ) REPRESENTATION_CONTEXT ( 'NONE', 'WORKASPACE' ) );
#1185 = VECTOR ( 'NONE', #722, 1000.000000000000000 ) ;
#1186 =( GEOMETRIC_REPRESENTATION_CONTEXT ( 3 ) GLOBAL_UNCERTAINTY_ASSIGNED_CONTEXT ( ( #1423 ) ) GLOBAL_UNIT_ASSIGNED_CONTEXT ( ( #536, #389, #232 ) ) REPRESENTATION_CONTEXT ( 'NONE', 'WORKASPACE' ) );
#1187 = ORIENTED_EDGE ( 'NONE', *, *, #1588, .T. ) ;
#1188 = LINE ( 'NONE', #1777, #1768 ) ;
#1189 = STYLED_ITEM ( 'NONE', ( #761 ), #1228 ) ;
#1190 = DIRECTION ( 'NONE',  ( 0.3393303772748777480, 0.9406672605435404400, 0.000000000000000000 ) ) ;
#1191 = CARTESIAN_POINT ( 'NONE',  ( -0.8999999999999995781, -0.8999999999999993561, -0.02000000000000000042 ) ) ;
#1192 = PRESENTATION_STYLE_ASSIGNMENT (( #277 ) ) ;
#1193 = CARTESIAN_POINT ( 'NONE',  ( -0.1758098556145510916, 0.02415502923522179143, 0.000000000000000000 ) ) ;
#1194 = ADVANCED_FACE ( 'NONE', ( #1680, #1422 ), #926, .F. ) ;
#1195 = CARTESIAN_POINT ( 'NONE',  ( 0.3137048047084964320, 0.009683331718018557688, 0.000000000000000000 ) ) ;
#1196 = ORIENTED_EDGE ( 'NONE', *, *, #941, .T. ) ;
#1197 =( NAMED_UNIT ( * ) PLANE_ANGLE_UNIT ( ) SI_UNIT ( $, .RADIAN. ) );
#1198 = LINE ( 'NONE', #1040, #159 ) ;
#1199 = DIRECTION ( 'NONE',  ( 0.000000000000000000, 1.000000000000000000, 0.000000000000000000 ) ) ;
#1200 = CARTESIAN_POINT ( 'NONE',  ( 0.8999999999999995781, 0.8999999999999993561, -0.02000000000000000042 ) ) ;
#1201 = SURFACE_SIDE_STYLE ('',( #1667 ) ) ;
#1202 = PLANE ( 'NONE',  #1081 ) ;
#1203 = CARTESIAN_POINT ( 'NONE',  ( 0.8999999999999995781, -0.8999999999999993561, 0.000000000000000000 ) ) ;
#1204 = ORIENTED_EDGE ( 'NONE', *, *, #968, .T. ) ;
#1205 = PLANE ( 'NONE',  #26 ) ;
#1206 = SURFACE_SIDE_STYLE ('',( #89 ) ) ;
#1207 = DIRECTION ( 'NONE',  ( 0.000000000000000000, -0.000000000000000000, -1.000000000000000000 ) ) ;
#1208 = CARTESIAN_POINT ( 'NONE',  ( 0.2768252308277091012, 0.03684949077038187498, 0.000000000000000000 ) ) ;
#1209 =( NAMED_UNIT ( * ) PLANE_ANGLE_UNIT ( ) SI_UNIT ( $, .RADIAN. ) );
#1210 = DIRECTION ( 'NONE',  ( 0.000000000000000000, 0.000000000000000000, 1.000000000000000000 ) ) ;
#1211 = CARTESIAN_POINT ( 'NONE',  ( 0.2993221751535890540, 0.04841570484048130646, 0.000000000000000000 ) ) ;
#1212 = ORIENTED_EDGE ( 'NONE', *, *, #503, .F. ) ;
#1213 = CARTESIAN_POINT ( 'NONE',  ( -0.1447536194008031685, 0.03282099764243445045, 0.000000000000000000 ) ) ;
#1214 = VECTOR ( 'NONE', #444, 1000.000000000000000 ) ;
#1215 = STYLED_ITEM ( 'NONE', ( #360 ), #1699 ) ;
#1216 =( GEOMETRIC_REPRESENTATION_CONTEXT ( 3 ) GLOBAL_UNCERTAINTY_ASSIGNED_CONTEXT ( ( #1711 ) ) GLOBAL_UNIT_ASSIGNED_CONTEXT ( ( #594, #434, #522 ) ) REPRESENTATION_CONTEXT ( 'NONE', 'WORKASPACE' ) );
#1217 = CARTESIAN_POINT ( 'NONE',  ( -0.3749264974423522911, -0.1091855666394263014, 0.000000000000000000 ) ) ;
#1218 = CARTESIAN_POINT ( 'NONE',  ( -0.1341342476218337354, -0.09360942729797544493, 0.000000000000000000 ) ) ;
#1219 = EDGE_CURVE ( 'NONE', #2025, #356, #414, .T. ) ;
#1220 = LINE ( 'NONE', #1394, #1016 ) ;
#1221 = CARTESIAN_POINT ( 'NONE',  ( 0.1839924677524160113, -0.08477136092257718525, 0.000000000000000000 ) ) ;
#1222 = LINE ( 'NONE', #1386, #466 ) ;
#1223 = ORIENTED_EDGE ( 'NONE', *, *, #1159, .F. ) ;
#1224 = CARTESIAN_POINT ( 'NONE',  ( -0.8999999999999995781, -0.8999999999999993561, -0.02000000000000000042 ) ) ;
#1225 = DIRECTION ( 'NONE',  ( 1.000000000000000000, -0.000000000000000000, -0.000000000000000000 ) ) ;
#1226 = UNCERTAINTY_MEASURE_WITH_UNIT (LENGTH_MEASURE( 1.000000000000000082E-05 ), #1140, 'distance_accuracy_value', 'NONE');
#1227 = CARTESIAN_POINT ( 'NONE',  ( -0.2847554585164424612, 0.05816308033700585967, 0.000000000000000000 ) ) ;
#1228 = ADVANCED_FACE ( 'NONE', ( #1689 ), #1858, .T. ) ;
#1229 = CARTESIAN_POINT ( 'NONE',  ( 0.2690880293334162454, -0.06858732583050421161, 0.000000000000000000 ) ) ;
#1230 = ORIENTED_EDGE ( 'NONE', *, *, #671, .T. ) ;
#1231 = CARTESIAN_POINT ( 'NONE',  ( 0.8999999999999993561, -0.4499999999999993450, -0.02000000000000000042 ) ) ;
#1232 = VERTEX_POINT ( 'NONE', #2050 ) ;
#1233 = CARTESIAN_POINT ( 'NONE',  ( 0.2112770938475175830, 0.09323678886369582419, 0.000000000000000000 ) ) ;
#1234 = ORIENTED_EDGE ( 'NONE', *, *, #1862, .F. ) ;
#1235 = CARTESIAN_POINT ( 'NONE',  ( -0.9999999999999995559, -1.000000000000000666, 0.6800000000000000488 ) ) ;
#1236 = FACE_OUTER_BOUND ( 'NONE', #1629, .T. ) ;
#1237 = SURFACE_STYLE_FILL_AREA ( #900 ) ;
#1238 = CARTESIAN_POINT ( 'NONE',  ( -0.04565820475942546780, 0.06886321384837854054, 0.000000000000000000 ) ) ;
#1239 = MECHANICAL_DESIGN_GEOMETRIC_PRESENTATION_REPRESENTATION (  '', ( #1012 ), #157 ) ;
#1240 = EDGE_CURVE ( 'NONE', #1321, #1097, #1033, .T. ) ;
#1241 = VERTEX_POINT ( 'NONE', #1142 ) ;
#1242 = CARTESIAN_POINT ( 'NONE',  ( -0.09939858930798881054, 0.06633589253977663358, 0.000000000000000000 ) ) ;
#1243 = VECTOR ( 'NONE', #2018, 1000.000000000000000 ) ;
#1244 = SURFACE_STYLE_USAGE ( .BOTH. , #1206 ) ;
#1245 = VECTOR ( 'NONE', #2034, 1000.000000000000000 ) ;
#1246 = UNCERTAINTY_MEASURE_WITH_UNIT (LENGTH_MEASURE( 1.000000000000000082E-05 ), #63, 'distance_accuracy_value', 'NONE');
#1247 = SURFACE_STYLE_FILL_AREA ( #1365 ) ;
#1248 = VECTOR ( 'NONE', #1876, 1000.000000000000000 ) ;
#1249 = VECTOR ( 'NONE', #1410, 1000.000000000000000 ) ;
#1250 = PRESENTATION_LAYER_ASSIGNMENT (  '', '', ( #977 ) ) ;
#1251 = STYLED_ITEM ( 'NONE', ( #1729 ), #801 ) ;
#1252 = VECTOR ( 'NONE', #79, 1000.000000000000000 ) ;
#1253 = CARTESIAN_POINT ( 'NONE',  ( 0.4348296001186234827, -0.1091855666394264124, 0.000000000000000000 ) ) ;
#1254 = VECTOR ( 'NONE', #1562, 1000.000000000000000 ) ;
#1255 = ORIENTED_EDGE ( 'NONE', *, *, #448, .T. ) ;
#1256 =( NAMED_UNIT ( * ) SI_UNIT ( $, .STERADIAN. ) SOLID_ANGLE_UNIT ( ) );
#1257 = VERTEX_POINT ( 'NONE', #1474 ) ;
#1258 = CARTESIAN_POINT ( 'NONE',  ( -0.8999999999999995781, 0.8999999999999993561, 0.000000000000000000 ) ) ;
#1259 = ORIENTED_EDGE ( 'NONE', *, *, #2056, .T. ) ;
#1260 = DIRECTION ( 'NONE',  ( 0.000000000000000000, 0.000000000000000000, 1.000000000000000000 ) ) ;
#1261 = ADVANCED_FACE ( 'NONE', ( #794 ), #302, .T. ) ;
#1262 = CARTESIAN_POINT ( 'NONE',  ( 1.000000000000000444, -1.000000000000000666, 0.4800000000000000933 ) ) ;
#1263 = CARTESIAN_POINT ( 'NONE',  ( 0.2136024659722818853, 0.09325345775081753108, 0.000000000000000000 ) ) ;
#1264 = CARTESIAN_POINT ( 'NONE',  ( -0.8999999999999993561, -0.4499999999999993450, 0.000000000000000000 ) ) ;
#1265 = CARTESIAN_POINT ( 'NONE',  ( 0.2133738074356965053, 0.07130223823862238963, 0.000000000000000000 ) ) ;
#1266 = ORIENTED_EDGE ( 'NONE', *, *, #577, .T. ) ;
#1267 = FACE_OUTER_BOUND ( 'NONE', #1983, .T. ) ;
#1268 = VERTEX_POINT ( 'NONE', #161 ) ;
#1269 = DIRECTION ( 'NONE',  ( 0.000000000000000000, -0.000000000000000000, 1.000000000000000000 ) ) ;
#1270 = DIRECTION ( 'NONE',  ( 1.000000000000000000, -1.807003620809174139E-16, 0.000000000000000000 ) ) ;
#1271 = CARTESIAN_POINT ( 'NONE',  ( -0.09551413661609393924, -0.1075848762568885342, 0.000000000000000000 ) ) ;
#1272 = UNCERTAINTY_MEASURE_WITH_UNIT (LENGTH_MEASURE( 1.000000000000000082E-05 ), #42, 'distance_accuracy_value', 'NONE');
#1273 = DIRECTION ( 'NONE',  ( -1.000000000000000000, -1.807003620809174632E-16, 0.000000000000000000 ) ) ;
#1274 = EDGE_CURVE ( 'NONE', #1232, #280, #333, .T. ) ;
#1275 = CARTESIAN_POINT ( 'NONE',  ( -0.8999999999999995781, 0.8999999999999993561, -0.02000000000000000042 ) ) ;
#1276 = VERTEX_POINT ( 'NONE', #458 ) ;
#1277 = DIRECTION ( 'NONE',  ( -0.000000000000000000, -0.000000000000000000, -1.000000000000000000 ) ) ;
#1278 = ORIENTED_EDGE ( 'NONE', *, *, #122, .F. ) ;
#1279 = CARTESIAN_POINT ( 'NONE',  ( 0.2999999999999996003, 0.8999999999999994671, -0.02000000000000000042 ) ) ;
#1280 = PRESENTATION_LAYER_ASSIGNMENT (  '', '', ( #359 ) ) ;
#1281 = CARTESIAN_POINT ( 'NONE',  ( 0.02995155133813557150, -0.01894166420040198709, 0.000000000000000000 ) ) ;
#1282 = CARTESIAN_POINT ( 'NONE',  ( 0.8999999999999993561, 0.4499999999999993450, -0.02000000000000000042 ) ) ;
#1283 = VECTOR ( 'NONE', #1277, 1000.000000000000000 ) ;
#1284 = B_SPLINE_CURVE_WITH_KNOTS ( 'NONE', 3,
 ( #1786, #1338, #55, #1175, #1960, #687, #993, #36, #528, #859, #703, #1028, #875, #1934, #1797, #1018, #363, #1645, #1037 ),
 .UNSPECIFIED., .F., .F.,
 ( 4, 1, 1, 1, 1, 1, 1, 1, 1, 1, 1, 1, 1, 1, 1, 1, 4 ),
 ( 0.000000000000000000, 0.07082657255516269790, 0.1381690332797995968, 0.2024753315338423121, 0.2639737544135192793, 0.3233803205980373408, 0.3817976227131853473, 0.4393900745193889401, 0.4969027245459971542, 0.5546621696093698706, 0.6127418784921970785, 0.6715388363911721781, 0.7316557220901979131, 0.7942978116139529643, 0.8594822049793583441, 0.9276813254527898067, 1.000000000000000000 ),
 .UNSPECIFIED. ) ;
#1285 = AXIS2_PLACEMENT_3D ( 'NONE', #1424, #73, #600 ) ;
#1286 = FILL_AREA_STYLE_COLOUR ( '', #2010 ) ;
#1287 = VECTOR ( 'NONE', #1676, 1000.000000000000000 ) ;
#1288 = EDGE_CURVE ( 'NONE', #538, #1967, #1621, .T. ) ;
#1289 = VECTOR ( 'NONE', #986, 1000.000000000000000 ) ;
#1290 = VECTOR ( 'NONE', #1396, 1000.000000000000000 ) ;
#1291 = ORIENTED_EDGE ( 'NONE', *, *, #610, .F. ) ;
#1292 = LINE ( 'NONE', #2061, #1148 ) ;
#1293 = VERTEX_POINT ( 'NONE', #828 ) ;
#1294 = VERTEX_POINT ( 'NONE', #1281 ) ;
#1295 = CARTESIAN_POINT ( 'NONE',  ( 0.2884881367039892064, -0.01131971298088979908, 0.000000000000000000 ) ) ;
#1296 = CARTESIAN_POINT ( 'NONE',  ( -0.07526948524723034439, 0.09081443336057366811, 0.000000000000000000 ) ) ;
#1297 = LINE ( 'NONE', #311, #806 ) ;
#1298 = CARTESIAN_POINT ( 'NONE',  ( -0.9999999999999995559, -0.9000000000000005773, 0.6800000000000000488 ) ) ;
#1299 = PRODUCT_RELATED_PRODUCT_CATEGORY ( 'part', '', ( #1684 ) ) ;
#1300 = ORIENTED_EDGE ( 'NONE', *, *, #200, .T. ) ;
#1301 = LINE ( 'NONE', #692, #492 ) ;
#1302 = VERTEX_POINT ( 'NONE', #1296 ) ;
#1303 = EDGE_LOOP ( 'NONE', ( #181, #160, #1888, #1316, #934, #1590, #1674, #1418, #1470, #1109 ) ) ;
#1304 = CARTESIAN_POINT ( 'NONE',  ( 0.2999999999999994893, 0.4499999999999993450, 0.000000000000000000 ) ) ;
#1305 =( NAMED_UNIT ( * ) PLANE_ANGLE_UNIT ( ) SI_UNIT ( $, .RADIAN. ) );
#1306 = ORIENTED_EDGE ( 'NONE', *, *, #1379, .F. ) ;
#1307 = CARTESIAN_POINT ( 'NONE',  ( -0.08454252450901662830, -0.1089805599785645396, 0.000000000000000000 ) ) ;
#1308 = CARTESIAN_POINT ( 'NONE',  ( 0.1721941700612797388, -0.1019422862339277869, 0.000000000000000000 ) ) ;
#1309 = FILL_AREA_STYLE_COLOUR ( '', #1426 ) ;
#1310 = CARTESIAN_POINT ( 'NONE',  ( -0.8999999999999995781, -0.8999999999999993561, -0.02000000000000000042 ) ) ;
#1311 = CARTESIAN_POINT ( 'NONE',  ( 1.000000000000000444, 0.9999999999999993339, 0.000000000000000000 ) ) ;
#1312 = VERTEX_POINT ( 'NONE', #319 ) ;
#1313 = CARTESIAN_POINT ( 'NONE',  ( 1.000000000000000444, -1.000000000000000666, 0.6800000000000000488 ) ) ;
#1314 = EDGE_CURVE ( 'NONE', #609, #4, #1126, .T. ) ;
#1315 = DIRECTION ( 'NONE',  ( 1.000000000000000000, 0.000000000000000000, -0.000000000000000000 ) ) ;
#1316 = ORIENTED_EDGE ( 'NONE', *, *, #946, .T. ) ;
#1317 = LINE ( 'NONE', #1157, #1614 ) ;
#1318 = LINE ( 'NONE', #819, #971 ) ;
#1319 = FILL_AREA_STYLE_COLOUR ( '', #1672 ) ;
#1320 = STYLED_ITEM ( 'NONE', ( #1982 ), #477 ) ;
#1321 = VERTEX_POINT ( 'NONE', #1102 ) ;
#1322 = SURFACE_STYLE_FILL_AREA ( #822 ) ;
#1323 = EDGE_LOOP ( 'NONE', ( #1568, #686, #1071, #781, #1088, #1875 ) ) ;
#1324 =( GEOMETRIC_REPRESENTATION_CONTEXT ( 3 ) GLOBAL_UNCERTAINTY_ASSIGNED_CONTEXT ( ( #1924 ) ) GLOBAL_UNIT_ASSIGNED_CONTEXT ( ( #1657, #1367, #1989 ) ) REPRESENTATION_CONTEXT ( 'NONE', 'WORKASPACE' ) );
#1325 =( GEOMETRIC_REPRESENTATION_CONTEXT ( 3 ) GLOBAL_UNCERTAINTY_ASSIGNED_CONTEXT ( ( #459 ) ) GLOBAL_UNIT_ASSIGNED_CONTEXT ( ( #820, #1477, #796 ) ) REPRESENTATION_CONTEXT ( 'NONE', 'WORKASPACE' ) );
#1326 = AXIS2_PLACEMENT_3D ( 'NONE', #220, #1971, #12 ) ;
#1327 = ORIENTED_EDGE ( 'NONE', *, *, #782, .F. ) ;
#1328 = SURFACE_STYLE_USAGE ( .BOTH. , #53 ) ;
#1329 = ORIENTED_EDGE ( 'NONE', *, *, #1588, .F. ) ;
#1330 = ADVANCED_FACE ( 'NONE', ( #644 ), #1593, .F. ) ;
#1331 = CARTESIAN_POINT ( 'NONE',  ( 0.3153174049966721015, -0.01295843249308491728, 0.000000000000000000 ) ) ;
#1332 = CARTESIAN_POINT ( 'NONE',  ( 0.2882839956479388288, -0.002214747684690995724, 0.000000000000000000 ) ) ;
#1333 = FACE_OUTER_BOUND ( 'NONE', #1649, .T. ) ;
#1334 = EDGE_LOOP ( 'NONE', ( #405, #1430, #260, #838 ) ) ;
#1335 = CARTESIAN_POINT ( 'NONE',  ( -0.09671310002197473776, 0.08935216417916204412, 0.000000000000000000 ) ) ;
#1336 = SURFACE_STYLE_USAGE ( .BOTH. , #1359 ) ;
#1337 = ORIENTED_EDGE ( 'NONE', *, *, #44, .F. ) ;
#1338 = CARTESIAN_POINT ( 'NONE',  ( -0.07706348680642297055, -0.08716920534387337383, 0.000000000000000000 ) ) ;
#1339 = CARTESIAN_POINT ( 'NONE',  ( 0.000000000000000000, 0.000000000000000000, 0.000000000000000000 ) ) ;
#1340 = CARTESIAN_POINT ( 'NONE',  ( 0.1275125269478916967, 0.09081443336057365423, 0.000000000000000000 ) ) ;
#1341 = EDGE_CURVE ( 'NONE', #1597, #675, #1511, .T. ) ;
#1342 = DIRECTION ( 'NONE',  ( 1.000000000000000000, -2.409338161078898687E-16, 0.000000000000000000 ) ) ;
#1343 = ORIENTED_EDGE ( 'NONE', *, *, #1405, .F. ) ;
#1344 = CARTESIAN_POINT ( 'NONE',  ( -0.1342291184007344540, 0.07603738721739650153, 0.000000000000000000 ) ) ;
#1345 = FILL_AREA_STYLE ('',( #674 ) ) ;
#1346 = ORIENTED_EDGE ( 'NONE', *, *, #1514, .F. ) ;
#1347 = CARTESIAN_POINT ( 'NONE',  ( -0.2793853389057669445, 0.05239979921423223996, 0.000000000000000000 ) ) ;
#1348 = CARTESIAN_POINT ( 'NONE',  ( 0.2133738074356965053, 0.07130223823862238963, 0.000000000000000000 ) ) ;
#1349 = CARTESIAN_POINT ( 'NONE',  ( 0.2622780515055297412, 0.05426566111056128905, 0.000000000000000000 ) ) ;
#1350 = EDGE_CURVE ( 'NONE', #2017, #1761, #1284, .T. ) ;
#1351 = VERTEX_POINT ( 'NONE', #1361 ) ;
#1352 = AXIS2_PLACEMENT_3D ( 'NONE', #1442, #1125, #1113 ) ;
#1353 = AXIS2_PLACEMENT_3D ( 'NONE', #1927, #1616, #39 ) ;
#1354 = MECHANICAL_DESIGN_GEOMETRIC_PRESENTATION_REPRESENTATION (  '', ( #256 ), #428 ) ;
#1355 = LINE ( 'NONE', #1025, #912 ) ;
#1356 = VERTEX_POINT ( 'NONE', #187 ) ;
#1357 = VECTOR ( 'NONE', #60, 1000.000000000000000 ) ;
#1358 = PRESENTATION_LAYER_ASSIGNMENT (  '', '', ( #979 ) ) ;
#1359 = SURFACE_SIDE_STYLE ('',( #1638 ) ) ;
#1360 = ORIENTED_EDGE ( 'NONE', *, *, #1598, .T. ) ;
#1361 = CARTESIAN_POINT ( 'NONE',  ( -0.01882893646674254837, 0.09081443336057366811, 0.000000000000000000 ) ) ;
#1362 =( NAMED_UNIT ( * ) SI_UNIT ( $, .STERADIAN. ) SOLID_ANGLE_UNIT ( ) );
#1363 =( NAMED_UNIT ( * ) PLANE_ANGLE_UNIT ( ) SI_UNIT ( $, .RADIAN. ) );
#1364 = CARTESIAN_POINT ( 'NONE',  ( 0.2250392173069724056, -0.1115471596127000642, 0.000000000000000000 ) ) ;
#1365 = FILL_AREA_STYLE ('',( #1824 ) ) ;
#1366 = CARTESIAN_POINT ( 'NONE',  ( 0.2464603879118297258, -0.08451279385947341183, 0.000000000000000000 ) ) ;
#1367 =( NAMED_UNIT ( * ) PLANE_ANGLE_UNIT ( ) SI_UNIT ( $, .RADIAN. ) );
#1368 = ADVANCED_FACE ( 'NONE', ( #676 ), #178, .F. ) ;
#1369 = CARTESIAN_POINT ( 'NONE',  ( -0.01882893646674254837, -0.1091855666394263707, 0.000000000000000000 ) ) ;
#1370 = VERTEX_POINT ( 'NONE', #663 ) ;
#1371 = CARTESIAN_POINT ( 'NONE',  ( -0.07321155841796206376, -0.1091855666394263707, 0.000000000000000000 ) ) ;
#1372 = CARTESIAN_POINT ( 'NONE',  ( 1.000000000000000444, -1.000000000000000666, 0.6800000000000000488 ) ) ;
#1373 = CARTESIAN_POINT ( 'NONE',  ( -0.07515515597893766830, 0.06886321384837854054, 0.000000000000000000 ) ) ;
#1374 = CARTESIAN_POINT ( 'NONE',  ( 0.2154556745420573571, -0.08964166340799106791, 0.000000000000000000 ) ) ;
#1375 = DIRECTION ( 'NONE',  ( -1.000000000000000000, 4.818676322157798361E-16, 0.000000000000000000 ) ) ;
#1376 = LINE ( 'NONE', #1528, #1899 ) ;
#1377 = VERTEX_POINT ( 'NONE', #1486 ) ;
#1378 = SURFACE_SIDE_STYLE ('',( #729 ) ) ;
#1379 = EDGE_CURVE ( 'NONE', #1503, #234, #1317, .T. ) ;
#1380 = DIRECTION ( 'NONE',  ( 0.000000000000000000, -1.000000000000000000, 0.000000000000000000 ) ) ;
#1381 = UNCERTAINTY_MEASURE_WITH_UNIT (LENGTH_MEASURE( 1.000000000000000082E-05 ), #317, 'distance_accuracy_value', 'NONE');
#1382 = CARTESIAN_POINT ( 'NONE',  ( 0.3138647429529989874, -0.03402217934095431995, 0.000000000000000000 ) ) ;
#1383 = CARTESIAN_POINT ( 'NONE',  ( 0.2106937588432388486, -0.08957914328974340978, 0.000000000000000000 ) ) ;
#1384 = CARTESIAN_POINT ( 'NONE',  ( 1.000000000000000444, 0.9999999999999993339, 0.000000000000000000 ) ) ;
#1385 = ADVANCED_BREP_SHAPE_REPRESENTATION ( 'LED-SMD_4P-L2.0-W2.0-H0.7-P1.20-S1.35', ( #446, #461 ), #423 ) ;
#1386 = CARTESIAN_POINT ( 'NONE',  ( -0.2999999999999994893, -1.000000000000000666, 0.6800000000000000488 ) ) ;
#1387 = ORIENTED_EDGE ( 'NONE', *, *, #1725, .F. ) ;
#1388 = PRESENTATION_STYLE_ASSIGNMENT (( #740 ) ) ;
#1389 =( GEOMETRIC_REPRESENTATION_CONTEXT ( 3 ) GLOBAL_UNCERTAINTY_ASSIGNED_CONTEXT ( ( #1226 ) ) GLOBAL_UNIT_ASSIGNED_CONTEXT ( ( #1140, #514, #1472 ) ) REPRESENTATION_CONTEXT ( 'NONE', 'WORKASPACE' ) );
#1390 = VECTOR ( 'NONE', #239, 1000.000000000000000 ) ;
#1391 = VECTOR ( 'NONE', #566, 1000.000000000000000 ) ;
#1392 = COLOUR_RGB ( '',0.6470588235294117974, 0.5176470588235293491, 0.000000000000000000 ) ;
#1393 = EDGE_CURVE ( 'NONE', #2039, #1482, #1188, .T. ) ;
#1394 = CARTESIAN_POINT ( 'NONE',  ( -0.3254219242716205884, -0.05308800566381653707, 0.000000000000000000 ) ) ;
#1395 = CARTESIAN_POINT ( 'NONE',  ( 0.2640219196625450127, -0.07353445625253379747, 0.000000000000000000 ) ) ;
#1396 = DIRECTION ( 'NONE',  ( -4.818676322157797375E-16, 1.000000000000000000, 0.000000000000000000 ) ) ;
#1397 = DIRECTION ( 'NONE',  ( 0.000000000000000000, 0.000000000000000000, -1.000000000000000000 ) ) ;
#1398 = ORIENTED_EDGE ( 'NONE', *, *, #102, .T. ) ;
#1399 = CARTESIAN_POINT ( 'NONE',  ( -0.1527823274570807854, 0.001776783690524125605, 0.000000000000000000 ) ) ;
#1400 = DIRECTION ( 'NONE',  ( 4.818676322157798361E-16, -1.000000000000000000, 0.000000000000000000 ) ) ;
#1401 = DIRECTION ( 'NONE',  ( 0.000000000000000000, 0.000000000000000000, 1.000000000000000000 ) ) ;
#1402 = ADVANCED_FACE ( 'NONE', ( #23 ), #1949, .F. ) ;
#1403 = B_SPLINE_CURVE_WITH_KNOTS ( 'NONE', 3,
 ( #871, #1374, #1383, #713, #901, #892, #1221, #560, #1997, #733, #583 ),
 .UNSPECIFIED., .F., .F.,
 ( 4, 1, 1, 1, 1, 1, 1, 1, 4 ),
 ( 0.000000000000000000, 0.1352946047634291105, 0.2667656579247482118, 0.3948160188358723066, 0.5200516544342460579, 0.6421757029708217157, 0.7626518205584232879, 0.8818340043805019679, 1.000000000000000000 ),
 .UNSPECIFIED. ) ;
#1404 = CARTESIAN_POINT ( 'NONE',  ( 0.3119138355879506608, -0.04383632262746154501, 0.000000000000000000 ) ) ;
#1405 = EDGE_CURVE ( 'NONE', #675, #1461, #898, .T. ) ;
#1406 = CARTESIAN_POINT ( 'NONE',  ( 1.000000000000000444, -1.000000000000000666, 0.2800000000000003042 ) ) ;
#1407 = CARTESIAN_POINT ( 'NONE',  ( 0.3152303003056396435, -0.009067330271125507643, 0.000000000000000000 ) ) ;
#1408 = ORIENTED_EDGE ( 'NONE', *, *, #1762, .F. ) ;
#1409 = CARTESIAN_POINT ( 'NONE',  ( -0.1410416531007637753, 0.03910350332825346387, 0.000000000000000000 ) ) ;
#1410 = DIRECTION ( 'NONE',  ( -4.818676322157797375E-16, -1.000000000000000000, -0.000000000000000000 ) ) ;
#1411 =( NAMED_UNIT ( * ) PLANE_ANGLE_UNIT ( ) SI_UNIT ( $, .RADIAN. ) );
#1412 = CARTESIAN_POINT ( 'NONE',  ( 0.2899601084972441845, -0.08467309658461572019, 0.000000000000000000 ) ) ;
#1413 = EDGE_CURVE ( 'NONE', #1761, #1293, #1106, .T. ) ;
#1414 = PRESENTATION_STYLE_ASSIGNMENT (( #1448 ) ) ;
#1415 = ORIENTED_EDGE ( 'NONE', *, *, #1790, .F. ) ;
#1416 =( GEOMETRIC_REPRESENTATION_CONTEXT ( 3 ) GLOBAL_UNCERTAINTY_ASSIGNED_CONTEXT ( ( #1246 ) ) GLOBAL_UNIT_ASSIGNED_CONTEXT ( ( #63, #549, #1996 ) ) REPRESENTATION_CONTEXT ( 'NONE', 'WORKASPACE' ) );
#1417 = LINE ( 'NONE', #1707, #498 ) ;
#1418 = ORIENTED_EDGE ( 'NONE', *, *, #1821, .T. ) ;
#1419 = CARTESIAN_POINT ( 'NONE',  ( 0.8999999999999995781, 0.8999999999999993561, -0.02000000000000000042 ) ) ;
#1420 = MECHANICAL_DESIGN_GEOMETRIC_PRESENTATION_REPRESENTATION (  '', ( #1320 ), #1389 ) ;
#1421 = SURFACE_SIDE_STYLE ('',( #1592 ) ) ;
#1422 = FACE_OUTER_BOUND ( 'NONE', #811, .T. ) ;
#1423 = UNCERTAINTY_MEASURE_WITH_UNIT (LENGTH_MEASURE( 1.000000000000000082E-05 ), #536, 'distance_accuracy_value', 'NONE');
#1424 = CARTESIAN_POINT ( 'NONE',  ( 0.2999999999999996003, 0.8999999999999994671, -0.02000000000000000042 ) ) ;
#1425 = STYLED_ITEM ( 'NONE', ( #1089 ), #211 ) ;
#1426 = COLOUR_RGB ( '',0.1019607843137254888, 0.1019607843137254888, 0.1019607843137254888 ) ;
#1427 = MECHANICAL_DESIGN_GEOMETRIC_PRESENTATION_REPRESENTATION (  '', ( #979 ), #1695 ) ;
#1428 = CARTESIAN_POINT ( 'NONE',  ( 0.3091241089041827927, -0.05310374574595863595, 0.000000000000000000 ) ) ;
#1429 = LINE ( 'NONE', #1746, #1248 ) ;
#1430 = ORIENTED_EDGE ( 'NONE', *, *, #886, .F. ) ;
#1431 = ADVANCED_FACE ( 'NONE', ( #1675 ), #1687, .F. ) ;
#1432 = DIRECTION ( 'NONE',  ( 4.818676322157797375E-16, 1.000000000000000000, -0.000000000000000000 ) ) ;
#1433 = VERTEX_POINT ( 'NONE', #2030 ) ;
#1434 = DIRECTION ( 'NONE',  ( 0.000000000000000000, 0.000000000000000000, 1.000000000000000000 ) ) ;
#1435 = CARTESIAN_POINT ( 'NONE',  ( -0.9999999999999995559, -1.000000000000000666, 0.6800000000000000488 ) ) ;
#1436 = CARTESIAN_POINT ( 'NONE',  ( 0.2999999999999996003, 0.8999999999999994671, -0.02000000000000000042 ) ) ;
#1437 = DIRECTION ( 'NONE',  ( 1.807003620809174632E-16, 1.000000000000000000, -0.000000000000000000 ) ) ;
#1438 = ORIENTED_EDGE ( 'NONE', *, *, #1653, .F. ) ;
#1439 = CARTESIAN_POINT ( 'NONE',  ( 0.2999999999999996003, 0.8999999999999994671, 0.000000000000000000 ) ) ;
#1440 = EDGE_LOOP ( 'NONE', ( #1387, #489, #1708, #1753 ) ) ;
#1441 = CARTESIAN_POINT ( 'NONE',  ( -0.2825865584179620971, 0.06642418945813469144, 0.000000000000000000 ) ) ;
#1442 = CARTESIAN_POINT ( 'NONE',  ( 0.000000000000000000, 0.000000000000000000, -0.02000000000000000042 ) ) ;
#1443 = EDGE_CURVE ( 'NONE', #1046, #1493, #243, .T. ) ;
#1444 = DIRECTION ( 'NONE',  ( 2.409338161078898194E-16, -1.000000000000000000, -0.000000000000000000 ) ) ;
#1445 = UNCERTAINTY_MEASURE_WITH_UNIT (LENGTH_MEASURE( 1.000000000000000082E-05 ), #215, 'distance_accuracy_value', 'NONE');
#1446 = CARTESIAN_POINT ( 'NONE',  ( 0.1913352120386549171, -0.1085089758906988000, 0.000000000000000000 ) ) ;
#1447 = FACE_BOUND ( 'NONE', #306, .T. ) ;
#1448 = SURFACE_STYLE_USAGE ( .BOTH. , #797 ) ;
#1449 = ORIENTED_EDGE ( 'NONE', *, *, #1443, .F. ) ;
#1450 = CARTESIAN_POINT ( 'NONE',  ( 0.2178707586552086906, -0.08967337151747517554, 0.000000000000000000 ) ) ;
#1451 = CARTESIAN_POINT ( 'NONE',  ( 0.8999999999999993561, -0.4499999999999993450, -0.02000000000000000042 ) ) ;
#1452 =( NAMED_UNIT ( * ) PLANE_ANGLE_UNIT ( ) SI_UNIT ( $, .RADIAN. ) );
#1453 = VECTOR ( 'NONE', #826, 1000.000000000000000 ) ;
#1454 = VECTOR ( 'NONE', #1712, 1000.000000000000000 ) ;
#1455 = PRESENTATION_LAYER_ASSIGNMENT (  '', '', ( #256 ) ) ;
#1456 = PRESENTATION_STYLE_ASSIGNMENT (( #808 ) ) ;
#1457 = EDGE_CURVE ( 'NONE', #1097, #568, #70, .T. ) ;
#1458 =( GEOMETRIC_REPRESENTATION_CONTEXT ( 3 ) GLOBAL_UNCERTAINTY_ASSIGNED_CONTEXT ( ( #787 ) ) GLOBAL_UNIT_ASSIGNED_CONTEXT ( ( #1654, #1197, #384 ) ) REPRESENTATION_CONTEXT ( 'NONE', 'WORKASPACE' ) );
#1459 = STYLED_ITEM ( 'NONE', ( #142 ), #1330 ) ;
#1460 = PLANE ( 'NONE',  #700 ) ;
#1461 = VERTEX_POINT ( 'NONE', #718 ) ;
#1462 = ORIENTED_EDGE ( 'NONE', *, *, #1748, .T. ) ;
#1463 = LINE ( 'NONE', #1101, #1764 ) ;
#1464 = ORIENTED_EDGE ( 'NONE', *, *, #906, .F. ) ;
#1465 = SURFACE_STYLE_FILL_AREA ( #287 ) ;
#1466 = CARTESIAN_POINT ( 'NONE',  ( 0.1684135953467919278, -0.09985556291486839819, 0.000000000000000000 ) ) ;
#1467 =( LENGTH_UNIT ( ) NAMED_UNIT ( * ) SI_UNIT ( .MILLI., .METRE. ) );
#1468 = ADVANCED_FACE ( 'NONE', ( #564 ), #1205, .T. ) ;
#1469 = DIRECTION ( 'NONE',  ( -0.000000000000000000, -1.000000000000000000, -0.000000000000000000 ) ) ;
#1470 = ORIENTED_EDGE ( 'NONE', *, *, #884, .T. ) ;
#1471 = CARTESIAN_POINT ( 'NONE',  ( -0.07526948524723034439, 0.09081443336057366811, 0.000000000000000000 ) ) ;
#1472 =( NAMED_UNIT ( * ) SI_UNIT ( $, .STERADIAN. ) SOLID_ANGLE_UNIT ( ) );
#1473 = VERTEX_POINT ( 'NONE', #479 ) ;
#1474 = CARTESIAN_POINT ( 'NONE',  ( -0.2999999999999994893, -1.000000000000000666, 0.2800000000000000266 ) ) ;
#1475 = DIRECTION ( 'NONE',  ( -1.807003620809174632E-16, 1.000000000000000000, 0.000000000000000000 ) ) ;
#1476 = DIRECTION ( 'NONE',  ( -0.000000000000000000, -0.000000000000000000, -1.000000000000000000 ) ) ;
#1477 =( NAMED_UNIT ( * ) PLANE_ANGLE_UNIT ( ) SI_UNIT ( $, .RADIAN. ) );
#1478 = LINE ( 'NONE', #1769, #907 ) ;
#1479 = PLANE ( 'NONE',  #1353 ) ;
#1480 = ORIENTED_EDGE ( 'NONE', *, *, #573, .T. ) ;
#1481 = ADVANCED_FACE ( 'NONE', ( #299 ), #1579, .F. ) ;
#1482 = VERTEX_POINT ( 'NONE', #642 ) ;
#1483 = CARTESIAN_POINT ( 'NONE',  ( -0.1725548579246841685, 0.03337520171941879554, 0.000000000000000000 ) ) ;
#1484 = LINE ( 'NONE', #21, #1453 ) ;
#1485 = VERTEX_POINT ( 'NONE', #1450 ) ;
#1486 = CARTESIAN_POINT ( 'NONE',  ( 0.2215674049966721293, -0.1116245910296703031, 0.000000000000000000 ) ) ;
#1487 = FILL_AREA_STYLE ('',( #1655 ) ) ;
#1488 = SURFACE_STYLE_FILL_AREA ( #1647 ) ;
#1489 = CARTESIAN_POINT ( 'NONE',  ( 0.8999999999999993561, 0.4499999999999993450, -0.02000000000000000042 ) ) ;
#1490 = VECTOR ( 'NONE', #1270, 1000.000000000000000 ) ;
#1491 =( LENGTH_UNIT ( ) NAMED_UNIT ( * ) SI_UNIT ( .MILLI., .METRE. ) );
#1492 = CARTESIAN_POINT ( 'NONE',  ( -0.9999999999999995559, -1.000000000000000666, 0.000000000000000000 ) ) ;
#1493 = VERTEX_POINT ( 'NONE', #470 ) ;
#1494 = SURFACE_STYLE_USAGE ( .BOTH. , #33 ) ;
#1495 = EDGE_CURVE ( 'NONE', #1111, #1919, #1124, .T. ) ;
#1496 = ORIENTED_EDGE ( 'NONE', *, *, #172, .T. ) ;
#1497 = EDGE_CURVE ( 'NONE', #285, #956, #614, .T. ) ;
#1498 = LINE ( 'NONE', #202, #777 ) ;
#1499 = DIRECTION ( 'NONE',  ( 1.000000000000000000, -0.000000000000000000, -0.000000000000000000 ) ) ;
#1500 = ORIENTED_EDGE ( 'NONE', *, *, #503, .T. ) ;
#1501 = FILL_AREA_STYLE_COLOUR ( '', #1392 ) ;
#1502 = CARTESIAN_POINT ( 'NONE',  ( 0.02507350255764775535, 0.09081443336057365423, 0.000000000000000000 ) ) ;
#1503 = VERTEX_POINT ( 'NONE', #949 ) ;
#1504 = DIRECTION ( 'NONE',  ( -0.3635424856527063042, -0.9315776194850602376, 0.000000000000000000 ) ) ;
#1505 =( NAMED_UNIT ( * ) PLANE_ANGLE_UNIT ( ) SI_UNIT ( $, .RADIAN. ) );
#1506 = DIRECTION ( 'NONE',  ( 1.000000000000000000, 0.000000000000000000, 0.000000000000000000 ) ) ;
#1507 =( NAMED_UNIT ( * ) PLANE_ANGLE_UNIT ( ) SI_UNIT ( $, .RADIAN. ) );
#1508 = SURFACE_STYLE_USAGE ( .BOTH. , #524 ) ;
#1509 = SURFACE_STYLE_FILL_AREA ( #1345 ) ;
#1510 = VERTEX_POINT ( 'NONE', #1441 ) ;
#1511 = LINE ( 'NONE', #1813, #28 ) ;
#1512 = SHAPE_DEFINITION_REPRESENTATION ( #749, #1385 ) ;
#1513 = LINE ( 'NONE', #868, #706 ) ;
#1514 = EDGE_CURVE ( 'NONE', #1693, #40, #800, .T. ) ;
#1515 = LINE ( 'NONE', #1489, #745 ) ;
#1516 = VECTOR ( 'NONE', #1733, 1000.000000000000000 ) ;
#1517 = VECTOR ( 'NONE', #1806, 1000.000000000000000 ) ;
#1518 = VECTOR ( 'NONE', #309, 1000.000000000000000 ) ;
#1519 = AXIS2_PLACEMENT_3D ( 'NONE', #191, #709, #1005 ) ;
#1520 = CARTESIAN_POINT ( 'NONE',  ( 0.2999999999999996003, 0.8999999999999994671, 0.000000000000000000 ) ) ;
#1521 = ORIENTED_EDGE ( 'NONE', *, *, #1635, .T. ) ;
#1522 = DIRECTION ( 'NONE',  ( 1.000000000000000000, 0.000000000000000000, 0.000000000000000000 ) ) ;
#1523 = VECTOR ( 'NONE', #1524, 1000.000000000000000 ) ;
#1524 = DIRECTION ( 'NONE',  ( 0.000000000000000000, -1.000000000000000000, 0.000000000000000000 ) ) ;
#1525 = CARTESIAN_POINT ( 'NONE',  ( 0.2873338991114479657, 0.006572540999139698040, 0.000000000000000000 ) ) ;
#1526 = CARTESIAN_POINT ( 'NONE',  ( 0.2884881367039892064, -0.01131971298088979908, 0.000000000000000000 ) ) ;
#1527 = EDGE_CURVE ( 'NONE', #551, #1268, #1920, .T. ) ;
#1528 = CARTESIAN_POINT ( 'NONE',  ( 0.3323905757283796003, -0.1091855666394264124, 0.000000000000000000 ) ) ;
#1529 = ORIENTED_EDGE ( 'NONE', *, *, #958, .F. ) ;
#1530 = FILL_AREA_STYLE ('',( #1829 ) ) ;
#1531 = DIRECTION ( 'NONE',  ( 0.000000000000000000, 1.000000000000000000, -0.000000000000000000 ) ) ;
#1532 = B_SPLINE_CURVE_WITH_KNOTS ( 'NONE', 3,
 ( #1168, #1656, #691, #1823, #1965, #1789, #193, #1995, #1349, #698, #1648, #1208, #398, #682, #1953, #1525, #1332, #870, #204 ),
 .UNSPECIFIED., .F., .F.,
 ( 4, 1, 1, 1, 1, 1, 1, 1, 1, 1, 1, 1, 1, 1, 1, 1, 4 ),
 ( 0.000000000000000000, 0.06460397028839211242, 0.1267024139629471524, 0.1867568140356181683, 0.2455056873654373195, 0.3036520244499752996, 0.3615030739706254770, 0.4202402229284674662, 0.4800333407766961824, 0.5406781347755159617, 0.6011918063807817347, 0.6623335024774423818, 0.7247395102972317149, 0.7894677361728865694, 0.8565048600438307513, 0.9263120958391901638, 1.000000000000000000 ),
 .UNSPECIFIED. ) ;
#1533 = CARTESIAN_POINT ( 'NONE',  ( 0.02995155133813557150, -0.01894166420040198709, 0.000000000000000000 ) ) ;
#1534 = LINE ( 'NONE', #403, #603 ) ;
#1535 = VERTEX_POINT ( 'NONE', #1295 ) ;
#1536 = ADVANCED_FACE ( 'NONE', ( #1133 ), #651, .F. ) ;
#1537 = CARTESIAN_POINT ( 'NONE',  ( 0.3042475581162319420, 0.03959533726169605500, 0.000000000000000000 ) ) ;
#1538 = VERTEX_POINT ( 'NONE', #1304 ) ;
#1539 = CARTESIAN_POINT ( 'NONE',  ( -0.07800301122022562650, 0.06880461501455965856, 0.000000000000000000 ) ) ;
#1540 = CARTESIAN_POINT ( 'NONE',  ( -0.1683669771257330916, -0.05765162013846366479, 0.000000000000000000 ) ) ;
#1541 = CARTESIAN_POINT ( 'NONE',  ( 0.2318287362399761575, -0.1113957337795784819, 0.000000000000000000 ) ) ;
#1542 = CARTESIAN_POINT ( 'NONE',  ( 0.2883240576113186848, -0.01995492807879166094, 0.000000000000000000 ) ) ;
#1543 = EDGE_LOOP ( 'NONE', ( #456, #1773, #1879, #1728 ) ) ;
#1544 = CARTESIAN_POINT ( 'NONE',  ( 0.2999999999999996003, -0.8999999999999994671, -0.02000000000000000042 ) ) ;
#1545 = ORIENTED_EDGE ( 'NONE', *, *, #62, .F. ) ;
#1546 = COLOUR_RGB ( '',0.6470588235294117974, 0.5176470588235293491, 0.000000000000000000 ) ;
#1547 = DIRECTION ( 'NONE',  ( -1.000000000000000000, -1.807003620809174139E-16, -0.000000000000000000 ) ) ;
#1548 = ORIENTED_EDGE ( 'NONE', *, *, #1779, .F. ) ;
#1549 = EDGE_CURVE ( 'NONE', #32, #609, #957, .T. ) ;
#1550 = AXIS2_PLACEMENT_3D ( 'NONE', #680, #376, #519 ) ;
#1551 = VECTOR ( 'NONE', #1977, 1000.000000000000000 ) ;
#1552 = AXIS2_PLACEMENT_3D ( 'NONE', #19, #175, #50 ) ;
#1553 = MECHANICAL_DESIGN_GEOMETRIC_PRESENTATION_REPRESENTATION (  '', ( #97 ), #643 ) ;
#1554 = EDGE_CURVE ( 'NONE', #442, #1027, #486, .T. ) ;
#1555 = FILL_AREA_STYLE ('',( #2022 ) ) ;
#1556 = CARTESIAN_POINT ( 'NONE',  ( -0.2999999999999996003, 0.8999999999999994671, -0.02000000000000000042 ) ) ;
#1557 = ORIENTED_EDGE ( 'NONE', *, *, #884, .F. ) ;
#1558 = LINE ( 'NONE', #1999, #1243 ) ;
#1559 = ORIENTED_EDGE ( 'NONE', *, *, #1139, .F. ) ;
#1560 = CARTESIAN_POINT ( 'NONE',  ( -0.09169231448813852658, 0.06779941272719425260, 0.000000000000000000 ) ) ;
#1561 =( NAMED_UNIT ( * ) PLANE_ANGLE_UNIT ( ) SI_UNIT ( $, .RADIAN. ) );
#1562 = DIRECTION ( 'NONE',  ( 0.000000000000000000, 0.000000000000000000, 1.000000000000000000 ) ) ;
#1563 = UNCERTAINTY_MEASURE_WITH_UNIT (LENGTH_MEASURE( 1.000000000000000082E-05 ), #1993, 'distance_accuracy_value', 'NONE');
#1564 = EDGE_CURVE ( 'NONE', #1946, #1276, #1591, .T. ) ;
#1565 = SURFACE_STYLE_USAGE ( .BOTH. , #1724 ) ;
#1566 = CARTESIAN_POINT ( 'NONE',  ( 0.1006832586552087599, -0.08723434712723125706, 0.000000000000000000 ) ) ;
#1567 = DIRECTION ( 'NONE',  ( 0.000000000000000000, -1.000000000000000000, 0.000000000000000000 ) ) ;
#1568 = ORIENTED_EDGE ( 'NONE', *, *, #634, .F. ) ;
#1569 =( LENGTH_UNIT ( ) NAMED_UNIT ( * ) SI_UNIT ( .MILLI., .METRE. ) );
#1570 = CARTESIAN_POINT ( 'NONE',  ( -0.1252732121698465761, -0.09841629243040386776, 0.000000000000000000 ) ) ;
#1571 =( NAMED_UNIT ( * ) SI_UNIT ( $, .STERADIAN. ) SOLID_ANGLE_UNIT ( ) );
#1572 = CARTESIAN_POINT ( 'NONE',  ( 0.2417472286130712411, -0.1101220233277901001, 0.000000000000000000 ) ) ;
#1573 = ORIENTED_EDGE ( 'NONE', *, *, #1090, .T. ) ;
#1574 = ADVANCED_FACE ( 'NONE', ( #935 ), #129, .T. ) ;
#1575 = ORIENTED_EDGE ( 'NONE', *, *, #1554, .F. ) ;
#1576 = ORIENTED_EDGE ( 'NONE', *, *, #1751, .F. ) ;
#1577 = SURFACE_STYLE_FILL_AREA ( #1943 ) ;
#1578 = VERTEX_POINT ( 'NONE', #2065 ) ;
#1579 = PLANE ( 'NONE',  #776 ) ;
#1580 = VECTOR ( 'NONE', #1567, 1000.000000000000000 ) ;
#1581 = FACE_OUTER_BOUND ( 'NONE', #824, .T. ) ;
#1582 = AXIS2_PLACEMENT_3D ( 'NONE', #216, #747, #1069 ) ;
#1583 = AXIS2_PLACEMENT_3D ( 'NONE', #1556, #915, #585 ) ;
#1584 = PRESENTATION_LAYER_ASSIGNMENT (  '', '', ( #400 ) ) ;
#1585 = DIRECTION ( 'NONE',  ( -2.409338161078898194E-16, 1.000000000000000000, -0.000000000000000000 ) ) ;
#1586 = DIRECTION ( 'NONE',  ( -4.818676322157797375E-16, -1.000000000000000000, -0.000000000000000000 ) ) ;
#1587 = ORIENTED_EDGE ( 'NONE', *, *, #646, .F. ) ;
#1588 = EDGE_CURVE ( 'NONE', #992, #1618, #1731, .T. ) ;
#1589 = LINE ( 'NONE', #284, #1801 ) ;
#1590 = ORIENTED_EDGE ( 'NONE', *, *, #487, .T. ) ;
#1591 = LINE ( 'NONE', #447, #2008 ) ;
#1592 = SURFACE_STYLE_FILL_AREA ( #1900 ) ;
#1593 = PLANE ( 'NONE',  #1701 ) ;
#1594 = SURFACE_SIDE_STYLE ('',( #953 ) ) ;
#1595 = LINE ( 'NONE', #1238, #1182 ) ;
#1596 = EDGE_LOOP ( 'NONE', ( #1917, #1174, #702, #421, #49 ) ) ;
#1597 = VERTEX_POINT ( 'NONE', #1313 ) ;
#1598 = EDGE_CURVE ( 'NONE', #1693, #756, #41, .T. ) ;
#1599 = CARTESIAN_POINT ( 'NONE',  ( -0.8999999999999993561, 0.4499999999999993450, -0.02000000000000000042 ) ) ;
#1600 = DIRECTION ( 'NONE',  ( 1.000000000000000000, 0.000000000000000000, 0.000000000000000000 ) ) ;
#1601 = FACE_BOUND ( 'NONE', #1776, .T. ) ;
#1602 = VERTEX_POINT ( 'NONE', #1784 ) ;
#1603 = LINE ( 'NONE', #464, #877 ) ;
#1604 = VERTEX_POINT ( 'NONE', #1809 ) ;
#1605 = EDGE_LOOP ( 'NONE', ( #476, #1480, #630, #669 ) ) ;
#1606 = PRESENTATION_LAYER_ASSIGNMENT (  '', '', ( #637 ) ) ;
#1607 = LINE ( 'NONE', #2067, #1516 ) ;
#1608 = ORIENTED_EDGE ( 'NONE', *, *, #348, .F. ) ;
#1609 = EDGE_CURVE ( 'NONE', #905, #1602, #1947, .T. ) ;
#1610 = AXIS2_PLACEMENT_3D ( 'NONE', #927, #48, #712 ) ;
#1611 = VECTOR ( 'NONE', #1670, 1000.000000000000000 ) ;
#1612 = FACE_BOUND ( 'NONE', #1726, .T. ) ;
#1613 = MECHANICAL_DESIGN_GEOMETRIC_PRESENTATION_REPRESENTATION (  '', ( #1149 ), #257 ) ;
#1614 = VECTOR ( 'NONE', #1504, 1000.000000000000114 ) ;
#1615 = VECTOR ( 'NONE', #1883, 999.9999999999998863 ) ;
#1616 = DIRECTION ( 'NONE',  ( 0.000000000000000000, 1.000000000000000000, -0.000000000000000000 ) ) ;
#1617 = ORIENTED_EDGE ( 'NONE', *, *, #1830, .T. ) ;
#1618 = VERTEX_POINT ( 'NONE', #372 ) ;
#1619 = CARTESIAN_POINT ( 'NONE',  ( -0.1795686079851694650, 0.004044077428406577662, 0.000000000000000000 ) ) ;
#1620 = ORIENTED_EDGE ( 'NONE', *, *, #396, .F. ) ;
#1621 = LINE ( 'NONE', #950, #1615 ) ;
#1622 = UNCERTAINTY_MEASURE_WITH_UNIT (LENGTH_MEASURE( 1.000000000000000082E-05 ), #908, 'distance_accuracy_value', 'NONE');
#1623 = FILL_AREA_STYLE ('',( #1286 ) ) ;
#1624 = EDGE_CURVE ( 'NONE', #1493, #356, #1355, .T. ) ;
#1625 = DIRECTION ( 'NONE',  ( -1.000000000000000000, 0.000000000000000000, 0.000000000000000000 ) ) ;
#1626 = ORIENTED_EDGE ( 'NONE', *, *, #419, .T. ) ;
#1627 = CARTESIAN_POINT ( 'NONE',  ( -0.9999999999999995559, -1.000000000000000666, 0.6800000000000000488 ) ) ;
#1628 =( NAMED_UNIT ( * ) SI_UNIT ( $, .STERADIAN. ) SOLID_ANGLE_UNIT ( ) );
#1629 = EDGE_LOOP ( 'NONE', ( #1855, #1009, #318, #842, #1706, #1849, #441, #955, #1785 ) ) ;
#1630 = PRESENTATION_STYLE_ASSIGNMENT (( #199 ) ) ;
#1631 = SURFACE_STYLE_USAGE ( .BOTH. , #71 ) ;
#1632 = CARTESIAN_POINT ( 'NONE',  ( 0.3323905757283796003, -0.1091855666394264124, 0.000000000000000000 ) ) ;
#1633 = FACE_OUTER_BOUND ( 'NONE', #1334, .T. ) ;
#1634 = ORIENTED_EDGE ( 'NONE', *, *, #1393, .T. ) ;
#1635 = EDGE_CURVE ( 'NONE', #1268, #791, #1774, .T. ) ;
#1636 = ORIENTED_EDGE ( 'NONE', *, *, #487, .F. ) ;
#1637 = DIRECTION ( 'NONE',  ( -1.000000000000000000, 1.807003620809174139E-16, 0.000000000000000000 ) ) ;
#1638 = SURFACE_STYLE_FILL_AREA ( #661 ) ;
#1639 = ORIENTED_EDGE ( 'NONE', *, *, #1350, .T. ) ;
#1640 = PLANE ( 'NONE',  #499 ) ;
#1641 =( LENGTH_UNIT ( ) NAMED_UNIT ( * ) SI_UNIT ( .MILLI., .METRE. ) );
#1642 = CARTESIAN_POINT ( 'NONE',  ( -0.1164134940300372845, 0.08434773047147700598, 0.000000000000000000 ) ) ;
#1643 = EDGE_CURVE ( 'NONE', #40, #1866, #184, .T. ) ;
#1644 = EDGE_LOOP ( 'NONE', ( #43, #134, #1810, #11 ) ) ;
#1645 = CARTESIAN_POINT ( 'NONE',  ( -0.1529062547260778837, -0.01031847737924933804, 0.000000000000000000 ) ) ;
#1646 = DIRECTION ( 'NONE',  ( 0.000000000000000000, 0.000000000000000000, 1.000000000000000000 ) ) ;
#1647 = FILL_AREA_STYLE ('',( #1974 ) ) ;
#1648 = CARTESIAN_POINT ( 'NONE',  ( 0.2726006647606194488, 0.04323483290443078803, 0.000000000000000000 ) ) ;
#1649 = EDGE_LOOP ( 'NONE', ( #283, #445, #527, #209 ) ) ;
#1650 = DIRECTION ( 'NONE',  ( 1.000000000000000000, -0.000000000000000000, -0.000000000000000000 ) ) ;
#1651 = CARTESIAN_POINT ( 'NONE',  ( 0.2136024659722818853, 0.09325345775081753108, 0.000000000000000000 ) ) ;
#1652 = ORIENTED_EDGE ( 'NONE', *, *, #355, .F. ) ;
#1653 = EDGE_CURVE ( 'NONE', #1493, #657, #1968, .T. ) ;
#1654 =( LENGTH_UNIT ( ) NAMED_UNIT ( * ) SI_UNIT ( .MILLI., .METRE. ) );
#1655 = FILL_AREA_STYLE_COLOUR ( '', #813 ) ;
#1656 = CARTESIAN_POINT ( 'NONE',  ( 0.2160836798085985500, 0.07124397102142687732, 0.000000000000000000 ) ) ;
#1657 =( LENGTH_UNIT ( ) NAMED_UNIT ( * ) SI_UNIT ( .MILLI., .METRE. ) );
#1658 = DIRECTION ( 'NONE',  ( 1.000000000000000000, 1.807003620809174139E-16, -0.000000000000000000 ) ) ;
#1659 = ORIENTED_EDGE ( 'NONE', *, *, #1964, .F. ) ;
#1660 = PRODUCT_CONTEXT ( 'NONE', #681, 'mechanical' ) ;
#1661 = CARTESIAN_POINT ( 'NONE',  ( 0.4348296001186234827, 0.09081443336057362647, 0.000000000000000000 ) ) ;
#1662 = LINE ( 'NONE', #880, #1523 ) ;
#1663 = STYLED_ITEM ( 'NONE', ( #773 ), #2014 ) ;
#1664 = ADVANCED_FACE ( 'NONE', ( #207 ), #1000, .F. ) ;
#1665 = LINE ( 'NONE', #1054, #1551 ) ;
#1666 = SURFACE_STYLE_FILL_AREA ( #699 ) ;
#1667 = SURFACE_STYLE_FILL_AREA ( #2005 ) ;
#1668 = VECTOR ( 'NONE', #1145, 1000.000000000000000 ) ;
#1669 = VECTOR ( 'NONE', #352, 1000.000000000000000 ) ;
#1670 = DIRECTION ( 'NONE',  ( 1.000000000000000000, 0.000000000000000000, 0.000000000000000000 ) ) ;
#1671 = AXIS2_PLACEMENT_3D ( 'NONE', #741, #720, #1400 ) ;
#1672 = COLOUR_RGB ( '',0.6470588235294117974, 0.5176470588235293491, 0.000000000000000000 ) ;
#1673 = CARTESIAN_POINT ( 'NONE',  ( -0.2427999730521084309, -0.05308800566381653707, 0.000000000000000000 ) ) ;
#1674 = ORIENTED_EDGE ( 'NONE', *, *, #1159, .T. ) ;
#1675 = FACE_OUTER_BOUND ( 'NONE', #195, .T. ) ;
#1676 = DIRECTION ( 'NONE',  ( -4.818676322157797375E-16, 1.000000000000000000, 0.000000000000000000 ) ) ;
#1677 = CARTESIAN_POINT ( 'NONE',  ( 0.2736510092928968185, -0.06307065398112604582, 0.000000000000000000 ) ) ;
#1678 = CARTESIAN_POINT ( 'NONE',  ( 0.2445792861722732581, 0.08932017149665923139, 0.000000000000000000 ) ) ;
#1679 = VERTEX_POINT ( 'NONE', #864 ) ;
#1680 = FACE_BOUND ( 'NONE', #34, .T. ) ;
#1681 = CARTESIAN_POINT ( 'NONE',  ( 0.1006832586552087599, 0.003009555311793142215, 0.000000000000000000 ) ) ;
#1682 = CARTESIAN_POINT ( 'NONE',  ( 0.2837590230984610162, -0.04359201426820847464, 0.000000000000000000 ) ) ;
#1683 = EDGE_CURVE ( 'NONE', #1302, #1321, #856, .T. ) ;
#1684 = PRODUCT ( 'LED-SMD_4P-L2.0-W2.0-H0.7-P1.20-S1.35', 'LED-SMD_4P-L2.0-W2.0-H0.7-P1.20-S1.35', '', ( #1660 ) ) ;
#1685 = CARTESIAN_POINT ( 'NONE',  ( 0.3153174049966721015, -0.01295843249308491728, 0.000000000000000000 ) ) ;
#1686 = ORIENTED_EDGE ( 'NONE', *, *, #807, .T. ) ;
#1687 = PLANE ( 'NONE',  #943 ) ;
#1688 =( LENGTH_UNIT ( ) NAMED_UNIT ( * ) SI_UNIT ( .MILLI., .METRE. ) );
#1689 = FACE_OUTER_BOUND ( 'NONE', #1134, .T. ) ;
#1690 = UNCERTAINTY_MEASURE_WITH_UNIT (LENGTH_MEASURE( 1.000000000000000082E-05 ), #150, 'distance_accuracy_value', 'NONE');
#1691 =( LENGTH_UNIT ( ) NAMED_UNIT ( * ) SI_UNIT ( .MILLI., .METRE. ) );
#1692 = CARTESIAN_POINT ( 'NONE',  ( 1.000000000000000444, -1.000000000000000666, 0.2800000000000000266 ) ) ;
#1693 = VERTEX_POINT ( 'NONE', #1014 ) ;
#1694 =( GEOMETRIC_REPRESENTATION_CONTEXT ( 3 ) GLOBAL_UNCERTAINTY_ASSIGNED_CONTEXT ( ( #1143 ) ) GLOBAL_UNIT_ASSIGNED_CONTEXT ( ( #1491, #1507, #853 ) ) REPRESENTATION_CONTEXT ( 'NONE', 'WORKASPACE' ) );
#1695 =( GEOMETRIC_REPRESENTATION_CONTEXT ( 3 ) GLOBAL_UNCERTAINTY_ASSIGNED_CONTEXT ( ( #910 ) ) GLOBAL_UNIT_ASSIGNED_CONTEXT ( ( #1569, #621, #1911 ) ) REPRESENTATION_CONTEXT ( 'NONE', 'WORKASPACE' ) );
#1696 = CARTESIAN_POINT ( 'NONE',  ( 0.4080003318259405320, 0.09081443336057362647, 0.000000000000000000 ) ) ;
#1697 = ORIENTED_EDGE ( 'NONE', *, *, #532, .T. ) ;
#1698 = CARTESIAN_POINT ( 'NONE',  ( -0.1200200861459530394, 0.05823686854916813177, 0.000000000000000000 ) ) ;
#1699 = ADVANCED_FACE ( 'NONE', ( #196 ), #1794, .T. ) ;
#1700 = MECHANICAL_DESIGN_GEOMETRIC_PRESENTATION_REPRESENTATION (  '', ( #504 ), #978 ) ;
#1701 = AXIS2_PLACEMENT_3D ( 'NONE', #1820, #849, #867 ) ;
#1702 = PRESENTATION_LAYER_ASSIGNMENT (  '', '', ( #97 ) ) ;
#1703 = CARTESIAN_POINT ( 'NONE',  ( -0.1758081467197994685, -0.03889832810081877285, 0.000000000000000000 ) ) ;
#1704 = SURFACE_SIDE_STYLE ('',( #1666 ) ) ;
#1705 = CARTESIAN_POINT ( 'NONE',  ( -0.2840235017269647222, 0.06204981073284804305, 0.000000000000000000 ) ) ;
#1706 = ORIENTED_EDGE ( 'NONE', *, *, #893, .F. ) ;
#1707 = CARTESIAN_POINT ( 'NONE',  ( 0.1275125269478916967, 0.09081443336057365423, 0.000000000000000000 ) ) ;
#1708 = ORIENTED_EDGE ( 'NONE', *, *, #240, .T. ) ;
#1709 = CARTESIAN_POINT ( 'NONE',  ( -0.1477681254728183402, 0.02593012965292100513, 0.000000000000000000 ) ) ;
#1710 = CARTESIAN_POINT ( 'NONE',  ( 1.000000000000000444, -1.000000000000000666, 0.000000000000000000 ) ) ;
#1711 = UNCERTAINTY_MEASURE_WITH_UNIT (LENGTH_MEASURE( 1.000000000000000082E-05 ), #594, 'distance_accuracy_value', 'NONE');
#1712 = DIRECTION ( 'NONE',  ( 4.818676322157797375E-16, 1.000000000000000000, -0.000000000000000000 ) ) ;
#1713 = EDGE_CURVE ( 'NONE', #285, #1955, #715, .T. ) ;
#1714 =( LENGTH_UNIT ( ) NAMED_UNIT ( * ) SI_UNIT ( .MILLI., .METRE. ) );
#1715 = B_SPLINE_CURVE_WITH_KNOTS ( 'NONE', 3,
 ( #1804, #1966, #16, #523, #1008, #833, #510 ),
 .UNSPECIFIED., .F., .F.,
 ( 4, 1, 1, 1, 4 ),
 ( 0.000000000000000000, 0.3005411131585082884, 0.5677471464835989190, 0.8000336137369796763, 1.000000000000000000 ),
 .UNSPECIFIED. ) ;
#1716 = ORIENTED_EDGE ( 'NONE', *, *, #634, .T. ) ;
#1717 = CARTESIAN_POINT ( 'NONE',  ( -0.8999999999999993561, -0.4499999999999993450, 0.000000000000000000 ) ) ;
#1718 = ORIENTED_EDGE ( 'NONE', *, *, #1635, .F. ) ;
#1719 = CARTESIAN_POINT ( 'NONE',  ( -0.9999999999999995559, 0.9999999999999993339, 0.6800000000000000488 ) ) ;
#1720 = ORIENTED_EDGE ( 'NONE', *, *, #845, .T. ) ;
#1721 = DIRECTION ( 'NONE',  ( -0.000000000000000000, -0.000000000000000000, -1.000000000000000000 ) ) ;
#1722 = LINE ( 'NONE', #857, #775 ) ;
#1723 = DIRECTION ( 'NONE',  ( -1.000000000000000000, -2.409338161078898687E-16, 0.000000000000000000 ) ) ;
#1724 = SURFACE_SIDE_STYLE ('',( #1237 ) ) ;
#1725 = EDGE_CURVE ( 'NONE', #998, #1955, #84, .T. ) ;
#1726 = EDGE_LOOP ( 'NONE', ( #1686, #1933, #841, #683, #358, #1500, #379, #619 ) ) ;
#1727 = FACE_OUTER_BOUND ( 'NONE', #779, .T. ) ;
#1728 = ORIENTED_EDGE ( 'NONE', *, *, #416, .T. ) ;
#1729 = PRESENTATION_STYLE_ASSIGNMENT (( #349 ) ) ;
#1730 = VERTEX_POINT ( 'NONE', #76 ) ;
#1731 = LINE ( 'NONE', #631, #190 ) ;
#1732 = VECTOR ( 'NONE', #695, 1000.000000000000000 ) ;
#1733 = DIRECTION ( 'NONE',  ( 0.000000000000000000, 0.000000000000000000, 1.000000000000000000 ) ) ;
#1734 = SURFACE_STYLE_FILL_AREA ( #937 ) ;
#1735 = UNCERTAINTY_MEASURE_WITH_UNIT (LENGTH_MEASURE( 1.000000000000000082E-05 ), #1115, 'distance_accuracy_value', 'NONE');
#1736 = VECTOR ( 'NONE', #1930, 1000.000000000000000 ) ;
#1737 = CARTESIAN_POINT ( 'NONE',  ( -0.8999999999999995781, -0.8999999999999993561, 0.000000000000000000 ) ) ;
#1738 = ADVANCED_FACE ( 'NONE', ( #1847 ), #1202, .T. ) ;
#1739 = FILL_AREA_STYLE ('',( #765 ) ) ;
#1740 = ORIENTED_EDGE ( 'NONE', *, *, #1090, .F. ) ;
#1741 = ORIENTED_EDGE ( 'NONE', *, *, #1457, .T. ) ;
#1742 = DIRECTION ( 'NONE',  ( -1.000000000000000000, 0.000000000000000000, 0.000000000000000000 ) ) ;
#1743 = CARTESIAN_POINT ( 'NONE',  ( 0.1006832586552087599, 0.06886321384837852666, 0.000000000000000000 ) ) ;
#1744 =( NAMED_UNIT ( * ) PLANE_ANGLE_UNIT ( ) SI_UNIT ( $, .RADIAN. ) );
#1745 = FACE_BOUND ( 'NONE', #69, .T. ) ;
#1746 = CARTESIAN_POINT ( 'NONE',  ( -0.9999999999999995559, -1.000000000000000666, 0.6800000000000000488 ) ) ;
#1747 = ORIENTED_EDGE ( 'NONE', *, *, #1564, .T. ) ;
#1748 = EDGE_CURVE ( 'NONE', #343, #1877, #894, .T. ) ;
#1749 = ORIENTED_EDGE ( 'NONE', *, *, #1609, .F. ) ;
#1750 = DIRECTION ( 'NONE',  ( 0.000000000000000000, -1.000000000000000000, 0.000000000000000000 ) ) ;
#1751 = EDGE_CURVE ( 'NONE', #1461, #2039, #1534, .T. ) ;
#1752 = DIRECTION ( 'NONE',  ( 0.000000000000000000, -1.000000000000000000, 0.000000000000000000 ) ) ;
#1753 = ORIENTED_EDGE ( 'NONE', *, *, #1713, .T. ) ;
#1754 =( NAMED_UNIT ( * ) SI_UNIT ( $, .STERADIAN. ) SOLID_ANGLE_UNIT ( ) );
#1755 = CARTESIAN_POINT ( 'NONE',  ( 0.2058195911483192975, -0.1108962997178695453, 0.000000000000000000 ) ) ;
#1756 = FACE_OUTER_BOUND ( 'NONE', #1440, .T. ) ;
#1757 = FILL_AREA_STYLE ('',( #205 ) ) ;
#1758 = VERTEX_POINT ( 'NONE', #1544 ) ;
#1759 = ORIENTED_EDGE ( 'NONE', *, *, #2070, .F. ) ;
#1760 = CARTESIAN_POINT ( 'NONE',  ( 1.000000000000000444, -1.000000000000000666, 0.6800000000000000488 ) ) ;
#1761 = VERTEX_POINT ( 'NONE', #380 ) ;
#1762 = EDGE_CURVE ( 'NONE', #657, #1257, #2009, .T. ) ;
#1763 = DIRECTION ( 'NONE',  ( 1.000000000000000000, -4.818676322157798361E-16, 0.000000000000000000 ) ) ;
#1764 = VECTOR ( 'NONE', #3, 1000.000000000000000 ) ;
#1765 = CARTESIAN_POINT ( 'NONE',  ( -0.2237069852472303721, -0.1091855666394263014, 0.000000000000000000 ) ) ;
#1766 = COLOUR_RGB ( '',0.6470588235294117974, 0.5176470588235293491, 0.000000000000000000 ) ;
#1767 = VECTOR ( 'NONE', #1926, 1000.000000000000000 ) ;
#1768 = VECTOR ( 'NONE', #344, 1000.000000000000000 ) ;
#1769 = CARTESIAN_POINT ( 'NONE',  ( 0.02019545377715994960, -0.1091855666394263846, 0.000000000000000000 ) ) ;
#1770 = VECTOR ( 'NONE', #253, 1000.000000000000000 ) ;
#1771 = SURFACE_STYLE_USAGE ( .BOTH. , #668 ) ;
#1772 = CARTESIAN_POINT ( 'NONE',  ( -0.9999999999999995559, -1.000000000000000666, 0.000000000000000000 ) ) ;
#1773 = ORIENTED_EDGE ( 'NONE', *, *, #1713, .F. ) ;
#1774 = LINE ( 'NONE', #1172, #1835 ) ;
#1775 = FACE_BOUND ( 'NONE', #1596, .T. ) ;
#1776 = EDGE_LOOP ( 'NONE', ( #1013, #717, #112, #620 ) ) ;
#1777 = CARTESIAN_POINT ( 'NONE',  ( -0.9999999999999995559, 0.9999999999999993339, 0.6800000000000000488 ) ) ;
#1778 = PRESENTATION_STYLE_ASSIGNMENT (( #460 ) ) ;
#1779 = EDGE_CURVE ( 'NONE', #4, #1482, #734, .T. ) ;
#1780 =( NAMED_UNIT ( * ) PLANE_ANGLE_UNIT ( ) SI_UNIT ( $, .RADIAN. ) );
#1781 = CARTESIAN_POINT ( 'NONE',  ( 1.000000000000000444, 0.9999999999999993339, 0.6800000000000000488 ) ) ;
#1782 =( LENGTH_UNIT ( ) NAMED_UNIT ( * ) SI_UNIT ( .MILLI., .METRE. ) );
#1783 = ORIENTED_EDGE ( 'NONE', *, *, #1980, .T. ) ;
#1784 = CARTESIAN_POINT ( 'NONE',  ( -0.8999999999999995781, -0.8999999999999993561, 0.000000000000000000 ) ) ;
#1785 = ORIENTED_EDGE ( 'NONE', *, *, #1762, .T. ) ;
#1786 = CARTESIAN_POINT ( 'NONE',  ( -0.07404997305210840597, -0.08723434712723125706, 0.000000000000000000 ) ) ;
#1787 = CARTESIAN_POINT ( 'NONE',  ( 0.2178707586552086906, -0.08967337151747517554, 0.000000000000000000 ) ) ;
#1788 = SURFACE_STYLE_USAGE ( .BOTH. , #557 ) ;
#1789 = CARTESIAN_POINT ( 'NONE',  ( 0.2435850684010140987, 0.06587239911693174022, 0.000000000000000000 ) ) ;
#1790 = EDGE_CURVE ( 'NONE', #32, #1461, #755, .T. ) ;
#1791 = PRESENTATION_STYLE_ASSIGNMENT (( #1771 ) ) ;
#1792 = ORIENTED_EDGE ( 'NONE', *, *, #1443, .T. ) ;
#1793 = ORIENTED_EDGE ( 'NONE', *, *, #1892, .F. ) ;
#1794 = PLANE ( 'NONE',  #1583 ) ;
#1795 = PLANE ( 'NONE',  #224 ) ;
#1796 = ORIENTED_EDGE ( 'NONE', *, *, #1180, .T. ) ;
#1797 = CARTESIAN_POINT ( 'NONE',  ( -0.1501841710663713580, -0.03319420442584081893, 0.000000000000000000 ) ) ;
#1798 = DIRECTION ( 'NONE',  ( 1.000000000000000000, 0.000000000000000000, 0.000000000000000000 ) ) ;
#1799 =( GEOMETRIC_REPRESENTATION_CONTEXT ( 3 ) GLOBAL_UNCERTAINTY_ASSIGNED_CONTEXT ( ( #334 ) ) GLOBAL_UNIT_ASSIGNED_CONTEXT ( ( #719, #1961, #385 ) ) REPRESENTATION_CONTEXT ( 'NONE', 'WORKASPACE' ) );
#1800 = CARTESIAN_POINT ( 'NONE',  ( -0.2793853389057669445, 0.05239979921423223996, 0.000000000000000000 ) ) ;
#1801 = VECTOR ( 'NONE', #783, 1000.000000000000000 ) ;
#1802 = PRESENTATION_LAYER_ASSIGNMENT (  '', '', ( #1012 ) ) ;
#1803 = MECHANICAL_DESIGN_GEOMETRIC_PRESENTATION_REPRESENTATION (  '', ( #61 ), #1184 ) ;
#1804 = CARTESIAN_POINT ( 'NONE',  ( -0.2825865584179620971, 0.06642418945813469144, 0.000000000000000000 ) ) ;
#1805 = VECTOR ( 'NONE', #788, 1000.000000000000000 ) ;
#1806 = DIRECTION ( 'NONE',  ( 1.000000000000000000, 1.807003620809174139E-16, -0.000000000000000000 ) ) ;
#1807 = VECTOR ( 'NONE', #103, 1000.000000000000000 ) ;
#1808 = AXIS2_PLACEMENT_3D ( 'NONE', #116, #1531, #1401 ) ;
#1809 = CARTESIAN_POINT ( 'NONE',  ( -0.2832344242716205995, 0.06642418945813469144, 0.000000000000000000 ) ) ;
#1810 = ORIENTED_EDGE ( 'NONE', *, *, #647, .F. ) ;
#1811 = CARTESIAN_POINT ( 'NONE',  ( -0.04565820475942546780, -0.08723434712723125706, 0.000000000000000000 ) ) ;
#1812 = ORIENTED_EDGE ( 'NONE', *, *, #584, .T. ) ;
#1813 = CARTESIAN_POINT ( 'NONE',  ( 1.000000000000000444, -1.000000000000000666, 0.6800000000000000488 ) ) ;
#1814 = LINE ( 'NONE', #545, #501 ) ;
#1815 = DIRECTION ( 'NONE',  ( -1.000000000000000000, 0.000000000000000000, -0.000000000000000000 ) ) ;
#1816 = DIRECTION ( 'NONE',  ( 0.000000000000000000, 0.000000000000000000, 1.000000000000000000 ) ) ;
#1817 = PLANE ( 'NONE',  #366 ) ;
#1818 = CARTESIAN_POINT ( 'NONE',  ( 0.2867046000204647171, 0.06416433200200283293, 0.000000000000000000 ) ) ;
#1819 = ORIENTED_EDGE ( 'NONE', *, *, #1527, .F. ) ;
#1820 = CARTESIAN_POINT ( 'NONE',  ( 0.000000000000000000, 0.000000000000000000, 0.000000000000000000 ) ) ;
#1821 = EDGE_CURVE ( 'NONE', #2062, #1137, #392, .T. ) ;
#1822 = DIRECTION ( 'NONE',  ( 0.3363908276654485330, -0.9417224702971435102, 0.000000000000000000 ) ) ;
#1823 = CARTESIAN_POINT ( 'NONE',  ( 0.2291626235009350254, 0.07000773041916465156, 0.000000000000000000 ) ) ;
#1824 = FILL_AREA_STYLE_COLOUR ( '', #1976 ) ;
#1825 =( NAMED_UNIT ( * ) SI_UNIT ( $, .STERADIAN. ) SOLID_ANGLE_UNIT ( ) );
#1826 = DIRECTION ( 'NONE',  ( -1.000000000000000000, 0.000000000000000000, 0.000000000000000000 ) ) ;
#1827 = CARTESIAN_POINT ( 'NONE',  ( 0.2629259016589961528, 0.08200326764169915683, 0.000000000000000000 ) ) ;
#1828 = ORIENTED_EDGE ( 'NONE', *, *, #1314, .T. ) ;
#1829 = FILL_AREA_STYLE_COLOUR ( '', #163 ) ;
#1830 = EDGE_CURVE ( 'NONE', #657, #8, #1429, .T. ) ;
#1831 = LINE ( 'NONE', #47, #850 ) ;
#1832 = CARTESIAN_POINT ( 'NONE',  ( -0.6999999999999996225, -0.9000000000000005773, 0.6800000000000000488 ) ) ;
#1833 = CARTESIAN_POINT ( 'NONE',  ( 0.2254840088220110561, -0.08947715478901026309, 0.000000000000000000 ) ) ;
#1834 =( GEOMETRIC_REPRESENTATION_CONTEXT ( 3 ) GLOBAL_UNCERTAINTY_ASSIGNED_CONTEXT ( ( #1381 ) ) GLOBAL_UNIT_ASSIGNED_CONTEXT ( ( #317, #1305, #632 ) ) REPRESENTATION_CONTEXT ( 'NONE', 'WORKASPACE' ) );
#1835 = VECTOR ( 'NONE', #1637, 1000.000000000000000 ) ;
#1836 = VECTOR ( 'NONE', #1199, 1000.000000000000000 ) ;
#1837 = AXIS2_PLACEMENT_3D ( 'NONE', #1235, #1522, #1856 ) ;
#1838 = CARTESIAN_POINT ( 'NONE',  ( 0.2793290090759464328, 0.07099903330224992259, 0.000000000000000000 ) ) ;
#1839 = VERTEX_POINT ( 'NONE', #1717 ) ;
#1840 = CARTESIAN_POINT ( 'NONE',  ( -0.1066959638638603769, 0.06422738182647692862, 0.000000000000000000 ) ) ;
#1841 = FILL_AREA_STYLE_COLOUR ( '', #365 ) ;
#1842 = CARTESIAN_POINT ( 'NONE',  ( -0.1158817904773441348, -0.1023437299530164657, 0.000000000000000000 ) ) ;
#1843 = UNCERTAINTY_MEASURE_WITH_UNIT (LENGTH_MEASURE( 1.000000000000000082E-05 ), #1688, 'distance_accuracy_value', 'NONE');
#1844 = CARTESIAN_POINT ( 'NONE',  ( -0.2832344242716205995, 0.06642418945813469144, 0.000000000000000000 ) ) ;
#1845 = FACE_OUTER_BOUND ( 'NONE', #1123, .T. ) ;
#1846 = EDGE_CURVE ( 'NONE', #1473, #263, #1595, .T. ) ;
#1847 = FACE_OUTER_BOUND ( 'NONE', #155, .T. ) ;
#1848 = LINE ( 'NONE', #1696, #1048 ) ;
#1849 = ORIENTED_EDGE ( 'NONE', *, *, #1180, .F. ) ;
#1850 = DIRECTION ( 'NONE',  ( 1.000000000000000000, 0.000000000000000000, -0.000000000000000000 ) ) ;
#1851 = PLANE ( 'NONE',  #1582 ) ;
#1852 = ADVANCED_FACE ( 'NONE', ( #1727 ), #1861, .T. ) ;
#1853 = ORIENTED_EDGE ( 'NONE', *, *, #532, .F. ) ;
#1854 = CARTESIAN_POINT ( 'NONE',  ( 0.1665369171917940594, 0.08532662848252485499, 0.000000000000000000 ) ) ;
#1855 = ORIENTED_EDGE ( 'NONE', *, *, #521, .F. ) ;
#1856 = DIRECTION ( 'NONE',  ( 0.000000000000000000, 0.000000000000000000, -1.000000000000000000 ) ) ;
#1857 = DIRECTION ( 'NONE',  ( 0.000000000000000000, 1.000000000000000000, -0.000000000000000000 ) ) ;
#1858 = PLANE ( 'NONE',  #231 ) ;
#1859 = STYLED_ITEM ( 'NONE', ( #1192 ), #1990 ) ;
#1860 = CARTESIAN_POINT ( 'NONE',  ( 0.2760989151645846795, -0.09656550386724195578, 0.000000000000000000 ) ) ;
#1861 = PLANE ( 'NONE',  #1865 ) ;
#1862 = EDGE_CURVE ( 'NONE', #1276, #1877, #294, .T. ) ;
#1863 = VECTOR ( 'NONE', #420, 1000.000000000000114 ) ;
#1864 = MECHANICAL_DESIGN_GEOMETRIC_PRESENTATION_REPRESENTATION (  '', ( #2035 ), #1694 ) ;
#1865 = AXIS2_PLACEMENT_3D ( 'NONE', #475, #1437, #1096 ) ;
#1866 = VERTEX_POINT ( 'NONE', #453 ) ;
#1867 =( GEOMETRIC_REPRESENTATION_CONTEXT ( 3 ) GLOBAL_UNCERTAINTY_ASSIGNED_CONTEXT ( ( #1843 ) ) GLOBAL_UNIT_ASSIGNED_CONTEXT ( ( #1688, #1561, #394 ) ) REPRESENTATION_CONTEXT ( 'NONE', 'WORKASPACE' ) );
#1868 = VECTOR ( 'NONE', #1469, 1000.000000000000000 ) ;
#1869 = VECTOR ( 'NONE', #1952, 1000.000000000000000 ) ;
#1870 = VECTOR ( 'NONE', #422, 1000.000000000000000 ) ;
#1871 = COLOUR_RGB ( '',0.6470588235294117974, 0.5176470588235293491, 0.000000000000000000 ) ;
#1872 = PRESENTATION_STYLE_ASSIGNMENT (( #1244 ) ) ;
#1873 = FILL_AREA_STYLE_COLOUR ( '', #2047 ) ;
#1874 = VERTEX_POINT ( 'NONE', #1108 ) ;
#1875 = ORIENTED_EDGE ( 'NONE', *, *, #577, .F. ) ;
#1876 = DIRECTION ( 'NONE',  ( -0.000000000000000000, -0.000000000000000000, -1.000000000000000000 ) ) ;
#1877 = VERTEX_POINT ( 'NONE', #1129 ) ;
#1878 = CARTESIAN_POINT ( 'NONE',  ( 1.000000000000000444, -1.000000000000000666, 0.2800000000000000266 ) ) ;
#1879 = ORIENTED_EDGE ( 'NONE', *, *, #1497, .T. ) ;
#1880 = CARTESIAN_POINT ( 'NONE',  ( 1.000000000000000444, 0.9999999999999993339, 0.6800000000000000488 ) ) ;
#1881 = LINE ( 'NONE', #449, #844 ) ;
#1882 = EDGE_CURVE ( 'NONE', #298, #992, #1603, .T. ) ;
#1883 = DIRECTION ( 'NONE',  ( -0.3536223923290756632, 0.9353882635801357148, 0.000000000000000000 ) ) ;
#1884 =( LENGTH_UNIT ( ) NAMED_UNIT ( * ) SI_UNIT ( .MILLI., .METRE. ) );
#1885 = DIRECTION ( 'NONE',  ( -1.000000000000000000, -0.000000000000000000, -0.000000000000000000 ) ) ;
#1886 = VERTEX_POINT ( 'NONE', #432 ) ;
#1887 = FILL_AREA_STYLE_COLOUR ( '', #397 ) ;
#1888 = ORIENTED_EDGE ( 'NONE', *, *, #2070, .T. ) ;
#1889 = LINE ( 'NONE', #338, #940 ) ;
#1890 = ORIENTED_EDGE ( 'NONE', *, *, #136, .T. ) ;
#1891 = CARTESIAN_POINT ( 'NONE',  ( -0.8999999999999995781, -0.8999999999999993561, -0.02000000000000000042 ) ) ;
#1892 = EDGE_CURVE ( 'NONE', #1839, #1602, #271, .T. ) ;
#1893 = LINE ( 'NONE', #1566, #225 ) ;
#1894 = ORIENTED_EDGE ( 'NONE', *, *, #1288, .F. ) ;
#1895 = LINE ( 'NONE', #922, #2040 ) ;
#1896 = ORIENTED_EDGE ( 'NONE', *, *, #1908, .F. ) ;
#1897 = DIRECTION ( 'NONE',  ( 0.000000000000000000, -0.000000000000000000, 1.000000000000000000 ) ) ;
#1898 =( GEOMETRIC_REPRESENTATION_CONTEXT ( 3 ) GLOBAL_UNCERTAINTY_ASSIGNED_CONTEXT ( ( #2079 ) ) GLOBAL_UNIT_ASSIGNED_CONTEXT ( ( #1884, #559, #1571 ) ) REPRESENTATION_CONTEXT ( 'NONE', 'WORKASPACE' ) );
#1899 = VECTOR ( 'NONE', #917, 1000.000000000000000 ) ;
#1900 = FILL_AREA_STYLE ('',( #793 ) ) ;
#1901 = FILL_AREA_STYLE_COLOUR ( '', #1871 ) ;
#1902 = CARTESIAN_POINT ( 'NONE',  ( 0.4348296001186234827, 0.09081443336057362647, 0.000000000000000000 ) ) ;
#1903 = VECTOR ( 'NONE', #1210, 1000.000000000000000 ) ;
#1904 = MECHANICAL_DESIGN_GEOMETRIC_PRESENTATION_REPRESENTATION (  '', ( #981 ), #611 ) ;
#1905 = FACE_BOUND ( 'NONE', #662, .T. ) ;
#1906 = EDGE_CURVE ( 'NONE', #1111, #791, #1292, .T. ) ;
#1907 = ORIENTED_EDGE ( 'NONE', *, *, #565, .T. ) ;
#1908 = EDGE_CURVE ( 'NONE', #1356, #454, #1893, .T. ) ;
#1909 = ORIENTED_EDGE ( 'NONE', *, *, #658, .T. ) ;
#1910 = ORIENTED_EDGE ( 'NONE', *, *, #278, .F. ) ;
#1911 =( NAMED_UNIT ( * ) SI_UNIT ( $, .STERADIAN. ) SOLID_ANGLE_UNIT ( ) );
#1912 = CARTESIAN_POINT ( 'NONE',  ( -0.2999999999999994893, 0.4499999999999993450, -0.02000000000000000042 ) ) ;
#1913 = VERTEX_POINT ( 'NONE', #2038 ) ;
#1914 =( NAMED_UNIT ( * ) SI_UNIT ( $, .STERADIAN. ) SOLID_ANGLE_UNIT ( ) );
#1915 = CARTESIAN_POINT ( 'NONE',  ( 0.8999999999999995781, 0.8999999999999993561, -0.02000000000000000042 ) ) ;
#1916 = DIRECTION ( 'NONE',  ( 0.000000000000000000, 0.000000000000000000, 1.000000000000000000 ) ) ;
#1917 = ORIENTED_EDGE ( 'NONE', *, *, #2002, .F. ) ;
#1918 = ADVANCED_FACE ( 'NONE', ( #810 ), #1460, .T. ) ;
#1919 = VERTEX_POINT ( 'NONE', #648 ) ;
#1920 = LINE ( 'NONE', #1419, #500 ) ;
#1921 = CARTESIAN_POINT ( 'NONE',  ( -0.6999999999999996225, -1.000000000000000666, 0.6800000000000000488 ) ) ;
#1922 = EDGE_LOOP ( 'NONE', ( #198, #1136, #1343, #563 ) ) ;
#1923 = CARTESIAN_POINT ( 'NONE',  ( -0.1059764081626521498, -0.1054618805656733771, 0.000000000000000000 ) ) ;
#1924 = UNCERTAINTY_MEASURE_WITH_UNIT (LENGTH_MEASURE( 1.000000000000000082E-05 ), #1657, 'distance_accuracy_value', 'NONE');
#1925 = CARTESIAN_POINT ( 'NONE',  ( 0.1782401029581988927, -0.1045171042563662056, 0.000000000000000000 ) ) ;
#1926 = DIRECTION ( 'NONE',  ( 0.000000000000000000, 0.000000000000000000, 1.000000000000000000 ) ) ;
#1927 = CARTESIAN_POINT ( 'NONE',  ( 0.8999999999999993561, -0.4499999999999993450, -0.02000000000000000042 ) ) ;
#1928 = ORIENTED_EDGE ( 'NONE', *, *, #1104, .F. ) ;
#1929 = MECHANICAL_DESIGN_GEOMETRIC_PRESENTATION_REPRESENTATION (  '', ( #1663 ), #1898 ) ;
#1930 = DIRECTION ( 'NONE',  ( -1.000000000000000000, -0.000000000000000000, -0.000000000000000000 ) ) ;
#1931 = EDGE_CURVE ( 'NONE', #1510, #138, #1715, .T. ) ;
#1932 =( NAMED_UNIT ( * ) PLANE_ANGLE_UNIT ( ) SI_UNIT ( $, .RADIAN. ) );
#1933 = ORIENTED_EDGE ( 'NONE', *, *, #1379, .T. ) ;
#1934 = CARTESIAN_POINT ( 'NONE',  ( -0.1479211673009291073, -0.04087595644632143616, 0.000000000000000000 ) ) ;
#1935 = LINE ( 'NONE', #961, #1079 ) ;
#1936 = AXIS2_PLACEMENT_3D ( 'NONE', #1001, #185, #847 ) ;
#1937 = VECTOR ( 'NONE', #1165, 1000.000000000000000 ) ;
#1938 = DIRECTION ( 'NONE',  ( 2.409338161078898194E-16, 1.000000000000000000, 0.000000000000000000 ) ) ;
#1939 = PRESENTATION_LAYER_ASSIGNMENT (  '', '', ( #1215 ) ) ;
#1940 = LINE ( 'NONE', #1765, #1150 ) ;
#1941 = AXIS2_PLACEMENT_3D ( 'NONE', #272, #790, #455 ) ;
#1942 =( GEOMETRIC_REPRESENTATION_CONTEXT ( 3 ) GLOBAL_UNCERTAINTY_ASSIGNED_CONTEXT ( ( #762 ) ) GLOBAL_UNIT_ASSIGNED_CONTEXT ( ( #131, #1452, #1754 ) ) REPRESENTATION_CONTEXT ( 'NONE', 'WORKASPACE' ) );
#1943 = FILL_AREA_STYLE ('',( #1319 ) ) ;
#1944 = CARTESIAN_POINT ( 'NONE',  ( -0.8999999999999993561, 0.4499999999999993450, 0.000000000000000000 ) ) ;
#1945 = ORIENTED_EDGE ( 'NONE', *, *, #869, .T. ) ;
#1946 = VERTEX_POINT ( 'NONE', #194 ) ;
#1947 = LINE ( 'NONE', #825, #1669 ) ;
#1948 = ORIENTED_EDGE ( 'NONE', *, *, #930, .T. ) ;
#1949 = PLANE ( 'NONE',  #1837 ) ;
#1950 = ADVANCED_FACE ( 'NONE', ( #1169 ), #1479, .T. ) ;
#1951 = PRESENTATION_STYLE_ASSIGNMENT (( #37 ) ) ;
#1952 = DIRECTION ( 'NONE',  ( -1.000000000000000000, 0.000000000000000000, 0.000000000000000000 ) ) ;
#1953 = CARTESIAN_POINT ( 'NONE',  ( 0.2856940663055476670, 0.01487226393235114609, 0.000000000000000000 ) ) ;
#1954 = DIRECTION ( 'NONE',  ( -1.807003620809174632E-16, -1.000000000000000000, 0.000000000000000000 ) ) ;
#1955 = VERTEX_POINT ( 'NONE', #1023 ) ;
#1956 = ORIENTED_EDGE ( 'NONE', *, *, #1609, .T. ) ;
#1957 = CARTESIAN_POINT ( 'NONE',  ( -0.1570691768169036606, 0.05760022494327132758, 0.000000000000000000 ) ) ;
#1958 = FACE_OUTER_BOUND ( 'NONE', #324, .T. ) ;
#1959 = ORIENTED_EDGE ( 'NONE', *, *, #1862, .T. ) ;
#1960 = CARTESIAN_POINT ( 'NONE',  ( -0.09957295741257352062, -0.08441244701606931411, 0.000000000000000000 ) ) ;
#1961 =( NAMED_UNIT ( * ) PLANE_ANGLE_UNIT ( ) SI_UNIT ( $, .RADIAN. ) );
#1962 = LINE ( 'NONE', #354, #227 ) ;
#1963 = B_SPLINE_CURVE_WITH_KNOTS ( 'NONE', 3,
 ( #1526, #246, #1542, #409, #1062, #1682, #1055, #93, #1677, #1229, #1395, #2016, #64, #1366, #74, #724, #1833, #386, #1787 ),
 .UNSPECIFIED., .F., .F.,
 ( 4, 1, 1, 1, 1, 1, 1, 1, 1, 1, 1, 1, 1, 1, 1, 1, 4 ),
 ( 0.000000000000000000, 0.07377411937406362641, 0.1440791147260414296, 0.2113485183089116315, 0.2760768857398838705, 0.3385209158196766377, 0.3998851166931336465, 0.4602540674652130792, 0.5205889643912479103, 0.5802076845630443902, 0.6386329085525461746, 0.6963645494905239541, 0.7540017746600126136, 0.8128056813744979348, 0.8727544255255602623, 0.9351819969782670938, 1.000000000000000000 ),
 .UNSPECIFIED. ) ;
#1964 = EDGE_CURVE ( 'NONE', #1866, #1839, #1301, .T. ) ;
#1965 = CARTESIAN_POINT ( 'NONE',  ( 0.2365681021372897930, 0.06832914257271056890, 0.000000000000000000 ) ) ;
#1966 = CARTESIAN_POINT ( 'NONE',  ( -0.2823533419234707242, 0.06500001100049050684, 0.000000000000000000 ) ) ;
#1967 = VERTEX_POINT ( 'NONE', #997 ) ;
#1968 = LINE ( 'NONE', #1627, #59 ) ;
#1969 = CARTESIAN_POINT ( 'NONE',  ( 0.000000000000000000, 0.000000000000000000, 0.000000000000000000 ) ) ;
#1970 = ORIENTED_EDGE ( 'NONE', *, *, #1053, .T. ) ;
#1971 = DIRECTION ( 'NONE',  ( 0.000000000000000000, -0.000000000000000000, 1.000000000000000000 ) ) ;
#1972 = FILL_AREA_STYLE_COLOUR ( '', #736 ) ;
#1973 = CARTESIAN_POINT ( 'NONE',  ( 0.1275125269478916967, -0.1091855666394263846, 0.000000000000000000 ) ) ;
#1974 = FILL_AREA_STYLE_COLOUR ( '', #544 ) ;
#1975 =( GEOMETRIC_REPRESENTATION_CONTEXT ( 3 ) GLOBAL_UNCERTAINTY_ASSIGNED_CONTEXT ( ( #1272 ) ) GLOBAL_UNIT_ASSIGNED_CONTEXT ( ( #42, #1932, #1628 ) ) REPRESENTATION_CONTEXT ( 'NONE', 'WORKASPACE' ) );
#1976 = COLOUR_RGB ( '',0.6470588235294117974, 0.5176470588235293491, 0.000000000000000000 ) ;
#1977 = DIRECTION ( 'NONE',  ( 0.000000000000000000, 0.000000000000000000, 1.000000000000000000 ) ) ;
#1978 = VECTOR ( 'NONE', #1506, 1000.000000000000000 ) ;
#1979 = PRESENTATION_LAYER_ASSIGNMENT (  '', '', ( #1459 ) ) ;
#1980 = EDGE_CURVE ( 'NONE', #1877, #1241, #840, .T. ) ;
#1981 = CARTESIAN_POINT ( 'NONE',  ( -0.1424318992116629656, 0.07064432949761514924, 0.000000000000000000 ) ) ;
#1982 = PRESENTATION_STYLE_ASSIGNMENT (( #1328 ) ) ;
#1983 = EDGE_LOOP ( 'NONE', ( #975, #1337, #1099, #1557, #375, #1223, #1636, #1291, #1156, #1759 ) ) ;
#1984 = SURFACE_SIDE_STYLE ('',( #554 ) ) ;
#1985 = CARTESIAN_POINT ( 'NONE',  ( 0.1006832586552087599, -0.01894166420040198709, 0.000000000000000000 ) ) ;
#1986 = PLANE ( 'NONE',  #1808 ) ;
#1987 = DIRECTION ( 'NONE',  ( -1.000000000000000000, 0.000000000000000000, 0.000000000000000000 ) ) ;
#1988 = SURFACE_SIDE_STYLE ('',( #1247 ) ) ;
#1989 =( NAMED_UNIT ( * ) SI_UNIT ( $, .STERADIAN. ) SOLID_ANGLE_UNIT ( ) );
#1990 = ADVANCED_FACE ( 'NONE', ( #1633 ), #323, .T. ) ;
#1991 = LINE ( 'NONE', #493, #1580 ) ;
#1992 = ORIENTED_EDGE ( 'NONE', *, *, #1748, .F. ) ;
#1993 =( LENGTH_UNIT ( ) NAMED_UNIT ( * ) SI_UNIT ( .MILLI., .METRE. ) );
#1994 = FILL_AREA_STYLE_COLOUR ( '', #1019 ) ;
#1995 = CARTESIAN_POINT ( 'NONE',  ( 0.2564238192941185046, 0.05880483158547078482, 0.000000000000000000 ) ) ;
#1996 =( NAMED_UNIT ( * ) SI_UNIT ( $, .STERADIAN. ) SOLID_ANGLE_UNIT ( ) );
#1997 = CARTESIAN_POINT ( 'NONE',  ( 0.1720681254645454183, -0.07998393102378661967, 0.000000000000000000 ) ) ;
#1998 = DIRECTION ( 'NONE',  ( -4.818676322157798361E-16, -1.000000000000000000, 0.000000000000000000 ) ) ;
#1999 = CARTESIAN_POINT ( 'NONE',  ( -0.9999999999999995559, -1.000000000000000666, 0.6800000000000000488 ) ) ;
#2000 = ORIENTED_EDGE ( 'NONE', *, *, #1413, .T. ) ;
#2001 = PRODUCT_DEFINITION ( '未知', '', #535, #288 ) ;
#2002 = EDGE_CURVE ( 'NONE', #1293, #1473, #763, .T. ) ;
#2003 = CARTESIAN_POINT ( 'NONE',  ( -0.1795654416629037797, -0.01785248249661939082, 0.000000000000000000 ) ) ;
#2004 = CARTESIAN_POINT ( 'NONE',  ( 0.3011325948888461945, -0.07000573820888807142, 0.000000000000000000 ) ) ;
#2005 = FILL_AREA_STYLE ('',( #567 ) ) ;
#2006 = STYLED_ITEM ( 'NONE', ( #537 ), #446 ) ;
#2007 =( GEOMETRIC_REPRESENTATION_CONTEXT ( 3 ) GLOBAL_UNCERTAINTY_ASSIGNED_CONTEXT ( ( #1127 ) ) GLOBAL_UNIT_ASSIGNED_CONTEXT ( ( #1691, #1209, #1825 ) ) REPRESENTATION_CONTEXT ( 'NONE', 'WORKASPACE' ) );
#2008 = VECTOR ( 'NONE', #1100, 1000.000000000000000 ) ;
#2009 = LINE ( 'NONE', #1692, #1611 ) ;
#2010 = COLOUR_RGB ( '',0.6470588235294117974, 0.5176470588235293491, 0.000000000000000000 ) ;
#2011 = LINE ( 'NONE', #1673, #1863 ) ;
#2012 = VERTEX_POINT ( 'NONE', #1263 ) ;
#2013 = PLANE ( 'NONE',  #1082 ) ;
#2014 = ADVANCED_FACE ( 'NONE', ( #228 ), #289, .T. ) ;
#2015 = CARTESIAN_POINT ( 'NONE',  ( -0.2863213145155231176, 0.05239979921423224690, 0.000000000000000000 ) ) ;
#2016 = CARTESIAN_POINT ( 'NONE',  ( 0.2585587680745767281, -0.07787914831703747487, 0.000000000000000000 ) ) ;
#2017 = VERTEX_POINT ( 'NONE', #723 ) ;
#2018 = DIRECTION ( 'NONE',  ( -0.000000000000000000, -1.000000000000000000, -0.000000000000000000 ) ) ;
#2019 = ORIENTED_EDGE ( 'NONE', *, *, #1527, .T. ) ;
#2020 = CARTESIAN_POINT ( 'NONE',  ( -0.1501298876075801980, 0.01847038029112533369, 0.000000000000000000 ) ) ;
#2021 = SURFACE_STYLE_FILL_AREA ( #1077 ) ;
#2022 = FILL_AREA_STYLE_COLOUR ( '', #881 ) ;
#2023 = PRESENTATION_STYLE_ASSIGNMENT (( #1565 ) ) ;
#2024 = EDGE_CURVE ( 'NONE', #2037, #551, #388, .T. ) ;
#2025 = VERTEX_POINT ( 'NONE', #1832 ) ;
#2026 = ADVANCED_FACE ( 'NONE', ( #399 ), #938, .T. ) ;
#2027 = CARTESIAN_POINT ( 'NONE',  ( 0.1774104814146413300, 0.06415283548325348417, 0.000000000000000000 ) ) ;
#2028 = DIRECTION ( 'NONE',  ( 1.000000000000000000, 0.000000000000000000, 0.000000000000000000 ) ) ;
#2029 = VERTEX_POINT ( 'NONE', #664 ) ;
#2030 = CARTESIAN_POINT ( 'NONE',  ( 0.3323905757283796003, -0.08723434712723128481, 0.000000000000000000 ) ) ;
#2031 = CARTESIAN_POINT ( 'NONE',  ( -0.04565820475942546780, -0.08723434712723125706, 0.000000000000000000 ) ) ;
#2032 = CARTESIAN_POINT ( 'NONE',  ( 0.8999999999999993561, 0.4499999999999993450, -0.02000000000000000042 ) ) ;
#2033 = UNCERTAINTY_MEASURE_WITH_UNIT (LENGTH_MEASURE( 1.000000000000000082E-05 ), #2072, 'distance_accuracy_value', 'NONE');
#2034 = DIRECTION ( 'NONE',  ( 1.000000000000000000, 0.000000000000000000, 0.000000000000000000 ) ) ;
#2035 = STYLED_ITEM ( 'NONE', ( #1791 ), #1950 ) ;
#2036 = CARTESIAN_POINT ( 'NONE',  ( 0.3151325704130378269, -0.02367508496384356301, 0.000000000000000000 ) ) ;
#2037 = VERTEX_POINT ( 'NONE', #1282 ) ;
#2038 = CARTESIAN_POINT ( 'NONE',  ( 0.8999999999999993561, 0.4499999999999993450, 0.000000000000000000 ) ) ;
#2039 = VERTEX_POINT ( 'NONE', #321 ) ;
#2040 = VECTOR ( 'NONE', #1432, 1000.000000000000000 ) ;
#2041 = EDGE_CURVE ( 'NONE', #166, #1433, #1318, .T. ) ;
#2042 = VECTOR ( 'NONE', #1586, 1000.000000000000000 ) ;
#2043 = PLANE ( 'NONE',  #229 ) ;
#2044 = EDGE_LOOP ( 'NONE', ( #1408, #1617, #866, #341, #945, #1327 ) ) ;
#2045 = DIRECTION ( 'NONE',  ( 0.000000000000000000, 1.000000000000000000, -0.000000000000000000 ) ) ;
#2046 = MECHANICAL_DESIGN_GEOMETRIC_PRESENTATION_REPRESENTATION (  '', ( #1425 ), #1867 ) ;
#2047 = COLOUR_RGB ( '',0.6470588235294117974, 0.5176470588235293491, 0.000000000000000000 ) ;
#2048 = VECTOR ( 'NONE', #1225, 1000.000000000000000 ) ;
#2049 = DIRECTION ( 'NONE',  ( 0.000000000000000000, 0.000000000000000000, -1.000000000000000000 ) ) ;
#2050 = CARTESIAN_POINT ( 'NONE',  ( 0.2999999999999994893, -0.4499999999999993450, 0.000000000000000000 ) ) ;
#2051 = CARTESIAN_POINT ( 'NONE',  ( 0.02507350255764775535, 0.06886321384837852666, 0.000000000000000000 ) ) ;
#2052 = ORIENTED_EDGE ( 'NONE', *, *, #1643, .F. ) ;
#2053 = CARTESIAN_POINT ( 'NONE',  ( -0.3749264974423522911, -0.1091855666394263014, 0.000000000000000000 ) ) ;
#2054 = ORIENTED_EDGE ( 'NONE', *, *, #1549, .T. ) ;
#2055 = CARTESIAN_POINT ( 'NONE',  ( 0.000000000000000000, 0.000000000000000000, 0.6800000000000000488 ) ) ;
#2056 = EDGE_CURVE ( 'NONE', #343, #967, #1935, .T. ) ;
#2057 = DIRECTION ( 'NONE',  ( -1.000000000000000000, 0.000000000000000000, 0.000000000000000000 ) ) ;
#2058 = CARTESIAN_POINT ( 'NONE',  ( -0.07703970181376364190, -0.1091163055641952567, 0.000000000000000000 ) ) ;
#2059 = FACE_OUTER_BOUND ( 'NONE', #250, .T. ) ;
#2060 = VERTEX_POINT ( 'NONE', #985 ) ;
#2061 = CARTESIAN_POINT ( 'NONE',  ( 0.2999999999999996003, 0.8999999999999994671, -0.02000000000000000042 ) ) ;
#2062 = VERTEX_POINT ( 'NONE', #345 ) ;
#2063 = LINE ( 'NONE', #2053, #24 ) ;
#2064 = ORIENTED_EDGE ( 'NONE', *, *, #1314, .F. ) ;
#2065 = CARTESIAN_POINT ( 'NONE',  ( -0.2237069852472303721, -0.1091855666394263014, 0.000000000000000000 ) ) ;
#2066 = EDGE_CURVE ( 'NONE', #1027, #298, #1297, .T. ) ;
#2067 = CARTESIAN_POINT ( 'NONE',  ( -0.2999999999999996003, 0.8999999999999994671, -0.02000000000000000042 ) ) ;
#2068 = CARTESIAN_POINT ( 'NONE',  ( 1.000000000000000444, -1.000000000000000666, 0.000000000000000000 ) ) ;
#2069 = PLANE ( 'NONE',  #252 ) ;
#2070 = EDGE_CURVE ( 'NONE', #168, #1377, #1031, .T. ) ;
#2071 =( GEOMETRIC_REPRESENTATION_CONTEXT ( 3 ) GLOBAL_UNCERTAINTY_ASSIGNED_CONTEXT ( ( #1735 ) ) GLOBAL_UNIT_ASSIGNED_CONTEXT ( ( #1115, #132, #303 ) ) REPRESENTATION_CONTEXT ( 'NONE', 'WORKASPACE' ) );
#2072 =( LENGTH_UNIT ( ) NAMED_UNIT ( * ) SI_UNIT ( .MILLI., .METRE. ) );
#2073 = ORIENTED_EDGE ( 'NONE', *, *, #886, .T. ) ;
#2074 = VERTEX_POINT ( 'NONE', #1902 ) ;
#2075 = CARTESIAN_POINT ( 'NONE',  ( 1.000000000000000444, -1.000000000000000666, 0.6800000000000000488 ) ) ;
#2076 = VECTOR ( 'NONE', #767, 1000.000000000000000 ) ;
#2077 = MECHANICAL_DESIGN_GEOMETRIC_PRESENTATION_REPRESENTATION (  '', ( #637 ), #541 ) ;
#2078 = AXIS2_PLACEMENT_3D ( 'NONE', #291, #491, #666 ) ;
#2079 = UNCERTAINTY_MEASURE_WITH_UNIT (LENGTH_MEASURE( 1.000000000000000082E-05 ), #1884, 'distance_accuracy_value', 'NONE');
#2080 = FILL_AREA_STYLE ('',( #805 ) ) ;
#2081 = MECHANICAL_DESIGN_GEOMETRIC_PRESENTATION_REPRESENTATION (  '', ( #1215 ), #1186 ) ;
#2082 = VECTOR ( 'NONE', #1444, 1000.000000000000000 ) ;
#2083 = ADVANCED_FACE ( 'NONE', ( #143 ), #2069, .T. ) ;
#2084 = CARTESIAN_POINT ( 'NONE',  ( 0.1948203633546527203, 0.06959569656825718986, 0.000000000000000000 ) ) ;
#2085 = ORIENTED_EDGE ( 'NONE', *, *, #2066, .F. ) ;
ENDSEC;
END-ISO-10303-21;
