ISO-10303-21;
HEADER;
/* Generated by software containing ST-Developer
 * from STEP Tools, Inc. (www.steptools.com) 
 */
/* OPTION: strings as raw bytes, not using required /X/ escapes */

FILE_DESCRIPTION(
/* description */ ('Unknown'),
/* implementation_level */ '2;1');

FILE_NAME(
/* name */ 'GD25Q16EEIGR',
/* time_stamp */ '2023-08-15T12:49:07+02:00',
/* author */ ('Unknown'),
/* organization */ ('Unknown'),
/* preprocessor_version */ 'ST-DEVELOPER v18.102',
/* originating_system */ 'Solid Edge',
/* authorisation */ 'Unknown');

FILE_SCHEMA (('AUTOMOTIVE_DESIGN {1 0 10303 214 3 1 1}'));
ENDSEC;

DATA;
#10=PROPERTY_DEFINITION_REPRESENTATION(#14,#12);
#11=PROPERTY_DEFINITION_REPRESENTATION(#15,#13);
#12=REPRESENTATION('',(#16),#3933);
#13=REPRESENTATION('',(#17),#3933);
#14=PROPERTY_DEFINITION('pmi validation property','',#3938);
#15=PROPERTY_DEFINITION('pmi validation property','',#3938);
#16=VALUE_REPRESENTATION_ITEM('number of annotations',COUNT_MEASURE(0.));
#17=VALUE_REPRESENTATION_ITEM('number of views',COUNT_MEASURE(0.));
#18=SHAPE_REPRESENTATION_RELATIONSHIP('','',#2741,#19);
#19=ADVANCED_BREP_SHAPE_REPRESENTATION('',(#2739),#3933);
#20=SPHERICAL_SURFACE('',#2842,0.0248206757812489);
#21=SPHERICAL_SURFACE('',#2845,0.0248206757812489);
#22=SPHERICAL_SURFACE('',#2862,0.0248206757812489);
#23=SPHERICAL_SURFACE('',#2864,0.0248206757812489);
#24=SPHERICAL_SURFACE('',#2866,0.0248206757812489);
#25=SPHERICAL_SURFACE('',#2868,0.0248206757812489);
#26=SPHERICAL_SURFACE('',#2878,0.0248206757812489);
#27=SPHERICAL_SURFACE('',#2880,0.0248206757812489);
#28=DRAUGHTING_PRE_DEFINED_COLOUR('white');
#29=CYLINDRICAL_SURFACE('',#2836,0.0589600529726053);
#30=CYLINDRICAL_SURFACE('',#2839,0.0248206757812489);
#31=CYLINDRICAL_SURFACE('',#2848,0.0248206757812489);
#32=CYLINDRICAL_SURFACE('',#2850,0.0248206757812489);
#33=CYLINDRICAL_SURFACE('',#2852,0.0248206757812489);
#34=CYLINDRICAL_SURFACE('',#2855,0.0248206757812489);
#35=CYLINDRICAL_SURFACE('',#2857,0.0248206757812489);
#36=CYLINDRICAL_SURFACE('',#2859,0.0248206757812489);
#37=CYLINDRICAL_SURFACE('',#2870,0.0248206757812489);
#38=CYLINDRICAL_SURFACE('',#2872,0.0248206757812489);
#39=CYLINDRICAL_SURFACE('',#2874,0.0248206757812489);
#40=CYLINDRICAL_SURFACE('',#2876,0.0248206757812489);
#41=CYLINDRICAL_SURFACE('',#2882,0.0248206757812489);
#42=CIRCLE('',#2823,0.0589600529726053);
#43=CIRCLE('',#2837,0.0589600529726053);
#44=CIRCLE('',#2840,0.0248206757812489);
#45=CIRCLE('',#2841,0.0248206757812489);
#46=CIRCLE('',#2843,0.0248206757812489);
#47=CIRCLE('',#2844,0.0248206757812489);
#48=CIRCLE('',#2846,0.0248206757812489);
#49=CIRCLE('',#2847,0.0248206757812489);
#50=CIRCLE('',#2849,0.0248206757812489);
#51=CIRCLE('',#2851,0.0248206757812489);
#52=CIRCLE('',#2853,0.0248206757812489);
#53=CIRCLE('',#2854,0.0248206757812489);
#54=CIRCLE('',#2856,0.0248206757812489);
#55=CIRCLE('',#2858,0.0248206757812489);
#56=CIRCLE('',#2860,0.0248206757812489);
#57=CIRCLE('',#2861,0.0248206757812489);
#58=CIRCLE('',#2863,0.0248206757812489);
#59=CIRCLE('',#2865,0.0248206757812489);
#60=CIRCLE('',#2867,0.0248206757812489);
#61=CIRCLE('',#2869,0.0248206757812489);
#62=CIRCLE('',#2871,0.0248206757812489);
#63=CIRCLE('',#2873,0.0248206757812489);
#64=CIRCLE('',#2875,0.0248206757812489);
#65=CIRCLE('',#2877,0.0248206757812489);
#66=CIRCLE('',#2879,0.0248206757812489);
#67=CIRCLE('',#2881,0.0248206757812489);
#68=ORIENTED_EDGE('',*,*,#582,.F.);
#69=ORIENTED_EDGE('',*,*,#583,.F.);
#70=ORIENTED_EDGE('',*,*,#584,.F.);
#71=ORIENTED_EDGE('',*,*,#585,.F.);
#72=ORIENTED_EDGE('',*,*,#586,.T.);
#73=ORIENTED_EDGE('',*,*,#587,.F.);
#74=ORIENTED_EDGE('',*,*,#583,.T.);
#75=ORIENTED_EDGE('',*,*,#588,.T.);
#76=ORIENTED_EDGE('',*,*,#589,.T.);
#77=ORIENTED_EDGE('',*,*,#590,.F.);
#78=ORIENTED_EDGE('',*,*,#584,.T.);
#79=ORIENTED_EDGE('',*,*,#587,.T.);
#80=ORIENTED_EDGE('',*,*,#591,.T.);
#81=ORIENTED_EDGE('',*,*,#592,.F.);
#82=ORIENTED_EDGE('',*,*,#585,.T.);
#83=ORIENTED_EDGE('',*,*,#590,.T.);
#84=ORIENTED_EDGE('',*,*,#593,.T.);
#85=ORIENTED_EDGE('',*,*,#588,.F.);
#86=ORIENTED_EDGE('',*,*,#582,.T.);
#87=ORIENTED_EDGE('',*,*,#592,.T.);
#88=ORIENTED_EDGE('',*,*,#594,.F.);
#89=ORIENTED_EDGE('',*,*,#595,.F.);
#90=ORIENTED_EDGE('',*,*,#596,.F.);
#91=ORIENTED_EDGE('',*,*,#597,.F.);
#92=ORIENTED_EDGE('',*,*,#598,.T.);
#93=ORIENTED_EDGE('',*,*,#599,.F.);
#94=ORIENTED_EDGE('',*,*,#595,.T.);
#95=ORIENTED_EDGE('',*,*,#600,.T.);
#96=ORIENTED_EDGE('',*,*,#601,.T.);
#97=ORIENTED_EDGE('',*,*,#602,.F.);
#98=ORIENTED_EDGE('',*,*,#596,.T.);
#99=ORIENTED_EDGE('',*,*,#599,.T.);
#100=ORIENTED_EDGE('',*,*,#603,.T.);
#101=ORIENTED_EDGE('',*,*,#604,.F.);
#102=ORIENTED_EDGE('',*,*,#597,.T.);
#103=ORIENTED_EDGE('',*,*,#602,.T.);
#104=ORIENTED_EDGE('',*,*,#605,.T.);
#105=ORIENTED_EDGE('',*,*,#600,.F.);
#106=ORIENTED_EDGE('',*,*,#594,.T.);
#107=ORIENTED_EDGE('',*,*,#604,.T.);
#108=ORIENTED_EDGE('',*,*,#606,.F.);
#109=ORIENTED_EDGE('',*,*,#607,.F.);
#110=ORIENTED_EDGE('',*,*,#608,.F.);
#111=ORIENTED_EDGE('',*,*,#609,.F.);
#112=ORIENTED_EDGE('',*,*,#610,.T.);
#113=ORIENTED_EDGE('',*,*,#611,.F.);
#114=ORIENTED_EDGE('',*,*,#607,.T.);
#115=ORIENTED_EDGE('',*,*,#612,.T.);
#116=ORIENTED_EDGE('',*,*,#613,.T.);
#117=ORIENTED_EDGE('',*,*,#614,.F.);
#118=ORIENTED_EDGE('',*,*,#608,.T.);
#119=ORIENTED_EDGE('',*,*,#611,.T.);
#120=ORIENTED_EDGE('',*,*,#615,.T.);
#121=ORIENTED_EDGE('',*,*,#616,.F.);
#122=ORIENTED_EDGE('',*,*,#609,.T.);
#123=ORIENTED_EDGE('',*,*,#614,.T.);
#124=ORIENTED_EDGE('',*,*,#617,.T.);
#125=ORIENTED_EDGE('',*,*,#612,.F.);
#126=ORIENTED_EDGE('',*,*,#606,.T.);
#127=ORIENTED_EDGE('',*,*,#616,.T.);
#128=ORIENTED_EDGE('',*,*,#618,.T.);
#129=ORIENTED_EDGE('',*,*,#619,.F.);
#130=ORIENTED_EDGE('',*,*,#620,.T.);
#131=ORIENTED_EDGE('',*,*,#621,.T.);
#132=ORIENTED_EDGE('',*,*,#622,.T.);
#133=ORIENTED_EDGE('',*,*,#623,.F.);
#134=ORIENTED_EDGE('',*,*,#624,.T.);
#135=ORIENTED_EDGE('',*,*,#619,.T.);
#136=ORIENTED_EDGE('',*,*,#625,.T.);
#137=ORIENTED_EDGE('',*,*,#626,.F.);
#138=ORIENTED_EDGE('',*,*,#627,.T.);
#139=ORIENTED_EDGE('',*,*,#623,.T.);
#140=ORIENTED_EDGE('',*,*,#628,.T.);
#141=ORIENTED_EDGE('',*,*,#621,.F.);
#142=ORIENTED_EDGE('',*,*,#629,.T.);
#143=ORIENTED_EDGE('',*,*,#626,.T.);
#144=ORIENTED_EDGE('',*,*,#629,.F.);
#145=ORIENTED_EDGE('',*,*,#620,.F.);
#146=ORIENTED_EDGE('',*,*,#624,.F.);
#147=ORIENTED_EDGE('',*,*,#627,.F.);
#148=ORIENTED_EDGE('',*,*,#586,.F.);
#149=ORIENTED_EDGE('',*,*,#593,.F.);
#150=ORIENTED_EDGE('',*,*,#591,.F.);
#151=ORIENTED_EDGE('',*,*,#589,.F.);
#152=ORIENTED_EDGE('',*,*,#598,.F.);
#153=ORIENTED_EDGE('',*,*,#605,.F.);
#154=ORIENTED_EDGE('',*,*,#603,.F.);
#155=ORIENTED_EDGE('',*,*,#601,.F.);
#156=ORIENTED_EDGE('',*,*,#610,.F.);
#157=ORIENTED_EDGE('',*,*,#617,.F.);
#158=ORIENTED_EDGE('',*,*,#615,.F.);
#159=ORIENTED_EDGE('',*,*,#613,.F.);
#160=ORIENTED_EDGE('',*,*,#630,.T.);
#161=ORIENTED_EDGE('',*,*,#631,.T.);
#162=ORIENTED_EDGE('',*,*,#632,.T.);
#163=ORIENTED_EDGE('',*,*,#633,.T.);
#164=ORIENTED_EDGE('',*,*,#618,.F.);
#165=ORIENTED_EDGE('',*,*,#628,.F.);
#166=ORIENTED_EDGE('',*,*,#625,.F.);
#167=ORIENTED_EDGE('',*,*,#622,.F.);
#168=ORIENTED_EDGE('',*,*,#634,.T.);
#169=ORIENTED_EDGE('',*,*,#635,.F.);
#170=ORIENTED_EDGE('',*,*,#636,.F.);
#171=ORIENTED_EDGE('',*,*,#637,.T.);
#172=ORIENTED_EDGE('',*,*,#638,.T.);
#173=ORIENTED_EDGE('',*,*,#637,.F.);
#174=ORIENTED_EDGE('',*,*,#639,.F.);
#175=ORIENTED_EDGE('',*,*,#640,.T.);
#176=ORIENTED_EDGE('',*,*,#641,.T.);
#177=ORIENTED_EDGE('',*,*,#640,.F.);
#178=ORIENTED_EDGE('',*,*,#642,.F.);
#179=ORIENTED_EDGE('',*,*,#643,.T.);
#180=ORIENTED_EDGE('',*,*,#644,.T.);
#181=ORIENTED_EDGE('',*,*,#643,.F.);
#182=ORIENTED_EDGE('',*,*,#645,.F.);
#183=ORIENTED_EDGE('',*,*,#635,.T.);
#184=ORIENTED_EDGE('',*,*,#645,.T.);
#185=ORIENTED_EDGE('',*,*,#642,.T.);
#186=ORIENTED_EDGE('',*,*,#639,.T.);
#187=ORIENTED_EDGE('',*,*,#636,.T.);
#188=ORIENTED_EDGE('',*,*,#646,.T.);
#189=ORIENTED_EDGE('',*,*,#647,.F.);
#190=ORIENTED_EDGE('',*,*,#648,.F.);
#191=ORIENTED_EDGE('',*,*,#649,.T.);
#192=ORIENTED_EDGE('',*,*,#650,.T.);
#193=ORIENTED_EDGE('',*,*,#649,.F.);
#194=ORIENTED_EDGE('',*,*,#651,.F.);
#195=ORIENTED_EDGE('',*,*,#652,.T.);
#196=ORIENTED_EDGE('',*,*,#653,.T.);
#197=ORIENTED_EDGE('',*,*,#652,.F.);
#198=ORIENTED_EDGE('',*,*,#654,.F.);
#199=ORIENTED_EDGE('',*,*,#655,.T.);
#200=ORIENTED_EDGE('',*,*,#656,.T.);
#201=ORIENTED_EDGE('',*,*,#655,.F.);
#202=ORIENTED_EDGE('',*,*,#657,.F.);
#203=ORIENTED_EDGE('',*,*,#647,.T.);
#204=ORIENTED_EDGE('',*,*,#657,.T.);
#205=ORIENTED_EDGE('',*,*,#654,.T.);
#206=ORIENTED_EDGE('',*,*,#651,.T.);
#207=ORIENTED_EDGE('',*,*,#648,.T.);
#208=ORIENTED_EDGE('',*,*,#658,.T.);
#209=ORIENTED_EDGE('',*,*,#659,.F.);
#210=ORIENTED_EDGE('',*,*,#660,.F.);
#211=ORIENTED_EDGE('',*,*,#661,.T.);
#212=ORIENTED_EDGE('',*,*,#662,.T.);
#213=ORIENTED_EDGE('',*,*,#661,.F.);
#214=ORIENTED_EDGE('',*,*,#663,.F.);
#215=ORIENTED_EDGE('',*,*,#664,.T.);
#216=ORIENTED_EDGE('',*,*,#665,.T.);
#217=ORIENTED_EDGE('',*,*,#664,.F.);
#218=ORIENTED_EDGE('',*,*,#666,.F.);
#219=ORIENTED_EDGE('',*,*,#667,.T.);
#220=ORIENTED_EDGE('',*,*,#668,.T.);
#221=ORIENTED_EDGE('',*,*,#667,.F.);
#222=ORIENTED_EDGE('',*,*,#669,.F.);
#223=ORIENTED_EDGE('',*,*,#659,.T.);
#224=ORIENTED_EDGE('',*,*,#669,.T.);
#225=ORIENTED_EDGE('',*,*,#666,.T.);
#226=ORIENTED_EDGE('',*,*,#663,.T.);
#227=ORIENTED_EDGE('',*,*,#660,.T.);
#228=ORIENTED_EDGE('',*,*,#670,.T.);
#229=ORIENTED_EDGE('',*,*,#671,.F.);
#230=ORIENTED_EDGE('',*,*,#672,.F.);
#231=ORIENTED_EDGE('',*,*,#673,.T.);
#232=ORIENTED_EDGE('',*,*,#674,.T.);
#233=ORIENTED_EDGE('',*,*,#673,.F.);
#234=ORIENTED_EDGE('',*,*,#675,.F.);
#235=ORIENTED_EDGE('',*,*,#676,.T.);
#236=ORIENTED_EDGE('',*,*,#677,.T.);
#237=ORIENTED_EDGE('',*,*,#676,.F.);
#238=ORIENTED_EDGE('',*,*,#678,.F.);
#239=ORIENTED_EDGE('',*,*,#679,.T.);
#240=ORIENTED_EDGE('',*,*,#680,.T.);
#241=ORIENTED_EDGE('',*,*,#679,.F.);
#242=ORIENTED_EDGE('',*,*,#681,.F.);
#243=ORIENTED_EDGE('',*,*,#671,.T.);
#244=ORIENTED_EDGE('',*,*,#681,.T.);
#245=ORIENTED_EDGE('',*,*,#678,.T.);
#246=ORIENTED_EDGE('',*,*,#675,.T.);
#247=ORIENTED_EDGE('',*,*,#672,.T.);
#248=ORIENTED_EDGE('',*,*,#634,.F.);
#249=ORIENTED_EDGE('',*,*,#638,.F.);
#250=ORIENTED_EDGE('',*,*,#641,.F.);
#251=ORIENTED_EDGE('',*,*,#644,.F.);
#252=ORIENTED_EDGE('',*,*,#646,.F.);
#253=ORIENTED_EDGE('',*,*,#650,.F.);
#254=ORIENTED_EDGE('',*,*,#653,.F.);
#255=ORIENTED_EDGE('',*,*,#656,.F.);
#256=ORIENTED_EDGE('',*,*,#658,.F.);
#257=ORIENTED_EDGE('',*,*,#662,.F.);
#258=ORIENTED_EDGE('',*,*,#665,.F.);
#259=ORIENTED_EDGE('',*,*,#668,.F.);
#260=ORIENTED_EDGE('',*,*,#682,.T.);
#261=ORIENTED_EDGE('',*,*,#683,.T.);
#262=ORIENTED_EDGE('',*,*,#684,.T.);
#263=ORIENTED_EDGE('',*,*,#685,.T.);
#264=ORIENTED_EDGE('',*,*,#670,.F.);
#265=ORIENTED_EDGE('',*,*,#674,.F.);
#266=ORIENTED_EDGE('',*,*,#677,.F.);
#267=ORIENTED_EDGE('',*,*,#680,.F.);
#268=ORIENTED_EDGE('',*,*,#686,.T.);
#269=ORIENTED_EDGE('',*,*,#687,.F.);
#270=ORIENTED_EDGE('',*,*,#688,.T.);
#271=ORIENTED_EDGE('',*,*,#689,.T.);
#272=ORIENTED_EDGE('',*,*,#690,.T.);
#273=ORIENTED_EDGE('',*,*,#691,.F.);
#274=ORIENTED_EDGE('',*,*,#692,.T.);
#275=ORIENTED_EDGE('',*,*,#687,.T.);
#276=ORIENTED_EDGE('',*,*,#693,.T.);
#277=ORIENTED_EDGE('',*,*,#694,.F.);
#278=ORIENTED_EDGE('',*,*,#695,.T.);
#279=ORIENTED_EDGE('',*,*,#691,.T.);
#280=ORIENTED_EDGE('',*,*,#696,.T.);
#281=ORIENTED_EDGE('',*,*,#689,.F.);
#282=ORIENTED_EDGE('',*,*,#697,.T.);
#283=ORIENTED_EDGE('',*,*,#694,.T.);
#284=ORIENTED_EDGE('',*,*,#696,.F.);
#285=ORIENTED_EDGE('',*,*,#693,.F.);
#286=ORIENTED_EDGE('',*,*,#690,.F.);
#287=ORIENTED_EDGE('',*,*,#686,.F.);
#288=ORIENTED_EDGE('',*,*,#698,.T.);
#289=ORIENTED_EDGE('',*,*,#699,.F.);
#290=ORIENTED_EDGE('',*,*,#700,.T.);
#291=ORIENTED_EDGE('',*,*,#701,.T.);
#292=ORIENTED_EDGE('',*,*,#702,.T.);
#293=ORIENTED_EDGE('',*,*,#703,.F.);
#294=ORIENTED_EDGE('',*,*,#704,.T.);
#295=ORIENTED_EDGE('',*,*,#699,.T.);
#296=ORIENTED_EDGE('',*,*,#705,.T.);
#297=ORIENTED_EDGE('',*,*,#706,.F.);
#298=ORIENTED_EDGE('',*,*,#707,.T.);
#299=ORIENTED_EDGE('',*,*,#703,.T.);
#300=ORIENTED_EDGE('',*,*,#708,.T.);
#301=ORIENTED_EDGE('',*,*,#701,.F.);
#302=ORIENTED_EDGE('',*,*,#709,.T.);
#303=ORIENTED_EDGE('',*,*,#706,.T.);
#304=ORIENTED_EDGE('',*,*,#708,.F.);
#305=ORIENTED_EDGE('',*,*,#705,.F.);
#306=ORIENTED_EDGE('',*,*,#702,.F.);
#307=ORIENTED_EDGE('',*,*,#698,.F.);
#308=ORIENTED_EDGE('',*,*,#710,.T.);
#309=ORIENTED_EDGE('',*,*,#711,.F.);
#310=ORIENTED_EDGE('',*,*,#712,.T.);
#311=ORIENTED_EDGE('',*,*,#713,.T.);
#312=ORIENTED_EDGE('',*,*,#714,.T.);
#313=ORIENTED_EDGE('',*,*,#715,.F.);
#314=ORIENTED_EDGE('',*,*,#716,.T.);
#315=ORIENTED_EDGE('',*,*,#711,.T.);
#316=ORIENTED_EDGE('',*,*,#717,.T.);
#317=ORIENTED_EDGE('',*,*,#718,.F.);
#318=ORIENTED_EDGE('',*,*,#719,.T.);
#319=ORIENTED_EDGE('',*,*,#715,.T.);
#320=ORIENTED_EDGE('',*,*,#720,.T.);
#321=ORIENTED_EDGE('',*,*,#713,.F.);
#322=ORIENTED_EDGE('',*,*,#721,.T.);
#323=ORIENTED_EDGE('',*,*,#718,.T.);
#324=ORIENTED_EDGE('',*,*,#720,.F.);
#325=ORIENTED_EDGE('',*,*,#717,.F.);
#326=ORIENTED_EDGE('',*,*,#714,.F.);
#327=ORIENTED_EDGE('',*,*,#710,.F.);
#328=ORIENTED_EDGE('',*,*,#722,.T.);
#329=ORIENTED_EDGE('',*,*,#723,.F.);
#330=ORIENTED_EDGE('',*,*,#724,.T.);
#331=ORIENTED_EDGE('',*,*,#725,.T.);
#332=ORIENTED_EDGE('',*,*,#726,.T.);
#333=ORIENTED_EDGE('',*,*,#727,.F.);
#334=ORIENTED_EDGE('',*,*,#728,.T.);
#335=ORIENTED_EDGE('',*,*,#723,.T.);
#336=ORIENTED_EDGE('',*,*,#729,.T.);
#337=ORIENTED_EDGE('',*,*,#730,.F.);
#338=ORIENTED_EDGE('',*,*,#731,.T.);
#339=ORIENTED_EDGE('',*,*,#727,.T.);
#340=ORIENTED_EDGE('',*,*,#732,.T.);
#341=ORIENTED_EDGE('',*,*,#725,.F.);
#342=ORIENTED_EDGE('',*,*,#733,.T.);
#343=ORIENTED_EDGE('',*,*,#730,.T.);
#344=ORIENTED_EDGE('',*,*,#722,.F.);
#345=ORIENTED_EDGE('',*,*,#732,.F.);
#346=ORIENTED_EDGE('',*,*,#729,.F.);
#347=ORIENTED_EDGE('',*,*,#726,.F.);
#348=ORIENTED_EDGE('',*,*,#734,.F.);
#349=ORIENTED_EDGE('',*,*,#735,.F.);
#350=ORIENTED_EDGE('',*,*,#736,.T.);
#351=ORIENTED_EDGE('',*,*,#737,.T.);
#352=ORIENTED_EDGE('',*,*,#738,.F.);
#353=ORIENTED_EDGE('',*,*,#737,.F.);
#354=ORIENTED_EDGE('',*,*,#739,.T.);
#355=ORIENTED_EDGE('',*,*,#740,.T.);
#356=ORIENTED_EDGE('',*,*,#741,.F.);
#357=ORIENTED_EDGE('',*,*,#740,.F.);
#358=ORIENTED_EDGE('',*,*,#742,.T.);
#359=ORIENTED_EDGE('',*,*,#743,.T.);
#360=ORIENTED_EDGE('',*,*,#744,.F.);
#361=ORIENTED_EDGE('',*,*,#743,.F.);
#362=ORIENTED_EDGE('',*,*,#745,.T.);
#363=ORIENTED_EDGE('',*,*,#735,.T.);
#364=ORIENTED_EDGE('',*,*,#734,.T.);
#365=ORIENTED_EDGE('',*,*,#738,.T.);
#366=ORIENTED_EDGE('',*,*,#741,.T.);
#367=ORIENTED_EDGE('',*,*,#744,.T.);
#368=ORIENTED_EDGE('',*,*,#746,.F.);
#369=ORIENTED_EDGE('',*,*,#747,.F.);
#370=ORIENTED_EDGE('',*,*,#748,.T.);
#371=ORIENTED_EDGE('',*,*,#749,.T.);
#372=ORIENTED_EDGE('',*,*,#750,.F.);
#373=ORIENTED_EDGE('',*,*,#749,.F.);
#374=ORIENTED_EDGE('',*,*,#751,.T.);
#375=ORIENTED_EDGE('',*,*,#752,.T.);
#376=ORIENTED_EDGE('',*,*,#753,.F.);
#377=ORIENTED_EDGE('',*,*,#752,.F.);
#378=ORIENTED_EDGE('',*,*,#754,.T.);
#379=ORIENTED_EDGE('',*,*,#755,.T.);
#380=ORIENTED_EDGE('',*,*,#756,.F.);
#381=ORIENTED_EDGE('',*,*,#755,.F.);
#382=ORIENTED_EDGE('',*,*,#757,.T.);
#383=ORIENTED_EDGE('',*,*,#747,.T.);
#384=ORIENTED_EDGE('',*,*,#746,.T.);
#385=ORIENTED_EDGE('',*,*,#750,.T.);
#386=ORIENTED_EDGE('',*,*,#753,.T.);
#387=ORIENTED_EDGE('',*,*,#756,.T.);
#388=ORIENTED_EDGE('',*,*,#758,.F.);
#389=ORIENTED_EDGE('',*,*,#759,.F.);
#390=ORIENTED_EDGE('',*,*,#760,.T.);
#391=ORIENTED_EDGE('',*,*,#761,.T.);
#392=ORIENTED_EDGE('',*,*,#762,.F.);
#393=ORIENTED_EDGE('',*,*,#761,.F.);
#394=ORIENTED_EDGE('',*,*,#763,.T.);
#395=ORIENTED_EDGE('',*,*,#764,.T.);
#396=ORIENTED_EDGE('',*,*,#765,.F.);
#397=ORIENTED_EDGE('',*,*,#764,.F.);
#398=ORIENTED_EDGE('',*,*,#766,.T.);
#399=ORIENTED_EDGE('',*,*,#767,.T.);
#400=ORIENTED_EDGE('',*,*,#768,.F.);
#401=ORIENTED_EDGE('',*,*,#767,.F.);
#402=ORIENTED_EDGE('',*,*,#769,.T.);
#403=ORIENTED_EDGE('',*,*,#759,.T.);
#404=ORIENTED_EDGE('',*,*,#758,.T.);
#405=ORIENTED_EDGE('',*,*,#762,.T.);
#406=ORIENTED_EDGE('',*,*,#765,.T.);
#407=ORIENTED_EDGE('',*,*,#768,.T.);
#408=ORIENTED_EDGE('',*,*,#770,.T.);
#409=ORIENTED_EDGE('',*,*,#771,.T.);
#410=ORIENTED_EDGE('',*,*,#772,.T.);
#411=ORIENTED_EDGE('',*,*,#773,.T.);
#412=ORIENTED_EDGE('',*,*,#774,.T.);
#413=ORIENTED_EDGE('',*,*,#775,.T.);
#414=ORIENTED_EDGE('',*,*,#776,.T.);
#415=ORIENTED_EDGE('',*,*,#777,.T.);
#416=ORIENTED_EDGE('',*,*,#778,.T.);
#417=ORIENTED_EDGE('',*,*,#779,.T.);
#418=ORIENTED_EDGE('',*,*,#780,.T.);
#419=ORIENTED_EDGE('',*,*,#781,.T.);
#420=ORIENTED_EDGE('',*,*,#782,.T.);
#421=ORIENTED_EDGE('',*,*,#783,.T.);
#422=ORIENTED_EDGE('',*,*,#784,.F.);
#423=ORIENTED_EDGE('',*,*,#785,.F.);
#424=ORIENTED_EDGE('',*,*,#786,.T.);
#425=ORIENTED_EDGE('',*,*,#787,.T.);
#426=ORIENTED_EDGE('',*,*,#788,.F.);
#427=ORIENTED_EDGE('',*,*,#789,.F.);
#428=ORIENTED_EDGE('',*,*,#784,.T.);
#429=ORIENTED_EDGE('',*,*,#790,.T.);
#430=ORIENTED_EDGE('',*,*,#791,.F.);
#431=ORIENTED_EDGE('',*,*,#792,.F.);
#432=ORIENTED_EDGE('',*,*,#788,.T.);
#433=ORIENTED_EDGE('',*,*,#793,.T.);
#434=ORIENTED_EDGE('',*,*,#794,.F.);
#435=ORIENTED_EDGE('',*,*,#795,.F.);
#436=ORIENTED_EDGE('',*,*,#791,.T.);
#437=ORIENTED_EDGE('',*,*,#796,.F.);
#438=ORIENTED_EDGE('',*,*,#797,.F.);
#439=ORIENTED_EDGE('',*,*,#798,.T.);
#440=ORIENTED_EDGE('',*,*,#799,.T.);
#441=ORIENTED_EDGE('',*,*,#800,.F.);
#442=ORIENTED_EDGE('',*,*,#801,.F.);
#443=ORIENTED_EDGE('',*,*,#802,.T.);
#444=ORIENTED_EDGE('',*,*,#797,.T.);
#445=ORIENTED_EDGE('',*,*,#803,.F.);
#446=ORIENTED_EDGE('',*,*,#804,.F.);
#447=ORIENTED_EDGE('',*,*,#805,.T.);
#448=ORIENTED_EDGE('',*,*,#801,.T.);
#449=ORIENTED_EDGE('',*,*,#806,.F.);
#450=ORIENTED_EDGE('',*,*,#799,.F.);
#451=ORIENTED_EDGE('',*,*,#807,.T.);
#452=ORIENTED_EDGE('',*,*,#804,.T.);
#453=ORIENTED_EDGE('',*,*,#808,.T.);
#454=ORIENTED_EDGE('',*,*,#786,.F.);
#455=ORIENTED_EDGE('',*,*,#809,.F.);
#456=ORIENTED_EDGE('',*,*,#794,.T.);
#457=ORIENTED_EDGE('',*,*,#810,.T.);
#458=ORIENTED_EDGE('',*,*,#811,.T.);
#459=ORIENTED_EDGE('',*,*,#812,.T.);
#460=ORIENTED_EDGE('',*,*,#813,.T.);
#461=ORIENTED_EDGE('',*,*,#697,.F.);
#462=ORIENTED_EDGE('',*,*,#688,.F.);
#463=ORIENTED_EDGE('',*,*,#692,.F.);
#464=ORIENTED_EDGE('',*,*,#695,.F.);
#465=ORIENTED_EDGE('',*,*,#709,.F.);
#466=ORIENTED_EDGE('',*,*,#700,.F.);
#467=ORIENTED_EDGE('',*,*,#704,.F.);
#468=ORIENTED_EDGE('',*,*,#707,.F.);
#469=ORIENTED_EDGE('',*,*,#721,.F.);
#470=ORIENTED_EDGE('',*,*,#712,.F.);
#471=ORIENTED_EDGE('',*,*,#716,.F.);
#472=ORIENTED_EDGE('',*,*,#719,.F.);
#473=ORIENTED_EDGE('',*,*,#724,.F.);
#474=ORIENTED_EDGE('',*,*,#728,.F.);
#475=ORIENTED_EDGE('',*,*,#731,.F.);
#476=ORIENTED_EDGE('',*,*,#733,.F.);
#477=ORIENTED_EDGE('',*,*,#739,.F.);
#478=ORIENTED_EDGE('',*,*,#736,.F.);
#479=ORIENTED_EDGE('',*,*,#745,.F.);
#480=ORIENTED_EDGE('',*,*,#742,.F.);
#481=ORIENTED_EDGE('',*,*,#751,.F.);
#482=ORIENTED_EDGE('',*,*,#748,.F.);
#483=ORIENTED_EDGE('',*,*,#757,.F.);
#484=ORIENTED_EDGE('',*,*,#754,.F.);
#485=ORIENTED_EDGE('',*,*,#763,.F.);
#486=ORIENTED_EDGE('',*,*,#760,.F.);
#487=ORIENTED_EDGE('',*,*,#769,.F.);
#488=ORIENTED_EDGE('',*,*,#766,.F.);
#489=ORIENTED_EDGE('',*,*,#798,.F.);
#490=ORIENTED_EDGE('',*,*,#802,.F.);
#491=ORIENTED_EDGE('',*,*,#805,.F.);
#492=ORIENTED_EDGE('',*,*,#807,.F.);
#493=ORIENTED_EDGE('',*,*,#785,.T.);
#494=ORIENTED_EDGE('',*,*,#789,.T.);
#495=ORIENTED_EDGE('',*,*,#792,.T.);
#496=ORIENTED_EDGE('',*,*,#795,.T.);
#497=ORIENTED_EDGE('',*,*,#809,.T.);
#498=ORIENTED_EDGE('',*,*,#800,.T.);
#499=ORIENTED_EDGE('',*,*,#796,.T.);
#500=ORIENTED_EDGE('',*,*,#806,.T.);
#501=ORIENTED_EDGE('',*,*,#803,.T.);
#502=ORIENTED_EDGE('',*,*,#783,.F.);
#503=ORIENTED_EDGE('',*,*,#808,.F.);
#504=ORIENTED_EDGE('',*,*,#793,.F.);
#505=ORIENTED_EDGE('',*,*,#790,.F.);
#506=ORIENTED_EDGE('',*,*,#787,.F.);
#507=ORIENTED_EDGE('',*,*,#814,.T.);
#508=ORIENTED_EDGE('',*,*,#782,.F.);
#509=ORIENTED_EDGE('',*,*,#814,.F.);
#510=ORIENTED_EDGE('',*,*,#815,.F.);
#511=ORIENTED_EDGE('',*,*,#813,.F.);
#512=ORIENTED_EDGE('',*,*,#816,.F.);
#513=ORIENTED_EDGE('',*,*,#777,.F.);
#514=ORIENTED_EDGE('',*,*,#817,.F.);
#515=ORIENTED_EDGE('',*,*,#815,.T.);
#516=ORIENTED_EDGE('',*,*,#818,.F.);
#517=ORIENTED_EDGE('',*,*,#819,.F.);
#518=ORIENTED_EDGE('',*,*,#816,.T.);
#519=ORIENTED_EDGE('',*,*,#820,.F.);
#520=ORIENTED_EDGE('',*,*,#818,.T.);
#521=ORIENTED_EDGE('',*,*,#776,.F.);
#522=ORIENTED_EDGE('',*,*,#821,.F.);
#523=ORIENTED_EDGE('',*,*,#630,.F.);
#524=ORIENTED_EDGE('',*,*,#817,.T.);
#525=ORIENTED_EDGE('',*,*,#633,.F.);
#526=ORIENTED_EDGE('',*,*,#822,.F.);
#527=ORIENTED_EDGE('',*,*,#810,.F.);
#528=ORIENTED_EDGE('',*,*,#823,.F.);
#529=ORIENTED_EDGE('',*,*,#811,.F.);
#530=ORIENTED_EDGE('',*,*,#824,.F.);
#531=ORIENTED_EDGE('',*,*,#773,.F.);
#532=ORIENTED_EDGE('',*,*,#820,.T.);
#533=ORIENTED_EDGE('',*,*,#812,.F.);
#534=ORIENTED_EDGE('',*,*,#825,.F.);
#535=ORIENTED_EDGE('',*,*,#685,.F.);
#536=ORIENTED_EDGE('',*,*,#819,.T.);
#537=ORIENTED_EDGE('',*,*,#684,.F.);
#538=ORIENTED_EDGE('',*,*,#826,.F.);
#539=ORIENTED_EDGE('',*,*,#774,.F.);
#540=ORIENTED_EDGE('',*,*,#827,.F.);
#541=ORIENTED_EDGE('',*,*,#775,.F.);
#542=ORIENTED_EDGE('',*,*,#828,.F.);
#543=ORIENTED_EDGE('',*,*,#781,.F.);
#544=ORIENTED_EDGE('',*,*,#821,.T.);
#545=ORIENTED_EDGE('',*,*,#827,.T.);
#546=ORIENTED_EDGE('',*,*,#829,.F.);
#547=ORIENTED_EDGE('',*,*,#824,.T.);
#548=ORIENTED_EDGE('',*,*,#822,.T.);
#549=ORIENTED_EDGE('',*,*,#830,.F.);
#550=ORIENTED_EDGE('',*,*,#825,.T.);
#551=ORIENTED_EDGE('',*,*,#823,.T.);
#552=ORIENTED_EDGE('',*,*,#831,.F.);
#553=ORIENTED_EDGE('',*,*,#828,.T.);
#554=ORIENTED_EDGE('',*,*,#826,.T.);
#555=ORIENTED_EDGE('',*,*,#832,.F.);
#556=ORIENTED_EDGE('',*,*,#829,.T.);
#557=ORIENTED_EDGE('',*,*,#780,.F.);
#558=ORIENTED_EDGE('',*,*,#833,.F.);
#559=ORIENTED_EDGE('',*,*,#631,.F.);
#560=ORIENTED_EDGE('',*,*,#830,.T.);
#561=ORIENTED_EDGE('',*,*,#632,.F.);
#562=ORIENTED_EDGE('',*,*,#834,.F.);
#563=ORIENTED_EDGE('',*,*,#770,.F.);
#564=ORIENTED_EDGE('',*,*,#831,.T.);
#565=ORIENTED_EDGE('',*,*,#772,.F.);
#566=ORIENTED_EDGE('',*,*,#835,.F.);
#567=ORIENTED_EDGE('',*,*,#682,.F.);
#568=ORIENTED_EDGE('',*,*,#832,.T.);
#569=ORIENTED_EDGE('',*,*,#683,.F.);
#570=ORIENTED_EDGE('',*,*,#836,.F.);
#571=ORIENTED_EDGE('',*,*,#778,.F.);
#572=ORIENTED_EDGE('',*,*,#834,.T.);
#573=ORIENTED_EDGE('',*,*,#833,.T.);
#574=ORIENTED_EDGE('',*,*,#837,.F.);
#575=ORIENTED_EDGE('',*,*,#836,.T.);
#576=ORIENTED_EDGE('',*,*,#835,.T.);
#577=ORIENTED_EDGE('',*,*,#838,.F.);
#578=ORIENTED_EDGE('',*,*,#837,.T.);
#579=ORIENTED_EDGE('',*,*,#779,.F.);
#580=ORIENTED_EDGE('',*,*,#838,.T.);
#581=ORIENTED_EDGE('',*,*,#771,.F.);
#582=EDGE_CURVE('',#839,#840,#1003,.T.);
#583=EDGE_CURVE('',#841,#839,#1004,.T.);
#584=EDGE_CURVE('',#842,#841,#1005,.T.);
#585=EDGE_CURVE('',#840,#842,#1006,.T.);
#586=EDGE_CURVE('',#843,#844,#1007,.T.);
#587=EDGE_CURVE('',#841,#844,#1008,.T.);
#588=EDGE_CURVE('',#839,#843,#1009,.T.);
#589=EDGE_CURVE('',#844,#845,#1010,.T.);
#590=EDGE_CURVE('',#842,#845,#1011,.T.);
#591=EDGE_CURVE('',#845,#846,#1012,.T.);
#592=EDGE_CURVE('',#840,#846,#1013,.T.);
#593=EDGE_CURVE('',#846,#843,#1014,.T.);
#594=EDGE_CURVE('',#847,#848,#1015,.T.);
#595=EDGE_CURVE('',#849,#847,#1016,.T.);
#596=EDGE_CURVE('',#850,#849,#1017,.T.);
#597=EDGE_CURVE('',#848,#850,#1018,.T.);
#598=EDGE_CURVE('',#851,#852,#1019,.T.);
#599=EDGE_CURVE('',#849,#852,#1020,.T.);
#600=EDGE_CURVE('',#847,#851,#1021,.T.);
#601=EDGE_CURVE('',#852,#853,#1022,.T.);
#602=EDGE_CURVE('',#850,#853,#1023,.T.);
#603=EDGE_CURVE('',#853,#854,#1024,.T.);
#604=EDGE_CURVE('',#848,#854,#1025,.T.);
#605=EDGE_CURVE('',#854,#851,#1026,.T.);
#606=EDGE_CURVE('',#855,#856,#1027,.T.);
#607=EDGE_CURVE('',#857,#855,#1028,.T.);
#608=EDGE_CURVE('',#858,#857,#1029,.T.);
#609=EDGE_CURVE('',#856,#858,#1030,.T.);
#610=EDGE_CURVE('',#859,#860,#1031,.T.);
#611=EDGE_CURVE('',#857,#860,#1032,.T.);
#612=EDGE_CURVE('',#855,#859,#1033,.T.);
#613=EDGE_CURVE('',#860,#861,#1034,.T.);
#614=EDGE_CURVE('',#858,#861,#1035,.T.);
#615=EDGE_CURVE('',#861,#862,#1036,.T.);
#616=EDGE_CURVE('',#856,#862,#1037,.T.);
#617=EDGE_CURVE('',#862,#859,#1038,.T.);
#618=EDGE_CURVE('',#863,#864,#1039,.T.);
#619=EDGE_CURVE('',#865,#864,#1040,.T.);
#620=EDGE_CURVE('',#865,#866,#1041,.T.);
#621=EDGE_CURVE('',#866,#863,#1042,.T.);
#622=EDGE_CURVE('',#864,#867,#1043,.T.);
#623=EDGE_CURVE('',#868,#867,#1044,.T.);
#624=EDGE_CURVE('',#868,#865,#1045,.T.);
#625=EDGE_CURVE('',#867,#869,#1046,.T.);
#626=EDGE_CURVE('',#870,#869,#1047,.T.);
#627=EDGE_CURVE('',#870,#868,#1048,.T.);
#628=EDGE_CURVE('',#869,#863,#1049,.T.);
#629=EDGE_CURVE('',#866,#870,#1050,.T.);
#630=EDGE_CURVE('',#871,#872,#1051,.T.);
#631=EDGE_CURVE('',#872,#873,#1052,.T.);
#632=EDGE_CURVE('',#873,#874,#1053,.F.);
#633=EDGE_CURVE('',#874,#871,#1054,.F.);
#634=EDGE_CURVE('',#875,#876,#1055,.T.);
#635=EDGE_CURVE('',#877,#876,#1056,.T.);
#636=EDGE_CURVE('',#878,#877,#1057,.T.);
#637=EDGE_CURVE('',#878,#875,#1058,.T.);
#638=EDGE_CURVE('',#879,#875,#1059,.T.);
#639=EDGE_CURVE('',#880,#878,#1060,.T.);
#640=EDGE_CURVE('',#880,#879,#1061,.T.);
#641=EDGE_CURVE('',#881,#879,#1062,.T.);
#642=EDGE_CURVE('',#882,#880,#1063,.T.);
#643=EDGE_CURVE('',#882,#881,#1064,.T.);
#644=EDGE_CURVE('',#876,#881,#1065,.T.);
#645=EDGE_CURVE('',#877,#882,#1066,.T.);
#646=EDGE_CURVE('',#883,#884,#1067,.T.);
#647=EDGE_CURVE('',#885,#884,#1068,.T.);
#648=EDGE_CURVE('',#886,#885,#1069,.T.);
#649=EDGE_CURVE('',#886,#883,#1070,.T.);
#650=EDGE_CURVE('',#887,#883,#1071,.T.);
#651=EDGE_CURVE('',#888,#886,#1072,.T.);
#652=EDGE_CURVE('',#888,#887,#1073,.T.);
#653=EDGE_CURVE('',#889,#887,#1074,.T.);
#654=EDGE_CURVE('',#890,#888,#1075,.T.);
#655=EDGE_CURVE('',#890,#889,#1076,.T.);
#656=EDGE_CURVE('',#884,#889,#1077,.T.);
#657=EDGE_CURVE('',#885,#890,#1078,.T.);
#658=EDGE_CURVE('',#891,#892,#1079,.T.);
#659=EDGE_CURVE('',#893,#892,#1080,.T.);
#660=EDGE_CURVE('',#894,#893,#1081,.T.);
#661=EDGE_CURVE('',#894,#891,#1082,.T.);
#662=EDGE_CURVE('',#895,#891,#1083,.T.);
#663=EDGE_CURVE('',#896,#894,#1084,.T.);
#664=EDGE_CURVE('',#896,#895,#1085,.T.);
#665=EDGE_CURVE('',#897,#895,#1086,.T.);
#666=EDGE_CURVE('',#898,#896,#1087,.T.);
#667=EDGE_CURVE('',#898,#897,#1088,.T.);
#668=EDGE_CURVE('',#892,#897,#1089,.T.);
#669=EDGE_CURVE('',#893,#898,#1090,.T.);
#670=EDGE_CURVE('',#899,#900,#1091,.T.);
#671=EDGE_CURVE('',#901,#900,#1092,.T.);
#672=EDGE_CURVE('',#902,#901,#1093,.T.);
#673=EDGE_CURVE('',#902,#899,#1094,.T.);
#674=EDGE_CURVE('',#903,#899,#1095,.T.);
#675=EDGE_CURVE('',#904,#902,#1096,.T.);
#676=EDGE_CURVE('',#904,#903,#1097,.T.);
#677=EDGE_CURVE('',#905,#903,#1098,.T.);
#678=EDGE_CURVE('',#906,#904,#1099,.T.);
#679=EDGE_CURVE('',#906,#905,#1100,.T.);
#680=EDGE_CURVE('',#900,#905,#1101,.T.);
#681=EDGE_CURVE('',#901,#906,#1102,.T.);
#682=EDGE_CURVE('',#907,#908,#1103,.T.);
#683=EDGE_CURVE('',#908,#909,#1104,.T.);
#684=EDGE_CURVE('',#909,#910,#1105,.F.);
#685=EDGE_CURVE('',#910,#907,#1106,.F.);
#686=EDGE_CURVE('',#911,#912,#1107,.T.);
#687=EDGE_CURVE('',#913,#912,#1108,.T.);
#688=EDGE_CURVE('',#913,#914,#1109,.T.);
#689=EDGE_CURVE('',#914,#911,#1110,.T.);
#690=EDGE_CURVE('',#912,#915,#1111,.T.);
#691=EDGE_CURVE('',#916,#915,#1112,.T.);
#692=EDGE_CURVE('',#916,#913,#1113,.T.);
#693=EDGE_CURVE('',#915,#917,#1114,.T.);
#694=EDGE_CURVE('',#918,#917,#1115,.T.);
#695=EDGE_CURVE('',#918,#916,#1116,.T.);
#696=EDGE_CURVE('',#917,#911,#1117,.T.);
#697=EDGE_CURVE('',#914,#918,#1118,.T.);
#698=EDGE_CURVE('',#919,#920,#1119,.T.);
#699=EDGE_CURVE('',#921,#920,#1120,.T.);
#700=EDGE_CURVE('',#921,#922,#1121,.T.);
#701=EDGE_CURVE('',#922,#919,#1122,.T.);
#702=EDGE_CURVE('',#920,#923,#1123,.T.);
#703=EDGE_CURVE('',#924,#923,#1124,.T.);
#704=EDGE_CURVE('',#924,#921,#1125,.T.);
#705=EDGE_CURVE('',#923,#925,#1126,.T.);
#706=EDGE_CURVE('',#926,#925,#1127,.T.);
#707=EDGE_CURVE('',#926,#924,#1128,.T.);
#708=EDGE_CURVE('',#925,#919,#1129,.T.);
#709=EDGE_CURVE('',#922,#926,#1130,.T.);
#710=EDGE_CURVE('',#927,#928,#1131,.T.);
#711=EDGE_CURVE('',#929,#928,#1132,.T.);
#712=EDGE_CURVE('',#929,#930,#1133,.T.);
#713=EDGE_CURVE('',#930,#927,#1134,.T.);
#714=EDGE_CURVE('',#928,#931,#1135,.T.);
#715=EDGE_CURVE('',#932,#931,#1136,.T.);
#716=EDGE_CURVE('',#932,#929,#1137,.T.);
#717=EDGE_CURVE('',#931,#933,#1138,.T.);
#718=EDGE_CURVE('',#934,#933,#1139,.T.);
#719=EDGE_CURVE('',#934,#932,#1140,.T.);
#720=EDGE_CURVE('',#933,#927,#1141,.T.);
#721=EDGE_CURVE('',#930,#934,#1142,.T.);
#722=EDGE_CURVE('',#935,#936,#1143,.T.);
#723=EDGE_CURVE('',#937,#936,#1144,.T.);
#724=EDGE_CURVE('',#937,#938,#1145,.T.);
#725=EDGE_CURVE('',#938,#935,#1146,.T.);
#726=EDGE_CURVE('',#936,#939,#1147,.T.);
#727=EDGE_CURVE('',#940,#939,#1148,.T.);
#728=EDGE_CURVE('',#940,#937,#1149,.T.);
#729=EDGE_CURVE('',#939,#941,#1150,.T.);
#730=EDGE_CURVE('',#942,#941,#1151,.T.);
#731=EDGE_CURVE('',#942,#940,#1152,.T.);
#732=EDGE_CURVE('',#941,#935,#1153,.T.);
#733=EDGE_CURVE('',#938,#942,#1154,.T.);
#734=EDGE_CURVE('',#943,#944,#1155,.T.);
#735=EDGE_CURVE('',#945,#943,#1156,.T.);
#736=EDGE_CURVE('',#945,#946,#1157,.T.);
#737=EDGE_CURVE('',#946,#944,#1158,.T.);
#738=EDGE_CURVE('',#944,#947,#1159,.T.);
#739=EDGE_CURVE('',#946,#948,#1160,.T.);
#740=EDGE_CURVE('',#948,#947,#1161,.T.);
#741=EDGE_CURVE('',#947,#949,#1162,.T.);
#742=EDGE_CURVE('',#948,#950,#1163,.T.);
#743=EDGE_CURVE('',#950,#949,#1164,.T.);
#744=EDGE_CURVE('',#949,#943,#1165,.T.);
#745=EDGE_CURVE('',#950,#945,#1166,.T.);
#746=EDGE_CURVE('',#951,#952,#1167,.T.);
#747=EDGE_CURVE('',#953,#951,#1168,.T.);
#748=EDGE_CURVE('',#953,#954,#1169,.T.);
#749=EDGE_CURVE('',#954,#952,#1170,.T.);
#750=EDGE_CURVE('',#952,#955,#1171,.T.);
#751=EDGE_CURVE('',#954,#956,#1172,.T.);
#752=EDGE_CURVE('',#956,#955,#1173,.T.);
#753=EDGE_CURVE('',#955,#957,#1174,.T.);
#754=EDGE_CURVE('',#956,#958,#1175,.T.);
#755=EDGE_CURVE('',#958,#957,#1176,.T.);
#756=EDGE_CURVE('',#957,#951,#1177,.T.);
#757=EDGE_CURVE('',#958,#953,#1178,.T.);
#758=EDGE_CURVE('',#959,#960,#1179,.T.);
#759=EDGE_CURVE('',#961,#959,#1180,.T.);
#760=EDGE_CURVE('',#961,#962,#1181,.T.);
#761=EDGE_CURVE('',#962,#960,#1182,.T.);
#762=EDGE_CURVE('',#960,#963,#1183,.T.);
#763=EDGE_CURVE('',#962,#964,#1184,.T.);
#764=EDGE_CURVE('',#964,#963,#1185,.T.);
#765=EDGE_CURVE('',#963,#965,#1186,.T.);
#766=EDGE_CURVE('',#964,#966,#1187,.T.);
#767=EDGE_CURVE('',#966,#965,#1188,.T.);
#768=EDGE_CURVE('',#965,#959,#1189,.T.);
#769=EDGE_CURVE('',#966,#961,#1190,.T.);
#770=EDGE_CURVE('',#967,#968,#1191,.T.);
#771=EDGE_CURVE('',#968,#969,#1192,.T.);
#772=EDGE_CURVE('',#969,#970,#1193,.F.);
#773=EDGE_CURVE('',#970,#967,#1194,.F.);
#774=EDGE_CURVE('',#971,#972,#1195,.T.);
#775=EDGE_CURVE('',#972,#973,#1196,.T.);
#776=EDGE_CURVE('',#973,#974,#1197,.F.);
#777=EDGE_CURVE('',#974,#971,#1198,.F.);
#778=EDGE_CURVE('',#975,#976,#1199,.F.);
#779=EDGE_CURVE('',#976,#977,#1200,.F.);
#780=EDGE_CURVE('',#977,#978,#1201,.F.);
#781=EDGE_CURVE('',#978,#975,#1202,.F.);
#782=EDGE_CURVE('',#979,#979,#42,.T.);
#783=EDGE_CURVE('',#980,#981,#1203,.T.);
#784=EDGE_CURVE('',#982,#981,#1204,.T.);
#785=EDGE_CURVE('',#983,#982,#1205,.T.);
#786=EDGE_CURVE('',#983,#980,#1206,.T.);
#787=EDGE_CURVE('',#981,#984,#1207,.T.);
#788=EDGE_CURVE('',#985,#984,#1208,.T.);
#789=EDGE_CURVE('',#982,#985,#1209,.T.);
#790=EDGE_CURVE('',#984,#986,#1210,.T.);
#791=EDGE_CURVE('',#987,#986,#1211,.T.);
#792=EDGE_CURVE('',#985,#987,#1212,.T.);
#793=EDGE_CURVE('',#986,#988,#1213,.T.);
#794=EDGE_CURVE('',#989,#988,#1214,.T.);
#795=EDGE_CURVE('',#987,#989,#1215,.T.);
#796=EDGE_CURVE('',#990,#991,#1216,.T.);
#797=EDGE_CURVE('',#992,#990,#1217,.T.);
#798=EDGE_CURVE('',#992,#993,#1218,.T.);
#799=EDGE_CURVE('',#993,#991,#1219,.T.);
#800=EDGE_CURVE('',#994,#990,#1220,.T.);
#801=EDGE_CURVE('',#995,#994,#1221,.T.);
#802=EDGE_CURVE('',#995,#992,#1222,.T.);
#803=EDGE_CURVE('',#996,#994,#1223,.T.);
#804=EDGE_CURVE('',#997,#996,#1224,.T.);
#805=EDGE_CURVE('',#997,#995,#1225,.T.);
#806=EDGE_CURVE('',#991,#996,#1226,.T.);
#807=EDGE_CURVE('',#993,#997,#1227,.T.);
#808=EDGE_CURVE('',#988,#980,#1228,.T.);
#809=EDGE_CURVE('',#989,#983,#1229,.T.);
#810=EDGE_CURVE('',#998,#999,#1230,.T.);
#811=EDGE_CURVE('',#999,#1000,#1231,.T.);
#812=EDGE_CURVE('',#1000,#1001,#1232,.T.);
#813=EDGE_CURVE('',#1001,#998,#1233,.T.);
#814=EDGE_CURVE('',#1002,#1002,#43,.T.);
#815=EDGE_CURVE('',#998,#974,#44,.T.);
#816=EDGE_CURVE('',#971,#1001,#45,.T.);
#817=EDGE_CURVE('',#998,#871,#46,.F.);
#818=EDGE_CURVE('',#871,#974,#47,.F.);
#819=EDGE_CURVE('',#971,#910,#48,.F.);
#820=EDGE_CURVE('',#910,#1001,#49,.F.);
#821=EDGE_CURVE('',#872,#973,#50,.T.);
#822=EDGE_CURVE('',#999,#874,#51,.T.);
#823=EDGE_CURVE('',#1000,#970,#52,.T.);
#824=EDGE_CURVE('',#967,#999,#53,.T.);
#825=EDGE_CURVE('',#907,#1000,#54,.T.);
#826=EDGE_CURVE('',#972,#909,#55,.T.);
#827=EDGE_CURVE('',#973,#978,#56,.T.);
#828=EDGE_CURVE('',#975,#972,#57,.T.);
#829=EDGE_CURVE('',#872,#978,#58,.F.);
#830=EDGE_CURVE('',#967,#874,#59,.F.);
#831=EDGE_CURVE('',#907,#970,#60,.F.);
#832=EDGE_CURVE('',#975,#909,#61,.F.);
#833=EDGE_CURVE('',#873,#977,#62,.T.);
#834=EDGE_CURVE('',#968,#873,#63,.T.);
#835=EDGE_CURVE('',#908,#969,#64,.T.);
#836=EDGE_CURVE('',#976,#908,#65,.T.);
#837=EDGE_CURVE('',#968,#977,#66,.F.);
#838=EDGE_CURVE('',#976,#969,#67,.F.);
#839=VERTEX_POINT('',#3399);
#840=VERTEX_POINT('',#3400);
#841=VERTEX_POINT('',#3402);
#842=VERTEX_POINT('',#3404);
#843=VERTEX_POINT('',#3408);
#844=VERTEX_POINT('',#3409);
#845=VERTEX_POINT('',#3414);
#846=VERTEX_POINT('',#3418);
#847=VERTEX_POINT('',#3424);
#848=VERTEX_POINT('',#3425);
#849=VERTEX_POINT('',#3427);
#850=VERTEX_POINT('',#3429);
#851=VERTEX_POINT('',#3433);
#852=VERTEX_POINT('',#3434);
#853=VERTEX_POINT('',#3439);
#854=VERTEX_POINT('',#3443);
#855=VERTEX_POINT('',#3449);
#856=VERTEX_POINT('',#3450);
#857=VERTEX_POINT('',#3452);
#858=VERTEX_POINT('',#3454);
#859=VERTEX_POINT('',#3458);
#860=VERTEX_POINT('',#3459);
#861=VERTEX_POINT('',#3464);
#862=VERTEX_POINT('',#3468);
#863=VERTEX_POINT('',#3474);
#864=VERTEX_POINT('',#3475);
#865=VERTEX_POINT('',#3477);
#866=VERTEX_POINT('',#3479);
#867=VERTEX_POINT('',#3483);
#868=VERTEX_POINT('',#3485);
#869=VERTEX_POINT('',#3489);
#870=VERTEX_POINT('',#3491);
#871=VERTEX_POINT('',#3499);
#872=VERTEX_POINT('',#3500);
#873=VERTEX_POINT('',#3502);
#874=VERTEX_POINT('',#3504);
#875=VERTEX_POINT('',#3508);
#876=VERTEX_POINT('',#3509);
#877=VERTEX_POINT('',#3511);
#878=VERTEX_POINT('',#3513);
#879=VERTEX_POINT('',#3517);
#880=VERTEX_POINT('',#3519);
#881=VERTEX_POINT('',#3523);
#882=VERTEX_POINT('',#3525);
#883=VERTEX_POINT('',#3533);
#884=VERTEX_POINT('',#3534);
#885=VERTEX_POINT('',#3536);
#886=VERTEX_POINT('',#3538);
#887=VERTEX_POINT('',#3542);
#888=VERTEX_POINT('',#3544);
#889=VERTEX_POINT('',#3548);
#890=VERTEX_POINT('',#3550);
#891=VERTEX_POINT('',#3558);
#892=VERTEX_POINT('',#3559);
#893=VERTEX_POINT('',#3561);
#894=VERTEX_POINT('',#3563);
#895=VERTEX_POINT('',#3567);
#896=VERTEX_POINT('',#3569);
#897=VERTEX_POINT('',#3573);
#898=VERTEX_POINT('',#3575);
#899=VERTEX_POINT('',#3583);
#900=VERTEX_POINT('',#3584);
#901=VERTEX_POINT('',#3586);
#902=VERTEX_POINT('',#3588);
#903=VERTEX_POINT('',#3592);
#904=VERTEX_POINT('',#3594);
#905=VERTEX_POINT('',#3598);
#906=VERTEX_POINT('',#3600);
#907=VERTEX_POINT('',#3608);
#908=VERTEX_POINT('',#3609);
#909=VERTEX_POINT('',#3611);
#910=VERTEX_POINT('',#3613);
#911=VERTEX_POINT('',#3617);
#912=VERTEX_POINT('',#3618);
#913=VERTEX_POINT('',#3620);
#914=VERTEX_POINT('',#3622);
#915=VERTEX_POINT('',#3626);
#916=VERTEX_POINT('',#3628);
#917=VERTEX_POINT('',#3632);
#918=VERTEX_POINT('',#3634);
#919=VERTEX_POINT('',#3642);
#920=VERTEX_POINT('',#3643);
#921=VERTEX_POINT('',#3645);
#922=VERTEX_POINT('',#3647);
#923=VERTEX_POINT('',#3651);
#924=VERTEX_POINT('',#3653);
#925=VERTEX_POINT('',#3657);
#926=VERTEX_POINT('',#3659);
#927=VERTEX_POINT('',#3667);
#928=VERTEX_POINT('',#3668);
#929=VERTEX_POINT('',#3670);
#930=VERTEX_POINT('',#3672);
#931=VERTEX_POINT('',#3676);
#932=VERTEX_POINT('',#3678);
#933=VERTEX_POINT('',#3682);
#934=VERTEX_POINT('',#3684);
#935=VERTEX_POINT('',#3692);
#936=VERTEX_POINT('',#3693);
#937=VERTEX_POINT('',#3695);
#938=VERTEX_POINT('',#3697);
#939=VERTEX_POINT('',#3701);
#940=VERTEX_POINT('',#3703);
#941=VERTEX_POINT('',#3707);
#942=VERTEX_POINT('',#3709);
#943=VERTEX_POINT('',#3717);
#944=VERTEX_POINT('',#3718);
#945=VERTEX_POINT('',#3720);
#946=VERTEX_POINT('',#3722);
#947=VERTEX_POINT('',#3726);
#948=VERTEX_POINT('',#3728);
#949=VERTEX_POINT('',#3732);
#950=VERTEX_POINT('',#3734);
#951=VERTEX_POINT('',#3742);
#952=VERTEX_POINT('',#3743);
#953=VERTEX_POINT('',#3745);
#954=VERTEX_POINT('',#3747);
#955=VERTEX_POINT('',#3751);
#956=VERTEX_POINT('',#3753);
#957=VERTEX_POINT('',#3757);
#958=VERTEX_POINT('',#3759);
#959=VERTEX_POINT('',#3767);
#960=VERTEX_POINT('',#3768);
#961=VERTEX_POINT('',#3770);
#962=VERTEX_POINT('',#3772);
#963=VERTEX_POINT('',#3776);
#964=VERTEX_POINT('',#3778);
#965=VERTEX_POINT('',#3782);
#966=VERTEX_POINT('',#3784);
#967=VERTEX_POINT('',#3792);
#968=VERTEX_POINT('',#3793);
#969=VERTEX_POINT('',#3795);
#970=VERTEX_POINT('',#3797);
#971=VERTEX_POINT('',#3801);
#972=VERTEX_POINT('',#3802);
#973=VERTEX_POINT('',#3804);
#974=VERTEX_POINT('',#3806);
#975=VERTEX_POINT('',#3810);
#976=VERTEX_POINT('',#3811);
#977=VERTEX_POINT('',#3813);
#978=VERTEX_POINT('',#3815);
#979=VERTEX_POINT('',#3818);
#980=VERTEX_POINT('',#3821);
#981=VERTEX_POINT('',#3822);
#982=VERTEX_POINT('',#3824);
#983=VERTEX_POINT('',#3826);
#984=VERTEX_POINT('',#3830);
#985=VERTEX_POINT('',#3832);
#986=VERTEX_POINT('',#3836);
#987=VERTEX_POINT('',#3838);
#988=VERTEX_POINT('',#3842);
#989=VERTEX_POINT('',#3844);
#990=VERTEX_POINT('',#3848);
#991=VERTEX_POINT('',#3849);
#992=VERTEX_POINT('',#3851);
#993=VERTEX_POINT('',#3853);
#994=VERTEX_POINT('',#3857);
#995=VERTEX_POINT('',#3859);
#996=VERTEX_POINT('',#3863);
#997=VERTEX_POINT('',#3865);
#998=VERTEX_POINT('',#3875);
#999=VERTEX_POINT('',#3876);
#1000=VERTEX_POINT('',#3878);
#1001=VERTEX_POINT('',#3880);
#1002=VERTEX_POINT('',#3886);
#1003=LINE('',#3398,#1234);
#1004=LINE('',#3401,#1235);
#1005=LINE('',#3403,#1236);
#1006=LINE('',#3405,#1237);
#1007=LINE('',#3407,#1238);
#1008=LINE('',#3410,#1239);
#1009=LINE('',#3411,#1240);
#1010=LINE('',#3413,#1241);
#1011=LINE('',#3415,#1242);
#1012=LINE('',#3417,#1243);
#1013=LINE('',#3419,#1244);
#1014=LINE('',#3421,#1245);
#1015=LINE('',#3423,#1246);
#1016=LINE('',#3426,#1247);
#1017=LINE('',#3428,#1248);
#1018=LINE('',#3430,#1249);
#1019=LINE('',#3432,#1250);
#1020=LINE('',#3435,#1251);
#1021=LINE('',#3436,#1252);
#1022=LINE('',#3438,#1253);
#1023=LINE('',#3440,#1254);
#1024=LINE('',#3442,#1255);
#1025=LINE('',#3444,#1256);
#1026=LINE('',#3446,#1257);
#1027=LINE('',#3448,#1258);
#1028=LINE('',#3451,#1259);
#1029=LINE('',#3453,#1260);
#1030=LINE('',#3455,#1261);
#1031=LINE('',#3457,#1262);
#1032=LINE('',#3460,#1263);
#1033=LINE('',#3461,#1264);
#1034=LINE('',#3463,#1265);
#1035=LINE('',#3465,#1266);
#1036=LINE('',#3467,#1267);
#1037=LINE('',#3469,#1268);
#1038=LINE('',#3471,#1269);
#1039=LINE('',#3473,#1270);
#1040=LINE('',#3476,#1271);
#1041=LINE('',#3478,#1272);
#1042=LINE('',#3480,#1273);
#1043=LINE('',#3482,#1274);
#1044=LINE('',#3484,#1275);
#1045=LINE('',#3486,#1276);
#1046=LINE('',#3488,#1277);
#1047=LINE('',#3490,#1278);
#1048=LINE('',#3492,#1279);
#1049=LINE('',#3494,#1280);
#1050=LINE('',#3495,#1281);
#1051=LINE('',#3498,#1282);
#1052=LINE('',#3501,#1283);
#1053=LINE('',#3503,#1284);
#1054=LINE('',#3505,#1285);
#1055=LINE('',#3507,#1286);
#1056=LINE('',#3510,#1287);
#1057=LINE('',#3512,#1288);
#1058=LINE('',#3514,#1289);
#1059=LINE('',#3516,#1290);
#1060=LINE('',#3518,#1291);
#1061=LINE('',#3520,#1292);
#1062=LINE('',#3522,#1293);
#1063=LINE('',#3524,#1294);
#1064=LINE('',#3526,#1295);
#1065=LINE('',#3528,#1296);
#1066=LINE('',#3529,#1297);
#1067=LINE('',#3532,#1298);
#1068=LINE('',#3535,#1299);
#1069=LINE('',#3537,#1300);
#1070=LINE('',#3539,#1301);
#1071=LINE('',#3541,#1302);
#1072=LINE('',#3543,#1303);
#1073=LINE('',#3545,#1304);
#1074=LINE('',#3547,#1305);
#1075=LINE('',#3549,#1306);
#1076=LINE('',#3551,#1307);
#1077=LINE('',#3553,#1308);
#1078=LINE('',#3554,#1309);
#1079=LINE('',#3557,#1310);
#1080=LINE('',#3560,#1311);
#1081=LINE('',#3562,#1312);
#1082=LINE('',#3564,#1313);
#1083=LINE('',#3566,#1314);
#1084=LINE('',#3568,#1315);
#1085=LINE('',#3570,#1316);
#1086=LINE('',#3572,#1317);
#1087=LINE('',#3574,#1318);
#1088=LINE('',#3576,#1319);
#1089=LINE('',#3578,#1320);
#1090=LINE('',#3579,#1321);
#1091=LINE('',#3582,#1322);
#1092=LINE('',#3585,#1323);
#1093=LINE('',#3587,#1324);
#1094=LINE('',#3589,#1325);
#1095=LINE('',#3591,#1326);
#1096=LINE('',#3593,#1327);
#1097=LINE('',#3595,#1328);
#1098=LINE('',#3597,#1329);
#1099=LINE('',#3599,#1330);
#1100=LINE('',#3601,#1331);
#1101=LINE('',#3603,#1332);
#1102=LINE('',#3604,#1333);
#1103=LINE('',#3607,#1334);
#1104=LINE('',#3610,#1335);
#1105=LINE('',#3612,#1336);
#1106=LINE('',#3614,#1337);
#1107=LINE('',#3616,#1338);
#1108=LINE('',#3619,#1339);
#1109=LINE('',#3621,#1340);
#1110=LINE('',#3623,#1341);
#1111=LINE('',#3625,#1342);
#1112=LINE('',#3627,#1343);
#1113=LINE('',#3629,#1344);
#1114=LINE('',#3631,#1345);
#1115=LINE('',#3633,#1346);
#1116=LINE('',#3635,#1347);
#1117=LINE('',#3637,#1348);
#1118=LINE('',#3638,#1349);
#1119=LINE('',#3641,#1350);
#1120=LINE('',#3644,#1351);
#1121=LINE('',#3646,#1352);
#1122=LINE('',#3648,#1353);
#1123=LINE('',#3650,#1354);
#1124=LINE('',#3652,#1355);
#1125=LINE('',#3654,#1356);
#1126=LINE('',#3656,#1357);
#1127=LINE('',#3658,#1358);
#1128=LINE('',#3660,#1359);
#1129=LINE('',#3662,#1360);
#1130=LINE('',#3663,#1361);
#1131=LINE('',#3666,#1362);
#1132=LINE('',#3669,#1363);
#1133=LINE('',#3671,#1364);
#1134=LINE('',#3673,#1365);
#1135=LINE('',#3675,#1366);
#1136=LINE('',#3677,#1367);
#1137=LINE('',#3679,#1368);
#1138=LINE('',#3681,#1369);
#1139=LINE('',#3683,#1370);
#1140=LINE('',#3685,#1371);
#1141=LINE('',#3687,#1372);
#1142=LINE('',#3688,#1373);
#1143=LINE('',#3691,#1374);
#1144=LINE('',#3694,#1375);
#1145=LINE('',#3696,#1376);
#1146=LINE('',#3698,#1377);
#1147=LINE('',#3700,#1378);
#1148=LINE('',#3702,#1379);
#1149=LINE('',#3704,#1380);
#1150=LINE('',#3706,#1381);
#1151=LINE('',#3708,#1382);
#1152=LINE('',#3710,#1383);
#1153=LINE('',#3712,#1384);
#1154=LINE('',#3713,#1385);
#1155=LINE('',#3716,#1386);
#1156=LINE('',#3719,#1387);
#1157=LINE('',#3721,#1388);
#1158=LINE('',#3723,#1389);
#1159=LINE('',#3725,#1390);
#1160=LINE('',#3727,#1391);
#1161=LINE('',#3729,#1392);
#1162=LINE('',#3731,#1393);
#1163=LINE('',#3733,#1394);
#1164=LINE('',#3735,#1395);
#1165=LINE('',#3737,#1396);
#1166=LINE('',#3738,#1397);
#1167=LINE('',#3741,#1398);
#1168=LINE('',#3744,#1399);
#1169=LINE('',#3746,#1400);
#1170=LINE('',#3748,#1401);
#1171=LINE('',#3750,#1402);
#1172=LINE('',#3752,#1403);
#1173=LINE('',#3754,#1404);
#1174=LINE('',#3756,#1405);
#1175=LINE('',#3758,#1406);
#1176=LINE('',#3760,#1407);
#1177=LINE('',#3762,#1408);
#1178=LINE('',#3763,#1409);
#1179=LINE('',#3766,#1410);
#1180=LINE('',#3769,#1411);
#1181=LINE('',#3771,#1412);
#1182=LINE('',#3773,#1413);
#1183=LINE('',#3775,#1414);
#1184=LINE('',#3777,#1415);
#1185=LINE('',#3779,#1416);
#1186=LINE('',#3781,#1417);
#1187=LINE('',#3783,#1418);
#1188=LINE('',#3785,#1419);
#1189=LINE('',#3787,#1420);
#1190=LINE('',#3788,#1421);
#1191=LINE('',#3791,#1422);
#1192=LINE('',#3794,#1423);
#1193=LINE('',#3796,#1424);
#1194=LINE('',#3798,#1425);
#1195=LINE('',#3800,#1426);
#1196=LINE('',#3803,#1427);
#1197=LINE('',#3805,#1428);
#1198=LINE('',#3807,#1429);
#1199=LINE('',#3809,#1430);
#1200=LINE('',#3812,#1431);
#1201=LINE('',#3814,#1432);
#1202=LINE('',#3816,#1433);
#1203=LINE('',#3820,#1434);
#1204=LINE('',#3823,#1435);
#1205=LINE('',#3825,#1436);
#1206=LINE('',#3827,#1437);
#1207=LINE('',#3829,#1438);
#1208=LINE('',#3831,#1439);
#1209=LINE('',#3833,#1440);
#1210=LINE('',#3835,#1441);
#1211=LINE('',#3837,#1442);
#1212=LINE('',#3839,#1443);
#1213=LINE('',#3841,#1444);
#1214=LINE('',#3843,#1445);
#1215=LINE('',#3845,#1446);
#1216=LINE('',#3847,#1447);
#1217=LINE('',#3850,#1448);
#1218=LINE('',#3852,#1449);
#1219=LINE('',#3854,#1450);
#1220=LINE('',#3856,#1451);
#1221=LINE('',#3858,#1452);
#1222=LINE('',#3860,#1453);
#1223=LINE('',#3862,#1454);
#1224=LINE('',#3864,#1455);
#1225=LINE('',#3866,#1456);
#1226=LINE('',#3868,#1457);
#1227=LINE('',#3869,#1458);
#1228=LINE('',#3871,#1459);
#1229=LINE('',#3872,#1460);
#1230=LINE('',#3874,#1461);
#1231=LINE('',#3877,#1462);
#1232=LINE('',#3879,#1463);
#1233=LINE('',#3881,#1464);
#1234=VECTOR('',#2887,1000.);
#1235=VECTOR('',#2888,1000.);
#1236=VECTOR('',#2889,1000.);
#1237=VECTOR('',#2890,1000.);
#1238=VECTOR('',#2893,1000.);
#1239=VECTOR('',#2894,1000.);
#1240=VECTOR('',#2895,1000.);
#1241=VECTOR('',#2898,1000.);
#1242=VECTOR('',#2899,1000.);
#1243=VECTOR('',#2902,1000.);
#1244=VECTOR('',#2903,1000.);
#1245=VECTOR('',#2906,1000.);
#1246=VECTOR('',#2909,1000.);
#1247=VECTOR('',#2910,1000.);
#1248=VECTOR('',#2911,1000.);
#1249=VECTOR('',#2912,1000.);
#1250=VECTOR('',#2915,1000.);
#1251=VECTOR('',#2916,1000.);
#1252=VECTOR('',#2917,1000.);
#1253=VECTOR('',#2920,1000.);
#1254=VECTOR('',#2921,1000.);
#1255=VECTOR('',#2924,1000.);
#1256=VECTOR('',#2925,1000.);
#1257=VECTOR('',#2928,1000.);
#1258=VECTOR('',#2931,1000.);
#1259=VECTOR('',#2932,1000.);
#1260=VECTOR('',#2933,1000.);
#1261=VECTOR('',#2934,1000.);
#1262=VECTOR('',#2937,1000.);
#1263=VECTOR('',#2938,1000.);
#1264=VECTOR('',#2939,1000.);
#1265=VECTOR('',#2942,1000.);
#1266=VECTOR('',#2943,1000.);
#1267=VECTOR('',#2946,1000.);
#1268=VECTOR('',#2947,1000.);
#1269=VECTOR('',#2950,1000.);
#1270=VECTOR('',#2953,1000.);
#1271=VECTOR('',#2954,1000.);
#1272=VECTOR('',#2955,1000.);
#1273=VECTOR('',#2956,1000.);
#1274=VECTOR('',#2959,1000.);
#1275=VECTOR('',#2960,1000.);
#1276=VECTOR('',#2961,1000.);
#1277=VECTOR('',#2964,1000.);
#1278=VECTOR('',#2965,1000.);
#1279=VECTOR('',#2966,1000.);
#1280=VECTOR('',#2969,1000.);
#1281=VECTOR('',#2970,1000.);
#1282=VECTOR('',#2975,1000.);
#1283=VECTOR('',#2976,1000.);
#1284=VECTOR('',#2977,1000.);
#1285=VECTOR('',#2978,1000.);
#1286=VECTOR('',#2981,1000.);
#1287=VECTOR('',#2982,1000.);
#1288=VECTOR('',#2983,1000.);
#1289=VECTOR('',#2984,1000.);
#1290=VECTOR('',#2987,1000.);
#1291=VECTOR('',#2988,1000.);
#1292=VECTOR('',#2989,1000.);
#1293=VECTOR('',#2992,1000.);
#1294=VECTOR('',#2993,1000.);
#1295=VECTOR('',#2994,1000.);
#1296=VECTOR('',#2997,1000.);
#1297=VECTOR('',#2998,1000.);
#1298=VECTOR('',#3003,1000.);
#1299=VECTOR('',#3004,1000.);
#1300=VECTOR('',#3005,1000.);
#1301=VECTOR('',#3006,1000.);
#1302=VECTOR('',#3009,1000.);
#1303=VECTOR('',#3010,1000.);
#1304=VECTOR('',#3011,1000.);
#1305=VECTOR('',#3014,1000.);
#1306=VECTOR('',#3015,1000.);
#1307=VECTOR('',#3016,1000.);
#1308=VECTOR('',#3019,1000.);
#1309=VECTOR('',#3020,1000.);
#1310=VECTOR('',#3025,1000.);
#1311=VECTOR('',#3026,1000.);
#1312=VECTOR('',#3027,1000.);
#1313=VECTOR('',#3028,1000.);
#1314=VECTOR('',#3031,1000.);
#1315=VECTOR('',#3032,1000.);
#1316=VECTOR('',#3033,1000.);
#1317=VECTOR('',#3036,1000.);
#1318=VECTOR('',#3037,1000.);
#1319=VECTOR('',#3038,1000.);
#1320=VECTOR('',#3041,1000.);
#1321=VECTOR('',#3042,1000.);
#1322=VECTOR('',#3047,1000.);
#1323=VECTOR('',#3048,1000.);
#1324=VECTOR('',#3049,1000.);
#1325=VECTOR('',#3050,1000.);
#1326=VECTOR('',#3053,1000.);
#1327=VECTOR('',#3054,1000.);
#1328=VECTOR('',#3055,1000.);
#1329=VECTOR('',#3058,1000.);
#1330=VECTOR('',#3059,1000.);
#1331=VECTOR('',#3060,1000.);
#1332=VECTOR('',#3063,1000.);
#1333=VECTOR('',#3064,1000.);
#1334=VECTOR('',#3069,1000.);
#1335=VECTOR('',#3070,1000.);
#1336=VECTOR('',#3071,1000.);
#1337=VECTOR('',#3072,1000.);
#1338=VECTOR('',#3075,1000.);
#1339=VECTOR('',#3076,1000.);
#1340=VECTOR('',#3077,1000.);
#1341=VECTOR('',#3078,1000.);
#1342=VECTOR('',#3081,1000.);
#1343=VECTOR('',#3082,1000.);
#1344=VECTOR('',#3083,1000.);
#1345=VECTOR('',#3086,1000.);
#1346=VECTOR('',#3087,1000.);
#1347=VECTOR('',#3088,1000.);
#1348=VECTOR('',#3091,1000.);
#1349=VECTOR('',#3092,1000.);
#1350=VECTOR('',#3097,1000.);
#1351=VECTOR('',#3098,1000.);
#1352=VECTOR('',#3099,1000.);
#1353=VECTOR('',#3100,1000.);
#1354=VECTOR('',#3103,1000.);
#1355=VECTOR('',#3104,1000.);
#1356=VECTOR('',#3105,1000.);
#1357=VECTOR('',#3108,1000.);
#1358=VECTOR('',#3109,1000.);
#1359=VECTOR('',#3110,1000.);
#1360=VECTOR('',#3113,1000.);
#1361=VECTOR('',#3114,1000.);
#1362=VECTOR('',#3119,1000.);
#1363=VECTOR('',#3120,1000.);
#1364=VECTOR('',#3121,1000.);
#1365=VECTOR('',#3122,1000.);
#1366=VECTOR('',#3125,1000.);
#1367=VECTOR('',#3126,1000.);
#1368=VECTOR('',#3127,1000.);
#1369=VECTOR('',#3130,1000.);
#1370=VECTOR('',#3131,1000.);
#1371=VECTOR('',#3132,1000.);
#1372=VECTOR('',#3135,1000.);
#1373=VECTOR('',#3136,1000.);
#1374=VECTOR('',#3141,1000.);
#1375=VECTOR('',#3142,1000.);
#1376=VECTOR('',#3143,1000.);
#1377=VECTOR('',#3144,1000.);
#1378=VECTOR('',#3147,1000.);
#1379=VECTOR('',#3148,1000.);
#1380=VECTOR('',#3149,1000.);
#1381=VECTOR('',#3152,1000.);
#1382=VECTOR('',#3153,1000.);
#1383=VECTOR('',#3154,1000.);
#1384=VECTOR('',#3157,1000.);
#1385=VECTOR('',#3158,1000.);
#1386=VECTOR('',#3163,1000.);
#1387=VECTOR('',#3164,1000.);
#1388=VECTOR('',#3165,1000.);
#1389=VECTOR('',#3166,1000.);
#1390=VECTOR('',#3169,1000.);
#1391=VECTOR('',#3170,1000.);
#1392=VECTOR('',#3171,1000.);
#1393=VECTOR('',#3174,1000.);
#1394=VECTOR('',#3175,1000.);
#1395=VECTOR('',#3176,1000.);
#1396=VECTOR('',#3179,1000.);
#1397=VECTOR('',#3180,1000.);
#1398=VECTOR('',#3185,1000.);
#1399=VECTOR('',#3186,1000.);
#1400=VECTOR('',#3187,1000.);
#1401=VECTOR('',#3188,1000.);
#1402=VECTOR('',#3191,1000.);
#1403=VECTOR('',#3192,1000.);
#1404=VECTOR('',#3193,1000.);
#1405=VECTOR('',#3196,1000.);
#1406=VECTOR('',#3197,1000.);
#1407=VECTOR('',#3198,1000.);
#1408=VECTOR('',#3201,1000.);
#1409=VECTOR('',#3202,1000.);
#1410=VECTOR('',#3207,1000.);
#1411=VECTOR('',#3208,1000.);
#1412=VECTOR('',#3209,1000.);
#1413=VECTOR('',#3210,1000.);
#1414=VECTOR('',#3213,1000.);
#1415=VECTOR('',#3214,1000.);
#1416=VECTOR('',#3215,1000.);
#1417=VECTOR('',#3218,1000.);
#1418=VECTOR('',#3219,1000.);
#1419=VECTOR('',#3220,1000.);
#1420=VECTOR('',#3223,1000.);
#1421=VECTOR('',#3224,1000.);
#1422=VECTOR('',#3229,1000.);
#1423=VECTOR('',#3230,1000.);
#1424=VECTOR('',#3231,1000.);
#1425=VECTOR('',#3232,1000.);
#1426=VECTOR('',#3235,1000.);
#1427=VECTOR('',#3236,1000.);
#1428=VECTOR('',#3237,1000.);
#1429=VECTOR('',#3238,1000.);
#1430=VECTOR('',#3241,1000.);
#1431=VECTOR('',#3242,1000.);
#1432=VECTOR('',#3243,1000.);
#1433=VECTOR('',#3244,1000.);
#1434=VECTOR('',#3249,1000.);
#1435=VECTOR('',#3250,1000.);
#1436=VECTOR('',#3251,1000.);
#1437=VECTOR('',#3252,1000.);
#1438=VECTOR('',#3255,1000.);
#1439=VECTOR('',#3256,1000.);
#1440=VECTOR('',#3257,1000.);
#1441=VECTOR('',#3260,1000.);
#1442=VECTOR('',#3261,1000.);
#1443=VECTOR('',#3262,1000.);
#1444=VECTOR('',#3265,1000.);
#1445=VECTOR('',#3266,1000.);
#1446=VECTOR('',#3267,1000.);
#1447=VECTOR('',#3270,1000.);
#1448=VECTOR('',#3271,1000.);
#1449=VECTOR('',#3272,1000.);
#1450=VECTOR('',#3273,1000.);
#1451=VECTOR('',#3276,1000.);
#1452=VECTOR('',#3277,1000.);
#1453=VECTOR('',#3278,1000.);
#1454=VECTOR('',#3281,1000.);
#1455=VECTOR('',#3282,1000.);
#1456=VECTOR('',#3283,1000.);
#1457=VECTOR('',#3286,1000.);
#1458=VECTOR('',#3287,1000.);
#1459=VECTOR('',#3290,1000.);
#1460=VECTOR('',#3291,1000.);
#1461=VECTOR('',#3294,1000.);
#1462=VECTOR('',#3295,1000.);
#1463=VECTOR('',#3296,1000.);
#1464=VECTOR('',#3297,1000.);
#1465=EDGE_LOOP('',(#68,#69,#70,#71));
#1466=EDGE_LOOP('',(#72,#73,#74,#75));
#1467=EDGE_LOOP('',(#76,#77,#78,#79));
#1468=EDGE_LOOP('',(#80,#81,#82,#83));
#1469=EDGE_LOOP('',(#84,#85,#86,#87));
#1470=EDGE_LOOP('',(#88,#89,#90,#91));
#1471=EDGE_LOOP('',(#92,#93,#94,#95));
#1472=EDGE_LOOP('',(#96,#97,#98,#99));
#1473=EDGE_LOOP('',(#100,#101,#102,#103));
#1474=EDGE_LOOP('',(#104,#105,#106,#107));
#1475=EDGE_LOOP('',(#108,#109,#110,#111));
#1476=EDGE_LOOP('',(#112,#113,#114,#115));
#1477=EDGE_LOOP('',(#116,#117,#118,#119));
#1478=EDGE_LOOP('',(#120,#121,#122,#123));
#1479=EDGE_LOOP('',(#124,#125,#126,#127));
#1480=EDGE_LOOP('',(#128,#129,#130,#131));
#1481=EDGE_LOOP('',(#132,#133,#134,#135));
#1482=EDGE_LOOP('',(#136,#137,#138,#139));
#1483=EDGE_LOOP('',(#140,#141,#142,#143));
#1484=EDGE_LOOP('',(#144,#145,#146,#147));
#1485=EDGE_LOOP('',(#148,#149,#150,#151));
#1486=EDGE_LOOP('',(#152,#153,#154,#155));
#1487=EDGE_LOOP('',(#156,#157,#158,#159));
#1488=EDGE_LOOP('',(#160,#161,#162,#163));
#1489=EDGE_LOOP('',(#164,#165,#166,#167));
#1490=EDGE_LOOP('',(#168,#169,#170,#171));
#1491=EDGE_LOOP('',(#172,#173,#174,#175));
#1492=EDGE_LOOP('',(#176,#177,#178,#179));
#1493=EDGE_LOOP('',(#180,#181,#182,#183));
#1494=EDGE_LOOP('',(#184,#185,#186,#187));
#1495=EDGE_LOOP('',(#188,#189,#190,#191));
#1496=EDGE_LOOP('',(#192,#193,#194,#195));
#1497=EDGE_LOOP('',(#196,#197,#198,#199));
#1498=EDGE_LOOP('',(#200,#201,#202,#203));
#1499=EDGE_LOOP('',(#204,#205,#206,#207));
#1500=EDGE_LOOP('',(#208,#209,#210,#211));
#1501=EDGE_LOOP('',(#212,#213,#214,#215));
#1502=EDGE_LOOP('',(#216,#217,#218,#219));
#1503=EDGE_LOOP('',(#220,#221,#222,#223));
#1504=EDGE_LOOP('',(#224,#225,#226,#227));
#1505=EDGE_LOOP('',(#228,#229,#230,#231));
#1506=EDGE_LOOP('',(#232,#233,#234,#235));
#1507=EDGE_LOOP('',(#236,#237,#238,#239));
#1508=EDGE_LOOP('',(#240,#241,#242,#243));
#1509=EDGE_LOOP('',(#244,#245,#246,#247));
#1510=EDGE_LOOP('',(#248,#249,#250,#251));
#1511=EDGE_LOOP('',(#252,#253,#254,#255));
#1512=EDGE_LOOP('',(#256,#257,#258,#259));
#1513=EDGE_LOOP('',(#260,#261,#262,#263));
#1514=EDGE_LOOP('',(#264,#265,#266,#267));
#1515=EDGE_LOOP('',(#268,#269,#270,#271));
#1516=EDGE_LOOP('',(#272,#273,#274,#275));
#1517=EDGE_LOOP('',(#276,#277,#278,#279));
#1518=EDGE_LOOP('',(#280,#281,#282,#283));
#1519=EDGE_LOOP('',(#284,#285,#286,#287));
#1520=EDGE_LOOP('',(#288,#289,#290,#291));
#1521=EDGE_LOOP('',(#292,#293,#294,#295));
#1522=EDGE_LOOP('',(#296,#297,#298,#299));
#1523=EDGE_LOOP('',(#300,#301,#302,#303));
#1524=EDGE_LOOP('',(#304,#305,#306,#307));
#1525=EDGE_LOOP('',(#308,#309,#310,#311));
#1526=EDGE_LOOP('',(#312,#313,#314,#315));
#1527=EDGE_LOOP('',(#316,#317,#318,#319));
#1528=EDGE_LOOP('',(#320,#321,#322,#323));
#1529=EDGE_LOOP('',(#324,#325,#326,#327));
#1530=EDGE_LOOP('',(#328,#329,#330,#331));
#1531=EDGE_LOOP('',(#332,#333,#334,#335));
#1532=EDGE_LOOP('',(#336,#337,#338,#339));
#1533=EDGE_LOOP('',(#340,#341,#342,#343));
#1534=EDGE_LOOP('',(#344,#345,#346,#347));
#1535=EDGE_LOOP('',(#348,#349,#350,#351));
#1536=EDGE_LOOP('',(#352,#353,#354,#355));
#1537=EDGE_LOOP('',(#356,#357,#358,#359));
#1538=EDGE_LOOP('',(#360,#361,#362,#363));
#1539=EDGE_LOOP('',(#364,#365,#366,#367));
#1540=EDGE_LOOP('',(#368,#369,#370,#371));
#1541=EDGE_LOOP('',(#372,#373,#374,#375));
#1542=EDGE_LOOP('',(#376,#377,#378,#379));
#1543=EDGE_LOOP('',(#380,#381,#382,#383));
#1544=EDGE_LOOP('',(#384,#385,#386,#387));
#1545=EDGE_LOOP('',(#388,#389,#390,#391));
#1546=EDGE_LOOP('',(#392,#393,#394,#395));
#1547=EDGE_LOOP('',(#396,#397,#398,#399));
#1548=EDGE_LOOP('',(#400,#401,#402,#403));
#1549=EDGE_LOOP('',(#404,#405,#406,#407));
#1550=EDGE_LOOP('',(#408,#409,#410,#411));
#1551=EDGE_LOOP('',(#412,#413,#414,#415));
#1552=EDGE_LOOP('',(#416,#417,#418,#419));
#1553=EDGE_LOOP('',(#420));
#1554=EDGE_LOOP('',(#421,#422,#423,#424));
#1555=EDGE_LOOP('',(#425,#426,#427,#428));
#1556=EDGE_LOOP('',(#429,#430,#431,#432));
#1557=EDGE_LOOP('',(#433,#434,#435,#436));
#1558=EDGE_LOOP('',(#437,#438,#439,#440));
#1559=EDGE_LOOP('',(#441,#442,#443,#444));
#1560=EDGE_LOOP('',(#445,#446,#447,#448));
#1561=EDGE_LOOP('',(#449,#450,#451,#452));
#1562=EDGE_LOOP('',(#453,#454,#455,#456));
#1563=EDGE_LOOP('',(#457,#458,#459,#460));
#1564=EDGE_LOOP('',(#461,#462,#463,#464));
#1565=EDGE_LOOP('',(#465,#466,#467,#468));
#1566=EDGE_LOOP('',(#469,#470,#471,#472));
#1567=EDGE_LOOP('',(#473,#474,#475,#476));
#1568=EDGE_LOOP('',(#477,#478,#479,#480));
#1569=EDGE_LOOP('',(#481,#482,#483,#484));
#1570=EDGE_LOOP('',(#485,#486,#487,#488));
#1571=EDGE_LOOP('',(#489,#490,#491,#492));
#1572=EDGE_LOOP('',(#493,#494,#495,#496,#497));
#1573=EDGE_LOOP('',(#498,#499,#500,#501));
#1574=EDGE_LOOP('',(#502,#503,#504,#505,#506));
#1575=EDGE_LOOP('',(#507));
#1576=EDGE_LOOP('',(#508));
#1577=EDGE_LOOP('',(#509));
#1578=EDGE_LOOP('',(#510,#511,#512,#513));
#1579=EDGE_LOOP('',(#514,#515,#516));
#1580=EDGE_LOOP('',(#517,#518,#519));
#1581=EDGE_LOOP('',(#520,#521,#522,#523));
#1582=EDGE_LOOP('',(#524,#525,#526,#527));
#1583=EDGE_LOOP('',(#528,#529,#530,#531));
#1584=EDGE_LOOP('',(#532,#533,#534,#535));
#1585=EDGE_LOOP('',(#536,#537,#538,#539));
#1586=EDGE_LOOP('',(#540,#541,#542,#543));
#1587=EDGE_LOOP('',(#544,#545,#546));
#1588=EDGE_LOOP('',(#547,#548,#549));
#1589=EDGE_LOOP('',(#550,#551,#552));
#1590=EDGE_LOOP('',(#553,#554,#555));
#1591=EDGE_LOOP('',(#556,#557,#558,#559));
#1592=EDGE_LOOP('',(#560,#561,#562,#563));
#1593=EDGE_LOOP('',(#564,#565,#566,#567));
#1594=EDGE_LOOP('',(#568,#569,#570,#571));
#1595=EDGE_LOOP('',(#572,#573,#574));
#1596=EDGE_LOOP('',(#575,#576,#577));
#1597=EDGE_LOOP('',(#578,#579,#580,#581));
#1598=FACE_BOUND('',#1465,.T.);
#1599=FACE_BOUND('',#1466,.T.);
#1600=FACE_BOUND('',#1467,.T.);
#1601=FACE_BOUND('',#1468,.T.);
#1602=FACE_BOUND('',#1469,.T.);
#1603=FACE_BOUND('',#1470,.T.);
#1604=FACE_BOUND('',#1471,.T.);
#1605=FACE_BOUND('',#1472,.T.);
#1606=FACE_BOUND('',#1473,.T.);
#1607=FACE_BOUND('',#1474,.T.);
#1608=FACE_BOUND('',#1475,.T.);
#1609=FACE_BOUND('',#1476,.T.);
#1610=FACE_BOUND('',#1477,.T.);
#1611=FACE_BOUND('',#1478,.T.);
#1612=FACE_BOUND('',#1479,.T.);
#1613=FACE_BOUND('',#1480,.T.);
#1614=FACE_BOUND('',#1481,.T.);
#1615=FACE_BOUND('',#1482,.T.);
#1616=FACE_BOUND('',#1483,.T.);
#1617=FACE_BOUND('',#1484,.T.);
#1618=FACE_BOUND('',#1485,.T.);
#1619=FACE_BOUND('',#1486,.T.);
#1620=FACE_BOUND('',#1487,.T.);
#1621=FACE_BOUND('',#1488,.T.);
#1622=FACE_BOUND('',#1489,.T.);
#1623=FACE_BOUND('',#1490,.T.);
#1624=FACE_BOUND('',#1491,.T.);
#1625=FACE_BOUND('',#1492,.T.);
#1626=FACE_BOUND('',#1493,.T.);
#1627=FACE_BOUND('',#1494,.T.);
#1628=FACE_BOUND('',#1495,.T.);
#1629=FACE_BOUND('',#1496,.T.);
#1630=FACE_BOUND('',#1497,.T.);
#1631=FACE_BOUND('',#1498,.T.);
#1632=FACE_BOUND('',#1499,.T.);
#1633=FACE_BOUND('',#1500,.T.);
#1634=FACE_BOUND('',#1501,.T.);
#1635=FACE_BOUND('',#1502,.T.);
#1636=FACE_BOUND('',#1503,.T.);
#1637=FACE_BOUND('',#1504,.T.);
#1638=FACE_BOUND('',#1505,.T.);
#1639=FACE_BOUND('',#1506,.T.);
#1640=FACE_BOUND('',#1507,.T.);
#1641=FACE_BOUND('',#1508,.T.);
#1642=FACE_BOUND('',#1509,.T.);
#1643=FACE_BOUND('',#1510,.T.);
#1644=FACE_BOUND('',#1511,.T.);
#1645=FACE_BOUND('',#1512,.T.);
#1646=FACE_BOUND('',#1513,.T.);
#1647=FACE_BOUND('',#1514,.T.);
#1648=FACE_BOUND('',#1515,.T.);
#1649=FACE_BOUND('',#1516,.T.);
#1650=FACE_BOUND('',#1517,.T.);
#1651=FACE_BOUND('',#1518,.T.);
#1652=FACE_BOUND('',#1519,.T.);
#1653=FACE_BOUND('',#1520,.T.);
#1654=FACE_BOUND('',#1521,.T.);
#1655=FACE_BOUND('',#1522,.T.);
#1656=FACE_BOUND('',#1523,.T.);
#1657=FACE_BOUND('',#1524,.T.);
#1658=FACE_BOUND('',#1525,.T.);
#1659=FACE_BOUND('',#1526,.T.);
#1660=FACE_BOUND('',#1527,.T.);
#1661=FACE_BOUND('',#1528,.T.);
#1662=FACE_BOUND('',#1529,.T.);
#1663=FACE_BOUND('',#1530,.T.);
#1664=FACE_BOUND('',#1531,.T.);
#1665=FACE_BOUND('',#1532,.T.);
#1666=FACE_BOUND('',#1533,.T.);
#1667=FACE_BOUND('',#1534,.T.);
#1668=FACE_BOUND('',#1535,.T.);
#1669=FACE_BOUND('',#1536,.T.);
#1670=FACE_BOUND('',#1537,.T.);
#1671=FACE_BOUND('',#1538,.T.);
#1672=FACE_BOUND('',#1539,.T.);
#1673=FACE_BOUND('',#1540,.T.);
#1674=FACE_BOUND('',#1541,.T.);
#1675=FACE_BOUND('',#1542,.T.);
#1676=FACE_BOUND('',#1543,.T.);
#1677=FACE_BOUND('',#1544,.T.);
#1678=FACE_BOUND('',#1545,.T.);
#1679=FACE_BOUND('',#1546,.T.);
#1680=FACE_BOUND('',#1547,.T.);
#1681=FACE_BOUND('',#1548,.T.);
#1682=FACE_BOUND('',#1549,.T.);
#1683=FACE_BOUND('',#1550,.T.);
#1684=FACE_BOUND('',#1551,.T.);
#1685=FACE_BOUND('',#1552,.T.);
#1686=FACE_BOUND('',#1553,.T.);
#1687=FACE_BOUND('',#1554,.T.);
#1688=FACE_BOUND('',#1555,.T.);
#1689=FACE_BOUND('',#1556,.T.);
#1690=FACE_BOUND('',#1557,.T.);
#1691=FACE_BOUND('',#1558,.T.);
#1692=FACE_BOUND('',#1559,.T.);
#1693=FACE_BOUND('',#1560,.T.);
#1694=FACE_BOUND('',#1561,.T.);
#1695=FACE_BOUND('',#1562,.T.);
#1696=FACE_BOUND('',#1563,.T.);
#1697=FACE_BOUND('',#1564,.T.);
#1698=FACE_BOUND('',#1565,.T.);
#1699=FACE_BOUND('',#1566,.T.);
#1700=FACE_BOUND('',#1567,.T.);
#1701=FACE_BOUND('',#1568,.T.);
#1702=FACE_BOUND('',#1569,.T.);
#1703=FACE_BOUND('',#1570,.T.);
#1704=FACE_BOUND('',#1571,.T.);
#1705=FACE_BOUND('',#1572,.T.);
#1706=FACE_BOUND('',#1573,.T.);
#1707=FACE_BOUND('',#1574,.T.);
#1708=FACE_BOUND('',#1575,.T.);
#1709=FACE_BOUND('',#1576,.T.);
#1710=FACE_BOUND('',#1577,.T.);
#1711=FACE_BOUND('',#1578,.T.);
#1712=FACE_BOUND('',#1579,.T.);
#1713=FACE_BOUND('',#1580,.T.);
#1714=FACE_BOUND('',#1581,.T.);
#1715=FACE_BOUND('',#1582,.T.);
#1716=FACE_BOUND('',#1583,.T.);
#1717=FACE_BOUND('',#1584,.T.);
#1718=FACE_BOUND('',#1585,.T.);
#1719=FACE_BOUND('',#1586,.T.);
#1720=FACE_BOUND('',#1587,.T.);
#1721=FACE_BOUND('',#1588,.T.);
#1722=FACE_BOUND('',#1589,.T.);
#1723=FACE_BOUND('',#1590,.T.);
#1724=FACE_BOUND('',#1591,.T.);
#1725=FACE_BOUND('',#1592,.T.);
#1726=FACE_BOUND('',#1593,.T.);
#1727=FACE_BOUND('',#1594,.T.);
#1728=FACE_BOUND('',#1595,.T.);
#1729=FACE_BOUND('',#1596,.T.);
#1730=FACE_BOUND('',#1597,.T.);
#1731=PLANE('',#2743);
#1732=PLANE('',#2744);
#1733=PLANE('',#2745);
#1734=PLANE('',#2746);
#1735=PLANE('',#2747);
#1736=PLANE('',#2748);
#1737=PLANE('',#2749);
#1738=PLANE('',#2750);
#1739=PLANE('',#2751);
#1740=PLANE('',#2752);
#1741=PLANE('',#2753);
#1742=PLANE('',#2754);
#1743=PLANE('',#2755);
#1744=PLANE('',#2756);
#1745=PLANE('',#2757);
#1746=PLANE('',#2758);
#1747=PLANE('',#2759);
#1748=PLANE('',#2760);
#1749=PLANE('',#2761);
#1750=PLANE('',#2762);
#1751=PLANE('',#2763);
#1752=PLANE('',#2764);
#1753=PLANE('',#2765);
#1754=PLANE('',#2766);
#1755=PLANE('',#2767);
#1756=PLANE('',#2768);
#1757=PLANE('',#2769);
#1758=PLANE('',#2770);
#1759=PLANE('',#2771);
#1760=PLANE('',#2772);
#1761=PLANE('',#2773);
#1762=PLANE('',#2774);
#1763=PLANE('',#2775);
#1764=PLANE('',#2776);
#1765=PLANE('',#2777);
#1766=PLANE('',#2778);
#1767=PLANE('',#2779);
#1768=PLANE('',#2780);
#1769=PLANE('',#2781);
#1770=PLANE('',#2782);
#1771=PLANE('',#2783);
#1772=PLANE('',#2784);
#1773=PLANE('',#2785);
#1774=PLANE('',#2786);
#1775=PLANE('',#2787);
#1776=PLANE('',#2788);
#1777=PLANE('',#2789);
#1778=PLANE('',#2790);
#1779=PLANE('',#2791);
#1780=PLANE('',#2792);
#1781=PLANE('',#2793);
#1782=PLANE('',#2794);
#1783=PLANE('',#2795);
#1784=PLANE('',#2796);
#1785=PLANE('',#2797);
#1786=PLANE('',#2798);
#1787=PLANE('',#2799);
#1788=PLANE('',#2800);
#1789=PLANE('',#2801);
#1790=PLANE('',#2802);
#1791=PLANE('',#2803);
#1792=PLANE('',#2804);
#1793=PLANE('',#2805);
#1794=PLANE('',#2806);
#1795=PLANE('',#2807);
#1796=PLANE('',#2808);
#1797=PLANE('',#2809);
#1798=PLANE('',#2810);
#1799=PLANE('',#2811);
#1800=PLANE('',#2812);
#1801=PLANE('',#2813);
#1802=PLANE('',#2814);
#1803=PLANE('',#2815);
#1804=PLANE('',#2816);
#1805=PLANE('',#2817);
#1806=PLANE('',#2818);
#1807=PLANE('',#2819);
#1808=PLANE('',#2820);
#1809=PLANE('',#2821);
#1810=PLANE('',#2822);
#1811=PLANE('',#2824);
#1812=PLANE('',#2825);
#1813=PLANE('',#2826);
#1814=PLANE('',#2827);
#1815=PLANE('',#2828);
#1816=PLANE('',#2829);
#1817=PLANE('',#2830);
#1818=PLANE('',#2831);
#1819=PLANE('',#2832);
#1820=PLANE('',#2833);
#1821=PLANE('',#2834);
#1822=PLANE('',#2835);
#1823=PLANE('',#2838);
#1824=STYLED_ITEM('',(#1938),#2624);
#1825=STYLED_ITEM('',(#1939),#2625);
#1826=STYLED_ITEM('',(#1940),#2626);
#1827=STYLED_ITEM('',(#1941),#2627);
#1828=STYLED_ITEM('',(#1942),#2628);
#1829=STYLED_ITEM('',(#1943),#2629);
#1830=STYLED_ITEM('',(#1944),#2630);
#1831=STYLED_ITEM('',(#1945),#2631);
#1832=STYLED_ITEM('',(#1946),#2632);
#1833=STYLED_ITEM('',(#1947),#2633);
#1834=STYLED_ITEM('',(#1948),#2634);
#1835=STYLED_ITEM('',(#1949),#2635);
#1836=STYLED_ITEM('',(#1950),#2636);
#1837=STYLED_ITEM('',(#1951),#2637);
#1838=STYLED_ITEM('',(#1952),#2638);
#1839=STYLED_ITEM('',(#1953),#2639);
#1840=STYLED_ITEM('',(#1954),#2640);
#1841=STYLED_ITEM('',(#1955),#2641);
#1842=STYLED_ITEM('',(#1956),#2642);
#1843=STYLED_ITEM('',(#1957),#2643);
#1844=STYLED_ITEM('',(#1958),#2644);
#1845=STYLED_ITEM('',(#1959),#2645);
#1846=STYLED_ITEM('',(#1960),#2646);
#1847=STYLED_ITEM('',(#1961),#2647);
#1848=STYLED_ITEM('',(#1962),#2648);
#1849=STYLED_ITEM('',(#1963),#2649);
#1850=STYLED_ITEM('',(#1964),#2650);
#1851=STYLED_ITEM('',(#1965),#2651);
#1852=STYLED_ITEM('',(#1966),#2652);
#1853=STYLED_ITEM('',(#1967),#2653);
#1854=STYLED_ITEM('',(#1968),#2654);
#1855=STYLED_ITEM('',(#1969),#2655);
#1856=STYLED_ITEM('',(#1970),#2656);
#1857=STYLED_ITEM('',(#1971),#2657);
#1858=STYLED_ITEM('',(#1972),#2658);
#1859=STYLED_ITEM('',(#1973),#2659);
#1860=STYLED_ITEM('',(#1974),#2660);
#1861=STYLED_ITEM('',(#1975),#2661);
#1862=STYLED_ITEM('',(#1976),#2662);
#1863=STYLED_ITEM('',(#1977),#2663);
#1864=STYLED_ITEM('',(#1978),#2664);
#1865=STYLED_ITEM('',(#1979),#2665);
#1866=STYLED_ITEM('',(#1980),#2666);
#1867=STYLED_ITEM('',(#1981),#2667);
#1868=STYLED_ITEM('',(#1982),#2668);
#1869=STYLED_ITEM('',(#1983),#2669);
#1870=STYLED_ITEM('',(#1984),#2670);
#1871=STYLED_ITEM('',(#1985),#2671);
#1872=STYLED_ITEM('',(#1986),#2672);
#1873=STYLED_ITEM('',(#1987),#2673);
#1874=STYLED_ITEM('',(#1988),#2674);
#1875=STYLED_ITEM('',(#1989),#2675);
#1876=STYLED_ITEM('',(#1990),#2676);
#1877=STYLED_ITEM('',(#1991),#2677);
#1878=STYLED_ITEM('',(#1992),#2678);
#1879=STYLED_ITEM('',(#1993),#2679);
#1880=STYLED_ITEM('',(#1994),#2680);
#1881=STYLED_ITEM('',(#1995),#2681);
#1882=STYLED_ITEM('',(#1996),#2682);
#1883=STYLED_ITEM('',(#1997),#2683);
#1884=STYLED_ITEM('',(#1998),#2684);
#1885=STYLED_ITEM('',(#1999),#2685);
#1886=STYLED_ITEM('',(#2000),#2686);
#1887=STYLED_ITEM('',(#2001),#2687);
#1888=STYLED_ITEM('',(#2002),#2688);
#1889=STYLED_ITEM('',(#2003),#2689);
#1890=STYLED_ITEM('',(#2004),#2690);
#1891=STYLED_ITEM('',(#2005),#2691);
#1892=STYLED_ITEM('',(#2006),#2692);
#1893=STYLED_ITEM('',(#2007),#2693);
#1894=STYLED_ITEM('',(#2008),#2694);
#1895=STYLED_ITEM('',(#2009),#2695);
#1896=STYLED_ITEM('',(#2010),#2696);
#1897=STYLED_ITEM('',(#2011),#2697);
#1898=STYLED_ITEM('',(#2012),#2698);
#1899=STYLED_ITEM('',(#2013),#2699);
#1900=STYLED_ITEM('',(#2014),#2700);
#1901=STYLED_ITEM('',(#2015),#2701);
#1902=STYLED_ITEM('',(#2016),#2702);
#1903=STYLED_ITEM('',(#2017),#2703);
#1904=STYLED_ITEM('',(#2018),#2704);
#1905=STYLED_ITEM('',(#2019),#2705);
#1906=STYLED_ITEM('',(#2020),#2706);
#1907=STYLED_ITEM('',(#2021),#2707);
#1908=STYLED_ITEM('',(#2022),#2708);
#1909=STYLED_ITEM('',(#2023),#2709);
#1910=STYLED_ITEM('',(#2024),#2710);
#1911=STYLED_ITEM('',(#2025),#2711);
#1912=STYLED_ITEM('',(#2026),#2712);
#1913=STYLED_ITEM('',(#2027),#2713);
#1914=STYLED_ITEM('',(#2028),#2714);
#1915=STYLED_ITEM('',(#2029),#2715);
#1916=STYLED_ITEM('',(#2030),#2716);
#1917=STYLED_ITEM('',(#2031),#2717);
#1918=STYLED_ITEM('',(#2032),#2718);
#1919=STYLED_ITEM('',(#2033),#2719);
#1920=STYLED_ITEM('',(#2034),#2720);
#1921=STYLED_ITEM('',(#2035),#2721);
#1922=STYLED_ITEM('',(#2036),#2722);
#1923=STYLED_ITEM('',(#2037),#2723);
#1924=STYLED_ITEM('',(#2038),#2724);
#1925=STYLED_ITEM('',(#2039),#2725);
#1926=STYLED_ITEM('',(#2040),#2726);
#1927=STYLED_ITEM('',(#2041),#2727);
#1928=STYLED_ITEM('',(#2042),#2728);
#1929=STYLED_ITEM('',(#2043),#2729);
#1930=STYLED_ITEM('',(#2044),#2730);
#1931=STYLED_ITEM('',(#2045),#2731);
#1932=STYLED_ITEM('',(#2046),#2732);
#1933=STYLED_ITEM('',(#2047),#2733);
#1934=STYLED_ITEM('',(#2048),#2734);
#1935=STYLED_ITEM('',(#2049),#2735);
#1936=STYLED_ITEM('',(#2050),#2736);
#1937=STYLED_ITEM('',(#2051),#2737);
#1938=PRESENTATION_STYLE_ASSIGNMENT((#2052));
#1939=PRESENTATION_STYLE_ASSIGNMENT((#2053));
#1940=PRESENTATION_STYLE_ASSIGNMENT((#2054));
#1941=PRESENTATION_STYLE_ASSIGNMENT((#2055));
#1942=PRESENTATION_STYLE_ASSIGNMENT((#2056));
#1943=PRESENTATION_STYLE_ASSIGNMENT((#2057));
#1944=PRESENTATION_STYLE_ASSIGNMENT((#2058));
#1945=PRESENTATION_STYLE_ASSIGNMENT((#2059));
#1946=PRESENTATION_STYLE_ASSIGNMENT((#2060));
#1947=PRESENTATION_STYLE_ASSIGNMENT((#2061));
#1948=PRESENTATION_STYLE_ASSIGNMENT((#2062));
#1949=PRESENTATION_STYLE_ASSIGNMENT((#2063));
#1950=PRESENTATION_STYLE_ASSIGNMENT((#2064));
#1951=PRESENTATION_STYLE_ASSIGNMENT((#2065));
#1952=PRESENTATION_STYLE_ASSIGNMENT((#2066));
#1953=PRESENTATION_STYLE_ASSIGNMENT((#2067));
#1954=PRESENTATION_STYLE_ASSIGNMENT((#2068));
#1955=PRESENTATION_STYLE_ASSIGNMENT((#2069));
#1956=PRESENTATION_STYLE_ASSIGNMENT((#2070));
#1957=PRESENTATION_STYLE_ASSIGNMENT((#2071));
#1958=PRESENTATION_STYLE_ASSIGNMENT((#2072));
#1959=PRESENTATION_STYLE_ASSIGNMENT((#2073));
#1960=PRESENTATION_STYLE_ASSIGNMENT((#2074));
#1961=PRESENTATION_STYLE_ASSIGNMENT((#2075));
#1962=PRESENTATION_STYLE_ASSIGNMENT((#2076));
#1963=PRESENTATION_STYLE_ASSIGNMENT((#2077));
#1964=PRESENTATION_STYLE_ASSIGNMENT((#2078));
#1965=PRESENTATION_STYLE_ASSIGNMENT((#2079));
#1966=PRESENTATION_STYLE_ASSIGNMENT((#2080));
#1967=PRESENTATION_STYLE_ASSIGNMENT((#2081));
#1968=PRESENTATION_STYLE_ASSIGNMENT((#2082));
#1969=PRESENTATION_STYLE_ASSIGNMENT((#2083));
#1970=PRESENTATION_STYLE_ASSIGNMENT((#2084));
#1971=PRESENTATION_STYLE_ASSIGNMENT((#2085));
#1972=PRESENTATION_STYLE_ASSIGNMENT((#2086));
#1973=PRESENTATION_STYLE_ASSIGNMENT((#2087));
#1974=PRESENTATION_STYLE_ASSIGNMENT((#2088));
#1975=PRESENTATION_STYLE_ASSIGNMENT((#2089));
#1976=PRESENTATION_STYLE_ASSIGNMENT((#2090));
#1977=PRESENTATION_STYLE_ASSIGNMENT((#2091));
#1978=PRESENTATION_STYLE_ASSIGNMENT((#2092));
#1979=PRESENTATION_STYLE_ASSIGNMENT((#2093));
#1980=PRESENTATION_STYLE_ASSIGNMENT((#2094));
#1981=PRESENTATION_STYLE_ASSIGNMENT((#2095));
#1982=PRESENTATION_STYLE_ASSIGNMENT((#2096));
#1983=PRESENTATION_STYLE_ASSIGNMENT((#2097));
#1984=PRESENTATION_STYLE_ASSIGNMENT((#2098));
#1985=PRESENTATION_STYLE_ASSIGNMENT((#2099));
#1986=PRESENTATION_STYLE_ASSIGNMENT((#2100));
#1987=PRESENTATION_STYLE_ASSIGNMENT((#2101));
#1988=PRESENTATION_STYLE_ASSIGNMENT((#2102));
#1989=PRESENTATION_STYLE_ASSIGNMENT((#2103));
#1990=PRESENTATION_STYLE_ASSIGNMENT((#2104));
#1991=PRESENTATION_STYLE_ASSIGNMENT((#2105));
#1992=PRESENTATION_STYLE_ASSIGNMENT((#2106));
#1993=PRESENTATION_STYLE_ASSIGNMENT((#2107));
#1994=PRESENTATION_STYLE_ASSIGNMENT((#2108));
#1995=PRESENTATION_STYLE_ASSIGNMENT((#2109));
#1996=PRESENTATION_STYLE_ASSIGNMENT((#2110));
#1997=PRESENTATION_STYLE_ASSIGNMENT((#2111));
#1998=PRESENTATION_STYLE_ASSIGNMENT((#2112));
#1999=PRESENTATION_STYLE_ASSIGNMENT((#2113));
#2000=PRESENTATION_STYLE_ASSIGNMENT((#2114));
#2001=PRESENTATION_STYLE_ASSIGNMENT((#2115));
#2002=PRESENTATION_STYLE_ASSIGNMENT((#2116));
#2003=PRESENTATION_STYLE_ASSIGNMENT((#2117));
#2004=PRESENTATION_STYLE_ASSIGNMENT((#2118));
#2005=PRESENTATION_STYLE_ASSIGNMENT((#2119));
#2006=PRESENTATION_STYLE_ASSIGNMENT((#2120));
#2007=PRESENTATION_STYLE_ASSIGNMENT((#2121));
#2008=PRESENTATION_STYLE_ASSIGNMENT((#2122));
#2009=PRESENTATION_STYLE_ASSIGNMENT((#2123));
#2010=PRESENTATION_STYLE_ASSIGNMENT((#2124));
#2011=PRESENTATION_STYLE_ASSIGNMENT((#2125));
#2012=PRESENTATION_STYLE_ASSIGNMENT((#2126));
#2013=PRESENTATION_STYLE_ASSIGNMENT((#2127));
#2014=PRESENTATION_STYLE_ASSIGNMENT((#2128));
#2015=PRESENTATION_STYLE_ASSIGNMENT((#2129));
#2016=PRESENTATION_STYLE_ASSIGNMENT((#2130));
#2017=PRESENTATION_STYLE_ASSIGNMENT((#2131));
#2018=PRESENTATION_STYLE_ASSIGNMENT((#2132));
#2019=PRESENTATION_STYLE_ASSIGNMENT((#2133));
#2020=PRESENTATION_STYLE_ASSIGNMENT((#2134));
#2021=PRESENTATION_STYLE_ASSIGNMENT((#2135));
#2022=PRESENTATION_STYLE_ASSIGNMENT((#2136));
#2023=PRESENTATION_STYLE_ASSIGNMENT((#2137));
#2024=PRESENTATION_STYLE_ASSIGNMENT((#2138));
#2025=PRESENTATION_STYLE_ASSIGNMENT((#2139));
#2026=PRESENTATION_STYLE_ASSIGNMENT((#2140));
#2027=PRESENTATION_STYLE_ASSIGNMENT((#2141));
#2028=PRESENTATION_STYLE_ASSIGNMENT((#2142));
#2029=PRESENTATION_STYLE_ASSIGNMENT((#2143));
#2030=PRESENTATION_STYLE_ASSIGNMENT((#2144));
#2031=PRESENTATION_STYLE_ASSIGNMENT((#2145));
#2032=PRESENTATION_STYLE_ASSIGNMENT((#2146));
#2033=PRESENTATION_STYLE_ASSIGNMENT((#2147));
#2034=PRESENTATION_STYLE_ASSIGNMENT((#2148));
#2035=PRESENTATION_STYLE_ASSIGNMENT((#2149));
#2036=PRESENTATION_STYLE_ASSIGNMENT((#2150));
#2037=PRESENTATION_STYLE_ASSIGNMENT((#2151));
#2038=PRESENTATION_STYLE_ASSIGNMENT((#2152));
#2039=PRESENTATION_STYLE_ASSIGNMENT((#2153));
#2040=PRESENTATION_STYLE_ASSIGNMENT((#2154));
#2041=PRESENTATION_STYLE_ASSIGNMENT((#2155));
#2042=PRESENTATION_STYLE_ASSIGNMENT((#2156));
#2043=PRESENTATION_STYLE_ASSIGNMENT((#2157));
#2044=PRESENTATION_STYLE_ASSIGNMENT((#2158));
#2045=PRESENTATION_STYLE_ASSIGNMENT((#2159));
#2046=PRESENTATION_STYLE_ASSIGNMENT((#2160));
#2047=PRESENTATION_STYLE_ASSIGNMENT((#2161));
#2048=PRESENTATION_STYLE_ASSIGNMENT((#2162));
#2049=PRESENTATION_STYLE_ASSIGNMENT((#2163));
#2050=PRESENTATION_STYLE_ASSIGNMENT((#2164));
#2051=PRESENTATION_STYLE_ASSIGNMENT((#2165));
#2052=SURFACE_STYLE_USAGE(.BOTH.,#2166);
#2053=SURFACE_STYLE_USAGE(.BOTH.,#2167);
#2054=SURFACE_STYLE_USAGE(.BOTH.,#2168);
#2055=SURFACE_STYLE_USAGE(.BOTH.,#2169);
#2056=SURFACE_STYLE_USAGE(.BOTH.,#2170);
#2057=SURFACE_STYLE_USAGE(.BOTH.,#2171);
#2058=SURFACE_STYLE_USAGE(.BOTH.,#2172);
#2059=SURFACE_STYLE_USAGE(.BOTH.,#2173);
#2060=SURFACE_STYLE_USAGE(.BOTH.,#2174);
#2061=SURFACE_STYLE_USAGE(.BOTH.,#2175);
#2062=SURFACE_STYLE_USAGE(.BOTH.,#2176);
#2063=SURFACE_STYLE_USAGE(.BOTH.,#2177);
#2064=SURFACE_STYLE_USAGE(.BOTH.,#2178);
#2065=SURFACE_STYLE_USAGE(.BOTH.,#2179);
#2066=SURFACE_STYLE_USAGE(.BOTH.,#2180);
#2067=SURFACE_STYLE_USAGE(.BOTH.,#2181);
#2068=SURFACE_STYLE_USAGE(.BOTH.,#2182);
#2069=SURFACE_STYLE_USAGE(.BOTH.,#2183);
#2070=SURFACE_STYLE_USAGE(.BOTH.,#2184);
#2071=SURFACE_STYLE_USAGE(.BOTH.,#2185);
#2072=SURFACE_STYLE_USAGE(.BOTH.,#2186);
#2073=SURFACE_STYLE_USAGE(.BOTH.,#2187);
#2074=SURFACE_STYLE_USAGE(.BOTH.,#2188);
#2075=SURFACE_STYLE_USAGE(.BOTH.,#2189);
#2076=SURFACE_STYLE_USAGE(.BOTH.,#2190);
#2077=SURFACE_STYLE_USAGE(.BOTH.,#2191);
#2078=SURFACE_STYLE_USAGE(.BOTH.,#2192);
#2079=SURFACE_STYLE_USAGE(.BOTH.,#2193);
#2080=SURFACE_STYLE_USAGE(.BOTH.,#2194);
#2081=SURFACE_STYLE_USAGE(.BOTH.,#2195);
#2082=SURFACE_STYLE_USAGE(.BOTH.,#2196);
#2083=SURFACE_STYLE_USAGE(.BOTH.,#2197);
#2084=SURFACE_STYLE_USAGE(.BOTH.,#2198);
#2085=SURFACE_STYLE_USAGE(.BOTH.,#2199);
#2086=SURFACE_STYLE_USAGE(.BOTH.,#2200);
#2087=SURFACE_STYLE_USAGE(.BOTH.,#2201);
#2088=SURFACE_STYLE_USAGE(.BOTH.,#2202);
#2089=SURFACE_STYLE_USAGE(.BOTH.,#2203);
#2090=SURFACE_STYLE_USAGE(.BOTH.,#2204);
#2091=SURFACE_STYLE_USAGE(.BOTH.,#2205);
#2092=SURFACE_STYLE_USAGE(.BOTH.,#2206);
#2093=SURFACE_STYLE_USAGE(.BOTH.,#2207);
#2094=SURFACE_STYLE_USAGE(.BOTH.,#2208);
#2095=SURFACE_STYLE_USAGE(.BOTH.,#2209);
#2096=SURFACE_STYLE_USAGE(.BOTH.,#2210);
#2097=SURFACE_STYLE_USAGE(.BOTH.,#2211);
#2098=SURFACE_STYLE_USAGE(.BOTH.,#2212);
#2099=SURFACE_STYLE_USAGE(.BOTH.,#2213);
#2100=SURFACE_STYLE_USAGE(.BOTH.,#2214);
#2101=SURFACE_STYLE_USAGE(.BOTH.,#2215);
#2102=SURFACE_STYLE_USAGE(.BOTH.,#2216);
#2103=SURFACE_STYLE_USAGE(.BOTH.,#2217);
#2104=SURFACE_STYLE_USAGE(.BOTH.,#2218);
#2105=SURFACE_STYLE_USAGE(.BOTH.,#2219);
#2106=SURFACE_STYLE_USAGE(.BOTH.,#2220);
#2107=SURFACE_STYLE_USAGE(.BOTH.,#2221);
#2108=SURFACE_STYLE_USAGE(.BOTH.,#2222);
#2109=SURFACE_STYLE_USAGE(.BOTH.,#2223);
#2110=SURFACE_STYLE_USAGE(.BOTH.,#2224);
#2111=SURFACE_STYLE_USAGE(.BOTH.,#2225);
#2112=SURFACE_STYLE_USAGE(.BOTH.,#2226);
#2113=SURFACE_STYLE_USAGE(.BOTH.,#2227);
#2114=SURFACE_STYLE_USAGE(.BOTH.,#2228);
#2115=SURFACE_STYLE_USAGE(.BOTH.,#2229);
#2116=SURFACE_STYLE_USAGE(.BOTH.,#2230);
#2117=SURFACE_STYLE_USAGE(.BOTH.,#2231);
#2118=SURFACE_STYLE_USAGE(.BOTH.,#2232);
#2119=SURFACE_STYLE_USAGE(.BOTH.,#2233);
#2120=SURFACE_STYLE_USAGE(.BOTH.,#2234);
#2121=SURFACE_STYLE_USAGE(.BOTH.,#2235);
#2122=SURFACE_STYLE_USAGE(.BOTH.,#2236);
#2123=SURFACE_STYLE_USAGE(.BOTH.,#2237);
#2124=SURFACE_STYLE_USAGE(.BOTH.,#2238);
#2125=SURFACE_STYLE_USAGE(.BOTH.,#2239);
#2126=SURFACE_STYLE_USAGE(.BOTH.,#2240);
#2127=SURFACE_STYLE_USAGE(.BOTH.,#2241);
#2128=SURFACE_STYLE_USAGE(.BOTH.,#2242);
#2129=SURFACE_STYLE_USAGE(.BOTH.,#2243);
#2130=SURFACE_STYLE_USAGE(.BOTH.,#2244);
#2131=SURFACE_STYLE_USAGE(.BOTH.,#2245);
#2132=SURFACE_STYLE_USAGE(.BOTH.,#2246);
#2133=SURFACE_STYLE_USAGE(.BOTH.,#2247);
#2134=SURFACE_STYLE_USAGE(.BOTH.,#2248);
#2135=SURFACE_STYLE_USAGE(.BOTH.,#2249);
#2136=SURFACE_STYLE_USAGE(.BOTH.,#2250);
#2137=SURFACE_STYLE_USAGE(.BOTH.,#2251);
#2138=SURFACE_STYLE_USAGE(.BOTH.,#2252);
#2139=SURFACE_STYLE_USAGE(.BOTH.,#2253);
#2140=SURFACE_STYLE_USAGE(.BOTH.,#2254);
#2141=SURFACE_STYLE_USAGE(.BOTH.,#2255);
#2142=SURFACE_STYLE_USAGE(.BOTH.,#2256);
#2143=SURFACE_STYLE_USAGE(.BOTH.,#2257);
#2144=SURFACE_STYLE_USAGE(.BOTH.,#2258);
#2145=SURFACE_STYLE_USAGE(.BOTH.,#2259);
#2146=SURFACE_STYLE_USAGE(.BOTH.,#2260);
#2147=SURFACE_STYLE_USAGE(.BOTH.,#2261);
#2148=SURFACE_STYLE_USAGE(.BOTH.,#2262);
#2149=SURFACE_STYLE_USAGE(.BOTH.,#2263);
#2150=SURFACE_STYLE_USAGE(.BOTH.,#2264);
#2151=SURFACE_STYLE_USAGE(.BOTH.,#2265);
#2152=SURFACE_STYLE_USAGE(.BOTH.,#2266);
#2153=SURFACE_STYLE_USAGE(.BOTH.,#2267);
#2154=SURFACE_STYLE_USAGE(.BOTH.,#2268);
#2155=SURFACE_STYLE_USAGE(.BOTH.,#2269);
#2156=SURFACE_STYLE_USAGE(.BOTH.,#2270);
#2157=SURFACE_STYLE_USAGE(.BOTH.,#2271);
#2158=SURFACE_STYLE_USAGE(.BOTH.,#2272);
#2159=SURFACE_STYLE_USAGE(.BOTH.,#2273);
#2160=SURFACE_STYLE_USAGE(.BOTH.,#2274);
#2161=SURFACE_STYLE_USAGE(.BOTH.,#2275);
#2162=SURFACE_STYLE_USAGE(.BOTH.,#2276);
#2163=SURFACE_STYLE_USAGE(.BOTH.,#2277);
#2164=SURFACE_STYLE_USAGE(.BOTH.,#2278);
#2165=SURFACE_STYLE_USAGE(.BOTH.,#2279);
#2166=SURFACE_SIDE_STYLE('',(#2280));
#2167=SURFACE_SIDE_STYLE('',(#2281));
#2168=SURFACE_SIDE_STYLE('',(#2282));
#2169=SURFACE_SIDE_STYLE('',(#2283));
#2170=SURFACE_SIDE_STYLE('',(#2284));
#2171=SURFACE_SIDE_STYLE('',(#2285));
#2172=SURFACE_SIDE_STYLE('',(#2286));
#2173=SURFACE_SIDE_STYLE('',(#2287));
#2174=SURFACE_SIDE_STYLE('',(#2288));
#2175=SURFACE_SIDE_STYLE('',(#2289));
#2176=SURFACE_SIDE_STYLE('',(#2290));
#2177=SURFACE_SIDE_STYLE('',(#2291));
#2178=SURFACE_SIDE_STYLE('',(#2292));
#2179=SURFACE_SIDE_STYLE('',(#2293));
#2180=SURFACE_SIDE_STYLE('',(#2294));
#2181=SURFACE_SIDE_STYLE('',(#2295));
#2182=SURFACE_SIDE_STYLE('',(#2296));
#2183=SURFACE_SIDE_STYLE('',(#2297));
#2184=SURFACE_SIDE_STYLE('',(#2298));
#2185=SURFACE_SIDE_STYLE('',(#2299));
#2186=SURFACE_SIDE_STYLE('',(#2300));
#2187=SURFACE_SIDE_STYLE('',(#2301));
#2188=SURFACE_SIDE_STYLE('',(#2302));
#2189=SURFACE_SIDE_STYLE('',(#2303));
#2190=SURFACE_SIDE_STYLE('',(#2304));
#2191=SURFACE_SIDE_STYLE('',(#2305));
#2192=SURFACE_SIDE_STYLE('',(#2306));
#2193=SURFACE_SIDE_STYLE('',(#2307));
#2194=SURFACE_SIDE_STYLE('',(#2308));
#2195=SURFACE_SIDE_STYLE('',(#2309));
#2196=SURFACE_SIDE_STYLE('',(#2310));
#2197=SURFACE_SIDE_STYLE('',(#2311));
#2198=SURFACE_SIDE_STYLE('',(#2312));
#2199=SURFACE_SIDE_STYLE('',(#2313));
#2200=SURFACE_SIDE_STYLE('',(#2314));
#2201=SURFACE_SIDE_STYLE('',(#2315));
#2202=SURFACE_SIDE_STYLE('',(#2316));
#2203=SURFACE_SIDE_STYLE('',(#2317));
#2204=SURFACE_SIDE_STYLE('',(#2318));
#2205=SURFACE_SIDE_STYLE('',(#2319));
#2206=SURFACE_SIDE_STYLE('',(#2320));
#2207=SURFACE_SIDE_STYLE('',(#2321));
#2208=SURFACE_SIDE_STYLE('',(#2322));
#2209=SURFACE_SIDE_STYLE('',(#2323));
#2210=SURFACE_SIDE_STYLE('',(#2324));
#2211=SURFACE_SIDE_STYLE('',(#2325));
#2212=SURFACE_SIDE_STYLE('',(#2326));
#2213=SURFACE_SIDE_STYLE('',(#2327));
#2214=SURFACE_SIDE_STYLE('',(#2328));
#2215=SURFACE_SIDE_STYLE('',(#2329));
#2216=SURFACE_SIDE_STYLE('',(#2330));
#2217=SURFACE_SIDE_STYLE('',(#2331));
#2218=SURFACE_SIDE_STYLE('',(#2332));
#2219=SURFACE_SIDE_STYLE('',(#2333));
#2220=SURFACE_SIDE_STYLE('',(#2334));
#2221=SURFACE_SIDE_STYLE('',(#2335));
#2222=SURFACE_SIDE_STYLE('',(#2336));
#2223=SURFACE_SIDE_STYLE('',(#2337));
#2224=SURFACE_SIDE_STYLE('',(#2338));
#2225=SURFACE_SIDE_STYLE('',(#2339));
#2226=SURFACE_SIDE_STYLE('',(#2340));
#2227=SURFACE_SIDE_STYLE('',(#2341));
#2228=SURFACE_SIDE_STYLE('',(#2342));
#2229=SURFACE_SIDE_STYLE('',(#2343));
#2230=SURFACE_SIDE_STYLE('',(#2344));
#2231=SURFACE_SIDE_STYLE('',(#2345));
#2232=SURFACE_SIDE_STYLE('',(#2346));
#2233=SURFACE_SIDE_STYLE('',(#2347));
#2234=SURFACE_SIDE_STYLE('',(#2348));
#2235=SURFACE_SIDE_STYLE('',(#2349));
#2236=SURFACE_SIDE_STYLE('',(#2350));
#2237=SURFACE_SIDE_STYLE('',(#2351));
#2238=SURFACE_SIDE_STYLE('',(#2352));
#2239=SURFACE_SIDE_STYLE('',(#2353));
#2240=SURFACE_SIDE_STYLE('',(#2354));
#2241=SURFACE_SIDE_STYLE('',(#2355));
#2242=SURFACE_SIDE_STYLE('',(#2356));
#2243=SURFACE_SIDE_STYLE('',(#2357));
#2244=SURFACE_SIDE_STYLE('',(#2358));
#2245=SURFACE_SIDE_STYLE('',(#2359));
#2246=SURFACE_SIDE_STYLE('',(#2360));
#2247=SURFACE_SIDE_STYLE('',(#2361));
#2248=SURFACE_SIDE_STYLE('',(#2362));
#2249=SURFACE_SIDE_STYLE('',(#2363));
#2250=SURFACE_SIDE_STYLE('',(#2364));
#2251=SURFACE_SIDE_STYLE('',(#2365));
#2252=SURFACE_SIDE_STYLE('',(#2366));
#2253=SURFACE_SIDE_STYLE('',(#2367));
#2254=SURFACE_SIDE_STYLE('',(#2368));
#2255=SURFACE_SIDE_STYLE('',(#2369));
#2256=SURFACE_SIDE_STYLE('',(#2370));
#2257=SURFACE_SIDE_STYLE('',(#2371));
#2258=SURFACE_SIDE_STYLE('',(#2372));
#2259=SURFACE_SIDE_STYLE('',(#2373));
#2260=SURFACE_SIDE_STYLE('',(#2374));
#2261=SURFACE_SIDE_STYLE('',(#2375));
#2262=SURFACE_SIDE_STYLE('',(#2376));
#2263=SURFACE_SIDE_STYLE('',(#2377));
#2264=SURFACE_SIDE_STYLE('',(#2378));
#2265=SURFACE_SIDE_STYLE('',(#2379));
#2266=SURFACE_SIDE_STYLE('',(#2380));
#2267=SURFACE_SIDE_STYLE('',(#2381));
#2268=SURFACE_SIDE_STYLE('',(#2382));
#2269=SURFACE_SIDE_STYLE('',(#2383));
#2270=SURFACE_SIDE_STYLE('',(#2384));
#2271=SURFACE_SIDE_STYLE('',(#2385));
#2272=SURFACE_SIDE_STYLE('',(#2386));
#2273=SURFACE_SIDE_STYLE('',(#2387));
#2274=SURFACE_SIDE_STYLE('',(#2388));
#2275=SURFACE_SIDE_STYLE('',(#2389));
#2276=SURFACE_SIDE_STYLE('',(#2390));
#2277=SURFACE_SIDE_STYLE('',(#2391));
#2278=SURFACE_SIDE_STYLE('',(#2392));
#2279=SURFACE_SIDE_STYLE('',(#2393));
#2280=SURFACE_STYLE_FILL_AREA(#2394);
#2281=SURFACE_STYLE_FILL_AREA(#2395);
#2282=SURFACE_STYLE_FILL_AREA(#2396);
#2283=SURFACE_STYLE_FILL_AREA(#2397);
#2284=SURFACE_STYLE_FILL_AREA(#2398);
#2285=SURFACE_STYLE_FILL_AREA(#2399);
#2286=SURFACE_STYLE_FILL_AREA(#2400);
#2287=SURFACE_STYLE_FILL_AREA(#2401);
#2288=SURFACE_STYLE_FILL_AREA(#2402);
#2289=SURFACE_STYLE_FILL_AREA(#2403);
#2290=SURFACE_STYLE_FILL_AREA(#2404);
#2291=SURFACE_STYLE_FILL_AREA(#2405);
#2292=SURFACE_STYLE_FILL_AREA(#2406);
#2293=SURFACE_STYLE_FILL_AREA(#2407);
#2294=SURFACE_STYLE_FILL_AREA(#2408);
#2295=SURFACE_STYLE_FILL_AREA(#2409);
#2296=SURFACE_STYLE_FILL_AREA(#2410);
#2297=SURFACE_STYLE_FILL_AREA(#2411);
#2298=SURFACE_STYLE_FILL_AREA(#2412);
#2299=SURFACE_STYLE_FILL_AREA(#2413);
#2300=SURFACE_STYLE_FILL_AREA(#2414);
#2301=SURFACE_STYLE_FILL_AREA(#2415);
#2302=SURFACE_STYLE_FILL_AREA(#2416);
#2303=SURFACE_STYLE_FILL_AREA(#2417);
#2304=SURFACE_STYLE_FILL_AREA(#2418);
#2305=SURFACE_STYLE_FILL_AREA(#2419);
#2306=SURFACE_STYLE_FILL_AREA(#2420);
#2307=SURFACE_STYLE_FILL_AREA(#2421);
#2308=SURFACE_STYLE_FILL_AREA(#2422);
#2309=SURFACE_STYLE_FILL_AREA(#2423);
#2310=SURFACE_STYLE_FILL_AREA(#2424);
#2311=SURFACE_STYLE_FILL_AREA(#2425);
#2312=SURFACE_STYLE_FILL_AREA(#2426);
#2313=SURFACE_STYLE_FILL_AREA(#2427);
#2314=SURFACE_STYLE_FILL_AREA(#2428);
#2315=SURFACE_STYLE_FILL_AREA(#2429);
#2316=SURFACE_STYLE_FILL_AREA(#2430);
#2317=SURFACE_STYLE_FILL_AREA(#2431);
#2318=SURFACE_STYLE_FILL_AREA(#2432);
#2319=SURFACE_STYLE_FILL_AREA(#2433);
#2320=SURFACE_STYLE_FILL_AREA(#2434);
#2321=SURFACE_STYLE_FILL_AREA(#2435);
#2322=SURFACE_STYLE_FILL_AREA(#2436);
#2323=SURFACE_STYLE_FILL_AREA(#2437);
#2324=SURFACE_STYLE_FILL_AREA(#2438);
#2325=SURFACE_STYLE_FILL_AREA(#2439);
#2326=SURFACE_STYLE_FILL_AREA(#2440);
#2327=SURFACE_STYLE_FILL_AREA(#2441);
#2328=SURFACE_STYLE_FILL_AREA(#2442);
#2329=SURFACE_STYLE_FILL_AREA(#2443);
#2330=SURFACE_STYLE_FILL_AREA(#2444);
#2331=SURFACE_STYLE_FILL_AREA(#2445);
#2332=SURFACE_STYLE_FILL_AREA(#2446);
#2333=SURFACE_STYLE_FILL_AREA(#2447);
#2334=SURFACE_STYLE_FILL_AREA(#2448);
#2335=SURFACE_STYLE_FILL_AREA(#2449);
#2336=SURFACE_STYLE_FILL_AREA(#2450);
#2337=SURFACE_STYLE_FILL_AREA(#2451);
#2338=SURFACE_STYLE_FILL_AREA(#2452);
#2339=SURFACE_STYLE_FILL_AREA(#2453);
#2340=SURFACE_STYLE_FILL_AREA(#2454);
#2341=SURFACE_STYLE_FILL_AREA(#2455);
#2342=SURFACE_STYLE_FILL_AREA(#2456);
#2343=SURFACE_STYLE_FILL_AREA(#2457);
#2344=SURFACE_STYLE_FILL_AREA(#2458);
#2345=SURFACE_STYLE_FILL_AREA(#2459);
#2346=SURFACE_STYLE_FILL_AREA(#2460);
#2347=SURFACE_STYLE_FILL_AREA(#2461);
#2348=SURFACE_STYLE_FILL_AREA(#2462);
#2349=SURFACE_STYLE_FILL_AREA(#2463);
#2350=SURFACE_STYLE_FILL_AREA(#2464);
#2351=SURFACE_STYLE_FILL_AREA(#2465);
#2352=SURFACE_STYLE_FILL_AREA(#2466);
#2353=SURFACE_STYLE_FILL_AREA(#2467);
#2354=SURFACE_STYLE_FILL_AREA(#2468);
#2355=SURFACE_STYLE_FILL_AREA(#2469);
#2356=SURFACE_STYLE_FILL_AREA(#2470);
#2357=SURFACE_STYLE_FILL_AREA(#2471);
#2358=SURFACE_STYLE_FILL_AREA(#2472);
#2359=SURFACE_STYLE_FILL_AREA(#2473);
#2360=SURFACE_STYLE_FILL_AREA(#2474);
#2361=SURFACE_STYLE_FILL_AREA(#2475);
#2362=SURFACE_STYLE_FILL_AREA(#2476);
#2363=SURFACE_STYLE_FILL_AREA(#2477);
#2364=SURFACE_STYLE_FILL_AREA(#2478);
#2365=SURFACE_STYLE_FILL_AREA(#2479);
#2366=SURFACE_STYLE_FILL_AREA(#2480);
#2367=SURFACE_STYLE_FILL_AREA(#2481);
#2368=SURFACE_STYLE_FILL_AREA(#2482);
#2369=SURFACE_STYLE_FILL_AREA(#2483);
#2370=SURFACE_STYLE_FILL_AREA(#2484);
#2371=SURFACE_STYLE_FILL_AREA(#2485);
#2372=SURFACE_STYLE_FILL_AREA(#2486);
#2373=SURFACE_STYLE_FILL_AREA(#2487);
#2374=SURFACE_STYLE_FILL_AREA(#2488);
#2375=SURFACE_STYLE_FILL_AREA(#2489);
#2376=SURFACE_STYLE_FILL_AREA(#2490);
#2377=SURFACE_STYLE_FILL_AREA(#2491);
#2378=SURFACE_STYLE_FILL_AREA(#2492);
#2379=SURFACE_STYLE_FILL_AREA(#2493);
#2380=SURFACE_STYLE_FILL_AREA(#2494);
#2381=SURFACE_STYLE_FILL_AREA(#2495);
#2382=SURFACE_STYLE_FILL_AREA(#2496);
#2383=SURFACE_STYLE_FILL_AREA(#2497);
#2384=SURFACE_STYLE_FILL_AREA(#2498);
#2385=SURFACE_STYLE_FILL_AREA(#2499);
#2386=SURFACE_STYLE_FILL_AREA(#2500);
#2387=SURFACE_STYLE_FILL_AREA(#2501);
#2388=SURFACE_STYLE_FILL_AREA(#2502);
#2389=SURFACE_STYLE_FILL_AREA(#2503);
#2390=SURFACE_STYLE_FILL_AREA(#2504);
#2391=SURFACE_STYLE_FILL_AREA(#2505);
#2392=SURFACE_STYLE_FILL_AREA(#2506);
#2393=SURFACE_STYLE_FILL_AREA(#2507);
#2394=FILL_AREA_STYLE('',(#2508));
#2395=FILL_AREA_STYLE('',(#2509));
#2396=FILL_AREA_STYLE('',(#2510));
#2397=FILL_AREA_STYLE('',(#2511));
#2398=FILL_AREA_STYLE('',(#2512));
#2399=FILL_AREA_STYLE('',(#2513));
#2400=FILL_AREA_STYLE('',(#2514));
#2401=FILL_AREA_STYLE('',(#2515));
#2402=FILL_AREA_STYLE('',(#2516));
#2403=FILL_AREA_STYLE('',(#2517));
#2404=FILL_AREA_STYLE('',(#2518));
#2405=FILL_AREA_STYLE('',(#2519));
#2406=FILL_AREA_STYLE('',(#2520));
#2407=FILL_AREA_STYLE('',(#2521));
#2408=FILL_AREA_STYLE('',(#2522));
#2409=FILL_AREA_STYLE('',(#2523));
#2410=FILL_AREA_STYLE('',(#2524));
#2411=FILL_AREA_STYLE('',(#2525));
#2412=FILL_AREA_STYLE('',(#2526));
#2413=FILL_AREA_STYLE('',(#2527));
#2414=FILL_AREA_STYLE('',(#2528));
#2415=FILL_AREA_STYLE('',(#2529));
#2416=FILL_AREA_STYLE('',(#2530));
#2417=FILL_AREA_STYLE('',(#2531));
#2418=FILL_AREA_STYLE('',(#2532));
#2419=FILL_AREA_STYLE('',(#2533));
#2420=FILL_AREA_STYLE('',(#2534));
#2421=FILL_AREA_STYLE('',(#2535));
#2422=FILL_AREA_STYLE('',(#2536));
#2423=FILL_AREA_STYLE('',(#2537));
#2424=FILL_AREA_STYLE('',(#2538));
#2425=FILL_AREA_STYLE('',(#2539));
#2426=FILL_AREA_STYLE('',(#2540));
#2427=FILL_AREA_STYLE('',(#2541));
#2428=FILL_AREA_STYLE('',(#2542));
#2429=FILL_AREA_STYLE('',(#2543));
#2430=FILL_AREA_STYLE('',(#2544));
#2431=FILL_AREA_STYLE('',(#2545));
#2432=FILL_AREA_STYLE('',(#2546));
#2433=FILL_AREA_STYLE('',(#2547));
#2434=FILL_AREA_STYLE('',(#2548));
#2435=FILL_AREA_STYLE('',(#2549));
#2436=FILL_AREA_STYLE('',(#2550));
#2437=FILL_AREA_STYLE('',(#2551));
#2438=FILL_AREA_STYLE('',(#2552));
#2439=FILL_AREA_STYLE('',(#2553));
#2440=FILL_AREA_STYLE('',(#2554));
#2441=FILL_AREA_STYLE('',(#2555));
#2442=FILL_AREA_STYLE('',(#2556));
#2443=FILL_AREA_STYLE('',(#2557));
#2444=FILL_AREA_STYLE('',(#2558));
#2445=FILL_AREA_STYLE('',(#2559));
#2446=FILL_AREA_STYLE('',(#2560));
#2447=FILL_AREA_STYLE('',(#2561));
#2448=FILL_AREA_STYLE('',(#2562));
#2449=FILL_AREA_STYLE('',(#2563));
#2450=FILL_AREA_STYLE('',(#2564));
#2451=FILL_AREA_STYLE('',(#2565));
#2452=FILL_AREA_STYLE('',(#2566));
#2453=FILL_AREA_STYLE('',(#2567));
#2454=FILL_AREA_STYLE('',(#2568));
#2455=FILL_AREA_STYLE('',(#2569));
#2456=FILL_AREA_STYLE('',(#2570));
#2457=FILL_AREA_STYLE('',(#2571));
#2458=FILL_AREA_STYLE('',(#2572));
#2459=FILL_AREA_STYLE('',(#2573));
#2460=FILL_AREA_STYLE('',(#2574));
#2461=FILL_AREA_STYLE('',(#2575));
#2462=FILL_AREA_STYLE('',(#2576));
#2463=FILL_AREA_STYLE('',(#2577));
#2464=FILL_AREA_STYLE('',(#2578));
#2465=FILL_AREA_STYLE('',(#2579));
#2466=FILL_AREA_STYLE('',(#2580));
#2467=FILL_AREA_STYLE('',(#2581));
#2468=FILL_AREA_STYLE('',(#2582));
#2469=FILL_AREA_STYLE('',(#2583));
#2470=FILL_AREA_STYLE('',(#2584));
#2471=FILL_AREA_STYLE('',(#2585));
#2472=FILL_AREA_STYLE('',(#2586));
#2473=FILL_AREA_STYLE('',(#2587));
#2474=FILL_AREA_STYLE('',(#2588));
#2475=FILL_AREA_STYLE('',(#2589));
#2476=FILL_AREA_STYLE('',(#2590));
#2477=FILL_AREA_STYLE('',(#2591));
#2478=FILL_AREA_STYLE('',(#2592));
#2479=FILL_AREA_STYLE('',(#2593));
#2480=FILL_AREA_STYLE('',(#2594));
#2481=FILL_AREA_STYLE('',(#2595));
#2482=FILL_AREA_STYLE('',(#2596));
#2483=FILL_AREA_STYLE('',(#2597));
#2484=FILL_AREA_STYLE('',(#2598));
#2485=FILL_AREA_STYLE('',(#2599));
#2486=FILL_AREA_STYLE('',(#2600));
#2487=FILL_AREA_STYLE('',(#2601));
#2488=FILL_AREA_STYLE('',(#2602));
#2489=FILL_AREA_STYLE('',(#2603));
#2490=FILL_AREA_STYLE('',(#2604));
#2491=FILL_AREA_STYLE('',(#2605));
#2492=FILL_AREA_STYLE('',(#2606));
#2493=FILL_AREA_STYLE('',(#2607));
#2494=FILL_AREA_STYLE('',(#2608));
#2495=FILL_AREA_STYLE('',(#2609));
#2496=FILL_AREA_STYLE('',(#2610));
#2497=FILL_AREA_STYLE('',(#2611));
#2498=FILL_AREA_STYLE('',(#2612));
#2499=FILL_AREA_STYLE('',(#2613));
#2500=FILL_AREA_STYLE('',(#2614));
#2501=FILL_AREA_STYLE('',(#2615));
#2502=FILL_AREA_STYLE('',(#2616));
#2503=FILL_AREA_STYLE('',(#2617));
#2504=FILL_AREA_STYLE('',(#2618));
#2505=FILL_AREA_STYLE('',(#2619));
#2506=FILL_AREA_STYLE('',(#2620));
#2507=FILL_AREA_STYLE('',(#2621));
#2508=FILL_AREA_STYLE_COLOUR('',#2622);
#2509=FILL_AREA_STYLE_COLOUR('',#2622);
#2510=FILL_AREA_STYLE_COLOUR('',#2622);
#2511=FILL_AREA_STYLE_COLOUR('',#2622);
#2512=FILL_AREA_STYLE_COLOUR('',#2622);
#2513=FILL_AREA_STYLE_COLOUR('',#2622);
#2514=FILL_AREA_STYLE_COLOUR('',#2622);
#2515=FILL_AREA_STYLE_COLOUR('',#2622);
#2516=FILL_AREA_STYLE_COLOUR('',#2622);
#2517=FILL_AREA_STYLE_COLOUR('',#2622);
#2518=FILL_AREA_STYLE_COLOUR('',#2622);
#2519=FILL_AREA_STYLE_COLOUR('',#2622);
#2520=FILL_AREA_STYLE_COLOUR('',#2622);
#2521=FILL_AREA_STYLE_COLOUR('',#2622);
#2522=FILL_AREA_STYLE_COLOUR('',#2622);
#2523=FILL_AREA_STYLE_COLOUR('',#2622);
#2524=FILL_AREA_STYLE_COLOUR('',#2622);
#2525=FILL_AREA_STYLE_COLOUR('',#2622);
#2526=FILL_AREA_STYLE_COLOUR('',#2622);
#2527=FILL_AREA_STYLE_COLOUR('',#2622);
#2528=FILL_AREA_STYLE_COLOUR('',#2623);
#2529=FILL_AREA_STYLE_COLOUR('',#2622);
#2530=FILL_AREA_STYLE_COLOUR('',#2622);
#2531=FILL_AREA_STYLE_COLOUR('',#2622);
#2532=FILL_AREA_STYLE_COLOUR('',#2622);
#2533=FILL_AREA_STYLE_COLOUR('',#2622);
#2534=FILL_AREA_STYLE_COLOUR('',#2622);
#2535=FILL_AREA_STYLE_COLOUR('',#2622);
#2536=FILL_AREA_STYLE_COLOUR('',#2622);
#2537=FILL_AREA_STYLE_COLOUR('',#2622);
#2538=FILL_AREA_STYLE_COLOUR('',#2622);
#2539=FILL_AREA_STYLE_COLOUR('',#2622);
#2540=FILL_AREA_STYLE_COLOUR('',#2622);
#2541=FILL_AREA_STYLE_COLOUR('',#2622);
#2542=FILL_AREA_STYLE_COLOUR('',#2622);
#2543=FILL_AREA_STYLE_COLOUR('',#2622);
#2544=FILL_AREA_STYLE_COLOUR('',#2622);
#2545=FILL_AREA_STYLE_COLOUR('',#2622);
#2546=FILL_AREA_STYLE_COLOUR('',#2622);
#2547=FILL_AREA_STYLE_COLOUR('',#2622);
#2548=FILL_AREA_STYLE_COLOUR('',#2622);
#2549=FILL_AREA_STYLE_COLOUR('',#2623);
#2550=FILL_AREA_STYLE_COLOUR('',#2622);
#2551=FILL_AREA_STYLE_COLOUR('',#2622);
#2552=FILL_AREA_STYLE_COLOUR('',#2622);
#2553=FILL_AREA_STYLE_COLOUR('',#2622);
#2554=FILL_AREA_STYLE_COLOUR('',#2622);
#2555=FILL_AREA_STYLE_COLOUR('',#2622);
#2556=FILL_AREA_STYLE_COLOUR('',#2622);
#2557=FILL_AREA_STYLE_COLOUR('',#2622);
#2558=FILL_AREA_STYLE_COLOUR('',#2622);
#2559=FILL_AREA_STYLE_COLOUR('',#2622);
#2560=FILL_AREA_STYLE_COLOUR('',#2622);
#2561=FILL_AREA_STYLE_COLOUR('',#2622);
#2562=FILL_AREA_STYLE_COLOUR('',#2622);
#2563=FILL_AREA_STYLE_COLOUR('',#2622);
#2564=FILL_AREA_STYLE_COLOUR('',#2622);
#2565=FILL_AREA_STYLE_COLOUR('',#2622);
#2566=FILL_AREA_STYLE_COLOUR('',#2622);
#2567=FILL_AREA_STYLE_COLOUR('',#2622);
#2568=FILL_AREA_STYLE_COLOUR('',#2622);
#2569=FILL_AREA_STYLE_COLOUR('',#2622);
#2570=FILL_AREA_STYLE_COLOUR('',#2622);
#2571=FILL_AREA_STYLE_COLOUR('',#2622);
#2572=FILL_AREA_STYLE_COLOUR('',#2622);
#2573=FILL_AREA_STYLE_COLOUR('',#2622);
#2574=FILL_AREA_STYLE_COLOUR('',#2622);
#2575=FILL_AREA_STYLE_COLOUR('',#2622);
#2576=FILL_AREA_STYLE_COLOUR('',#2622);
#2577=FILL_AREA_STYLE_COLOUR('',#2622);
#2578=FILL_AREA_STYLE_COLOUR('',#2622);
#2579=FILL_AREA_STYLE_COLOUR('',#2622);
#2580=FILL_AREA_STYLE_COLOUR('',#2622);
#2581=FILL_AREA_STYLE_COLOUR('',#2622);
#2582=FILL_AREA_STYLE_COLOUR('',#2622);
#2583=FILL_AREA_STYLE_COLOUR('',#2622);
#2584=FILL_AREA_STYLE_COLOUR('',#2622);
#2585=FILL_AREA_STYLE_COLOUR('',#2623);
#2586=FILL_AREA_STYLE_COLOUR('',#2623);
#2587=FILL_AREA_STYLE_COLOUR('',#2623);
#2588=FILL_AREA_STYLE_COLOUR('',#2622);
#2589=FILL_AREA_STYLE_COLOUR('',#2622);
#2590=FILL_AREA_STYLE_COLOUR('',#2622);
#2591=FILL_AREA_STYLE_COLOUR('',#2622);
#2592=FILL_AREA_STYLE_COLOUR('',#2622);
#2593=FILL_AREA_STYLE_COLOUR('',#2622);
#2594=FILL_AREA_STYLE_COLOUR('',#2622);
#2595=FILL_AREA_STYLE_COLOUR('',#2622);
#2596=FILL_AREA_STYLE_COLOUR('',#2622);
#2597=FILL_AREA_STYLE_COLOUR('',#2623);
#2598=FILL_AREA_STYLE_COLOUR('',#2622);
#2599=FILL_AREA_STYLE_COLOUR('',#2622);
#2600=FILL_AREA_STYLE_COLOUR('',#2623);
#2601=FILL_AREA_STYLE_COLOUR('',#28);
#2602=FILL_AREA_STYLE_COLOUR('',#2623);
#2603=FILL_AREA_STYLE_COLOUR('',#2623);
#2604=FILL_AREA_STYLE_COLOUR('',#2623);
#2605=FILL_AREA_STYLE_COLOUR('',#2623);
#2606=FILL_AREA_STYLE_COLOUR('',#2623);
#2607=FILL_AREA_STYLE_COLOUR('',#2623);
#2608=FILL_AREA_STYLE_COLOUR('',#2623);
#2609=FILL_AREA_STYLE_COLOUR('',#2623);
#2610=FILL_AREA_STYLE_COLOUR('',#2623);
#2611=FILL_AREA_STYLE_COLOUR('',#2623);
#2612=FILL_AREA_STYLE_COLOUR('',#2623);
#2613=FILL_AREA_STYLE_COLOUR('',#2623);
#2614=FILL_AREA_STYLE_COLOUR('',#2623);
#2615=FILL_AREA_STYLE_COLOUR('',#2623);
#2616=FILL_AREA_STYLE_COLOUR('',#2623);
#2617=FILL_AREA_STYLE_COLOUR('',#2623);
#2618=FILL_AREA_STYLE_COLOUR('',#2623);
#2619=FILL_AREA_STYLE_COLOUR('',#2623);
#2620=FILL_AREA_STYLE_COLOUR('',#2623);
#2621=FILL_AREA_STYLE_COLOUR('',#2623);
#2622=COLOUR_RGB('',0.699999988079071,0.699999988079071,0.699999988079071);
#2623=COLOUR_RGB('',0.200000002980232,0.200000002980232,0.200000002980232);
#2624=ADVANCED_FACE('',(#1598),#1731,.T.);
#2625=ADVANCED_FACE('',(#1599),#1732,.F.);
#2626=ADVANCED_FACE('',(#1600),#1733,.F.);
#2627=ADVANCED_FACE('',(#1601),#1734,.F.);
#2628=ADVANCED_FACE('',(#1602),#1735,.F.);
#2629=ADVANCED_FACE('',(#1603),#1736,.T.);
#2630=ADVANCED_FACE('',(#1604),#1737,.F.);
#2631=ADVANCED_FACE('',(#1605),#1738,.F.);
#2632=ADVANCED_FACE('',(#1606),#1739,.F.);
#2633=ADVANCED_FACE('',(#1607),#1740,.F.);
#2634=ADVANCED_FACE('',(#1608),#1741,.T.);
#2635=ADVANCED_FACE('',(#1609),#1742,.F.);
#2636=ADVANCED_FACE('',(#1610),#1743,.F.);
#2637=ADVANCED_FACE('',(#1611),#1744,.F.);
#2638=ADVANCED_FACE('',(#1612),#1745,.F.);
#2639=ADVANCED_FACE('',(#1613),#1746,.F.);
#2640=ADVANCED_FACE('',(#1614),#1747,.F.);
#2641=ADVANCED_FACE('',(#1615),#1748,.F.);
#2642=ADVANCED_FACE('',(#1616),#1749,.F.);
#2643=ADVANCED_FACE('',(#1617),#1750,.T.);
#2644=ADVANCED_FACE('',(#1618,#1619,#1620,#1621,#1622),#1751,.F.);
#2645=ADVANCED_FACE('',(#1623),#1752,.F.);
#2646=ADVANCED_FACE('',(#1624),#1753,.F.);
#2647=ADVANCED_FACE('',(#1625),#1754,.F.);
#2648=ADVANCED_FACE('',(#1626),#1755,.F.);
#2649=ADVANCED_FACE('',(#1627),#1756,.T.);
#2650=ADVANCED_FACE('',(#1628),#1757,.F.);
#2651=ADVANCED_FACE('',(#1629),#1758,.F.);
#2652=ADVANCED_FACE('',(#1630),#1759,.F.);
#2653=ADVANCED_FACE('',(#1631),#1760,.F.);
#2654=ADVANCED_FACE('',(#1632),#1761,.T.);
#2655=ADVANCED_FACE('',(#1633),#1762,.F.);
#2656=ADVANCED_FACE('',(#1634),#1763,.F.);
#2657=ADVANCED_FACE('',(#1635),#1764,.F.);
#2658=ADVANCED_FACE('',(#1636),#1765,.F.);
#2659=ADVANCED_FACE('',(#1637),#1766,.T.);
#2660=ADVANCED_FACE('',(#1638),#1767,.F.);
#2661=ADVANCED_FACE('',(#1639),#1768,.F.);
#2662=ADVANCED_FACE('',(#1640),#1769,.F.);
#2663=ADVANCED_FACE('',(#1641),#1770,.F.);
#2664=ADVANCED_FACE('',(#1642),#1771,.T.);
#2665=ADVANCED_FACE('',(#1643,#1644,#1645,#1646,#1647),#1772,.F.);
#2666=ADVANCED_FACE('',(#1648),#1773,.T.);
#2667=ADVANCED_FACE('',(#1649),#1774,.T.);
#2668=ADVANCED_FACE('',(#1650),#1775,.T.);
#2669=ADVANCED_FACE('',(#1651),#1776,.T.);
#2670=ADVANCED_FACE('',(#1652),#1777,.T.);
#2671=ADVANCED_FACE('',(#1653),#1778,.T.);
#2672=ADVANCED_FACE('',(#1654),#1779,.T.);
#2673=ADVANCED_FACE('',(#1655),#1780,.T.);
#2674=ADVANCED_FACE('',(#1656),#1781,.T.);
#2675=ADVANCED_FACE('',(#1657),#1782,.T.);
#2676=ADVANCED_FACE('',(#1658),#1783,.T.);
#2677=ADVANCED_FACE('',(#1659),#1784,.T.);
#2678=ADVANCED_FACE('',(#1660),#1785,.T.);
#2679=ADVANCED_FACE('',(#1661),#1786,.T.);
#2680=ADVANCED_FACE('',(#1662),#1787,.T.);
#2681=ADVANCED_FACE('',(#1663),#1788,.T.);
#2682=ADVANCED_FACE('',(#1664),#1789,.T.);
#2683=ADVANCED_FACE('',(#1665),#1790,.T.);
#2684=ADVANCED_FACE('',(#1666),#1791,.T.);
#2685=ADVANCED_FACE('',(#1667),#1792,.T.);
#2686=ADVANCED_FACE('',(#1668),#1793,.T.);
#2687=ADVANCED_FACE('',(#1669),#1794,.T.);
#2688=ADVANCED_FACE('',(#1670),#1795,.T.);
#2689=ADVANCED_FACE('',(#1671),#1796,.T.);
#2690=ADVANCED_FACE('',(#1672),#1797,.T.);
#2691=ADVANCED_FACE('',(#1673),#1798,.T.);
#2692=ADVANCED_FACE('',(#1674),#1799,.T.);
#2693=ADVANCED_FACE('',(#1675),#1800,.T.);
#2694=ADVANCED_FACE('',(#1676),#1801,.T.);
#2695=ADVANCED_FACE('',(#1677),#1802,.T.);
#2696=ADVANCED_FACE('',(#1678),#1803,.T.);
#2697=ADVANCED_FACE('',(#1679),#1804,.T.);
#2698=ADVANCED_FACE('',(#1680),#1805,.T.);
#2699=ADVANCED_FACE('',(#1681),#1806,.T.);
#2700=ADVANCED_FACE('',(#1682),#1807,.T.);
#2701=ADVANCED_FACE('',(#1683),#1808,.F.);
#2702=ADVANCED_FACE('',(#1684),#1809,.F.);
#2703=ADVANCED_FACE('',(#1685,#1686),#1810,.F.);
#2704=ADVANCED_FACE('',(#1687),#1811,.F.);
#2705=ADVANCED_FACE('',(#1688),#1812,.F.);
#2706=ADVANCED_FACE('',(#1689),#1813,.F.);
#2707=ADVANCED_FACE('',(#1690),#1814,.F.);
#2708=ADVANCED_FACE('',(#1691),#1815,.T.);
#2709=ADVANCED_FACE('',(#1692),#1816,.T.);
#2710=ADVANCED_FACE('',(#1693),#1817,.T.);
#2711=ADVANCED_FACE('',(#1694),#1818,.T.);
#2712=ADVANCED_FACE('',(#1695),#1819,.F.);
#2713=ADVANCED_FACE('',(#1696,#1697,#1698,#1699,#1700,#1701,#1702,#1703,
#1704,#1705),#1820,.T.);
#2714=ADVANCED_FACE('',(#1706),#1821,.T.);
#2715=ADVANCED_FACE('',(#1707),#1822,.T.);
#2716=ADVANCED_FACE('',(#1708,#1709),#29,.F.);
#2717=ADVANCED_FACE('',(#1710),#1823,.F.);
#2718=ADVANCED_FACE('',(#1711),#30,.T.);
#2719=ADVANCED_FACE('',(#1712),#20,.T.);
#2720=ADVANCED_FACE('',(#1713),#21,.T.);
#2721=ADVANCED_FACE('',(#1714),#31,.T.);
#2722=ADVANCED_FACE('',(#1715),#32,.T.);
#2723=ADVANCED_FACE('',(#1716),#33,.T.);
#2724=ADVANCED_FACE('',(#1717),#34,.T.);
#2725=ADVANCED_FACE('',(#1718),#35,.T.);
#2726=ADVANCED_FACE('',(#1719),#36,.T.);
#2727=ADVANCED_FACE('',(#1720),#22,.T.);
#2728=ADVANCED_FACE('',(#1721),#23,.T.);
#2729=ADVANCED_FACE('',(#1722),#24,.T.);
#2730=ADVANCED_FACE('',(#1723),#25,.T.);
#2731=ADVANCED_FACE('',(#1724),#37,.T.);
#2732=ADVANCED_FACE('',(#1725),#38,.T.);
#2733=ADVANCED_FACE('',(#1726),#39,.T.);
#2734=ADVANCED_FACE('',(#1727),#40,.T.);
#2735=ADVANCED_FACE('',(#1728),#26,.T.);
#2736=ADVANCED_FACE('',(#1729),#27,.T.);
#2737=ADVANCED_FACE('',(#1730),#41,.T.);
#2738=CLOSED_SHELL('',(#2624,#2625,#2626,#2627,#2628,#2629,#2630,#2631,
#2632,#2633,#2634,#2635,#2636,#2637,#2638,#2639,#2640,#2641,#2642,#2643,
#2644,#2645,#2646,#2647,#2648,#2649,#2650,#2651,#2652,#2653,#2654,#2655,
#2656,#2657,#2658,#2659,#2660,#2661,#2662,#2663,#2664,#2665,#2666,#2667,
#2668,#2669,#2670,#2671,#2672,#2673,#2674,#2675,#2676,#2677,#2678,#2679,
#2680,#2681,#2682,#2683,#2684,#2685,#2686,#2687,#2688,#2689,#2690,#2691,
#2692,#2693,#2694,#2695,#2696,#2697,#2698,#2699,#2700,#2701,#2702,#2703,
#2704,#2705,#2706,#2707,#2708,#2709,#2710,#2711,#2712,#2713,#2714,#2715,
#2716,#2717,#2718,#2719,#2720,#2721,#2722,#2723,#2724,#2725,#2726,#2727,
#2728,#2729,#2730,#2731,#2732,#2733,#2734,#2735,#2736,#2737));
#2739=MANIFOLD_SOLID_BREP('',#2738);
#2740=SHAPE_DEFINITION_REPRESENTATION(#3938,#2741);
#2741=SHAPE_REPRESENTATION('GD25Q16EEIGR',(#2742),#3933);
#2742=AXIS2_PLACEMENT_3D('',#3396,#2883,#2884);
#2743=AXIS2_PLACEMENT_3D('',#3397,#2885,#2886);
#2744=AXIS2_PLACEMENT_3D('',#3406,#2891,#2892);
#2745=AXIS2_PLACEMENT_3D('',#3412,#2896,#2897);
#2746=AXIS2_PLACEMENT_3D('',#3416,#2900,#2901);
#2747=AXIS2_PLACEMENT_3D('',#3420,#2904,#2905);
#2748=AXIS2_PLACEMENT_3D('',#3422,#2907,#2908);
#2749=AXIS2_PLACEMENT_3D('',#3431,#2913,#2914);
#2750=AXIS2_PLACEMENT_3D('',#3437,#2918,#2919);
#2751=AXIS2_PLACEMENT_3D('',#3441,#2922,#2923);
#2752=AXIS2_PLACEMENT_3D('',#3445,#2926,#2927);
#2753=AXIS2_PLACEMENT_3D('',#3447,#2929,#2930);
#2754=AXIS2_PLACEMENT_3D('',#3456,#2935,#2936);
#2755=AXIS2_PLACEMENT_3D('',#3462,#2940,#2941);
#2756=AXIS2_PLACEMENT_3D('',#3466,#2944,#2945);
#2757=AXIS2_PLACEMENT_3D('',#3470,#2948,#2949);
#2758=AXIS2_PLACEMENT_3D('',#3472,#2951,#2952);
#2759=AXIS2_PLACEMENT_3D('',#3481,#2957,#2958);
#2760=AXIS2_PLACEMENT_3D('',#3487,#2962,#2963);
#2761=AXIS2_PLACEMENT_3D('',#3493,#2967,#2968);
#2762=AXIS2_PLACEMENT_3D('',#3496,#2971,#2972);
#2763=AXIS2_PLACEMENT_3D('',#3497,#2973,#2974);
#2764=AXIS2_PLACEMENT_3D('',#3506,#2979,#2980);
#2765=AXIS2_PLACEMENT_3D('',#3515,#2985,#2986);
#2766=AXIS2_PLACEMENT_3D('',#3521,#2990,#2991);
#2767=AXIS2_PLACEMENT_3D('',#3527,#2995,#2996);
#2768=AXIS2_PLACEMENT_3D('',#3530,#2999,#3000);
#2769=AXIS2_PLACEMENT_3D('',#3531,#3001,#3002);
#2770=AXIS2_PLACEMENT_3D('',#3540,#3007,#3008);
#2771=AXIS2_PLACEMENT_3D('',#3546,#3012,#3013);
#2772=AXIS2_PLACEMENT_3D('',#3552,#3017,#3018);
#2773=AXIS2_PLACEMENT_3D('',#3555,#3021,#3022);
#2774=AXIS2_PLACEMENT_3D('',#3556,#3023,#3024);
#2775=AXIS2_PLACEMENT_3D('',#3565,#3029,#3030);
#2776=AXIS2_PLACEMENT_3D('',#3571,#3034,#3035);
#2777=AXIS2_PLACEMENT_3D('',#3577,#3039,#3040);
#2778=AXIS2_PLACEMENT_3D('',#3580,#3043,#3044);
#2779=AXIS2_PLACEMENT_3D('',#3581,#3045,#3046);
#2780=AXIS2_PLACEMENT_3D('',#3590,#3051,#3052);
#2781=AXIS2_PLACEMENT_3D('',#3596,#3056,#3057);
#2782=AXIS2_PLACEMENT_3D('',#3602,#3061,#3062);
#2783=AXIS2_PLACEMENT_3D('',#3605,#3065,#3066);
#2784=AXIS2_PLACEMENT_3D('',#3606,#3067,#3068);
#2785=AXIS2_PLACEMENT_3D('',#3615,#3073,#3074);
#2786=AXIS2_PLACEMENT_3D('',#3624,#3079,#3080);
#2787=AXIS2_PLACEMENT_3D('',#3630,#3084,#3085);
#2788=AXIS2_PLACEMENT_3D('',#3636,#3089,#3090);
#2789=AXIS2_PLACEMENT_3D('',#3639,#3093,#3094);
#2790=AXIS2_PLACEMENT_3D('',#3640,#3095,#3096);
#2791=AXIS2_PLACEMENT_3D('',#3649,#3101,#3102);
#2792=AXIS2_PLACEMENT_3D('',#3655,#3106,#3107);
#2793=AXIS2_PLACEMENT_3D('',#3661,#3111,#3112);
#2794=AXIS2_PLACEMENT_3D('',#3664,#3115,#3116);
#2795=AXIS2_PLACEMENT_3D('',#3665,#3117,#3118);
#2796=AXIS2_PLACEMENT_3D('',#3674,#3123,#3124);
#2797=AXIS2_PLACEMENT_3D('',#3680,#3128,#3129);
#2798=AXIS2_PLACEMENT_3D('',#3686,#3133,#3134);
#2799=AXIS2_PLACEMENT_3D('',#3689,#3137,#3138);
#2800=AXIS2_PLACEMENT_3D('',#3690,#3139,#3140);
#2801=AXIS2_PLACEMENT_3D('',#3699,#3145,#3146);
#2802=AXIS2_PLACEMENT_3D('',#3705,#3150,#3151);
#2803=AXIS2_PLACEMENT_3D('',#3711,#3155,#3156);
#2804=AXIS2_PLACEMENT_3D('',#3714,#3159,#3160);
#2805=AXIS2_PLACEMENT_3D('',#3715,#3161,#3162);
#2806=AXIS2_PLACEMENT_3D('',#3724,#3167,#3168);
#2807=AXIS2_PLACEMENT_3D('',#3730,#3172,#3173);
#2808=AXIS2_PLACEMENT_3D('',#3736,#3177,#3178);
#2809=AXIS2_PLACEMENT_3D('',#3739,#3181,#3182);
#2810=AXIS2_PLACEMENT_3D('',#3740,#3183,#3184);
#2811=AXIS2_PLACEMENT_3D('',#3749,#3189,#3190);
#2812=AXIS2_PLACEMENT_3D('',#3755,#3194,#3195);
#2813=AXIS2_PLACEMENT_3D('',#3761,#3199,#3200);
#2814=AXIS2_PLACEMENT_3D('',#3764,#3203,#3204);
#2815=AXIS2_PLACEMENT_3D('',#3765,#3205,#3206);
#2816=AXIS2_PLACEMENT_3D('',#3774,#3211,#3212);
#2817=AXIS2_PLACEMENT_3D('',#3780,#3216,#3217);
#2818=AXIS2_PLACEMENT_3D('',#3786,#3221,#3222);
#2819=AXIS2_PLACEMENT_3D('',#3789,#3225,#3226);
#2820=AXIS2_PLACEMENT_3D('',#3790,#3227,#3228);
#2821=AXIS2_PLACEMENT_3D('',#3799,#3233,#3234);
#2822=AXIS2_PLACEMENT_3D('',#3808,#3239,#3240);
#2823=AXIS2_PLACEMENT_3D('',#3817,#3245,#3246);
#2824=AXIS2_PLACEMENT_3D('',#3819,#3247,#3248);
#2825=AXIS2_PLACEMENT_3D('',#3828,#3253,#3254);
#2826=AXIS2_PLACEMENT_3D('',#3834,#3258,#3259);
#2827=AXIS2_PLACEMENT_3D('',#3840,#3263,#3264);
#2828=AXIS2_PLACEMENT_3D('',#3846,#3268,#3269);
#2829=AXIS2_PLACEMENT_3D('',#3855,#3274,#3275);
#2830=AXIS2_PLACEMENT_3D('',#3861,#3279,#3280);
#2831=AXIS2_PLACEMENT_3D('',#3867,#3284,#3285);
#2832=AXIS2_PLACEMENT_3D('',#3870,#3288,#3289);
#2833=AXIS2_PLACEMENT_3D('',#3873,#3292,#3293);
#2834=AXIS2_PLACEMENT_3D('',#3882,#3298,#3299);
#2835=AXIS2_PLACEMENT_3D('',#3883,#3300,#3301);
#2836=AXIS2_PLACEMENT_3D('',#3884,#3302,#3303);
#2837=AXIS2_PLACEMENT_3D('',#3885,#3304,#3305);
#2838=AXIS2_PLACEMENT_3D('',#3887,#3306,#3307);
#2839=AXIS2_PLACEMENT_3D('',#3888,#3308,#3309);
#2840=AXIS2_PLACEMENT_3D('',#3889,#3310,#3311);
#2841=AXIS2_PLACEMENT_3D('',#3890,#3312,#3313);
#2842=AXIS2_PLACEMENT_3D('',#3891,#3314,#3315);
#2843=AXIS2_PLACEMENT_3D('',#3892,#3316,#3317);
#2844=AXIS2_PLACEMENT_3D('',#3893,#3318,#3319);
#2845=AXIS2_PLACEMENT_3D('',#3894,#3320,#3321);
#2846=AXIS2_PLACEMENT_3D('',#3895,#3322,#3323);
#2847=AXIS2_PLACEMENT_3D('',#3896,#3324,#3325);
#2848=AXIS2_PLACEMENT_3D('',#3897,#3326,#3327);
#2849=AXIS2_PLACEMENT_3D('',#3898,#3328,#3329);
#2850=AXIS2_PLACEMENT_3D('',#3899,#3330,#3331);
#2851=AXIS2_PLACEMENT_3D('',#3900,#3332,#3333);
#2852=AXIS2_PLACEMENT_3D('',#3901,#3334,#3335);
#2853=AXIS2_PLACEMENT_3D('',#3902,#3336,#3337);
#2854=AXIS2_PLACEMENT_3D('',#3903,#3338,#3339);
#2855=AXIS2_PLACEMENT_3D('',#3904,#3340,#3341);
#2856=AXIS2_PLACEMENT_3D('',#3905,#3342,#3343);
#2857=AXIS2_PLACEMENT_3D('',#3906,#3344,#3345);
#2858=AXIS2_PLACEMENT_3D('',#3907,#3346,#3347);
#2859=AXIS2_PLACEMENT_3D('',#3908,#3348,#3349);
#2860=AXIS2_PLACEMENT_3D('',#3909,#3350,#3351);
#2861=AXIS2_PLACEMENT_3D('',#3910,#3352,#3353);
#2862=AXIS2_PLACEMENT_3D('',#3911,#3354,#3355);
#2863=AXIS2_PLACEMENT_3D('',#3912,#3356,#3357);
#2864=AXIS2_PLACEMENT_3D('',#3913,#3358,#3359);
#2865=AXIS2_PLACEMENT_3D('',#3914,#3360,#3361);
#2866=AXIS2_PLACEMENT_3D('',#3915,#3362,#3363);
#2867=AXIS2_PLACEMENT_3D('',#3916,#3364,#3365);
#2868=AXIS2_PLACEMENT_3D('',#3917,#3366,#3367);
#2869=AXIS2_PLACEMENT_3D('',#3918,#3368,#3369);
#2870=AXIS2_PLACEMENT_3D('',#3919,#3370,#3371);
#2871=AXIS2_PLACEMENT_3D('',#3920,#3372,#3373);
#2872=AXIS2_PLACEMENT_3D('',#3921,#3374,#3375);
#2873=AXIS2_PLACEMENT_3D('',#3922,#3376,#3377);
#2874=AXIS2_PLACEMENT_3D('',#3923,#3378,#3379);
#2875=AXIS2_PLACEMENT_3D('',#3924,#3380,#3381);
#2876=AXIS2_PLACEMENT_3D('',#3925,#3382,#3383);
#2877=AXIS2_PLACEMENT_3D('',#3926,#3384,#3385);
#2878=AXIS2_PLACEMENT_3D('',#3927,#3386,#3387);
#2879=AXIS2_PLACEMENT_3D('',#3928,#3388,#3389);
#2880=AXIS2_PLACEMENT_3D('',#3929,#3390,#3391);
#2881=AXIS2_PLACEMENT_3D('',#3930,#3392,#3393);
#2882=AXIS2_PLACEMENT_3D('',#3931,#3394,#3395);
#2883=DIRECTION('',(0.,0.,1.));
#2884=DIRECTION('',(1.,0.,0.));
#2885=DIRECTION('',(1.,0.,0.));
#2886=DIRECTION('',(0.,0.,1.));
#2887=DIRECTION('',(0.,1.,3.34331907023687E-16));
#2888=DIRECTION('',(0.,0.,1.));
#2889=DIRECTION('',(0.,-1.,-3.34331907023687E-16));
#2890=DIRECTION('',(0.,0.,-1.));
#2891=DIRECTION('',(0.,1.,0.));
#2892=DIRECTION('',(0.,0.,1.));
#2893=DIRECTION('',(0.,0.,-1.));
#2894=DIRECTION('',(-1.,0.,0.));
#2895=DIRECTION('',(-1.,0.,0.));
#2896=DIRECTION('',(0.,-3.34331907023687E-16,1.));
#2897=DIRECTION('',(0.,-1.,-3.34331907023687E-16));
#2898=DIRECTION('',(0.,1.,3.34331907023687E-16));
#2899=DIRECTION('',(-1.,0.,0.));
#2900=DIRECTION('',(0.,-1.,0.));
#2901=DIRECTION('',(0.,0.,-1.));
#2902=DIRECTION('',(0.,0.,1.));
#2903=DIRECTION('',(-1.,0.,0.));
#2904=DIRECTION('',(0.,3.34331907023687E-16,-1.));
#2905=DIRECTION('',(0.,1.,3.34331907023687E-16));
#2906=DIRECTION('',(0.,-1.,-3.34331907023687E-16));
#2907=DIRECTION('',(1.,0.,0.));
#2908=DIRECTION('',(0.,0.,1.));
#2909=DIRECTION('',(0.,1.,3.34331907023687E-16));
#2910=DIRECTION('',(0.,0.,1.));
#2911=DIRECTION('',(0.,-1.,-3.34331907023687E-16));
#2912=DIRECTION('',(0.,0.,-1.));
#2913=DIRECTION('',(0.,1.,0.));
#2914=DIRECTION('',(0.,0.,1.));
#2915=DIRECTION('',(0.,0.,-1.));
#2916=DIRECTION('',(-1.,0.,0.));
#2917=DIRECTION('',(-1.,0.,0.));
#2918=DIRECTION('',(0.,-3.34331907023687E-16,1.));
#2919=DIRECTION('',(0.,-1.,-3.34331907023687E-16));
#2920=DIRECTION('',(0.,1.,3.34331907023687E-16));
#2921=DIRECTION('',(-1.,0.,0.));
#2922=DIRECTION('',(0.,-1.,0.));
#2923=DIRECTION('',(0.,0.,-1.));
#2924=DIRECTION('',(0.,0.,1.));
#2925=DIRECTION('',(-1.,0.,0.));
#2926=DIRECTION('',(0.,3.34331907023687E-16,-1.));
#2927=DIRECTION('',(0.,1.,3.34331907023687E-16));
#2928=DIRECTION('',(0.,-1.,-3.34331907023687E-16));
#2929=DIRECTION('',(1.,0.,0.));
#2930=DIRECTION('',(0.,0.,1.));
#2931=DIRECTION('',(0.,1.,3.34331907023687E-16));
#2932=DIRECTION('',(0.,0.,1.));
#2933=DIRECTION('',(0.,-1.,-3.34331907023687E-16));
#2934=DIRECTION('',(0.,0.,-1.));
#2935=DIRECTION('',(0.,1.,0.));
#2936=DIRECTION('',(0.,0.,1.));
#2937=DIRECTION('',(0.,0.,-1.));
#2938=DIRECTION('',(-1.,0.,0.));
#2939=DIRECTION('',(-1.,0.,0.));
#2940=DIRECTION('',(0.,-3.34331907023687E-16,1.));
#2941=DIRECTION('',(0.,-1.,-3.34331907023687E-16));
#2942=DIRECTION('',(0.,1.,3.34331907023687E-16));
#2943=DIRECTION('',(-1.,0.,0.));
#2944=DIRECTION('',(0.,-1.,0.));
#2945=DIRECTION('',(0.,0.,-1.));
#2946=DIRECTION('',(0.,0.,1.));
#2947=DIRECTION('',(-1.,0.,0.));
#2948=DIRECTION('',(0.,3.34331907023687E-16,-1.));
#2949=DIRECTION('',(0.,1.,3.34331907023687E-16));
#2950=DIRECTION('',(0.,-1.,-3.34331907023687E-16));
#2951=DIRECTION('',(0.,1.,0.));
#2952=DIRECTION('',(0.,0.,1.));
#2953=DIRECTION('',(0.,0.,-1.));
#2954=DIRECTION('',(-1.,0.,0.));
#2955=DIRECTION('',(0.,0.,1.));
#2956=DIRECTION('',(-1.,0.,0.));
#2957=DIRECTION('',(0.,-3.34331907023687E-16,1.));
#2958=DIRECTION('',(0.,-1.,-3.34331907023687E-16));
#2959=DIRECTION('',(0.,1.,3.34331907023687E-16));
#2960=DIRECTION('',(-1.,0.,0.));
#2961=DIRECTION('',(0.,-1.,-3.34331907023687E-16));
#2962=DIRECTION('',(0.,-1.,0.));
#2963=DIRECTION('',(0.,0.,-1.));
#2964=DIRECTION('',(0.,0.,1.));
#2965=DIRECTION('',(-1.,0.,0.));
#2966=DIRECTION('',(0.,0.,-1.));
#2967=DIRECTION('',(0.,3.34331907023687E-16,-1.));
#2968=DIRECTION('',(0.,1.,3.34331907023687E-16));
#2969=DIRECTION('',(0.,-1.,-3.34331907023687E-16));
#2970=DIRECTION('',(0.,1.,3.34331907023687E-16));
#2971=DIRECTION('',(1.,0.,0.));
#2972=DIRECTION('',(0.,0.,1.));
#2973=DIRECTION('',(-1.,0.,0.));
#2974=DIRECTION('',(0.,0.,1.));
#2975=DIRECTION('',(0.,0.,1.));
#2976=DIRECTION('',(0.,-1.,0.));
#2977=DIRECTION('',(0.,0.,1.));
#2978=DIRECTION('',(0.,-1.,0.));
#2979=DIRECTION('',(0.,1.,0.));
#2980=DIRECTION('',(0.,0.,1.));
#2981=DIRECTION('',(0.,0.,1.));
#2982=DIRECTION('',(1.,0.,0.));
#2983=DIRECTION('',(0.,0.,1.));
#2984=DIRECTION('',(1.,0.,0.));
#2985=DIRECTION('',(0.,-3.34331907023687E-16,1.));
#2986=DIRECTION('',(0.,-1.,-3.34331907023687E-16));
#2987=DIRECTION('',(0.,-1.,-3.34331907023687E-16));
#2988=DIRECTION('',(0.,-1.,-3.34331907023687E-16));
#2989=DIRECTION('',(1.,0.,0.));
#2990=DIRECTION('',(0.,-1.,0.));
#2991=DIRECTION('',(0.,0.,-1.));
#2992=DIRECTION('',(0.,0.,-1.));
#2993=DIRECTION('',(0.,0.,-1.));
#2994=DIRECTION('',(1.,0.,0.));
#2995=DIRECTION('',(0.,3.34331907023687E-16,-1.));
#2996=DIRECTION('',(0.,1.,3.34331907023687E-16));
#2997=DIRECTION('',(0.,1.,3.34331907023687E-16));
#2998=DIRECTION('',(0.,1.,3.34331907023687E-16));
#2999=DIRECTION('',(-1.,0.,0.));
#3000=DIRECTION('',(0.,0.,1.));
#3001=DIRECTION('',(0.,1.,0.));
#3002=DIRECTION('',(0.,0.,1.));
#3003=DIRECTION('',(0.,0.,1.));
#3004=DIRECTION('',(1.,0.,0.));
#3005=DIRECTION('',(0.,0.,1.));
#3006=DIRECTION('',(1.,0.,0.));
#3007=DIRECTION('',(0.,-3.34331907023687E-16,1.));
#3008=DIRECTION('',(0.,-1.,-3.34331907023687E-16));
#3009=DIRECTION('',(0.,-1.,-3.34331907023687E-16));
#3010=DIRECTION('',(0.,-1.,-3.34331907023687E-16));
#3011=DIRECTION('',(1.,0.,0.));
#3012=DIRECTION('',(0.,-1.,0.));
#3013=DIRECTION('',(0.,0.,-1.));
#3014=DIRECTION('',(0.,0.,-1.));
#3015=DIRECTION('',(0.,0.,-1.));
#3016=DIRECTION('',(1.,0.,0.));
#3017=DIRECTION('',(0.,3.34331907023687E-16,-1.));
#3018=DIRECTION('',(0.,1.,3.34331907023687E-16));
#3019=DIRECTION('',(0.,1.,3.34331907023687E-16));
#3020=DIRECTION('',(0.,1.,3.34331907023687E-16));
#3021=DIRECTION('',(-1.,0.,0.));
#3022=DIRECTION('',(0.,0.,1.));
#3023=DIRECTION('',(0.,1.,0.));
#3024=DIRECTION('',(0.,0.,1.));
#3025=DIRECTION('',(0.,0.,1.));
#3026=DIRECTION('',(1.,0.,0.));
#3027=DIRECTION('',(0.,0.,1.));
#3028=DIRECTION('',(1.,0.,0.));
#3029=DIRECTION('',(0.,-3.34331907023687E-16,1.));
#3030=DIRECTION('',(0.,-1.,-3.34331907023687E-16));
#3031=DIRECTION('',(0.,-1.,-3.34331907023687E-16));
#3032=DIRECTION('',(0.,-1.,-3.34331907023687E-16));
#3033=DIRECTION('',(1.,0.,0.));
#3034=DIRECTION('',(0.,-1.,0.));
#3035=DIRECTION('',(0.,0.,-1.));
#3036=DIRECTION('',(0.,0.,-1.));
#3037=DIRECTION('',(0.,0.,-1.));
#3038=DIRECTION('',(1.,0.,0.));
#3039=DIRECTION('',(0.,3.34331907023687E-16,-1.));
#3040=DIRECTION('',(0.,1.,3.34331907023687E-16));
#3041=DIRECTION('',(0.,1.,3.34331907023687E-16));
#3042=DIRECTION('',(0.,1.,3.34331907023687E-16));
#3043=DIRECTION('',(-1.,0.,0.));
#3044=DIRECTION('',(0.,0.,1.));
#3045=DIRECTION('',(0.,1.,0.));
#3046=DIRECTION('',(0.,0.,1.));
#3047=DIRECTION('',(0.,0.,1.));
#3048=DIRECTION('',(1.,0.,0.));
#3049=DIRECTION('',(0.,0.,1.));
#3050=DIRECTION('',(1.,0.,0.));
#3051=DIRECTION('',(0.,-3.34331907023687E-16,1.));
#3052=DIRECTION('',(0.,-1.,-3.34331907023687E-16));
#3053=DIRECTION('',(0.,-1.,-3.34331907023687E-16));
#3054=DIRECTION('',(0.,-1.,-3.34331907023687E-16));
#3055=DIRECTION('',(1.,0.,0.));
#3056=DIRECTION('',(0.,-1.,0.));
#3057=DIRECTION('',(0.,0.,-1.));
#3058=DIRECTION('',(0.,0.,-1.));
#3059=DIRECTION('',(0.,0.,-1.));
#3060=DIRECTION('',(1.,0.,0.));
#3061=DIRECTION('',(0.,3.34331907023687E-16,-1.));
#3062=DIRECTION('',(0.,1.,3.34331907023687E-16));
#3063=DIRECTION('',(0.,1.,3.34331907023687E-16));
#3064=DIRECTION('',(0.,1.,3.34331907023687E-16));
#3065=DIRECTION('',(-1.,0.,0.));
#3066=DIRECTION('',(0.,0.,1.));
#3067=DIRECTION('',(1.,0.,0.));
#3068=DIRECTION('',(0.,0.,-1.));
#3069=DIRECTION('',(0.,0.,1.));
#3070=DIRECTION('',(0.,1.,0.));
#3071=DIRECTION('',(0.,0.,1.));
#3072=DIRECTION('',(0.,1.,0.));
#3073=DIRECTION('',(0.,-1.,0.));
#3074=DIRECTION('',(0.,0.,-1.));
#3075=DIRECTION('',(1.,0.,0.));
#3076=DIRECTION('',(0.,0.,-1.));
#3077=DIRECTION('',(-1.,0.,0.));
#3078=DIRECTION('',(0.,0.,-1.));
#3079=DIRECTION('',(1.,0.,0.));
#3080=DIRECTION('',(0.,0.,1.));
#3081=DIRECTION('',(0.,1.,0.));
#3082=DIRECTION('',(0.,0.,-1.));
#3083=DIRECTION('',(0.,-1.,0.));
#3084=DIRECTION('',(0.,1.,0.));
#3085=DIRECTION('',(0.,0.,1.));
#3086=DIRECTION('',(-1.,0.,0.));
#3087=DIRECTION('',(0.,0.,-1.));
#3088=DIRECTION('',(1.,0.,0.));
#3089=DIRECTION('',(-1.,0.,0.));
#3090=DIRECTION('',(0.,0.,-1.));
#3091=DIRECTION('',(0.,-1.,0.));
#3092=DIRECTION('',(0.,1.,0.));
#3093=DIRECTION('',(0.,0.,-1.));
#3094=DIRECTION('',(1.,0.,0.));
#3095=DIRECTION('',(0.,-1.,0.));
#3096=DIRECTION('',(0.,0.,-1.));
#3097=DIRECTION('',(1.,0.,0.));
#3098=DIRECTION('',(0.,0.,-1.));
#3099=DIRECTION('',(-1.,0.,0.));
#3100=DIRECTION('',(0.,0.,-1.));
#3101=DIRECTION('',(1.,0.,0.));
#3102=DIRECTION('',(0.,0.,1.));
#3103=DIRECTION('',(0.,1.,0.));
#3104=DIRECTION('',(0.,0.,-1.));
#3105=DIRECTION('',(0.,-1.,0.));
#3106=DIRECTION('',(0.,1.,0.));
#3107=DIRECTION('',(0.,0.,1.));
#3108=DIRECTION('',(-1.,0.,0.));
#3109=DIRECTION('',(0.,0.,-1.));
#3110=DIRECTION('',(1.,0.,0.));
#3111=DIRECTION('',(-1.,0.,0.));
#3112=DIRECTION('',(0.,0.,-1.));
#3113=DIRECTION('',(0.,-1.,0.));
#3114=DIRECTION('',(0.,1.,0.));
#3115=DIRECTION('',(0.,0.,-1.));
#3116=DIRECTION('',(1.,0.,0.));
#3117=DIRECTION('',(0.,-1.,0.));
#3118=DIRECTION('',(0.,0.,-1.));
#3119=DIRECTION('',(1.,0.,0.));
#3120=DIRECTION('',(0.,0.,-1.));
#3121=DIRECTION('',(-1.,0.,0.));
#3122=DIRECTION('',(0.,0.,-1.));
#3123=DIRECTION('',(1.,0.,0.));
#3124=DIRECTION('',(0.,0.,1.));
#3125=DIRECTION('',(0.,1.,0.));
#3126=DIRECTION('',(0.,0.,-1.));
#3127=DIRECTION('',(0.,-1.,0.));
#3128=DIRECTION('',(0.,1.,0.));
#3129=DIRECTION('',(0.,0.,1.));
#3130=DIRECTION('',(-1.,0.,0.));
#3131=DIRECTION('',(0.,0.,-1.));
#3132=DIRECTION('',(1.,0.,0.));
#3133=DIRECTION('',(-1.,0.,0.));
#3134=DIRECTION('',(0.,0.,-1.));
#3135=DIRECTION('',(0.,-1.,0.));
#3136=DIRECTION('',(0.,1.,0.));
#3137=DIRECTION('',(0.,0.,-1.));
#3138=DIRECTION('',(1.,0.,0.));
#3139=DIRECTION('',(-1.,0.,0.));
#3140=DIRECTION('',(0.,0.,-1.));
#3141=DIRECTION('',(0.,-1.,0.));
#3142=DIRECTION('',(0.,0.,-1.));
#3143=DIRECTION('',(0.,1.,0.));
#3144=DIRECTION('',(0.,0.,-1.));
#3145=DIRECTION('',(0.,-1.,0.));
#3146=DIRECTION('',(0.,0.,-1.));
#3147=DIRECTION('',(1.,0.,0.));
#3148=DIRECTION('',(0.,0.,-1.));
#3149=DIRECTION('',(-1.,0.,0.));
#3150=DIRECTION('',(1.,0.,0.));
#3151=DIRECTION('',(0.,0.,1.));
#3152=DIRECTION('',(0.,1.,0.));
#3153=DIRECTION('',(0.,0.,-1.));
#3154=DIRECTION('',(0.,-1.,0.));
#3155=DIRECTION('',(0.,1.,0.));
#3156=DIRECTION('',(0.,0.,1.));
#3157=DIRECTION('',(-1.,0.,0.));
#3158=DIRECTION('',(1.,0.,0.));
#3159=DIRECTION('',(0.,0.,-1.));
#3160=DIRECTION('',(1.,0.,0.));
#3161=DIRECTION('',(1.,0.,0.));
#3162=DIRECTION('',(0.,0.,-1.));
#3163=DIRECTION('',(0.,-1.,0.));
#3164=DIRECTION('',(0.,0.,-1.));
#3165=DIRECTION('',(0.,-1.,0.));
#3166=DIRECTION('',(0.,0.,-1.));
#3167=DIRECTION('',(0.,-1.,0.));
#3168=DIRECTION('',(0.,0.,-1.));
#3169=DIRECTION('',(-1.,0.,0.));
#3170=DIRECTION('',(-1.,0.,0.));
#3171=DIRECTION('',(0.,0.,-1.));
#3172=DIRECTION('',(-1.,0.,0.));
#3173=DIRECTION('',(0.,0.,1.));
#3174=DIRECTION('',(0.,1.,0.));
#3175=DIRECTION('',(0.,1.,0.));
#3176=DIRECTION('',(0.,0.,-1.));
#3177=DIRECTION('',(0.,1.,0.));
#3178=DIRECTION('',(0.,0.,1.));
#3179=DIRECTION('',(1.,0.,0.));
#3180=DIRECTION('',(1.,0.,0.));
#3181=DIRECTION('',(0.,0.,-1.));
#3182=DIRECTION('',(-1.,0.,0.));
#3183=DIRECTION('',(1.,0.,0.));
#3184=DIRECTION('',(0.,0.,-1.));
#3185=DIRECTION('',(0.,-1.,0.));
#3186=DIRECTION('',(0.,0.,-1.));
#3187=DIRECTION('',(0.,-1.,0.));
#3188=DIRECTION('',(0.,0.,-1.));
#3189=DIRECTION('',(0.,-1.,0.));
#3190=DIRECTION('',(0.,0.,-1.));
#3191=DIRECTION('',(-1.,0.,0.));
#3192=DIRECTION('',(-1.,0.,0.));
#3193=DIRECTION('',(0.,0.,-1.));
#3194=DIRECTION('',(-1.,0.,0.));
#3195=DIRECTION('',(0.,0.,1.));
#3196=DIRECTION('',(0.,1.,0.));
#3197=DIRECTION('',(0.,1.,0.));
#3198=DIRECTION('',(0.,0.,-1.));
#3199=DIRECTION('',(0.,1.,0.));
#3200=DIRECTION('',(0.,0.,1.));
#3201=DIRECTION('',(1.,0.,0.));
#3202=DIRECTION('',(1.,0.,0.));
#3203=DIRECTION('',(0.,0.,-1.));
#3204=DIRECTION('',(-1.,0.,0.));
#3205=DIRECTION('',(1.,0.,0.));
#3206=DIRECTION('',(0.,0.,-1.));
#3207=DIRECTION('',(0.,-1.,0.));
#3208=DIRECTION('',(0.,0.,-1.));
#3209=DIRECTION('',(0.,-1.,0.));
#3210=DIRECTION('',(0.,0.,-1.));
#3211=DIRECTION('',(0.,-1.,0.));
#3212=DIRECTION('',(0.,0.,-1.));
#3213=DIRECTION('',(-1.,0.,0.));
#3214=DIRECTION('',(-1.,0.,0.));
#3215=DIRECTION('',(0.,0.,-1.));
#3216=DIRECTION('',(-1.,0.,0.));
#3217=DIRECTION('',(0.,0.,1.));
#3218=DIRECTION('',(0.,1.,0.));
#3219=DIRECTION('',(0.,1.,0.));
#3220=DIRECTION('',(0.,0.,-1.));
#3221=DIRECTION('',(0.,1.,0.));
#3222=DIRECTION('',(0.,0.,1.));
#3223=DIRECTION('',(1.,0.,0.));
#3224=DIRECTION('',(1.,0.,0.));
#3225=DIRECTION('',(0.,0.,-1.));
#3226=DIRECTION('',(-1.,0.,0.));
#3227=DIRECTION('',(0.,1.,0.));
#3228=DIRECTION('',(0.,0.,1.));
#3229=DIRECTION('',(0.,0.,1.));
#3230=DIRECTION('',(-1.,0.,0.));
#3231=DIRECTION('',(0.,0.,1.));
#3232=DIRECTION('',(-1.,0.,0.));
#3233=DIRECTION('',(0.,-1.,0.));
#3234=DIRECTION('',(0.,0.,-1.));
#3235=DIRECTION('',(0.,0.,1.));
#3236=DIRECTION('',(1.,0.,0.));
#3237=DIRECTION('',(0.,0.,1.));
#3238=DIRECTION('',(1.,0.,0.));
#3239=DIRECTION('',(0.,0.,-1.));
#3240=DIRECTION('',(-1.,0.,0.));
#3241=DIRECTION('',(0.,1.,0.));
#3242=DIRECTION('',(-1.,0.,0.));
#3243=DIRECTION('',(0.,-1.,0.));
#3244=DIRECTION('',(1.,0.,0.));
#3245=DIRECTION('',(0.,0.,-1.));
#3246=DIRECTION('',(-1.,0.,0.));
#3247=DIRECTION('',(-1.,0.,0.));
#3248=DIRECTION('',(0.,0.,1.));
#3249=DIRECTION('',(0.,1.,0.));
#3250=DIRECTION('',(0.,0.,-1.));
#3251=DIRECTION('',(0.,1.,0.));
#3252=DIRECTION('',(0.,0.,-1.));
#3253=DIRECTION('',(5.42101086242752E-16,-1.,0.));
#3254=DIRECTION('',(1.,5.42101086242752E-16,0.));
#3255=DIRECTION('',(-1.,-5.42101086242752E-16,0.));
#3256=DIRECTION('',(0.,0.,-1.));
#3257=DIRECTION('',(-1.,-5.42101086242752E-16,0.));
#3258=DIRECTION('',(1.,0.,0.));
#3259=DIRECTION('',(0.,0.,-1.));
#3260=DIRECTION('',(0.,-1.,0.));
#3261=DIRECTION('',(0.,0.,-1.));
#3262=DIRECTION('',(0.,-1.,0.));
#3263=DIRECTION('',(0.,1.,0.));
#3264=DIRECTION('',(0.,0.,1.));
#3265=DIRECTION('',(1.,0.,0.));
#3266=DIRECTION('',(0.,0.,-1.));
#3267=DIRECTION('',(1.,0.,0.));
#3268=DIRECTION('',(0.,-1.,0.));
#3269=DIRECTION('',(0.,0.,-1.));
#3270=DIRECTION('',(-1.,0.,0.));
#3271=DIRECTION('',(0.,0.,-1.));
#3272=DIRECTION('',(-1.,0.,0.));
#3273=DIRECTION('',(0.,0.,-1.));
#3274=DIRECTION('',(1.,0.,0.));
#3275=DIRECTION('',(0.,0.,-1.));
#3276=DIRECTION('',(0.,-1.,0.));
#3277=DIRECTION('',(0.,0.,-1.));
#3278=DIRECTION('',(0.,-1.,0.));
#3279=DIRECTION('',(0.,1.,0.));
#3280=DIRECTION('',(0.,0.,1.));
#3281=DIRECTION('',(1.,0.,0.));
#3282=DIRECTION('',(0.,0.,-1.));
#3283=DIRECTION('',(1.,0.,0.));
#3284=DIRECTION('',(-1.,0.,0.));
#3285=DIRECTION('',(0.,0.,1.));
#3286=DIRECTION('',(0.,1.,0.));
#3287=DIRECTION('',(0.,1.,0.));
#3288=DIRECTION('',(-0.765324189594527,0.643644999065075,0.));
#3289=DIRECTION('',(-0.643644999065075,-0.765324189594527,0.));
#3290=DIRECTION('',(0.643644999065075,0.765324189594527,0.));
#3291=DIRECTION('',(0.643644999065075,0.765324189594527,0.));
#3292=DIRECTION('',(0.,0.,-1.));
#3293=DIRECTION('',(-1.,0.,0.));
#3294=DIRECTION('',(0.,-1.,0.));
#3295=DIRECTION('',(-1.,0.,0.));
#3296=DIRECTION('',(0.,1.,0.));
#3297=DIRECTION('',(1.,0.,0.));
#3298=DIRECTION('',(0.,0.,-1.));
#3299=DIRECTION('',(-1.,0.,0.));
#3300=DIRECTION('',(0.,0.,-1.));
#3301=DIRECTION('',(-1.,0.,0.));
#3302=DIRECTION('',(0.,0.,1.));
#3303=DIRECTION('',(1.,0.,0.));
#3304=DIRECTION('',(0.,0.,-1.));
#3305=DIRECTION('',(-1.,0.,0.));
#3306=DIRECTION('',(0.,0.,-1.));
#3307=DIRECTION('',(-1.,0.,0.));
#3308=DIRECTION('',(-1.,0.,0.));
#3309=DIRECTION('',(0.,0.,1.));
#3310=DIRECTION('',(1.,0.,0.));
#3311=DIRECTION('',(0.,0.,-1.));
#3312=DIRECTION('',(-1.,0.,0.));
#3313=DIRECTION('',(0.,0.,1.));
#3314=DIRECTION('',(0.,1.,0.));
#3315=DIRECTION('',(0.,0.,1.));
#3316=DIRECTION('',(0.,1.,0.));
#3317=DIRECTION('',(0.,0.,1.));
#3318=DIRECTION('',(0.,0.,-1.));
#3319=DIRECTION('',(-1.,0.,0.));
#3320=DIRECTION('',(0.,0.,-1.));
#3321=DIRECTION('',(-1.,0.,0.));
#3322=DIRECTION('',(0.,0.,-1.));
#3323=DIRECTION('',(-1.,0.,0.));
#3324=DIRECTION('',(0.,1.,0.));
#3325=DIRECTION('',(0.,0.,1.));
#3326=DIRECTION('',(0.,0.,1.));
#3327=DIRECTION('',(1.,0.,0.));
#3328=DIRECTION('',(0.,0.,1.));
#3329=DIRECTION('',(1.,0.,0.));
#3330=DIRECTION('',(0.,1.,0.));
#3331=DIRECTION('',(0.,0.,1.));
#3332=DIRECTION('',(0.,-1.,0.));
#3333=DIRECTION('',(0.,0.,-1.));
#3334=DIRECTION('',(1.,0.,0.));
#3335=DIRECTION('',(0.,0.,-1.));
#3336=DIRECTION('',(-1.,0.,0.));
#3337=DIRECTION('',(0.,0.,1.));
#3338=DIRECTION('',(1.,0.,0.));
#3339=DIRECTION('',(0.,0.,-1.));
#3340=DIRECTION('',(0.,-1.,0.));
#3341=DIRECTION('',(0.,0.,-1.));
#3342=DIRECTION('',(0.,-1.,0.));
#3343=DIRECTION('',(0.,0.,-1.));
#3344=DIRECTION('',(0.,0.,1.));
#3345=DIRECTION('',(1.,0.,0.));
#3346=DIRECTION('',(0.,0.,1.));
#3347=DIRECTION('',(1.,0.,0.));
#3348=DIRECTION('',(1.,0.,0.));
#3349=DIRECTION('',(0.,0.,-1.));
#3350=DIRECTION('',(1.,0.,0.));
#3351=DIRECTION('',(0.,0.,-1.));
#3352=DIRECTION('',(-1.,0.,0.));
#3353=DIRECTION('',(0.,0.,1.));
#3354=DIRECTION('',(0.,1.,6.82522067263133E-16));
#3355=DIRECTION('',(0.,-6.82522067263133E-16,1.));
#3356=DIRECTION('',(0.,1.,0.));
#3357=DIRECTION('',(0.,0.,1.));
#3358=DIRECTION('',(0.,0.,-1.));
#3359=DIRECTION('',(-1.,0.,0.));
#3360=DIRECTION('',(0.,0.,-1.));
#3361=DIRECTION('',(-1.,0.,0.));
#3362=DIRECTION('',(0.,0.,-1.));
#3363=DIRECTION('',(-1.,0.,0.));
#3364=DIRECTION('',(0.,0.,-1.));
#3365=DIRECTION('',(-1.,0.,0.));
#3366=DIRECTION('',(0.,1.,6.82522067263133E-16));
#3367=DIRECTION('',(0.,-6.82522067263133E-16,1.));
#3368=DIRECTION('',(0.,1.,0.));
#3369=DIRECTION('',(0.,0.,1.));
#3370=DIRECTION('',(0.,-1.,0.));
#3371=DIRECTION('',(0.,0.,-1.));
#3372=DIRECTION('',(0.,-1.,0.));
#3373=DIRECTION('',(0.,0.,-1.));
#3374=DIRECTION('',(0.,0.,1.));
#3375=DIRECTION('',(1.,0.,0.));
#3376=DIRECTION('',(0.,0.,1.));
#3377=DIRECTION('',(1.,0.,0.));
#3378=DIRECTION('',(0.,0.,1.));
#3379=DIRECTION('',(1.,0.,0.));
#3380=DIRECTION('',(0.,0.,1.));
#3381=DIRECTION('',(1.,0.,0.));
#3382=DIRECTION('',(0.,1.,0.));
#3383=DIRECTION('',(0.,0.,1.));
#3384=DIRECTION('',(0.,-1.,0.));
#3385=DIRECTION('',(0.,0.,-1.));
#3386=DIRECTION('',(1.,0.,6.82522067263133E-16));
#3387=DIRECTION('',(6.82522067263133E-16,0.,-1.));
#3388=DIRECTION('',(1.,0.,0.));
#3389=DIRECTION('',(0.,0.,-1.));
#3390=DIRECTION('',(-1.,0.,6.82522067263133E-16));
#3391=DIRECTION('',(6.82522067263133E-16,0.,1.));
#3392=DIRECTION('',(-1.,0.,0.));
#3393=DIRECTION('',(0.,0.,1.));
#3394=DIRECTION('',(-1.,0.,0.));
#3395=DIRECTION('',(0.,0.,1.));
#3396=CARTESIAN_POINT('',(0.,0.,0.));
#3397=CARTESIAN_POINT('',(1.51,1.48277714386219,1.62630325872826E-16));
#3398=CARTESIAN_POINT('',(1.51,0.692178497462531,-0.284858421668995));
#3399=CARTESIAN_POINT('',(1.51,0.692178497462531,-0.284858421668995));
#3400=CARTESIAN_POINT('',(1.51,0.854323083382758,-0.284858421668995));
#3401=CARTESIAN_POINT('',(1.51,0.692178497462531,-0.359585926484404));
#3402=CARTESIAN_POINT('',(1.51,0.692178497462531,-0.359585926484404));
#3403=CARTESIAN_POINT('',(1.51,0.854323083382758,-0.359585926484403));
#3404=CARTESIAN_POINT('',(1.51,0.854323083382758,-0.359585926484403));
#3405=CARTESIAN_POINT('',(1.51,0.854323083382758,-0.284858421668995));
#3406=CARTESIAN_POINT('',(1.51,0.692178497462531,-0.359585926484404));
#3407=CARTESIAN_POINT('',(1.5,0.692178497462532,-0.45));
#3408=CARTESIAN_POINT('',(1.5,0.692178497462531,-0.284858421668995));
#3409=CARTESIAN_POINT('',(1.5,0.692178497462531,-0.359585926484404));
#3410=CARTESIAN_POINT('',(1.51,0.692178497462531,-0.359585926484404));
#3411=CARTESIAN_POINT('',(1.51,0.692178497462531,-0.284858421668995));
#3412=CARTESIAN_POINT('',(1.51,0.854323083382758,-0.359585926484403));
#3413=CARTESIAN_POINT('',(1.5,2.48350374399107,-0.359585926484403));
#3414=CARTESIAN_POINT('',(1.5,0.854323083382757,-0.359585926484403));
#3415=CARTESIAN_POINT('',(1.51,0.854323083382758,-0.359585926484403));
#3416=CARTESIAN_POINT('',(1.51,0.854323083382758,-0.284858421668995));
#3417=CARTESIAN_POINT('',(1.5,0.854323083382757,-0.45));
#3418=CARTESIAN_POINT('',(1.5,0.854323083382758,-0.284858421668995));
#3419=CARTESIAN_POINT('',(1.51,0.854323083382758,-0.284858421668995));
#3420=CARTESIAN_POINT('',(1.51,0.692178497462531,-0.284858421668995));
#3421=CARTESIAN_POINT('',(1.5,2.48350374399107,-0.284858421668994));
#3422=CARTESIAN_POINT('',(1.51,0.988275895865168,1.0842021724855E-16));
#3423=CARTESIAN_POINT('',(1.51,0.197677249465507,-0.284858421668995));
#3424=CARTESIAN_POINT('',(1.51,0.197677249465507,-0.284858421668995));
#3425=CARTESIAN_POINT('',(1.51,0.359821835385733,-0.284858421668995));
#3426=CARTESIAN_POINT('',(1.51,0.197677249465507,-0.359585926484404));
#3427=CARTESIAN_POINT('',(1.51,0.197677249465507,-0.359585926484404));
#3428=CARTESIAN_POINT('',(1.51,0.359821835385733,-0.359585926484404));
#3429=CARTESIAN_POINT('',(1.51,0.359821835385733,-0.359585926484404));
#3430=CARTESIAN_POINT('',(1.51,0.359821835385733,-0.284858421668995));
#3431=CARTESIAN_POINT('',(1.51,0.197677249465507,-0.359585926484404));
#3432=CARTESIAN_POINT('',(1.5,0.197677249465507,-0.45));
#3433=CARTESIAN_POINT('',(1.5,0.197677249465507,-0.284858421668995));
#3434=CARTESIAN_POINT('',(1.5,0.197677249465507,-0.359585926484404));
#3435=CARTESIAN_POINT('',(1.51,0.197677249465507,-0.359585926484404));
#3436=CARTESIAN_POINT('',(1.51,0.197677249465507,-0.284858421668995));
#3437=CARTESIAN_POINT('',(1.51,0.359821835385733,-0.359585926484404));
#3438=CARTESIAN_POINT('',(1.5,1.98900249599405,-0.359585926484403));
#3439=CARTESIAN_POINT('',(1.5,0.359821835385733,-0.359585926484403));
#3440=CARTESIAN_POINT('',(1.51,0.359821835385733,-0.359585926484404));
#3441=CARTESIAN_POINT('',(1.51,0.359821835385733,-0.284858421668995));
#3442=CARTESIAN_POINT('',(1.5,0.359821835385733,-0.45));
#3443=CARTESIAN_POINT('',(1.5,0.359821835385733,-0.284858421668995));
#3444=CARTESIAN_POINT('',(1.51,0.359821835385733,-0.284858421668995));
#3445=CARTESIAN_POINT('',(1.51,0.197677249465507,-0.284858421668995));
#3446=CARTESIAN_POINT('',(1.5,1.98900249599405,-0.284858421668994));
#3447=CARTESIAN_POINT('',(1.51,0.493774647868143,5.42101086242752E-17));
#3448=CARTESIAN_POINT('',(1.51,-0.296823998531518,-0.284858421668995));
#3449=CARTESIAN_POINT('',(1.51,-0.296823998531518,-0.284858421668995));
#3450=CARTESIAN_POINT('',(1.51,-0.134679412611292,-0.284858421668995));
#3451=CARTESIAN_POINT('',(1.51,-0.296823998531518,-0.359585926484404));
#3452=CARTESIAN_POINT('',(1.51,-0.296823998531518,-0.359585926484404));
#3453=CARTESIAN_POINT('',(1.51,-0.134679412611292,-0.359585926484404));
#3454=CARTESIAN_POINT('',(1.51,-0.134679412611292,-0.359585926484404));
#3455=CARTESIAN_POINT('',(1.51,-0.134679412611292,-0.284858421668995));
#3456=CARTESIAN_POINT('',(1.51,-0.296823998531518,-0.359585926484404));
#3457=CARTESIAN_POINT('',(1.5,-0.296823998531518,-0.45));
#3458=CARTESIAN_POINT('',(1.5,-0.296823998531518,-0.284858421668995));
#3459=CARTESIAN_POINT('',(1.5,-0.296823998531518,-0.359585926484404));
#3460=CARTESIAN_POINT('',(1.51,-0.296823998531518,-0.359585926484404));
#3461=CARTESIAN_POINT('',(1.51,-0.296823998531518,-0.284858421668995));
#3462=CARTESIAN_POINT('',(1.51,-0.134679412611292,-0.359585926484404));
#3463=CARTESIAN_POINT('',(1.5,1.49450124799702,-0.359585926484403));
#3464=CARTESIAN_POINT('',(1.5,-0.134679412611292,-0.359585926484404));
#3465=CARTESIAN_POINT('',(1.51,-0.134679412611292,-0.359585926484404));
#3466=CARTESIAN_POINT('',(1.51,-0.134679412611292,-0.284858421668995));
#3467=CARTESIAN_POINT('',(1.5,-0.134679412611292,-0.45));
#3468=CARTESIAN_POINT('',(1.5,-0.134679412611292,-0.284858421668995));
#3469=CARTESIAN_POINT('',(1.51,-0.134679412611292,-0.284858421668995));
#3470=CARTESIAN_POINT('',(1.51,-0.296823998531518,-0.284858421668995));
#3471=CARTESIAN_POINT('',(1.5,1.49450124799702,-0.284858421668994));
#3472=CARTESIAN_POINT('',(1.51,-0.791325246528542,-0.359585926484404));
#3473=CARTESIAN_POINT('',(1.5,-0.791325246528542,-0.45));
#3474=CARTESIAN_POINT('',(1.5,-0.791325246528542,-0.284858421668995));
#3475=CARTESIAN_POINT('',(1.5,-0.791325246528542,-0.359585926484404));
#3476=CARTESIAN_POINT('',(1.51,-0.791325246528542,-0.359585926484404));
#3477=CARTESIAN_POINT('',(1.51,-0.791325246528542,-0.359585926484404));
#3478=CARTESIAN_POINT('',(1.51,-0.791325246528542,-0.359585926484404));
#3479=CARTESIAN_POINT('',(1.51,-0.791325246528542,-0.284858421668995));
#3480=CARTESIAN_POINT('',(1.51,-0.791325246528542,-0.284858421668995));
#3481=CARTESIAN_POINT('',(1.51,-0.629180660608316,-0.359585926484404));
#3482=CARTESIAN_POINT('',(1.5,0.999999999999999,-0.359585926484403));
#3483=CARTESIAN_POINT('',(1.5,-0.629180660608316,-0.359585926484404));
#3484=CARTESIAN_POINT('',(1.51,-0.629180660608316,-0.359585926484404));
#3485=CARTESIAN_POINT('',(1.51,-0.629180660608316,-0.359585926484404));
#3486=CARTESIAN_POINT('',(1.51,-0.629180660608316,-0.359585926484404));
#3487=CARTESIAN_POINT('',(1.51,-0.629180660608316,-0.284858421668995));
#3488=CARTESIAN_POINT('',(1.5,-0.629180660608316,-0.45));
#3489=CARTESIAN_POINT('',(1.5,-0.629180660608316,-0.284858421668995));
#3490=CARTESIAN_POINT('',(1.51,-0.629180660608316,-0.284858421668995));
#3491=CARTESIAN_POINT('',(1.51,-0.629180660608316,-0.284858421668995));
#3492=CARTESIAN_POINT('',(1.51,-0.629180660608316,-0.284858421668995));
#3493=CARTESIAN_POINT('',(1.51,-0.791325246528542,-0.284858421668995));
#3494=CARTESIAN_POINT('',(1.5,0.999999999999999,-0.284858421668994));
#3495=CARTESIAN_POINT('',(1.51,-0.791325246528542,-0.284858421668995));
#3496=CARTESIAN_POINT('',(1.51,-0.000726600128881424,0.));
#3497=CARTESIAN_POINT('',(1.5,0.999999999999999,-0.45));
#3498=CARTESIAN_POINT('',(1.5,0.97517932421875,-0.45));
#3499=CARTESIAN_POINT('',(1.5,0.97517932421875,-0.405179324218751));
#3500=CARTESIAN_POINT('',(1.5,0.97517932421875,-0.0248206757812489));
#3501=CARTESIAN_POINT('',(1.5,0.999999999999999,-0.0248206757812489));
#3502=CARTESIAN_POINT('',(1.5,-0.97517932421875,-0.0248206757812489));
#3503=CARTESIAN_POINT('',(1.5,-0.97517932421875,-0.45));
#3504=CARTESIAN_POINT('',(1.5,-0.97517932421875,-0.405179324218751));
#3505=CARTESIAN_POINT('',(1.5,0.999999999999999,-0.405179324218751));
#3506=CARTESIAN_POINT('',(-1.51,0.692178497462531,-0.359585926484404));
#3507=CARTESIAN_POINT('',(-1.5,0.692178497462531,-0.45));
#3508=CARTESIAN_POINT('',(-1.5,0.692178497462531,-0.359585926484404));
#3509=CARTESIAN_POINT('',(-1.5,0.692178497462531,-0.284858421668995));
#3510=CARTESIAN_POINT('',(-1.51,0.692178497462531,-0.284858421668995));
#3511=CARTESIAN_POINT('',(-1.51,0.692178497462531,-0.284858421668995));
#3512=CARTESIAN_POINT('',(-1.51,0.692178497462531,-0.359585926484404));
#3513=CARTESIAN_POINT('',(-1.51,0.692178497462531,-0.359585926484404));
#3514=CARTESIAN_POINT('',(-1.51,0.692178497462531,-0.359585926484404));
#3515=CARTESIAN_POINT('',(-1.51,0.854323083382758,-0.359585926484403));
#3516=CARTESIAN_POINT('',(-1.5,0.483503743991075,-0.359585926484404));
#3517=CARTESIAN_POINT('',(-1.5,0.854323083382758,-0.359585926484403));
#3518=CARTESIAN_POINT('',(-1.51,0.854323083382758,-0.359585926484403));
#3519=CARTESIAN_POINT('',(-1.51,0.854323083382758,-0.359585926484403));
#3520=CARTESIAN_POINT('',(-1.51,0.854323083382758,-0.359585926484403));
#3521=CARTESIAN_POINT('',(-1.51,0.854323083382758,-0.284858421668995));
#3522=CARTESIAN_POINT('',(-1.5,0.854323083382758,-0.45));
#3523=CARTESIAN_POINT('',(-1.5,0.854323083382758,-0.284858421668995));
#3524=CARTESIAN_POINT('',(-1.51,0.854323083382758,-0.284858421668995));
#3525=CARTESIAN_POINT('',(-1.51,0.854323083382758,-0.284858421668995));
#3526=CARTESIAN_POINT('',(-1.51,0.854323083382758,-0.284858421668995));
#3527=CARTESIAN_POINT('',(-1.51,0.692178497462531,-0.284858421668995));
#3528=CARTESIAN_POINT('',(-1.5,0.483503743991075,-0.284858421668995));
#3529=CARTESIAN_POINT('',(-1.51,0.692178497462531,-0.284858421668995));
#3530=CARTESIAN_POINT('',(-1.51,1.48277714386219,1.62630325872826E-16));
#3531=CARTESIAN_POINT('',(-1.51,0.197677249465507,-0.359585926484404));
#3532=CARTESIAN_POINT('',(-1.5,0.197677249465507,-0.45));
#3533=CARTESIAN_POINT('',(-1.5,0.197677249465507,-0.359585926484404));
#3534=CARTESIAN_POINT('',(-1.5,0.197677249465507,-0.284858421668995));
#3535=CARTESIAN_POINT('',(-1.51,0.197677249465507,-0.284858421668995));
#3536=CARTESIAN_POINT('',(-1.51,0.197677249465507,-0.284858421668995));
#3537=CARTESIAN_POINT('',(-1.51,0.197677249465507,-0.359585926484404));
#3538=CARTESIAN_POINT('',(-1.51,0.197677249465507,-0.359585926484404));
#3539=CARTESIAN_POINT('',(-1.51,0.197677249465507,-0.359585926484404));
#3540=CARTESIAN_POINT('',(-1.51,0.359821835385733,-0.359585926484404));
#3541=CARTESIAN_POINT('',(-1.5,-0.01099750400595,-0.359585926484404));
#3542=CARTESIAN_POINT('',(-1.5,0.359821835385733,-0.359585926484403));
#3543=CARTESIAN_POINT('',(-1.51,0.359821835385733,-0.359585926484404));
#3544=CARTESIAN_POINT('',(-1.51,0.359821835385733,-0.359585926484404));
#3545=CARTESIAN_POINT('',(-1.51,0.359821835385733,-0.359585926484404));
#3546=CARTESIAN_POINT('',(-1.51,0.359821835385733,-0.284858421668995));
#3547=CARTESIAN_POINT('',(-1.5,0.359821835385733,-0.45));
#3548=CARTESIAN_POINT('',(-1.5,0.359821835385733,-0.284858421668995));
#3549=CARTESIAN_POINT('',(-1.51,0.359821835385733,-0.284858421668995));
#3550=CARTESIAN_POINT('',(-1.51,0.359821835385733,-0.284858421668995));
#3551=CARTESIAN_POINT('',(-1.51,0.359821835385733,-0.284858421668995));
#3552=CARTESIAN_POINT('',(-1.51,0.197677249465507,-0.284858421668995));
#3553=CARTESIAN_POINT('',(-1.5,-0.01099750400595,-0.284858421668995));
#3554=CARTESIAN_POINT('',(-1.51,0.197677249465507,-0.284858421668995));
#3555=CARTESIAN_POINT('',(-1.51,0.988275895865168,1.0842021724855E-16));
#3556=CARTESIAN_POINT('',(-1.51,-0.296823998531518,-0.359585926484404));
#3557=CARTESIAN_POINT('',(-1.5,-0.296823998531518,-0.45));
#3558=CARTESIAN_POINT('',(-1.5,-0.296823998531518,-0.359585926484404));
#3559=CARTESIAN_POINT('',(-1.5,-0.296823998531518,-0.284858421668995));
#3560=CARTESIAN_POINT('',(-1.51,-0.296823998531518,-0.284858421668995));
#3561=CARTESIAN_POINT('',(-1.51,-0.296823998531518,-0.284858421668995));
#3562=CARTESIAN_POINT('',(-1.51,-0.296823998531518,-0.359585926484404));
#3563=CARTESIAN_POINT('',(-1.51,-0.296823998531518,-0.359585926484404));
#3564=CARTESIAN_POINT('',(-1.51,-0.296823998531518,-0.359585926484404));
#3565=CARTESIAN_POINT('',(-1.51,-0.134679412611292,-0.359585926484404));
#3566=CARTESIAN_POINT('',(-1.5,-0.505498752002975,-0.359585926484404));
#3567=CARTESIAN_POINT('',(-1.5,-0.134679412611292,-0.359585926484404));
#3568=CARTESIAN_POINT('',(-1.51,-0.134679412611292,-0.359585926484404));
#3569=CARTESIAN_POINT('',(-1.51,-0.134679412611292,-0.359585926484404));
#3570=CARTESIAN_POINT('',(-1.51,-0.134679412611292,-0.359585926484404));
#3571=CARTESIAN_POINT('',(-1.51,-0.134679412611292,-0.284858421668995));
#3572=CARTESIAN_POINT('',(-1.5,-0.134679412611292,-0.45));
#3573=CARTESIAN_POINT('',(-1.5,-0.134679412611292,-0.284858421668995));
#3574=CARTESIAN_POINT('',(-1.51,-0.134679412611292,-0.284858421668995));
#3575=CARTESIAN_POINT('',(-1.51,-0.134679412611292,-0.284858421668995));
#3576=CARTESIAN_POINT('',(-1.51,-0.134679412611292,-0.284858421668995));
#3577=CARTESIAN_POINT('',(-1.51,-0.296823998531518,-0.284858421668995));
#3578=CARTESIAN_POINT('',(-1.5,-0.505498752002975,-0.284858421668995));
#3579=CARTESIAN_POINT('',(-1.51,-0.296823998531518,-0.284858421668995));
#3580=CARTESIAN_POINT('',(-1.51,0.493774647868143,5.42101086242752E-17));
#3581=CARTESIAN_POINT('',(-1.51,-0.791325246528542,-0.359585926484404));
#3582=CARTESIAN_POINT('',(-1.5,-0.791325246528542,-0.45));
#3583=CARTESIAN_POINT('',(-1.5,-0.791325246528542,-0.359585926484404));
#3584=CARTESIAN_POINT('',(-1.5,-0.791325246528542,-0.284858421668995));
#3585=CARTESIAN_POINT('',(-1.51,-0.791325246528542,-0.284858421668995));
#3586=CARTESIAN_POINT('',(-1.51,-0.791325246528542,-0.284858421668995));
#3587=CARTESIAN_POINT('',(-1.51,-0.791325246528542,-0.359585926484404));
#3588=CARTESIAN_POINT('',(-1.51,-0.791325246528542,-0.359585926484404));
#3589=CARTESIAN_POINT('',(-1.51,-0.791325246528542,-0.359585926484404));
#3590=CARTESIAN_POINT('',(-1.51,-0.629180660608316,-0.359585926484404));
#3591=CARTESIAN_POINT('',(-1.5,-0.999999999999999,-0.359585926484404));
#3592=CARTESIAN_POINT('',(-1.5,-0.629180660608316,-0.359585926484404));
#3593=CARTESIAN_POINT('',(-1.51,-0.629180660608316,-0.359585926484404));
#3594=CARTESIAN_POINT('',(-1.51,-0.629180660608316,-0.359585926484404));
#3595=CARTESIAN_POINT('',(-1.51,-0.629180660608316,-0.359585926484404));
#3596=CARTESIAN_POINT('',(-1.51,-0.629180660608316,-0.284858421668995));
#3597=CARTESIAN_POINT('',(-1.5,-0.629180660608316,-0.45));
#3598=CARTESIAN_POINT('',(-1.5,-0.629180660608316,-0.284858421668995));
#3599=CARTESIAN_POINT('',(-1.51,-0.629180660608316,-0.284858421668995));
#3600=CARTESIAN_POINT('',(-1.51,-0.629180660608316,-0.284858421668995));
#3601=CARTESIAN_POINT('',(-1.51,-0.629180660608316,-0.284858421668995));
#3602=CARTESIAN_POINT('',(-1.51,-0.791325246528542,-0.284858421668995));
#3603=CARTESIAN_POINT('',(-1.5,-0.999999999999999,-0.284858421668995));
#3604=CARTESIAN_POINT('',(-1.51,-0.791325246528542,-0.284858421668995));
#3605=CARTESIAN_POINT('',(-1.51,-0.000726600128881424,0.));
#3606=CARTESIAN_POINT('',(-1.5,-0.999999999999999,-0.45));
#3607=CARTESIAN_POINT('',(-1.5,-0.97517932421875,-0.45));
#3608=CARTESIAN_POINT('',(-1.5,-0.97517932421875,-0.405179324218751));
#3609=CARTESIAN_POINT('',(-1.5,-0.97517932421875,-0.0248206757812489));
#3610=CARTESIAN_POINT('',(-1.5,-0.999999999999999,-0.0248206757812489));
#3611=CARTESIAN_POINT('',(-1.5,0.97517932421875,-0.0248206757812489));
#3612=CARTESIAN_POINT('',(-1.5,0.97517932421875,-0.45));
#3613=CARTESIAN_POINT('',(-1.5,0.97517932421875,-0.405179324218751));
#3614=CARTESIAN_POINT('',(-1.5,-0.999999999999999,-0.405179324218751));
#3615=CARTESIAN_POINT('',(1.05,-0.875,-0.43));
#3616=CARTESIAN_POINT('',(1.05,-0.875,-0.45));
#3617=CARTESIAN_POINT('',(1.05,-0.875,-0.45));
#3618=CARTESIAN_POINT('',(1.4,-0.875,-0.45));
#3619=CARTESIAN_POINT('',(1.4,-0.875,-0.43));
#3620=CARTESIAN_POINT('',(1.4,-0.875,-0.43));
#3621=CARTESIAN_POINT('',(-2.16840434497101E-16,-0.875,-0.43));
#3622=CARTESIAN_POINT('',(1.05,-0.875,-0.43));
#3623=CARTESIAN_POINT('',(1.05,-0.875,-0.43));
#3624=CARTESIAN_POINT('',(1.4,-0.875,-0.43));
#3625=CARTESIAN_POINT('',(1.4,-0.875,-0.45));
#3626=CARTESIAN_POINT('',(1.4,-0.625,-0.45));
#3627=CARTESIAN_POINT('',(1.4,-0.625,-0.43));
#3628=CARTESIAN_POINT('',(1.4,-0.625,-0.43));
#3629=CARTESIAN_POINT('',(1.4,-1.5,-0.43));
#3630=CARTESIAN_POINT('',(1.4,-0.625,-0.43));
#3631=CARTESIAN_POINT('',(1.4,-0.625,-0.45));
#3632=CARTESIAN_POINT('',(1.05,-0.625,-0.45));
#3633=CARTESIAN_POINT('',(1.05,-0.625,-0.43));
#3634=CARTESIAN_POINT('',(1.05,-0.625,-0.43));
#3635=CARTESIAN_POINT('',(-2.16840434497101E-16,-0.625,-0.43));
#3636=CARTESIAN_POINT('',(1.05,-0.625,-0.43));
#3637=CARTESIAN_POINT('',(1.05,-0.625,-0.45));
#3638=CARTESIAN_POINT('',(1.05,-1.5,-0.43));
#3639=CARTESIAN_POINT('',(-2.16840434497101E-16,-1.5,-0.45));
#3640=CARTESIAN_POINT('',(1.05,-0.375,-0.43));
#3641=CARTESIAN_POINT('',(1.05,-0.375,-0.45));
#3642=CARTESIAN_POINT('',(1.05,-0.375,-0.45));
#3643=CARTESIAN_POINT('',(1.4,-0.375,-0.45));
#3644=CARTESIAN_POINT('',(1.4,-0.375,-0.43));
#3645=CARTESIAN_POINT('',(1.4,-0.375,-0.43));
#3646=CARTESIAN_POINT('',(-2.16840434497101E-16,-0.375,-0.43));
#3647=CARTESIAN_POINT('',(1.05,-0.375,-0.43));
#3648=CARTESIAN_POINT('',(1.05,-0.375,-0.43));
#3649=CARTESIAN_POINT('',(1.4,-0.375,-0.43));
#3650=CARTESIAN_POINT('',(1.4,-0.375,-0.45));
#3651=CARTESIAN_POINT('',(1.4,-0.125,-0.45));
#3652=CARTESIAN_POINT('',(1.4,-0.125,-0.43));
#3653=CARTESIAN_POINT('',(1.4,-0.125,-0.43));
#3654=CARTESIAN_POINT('',(1.4,-1.,-0.43));
#3655=CARTESIAN_POINT('',(1.4,-0.125,-0.43));
#3656=CARTESIAN_POINT('',(1.4,-0.125,-0.45));
#3657=CARTESIAN_POINT('',(1.05,-0.125,-0.45));
#3658=CARTESIAN_POINT('',(1.05,-0.125,-0.43));
#3659=CARTESIAN_POINT('',(1.05,-0.125,-0.43));
#3660=CARTESIAN_POINT('',(-2.16840434497101E-16,-0.125,-0.43));
#3661=CARTESIAN_POINT('',(1.05,-0.125,-0.43));
#3662=CARTESIAN_POINT('',(1.05,-0.125,-0.45));
#3663=CARTESIAN_POINT('',(1.05,-1.,-0.43));
#3664=CARTESIAN_POINT('',(-2.16840434497101E-16,-1.,-0.45));
#3665=CARTESIAN_POINT('',(1.05,0.125,-0.43));
#3666=CARTESIAN_POINT('',(1.05,0.125,-0.45));
#3667=CARTESIAN_POINT('',(1.05,0.125,-0.45));
#3668=CARTESIAN_POINT('',(1.4,0.125,-0.45));
#3669=CARTESIAN_POINT('',(1.4,0.125,-0.43));
#3670=CARTESIAN_POINT('',(1.4,0.125,-0.43));
#3671=CARTESIAN_POINT('',(0.,0.125,-0.43));
#3672=CARTESIAN_POINT('',(1.05,0.125,-0.43));
#3673=CARTESIAN_POINT('',(1.05,0.125,-0.43));
#3674=CARTESIAN_POINT('',(1.4,0.125,-0.43));
#3675=CARTESIAN_POINT('',(1.4,0.125,-0.45));
#3676=CARTESIAN_POINT('',(1.4,0.375,-0.45));
#3677=CARTESIAN_POINT('',(1.4,0.375,-0.43));
#3678=CARTESIAN_POINT('',(1.4,0.375,-0.43));
#3679=CARTESIAN_POINT('',(1.4,-0.5,-0.43));
#3680=CARTESIAN_POINT('',(1.4,0.375,-0.43));
#3681=CARTESIAN_POINT('',(1.4,0.375,-0.45));
#3682=CARTESIAN_POINT('',(1.05,0.375,-0.45));
#3683=CARTESIAN_POINT('',(1.05,0.375,-0.43));
#3684=CARTESIAN_POINT('',(1.05,0.375,-0.43));
#3685=CARTESIAN_POINT('',(0.,0.375,-0.43));
#3686=CARTESIAN_POINT('',(1.05,0.375,-0.43));
#3687=CARTESIAN_POINT('',(1.05,0.375,-0.45));
#3688=CARTESIAN_POINT('',(1.05,-0.5,-0.43));
#3689=CARTESIAN_POINT('',(0.,-0.5,-0.45));
#3690=CARTESIAN_POINT('',(1.05,0.875,-0.43));
#3691=CARTESIAN_POINT('',(1.05,0.875,-0.45));
#3692=CARTESIAN_POINT('',(1.05,0.875,-0.45));
#3693=CARTESIAN_POINT('',(1.05,0.625,-0.45));
#3694=CARTESIAN_POINT('',(1.05,0.625,-0.43));
#3695=CARTESIAN_POINT('',(1.05,0.625,-0.43));
#3696=CARTESIAN_POINT('',(1.05,0.,-0.43));
#3697=CARTESIAN_POINT('',(1.05,0.875,-0.43));
#3698=CARTESIAN_POINT('',(1.05,0.875,-0.43));
#3699=CARTESIAN_POINT('',(1.05,0.625,-0.43));
#3700=CARTESIAN_POINT('',(1.05,0.625,-0.45));
#3701=CARTESIAN_POINT('',(1.4,0.625,-0.45));
#3702=CARTESIAN_POINT('',(1.4,0.625,-0.43));
#3703=CARTESIAN_POINT('',(1.4,0.625,-0.43));
#3704=CARTESIAN_POINT('',(0.,0.625,-0.43));
#3705=CARTESIAN_POINT('',(1.4,0.625,-0.43));
#3706=CARTESIAN_POINT('',(1.4,0.625,-0.45));
#3707=CARTESIAN_POINT('',(1.4,0.875,-0.45));
#3708=CARTESIAN_POINT('',(1.4,0.875,-0.43));
#3709=CARTESIAN_POINT('',(1.4,0.875,-0.43));
#3710=CARTESIAN_POINT('',(1.4,0.,-0.43));
#3711=CARTESIAN_POINT('',(1.4,0.875,-0.43));
#3712=CARTESIAN_POINT('',(1.4,0.875,-0.45));
#3713=CARTESIAN_POINT('',(0.,0.875,-0.43));
#3714=CARTESIAN_POINT('',(0.,0.,-0.45));
#3715=CARTESIAN_POINT('',(-1.05,-0.625,-0.43));
#3716=CARTESIAN_POINT('',(-1.05,-0.625,-0.45));
#3717=CARTESIAN_POINT('',(-1.05,-0.625,-0.45));
#3718=CARTESIAN_POINT('',(-1.05,-0.875,-0.45));
#3719=CARTESIAN_POINT('',(-1.05,-0.625,-0.43));
#3720=CARTESIAN_POINT('',(-1.05,-0.625,-0.43));
#3721=CARTESIAN_POINT('',(-1.05,-0.625,-0.43));
#3722=CARTESIAN_POINT('',(-1.05,-0.875,-0.43));
#3723=CARTESIAN_POINT('',(-1.05,-0.875,-0.43));
#3724=CARTESIAN_POINT('',(-1.05,-0.875,-0.43));
#3725=CARTESIAN_POINT('',(-1.05,-0.875,-0.45));
#3726=CARTESIAN_POINT('',(-1.4,-0.875,-0.45));
#3727=CARTESIAN_POINT('',(-1.05,-0.875,-0.43));
#3728=CARTESIAN_POINT('',(-1.4,-0.875,-0.43));
#3729=CARTESIAN_POINT('',(-1.4,-0.875,-0.43));
#3730=CARTESIAN_POINT('',(-1.4,-0.875,-0.43));
#3731=CARTESIAN_POINT('',(-1.4,-0.875,-0.45));
#3732=CARTESIAN_POINT('',(-1.4,-0.625,-0.45));
#3733=CARTESIAN_POINT('',(-1.4,-0.875,-0.43));
#3734=CARTESIAN_POINT('',(-1.4,-0.625,-0.43));
#3735=CARTESIAN_POINT('',(-1.4,-0.625,-0.43));
#3736=CARTESIAN_POINT('',(-1.4,-0.625,-0.43));
#3737=CARTESIAN_POINT('',(-1.4,-0.625,-0.45));
#3738=CARTESIAN_POINT('',(-1.4,-0.625,-0.43));
#3739=CARTESIAN_POINT('',(2.16840434497101E-16,-1.5,-0.45));
#3740=CARTESIAN_POINT('',(-1.05,-0.125,-0.43));
#3741=CARTESIAN_POINT('',(-1.05,-0.125,-0.45));
#3742=CARTESIAN_POINT('',(-1.05,-0.125,-0.45));
#3743=CARTESIAN_POINT('',(-1.05,-0.375,-0.45));
#3744=CARTESIAN_POINT('',(-1.05,-0.125,-0.43));
#3745=CARTESIAN_POINT('',(-1.05,-0.125,-0.43));
#3746=CARTESIAN_POINT('',(-1.05,-0.125,-0.43));
#3747=CARTESIAN_POINT('',(-1.05,-0.375,-0.43));
#3748=CARTESIAN_POINT('',(-1.05,-0.375,-0.43));
#3749=CARTESIAN_POINT('',(-1.05,-0.375,-0.43));
#3750=CARTESIAN_POINT('',(-1.05,-0.375,-0.45));
#3751=CARTESIAN_POINT('',(-1.4,-0.375,-0.45));
#3752=CARTESIAN_POINT('',(-1.05,-0.375,-0.43));
#3753=CARTESIAN_POINT('',(-1.4,-0.375,-0.43));
#3754=CARTESIAN_POINT('',(-1.4,-0.375,-0.43));
#3755=CARTESIAN_POINT('',(-1.4,-0.375,-0.43));
#3756=CARTESIAN_POINT('',(-1.4,-0.375,-0.45));
#3757=CARTESIAN_POINT('',(-1.4,-0.125,-0.45));
#3758=CARTESIAN_POINT('',(-1.4,-0.375,-0.43));
#3759=CARTESIAN_POINT('',(-1.4,-0.125,-0.43));
#3760=CARTESIAN_POINT('',(-1.4,-0.125,-0.43));
#3761=CARTESIAN_POINT('',(-1.4,-0.125,-0.43));
#3762=CARTESIAN_POINT('',(-1.4,-0.125,-0.45));
#3763=CARTESIAN_POINT('',(-1.4,-0.125,-0.43));
#3764=CARTESIAN_POINT('',(2.16840434497101E-16,-1.,-0.45));
#3765=CARTESIAN_POINT('',(-1.05,0.375,-0.43));
#3766=CARTESIAN_POINT('',(-1.05,0.375,-0.45));
#3767=CARTESIAN_POINT('',(-1.05,0.375,-0.45));
#3768=CARTESIAN_POINT('',(-1.05,0.125,-0.45));
#3769=CARTESIAN_POINT('',(-1.05,0.375,-0.43));
#3770=CARTESIAN_POINT('',(-1.05,0.375,-0.43));
#3771=CARTESIAN_POINT('',(-1.05,0.375,-0.43));
#3772=CARTESIAN_POINT('',(-1.05,0.125,-0.43));
#3773=CARTESIAN_POINT('',(-1.05,0.125,-0.43));
#3774=CARTESIAN_POINT('',(-1.05,0.125,-0.43));
#3775=CARTESIAN_POINT('',(-1.05,0.125,-0.45));
#3776=CARTESIAN_POINT('',(-1.4,0.125,-0.45));
#3777=CARTESIAN_POINT('',(-1.05,0.125,-0.43));
#3778=CARTESIAN_POINT('',(-1.4,0.125,-0.43));
#3779=CARTESIAN_POINT('',(-1.4,0.125,-0.43));
#3780=CARTESIAN_POINT('',(-1.4,0.125,-0.43));
#3781=CARTESIAN_POINT('',(-1.4,0.125,-0.45));
#3782=CARTESIAN_POINT('',(-1.4,0.375,-0.45));
#3783=CARTESIAN_POINT('',(-1.4,0.125,-0.43));
#3784=CARTESIAN_POINT('',(-1.4,0.375,-0.43));
#3785=CARTESIAN_POINT('',(-1.4,0.375,-0.43));
#3786=CARTESIAN_POINT('',(-1.4,0.375,-0.43));
#3787=CARTESIAN_POINT('',(-1.4,0.375,-0.45));
#3788=CARTESIAN_POINT('',(-1.4,0.375,-0.43));
#3789=CARTESIAN_POINT('',(0.,-0.5,-0.45));
#3790=CARTESIAN_POINT('',(1.5,-0.999999999999999,-0.45));
#3791=CARTESIAN_POINT('',(1.47517932421875,-0.999999999999999,-0.45));
#3792=CARTESIAN_POINT('',(1.47517932421875,-0.999999999999999,-0.405179324218751));
#3793=CARTESIAN_POINT('',(1.47517932421875,-0.999999999999999,-0.0248206757812489));
#3794=CARTESIAN_POINT('',(1.5,-0.999999999999999,-0.0248206757812489));
#3795=CARTESIAN_POINT('',(-1.47517932421875,-0.999999999999999,-0.0248206757812489));
#3796=CARTESIAN_POINT('',(-1.47517932421875,-0.999999999999999,-0.45));
#3797=CARTESIAN_POINT('',(-1.47517932421875,-0.999999999999999,-0.405179324218751));
#3798=CARTESIAN_POINT('',(1.5,-0.999999999999999,-0.405179324218751));
#3799=CARTESIAN_POINT('',(-1.5,0.999999999999999,-0.45));
#3800=CARTESIAN_POINT('',(-1.47517932421875,0.999999999999999,-0.45));
#3801=CARTESIAN_POINT('',(-1.47517932421875,0.999999999999999,-0.405179324218751));
#3802=CARTESIAN_POINT('',(-1.47517932421875,0.999999999999999,-0.0248206757812489));
#3803=CARTESIAN_POINT('',(-1.5,0.999999999999999,-0.0248206757812489));
#3804=CARTESIAN_POINT('',(1.47517932421875,0.999999999999999,-0.0248206757812489));
#3805=CARTESIAN_POINT('',(1.47517932421875,0.999999999999999,-0.45));
#3806=CARTESIAN_POINT('',(1.47517932421875,0.999999999999999,-0.405179324218751));
#3807=CARTESIAN_POINT('',(-1.5,0.999999999999999,-0.405179324218751));
#3808=CARTESIAN_POINT('',(0.,0.,0.));
#3809=CARTESIAN_POINT('',(-1.47517932421875,0.,0.));
#3810=CARTESIAN_POINT('',(-1.47517932421875,0.97517932421875,0.));
#3811=CARTESIAN_POINT('',(-1.47517932421875,-0.97517932421875,0.));
#3812=CARTESIAN_POINT('',(0.,-0.97517932421875,0.));
#3813=CARTESIAN_POINT('',(1.47517932421875,-0.97517932421875,0.));
#3814=CARTESIAN_POINT('',(1.47517932421875,0.,0.));
#3815=CARTESIAN_POINT('',(1.47517932421875,0.97517932421875,0.));
#3816=CARTESIAN_POINT('',(0.,0.97517932421875,0.));
#3817=CARTESIAN_POINT('',(1.31516448050082,-0.829269459819464,0.));
#3818=CARTESIAN_POINT('',(1.25620442752822,-0.829269459819464,0.));
#3819=CARTESIAN_POINT('',(0.1,-0.681095294656807,-0.43));
#3820=CARTESIAN_POINT('',(0.1,-0.681095294656807,-0.45));
#3821=CARTESIAN_POINT('',(0.1,-0.681095294656807,-0.45));
#3822=CARTESIAN_POINT('',(0.1,0.8,-0.45));
#3823=CARTESIAN_POINT('',(0.1,0.8,-0.43));
#3824=CARTESIAN_POINT('',(0.1,0.8,-0.43));
#3825=CARTESIAN_POINT('',(0.1,-0.681095294656807,-0.43));
#3826=CARTESIAN_POINT('',(0.1,-0.681095294656807,-0.43));
#3827=CARTESIAN_POINT('',(0.1,-0.681095294656807,-0.43));
#3828=CARTESIAN_POINT('',(0.1,0.8,-0.43));
#3829=CARTESIAN_POINT('',(0.1,0.8,-0.45));
#3830=CARTESIAN_POINT('',(-0.1,0.8,-0.45));
#3831=CARTESIAN_POINT('',(-0.1,0.8,-0.43));
#3832=CARTESIAN_POINT('',(-0.1,0.8,-0.43));
#3833=CARTESIAN_POINT('',(0.1,0.8,-0.43));
#3834=CARTESIAN_POINT('',(-0.1,0.8,-0.43));
#3835=CARTESIAN_POINT('',(-0.1,0.8,-0.45));
#3836=CARTESIAN_POINT('',(-0.1,-0.8,-0.45));
#3837=CARTESIAN_POINT('',(-0.1,-0.8,-0.43));
#3838=CARTESIAN_POINT('',(-0.1,-0.8,-0.43));
#3839=CARTESIAN_POINT('',(-0.1,0.8,-0.43));
#3840=CARTESIAN_POINT('',(-0.1,-0.8,-0.43));
#3841=CARTESIAN_POINT('',(-0.1,-0.8,-0.45));
#3842=CARTESIAN_POINT('',(-5.42101086242752E-17,-0.8,-0.45));
#3843=CARTESIAN_POINT('',(0.,-0.8,-0.43));
#3844=CARTESIAN_POINT('',(0.,-0.8,-0.43));
#3845=CARTESIAN_POINT('',(-0.1,-0.8,-0.43));
#3846=CARTESIAN_POINT('',(-1.05,0.625,-0.43));
#3847=CARTESIAN_POINT('',(-1.05,0.625,-0.45));
#3848=CARTESIAN_POINT('',(-1.05,0.625,-0.45));
#3849=CARTESIAN_POINT('',(-1.4,0.625,-0.45));
#3850=CARTESIAN_POINT('',(-1.05,0.625,-0.43));
#3851=CARTESIAN_POINT('',(-1.05,0.625,-0.43));
#3852=CARTESIAN_POINT('',(-1.05,0.625,-0.43));
#3853=CARTESIAN_POINT('',(-1.4,0.625,-0.43));
#3854=CARTESIAN_POINT('',(-1.4,0.625,-0.43));
#3855=CARTESIAN_POINT('',(-1.05,0.875,-0.43));
#3856=CARTESIAN_POINT('',(-1.05,0.875,-0.45));
#3857=CARTESIAN_POINT('',(-1.05,0.875,-0.45));
#3858=CARTESIAN_POINT('',(-1.05,0.875,-0.43));
#3859=CARTESIAN_POINT('',(-1.05,0.875,-0.43));
#3860=CARTESIAN_POINT('',(-1.05,0.875,-0.43));
#3861=CARTESIAN_POINT('',(-1.4,0.875,-0.43));
#3862=CARTESIAN_POINT('',(-1.4,0.875,-0.45));
#3863=CARTESIAN_POINT('',(-1.4,0.875,-0.45));
#3864=CARTESIAN_POINT('',(-1.4,0.875,-0.43));
#3865=CARTESIAN_POINT('',(-1.4,0.875,-0.43));
#3866=CARTESIAN_POINT('',(-1.4,0.875,-0.43));
#3867=CARTESIAN_POINT('',(-1.4,0.625,-0.43));
#3868=CARTESIAN_POINT('',(-1.4,0.625,-0.45));
#3869=CARTESIAN_POINT('',(-1.4,0.625,-0.43));
#3870=CARTESIAN_POINT('',(0.,-0.8,-0.43));
#3871=CARTESIAN_POINT('',(0.,-0.8,-0.45));
#3872=CARTESIAN_POINT('',(0.,-0.8,-0.43));
#3873=CARTESIAN_POINT('',(0.,0.,-0.43));
#3874=CARTESIAN_POINT('',(1.47517932421875,-0.999999999999999,-0.43));
#3875=CARTESIAN_POINT('',(1.47517932421875,0.97517932421875,-0.43));
#3876=CARTESIAN_POINT('',(1.47517932421875,-0.97517932421875,-0.43));
#3877=CARTESIAN_POINT('',(-1.5,-0.97517932421875,-0.43));
#3878=CARTESIAN_POINT('',(-1.47517932421875,-0.97517932421875,-0.43));
#3879=CARTESIAN_POINT('',(-1.47517932421875,0.999999999999999,-0.43));
#3880=CARTESIAN_POINT('',(-1.47517932421875,0.97517932421875,-0.43));
#3881=CARTESIAN_POINT('',(1.5,0.97517932421875,-0.43));
#3882=CARTESIAN_POINT('',(0.,0.,-0.45));
#3883=CARTESIAN_POINT('',(0.,0.,-0.45));
#3884=CARTESIAN_POINT('',(1.31516448050082,-0.829269459819464,-0.0224562226203398));
#3885=CARTESIAN_POINT('',(1.31516448050082,-0.829269459819464,-0.0224562226203398));
#3886=CARTESIAN_POINT('',(1.25620442752822,-0.829269459819464,-0.0224562226203398));
#3887=CARTESIAN_POINT('',(1.31516448050082,-0.829269459819464,-0.0224562226203398));
#3888=CARTESIAN_POINT('',(0.,0.97517932421875,-0.405179324218751));
#3889=CARTESIAN_POINT('',(1.47517932421875,0.97517932421875,-0.405179324218751));
#3890=CARTESIAN_POINT('',(-1.47517932421875,0.97517932421875,-0.405179324218751));
#3891=CARTESIAN_POINT('',(1.47517932421875,0.97517932421875,-0.405179324218751));
#3892=CARTESIAN_POINT('',(1.47517932421875,0.97517932421875,-0.405179324218751));
#3893=CARTESIAN_POINT('',(1.47517932421875,0.97517932421875,-0.405179324218751));
#3894=CARTESIAN_POINT('',(-1.47517932421875,0.97517932421875,-0.405179324218751));
#3895=CARTESIAN_POINT('',(-1.47517932421875,0.97517932421875,-0.405179324218751));
#3896=CARTESIAN_POINT('',(-1.47517932421875,0.97517932421875,-0.405179324218751));
#3897=CARTESIAN_POINT('',(1.47517932421875,0.97517932421875,-0.45));
#3898=CARTESIAN_POINT('',(1.47517932421875,0.97517932421875,-0.0248206757812489));
#3899=CARTESIAN_POINT('',(1.47517932421875,0.,-0.405179324218751));
#3900=CARTESIAN_POINT('',(1.47517932421875,-0.97517932421875,-0.405179324218751));
#3901=CARTESIAN_POINT('',(0.,-0.97517932421875,-0.405179324218751));
#3902=CARTESIAN_POINT('',(-1.47517932421875,-0.97517932421875,-0.405179324218751));
#3903=CARTESIAN_POINT('',(1.47517932421875,-0.97517932421875,-0.405179324218751));
#3904=CARTESIAN_POINT('',(-1.47517932421875,0.,-0.405179324218751));
#3905=CARTESIAN_POINT('',(-1.47517932421875,-0.97517932421875,-0.405179324218751));
#3906=CARTESIAN_POINT('',(-1.47517932421875,0.97517932421875,-0.45));
#3907=CARTESIAN_POINT('',(-1.47517932421875,0.97517932421875,-0.0248206757812489));
#3908=CARTESIAN_POINT('',(-1.5,0.97517932421875,-0.0248206757812489));
#3909=CARTESIAN_POINT('',(1.47517932421875,0.97517932421875,-0.0248206757812489));
#3910=CARTESIAN_POINT('',(-1.47517932421875,0.97517932421875,-0.0248206757812489));
#3911=CARTESIAN_POINT('',(1.47517932421875,0.97517932421875,-0.0248206757812489));
#3912=CARTESIAN_POINT('',(1.47517932421875,0.97517932421875,-0.0248206757812489));
#3913=CARTESIAN_POINT('',(1.47517932421875,-0.97517932421875,-0.405179324218751));
#3914=CARTESIAN_POINT('',(1.47517932421875,-0.97517932421875,-0.405179324218751));
#3915=CARTESIAN_POINT('',(-1.47517932421875,-0.97517932421875,-0.405179324218751));
#3916=CARTESIAN_POINT('',(-1.47517932421875,-0.97517932421875,-0.405179324218751));
#3917=CARTESIAN_POINT('',(-1.47517932421875,0.97517932421875,-0.0248206757812489));
#3918=CARTESIAN_POINT('',(-1.47517932421875,0.97517932421875,-0.0248206757812489));
#3919=CARTESIAN_POINT('',(1.47517932421875,0.999999999999999,-0.0248206757812489));
#3920=CARTESIAN_POINT('',(1.47517932421875,-0.97517932421875,-0.0248206757812489));
#3921=CARTESIAN_POINT('',(1.47517932421875,-0.97517932421875,-0.45));
#3922=CARTESIAN_POINT('',(1.47517932421875,-0.97517932421875,-0.0248206757812489));
#3923=CARTESIAN_POINT('',(-1.47517932421875,-0.97517932421875,-0.45));
#3924=CARTESIAN_POINT('',(-1.47517932421875,-0.97517932421875,-0.0248206757812489));
#3925=CARTESIAN_POINT('',(-1.47517932421875,-0.999999999999999,-0.0248206757812489));
#3926=CARTESIAN_POINT('',(-1.47517932421875,-0.97517932421875,-0.0248206757812489));
#3927=CARTESIAN_POINT('',(1.47517932421875,-0.97517932421875,-0.0248206757812489));
#3928=CARTESIAN_POINT('',(1.47517932421875,-0.97517932421875,-0.0248206757812489));
#3929=CARTESIAN_POINT('',(-1.47517932421875,-0.97517932421875,-0.0248206757812489));
#3930=CARTESIAN_POINT('',(-1.47517932421875,-0.97517932421875,-0.0248206757812489));
#3931=CARTESIAN_POINT('',(1.5,-0.97517932421875,-0.0248206757812489));
#3932=MECHANICAL_DESIGN_GEOMETRIC_PRESENTATION_REPRESENTATION('',(#1824,
#1825,#1826,#1827,#1828,#1829,#1830,#1831,#1832,#1833,#1834,#1835,#1836,
#1837,#1838,#1839,#1840,#1841,#1842,#1843,#1844,#1845,#1846,#1847,#1848,
#1849,#1850,#1851,#1852,#1853,#1854,#1855,#1856,#1857,#1858,#1859,#1860,
#1861,#1862,#1863,#1864,#1865,#1866,#1867,#1868,#1869,#1870,#1871,#1872,
#1873,#1874,#1875,#1876,#1877,#1878,#1879,#1880,#1881,#1882,#1883,#1884,
#1885,#1886,#1887,#1888,#1889,#1890,#1891,#1892,#1893,#1894,#1895,#1896,
#1897,#1898,#1899,#1900,#1901,#1902,#1903,#1904,#1905,#1906,#1907,#1908,
#1909,#1910,#1911,#1912,#1913,#1914,#1915,#1916,#1917,#1918,#1919,#1920,
#1921,#1922,#1923,#1924,#1925,#1926,#1927,#1928,#1929,#1930,#1931,#1932,
#1933,#1934,#1935,#1936,#1937),#3933);
#3933=(
GEOMETRIC_REPRESENTATION_CONTEXT(3)
GLOBAL_UNCERTAINTY_ASSIGNED_CONTEXT((#3934))
GLOBAL_UNIT_ASSIGNED_CONTEXT((#3937,#3936,#3935))
REPRESENTATION_CONTEXT('GD25Q16EEIGR','TOP_LEVEL_ASSEMBLY_PART')
);
#3934=UNCERTAINTY_MEASURE_WITH_UNIT(LENGTH_MEASURE(0.005),#3937,
'DISTANCE_ACCURACY_VALUE','Maximum Tolerance applied to model');
#3935=(
NAMED_UNIT(*)
SI_UNIT($,.STERADIAN.)
SOLID_ANGLE_UNIT()
);
#3936=(
NAMED_UNIT(*)
PLANE_ANGLE_UNIT()
SI_UNIT($,.RADIAN.)
);
#3937=(
LENGTH_UNIT()
NAMED_UNIT(*)
SI_UNIT(.MILLI.,.METRE.)
);
#3938=PRODUCT_DEFINITION_SHAPE('','',#3939);
#3939=PRODUCT_DEFINITION('','',#3941,#3940);
#3940=PRODUCT_DEFINITION_CONTEXT('',#3947,'design');
#3941=PRODUCT_DEFINITION_FORMATION_WITH_SPECIFIED_SOURCE('','',#3943,
 .NOT_KNOWN.);
#3942=PRODUCT_RELATED_PRODUCT_CATEGORY('','',(#3943));
#3943=PRODUCT('GD25Q16EEIGR','GD25Q16EEIGR','GD25Q16EEIGR',(#3945));
#3944=PRODUCT_CATEGORY('','');
#3945=PRODUCT_CONTEXT('',#3947,'mechanical');
#3946=APPLICATION_PROTOCOL_DEFINITION('international standard',
'automotive_design',2010,#3947);
#3947=APPLICATION_CONTEXT(
'core data for automotive mechanical design processes');
ENDSEC;
END-ISO-10303-21;
