ISO-10303-21;
HEADER;
FILE_DESCRIPTION (( 'STEP AP214' ),
    '1' );
FILE_NAME ('VQFN-HR-9_L3.0-W2.0-P0.50-BL_TI_TPS6281XXXXX.STEP',
    '2022-04-11T03:48:17',
    ( 'PC' ),
    ( 'Microsoft' ),
    'SwSTEP 2.0',
    'SolidWorks 2020',
    '' );
FILE_SCHEMA (( 'AUTOMOTIVE_DESIGN' ));
ENDSEC;

DATA;
#1 = EDGE_LOOP ( 'NONE', ( #4471, #743, #905, #5690 ) ) ;
#2 = CARTESIAN_POINT ( 'NONE',  ( -1.000000000000000000, 0.1000000000000000472, 0.0000000000000000000 ) ) ;
#3 = ORIENTED_EDGE ( 'NONE', *, *, #320, .F. ) ;
#4 = CARTESIAN_POINT ( 'NONE',  ( 1.493979371535142684E-16, -0.8749999999999997780, 0.0000000000000000000 ) ) ;
#5 = FILL_AREA_STYLE_COLOUR ( '', #965 ) ;
#6 = PRESENTATION_LAYER_ASSIGNMENT (  '', '', ( #1681 ) ) ;
#7 = CARTESIAN_POINT ( 'NONE',  ( -0.9999999999999995559, -1.500000000000000222, 0.9499999999999999556 ) ) ;
#8 = ADVANCED_FACE ( 'NONE', ( #7340 ), #4491, .F. ) ;
#9 = CARTESIAN_POINT ( 'NONE',  ( -0.2544415823575082447, 0.1505257256572536395, 0.0000000000000000000 ) ) ;
#10 = CARTESIAN_POINT ( 'NONE',  ( -0.6226458158190147918, 1.129698944080104184, 0.9499999999999999556 ) ) ;
#11 = DIRECTION ( 'NONE',  ( 1.000000000000000000, 3.653612800430614822E-15, 0.0000000000000000000 ) ) ;
#12 = ORIENTED_EDGE ( 'NONE', *, *, #6197, .T. ) ;
#13 = PLANE ( 'NONE',  #2364 ) ;
#14 = PRESENTATION_LAYER_ASSIGNMENT (  '', '', ( #3266 ) ) ;
#15 = EDGE_CURVE ( 'NONE', #2347, #5115, #6255, .T. ) ;
#16 = ORIENTED_EDGE ( 'NONE', *, *, #6727, .T. ) ;
#17 = CARTESIAN_POINT ( 'NONE',  ( 0.06994866154493213639, 0.1724769451694477540, 0.0000000000000000000 ) ) ;
#18 = PRESENTATION_LAYER_ASSIGNMENT (  '', '', ( #1107 ) ) ;
#19 = CARTESIAN_POINT ( 'NONE',  ( 0.01141207617907779269, 0.3505257256572525404, 0.0000000000000000000 ) ) ;
#20 = EDGE_CURVE ( 'NONE', #5604, #6555, #3634, .T. ) ;
#21 = ORIENTED_EDGE ( 'NONE', *, *, #879, .T. ) ;
#22 = CARTESIAN_POINT ( 'NONE',  ( 0.1358023200815176301, 0.1608915793157891516, 0.0000000000000000000 ) ) ;
#23 = CARTESIAN_POINT ( 'NONE',  ( -0.7250000000000000888, -1.509999999999999787, 0.1799999999999999933 ) ) ;
#24 = CARTESIAN_POINT ( 'NONE',  ( 0.3750000000000000000, -1.509999999999999787, 0.1799999999999999933 ) ) ;
#25 = CARTESIAN_POINT ( 'NONE',  ( 0.1440905517684549497, 0.3223482394667615547, 0.01000000000000000021 ) ) ;
#26 = AXIS2_PLACEMENT_3D ( 'NONE', #4044, #6922, #2922 ) ;
#27 = FILL_AREA_STYLE ('',( #5173 ) ) ;
#28 = PRESENTATION_LAYER_ASSIGNMENT (  '', '', ( #3278 ) ) ;
#29 = CARTESIAN_POINT ( 'NONE',  ( -0.6226458158190147918, 1.105425654952417069, 0.9499999999999998446 ) ) ;
#30 = EDGE_LOOP ( 'NONE', ( #6622, #6105, #4034, #1543 ) ) ;
#31 = VERTEX_POINT ( 'NONE', #701 ) ;
#32 = UNCERTAINTY_MEASURE_WITH_UNIT (LENGTH_MEASURE( 1.000000000000000082E-05 ), #3224, 'distance_accuracy_value', 'NONE');
#33 = CARTESIAN_POINT ( 'NONE',  ( 0.1871361615449324001, 0.1700379207792039049, 0.01000000000000000021 ) ) ;
#34 = AXIS2_PLACEMENT_3D ( 'NONE', #4083, #723, #1253 ) ;
#35 = VERTEX_POINT ( 'NONE', #6848 ) ;
#36 = DIRECTION ( 'NONE',  ( -1.000000000000000000, 1.707404996040165251E-16, 0.0000000000000000000 ) ) ;
#37 = VERTEX_POINT ( 'NONE', #55 ) ;
#38 = CARTESIAN_POINT ( 'NONE',  ( 0.4040950030083466094, 0.2505257256572531732, 0.0000000000000000000 ) ) ;
#39 =( GEOMETRIC_REPRESENTATION_CONTEXT ( 3 ) GLOBAL_UNCERTAINTY_ASSIGNED_CONTEXT ( ( #2395 ) ) GLOBAL_UNIT_ASSIGNED_CONTEXT ( ( #6007, #7198, #3704 ) ) REPRESENTATION_CONTEXT ( 'NONE', 'WORKASPACE' ) );
#40 = CARTESIAN_POINT ( 'NONE',  ( -1.000000000000000222, 1.499999999999999778, 0.0000000000000000000 ) ) ;
#41 = CARTESIAN_POINT ( 'NONE',  ( 1.000000000000000444, -0.1000000000000000472, 0.9499999999999999556 ) ) ;
#42 = FACE_OUTER_BOUND ( 'NONE', #741, .T. ) ;
#43 = PRESENTATION_LAYER_ASSIGNMENT (  '', '', ( #6878 ) ) ;
#44 = DIRECTION ( 'NONE',  ( -1.000000000000000000, 0.0000000000000000000, -0.0000000000000000000 ) ) ;
#45 = MECHANICAL_DESIGN_GEOMETRIC_PRESENTATION_REPRESENTATION (  '', ( #5544 ), #2813 ) ;
#46 = STYLED_ITEM ( 'NONE', ( #3158 ), #7308 ) ;
#47 = COLOUR_RGB ( '',0.7529411764705882248, 0.7529411764705882248, 0.7529411764705882248 ) ;
#48 = PRESENTATION_STYLE_ASSIGNMENT (( #3936 ) ) ;
#49 = VECTOR ( 'NONE', #5208, 1000.000000000000000 ) ;
#50 = VERTEX_POINT ( 'NONE', #5685 ) ;
#51 =( LENGTH_UNIT ( ) NAMED_UNIT ( * ) SI_UNIT ( .MILLI., .METRE. ) );
#52 = FACE_OUTER_BOUND ( 'NONE', #3992, .T. ) ;
#53 = VECTOR ( 'NONE', #5734, 1000.000000000000000 ) ;
#54 = ORIENTED_EDGE ( 'NONE', *, *, #3556, .T. ) ;
#55 = CARTESIAN_POINT ( 'NONE',  ( -0.0007830457721411253520, 0.2407696280962770274, 0.01000000000000000021 ) ) ;
#56 = CARTESIAN_POINT ( 'NONE',  ( -0.005661094552629531741, 0.3505257256572524849, 0.0000000000000000000 ) ) ;
#57 = ORIENTED_EDGE ( 'NONE', *, *, #3567, .T. ) ;
#58 = EDGE_CURVE ( 'NONE', #2305, #4937, #2356, .T. ) ;
#59 =( NAMED_UNIT ( * ) PLANE_ANGLE_UNIT ( ) SI_UNIT ( $, .RADIAN. ) );
#60 = CARTESIAN_POINT ( 'NONE',  ( 0.2845828078863957278, 0.2467528598035945153, 0.0000000000000000000 ) ) ;
#61 = CARTESIAN_POINT ( 'NONE',  ( 0.0000000000000000000, 0.6500000000000000222, 0.0000000000000000000 ) ) ;
#62 =( NAMED_UNIT ( * ) SI_UNIT ( $, .STERADIAN. ) SOLID_ANGLE_UNIT ( ) );
#63 = CARTESIAN_POINT ( 'NONE',  ( 0.2052653933811408593, 0.1737771040360132357, 0.01000000000000000021 ) ) ;
#64 = UNCERTAINTY_MEASURE_WITH_UNIT (LENGTH_MEASURE( 1.000000000000000082E-05 ), #6111, 'distance_accuracy_value', 'NONE');
#65 =( GEOMETRIC_REPRESENTATION_CONTEXT ( 3 ) GLOBAL_UNCERTAINTY_ASSIGNED_CONTEXT ( ( #6202 ) ) GLOBAL_UNIT_ASSIGNED_CONTEXT ( ( #3024, #5783, #2378 ) ) REPRESENTATION_CONTEXT ( 'NONE', 'WORKASPACE' ) );
#66 = LINE ( 'NONE', #4177, #7011 ) ;
#67 = EDGE_CURVE ( 'NONE', #932, #1649, #3013, .T. ) ;
#68 = ORIENTED_EDGE ( 'NONE', *, *, #1663, .T. ) ;
#69 = ORIENTED_EDGE ( 'NONE', *, *, #6062, .F. ) ;
#70 = MECHANICAL_DESIGN_GEOMETRIC_PRESENTATION_REPRESENTATION (  '', ( #2718 ), #2851 ) ;
#71 = ORIENTED_EDGE ( 'NONE', *, *, #7088, .T. ) ;
#72 = FILL_AREA_STYLE_COLOUR ( '', #668 ) ;
#73 = CARTESIAN_POINT ( 'NONE',  ( -0.3133211555282396366, 0.3261354817548147711, 0.0000000000000000000 ) ) ;
#74 = CARTESIAN_POINT ( 'NONE',  ( -0.3750000000000000000, 1.509999999999999787, -0.02000000000000000042 ) ) ;
#75 = CARTESIAN_POINT ( 'NONE',  ( 0.2788114430361212093, 0.3018813273040522605, 0.0000000000000000000 ) ) ;
#76 =( GEOMETRIC_REPRESENTATION_CONTEXT ( 3 ) GLOBAL_UNCERTAINTY_ASSIGNED_CONTEXT ( ( #424 ) ) GLOBAL_UNIT_ASSIGNED_CONTEXT ( ( #2185, #5586, #918 ) ) REPRESENTATION_CONTEXT ( 'NONE', 'WORKASPACE' ) );
#77 = CARTESIAN_POINT ( 'NONE',  ( -0.1000000000000000611, -0.9999999999999997780, 0.1799999999999999933 ) ) ;
#78 =( LENGTH_UNIT ( ) NAMED_UNIT ( * ) SI_UNIT ( .MILLI., .METRE. ) );
#79 = DIRECTION ( 'NONE',  ( 7.228014483236697048E-17, -1.000000000000000000, 0.0000000000000000000 ) ) ;
#80 = SURFACE_STYLE_USAGE ( .BOTH. , #3139 ) ;
#81 =( LENGTH_UNIT ( ) NAMED_UNIT ( * ) SI_UNIT ( .MILLI., .METRE. ) );
#82 = SURFACE_STYLE_FILL_AREA ( #4772 ) ;
#83 = PRESENTATION_STYLE_ASSIGNMENT (( #2961 ) ) ;
#84 = EDGE_CURVE ( 'NONE', #6035, #1656, #586, .T. ) ;
#85 = EDGE_CURVE ( 'NONE', #2619, #391, #7030, .T. ) ;
#86 = CARTESIAN_POINT ( 'NONE',  ( 1.000000000000000222, 1.125000000000000222, 0.9499999999999999556 ) ) ;
#87 =( LENGTH_UNIT ( ) NAMED_UNIT ( * ) SI_UNIT ( .MILLI., .METRE. ) );
#88 = ORIENTED_EDGE ( 'NONE', *, *, #4169, .F. ) ;
#89 = SURFACE_SIDE_STYLE ('',( #5233 ) ) ;
#90 = ADVANCED_FACE ( 'NONE', ( #6894, #6932 ), #4093, .F. ) ;
#91 = LINE ( 'NONE', #4131, #4268 ) ;
#92 = ORIENTED_EDGE ( 'NONE', *, *, #4558, .T. ) ;
#93 = PRESENTATION_STYLE_ASSIGNMENT (( #671 ) ) ;
#94 = EDGE_CURVE ( 'NONE', #7270, #6556, #4286, .T. ) ;
#95 = PRESENTATION_STYLE_ASSIGNMENT (( #5136 ) ) ;
#96 = CARTESIAN_POINT ( 'NONE',  ( -1.010000000000000231, -0.1000000000000000056, 0.1799999999999999933 ) ) ;
#97 = ADVANCED_FACE ( 'NONE', ( #5955 ), #7113, .F. ) ;
#98 =( NAMED_UNIT ( * ) PLANE_ANGLE_UNIT ( ) SI_UNIT ( $, .RADIAN. ) );
#99 =( LENGTH_UNIT ( ) NAMED_UNIT ( * ) SI_UNIT ( .MILLI., .METRE. ) );
#100 = ORIENTED_EDGE ( 'NONE', *, *, #3758, .T. ) ;
#101 = ORIENTED_EDGE ( 'NONE', *, *, #2052, .F. ) ;
#102 = VECTOR ( 'NONE', #3085, 1000.000000000000000 ) ;
#103 = CARTESIAN_POINT ( 'NONE',  ( 0.3749999999999998890, 1.499999999999999778, 0.9499999999999999556 ) ) ;
#104 = ORIENTED_EDGE ( 'NONE', *, *, #7085, .F. ) ;
#105 = CARTESIAN_POINT ( 'NONE',  ( -1.000000000000000000, 1.125000000000000222, 0.1799999999999999933 ) ) ;
#106 = DIRECTION ( 'NONE',  ( 0.0000000000000000000, 0.0000000000000000000, -1.000000000000000000 ) ) ;
#107 = ORIENTED_EDGE ( 'NONE', *, *, #5965, .T. ) ;
#108 = CARTESIAN_POINT ( 'NONE',  ( -0.1000000000000000611, 1.509999999999999787, 0.1799999999999999933 ) ) ;
#109 = FACE_OUTER_BOUND ( 'NONE', #894, .T. ) ;
#110 = CARTESIAN_POINT ( 'NONE',  ( -0.3121598734344180892, 0.3187244928398947907, 0.0000000000000000000 ) ) ;
#111 = CARTESIAN_POINT ( 'NONE',  ( -0.1593953240844192820, 0.1564329510706201631, 0.0000000000000000000 ) ) ;
#112 = CARTESIAN_POINT ( 'NONE',  ( -0.3170559116258006571, 0.3121110915109124861, 0.0000000000000000000 ) ) ;
#113 =( GEOMETRIC_REPRESENTATION_CONTEXT ( 3 ) GLOBAL_UNCERTAINTY_ASSIGNED_CONTEXT ( ( #6874 ) ) GLOBAL_UNIT_ASSIGNED_CONTEXT ( ( #2797, #4588, #4441 ) ) REPRESENTATION_CONTEXT ( 'NONE', 'WORKASPACE' ) );
#114 =( NAMED_UNIT ( * ) PLANE_ANGLE_UNIT ( ) SI_UNIT ( $, .RADIAN. ) );
#115 = FACE_OUTER_BOUND ( 'NONE', #7163, .T. ) ;
#116 = FACE_OUTER_BOUND ( 'NONE', #1, .T. ) ;
#117 =( GEOMETRIC_REPRESENTATION_CONTEXT ( 3 ) GLOBAL_UNCERTAINTY_ASSIGNED_CONTEXT ( ( #1617 ) ) GLOBAL_UNIT_ASSIGNED_CONTEXT ( ( #6597, #3246, #1132 ) ) REPRESENTATION_CONTEXT ( 'NONE', 'WORKASPACE' ) );
#118 = DIRECTION ( 'NONE',  ( 0.0000000000000000000, 0.0000000000000000000, -1.000000000000000000 ) ) ;
#119 = PRESENTATION_STYLE_ASSIGNMENT (( #6963 ) ) ;
#120 = AXIS2_PLACEMENT_3D ( 'NONE', #3229, #6138, #2188 ) ;
#121 = CARTESIAN_POINT ( 'NONE',  ( -0.1047845701623855291, 0.1724769451694481148, 0.009999999999999998473 ) ) ;
#122 = AXIS2_PLACEMENT_3D ( 'NONE', #4998, #6797, #3932 ) ;
#123 = EDGE_LOOP ( 'NONE', ( #2839, #648, #2208, #1607, #163 ) ) ;
#124 = CARTESIAN_POINT ( 'NONE',  ( -0.2039069901941118201, 0.1972783825221433307, 0.01000000000000000021 ) ) ;
#125 = CARTESIAN_POINT ( 'NONE',  ( -0.1837098750404343450, 0.2524693232182288471, 0.01000000000000000021 ) ) ;
#126 = ORIENTED_EDGE ( 'NONE', *, *, #2295, .F. ) ;
#127 = VECTOR ( 'NONE', #3842, 1000.000000000000000 ) ;
#128 =( NAMED_UNIT ( * ) PLANE_ANGLE_UNIT ( ) SI_UNIT ( $, .RADIAN. ) );
#129 = CARTESIAN_POINT ( 'NONE',  ( -0.7250000000000000888, -1.509999999999999787, 0.1799999999999999933 ) ) ;
#130 = AXIS2_PLACEMENT_3D ( 'NONE', #709, #3009, #5275 ) ;
#131 = CARTESIAN_POINT ( 'NONE',  ( -0.7250000000000001998, 1.499999999999999778, 0.9499999999999999556 ) ) ;
#132 = CARTESIAN_POINT ( 'NONE',  ( 0.5000000000000000000, -0.6500000000000000222, -0.02000000000000000042 ) ) ;
#133 = VERTEX_POINT ( 'NONE', #3757 ) ;
#134 = VECTOR ( 'NONE', #6436, 1000.000000000000000 ) ;
#135 = VERTEX_POINT ( 'NONE', #3599 ) ;
#136 = UNCERTAINTY_MEASURE_WITH_UNIT (LENGTH_MEASURE( 1.000000000000000082E-05 ), #1822, 'distance_accuracy_value', 'NONE');
#137 = ADVANCED_FACE ( 'NONE', ( #5408 ), #6465, .T. ) ;
#138 = CARTESIAN_POINT ( 'NONE',  ( 0.3749999999999998890, 0.8749999999999998890, -0.02000000000000000042 ) ) ;
#139 = VECTOR ( 'NONE', #2698, 1000.000000000000000 ) ;
#140 = ORIENTED_EDGE ( 'NONE', *, *, #536, .T. ) ;
#141 =( GEOMETRIC_REPRESENTATION_CONTEXT ( 3 ) GLOBAL_UNCERTAINTY_ASSIGNED_CONTEXT ( ( #1326 ) ) GLOBAL_UNIT_ASSIGNED_CONTEXT ( ( #4085, #6353, #7327 ) ) REPRESENTATION_CONTEXT ( 'NONE', 'WORKASPACE' ) );
#142 = DIRECTION ( 'NONE',  ( 1.000000000000000000, 0.0000000000000000000, 0.0000000000000000000 ) ) ;
#143 = VERTEX_POINT ( 'NONE', #4894 ) ;
#144 = LINE ( 'NONE', #753, #3747 ) ;
#145 = COLOUR_RGB ( '',0.7529411764705882248, 0.7529411764705882248, 0.7529411764705882248 ) ;
#146 = SURFACE_STYLE_FILL_AREA ( #5253 ) ;
#147 = CARTESIAN_POINT ( 'NONE',  ( 0.1826392103254196597, 0.3310135305353017476, 0.01000000000000000021 ) ) ;
#148 = LINE ( 'NONE', #3561, #5046 ) ;
#149 = ADVANCED_FACE ( 'NONE', ( #1867 ), #6715, .T. ) ;
#150 = CARTESIAN_POINT ( 'NONE',  ( -0.7250000000000000888, -1.125000000000000222, -0.02000000000000000042 ) ) ;
#151 = LINE ( 'NONE', #6429, #3191 ) ;
#152 = ADVANCED_FACE ( 'NONE', ( #7293 ), #7183, .T. ) ;
#153 = VECTOR ( 'NONE', #2636, 1000.000000000000000 ) ;
#154 = ADVANCED_FACE ( 'NONE', ( #2767 ), #5482, .F. ) ;
#155 = DIRECTION ( 'NONE',  ( -6.071532165918826408E-15, -1.000000000000000000, 0.0000000000000000000 ) ) ;
#156 = CARTESIAN_POINT ( 'NONE',  ( 0.09999999999999995004, 1.509999999999999787, 0.1799999999999999933 ) ) ;
#157 = DIRECTION ( 'NONE',  ( 0.0000000000000000000, 1.000000000000000000, 0.0000000000000000000 ) ) ;
#158 =( NAMED_UNIT ( * ) PLANE_ANGLE_UNIT ( ) SI_UNIT ( $, .RADIAN. ) );
#159 = VECTOR ( 'NONE', #2031, 1000.000000000000000 ) ;
#160 = EDGE_CURVE ( 'NONE', #5165, #5263, #4091, .T. ) ;
#161 = ORIENTED_EDGE ( 'NONE', *, *, #3100, .F. ) ;
#162 = CARTESIAN_POINT ( 'NONE',  ( 0.0000000000000000000, 0.0000000000000000000, 0.01000000000000000021 ) ) ;
#163 = ORIENTED_EDGE ( 'NONE', *, *, #2415, .F. ) ;
#164 = CARTESIAN_POINT ( 'NONE',  ( -0.9999999999999997780, -0.3999999999999999667, 0.0000000000000000000 ) ) ;
#165 = DIRECTION ( 'NONE',  ( 1.000000000000000000, 0.0000000000000000000, 0.0000000000000000000 ) ) ;
#166 = CARTESIAN_POINT ( 'NONE',  ( -0.9999999999999995559, -1.500000000000000222, 0.1799999999999999378 ) ) ;
#167 = PRESENTATION_LAYER_ASSIGNMENT (  '', '', ( #4963 ) ) ;
#168 = FACE_OUTER_BOUND ( 'NONE', #2701, .T. ) ;
#169 = DIRECTION ( 'NONE',  ( 1.707404996040164758E-16, 1.000000000000000000, -0.0000000000000000000 ) ) ;
#170 = VECTOR ( 'NONE', #752, 1000.000000000000000 ) ;
#171 = ORIENTED_EDGE ( 'NONE', *, *, #85, .F. ) ;
#172 = ORIENTED_EDGE ( 'NONE', *, *, #1751, .T. ) ;
#173 = DIRECTION ( 'NONE',  ( 0.0000000000000000000, 0.0000000000000000000, -1.000000000000000000 ) ) ;
#174 = EDGE_CURVE ( 'NONE', #1729, #3756, #6398, .T. ) ;
#175 = ORIENTED_EDGE ( 'NONE', *, *, #528, .T. ) ;
#176 = ORIENTED_EDGE ( 'NONE', *, *, #1033, .F. ) ;
#177 = CARTESIAN_POINT ( 'NONE',  ( 0.3870218322766396102, 0.1505257256572531399, 0.0000000000000000000 ) ) ;
#178 = ORIENTED_EDGE ( 'NONE', *, *, #1568, .T. ) ;
#179 = CARTESIAN_POINT ( 'NONE',  ( -0.04956353357701982071, 0.3505257256572525404, 0.0000000000000000000 ) ) ;
#180 = CARTESIAN_POINT ( 'NONE',  ( 0.1456408764203916684, 0.1565754073902037580, 0.0000000000000000000 ) ) ;
#181 = SURFACE_STYLE_FILL_AREA ( #1246 ) ;
#182 = CARTESIAN_POINT ( 'NONE',  ( 1.010000000000000453, -0.8750000000000000000, 0.1799999999999999933 ) ) ;
#183 = CARTESIAN_POINT ( 'NONE',  ( -0.3107431798829544123, 0.3141316249746242129, 0.0000000000000000000 ) ) ;
#184 = DIRECTION ( 'NONE',  ( -0.0000000000000000000, 1.000000000000000000, -0.0000000000000000000 ) ) ;
#185 =( NAMED_UNIT ( * ) PLANE_ANGLE_UNIT ( ) SI_UNIT ( $, .RADIAN. ) );
#186 = AXIS2_PLACEMENT_3D ( 'NONE', #1920, #1391, #785 ) ;
#187 = DIRECTION ( 'NONE',  ( 0.0000000000000000000, 0.0000000000000000000, 1.000000000000000000 ) ) ;
#188 = UNCERTAINTY_MEASURE_WITH_UNIT (LENGTH_MEASURE( 1.000000000000000082E-05 ), #5367, 'distance_accuracy_value', 'NONE');
#189 = AXIS2_PLACEMENT_3D ( 'NONE', #4673, #3488, #2351 ) ;
#190 = STYLED_ITEM ( 'NONE', ( #119 ), #1534 ) ;
#191 =( NAMED_UNIT ( * ) PLANE_ANGLE_UNIT ( ) SI_UNIT ( $, .RADIAN. ) );
#192 = DIRECTION ( 'NONE',  ( 1.000000000000000000, 0.0000000000000000000, 0.0000000000000000000 ) ) ;
#193 = EDGE_CURVE ( 'NONE', #5803, #4420, #5025, .T. ) ;
#194 = PLANE ( 'NONE',  #1954 ) ;
#195 = EDGE_CURVE ( 'NONE', #252, #5048, #5950, .T. ) ;
#196 = SURFACE_STYLE_USAGE ( .BOTH. , #3078 ) ;
#197 = EDGE_LOOP ( 'NONE', ( #359, #7086, #6941, #1957 ) ) ;
#198 = SURFACE_STYLE_USAGE ( .BOTH. , #275 ) ;
#199 = VERTEX_POINT ( 'NONE', #5108 ) ;
#200 = DIRECTION ( 'NONE',  ( 0.0000000000000000000, -0.0000000000000000000, -1.000000000000000000 ) ) ;
#201 = CARTESIAN_POINT ( 'NONE',  ( -0.1000000000000000611, 0.9999999999999997780, 0.1799999999999999933 ) ) ;
#202 = LINE ( 'NONE', #5375, #3801 ) ;
#203 =( NAMED_UNIT ( * ) PLANE_ANGLE_UNIT ( ) SI_UNIT ( $, .RADIAN. ) );
#204 = ORIENTED_EDGE ( 'NONE', *, *, #6039, .F. ) ;
#205 = ORIENTED_EDGE ( 'NONE', *, *, #7145, .T. ) ;
#206 =( NAMED_UNIT ( * ) PLANE_ANGLE_UNIT ( ) SI_UNIT ( $, .RADIAN. ) );
#207 = CARTESIAN_POINT ( 'NONE',  ( 1.010000000000000009, -0.1000000000000000056, -0.02000000000000000042 ) ) ;
#208 = ORIENTED_EDGE ( 'NONE', *, *, #3529, .F. ) ;
#209 = ORIENTED_EDGE ( 'NONE', *, *, #4552, .F. ) ;
#210 = FILL_AREA_STYLE_COLOUR ( '', #4229 ) ;
#211 = PRESENTATION_STYLE_ASSIGNMENT (( #6562 ) ) ;
#212 = ORIENTED_EDGE ( 'NONE', *, *, #6174, .T. ) ;
#213 = B_SPLINE_CURVE_WITH_KNOTS ( 'NONE', 3,
 ( #4041, #6317, #3481, #5186, #4442 ),
 .UNSPECIFIED., .F., .F.,
 ( 4, 1, 4 ),
 ( 0.0000000000000000000, 0.5000000000000000000, 0.9999929310344826128 ),
 .UNSPECIFIED. ) ;
#214 = EDGE_CURVE ( 'NONE', #4325, #7091, #3847, .T. ) ;
#215 =( LENGTH_UNIT ( ) NAMED_UNIT ( * ) SI_UNIT ( .MILLI., .METRE. ) );
#216 = EDGE_CURVE ( 'NONE', #6355, #2305, #6268, .T. ) ;
#217 = CARTESIAN_POINT ( 'NONE',  ( 0.2012568170612596408, 0.3505427434100527040, 0.01000000000000000021 ) ) ;
#218 =( GEOMETRIC_REPRESENTATION_CONTEXT ( 3 ) GLOBAL_UNCERTAINTY_ASSIGNED_CONTEXT ( ( #7143 ) ) GLOBAL_UNIT_ASSIGNED_CONTEXT ( ( #2113, #2249, #303 ) ) REPRESENTATION_CONTEXT ( 'NONE', 'WORKASPACE' ) );
#219 = SURFACE_STYLE_FILL_AREA ( #1968 ) ;
#220 = CARTESIAN_POINT ( 'NONE',  ( -0.07639280186970257014, 0.3285745061450575100, 0.0000000000000000000 ) ) ;
#221 =( NAMED_UNIT ( * ) PLANE_ANGLE_UNIT ( ) SI_UNIT ( $, .RADIAN. ) );
#222 = CARTESIAN_POINT ( 'NONE',  ( -0.005661094552629531741, 0.3505257256572524849, 0.0000000000000000000 ) ) ;
#223 = PRESENTATION_STYLE_ASSIGNMENT (( #4888 ) ) ;
#224 = PRESENTATION_STYLE_ASSIGNMENT (( #1857 ) ) ;
#225 = ADVANCED_FACE ( 'NONE', ( #2110 ), #6050, .T. ) ;
#226 = UNCERTAINTY_MEASURE_WITH_UNIT (LENGTH_MEASURE( 1.000000000000000082E-05 ), #2282, 'distance_accuracy_value', 'NONE');
#227 = CARTESIAN_POINT ( 'NONE',  ( 0.7250000000000000888, 0.0000000000000000000, 0.0000000000000000000 ) ) ;
#228 = CARTESIAN_POINT ( 'NONE',  ( 0.1828678688620049286, 0.3529647500474968891, 0.0000000000000000000 ) ) ;
#229 =( NAMED_UNIT ( * ) SI_UNIT ( $, .STERADIAN. ) SOLID_ANGLE_UNIT ( ) );
#230 = DIRECTION ( 'NONE',  ( 7.228014483236697048E-17, -1.000000000000000000, 0.0000000000000000000 ) ) ;
#231 = ORIENTED_EDGE ( 'NONE', *, *, #1020, .F. ) ;
#232 = STYLED_ITEM ( 'NONE', ( #6086 ), #3892 ) ;
#233 = LINE ( 'NONE', #5266, #3903 ) ;
#234 = VECTOR ( 'NONE', #4519, 1000.000000000000000 ) ;
#235 = ORIENTED_EDGE ( 'NONE', *, *, #3758, .F. ) ;
#236 = FACE_OUTER_BOUND ( 'NONE', #6304, .T. ) ;
#237 = DIRECTION ( 'NONE',  ( 1.707404996040165251E-16, -1.000000000000000000, 0.0000000000000000000 ) ) ;
#238 = FACE_OUTER_BOUND ( 'NONE', #6004, .T. ) ;
#239 = EDGE_CURVE ( 'NONE', #5263, #3778, #1203, .T. ) ;
#240 = FACE_OUTER_BOUND ( 'NONE', #5176, .T. ) ;
#241 = ORIENTED_EDGE ( 'NONE', *, *, #699, .F. ) ;
#242 = ORIENTED_EDGE ( 'NONE', *, *, #2281, .F. ) ;
#243 = EDGE_CURVE ( 'NONE', #4548, #5232, #2255, .T. ) ;
#244 = DIRECTION ( 'NONE',  ( -0.0000000000000000000, 1.000000000000000000, -0.0000000000000000000 ) ) ;
#245 = VECTOR ( 'NONE', #7227, 1000.000000000000000 ) ;
#246 = SURFACE_SIDE_STYLE ('',( #3654 ) ) ;
#247 = AXIS2_PLACEMENT_3D ( 'NONE', #5919, #7053, #1998 ) ;
#248 = VERTEX_POINT ( 'NONE', #1689 ) ;
#249 = ORIENTED_EDGE ( 'NONE', *, *, #488, .F. ) ;
#250 = CARTESIAN_POINT ( 'NONE',  ( 0.0000000000000000000, 0.0000000000000000000, 0.0000000000000000000 ) ) ;
#251 = SURFACE_SIDE_STYLE ('',( #6478 ) ) ;
#252 = VERTEX_POINT ( 'NONE', #4002 ) ;
#253 = PLANE ( 'NONE',  #5092 ) ;
#254 = FACE_OUTER_BOUND ( 'NONE', #1356, .T. ) ;
#255 = EDGE_CURVE ( 'NONE', #4901, #1729, #941, .T. ) ;
#256 = PRESENTATION_LAYER_ASSIGNMENT (  '', '', ( #6718 ) ) ;
#257 = MECHANICAL_DESIGN_GEOMETRIC_PRESENTATION_REPRESENTATION (  '', ( #1831 ), #2676 ) ;
#258 = LINE ( 'NONE', #1439, #6596 ) ;
#259 = CARTESIAN_POINT ( 'NONE',  ( -0.9999999999999995559, -1.124999999999999556, 0.9499999999999999556 ) ) ;
#260 = LINE ( 'NONE', #6092, #1361 ) ;
#261 = B_SPLINE_CURVE_WITH_KNOTS ( 'NONE', 3,
 ( #6421, #1174, #2444, #1242, #3479 ),
 .UNSPECIFIED., .F., .F.,
 ( 4, 1, 4 ),
 ( 0.0000000000000000000, 0.4999999999999995559, 1.000000000000000000 ),
 .UNSPECIFIED. ) ;
#262 = STYLED_ITEM ( 'NONE', ( #7176 ), #2090 ) ;
#263 = MECHANICAL_DESIGN_GEOMETRIC_PRESENTATION_REPRESENTATION (  '', ( #4710 ), #2804 ) ;
#264 = STYLED_ITEM ( 'NONE', ( #2380 ), #5718 ) ;
#265 =( NAMED_UNIT ( * ) SI_UNIT ( $, .STERADIAN. ) SOLID_ANGLE_UNIT ( ) );
#266 = DIRECTION ( 'NONE',  ( 1.000000000000000000, 0.0000000000000000000, 0.0000000000000000000 ) ) ;
#267 = VECTOR ( 'NONE', #754, 1000.000000000000000 ) ;
#268 = CARTESIAN_POINT ( 'NONE',  ( -0.2703522920771526672, 0.1972733598035951441, 0.0000000000000000000 ) ) ;
#269 = SURFACE_SIDE_STYLE ('',( #5402 ) ) ;
#270 = STYLED_ITEM ( 'NONE', ( #5139 ), #2936 ) ;
#271 = FILL_AREA_STYLE_COLOUR ( '', #6022 ) ;
#272 = COLOUR_RGB ( '',1.000000000000000000, 1.000000000000000000, 1.000000000000000000 ) ;
#273 = ORIENTED_EDGE ( 'NONE', *, *, #3201, .T. ) ;
#274 = VECTOR ( 'NONE', #4933, 1000.000000000000000 ) ;
#275 = SURFACE_SIDE_STYLE ('',( #3081 ) ) ;
#276 = COLOUR_RGB ( '',0.7529411764705882248, 0.7529411764705882248, 0.7529411764705882248 ) ;
#277 =( NAMED_UNIT ( * ) SI_UNIT ( $, .STERADIAN. ) SOLID_ANGLE_UNIT ( ) );
#278 =( LENGTH_UNIT ( ) NAMED_UNIT ( * ) SI_UNIT ( .MILLI., .METRE. ) );
#279 =( GEOMETRIC_REPRESENTATION_CONTEXT ( 3 ) GLOBAL_UNCERTAINTY_ASSIGNED_CONTEXT ( ( #6864 ) ) GLOBAL_UNIT_ASSIGNED_CONTEXT ( ( #1924, #7094, #5350 ) ) REPRESENTATION_CONTEXT ( 'NONE', 'WORKASPACE' ) );
#280 = DIRECTION ( 'NONE',  ( -0.7071067811865474617, -0.7071067811865474617, 0.0000000000000000000 ) ) ;
#281 = FILL_AREA_STYLE ('',( #4292 ) ) ;
#282 = ORIENTED_EDGE ( 'NONE', *, *, #4209, .F. ) ;
#283 = EDGE_LOOP ( 'NONE', ( #6981, #4333, #2036, #4350 ) ) ;
#284 = VECTOR ( 'NONE', #1010, 1000.000000000000000 ) ;
#285 = EDGE_CURVE ( 'NONE', #1811, #3357, #2350, .T. ) ;
#286 = CARTESIAN_POINT ( 'NONE',  ( -0.07675460411624353274, 0.1505257256572528901, 0.0000000000000000000 ) ) ;
#287 = CARTESIAN_POINT ( 'NONE',  ( 1.000000000000000222, 0.4000000000000001887, 0.9499999999999999556 ) ) ;
#288 =( GEOMETRIC_REPRESENTATION_CONTEXT ( 3 ) GLOBAL_UNCERTAINTY_ASSIGNED_CONTEXT ( ( #1276 ) ) GLOBAL_UNIT_ASSIGNED_CONTEXT ( ( #5228, #1219, #4528 ) ) REPRESENTATION_CONTEXT ( 'NONE', 'WORKASPACE' ) );
#289 = VERTEX_POINT ( 'NONE', #4601 ) ;
#290 = EDGE_LOOP ( 'NONE', ( #327, #6815, #5599, #5880 ) ) ;
#291 = CARTESIAN_POINT ( 'NONE',  ( -0.3101199360160445950, 0.3121110915109124306, 0.01000000000000000021 ) ) ;
#292 = DIRECTION ( 'NONE',  ( -1.000000000000000000, 0.0000000000000000000, 0.0000000000000000000 ) ) ;
#293 = EDGE_CURVE ( 'NONE', #1557, #2806, #1786, .T. ) ;
#294 = EDGE_LOOP ( 'NONE', ( #6907, #4364, #2981, #6789, #2482, #2968 ) ) ;
#295 = AXIS2_PLACEMENT_3D ( 'NONE', #2876, #3325, #3445 ) ;
#296 = CARTESIAN_POINT ( 'NONE',  ( -0.7250000000000000888, 1.125000000000000222, -0.02000000000000000042 ) ) ;
#297 = CARTESIAN_POINT ( 'NONE',  ( -0.04956353357701940437, 0.3005257256572525515, 0.0000000000000000000 ) ) ;
#298 = STYLED_ITEM ( 'NONE', ( #6695 ), #7109 ) ;
#299 = ADVANCED_FACE ( 'NONE', ( #52 ), #4017, .T. ) ;
#300 = CARTESIAN_POINT ( 'NONE',  ( -0.01053914333311700355, 0.1505257256572526126, 0.0000000000000000000 ) ) ;
#301 = PRESENTATION_LAYER_ASSIGNMENT (  '', '', ( #1388 ) ) ;
#302 = ORIENTED_EDGE ( 'NONE', *, *, #1967, .F. ) ;
#303 =( NAMED_UNIT ( * ) SI_UNIT ( $, .STERADIAN. ) SOLID_ANGLE_UNIT ( ) );
#304 = CARTESIAN_POINT ( 'NONE',  ( -0.07639280186970248687, 0.3112303327033231204, 0.0000000000000000000 ) ) ;
#305 = FILL_AREA_STYLE ('',( #336 ) ) ;
#306 = CARTESIAN_POINT ( 'NONE',  ( -0.1000000000000000611, 0.0000000000000000000, 0.0000000000000000000 ) ) ;
#307 = STYLED_ITEM ( 'NONE', ( #5064 ), #4482 ) ;
#308 = CARTESIAN_POINT ( 'NONE',  ( 1.010000000000000453, 1.125000000000000222, -0.02000000000000000042 ) ) ;
#309 = FACE_OUTER_BOUND ( 'NONE', #6690, .T. ) ;
#310 = DIRECTION ( 'NONE',  ( 1.000000000000000000, 0.0000000000000000000, -0.0000000000000000000 ) ) ;
#311 = VECTOR ( 'NONE', #4679, 1000.000000000000000 ) ;
#312 = CARTESIAN_POINT ( 'NONE',  ( -1.010000000000000231, -0.1000000000000000056, -0.02000000000000000042 ) ) ;
#313 = MECHANICAL_DESIGN_GEOMETRIC_PRESENTATION_REPRESENTATION (  '', ( #922 ), #6918 ) ;
#314 = ORIENTED_EDGE ( 'NONE', *, *, #2074, .T. ) ;
#315 = DIRECTION ( 'NONE',  ( -1.000000000000000000, 1.111307226797629896E-14, 0.0000000000000000000 ) ) ;
#316 = CARTESIAN_POINT ( 'NONE',  ( -1.010000000000000453, 0.8750000000000000000, -0.02000000000000000042 ) ) ;
#317 = DIRECTION ( 'NONE',  ( -3.252606517456501075E-15, -1.000000000000000000, 0.0000000000000000000 ) ) ;
#318 = FACE_OUTER_BOUND ( 'NONE', #5428, .T. ) ;
#319 = CARTESIAN_POINT ( 'NONE',  ( -1.009999999999998455, 0.4000000000000000222, 0.1799999999999999933 ) ) ;
#320 = EDGE_CURVE ( 'NONE', #1923, #2010, #6842, .T. ) ;
#321 = ORIENTED_EDGE ( 'NONE', *, *, #6266, .F. ) ;
#322 = ORIENTED_EDGE ( 'NONE', *, *, #7029, .T. ) ;
#323 =( NAMED_UNIT ( * ) SI_UNIT ( $, .STERADIAN. ) SOLID_ANGLE_UNIT ( ) );
#324 = EDGE_CURVE ( 'NONE', #4556, #1886, #6999, .T. ) ;
#325 = LINE ( 'NONE', #1350, #4787 ) ;
#326 = VERTEX_POINT ( 'NONE', #5260 ) ;
#327 = ORIENTED_EDGE ( 'NONE', *, *, #1291, .T. ) ;
#328 = DIRECTION ( 'NONE',  ( 0.0000000000000000000, 1.000000000000000000, -0.0000000000000000000 ) ) ;
#329 =( NAMED_UNIT ( * ) SI_UNIT ( $, .STERADIAN. ) SOLID_ANGLE_UNIT ( ) );
#330 = ORIENTED_EDGE ( 'NONE', *, *, #2295, .T. ) ;
#331 = PLANE ( 'NONE',  #6961 ) ;
#332 = LINE ( 'NONE', #5499, #4632 ) ;
#333 = ORIENTED_EDGE ( 'NONE', *, *, #3635, .F. ) ;
#334 =( LENGTH_UNIT ( ) NAMED_UNIT ( * ) SI_UNIT ( .MILLI., .METRE. ) );
#335 = CARTESIAN_POINT ( 'NONE',  ( -0.07639280186970258402, 0.1724769451694480316, 0.0000000000000000000 ) ) ;
#336 = FILL_AREA_STYLE_COLOUR ( '', #4804 ) ;
#337 =( NAMED_UNIT ( * ) SI_UNIT ( $, .STERADIAN. ) SOLID_ANGLE_UNIT ( ) );
#338 = UNCERTAINTY_MEASURE_WITH_UNIT (LENGTH_MEASURE( 1.000000000000000082E-05 ), #6085, 'distance_accuracy_value', 'NONE');
#339 = FILL_AREA_STYLE_COLOUR ( '', #5440 ) ;
#340 =( LENGTH_UNIT ( ) NAMED_UNIT ( * ) SI_UNIT ( .MILLI., .METRE. ) );
#341 = UNCERTAINTY_MEASURE_WITH_UNIT (LENGTH_MEASURE( 1.000000000000000082E-05 ), #3140, 'distance_accuracy_value', 'NONE');
#342 = CARTESIAN_POINT ( 'NONE',  ( -0.3121598734344180892, 0.3187244928398947907, 0.0000000000000000000 ) ) ;
#343 = DIRECTION ( 'NONE',  ( -0.0000000000000000000, -0.0000000000000000000, -1.000000000000000000 ) ) ;
#344 = FACE_OUTER_BOUND ( 'NONE', #4868, .T. ) ;
#345 = PRESENTATION_LAYER_ASSIGNMENT (  '', '', ( #6822 ) ) ;
#346 = LINE ( 'NONE', #7181, #6140 ) ;
#347 = VERTEX_POINT ( 'NONE', #2930 ) ;
#348 = FILL_AREA_STYLE_COLOUR ( '', #2164 ) ;
#349 = PRESENTATION_STYLE_ASSIGNMENT (( #7217 ) ) ;
#350 = CARTESIAN_POINT ( 'NONE',  ( -0.3749999999999998890, -0.8749999999999998890, 0.1799999999999999933 ) ) ;
#351 = COLOUR_RGB ( '',1.000000000000000000, 1.000000000000000000, 1.000000000000000000 ) ;
#352 =( NAMED_UNIT ( * ) PLANE_ANGLE_UNIT ( ) SI_UNIT ( $, .RADIAN. ) );
#353 = LINE ( 'NONE', #6515, #4003 ) ;
#354 = ORIENTED_EDGE ( 'NONE', *, *, #776, .F. ) ;
#355 = VERTEX_POINT ( 'NONE', #2853 ) ;
#356 = VECTOR ( 'NONE', #7238, 1000.000000000000000 ) ;
#357 = SURFACE_STYLE_USAGE ( .BOTH. , #5379 ) ;
#358 = CARTESIAN_POINT ( 'NONE',  ( -0.6226458158190147918, 1.105425654952417069, 0.9400000000000000577 ) ) ;
#359 = ORIENTED_EDGE ( 'NONE', *, *, #3004, .T. ) ;
#360 = CARTESIAN_POINT ( 'NONE',  ( 0.0000000000000000000, 0.3505257256572524849, 0.01000000000000000021 ) ) ;
#361 = CARTESIAN_POINT ( 'NONE',  ( 0.3016559786181031155, 0.1724769451694482258, 0.0000000000000000000 ) ) ;
#362 = ORIENTED_EDGE ( 'NONE', *, *, #3077, .F. ) ;
#363 = CARTESIAN_POINT ( 'NONE',  ( -0.8879092524736135195, 1.202518811463164861, 0.9399999999999998357 ) ) ;
#364 = LINE ( 'NONE', #4264, #2777 ) ;
#365 = SURFACE_SIDE_STYLE ('',( #1511 ) ) ;
#366 = ORIENTED_EDGE ( 'NONE', *, *, #4625, .T. ) ;
#367 = CARTESIAN_POINT ( 'NONE',  ( 0.0000000000000000000, 0.3505257256572539282, 0.01000000000000000021 ) ) ;
#368 = DIRECTION ( 'NONE',  ( -1.000000000000000000, 0.0000000000000000000, 0.0000000000000000000 ) ) ;
#369 = DIRECTION ( 'NONE',  ( 0.0000000000000000000, 0.0000000000000000000, -1.000000000000000000 ) ) ;
#370 = FILL_AREA_STYLE_COLOUR ( '', #1134 ) ;
#371 = CARTESIAN_POINT ( 'NONE',  ( -0.3749999999999998890, -0.8749999999999998890, 0.1799999999999999933 ) ) ;
#372 = DIRECTION ( 'NONE',  ( -0.0000000000000000000, 1.000000000000000000, 0.0000000000000000000 ) ) ;
#373 =( GEOMETRIC_REPRESENTATION_CONTEXT ( 3 ) GLOBAL_UNCERTAINTY_ASSIGNED_CONTEXT ( ( #833 ) ) GLOBAL_UNIT_ASSIGNED_CONTEXT ( ( #6408, #5914, #5308 ) ) REPRESENTATION_CONTEXT ( 'NONE', 'WORKASPACE' ) );
#374 = FILL_AREA_STYLE_COLOUR ( '', #4050 ) ;
#375 = FACE_OUTER_BOUND ( 'NONE', #123, .T. ) ;
#376 = STYLED_ITEM ( 'NONE', ( #224 ), #2041 ) ;
#377 = ORIENTED_EDGE ( 'NONE', *, *, #1313, .T. ) ;
#378 =( GEOMETRIC_REPRESENTATION_CONTEXT ( 3 ) GLOBAL_UNCERTAINTY_ASSIGNED_CONTEXT ( ( #1769 ) ) GLOBAL_UNIT_ASSIGNED_CONTEXT ( ( #7294, #956, #1559 ) ) REPRESENTATION_CONTEXT ( 'NONE', 'WORKASPACE' ) );
#379 = ADVANCED_FACE ( 'NONE', ( #116 ), #1220, .T. ) ;
#380 = CARTESIAN_POINT ( 'NONE',  ( 0.2845828078863957278, 0.2467528598035945153, 0.01000000000000000021 ) ) ;
#381 = EDGE_CURVE ( 'NONE', #3092, #5962, #5903, .T. ) ;
#382 = ORIENTED_EDGE ( 'NONE', *, *, #1438, .F. ) ;
#383 = SURFACE_SIDE_STYLE ('',( #5006 ) ) ;
#384 = CARTESIAN_POINT ( 'NONE',  ( 0.1358023200815171860, 0.3182086524865211929, 0.0000000000000000000 ) ) ;
#385 = CARTESIAN_POINT ( 'NONE',  ( -0.5749999999999999556, 0.8750000000000000000, 0.1799999999999999933 ) ) ;
#386 = VECTOR ( 'NONE', #4942, 1000.000000000000000 ) ;
#387 = EDGE_CURVE ( 'NONE', #3264, #4179, #5363, .T. ) ;
#388 =( LENGTH_UNIT ( ) NAMED_UNIT ( * ) SI_UNIT ( .MILLI., .METRE. ) );
#389 = CARTESIAN_POINT ( 'NONE',  ( -0.8879092524736136305, 1.202518811463164639, 0.9399999999999999467 ) ) ;
#390 = ORIENTED_EDGE ( 'NONE', *, *, #2615, .F. ) ;
#391 = VERTEX_POINT ( 'NONE', #2497 ) ;
#392 = COLOUR_RGB ( '',0.2509803921568627416, 0.2509803921568627416, 0.2509803921568627416 ) ;
#393 = CARTESIAN_POINT ( 'NONE',  ( 0.7250000000000000888, -1.509999999999999787, -0.02000000000000000042 ) ) ;
#394 = MECHANICAL_DESIGN_GEOMETRIC_PRESENTATION_REPRESENTATION (  '', ( #530 ), #5542 ) ;
#395 = SURFACE_SIDE_STYLE ('',( #5564 ) ) ;
#396 = EDGE_LOOP ( 'NONE', ( #1235, #5717, #1840, #588, #1133, #3642 ) ) ;
#397 = PRESENTATION_LAYER_ASSIGNMENT (  '', '', ( #6744 ) ) ;
#398 = MECHANICAL_DESIGN_GEOMETRIC_PRESENTATION_REPRESENTATION (  '', ( #3790 ), #7118 ) ;
#399 = CARTESIAN_POINT ( 'NONE',  ( 0.1456405430869187057, 0.1565755536227996514, 0.01000000000000000021 ) ) ;
#400 = PLANE ( 'NONE',  #1600 ) ;
#401 = VERTEX_POINT ( 'NONE', #4777 ) ;
#402 = CARTESIAN_POINT ( 'NONE',  ( 0.09677792983761446255, 0.3505257256572527624, 0.0000000000000000000 ) ) ;
#403 = FACE_OUTER_BOUND ( 'NONE', #6185, .T. ) ;
#404 = STYLED_ITEM ( 'NONE', ( #5055 ), #6425 ) ;
#405 = CARTESIAN_POINT ( 'NONE',  ( 0.3749999999999998890, -0.8749999999999998890, 0.1799999999999999933 ) ) ;
#406 = EDGE_CURVE ( 'NONE', #6671, #2619, #3273, .T. ) ;
#407 = COLOUR_RGB ( '',0.7529411764705882248, 0.7529411764705882248, 0.7529411764705882248 ) ;
#408 = CARTESIAN_POINT ( 'NONE',  ( -0.01053914333311700355, 0.1505257256572525848, 0.01000000000000000021 ) ) ;
#409 = ORIENTED_EDGE ( 'NONE', *, *, #4947, .T. ) ;
#410 = B_SPLINE_SURFACE_WITH_KNOTS ( 'NONE', 3, 1, ( 
 ( #2814, #2095 ),
 ( #3417, #6724 ),
 ( #6144, #2243 ),
 ( #3302, #2735 ),
 ( #3867, #7298 ) ),
 .UNSPECIFIED., .F., .F., .F.,
 ( 4, 1, 4 ),
 ( 2, 2 ),
 ( 0.0000000000000000000, 0.5591098571335022527, 1.000000000000000000 ),
 ( 0.0000000000000000000, 1.000000000000000000 ),
 .UNSPECIFIED. ) ;
#411 =( GEOMETRIC_REPRESENTATION_CONTEXT ( 3 ) GLOBAL_UNCERTAINTY_ASSIGNED_CONTEXT ( ( #3540 ) ) GLOBAL_UNIT_ASSIGNED_CONTEXT ( ( #7307, #970, #2669 ) ) REPRESENTATION_CONTEXT ( 'NONE', 'WORKASPACE' ) );
#412 = AXIS2_PLACEMENT_3D ( 'NONE', #5898, #693, #2994 ) ;
#413 = PLANE ( 'NONE',  #3724 ) ;
#414 = SURFACE_STYLE_FILL_AREA ( #305 ) ;
#415 = CARTESIAN_POINT ( 'NONE',  ( -0.0007830457721411253520, 0.2407696280962769997, 0.0000000000000000000 ) ) ;
#416 =( GEOMETRIC_REPRESENTATION_CONTEXT ( 3 ) GLOBAL_UNCERTAINTY_ASSIGNED_CONTEXT ( ( #338 ) ) GLOBAL_UNIT_ASSIGNED_CONTEXT ( ( #6085, #4910, #7132 ) ) REPRESENTATION_CONTEXT ( 'NONE', 'WORKASPACE' ) );
#417 = UNCERTAINTY_MEASURE_WITH_UNIT (LENGTH_MEASURE( 1.000000000000000082E-05 ), #388, 'distance_accuracy_value', 'NONE');
#418 = DIRECTION ( 'NONE',  ( 0.0000000000000000000, -0.0000000000000000000, -1.000000000000000000 ) ) ;
#419 = PRESENTATION_LAYER_ASSIGNMENT (  '', '', ( #889 ) ) ;
#420 = CARTESIAN_POINT ( 'NONE',  ( -0.2082280558561174222, 0.2710052253809898115, 0.01000000000000000021 ) ) ;
#421 = COLOUR_RGB ( '',1.000000000000000000, 1.000000000000000000, 1.000000000000000000 ) ;
#422 = FILL_AREA_STYLE_COLOUR ( '', #2795 ) ;
#423 =( NAMED_UNIT ( * ) SI_UNIT ( $, .STERADIAN. ) SOLID_ANGLE_UNIT ( ) );
#424 = UNCERTAINTY_MEASURE_WITH_UNIT (LENGTH_MEASURE( 1.000000000000000082E-05 ), #2185, 'distance_accuracy_value', 'NONE');
#425 =( NAMED_UNIT ( * ) SI_UNIT ( $, .STERADIAN. ) SOLID_ANGLE_UNIT ( ) );
#426 = VERTEX_POINT ( 'NONE', #768 ) ;
#427 =( GEOMETRIC_REPRESENTATION_CONTEXT ( 3 ) GLOBAL_UNCERTAINTY_ASSIGNED_CONTEXT ( ( #3403 ) ) GLOBAL_UNIT_ASSIGNED_CONTEXT ( ( #3918, #1008, #3312 ) ) REPRESENTATION_CONTEXT ( 'NONE', 'WORKASPACE' ) );
#428 = EDGE_CURVE ( 'NONE', #3778, #4686, #487, .T. ) ;
#429 = PLANE ( 'NONE',  #1378 ) ;
#430 = DIRECTION ( 'NONE',  ( -1.000000000000000000, -0.0000000000000000000, -0.0000000000000000000 ) ) ;
#431 = FILL_AREA_STYLE_COLOUR ( '', #2721 ) ;
#432 = EDGE_CURVE ( 'NONE', #4365, #1919, #5331, .T. ) ;
#433 = COLOUR_RGB ( '',0.7529411764705882248, 0.7529411764705882248, 0.7529411764705882248 ) ;
#434 = PRESENTATION_LAYER_ASSIGNMENT (  '', '', ( #3096 ) ) ;
#435 = VECTOR ( 'NONE', #7380, 1000.000000000000000 ) ;
#436 =( NAMED_UNIT ( * ) PLANE_ANGLE_UNIT ( ) SI_UNIT ( $, .RADIAN. ) );
#437 = CARTESIAN_POINT ( 'NONE',  ( 0.09677792983761476786, 0.3005257256572527735, 0.0000000000000000000 ) ) ;
#438 = VERTEX_POINT ( 'NONE', #7039 ) ;
#439 = VERTEX_POINT ( 'NONE', #3681 ) ;
#440 = CARTESIAN_POINT ( 'NONE',  ( 0.2052653933811408593, 0.1737771040360132357, 0.01000000000000000021 ) ) ;
#441 = MECHANICAL_DESIGN_GEOMETRIC_PRESENTATION_REPRESENTATION (  '', ( #4993 ), #4646 ) ;
#442 =( NAMED_UNIT ( * ) PLANE_ANGLE_UNIT ( ) SI_UNIT ( $, .RADIAN. ) );
#443 = ORIENTED_EDGE ( 'NONE', *, *, #255, .T. ) ;
#444 = CARTESIAN_POINT ( 'NONE',  ( 0.06994866154493169230, 0.3285745061450576765, 0.0000000000000000000 ) ) ;
#445 = FACE_OUTER_BOUND ( 'NONE', #6259, .T. ) ;
#446 = SURFACE_STYLE_USAGE ( .BOTH. , #6778 ) ;
#447 = CARTESIAN_POINT ( 'NONE',  ( -0.7250000000000000888, -1.509999999999999787, 0.1799999999999999933 ) ) ;
#448 = VERTEX_POINT ( 'NONE', #5442 ) ;
#449 = FILL_AREA_STYLE_COLOUR ( '', #2585 ) ;
#450 = CARTESIAN_POINT ( 'NONE',  ( 1.010000000000000009, -0.1000000000000000056, 0.1799999999999999933 ) ) ;
#451 = DIRECTION ( 'NONE',  ( 0.0000000000000000000, 0.0000000000000000000, -1.000000000000000000 ) ) ;
#452 = LINE ( 'NONE', #5537, #4974 ) ;
#453 = ORIENTED_EDGE ( 'NONE', *, *, #2549, .F. ) ;
#454 =( NAMED_UNIT ( * ) PLANE_ANGLE_UNIT ( ) SI_UNIT ( $, .RADIAN. ) );
#455 = EDGE_CURVE ( 'NONE', #6480, #6035, #5947, .T. ) ;
#456 = PRESENTATION_STYLE_ASSIGNMENT (( #1546 ) ) ;
#457 = LINE ( 'NONE', #1062, #664 ) ;
#458 =( NAMED_UNIT ( * ) PLANE_ANGLE_UNIT ( ) SI_UNIT ( $, .RADIAN. ) );
#459 = SURFACE_STYLE_FILL_AREA ( #3931 ) ;
#460 = LINE ( 'NONE', #7, #5279 ) ;
#461 = CARTESIAN_POINT ( 'NONE',  ( -0.3107431798829544123, 0.3141316249746242129, 0.01000000000000000021 ) ) ;
#462 = CARTESIAN_POINT ( 'NONE',  ( -0.2105391433331174345, 0.2530409695596923525, 0.01000000000000000021 ) ) ;
#463 =( LENGTH_UNIT ( ) NAMED_UNIT ( * ) SI_UNIT ( .MILLI., .METRE. ) );
#464 = EDGE_CURVE ( 'NONE', #1228, #5066, #6462, .T. ) ;
#465 = CARTESIAN_POINT ( 'NONE',  ( -0.7250000000000000888, -1.509999999999999787, -0.02000000000000000042 ) ) ;
#466 = VECTOR ( 'NONE', #6470, 1000.000000000000000 ) ;
#467 = VERTEX_POINT ( 'NONE', #808 ) ;
#468 = CARTESIAN_POINT ( 'NONE',  ( 0.0000000000000000000, 0.0000000000000000000, 0.1799999999999999933 ) ) ;
#469 =( NAMED_UNIT ( * ) PLANE_ANGLE_UNIT ( ) SI_UNIT ( $, .RADIAN. ) );
#470 = DIRECTION ( 'NONE',  ( 1.000000000000000000, 0.0000000000000000000, -0.0000000000000000000 ) ) ;
#471 =( LENGTH_UNIT ( ) NAMED_UNIT ( * ) SI_UNIT ( .MILLI., .METRE. ) );
#472 = CARTESIAN_POINT ( 'NONE',  ( 0.4500000000000000111, 0.6000000000000000888, 0.1799999999999999933 ) ) ;
#473 = PRESENTATION_STYLE_ASSIGNMENT (( #556 ) ) ;
#474 = ORIENTED_EDGE ( 'NONE', *, *, #2273, .T. ) ;
#475 = ORIENTED_EDGE ( 'NONE', *, *, #6475, .F. ) ;
#476 = B_SPLINE_SURFACE_WITH_KNOTS ( 'NONE', 3, 1, ( 
 ( #6709, #3329 ),
 ( #5033, #461 ),
 ( #342, #7325 ),
 ( #6063, #3791 ),
 ( #5620, #4478 ) ),
 .UNSPECIFIED., .F., .F., .F.,
 ( 4, 1, 4 ),
 ( 2, 2 ),
 ( 0.0000000000000000000, 0.4399284984857154690, 1.000000000000000000 ),
 ( 0.0000000000000000000, 1.000000000000000000 ),
 .UNSPECIFIED. ) ;
#477 = CARTESIAN_POINT ( 'NONE',  ( 1.010000000000000009, 0.1000000000000000056, 0.1799999999999999933 ) ) ;
#478 = ORIENTED_EDGE ( 'NONE', *, *, #2733, .F. ) ;
#479 = SURFACE_STYLE_USAGE ( .BOTH. , #2742 ) ;
#480 = SURFACE_STYLE_FILL_AREA ( #6776 ) ;
#481 = FILL_AREA_STYLE_COLOUR ( '', #771 ) ;
#482 = DIRECTION ( 'NONE',  ( -1.000000000000000000, 0.0000000000000000000, 0.0000000000000000000 ) ) ;
#483 = ORIENTED_EDGE ( 'NONE', *, *, #6328, .T. ) ;
#484 =( LENGTH_UNIT ( ) NAMED_UNIT ( * ) SI_UNIT ( .MILLI., .METRE. ) );
#485 = CARTESIAN_POINT ( 'NONE',  ( -0.3763928018697035305, 0.1505257256572542224, 0.0000000000000000000 ) ) ;
#486 = VECTOR ( 'NONE', #807, 1000.000000000000000 ) ;
#487 = B_SPLINE_CURVE_WITH_KNOTS ( 'NONE', 3,
 ( #729, #6435, #3073, #875, #228 ),
 .UNSPECIFIED., .F., .F.,
 ( 4, 1, 4 ),
 ( 0.0000000000000000000, 0.4397738761604260138, 0.9999859811372506790 ),
 .UNSPECIFIED. ) ;
#488 = EDGE_CURVE ( 'NONE', #4301, #4048, #1295, .T. ) ;
#489 = DIRECTION ( 'NONE',  ( 1.000000000000000000, -1.707404996040163279E-16, 0.0000000000000000000 ) ) ;
#490 = UNCERTAINTY_MEASURE_WITH_UNIT (LENGTH_MEASURE( 1.000000000000000082E-05 ), #3338, 'distance_accuracy_value', 'NONE');
#491 = VERTEX_POINT ( 'NONE', #2458 ) ;
#492 = VECTOR ( 'NONE', #7099, 1000.000000000000000 ) ;
#493 = UNCERTAINTY_MEASURE_WITH_UNIT (LENGTH_MEASURE( 1.000000000000000082E-05 ), #6013, 'distance_accuracy_value', 'NONE');
#494 = LINE ( 'NONE', #4583, #5819 ) ;
#495 = VECTOR ( 'NONE', #451, 1000.000000000000000 ) ;
#496 =( LENGTH_UNIT ( ) NAMED_UNIT ( * ) SI_UNIT ( .MILLI., .METRE. ) );
#497 = DIRECTION ( 'NONE',  ( 0.0000000000000000000, -0.0000000000000000000, -1.000000000000000000 ) ) ;
#498 = EDGE_CURVE ( 'NONE', #1964, #3546, #3110, .T. ) ;
#499 = CARTESIAN_POINT ( 'NONE',  ( 0.0000000000000000000, 0.0000000000000000000, 0.9499999999999999556 ) ) ;
#500 = CARTESIAN_POINT ( 'NONE',  ( 0.1828678688620049286, 0.3529647500474968891, 0.01000000000000000021 ) ) ;
#501 = AXIS2_PLACEMENT_3D ( 'NONE', #6386, #6488, #6995 ) ;
#502 = UNCERTAINTY_MEASURE_WITH_UNIT (LENGTH_MEASURE( 1.000000000000000082E-05 ), #5869, 'distance_accuracy_value', 'NONE');
#503 = LINE ( 'NONE', #2801, #3500 ) ;
#504 = CARTESIAN_POINT ( 'NONE',  ( -0.2036063472160025145, 0.3069301123308783019, 0.0000000000000000000 ) ) ;
#505 = SURFACE_STYLE_USAGE ( .BOTH. , #6802 ) ;
#506 = AXIS2_PLACEMENT_3D ( 'NONE', #2762, #5035, #7370 ) ;
#507 = CARTESIAN_POINT ( 'NONE',  ( -0.7617815423657245955, 0.9840592093139832741, 0.9399999999999999467 ) ) ;
#508 = ORIENTED_EDGE ( 'NONE', *, *, #2920, .T. ) ;
#509 = CARTESIAN_POINT ( 'NONE',  ( 0.0000000000000000000, 0.0000000000000000000, 0.1799999999999999933 ) ) ;
#510 =( GEOMETRIC_REPRESENTATION_CONTEXT ( 3 ) GLOBAL_UNCERTAINTY_ASSIGNED_CONTEXT ( ( #3713 ) ) GLOBAL_UNIT_ASSIGNED_CONTEXT ( ( #278, #3300, #2586 ) ) REPRESENTATION_CONTEXT ( 'NONE', 'WORKASPACE' ) );
#511 = DIRECTION ( 'NONE',  ( -0.0000000000000000000, 0.0000000000000000000, 1.000000000000000000 ) ) ;
#512 = COLOUR_RGB ( '',1.000000000000000000, 1.000000000000000000, 1.000000000000000000 ) ;
#513 = CARTESIAN_POINT ( 'NONE',  ( -0.1000000000000000611, -0.9999999999999997780, 5.421010862427522170E-17 ) ) ;
#514 = DIRECTION ( 'NONE',  ( 1.000000000000000000, 0.0000000000000000000, 0.0000000000000000000 ) ) ;
#515 = FACE_OUTER_BOUND ( 'NONE', #1299, .T. ) ;
#516 =( GEOMETRIC_REPRESENTATION_CONTEXT ( 3 ) GLOBAL_UNCERTAINTY_ASSIGNED_CONTEXT ( ( #5507 ) ) GLOBAL_UNIT_ASSIGNED_CONTEXT ( ( #6643, #7285, #3252 ) ) REPRESENTATION_CONTEXT ( 'NONE', 'WORKASPACE' ) );
#517 = COLOUR_RGB ( '',0.7529411764705882248, 0.7529411764705882248, 0.7529411764705882248 ) ;
#518 = VERTEX_POINT ( 'NONE', #308 ) ;
#519 = EDGE_LOOP ( 'NONE', ( #1803, #5407, #5213, #2870 ) ) ;
#520 = CARTESIAN_POINT ( 'NONE',  ( -1.010000000000000231, -0.1000000000000000056, 0.1799999999999999933 ) ) ;
#521 = CARTESIAN_POINT ( 'NONE',  ( -0.7617815423657245955, 0.9840592093139832741, 0.9400000000000000577 ) ) ;
#522 = ORIENTED_EDGE ( 'NONE', *, *, #6047, .F. ) ;
#523 =( NAMED_UNIT ( * ) SI_UNIT ( $, .STERADIAN. ) SOLID_ANGLE_UNIT ( ) );
#524 = FACE_OUTER_BOUND ( 'NONE', #2736, .T. ) ;
#525 = AXIS2_PLACEMENT_3D ( 'NONE', #77, #3666, #2377 ) ;
#526 = SURFACE_STYLE_USAGE ( .BOTH. , #5693 ) ;
#527 = EDGE_LOOP ( 'NONE', ( #3732, #6970, #859, #5247 ) ) ;
#528 = EDGE_CURVE ( 'NONE', #7194, #3279, #2552, .T. ) ;
#529 = VERTEX_POINT ( 'NONE', #3035 ) ;
#530 = STYLED_ITEM ( 'NONE', ( #3324 ), #2583 ) ;
#531 = CARTESIAN_POINT ( 'NONE',  ( 0.1770546042789714614, 0.1705567680697421262, 0.01000000000000000021 ) ) ;
#532 = MECHANICAL_DESIGN_GEOMETRIC_PRESENTATION_REPRESENTATION (  '', ( #6391 ), #3849 ) ;
#533 = CARTESIAN_POINT ( 'NONE',  ( -0.07639280186970258402, 0.1724769451694480316, 0.0000000000000000000 ) ) ;
#534 = COLOUR_RGB ( '',0.7529411764705882248, 0.7529411764705882248, 0.7529411764705882248 ) ;
#535 = EDGE_LOOP ( 'NONE', ( #1955, #1034, #7120, #3211 ) ) ;
#536 = EDGE_CURVE ( 'NONE', #7091, #6345, #1940, .T. ) ;
#537 = CARTESIAN_POINT ( 'NONE',  ( 0.1871361615449324001, 0.1700379207792039049, 0.0000000000000000000 ) ) ;
#538 = FACE_OUTER_BOUND ( 'NONE', #5772, .T. ) ;
#539 = ORIENTED_EDGE ( 'NONE', *, *, #6583, .T. ) ;
#540 = PRESENTATION_LAYER_ASSIGNMENT (  '', '', ( #1868 ) ) ;
#541 = SURFACE_SIDE_STYLE ('',( #2877 ) ) ;
#542 = MECHANICAL_DESIGN_GEOMETRIC_PRESENTATION_REPRESENTATION (  '', ( #3547 ), #1254 ) ;
#543 = UNCERTAINTY_MEASURE_WITH_UNIT (LENGTH_MEASURE( 1.000000000000000082E-05 ), #1880, 'distance_accuracy_value', 'NONE');
#544 = PLANE ( 'NONE',  #6152 ) ;
#545 = CARTESIAN_POINT ( 'NONE',  ( 0.07889175097582643015, 0.1505257256572525848, 0.0000000000000000000 ) ) ;
#546 = PRESENTATION_LAYER_ASSIGNMENT (  '', '', ( #7366 ) ) ;
#547 = CARTESIAN_POINT ( 'NONE',  ( 0.3750000000000000000, 1.499999999999999778, 0.0000000000000000000 ) ) ;
#548 = CARTESIAN_POINT ( 'NONE',  ( 0.2012568170612596408, 0.3505427434100527040, 0.0000000000000000000 ) ) ;
#549 = ORIENTED_EDGE ( 'NONE', *, *, #2499, .T. ) ;
#550 = CARTESIAN_POINT ( 'NONE',  ( -0.9999999999999995559, -1.500000000000000222, 0.1799999999999999378 ) ) ;
#551 = AXIS2_PLACEMENT_3D ( 'NONE', #5935, #3783, #6052 ) ;
#552 = FACE_OUTER_BOUND ( 'NONE', #2513, .T. ) ;
#553 = DIRECTION ( 'NONE',  ( 0.0000000000000000000, 0.0000000000000000000, -1.000000000000000000 ) ) ;
#554 = EDGE_CURVE ( 'NONE', #2934, #2702, #4743, .T. ) ;
#555 =( LENGTH_UNIT ( ) NAMED_UNIT ( * ) SI_UNIT ( .MILLI., .METRE. ) );
#556 = SURFACE_STYLE_USAGE ( .BOTH. , #3341 ) ;
#557 = ORIENTED_EDGE ( 'NONE', *, *, #94, .F. ) ;
#558 = CARTESIAN_POINT ( 'NONE',  ( 0.3749999999999998890, -0.8749999999999998890, -0.02000000000000000042 ) ) ;
#559 = SURFACE_STYLE_USAGE ( .BOTH. , #4458 ) ;
#560 = SURFACE_SIDE_STYLE ('',( #6969 ) ) ;
#561 = ORIENTED_EDGE ( 'NONE', *, *, #5843, .T. ) ;
#562 = CARTESIAN_POINT ( 'NONE',  ( -0.1686596128084442148, 0.3205241076668874922, 0.0000000000000000000 ) ) ;
#563 = COLOUR_RGB ( '',1.000000000000000000, 1.000000000000000000, 1.000000000000000000 ) ;
#564 = SURFACE_SIDE_STYLE ('',( #480 ) ) ;
#565 = DIRECTION ( 'NONE',  ( 0.0000000000000000000, 1.000000000000000000, -0.0000000000000000000 ) ) ;
#566 = SURFACE_STYLE_FILL_AREA ( #5692 ) ;
#567 = PRESENTATION_STYLE_ASSIGNMENT (( #526 ) ) ;
#568 = SURFACE_SIDE_STYLE ('',( #1130 ) ) ;
#569 = CARTESIAN_POINT ( 'NONE',  ( -0.7250000000000000888, -1.500000000000000222, 0.1799999999999999933 ) ) ;
#570 = CARTESIAN_POINT ( 'NONE',  ( 0.0000000000000000000, 0.1724769451694481148, 0.01000000000000000021 ) ) ;
#571 = ORIENTED_EDGE ( 'NONE', *, *, #6170, .T. ) ;
#572 = CARTESIAN_POINT ( 'NONE',  ( 0.3772657347156638807, 0.2615013354133507995, 0.0000000000000000000 ) ) ;
#573 = UNCERTAINTY_MEASURE_WITH_UNIT (LENGTH_MEASURE( 1.000000000000000082E-05 ), #6765, 'distance_accuracy_value', 'NONE');
#574 = STYLED_ITEM ( 'NONE', ( #2128 ), #5161 ) ;
#575 = EDGE_CURVE ( 'NONE', #5232, #6480, #2023, .T. ) ;
#576 = VECTOR ( 'NONE', #1673, 1000.000000000000000 ) ;
#577 = ORIENTED_EDGE ( 'NONE', *, *, #3368, .F. ) ;
#578 = CARTESIAN_POINT ( 'NONE',  ( -1.009999999999998455, -0.4000000000000000222, 0.1799999999999999933 ) ) ;
#579 = CARTESIAN_POINT ( 'NONE',  ( 0.0000000000000000000, -0.6500000000000000222, 0.0000000000000000000 ) ) ;
#580 = B_SPLINE_CURVE_WITH_KNOTS ( 'NONE', 3,
 ( #3031, #763, #662, #4774, #5258 ),
 .UNSPECIFIED., .F., .F.,
 ( 4, 1, 4 ),
 ( 0.0000000000000000000, 0.5000000000000018874, 0.9999816619324246592 ),
 .UNSPECIFIED. ) ;
#581 = CARTESIAN_POINT ( 'NONE',  ( -0.9999999999999995559, -1.500000000000000222, 0.1799999999999999378 ) ) ;
#582 = CARTESIAN_POINT ( 'NONE',  ( 0.2826564347069078220, 0.2651537067391508962, 0.0000000000000000000 ) ) ;
#583 = LINE ( 'NONE', #6799, #6964 ) ;
#584 = CARTESIAN_POINT ( 'NONE',  ( -0.1238102430654016012, 0.3486161999133714495, 0.01000000000000000021 ) ) ;
#585 = FACE_OUTER_BOUND ( 'NONE', #6502, .T. ) ;
#586 = B_SPLINE_CURVE_WITH_KNOTS ( 'NONE', 3,
 ( #17, #4023, #6362, #1756, #4649 ),
 .UNSPECIFIED., .F., .F.,
 ( 4, 1, 4 ),
 ( 0.0000000000000000000, 0.4999999999999993894, 1.000000000000000000 ),
 .UNSPECIFIED. ) ;
#587 = LINE ( 'NONE', #2884, #3160 ) ;
#588 = ORIENTED_EDGE ( 'NONE', *, *, #3624, .F. ) ;
#589 = CARTESIAN_POINT ( 'NONE',  ( 0.4040950030083467759, 0.1505257256572531399, 0.01000000000000000021 ) ) ;
#590 = CARTESIAN_POINT ( 'NONE',  ( -1.010000000000000453, -0.8750000000000000000, 0.1799999999999999933 ) ) ;
#591 = CARTESIAN_POINT ( 'NONE',  ( -0.3276123140648251053, 0.3505257256572539282, 0.0000000000000000000 ) ) ;
#592 = VECTOR ( 'NONE', #5206, 1000.000000000000000 ) ;
#593 = ORIENTED_EDGE ( 'NONE', *, *, #4230, .T. ) ;
#594 = CARTESIAN_POINT ( 'NONE',  ( -0.2302139400810852554, 0.1638590589905868367, 0.01000000000000000021 ) ) ;
#595 = SURFACE_STYLE_USAGE ( .BOTH. , #560 ) ;
#596 = VERTEX_POINT ( 'NONE', #6574 ) ;
#597 = FILL_AREA_STYLE_COLOUR ( '', #512 ) ;
#598 = CARTESIAN_POINT ( 'NONE',  ( -0.3744415823575080737, 0.2305257256572542102, 0.01000000000000000021 ) ) ;
#599 = DIRECTION ( 'NONE',  ( -1.000000000000000000, 0.0000000000000000000, 0.0000000000000000000 ) ) ;
#600 = CARTESIAN_POINT ( 'NONE',  ( 1.010000000000000009, 0.1000000000000000056, 0.1799999999999999933 ) ) ;
#601 =( NAMED_UNIT ( * ) SI_UNIT ( $, .STERADIAN. ) SOLID_ANGLE_UNIT ( ) );
#602 = CARTESIAN_POINT ( 'NONE',  ( -1.010000000000000453, -0.8750000000000000000, -0.02000000000000000042 ) ) ;
#603 = MECHANICAL_DESIGN_GEOMETRIC_PRESENTATION_REPRESENTATION (  '', ( #6822 ), #3247 ) ;
#604 = CARTESIAN_POINT ( 'NONE',  ( -0.6889616749826644737, 1.003571233972215815, 0.9499999999999999556 ) ) ;
#605 = CARTESIAN_POINT ( 'NONE',  ( -0.1825249747321087967, 0.2381628111509803136, 0.009999999999999998473 ) ) ;
#606 = ORIENTED_EDGE ( 'NONE', *, *, #94, .T. ) ;
#607 = VERTEX_POINT ( 'NONE', #1446 ) ;
#608 = SURFACE_SIDE_STYLE ('',( #4725 ) ) ;
#609 = EDGE_LOOP ( 'NONE', ( #3163, #3977, #3870, #5531, #4586, #6415 ) ) ;
#610 =( LENGTH_UNIT ( ) NAMED_UNIT ( * ) SI_UNIT ( .MILLI., .METRE. ) );
#611 = VECTOR ( 'NONE', #2632, 1000.000000000000000 ) ;
#612 = ORIENTED_EDGE ( 'NONE', *, *, #4393, .F. ) ;
#613 = LINE ( 'NONE', #1812, #170 ) ;
#614 = CARTESIAN_POINT ( 'NONE',  ( -0.04956353357701982071, 0.3505257256572525404, 0.0000000000000000000 ) ) ;
#615 = CARTESIAN_POINT ( 'NONE',  ( 1.000000000000000222, 1.499999999999999778, 0.0000000000000000000 ) ) ;
#616 = CARTESIAN_POINT ( 'NONE',  ( 0.2845828078863957278, 0.2467528598035945153, 0.01000000000000000021 ) ) ;
#617 =( GEOMETRIC_REPRESENTATION_CONTEXT ( 3 ) GLOBAL_UNCERTAINTY_ASSIGNED_CONTEXT ( ( #6449 ) ) GLOBAL_UNIT_ASSIGNED_CONTEXT ( ( #1538, #3135, #5930 ) ) REPRESENTATION_CONTEXT ( 'NONE', 'WORKASPACE' ) );
#618 = CARTESIAN_POINT ( 'NONE',  ( 0.0000000000000000000, 1.125000000000000222, 0.0000000000000000000 ) ) ;
#619 = PLANE ( 'NONE',  #26 ) ;
#620 = CARTESIAN_POINT ( 'NONE',  ( 1.000000000000000222, 1.499999999999999778, 0.9499999999999999556 ) ) ;
#621 = FACE_OUTER_BOUND ( 'NONE', #1083, .T. ) ;
#622 = EDGE_CURVE ( 'NONE', #6148, #5344, #1901, .T. ) ;
#623 = ORIENTED_EDGE ( 'NONE', *, *, #4688, .F. ) ;
#624 = VECTOR ( 'NONE', #3178, 1000.000000000000000 ) ;
#625 = COLOUR_RGB ( '',1.000000000000000000, 1.000000000000000000, 1.000000000000000000 ) ;
#626 = DIRECTION ( 'NONE',  ( 1.000000000000000000, 0.0000000000000000000, -0.0000000000000000000 ) ) ;
#627 = CARTESIAN_POINT ( 'NONE',  ( 0.3394606900002168914, 0.1724769451694482536, 0.0000000000000000000 ) ) ;
#628 = EDGE_CURVE ( 'NONE', #3383, #2516, #4198, .T. ) ;
#629 = CARTESIAN_POINT ( 'NONE',  ( -0.01053914333311693936, 0.1724769451694477540, 0.01000000000000000021 ) ) ;
#630 = MECHANICAL_DESIGN_GEOMETRIC_PRESENTATION_REPRESENTATION (  '', ( #2664 ), #4579 ) ;
#631 = ORIENTED_EDGE ( 'NONE', *, *, #2117, .F. ) ;
#632 = CARTESIAN_POINT ( 'NONE',  ( -0.2083268316941400133, 0.2344400389513321969, 0.01000000000000000021 ) ) ;
#633 = VECTOR ( 'NONE', #4638, 1000.000000000000000 ) ;
#634 = PRESENTATION_LAYER_ASSIGNMENT (  '', '', ( #4927 ) ) ;
#635 = ORIENTED_EDGE ( 'NONE', *, *, #5750, .T. ) ;
#636 = CARTESIAN_POINT ( 'NONE',  ( 0.1358023200815176579, 0.1791838912487532520, 0.0000000000000000000 ) ) ;
#637 = FILL_AREA_STYLE_COLOUR ( '', #6098 ) ;
#638 = SURFACE_STYLE_FILL_AREA ( #4064 ) ;
#639 = DIRECTION ( 'NONE',  ( 0.0000000000000000000, 0.0000000000000000000, -1.000000000000000000 ) ) ;
#640 = MECHANICAL_DESIGN_GEOMETRIC_PRESENTATION_REPRESENTATION (  '', ( #262 ), #516 ) ;
#641 = B_SPLINE_CURVE_WITH_KNOTS ( 'NONE', 3,
 ( #5597, #7336, #389, #6659, #1674, #6219, #5559, #1636, #1076 ),
 .UNSPECIFIED., .F., .F.,
 ( 4, 1, 1, 1, 1, 1, 4 ),
 ( 0.4999999999999998335, 0.5833333333333330373, 0.6666666666666666297, 0.7500000000000000000, 0.8333333333333332593, 0.9166666666666667407, 1.000000000000000000 ),
 .UNSPECIFIED. ) ;
#642 = VECTOR ( 'NONE', #4849, 1000.000000000000000 ) ;
#643 = LINE ( 'NONE', #2944, #2067 ) ;
#644 = VERTEX_POINT ( 'NONE', #4959 ) ;
#645 = ORIENTED_EDGE ( 'NONE', *, *, #1430, .T. ) ;
#646 = DIRECTION ( 'NONE',  ( -0.0000000000000000000, -1.000000000000000000, -0.0000000000000000000 ) ) ;
#647 = MECHANICAL_DESIGN_GEOMETRIC_PRESENTATION_REPRESENTATION (  '', ( #4826 ), #6387 ) ;
#648 = ORIENTED_EDGE ( 'NONE', *, *, #4971, .F. ) ;
#649 = LINE ( 'NONE', #6869, #5668 ) ;
#650 = ORIENTED_EDGE ( 'NONE', *, *, #243, .F. ) ;
#651 = CARTESIAN_POINT ( 'NONE',  ( -0.3139336061943204248, 0.3240664847606357646, 0.01000000000000000021 ) ) ;
#652 = DIRECTION ( 'NONE',  ( 0.7071067811865474617, 0.7071067811865474617, 0.0000000000000000000 ) ) ;
#653 = ADVANCED_FACE ( 'NONE', ( #6646 ), #986, .T. ) ;
#654 = VECTOR ( 'NONE', #3648, 1000.000000000000000 ) ;
#655 = ADVANCED_FACE ( 'NONE', ( #4919 ), #476, .T. ) ;
#656 = CARTESIAN_POINT ( 'NONE',  ( 0.2423268230917725030, 0.1540840061458686183, 0.01000000000000000021 ) ) ;
#657 = SURFACE_STYLE_FILL_AREA ( #4668 ) ;
#658 = CARTESIAN_POINT ( 'NONE',  ( -0.0007830457721411253520, 0.0000000000000000000, 0.01000000000000000021 ) ) ;
#659 =( NAMED_UNIT ( * ) PLANE_ANGLE_UNIT ( ) SI_UNIT ( $, .RADIAN. ) );
#660 = PLANE ( 'NONE',  #2957 ) ;
#661 = EDGE_CURVE ( 'NONE', #135, #2934, #6756, .T. ) ;
#662 = CARTESIAN_POINT ( 'NONE',  ( -0.3910267693031905245, 0.1505257256572542779, 0.0000000000000000000 ) ) ;
#663 = EDGE_CURVE ( 'NONE', #7017, #2313, #503, .T. ) ;
#664 = VECTOR ( 'NONE', #1549, 1000.000000000000000 ) ;
#665 =( GEOMETRIC_REPRESENTATION_CONTEXT ( 3 ) GLOBAL_UNCERTAINTY_ASSIGNED_CONTEXT ( ( #1548 ) ) GLOBAL_UNIT_ASSIGNED_CONTEXT ( ( #484, #2671, #2827 ) ) REPRESENTATION_CONTEXT ( 'NONE', 'WORKASPACE' ) );
#666 = ORIENTED_EDGE ( 'NONE', *, *, #2844, .F. ) ;
#667 = EDGE_CURVE ( 'NONE', #5604, #5844, #2649, .T. ) ;
#668 = COLOUR_RGB ( '',0.2509803921568627416, 0.2509803921568627416, 0.2509803921568627416 ) ;
#669 = CARTESIAN_POINT ( 'NONE',  ( -0.1047845701623855291, 0.1724769451694481148, 0.01000000000000000021 ) ) ;
#670 = ORIENTED_EDGE ( 'NONE', *, *, #575, .F. ) ;
#671 = SURFACE_STYLE_USAGE ( .BOTH. , #1191 ) ;
#672 = FILL_AREA_STYLE_COLOUR ( '', #433 ) ;
#673 = CARTESIAN_POINT ( 'NONE',  ( -0.3052549468458486959, 0.3505257256572538171, 0.0000000000000000000 ) ) ;
#674 = UNCERTAINTY_MEASURE_WITH_UNIT (LENGTH_MEASURE( 1.000000000000000082E-05 ), #1723, 'distance_accuracy_value', 'NONE');
#675 = COLOUR_RGB ( '',1.000000000000000000, 1.000000000000000000, 1.000000000000000000 ) ;
#676 = LINE ( 'NONE', #5274, #3072 ) ;
#677 = DIRECTION ( 'NONE',  ( 0.0000000000000000000, -0.0000000000000000000, 1.000000000000000000 ) ) ;
#678 = VERTEX_POINT ( 'NONE', #2301 ) ;
#679 = ORIENTED_EDGE ( 'NONE', *, *, #2415, .T. ) ;
#680 = CARTESIAN_POINT ( 'NONE',  ( -0.1238102430654016012, 0.3486161999133714495, 0.01000000000000000021 ) ) ;
#681 =( GEOMETRIC_REPRESENTATION_CONTEXT ( 3 ) GLOBAL_UNCERTAINTY_ASSIGNED_CONTEXT ( ( #2261 ) ) GLOBAL_UNIT_ASSIGNED_CONTEXT ( ( #3914, #2779, #5601 ) ) REPRESENTATION_CONTEXT ( 'NONE', 'WORKASPACE' ) );
#682 = ORIENTED_EDGE ( 'NONE', *, *, #6277, .T. ) ;
#683 = CARTESIAN_POINT ( 'NONE',  ( 0.0000000000000000000, 0.3505257256572526514, 0.01000000000000000021 ) ) ;
#684 = ORIENTED_EDGE ( 'NONE', *, *, #6566, .F. ) ;
#685 = PLANE ( 'NONE',  #6641 ) ;
#686 = VECTOR ( 'NONE', #6469, 1000.000000000000000 ) ;
#687 = VECTOR ( 'NONE', #4054, 1000.000000000000000 ) ;
#688 = CARTESIAN_POINT ( 'NONE',  ( 0.7250000000000000888, 1.509999999999999787, 0.1799999999999999933 ) ) ;
#689 = CARTESIAN_POINT ( 'NONE',  ( 0.0000000000000000000, 0.0000000000000000000, -0.02000000000000000042 ) ) ;
#690 = CARTESIAN_POINT ( 'NONE',  ( -0.1039461555282393951, 0.1505257256572529179, 0.0000000000000000000 ) ) ;
#691 = CARTESIAN_POINT ( 'NONE',  ( 0.0000000000000000000, 0.6500000000000000222, 0.0000000000000000000 ) ) ;
#692 = MECHANICAL_DESIGN_GEOMETRIC_PRESENTATION_REPRESENTATION (  '', ( #3335 ), #1642 ) ;
#693 = DIRECTION ( 'NONE',  ( 0.0000000000000000000, -0.0000000000000000000, 1.000000000000000000 ) ) ;
#694 = DIRECTION ( 'NONE',  ( 0.0000000000000000000, 0.0000000000000000000, -1.000000000000000000 ) ) ;
#695 = LINE ( 'NONE', #4280, #4276 ) ;
#696 = CARTESIAN_POINT ( 'NONE',  ( 0.5000000000000000000, -0.6500000000000000222, 0.1799999999999999933 ) ) ;
#697 = DIRECTION ( 'NONE',  ( -1.000000000000000000, -0.0000000000000000000, -0.0000000000000000000 ) ) ;
#698 = SURFACE_SIDE_STYLE ('',( #3595 ) ) ;
#699 = EDGE_CURVE ( 'NONE', #7375, #4869, #3449, .T. ) ;
#700 = ORIENTED_EDGE ( 'NONE', *, *, #6955, .F. ) ;
#701 = CARTESIAN_POINT ( 'NONE',  ( 0.1358023200815176301, 0.1608915793157891516, 0.01000000000000000021 ) ) ;
#702 = CARTESIAN_POINT ( 'NONE',  ( -1.010000000000000231, -0.6500000000000000222, -0.02000000000000000042 ) ) ;
#703 = EDGE_LOOP ( 'NONE', ( #549, #2278, #561, #4639, #4072, #864, #4879, #1716, #593, #4256, #895, #7248, #282, #4553, #3580, #6910, #3850, #7201, #4599, #6329, #212, #7300, #1755, #3342 ) ) ;
#704 = CARTESIAN_POINT ( 'NONE',  ( -0.3588318262599471398, 0.2705257256572541902, 0.01000000000000000021 ) ) ;
#705 = CARTESIAN_POINT ( 'NONE',  ( 1.000000000000000222, 0.1000000000000002554, 0.9499999999999999556 ) ) ;
#706 = CARTESIAN_POINT ( 'NONE',  ( 0.1358023200815176301, 0.1828427988279843763, 0.0000000000000000000 ) ) ;
#707 = SURFACE_STYLE_FILL_AREA ( #1764 ) ;
#708 = LINE ( 'NONE', #3578, #2832 ) ;
#709 = CARTESIAN_POINT ( 'NONE',  ( 1.010000000000000453, -1.125000000000000222, 0.1799999999999999933 ) ) ;
#710 = VERTEX_POINT ( 'NONE', #5670 ) ;
#711 = VERTEX_POINT ( 'NONE', #4635 ) ;
#712 = STYLED_ITEM ( 'NONE', ( #5168 ), #985 ) ;
#713 = CARTESIAN_POINT ( 'NONE',  ( -0.1060040823575077590, 0.3505257256572526514, 0.01000000000000000021 ) ) ;
#714 = ORIENTED_EDGE ( 'NONE', *, *, #6991, .F. ) ;
#715 = DIRECTION ( 'NONE',  ( 0.0000000000000000000, 0.0000000000000000000, -1.000000000000000000 ) ) ;
#716 = ORIENTED_EDGE ( 'NONE', *, *, #1197, .F. ) ;
#717 =( LENGTH_UNIT ( ) NAMED_UNIT ( * ) SI_UNIT ( .MILLI., .METRE. ) );
#718 = CARTESIAN_POINT ( 'NONE',  ( 0.1828678688620049286, 0.3529647500474968891, 0.0000000000000000000 ) ) ;
#719 = EDGE_CURVE ( 'NONE', #1432, #6980, #2343, .T. ) ;
#720 = CARTESIAN_POINT ( 'NONE',  ( 0.3906802021953383885, 0.3505257256572531510, 0.0000000000000000000 ) ) ;
#721 = CARTESIAN_POINT ( 'NONE',  ( -0.04956353357701982071, 0.3505257256572525959, 0.01000000000000000021 ) ) ;
#722 = DIRECTION ( 'NONE',  ( 0.0000000000000000000, 1.000000000000000000, -0.0000000000000000000 ) ) ;
#723 = DIRECTION ( 'NONE',  ( 0.0000000000000000000, -1.000000000000000000, 0.0000000000000000000 ) ) ;
#724 = STYLED_ITEM ( 'NONE', ( #2309 ), #379 ) ;
#725 = EDGE_CURVE ( 'NONE', #6477, #4762, #3514, .T. ) ;
#726 = CARTESIAN_POINT ( 'NONE',  ( 1.010000000000001785, 0.4000000000000000222, 0.1799999999999999933 ) ) ;
#727 = SURFACE_STYLE_FILL_AREA ( #1154 ) ;
#728 = LINE ( 'NONE', #5941, #5293 ) ;
#729 = CARTESIAN_POINT ( 'NONE',  ( 0.1358023200815170473, 0.3450379207792040881, 0.0000000000000000000 ) ) ;
#730 = EDGE_CURVE ( 'NONE', #6026, #7194, #4082, .T. ) ;
#731 = SURFACE_SIDE_STYLE ('',( #1418 ) ) ;
#732 = VECTOR ( 'NONE', #5189, 1000.000000000000000 ) ;
#733 = ORIENTED_EDGE ( 'NONE', *, *, #3391, .F. ) ;
#734 = PRESENTATION_STYLE_ASSIGNMENT (( #198 ) ) ;
#735 = VERTEX_POINT ( 'NONE', #547 ) ;
#736 = STYLED_ITEM ( 'NONE', ( #3105 ), #5802 ) ;
#737 = CARTESIAN_POINT ( 'NONE',  ( -0.07639280186970257014, 0.3285745061450575100, 0.0000000000000000000 ) ) ;
#738 = CARTESIAN_POINT ( 'NONE',  ( 1.010000000000000009, -0.1000000000000000056, 0.1799999999999999933 ) ) ;
#739 = VECTOR ( 'NONE', #3649, 1000.000000000000000 ) ;
#740 = CARTESIAN_POINT ( 'NONE',  ( 0.07500000000000055234, -0.07500000000000071887, 0.0000000000000000000 ) ) ;
#741 = EDGE_LOOP ( 'NONE', ( #12, #3486, #7055, #4902, #2175, #4372 ) ) ;
#742 = COLOUR_RGB ( '',1.000000000000000000, 1.000000000000000000, 1.000000000000000000 ) ;
#743 = ORIENTED_EDGE ( 'NONE', *, *, #3291, .F. ) ;
#744 = UNCERTAINTY_MEASURE_WITH_UNIT (LENGTH_MEASURE( 1.000000000000000082E-05 ), #5982, 'distance_accuracy_value', 'NONE');
#745 = CARTESIAN_POINT ( 'NONE',  ( -1.010000000000000453, -1.125000000000000222, 0.1799999999999999933 ) ) ;
#746 = VECTOR ( 'NONE', #2129, 1000.000000000000000 ) ;
#747 = ORIENTED_EDGE ( 'NONE', *, *, #2176, .T. ) ;
#748 = COLOUR_RGB ( '',1.000000000000000000, 1.000000000000000000, 1.000000000000000000 ) ;
#749 = SURFACE_STYLE_FILL_AREA ( #6343 ) ;
#750 = VECTOR ( 'NONE', #2970, 1000.000000000000000 ) ;
#751 = VERTEX_POINT ( 'NONE', #5190 ) ;
#752 = DIRECTION ( 'NONE',  ( 0.0000000000000000000, 0.0000000000000000000, 1.000000000000000000 ) ) ;
#753 = CARTESIAN_POINT ( 'NONE',  ( 1.010000000000000453, -0.8750000000000000000, 0.1799999999999999933 ) ) ;
#754 = DIRECTION ( 'NONE',  ( 1.000000000000000000, 0.0000000000000000000, 0.0000000000000000000 ) ) ;
#755 = AXIS2_PLACEMENT_3D ( 'NONE', #222, #2493, #830 ) ;
#756 = CARTESIAN_POINT ( 'NONE',  ( 0.2423268230917725030, 0.1540840061458686183, 0.0000000000000000000 ) ) ;
#757 = EDGE_CURVE ( 'NONE', #5154, #1225, #6217, .T. ) ;
#758 = EDGE_CURVE ( 'NONE', #3766, #438, #3560, .T. ) ;
#759 = CARTESIAN_POINT ( 'NONE',  ( -0.1224559644074896814, 0.1524976508683098531, 0.0000000000000000000 ) ) ;
#760 =( NAMED_UNIT ( * ) SI_UNIT ( $, .STERADIAN. ) SOLID_ANGLE_UNIT ( ) );
#761 = VECTOR ( 'NONE', #5970, 1000.000000000000000 ) ;
#762 = LINE ( 'NONE', #3029, #6527 ) ;
#763 = CARTESIAN_POINT ( 'NONE',  ( -0.3812708506501912842, 0.1505257256572542224, 0.0000000000000000000 ) ) ;
#764 = VECTOR ( 'NONE', #979, 1000.000000000000000 ) ;
#765 = PRESENTATION_LAYER_ASSIGNMENT (  '', '', ( #7354 ) ) ;
#766 =( GEOMETRIC_REPRESENTATION_CONTEXT ( 3 ) GLOBAL_UNCERTAINTY_ASSIGNED_CONTEXT ( ( #868 ) ) GLOBAL_UNIT_ASSIGNED_CONTEXT ( ( #3089, #1346, #5995 ) ) REPRESENTATION_CONTEXT ( 'NONE', 'WORKASPACE' ) );
#767 = DIRECTION ( 'NONE',  ( 0.0000000000000000000, -0.0000000000000000000, -1.000000000000000000 ) ) ;
#768 = CARTESIAN_POINT ( 'NONE',  ( -1.000000000000000000, 0.6500000000000000222, 0.1799999999999999933 ) ) ;
#769 = LINE ( 'NONE', #2498, #3633 ) ;
#770 = CARTESIAN_POINT ( 'NONE',  ( -0.2039069901941118201, 0.1972783825221433307, 0.01000000000000000021 ) ) ;
#771 = COLOUR_RGB ( '',1.000000000000000000, 1.000000000000000000, 1.000000000000000000 ) ;
#772 = DIRECTION ( 'NONE',  ( 1.000000000000000000, 1.707404996040163279E-16, -0.0000000000000000000 ) ) ;
#773 = ORIENTED_EDGE ( 'NONE', *, *, #4281, .F. ) ;
#774 =( NAMED_UNIT ( * ) PLANE_ANGLE_UNIT ( ) SI_UNIT ( $, .RADIAN. ) );
#775 = COLOUR_RGB ( '',0.7529411764705882248, 0.7529411764705882248, 0.7529411764705882248 ) ;
#776 = EDGE_CURVE ( 'NONE', #4456, #5533, #1102, .T. ) ;
#777 = VERTEX_POINT ( 'NONE', #7406 ) ;
#778 = EDGE_CURVE ( 'NONE', #4502, #5175, #2264, .T. ) ;
#779 = CARTESIAN_POINT ( 'NONE',  ( 0.09999999999999995004, 0.0000000000000000000, 0.0000000000000000000 ) ) ;
#780 = LINE ( 'NONE', #706, #2306 ) ;
#781 = SURFACE_SIDE_STYLE ('',( #1424 ) ) ;
#782 = FACE_OUTER_BOUND ( 'NONE', #3101, .T. ) ;
#783 = ORIENTED_EDGE ( 'NONE', *, *, #5984, .F. ) ;
#784 = ORIENTED_EDGE ( 'NONE', *, *, #6808, .T. ) ;
#785 = DIRECTION ( 'NONE',  ( 6.019580811820573172E-15, 1.000000000000000000, 0.0000000000000000000 ) ) ;
#786 = DIRECTION ( 'NONE',  ( 2.168404344971009115E-16, -1.000000000000000000, 0.0000000000000000000 ) ) ;
#787 = ORIENTED_EDGE ( 'NONE', *, *, #6673, .F. ) ;
#788 = ORIENTED_EDGE ( 'NONE', *, *, #6260, .F. ) ;
#789 = COLOUR_RGB ( '',1.000000000000000000, 1.000000000000000000, 1.000000000000000000 ) ;
#790 = SURFACE_STYLE_FILL_AREA ( #5466 ) ;
#791 = SURFACE_STYLE_FILL_AREA ( #5887 ) ;
#792 = EDGE_LOOP ( 'NONE', ( #1565, #571, #2966, #1685, #1236, #5872, #3873, #6049 ) ) ;
#793 = FILL_AREA_STYLE_COLOUR ( '', #2221 ) ;
#794 = PRESENTATION_STYLE_ASSIGNMENT (( #5470 ) ) ;
#795 = EDGE_CURVE ( 'NONE', #2630, #964, #5711, .T. ) ;
#796 = CARTESIAN_POINT ( 'NONE',  ( 0.1358023200815171860, 0.3182086524865211929, 0.01000000000000000021 ) ) ;
#797 = PLANE ( 'NONE',  #4398 ) ;
#798 = PLANE ( 'NONE',  #2022 ) ;
#799 = CARTESIAN_POINT ( 'NONE',  ( -0.7250000000000000888, 1.125000000000000222, 5.421010862427522170E-17 ) ) ;
#800 = FACE_OUTER_BOUND ( 'NONE', #3579, .T. ) ;
#801 = CARTESIAN_POINT ( 'NONE',  ( 0.1908328078863958666, 0.1480867012670087912, 0.01000000000000000021 ) ) ;
#802 = UNCERTAINTY_MEASURE_WITH_UNIT (LENGTH_MEASURE( 1.000000000000000082E-05 ), #2422, 'distance_accuracy_value', 'NONE');
#803 = FILL_AREA_STYLE ('',( #1293 ) ) ;
#804 = AXIS2_PLACEMENT_3D ( 'NONE', #5518, #2092, #470 ) ;
#805 = EDGE_CURVE ( 'NONE', #31, #2245, #5748, .T. ) ;
#806 = B_SPLINE_CURVE_WITH_KNOTS ( 'NONE', 3,
 ( #7306, #3386, #2104, #399, #7347 ),
 .UNSPECIFIED., .F., .F.,
 ( 4, 1, 4 ),
 ( 0.0000000000000000000, 0.4408901428664977473, 1.000000000000000000 ),
 .UNSPECIFIED. ) ;
#807 = DIRECTION ( 'NONE',  ( 1.000000000000000000, 0.0000000000000000000, 0.0000000000000000000 ) ) ;
#808 = CARTESIAN_POINT ( 'NONE',  ( 0.3750000000000000000, 1.499999999999999778, 0.1799999999999999933 ) ) ;
#809 = ORIENTED_EDGE ( 'NONE', *, *, #3368, .T. ) ;
#810 = DIRECTION ( 'NONE',  ( 1.000000000000000000, 0.0000000000000000000, 0.0000000000000000000 ) ) ;
#811 = ORIENTED_EDGE ( 'NONE', *, *, #2316, .T. ) ;
#812 =( NAMED_UNIT ( * ) SI_UNIT ( $, .STERADIAN. ) SOLID_ANGLE_UNIT ( ) );
#813 =( NAMED_UNIT ( * ) SI_UNIT ( $, .STERADIAN. ) SOLID_ANGLE_UNIT ( ) );
#814 = CARTESIAN_POINT ( 'NONE',  ( -0.005661094552629531741, 0.3505257256572524849, 0.0000000000000000000 ) ) ;
#815 = SURFACE_STYLE_USAGE ( .BOTH. , #2628 ) ;
#816 = ORIENTED_EDGE ( 'NONE', *, *, #3883, .T. ) ;
#817 = ORIENTED_EDGE ( 'NONE', *, *, #5289, .F. ) ;
#818 = CARTESIAN_POINT ( 'NONE',  ( 0.1828678688620049564, 0.3529647500474969446, 0.0000000000000000000 ) ) ;
#819 = CARTESIAN_POINT ( 'NONE',  ( 1.000000000000000444, -0.1000000000000000056, 0.0000000000000000000 ) ) ;
#820 = ORIENTED_EDGE ( 'NONE', *, *, #5733, .T. ) ;
#821 = VERTEX_POINT ( 'NONE', #6921 ) ;
#822 = PLANE ( 'NONE',  #2191 ) ;
#823 = ORIENTED_EDGE ( 'NONE', *, *, #778, .F. ) ;
#824 = DIRECTION ( 'NONE',  ( 1.000000000000000000, 0.0000000000000000000, 0.0000000000000000000 ) ) ;
#825 = CARTESIAN_POINT ( 'NONE',  ( 0.2788114430361212093, 0.3018813273040522605, 0.01000000000000000021 ) ) ;
#826 = PRESENTATION_LAYER_ASSIGNMENT (  '', '', ( #5361 ) ) ;
#827 = FILL_AREA_STYLE ('',( #2014 ) ) ;
#828 = CARTESIAN_POINT ( 'NONE',  ( 0.7250000000000000888, 1.125000000000000222, -0.02000000000000000042 ) ) ;
#829 = CARTESIAN_POINT ( 'NONE',  ( 0.5000000000000000000, -0.6500000000000000222, -0.02000000000000000042 ) ) ;
#830 = DIRECTION ( 'NONE',  ( 1.000000000000000000, 3.175163505136119001E-15, 0.0000000000000000000 ) ) ;
#831 = FACE_OUTER_BOUND ( 'NONE', #1462, .T. ) ;
#832 = DIRECTION ( 'NONE',  ( 0.0000000000000000000, 0.0000000000000000000, -1.000000000000000000 ) ) ;
#833 = UNCERTAINTY_MEASURE_WITH_UNIT (LENGTH_MEASURE( 1.000000000000000082E-05 ), #6408, 'distance_accuracy_value', 'NONE');
#834 = CARTESIAN_POINT ( 'NONE',  ( -0.3148453685929485379, 0.2066232866328636952, 0.0000000000000000000 ) ) ;
#835 = CARTESIAN_POINT ( 'NONE',  ( 0.06994866154493213639, 0.1724769451694477540, 0.0000000000000000000 ) ) ;
#836 = CARTESIAN_POINT ( 'NONE',  ( -0.7250000000000000888, -1.125000000000000222, -0.02000000000000000042 ) ) ;
#837 = LINE ( 'NONE', #3753, #6746 ) ;
#838 = VECTOR ( 'NONE', #497, 1000.000000000000000 ) ;
#839 = EDGE_CURVE ( 'NONE', #2401, #7112, #2228, .T. ) ;
#840 = DIRECTION ( 'NONE',  ( 0.0000000000000000000, 0.0000000000000000000, -1.000000000000000000 ) ) ;
#841 = ORIENTED_EDGE ( 'NONE', *, *, #1630, .F. ) ;
#842 = SURFACE_STYLE_FILL_AREA ( #4203 ) ;
#843 = EDGE_CURVE ( 'NONE', #4000, #6220, #583, .T. ) ;
#844 = STYLED_ITEM ( 'NONE', ( #794 ), #3854 ) ;
#845 = SURFACE_STYLE_USAGE ( .BOTH. , #2544 ) ;
#846 = SURFACE_STYLE_FILL_AREA ( #2029 ) ;
#847 = LINE ( 'NONE', #385, #139 ) ;
#848 = EDGE_CURVE ( 'NONE', #3574, #4179, #3458, .T. ) ;
#849 =( NAMED_UNIT ( * ) SI_UNIT ( $, .STERADIAN. ) SOLID_ANGLE_UNIT ( ) );
#850 = EDGE_LOOP ( 'NONE', ( #2429, #1077, #5311, #5085 ) ) ;
#851 = ORIENTED_EDGE ( 'NONE', *, *, #7376, .T. ) ;
#852 = PRESENTATION_LAYER_ASSIGNMENT (  '', '', ( #736 ) ) ;
#853 = DIRECTION ( 'NONE',  ( 0.0000000000000000000, 0.0000000000000000000, -1.000000000000000000 ) ) ;
#854 =( GEOMETRIC_REPRESENTATION_CONTEXT ( 3 ) GLOBAL_UNCERTAINTY_ASSIGNED_CONTEXT ( ( #5068 ) ) GLOBAL_UNIT_ASSIGNED_CONTEXT ( ( #6740, #1613, #3353 ) ) REPRESENTATION_CONTEXT ( 'NONE', 'WORKASPACE' ) );
#855 = ORIENTED_EDGE ( 'NONE', *, *, #3787, .T. ) ;
#856 = ORIENTED_EDGE ( 'NONE', *, *, #944, .T. ) ;
#857 = CARTESIAN_POINT ( 'NONE',  ( 0.2554348444008646690, 0.2679858656270192596, 0.0000000000000000000 ) ) ;
#858 = CARTESIAN_POINT ( 'NONE',  ( 0.3749999999999998890, -0.8749999999999998890, 0.1799999999999999933 ) ) ;
#859 = ORIENTED_EDGE ( 'NONE', *, *, #3754, .F. ) ;
#860 = SURFACE_STYLE_USAGE ( .BOTH. , #6010 ) ;
#861 = MECHANICAL_DESIGN_GEOMETRIC_PRESENTATION_REPRESENTATION (  '', ( #3637 ), #4811 ) ;
#862 = AXIS2_PLACEMENT_3D ( 'NONE', #5752, #11, #5039 ) ;
#863 = VECTOR ( 'NONE', #997, 1000.000000000000000 ) ;
#864 = ORIENTED_EDGE ( 'NONE', *, *, #5288, .T. ) ;
#865 = CARTESIAN_POINT ( 'NONE',  ( -0.01053914333311687518, 0.1724769451694477540, 0.0000000000000000000 ) ) ;
#866 = CARTESIAN_POINT ( 'NONE',  ( -0.07639280186970237585, 0.2245094654946511725, 0.0000000000000000000 ) ) ;
#867 = CARTESIAN_POINT ( 'NONE',  ( 1.010000000000000009, 0.1000000000000000056, -0.02000000000000000042 ) ) ;
#868 = UNCERTAINTY_MEASURE_WITH_UNIT (LENGTH_MEASURE( 1.000000000000000082E-05 ), #3089, 'distance_accuracy_value', 'NONE');
#869 = FILL_AREA_STYLE ('',( #5979 ) ) ;
#870 = COLOUR_RGB ( '',0.2509803921568627416, 0.2509803921568627416, 0.2509803921568627416 ) ;
#871 =( GEOMETRIC_REPRESENTATION_CONTEXT ( 3 ) GLOBAL_UNCERTAINTY_ASSIGNED_CONTEXT ( ( #341 ) ) GLOBAL_UNIT_ASSIGNED_CONTEXT ( ( #3140, #7172, #337 ) ) REPRESENTATION_CONTEXT ( 'NONE', 'WORKASPACE' ) );
#872 = EDGE_CURVE ( 'NONE', #711, #5472, #2379, .T. ) ;
#873 = PRESENTATION_LAYER_ASSIGNMENT (  '', '', ( #264 ) ) ;
#874 = PRESENTATION_LAYER_ASSIGNMENT (  '', '', ( #4248 ) ) ;
#875 = CARTESIAN_POINT ( 'NONE',  ( 0.1738489934012218685, 0.3527521801645004396, 0.0000000000000000000 ) ) ;
#876 = CARTESIAN_POINT ( 'NONE',  ( 1.010000000000000009, -0.1000000000000000056, 0.1799999999999999933 ) ) ;
#877 = ADVANCED_FACE ( 'NONE', ( #1781 ), #3973, .F. ) ;
#878 = STYLED_ITEM ( 'NONE', ( #7303 ), #2948 ) ;
#879 = EDGE_CURVE ( 'NONE', #1047, #7059, #258, .T. ) ;
#880 = FACE_OUTER_BOUND ( 'NONE', #6559, .T. ) ;
#881 = ORIENTED_EDGE ( 'NONE', *, *, #1001, .F. ) ;
#882 = COLOUR_RGB ( '',0.7529411764705882248, 0.7529411764705882248, 0.7529411764705882248 ) ;
#883 = EDGE_CURVE ( 'NONE', #1866, #2291, #3817, .T. ) ;
#884 = FILL_AREA_STYLE_COLOUR ( '', #4850 ) ;
#885 = AXIS2_PLACEMENT_3D ( 'NONE', #6758, #3898, #6245 ) ;
#886 = LINE ( 'NONE', #3192, #1227 ) ;
#887 = FILL_AREA_STYLE_COLOUR ( '', #2971 ) ;
#888 = DIRECTION ( 'NONE',  ( 0.0000000000000000000, 0.0000000000000000000, -1.000000000000000000 ) ) ;
#889 = STYLED_ITEM ( 'NONE', ( #6235 ), #6200 ) ;
#890 = PRESENTATION_STYLE_ASSIGNMENT (( #6582 ) ) ;
#891 = VECTOR ( 'NONE', #3759, 1000.000000000000000 ) ;
#892 = FACE_OUTER_BOUND ( 'NONE', #2064, .T. ) ;
#893 = CARTESIAN_POINT ( 'NONE',  ( 0.1871361615449324001, 0.1700379207792039049, 0.0000000000000000000 ) ) ;
#894 = EDGE_LOOP ( 'NONE', ( #2706, #5881, #2905, #716, #6342, #4660 ) ) ;
#895 = ORIENTED_EDGE ( 'NONE', *, *, #6246, .T. ) ;
#896 = MECHANICAL_DESIGN_GEOMETRIC_PRESENTATION_REPRESENTATION (  '', ( #404 ), #4957 ) ;
#897 = LINE ( 'NONE', #7161, #611 ) ;
#898 = AXIS2_PLACEMENT_3D ( 'NONE', #1875, #3542, #5841 ) ;
#899 = AXIS2_PLACEMENT_3D ( 'NONE', #2887, #5126, #626 ) ;
#900 = ORIENTED_EDGE ( 'NONE', *, *, #3564, .F. ) ;
#901 = VERTEX_POINT ( 'NONE', #3025 ) ;
#902 = CARTESIAN_POINT ( 'NONE',  ( -0.2544415823575082447, 0.1505257256572535562, 0.01000000000000000021 ) ) ;
#903 = CARTESIAN_POINT ( 'NONE',  ( -0.005661094552629531741, 0.3505257256572524849, 0.0000000000000000000 ) ) ;
#904 = PLANE ( 'NONE',  #6887 ) ;
#905 = ORIENTED_EDGE ( 'NONE', *, *, #6400, .F. ) ;
#906 = STYLED_ITEM ( 'NONE', ( #6830 ), #6817 ) ;
#907 = CARTESIAN_POINT ( 'NONE',  ( -0.1000000000000000611, -1.509999999999999787, 0.1799999999999999933 ) ) ;
#908 = AXIS2_PLACEMENT_3D ( 'NONE', #4138, #7429, #4067 ) ;
#909 = FACE_OUTER_BOUND ( 'NONE', #3841, .T. ) ;
#910 = VECTOR ( 'NONE', #4184, 1000.000000000000000 ) ;
#911 = ORIENTED_EDGE ( 'NONE', *, *, #285, .T. ) ;
#912 = DIRECTION ( 'NONE',  ( -0.3393303772748771929, -0.9406672605435406620, 0.0000000000000000000 ) ) ;
#913 = DIRECTION ( 'NONE',  ( 2.168404344971009115E-16, -1.000000000000000000, 0.0000000000000000000 ) ) ;
#914 = DIRECTION ( 'NONE',  ( 0.0000000000000000000, 1.000000000000000000, 0.0000000000000000000 ) ) ;
#915 =( LENGTH_UNIT ( ) NAMED_UNIT ( * ) SI_UNIT ( .MILLI., .METRE. ) );
#916 = FACE_OUTER_BOUND ( 'NONE', #2254, .T. ) ;
#917 = VECTOR ( 'NONE', #3344, 1000.000000000000000 ) ;
#918 =( NAMED_UNIT ( * ) SI_UNIT ( $, .STERADIAN. ) SOLID_ANGLE_UNIT ( ) );
#919 = CARTESIAN_POINT ( 'NONE',  ( 0.09999999999999995004, -0.9999999999999997780, 0.1799999999999999933 ) ) ;
#920 =( NAMED_UNIT ( * ) SI_UNIT ( $, .STERADIAN. ) SOLID_ANGLE_UNIT ( ) );
#921 = VECTOR ( 'NONE', #118, 1000.000000000000000 ) ;
#922 = STYLED_ITEM ( 'NONE', ( #7335 ), #1442 ) ;
#923 = ORIENTED_EDGE ( 'NONE', *, *, #5506, .T. ) ;
#924 = CARTESIAN_POINT ( 'NONE',  ( -0.04956353357701962642, 0.1505257256572527513, 0.0000000000000000000 ) ) ;
#925 =( NAMED_UNIT ( * ) PLANE_ANGLE_UNIT ( ) SI_UNIT ( $, .RADIAN. ) );
#926 = ADVANCED_FACE ( 'NONE', ( #4700 ), #4225, .T. ) ;
#927 = CARTESIAN_POINT ( 'NONE',  ( -0.3750000000000001110, 1.499999999999999778, 0.0000000000000000000 ) ) ;
#928 = CARTESIAN_POINT ( 'NONE',  ( 0.0000000000000000000, 0.0000000000000000000, 0.1799999999999999933 ) ) ;
#929 =( NAMED_UNIT ( * ) SI_UNIT ( $, .STERADIAN. ) SOLID_ANGLE_UNIT ( ) );
#930 = DIRECTION ( 'NONE',  ( -1.000000000000000000, 0.0000000000000000000, 0.0000000000000000000 ) ) ;
#931 = FACE_OUTER_BOUND ( 'NONE', #197, .T. ) ;
#932 = VERTEX_POINT ( 'NONE', #4154 ) ;
#933 = VERTEX_POINT ( 'NONE', #828 ) ;
#934 = CARTESIAN_POINT ( 'NONE',  ( -0.8346014097487851613, 1.003571233972216037, 0.9400000000000000577 ) ) ;
#935 = VERTEX_POINT ( 'NONE', #3588 ) ;
#936 = ORIENTED_EDGE ( 'NONE', *, *, #4414, .F. ) ;
#937 = DIRECTION ( 'NONE',  ( -1.000000000000000000, 0.0000000000000000000, 0.0000000000000000000 ) ) ;
#938 = FACE_OUTER_BOUND ( 'NONE', #4509, .T. ) ;
#939 = LINE ( 'NONE', #447, #386 ) ;
#940 = ORIENTED_EDGE ( 'NONE', *, *, #1652, .T. ) ;
#941 = B_SPLINE_CURVE_WITH_KNOTS ( 'NONE', 3,
 ( #1708, #1823, #627, #1750, #4127 ),
 .UNSPECIFIED., .F., .F.,
 ( 4, 1, 4 ),
 ( 0.0000000000000000000, 0.5000000000000003331, 0.9999933870967731009 ),
 .UNSPECIFIED. ) ;
#942 = CARTESIAN_POINT ( 'NONE',  ( -0.01053914333311687518, 0.1724769451694477540, 0.0000000000000000000 ) ) ;
#943 = VERTEX_POINT ( 'NONE', #865 ) ;
#944 = EDGE_CURVE ( 'NONE', #7005, #3925, #1363, .T. ) ;
#945 = DIRECTION ( 'NONE',  ( 1.000000000000000000, 0.0000000000000000000, -0.0000000000000000000 ) ) ;
#946 = SURFACE_STYLE_USAGE ( .BOTH. , #7138 ) ;
#947 = EDGE_CURVE ( 'NONE', #6648, #2728, #4424, .T. ) ;
#948 = LINE ( 'NONE', #978, #2537 ) ;
#949 = ADVANCED_FACE ( 'NONE', ( #3064 ), #798, .T. ) ;
#950 = PRODUCT_DEFINITION_CONTEXT ( 'detailed design', #1118, 'design' ) ;
#951 = SURFACE_SIDE_STYLE ('',( #7142 ) ) ;
#952 = UNCERTAINTY_MEASURE_WITH_UNIT (LENGTH_MEASURE( 1.000000000000000082E-05 ), #4117, 'distance_accuracy_value', 'NONE');
#953 = EDGE_CURVE ( 'NONE', #3396, #5382, #4884, .T. ) ;
#954 = AXIS2_PLACEMENT_3D ( 'NONE', #6027, #2620, #5448 ) ;
#955 = ORIENTED_EDGE ( 'NONE', *, *, #5712, .T. ) ;
#956 =( NAMED_UNIT ( * ) PLANE_ANGLE_UNIT ( ) SI_UNIT ( $, .RADIAN. ) );
#957 = FILL_AREA_STYLE ('',( #5993 ) ) ;
#958 = VECTOR ( 'NONE', #7073, 1000.000000000000000 ) ;
#959 = ADVANCED_FACE ( 'NONE', ( #2863 ), #4572, .T. ) ;
#960 =( LENGTH_UNIT ( ) NAMED_UNIT ( * ) SI_UNIT ( .MILLI., .METRE. ) );
#961 = FILL_AREA_STYLE ('',( #6104 ) ) ;
#962 = EDGE_CURVE ( 'NONE', #5425, #932, #3280, .T. ) ;
#963 = ORIENTED_EDGE ( 'NONE', *, *, #5261, .T. ) ;
#964 = VERTEX_POINT ( 'NONE', #5539 ) ;
#965 = COLOUR_RGB ( '',0.7529411764705882248, 0.7529411764705882248, 0.7529411764705882248 ) ;
#966 = CARTESIAN_POINT ( 'NONE',  ( 0.1826392103254196597, 0.3310135305353017476, 0.0000000000000000000 ) ) ;
#967 = ORIENTED_EDGE ( 'NONE', *, *, #575, .T. ) ;
#968 = FILL_AREA_STYLE ('',( #2166 ) ) ;
#969 = DIRECTION ( 'NONE',  ( 1.000000000000000000, -0.0000000000000000000, 0.0000000000000000000 ) ) ;
#970 =( NAMED_UNIT ( * ) PLANE_ANGLE_UNIT ( ) SI_UNIT ( $, .RADIAN. ) );
#971 = ORIENTED_EDGE ( 'NONE', *, *, #2920, .F. ) ;
#972 = DIRECTION ( 'NONE',  ( -1.000000000000000000, 0.0000000000000000000, -0.0000000000000000000 ) ) ;
#973 = FILL_AREA_STYLE ('',( #3846 ) ) ;
#974 = CARTESIAN_POINT ( 'NONE',  ( 0.3772657347156638252, 0.3060135305353018920, 0.0000000000000000000 ) ) ;
#975 =( NAMED_UNIT ( * ) SI_UNIT ( $, .STERADIAN. ) SOLID_ANGLE_UNIT ( ) );
#976 = VERTEX_POINT ( 'NONE', #7281 ) ;
#977 = SURFACE_STYLE_USAGE ( .BOTH. , #5069 ) ;
#978 = CARTESIAN_POINT ( 'NONE',  ( -1.010000000000000453, -1.125000000000000222, 0.1799999999999999933 ) ) ;
#979 = DIRECTION ( 'NONE',  ( -0.7071067811865483499, 0.7071067811865466846, -0.0000000000000000000 ) ) ;
#980 = VECTOR ( 'NONE', #722, 1000.000000000000000 ) ;
#981 = ADVANCED_FACE ( 'NONE', ( #2605 ), #413, .T. ) ;
#982 = AXIS2_PLACEMENT_3D ( 'NONE', #1328, #3566, #5360 ) ;
#983 = SURFACE_STYLE_FILL_AREA ( #2085 ) ;
#984 =( GEOMETRIC_REPRESENTATION_CONTEXT ( 3 ) GLOBAL_UNCERTAINTY_ASSIGNED_CONTEXT ( ( #5063 ) ) GLOBAL_UNIT_ASSIGNED_CONTEXT ( ( #5364, #4199, #1332 ) ) REPRESENTATION_CONTEXT ( 'NONE', 'WORKASPACE' ) );
#985 = ADVANCED_FACE ( 'NONE', ( #4063 ), #2941, .T. ) ;
#986 = PLANE ( 'NONE',  #7259 ) ;
#987 = DIRECTION ( 'NONE',  ( 0.0000000000000000000, -0.0000000000000000000, -1.000000000000000000 ) ) ;
#988 = CARTESIAN_POINT ( 'NONE',  ( 0.0000000000000000000, 0.0000000000000000000, 0.0000000000000000000 ) ) ;
#989 = MECHANICAL_DESIGN_GEOMETRIC_PRESENTATION_REPRESENTATION (  '', ( #5658 ), #4129 ) ;
#990 = STYLED_ITEM ( 'NONE', ( #4887 ), #2509 ) ;
#991 = AXIS2_PLACEMENT_3D ( 'NONE', #3118, #3643, #6548 ) ;
#992 = SURFACE_SIDE_STYLE ('',( #4964 ) ) ;
#993 = EDGE_LOOP ( 'NONE', ( #2088, #4630, #4935, #816, #1200, #3901, #4761, #3493 ) ) ;
#994 =( LENGTH_UNIT ( ) NAMED_UNIT ( * ) SI_UNIT ( .MILLI., .METRE. ) );
#995 =( GEOMETRIC_REPRESENTATION_CONTEXT ( 3 ) GLOBAL_UNCERTAINTY_ASSIGNED_CONTEXT ( ( #4346 ) ) GLOBAL_UNIT_ASSIGNED_CONTEXT ( ( #1140, #2878, #4188 ) ) REPRESENTATION_CONTEXT ( 'NONE', 'WORKASPACE' ) );
#996 = DIRECTION ( 'NONE',  ( 1.000000000000000000, 0.0000000000000000000, 0.0000000000000000000 ) ) ;
#997 = DIRECTION ( 'NONE',  ( -1.000000000000000000, -0.0000000000000000000, -0.0000000000000000000 ) ) ;
#998 = COLOUR_RGB ( '',0.7529411764705882248, 0.7529411764705882248, 0.7529411764705882248 ) ;
#999 = ORIENTED_EDGE ( 'NONE', *, *, #1984, .F. ) ;
#1000 = ORIENTED_EDGE ( 'NONE', *, *, #6354, .F. ) ;
#1001 = EDGE_CURVE ( 'NONE', #5849, #2596, #6332, .T. ) ;
#1002 = CARTESIAN_POINT ( 'NONE',  ( 0.1871361615449324001, 0.1700379207792039049, 0.01000000000000000021 ) ) ;
#1003 = AXIS2_PLACEMENT_3D ( 'NONE', #5147, #7023, #2952 ) ;
#1004 = CARTESIAN_POINT ( 'NONE',  ( -0.8879092524736132974, 1.056879076697043729, 0.9499999999999999556 ) ) ;
#1005 = VERTEX_POINT ( 'NONE', #4174 ) ;
#1006 = COLOUR_RGB ( '',1.000000000000000000, 1.000000000000000000, 1.000000000000000000 ) ;
#1007 = DIRECTION ( 'NONE',  ( 0.0000000000000000000, 0.0000000000000000000, 1.000000000000000000 ) ) ;
#1008 =( NAMED_UNIT ( * ) PLANE_ANGLE_UNIT ( ) SI_UNIT ( $, .RADIAN. ) );
#1009 = STYLED_ITEM ( 'NONE', ( #7253 ), #3214 ) ;
#1010 = DIRECTION ( 'NONE',  ( -7.228014483236695816E-17, 1.000000000000000000, -0.0000000000000000000 ) ) ;
#1011 = ORIENTED_EDGE ( 'NONE', *, *, #3937, .F. ) ;
#1012 = PLANE ( 'NONE',  #908 ) ;
#1013 = CARTESIAN_POINT ( 'NONE',  ( 1.010000000000001785, 0.4000000000000000222, -0.02000000000000000042 ) ) ;
#1014 = MECHANICAL_DESIGN_GEOMETRIC_PRESENTATION_REPRESENTATION (  '', ( #6285 ), #6755 ) ;
#1015 = PRESENTATION_LAYER_ASSIGNMENT (  '', '', ( #3908 ) ) ;
#1016 = EDGE_LOOP ( 'NONE', ( #3161, #5523, #5926, #684 ) ) ;
#1017 =( GEOMETRIC_REPRESENTATION_CONTEXT ( 3 ) GLOBAL_UNCERTAINTY_ASSIGNED_CONTEXT ( ( #6642 ) ) GLOBAL_UNIT_ASSIGNED_CONTEXT ( ( #4008, #2796, #5071 ) ) REPRESENTATION_CONTEXT ( 'NONE', 'WORKASPACE' ) );
#1018 = CARTESIAN_POINT ( 'NONE',  ( 0.2463795920790640692, 0.1822569737170531001, 0.0000000000000000000 ) ) ;
#1019 = SURFACE_STYLE_USAGE ( .BOTH. , #1693 ) ;
#1020 = EDGE_CURVE ( 'NONE', #6839, #6650, #6444, .T. ) ;
#1021 = MECHANICAL_DESIGN_GEOMETRIC_PRESENTATION_REPRESENTATION (  '', ( #2342 ), #3309 ) ;
#1022 = B_SPLINE_CURVE_WITH_KNOTS ( 'NONE', 3,
 ( #4598, #2233, #6322, #4562, #2304 ),
 .UNSPECIFIED., .F., .F.,
 ( 4, 1, 4 ),
 ( 0.0000000000000000000, 0.5000000000000002220, 1.000000000000000000 ),
 .UNSPECIFIED. ) ;
#1023 = UNCERTAINTY_MEASURE_WITH_UNIT (LENGTH_MEASURE( 1.000000000000000082E-05 ), #2083, 'distance_accuracy_value', 'NONE');
#1024 = LINE ( 'NONE', #5582, #3433 ) ;
#1025 = CARTESIAN_POINT ( 'NONE',  ( 0.2845828078863957278, 0.2467528598035945153, 0.0000000000000000000 ) ) ;
#1026 = CARTESIAN_POINT ( 'NONE',  ( -0.3750000000000000000, -1.500000000000000222, 0.1799999999999999378 ) ) ;
#1027 = PRESENTATION_LAYER_ASSIGNMENT (  '', '', ( #3804 ) ) ;
#1028 = CARTESIAN_POINT ( 'NONE',  ( -0.1000000000000000611, 0.9999999999999997780, 5.421010862427522170E-17 ) ) ;
#1029 = CARTESIAN_POINT ( 'NONE',  ( -0.1593485043857081063, 0.3448050906014233918, 0.01000000000000000021 ) ) ;
#1030 = VECTOR ( 'NONE', #1770, 1000.000000000000000 ) ;
#1031 = CARTESIAN_POINT ( 'NONE',  ( -1.000000000000000222, 1.499999999999999778, 0.0000000000000000000 ) ) ;
#1032 = PLANE ( 'NONE',  #862 ) ;
#1033 = EDGE_CURVE ( 'NONE', #2347, #935, #1834, .T. ) ;
#1034 = ORIENTED_EDGE ( 'NONE', *, *, #6312, .T. ) ;
#1035 = PRESENTATION_STYLE_ASSIGNMENT (( #6215 ) ) ;
#1036 = VECTOR ( 'NONE', #7302, 1000.000000000000000 ) ;
#1037 = FILL_AREA_STYLE_COLOUR ( '', #2824 ) ;
#1038 = DIRECTION ( 'NONE',  ( 1.000000000000000000, 0.0000000000000000000, 0.0000000000000000000 ) ) ;
#1039 = LINE ( 'NONE', #384, #7267 ) ;
#1040 = CARTESIAN_POINT ( 'NONE',  ( 0.4500000000000000111, -0.6000000000000000888, 0.1799999999999999933 ) ) ;
#1041 = VECTOR ( 'NONE', #2697, 1000.000000000000000 ) ;
#1042 = VECTOR ( 'NONE', #3714, 1000.000000000000000 ) ;
#1043 = COLOUR_RGB ( '',0.7529411764705882248, 0.7529411764705882248, 0.7529411764705882248 ) ;
#1044 = FILL_AREA_STYLE ('',( #1495 ) ) ;
#1045 =( LENGTH_UNIT ( ) NAMED_UNIT ( * ) SI_UNIT ( .MILLI., .METRE. ) );
#1046 = EDGE_LOOP ( 'NONE', ( #623, #4251, #6107, #5645, #5771 ) ) ;
#1047 = VERTEX_POINT ( 'NONE', #4135 ) ;
#1048 = PLANE ( 'NONE',  #4164 ) ;
#1049 = EDGE_LOOP ( 'NONE', ( #4983, #5920, #5305, #3057 ) ) ;
#1050 =( NAMED_UNIT ( * ) SI_UNIT ( $, .STERADIAN. ) SOLID_ANGLE_UNIT ( ) );
#1051 = COLOUR_RGB ( '',1.000000000000000000, 1.000000000000000000, 1.000000000000000000 ) ;
#1052 = EDGE_CURVE ( 'NONE', #6454, #3343, #5806, .T. ) ;
#1053 = DIRECTION ( 'NONE',  ( 0.0000000000000000000, 0.0000000000000000000, -1.000000000000000000 ) ) ;
#1054 = CARTESIAN_POINT ( 'NONE',  ( 0.06994866154493169230, 0.3285745061450576765, 0.0000000000000000000 ) ) ;
#1055 = ORIENTED_EDGE ( 'NONE', *, *, #2003, .F. ) ;
#1056 = DIRECTION ( 'NONE',  ( -0.0000000000000000000, -1.000000000000000000, 0.0000000000000000000 ) ) ;
#1057 = CARTESIAN_POINT ( 'NONE',  ( -0.07639280186970258402, 0.1724769451694480316, 0.0000000000000000000 ) ) ;
#1058 = CARTESIAN_POINT ( 'NONE',  ( 0.1358023200815171028, 0.3405660380357580785, 0.0000000000000000000 ) ) ;
#1059 = LINE ( 'NONE', #7279, #6306 ) ;
#1060 = ORIENTED_EDGE ( 'NONE', *, *, #5029, .F. ) ;
#1061 =( NAMED_UNIT ( * ) SI_UNIT ( $, .STERADIAN. ) SOLID_ANGLE_UNIT ( ) );
#1062 = CARTESIAN_POINT ( 'NONE',  ( -1.010000000000000453, -0.8750000000000000000, 0.1799999999999999933 ) ) ;
#1063 = CARTESIAN_POINT ( 'NONE',  ( 1.010000000000000453, 1.125000000000000222, 0.1799999999999999933 ) ) ;
#1064 = UNCERTAINTY_MEASURE_WITH_UNIT (LENGTH_MEASURE( 1.000000000000000082E-05 ), #7228, 'distance_accuracy_value', 'NONE');
#1065 = CARTESIAN_POINT ( 'NONE',  ( -0.2951994929304322945, 0.2703414730643456942, 0.0000000000000000000 ) ) ;
#1066 =( NAMED_UNIT ( * ) SI_UNIT ( $, .STERADIAN. ) SOLID_ANGLE_UNIT ( ) );
#1067 = LINE ( 'NONE', #5510, #6607 ) ;
#1068 = LINE ( 'NONE', #1031, #7001 ) ;
#1069 = DIRECTION ( 'NONE',  ( -1.000000000000000000, 0.0000000000000000000, 0.0000000000000000000 ) ) ;
#1070 = VECTOR ( 'NONE', #7010, 1000.000000000000000 ) ;
#1071 = ORIENTED_EDGE ( 'NONE', *, *, #1082, .T. ) ;
#1072 =( LENGTH_UNIT ( ) NAMED_UNIT ( * ) SI_UNIT ( .MILLI., .METRE. ) );
#1073 = FACE_BOUND ( 'NONE', #3439, .T. ) ;
#1074 = CARTESIAN_POINT ( 'NONE',  ( 0.06994866154493169230, 0.3285745061450576765, 0.0000000000000000000 ) ) ;
#1075 = EDGE_CURVE ( 'NONE', #7375, #1432, #6937, .T. ) ;
#1076 = CARTESIAN_POINT ( 'NONE',  ( -0.6226458158190147918, 1.129698944080104184, 0.9400000000000000577 ) ) ;
#1077 = ORIENTED_EDGE ( 'NONE', *, *, #5187, .F. ) ;
#1078 = ORIENTED_EDGE ( 'NONE', *, *, #4409, .F. ) ;
#1079 = EDGE_CURVE ( 'NONE', #4798, #3738, #5759, .T. ) ;
#1080 = PRODUCT ( 'VQFN-HR-9_L3.0-W2.0-P0.50-BL_TI_TPS6281XXXXX', 'VQFN-HR-9_L3.0-W2.0-P0.50-BL_TI_TPS6281XXXXX', '', ( #3984 ) ) ;
#1081 = LINE ( 'NONE', #3839, #1754 ) ;
#1082 = EDGE_CURVE ( 'NONE', #4535, #4000, #1162, .T. ) ;
#1083 = EDGE_LOOP ( 'NONE', ( #2289, #4147, #1676, #2068 ) ) ;
#1084 = CARTESIAN_POINT ( 'NONE',  ( -0.3471626189428738685, 0.2285745061450590032, 0.01000000000000000021 ) ) ;
#1085 = PRESENTATION_STYLE_ASSIGNMENT (( #5532 ) ) ;
#1086 = ORIENTED_EDGE ( 'NONE', *, *, #4310, .T. ) ;
#1087 = CARTESIAN_POINT ( 'NONE',  ( -0.8879092524736135195, 1.202518811463164861, 0.9499999999999999556 ) ) ;
#1088 = CARTESIAN_POINT ( 'NONE',  ( -0.005661094552629298421, 0.3285745061450575100, 0.0000000000000000000 ) ) ;
#1089 = STYLED_ITEM ( 'NONE', ( #2841 ), #3671 ) ;
#1090 = ORIENTED_EDGE ( 'NONE', *, *, #2503, .T. ) ;
#1091 = CARTESIAN_POINT ( 'NONE',  ( 0.3772657347156638807, 0.1873143435434319604, 0.0000000000000000000 ) ) ;
#1092 = UNCERTAINTY_MEASURE_WITH_UNIT (LENGTH_MEASURE( 1.000000000000000082E-05 ), #1252, 'distance_accuracy_value', 'NONE');
#1093 = ORIENTED_EDGE ( 'NONE', *, *, #1989, .F. ) ;
#1094 = UNCERTAINTY_MEASURE_WITH_UNIT (LENGTH_MEASURE( 1.000000000000000082E-05 ), #4249, 'distance_accuracy_value', 'NONE');
#1095 = PLANE ( 'NONE',  #4954 ) ;
#1096 = VECTOR ( 'NONE', #5573, 1000.000000000000000 ) ;
#1097 = FACE_OUTER_BOUND ( 'NONE', #5836, .T. ) ;
#1098 = MECHANICAL_DESIGN_GEOMETRIC_PRESENTATION_REPRESENTATION (  '', ( #4347 ), #1820 ) ;
#1099 =( LENGTH_UNIT ( ) NAMED_UNIT ( * ) SI_UNIT ( .MILLI., .METRE. ) );
#1100 = LINE ( 'NONE', #5667, #1218 ) ;
#1101 = VECTOR ( 'NONE', #3773, 1000.000000000000000 ) ;
#1102 = LINE ( 'NONE', #2846, #3749 ) ;
#1103 = PRESENTATION_LAYER_ASSIGNMENT (  '', '', ( #4349 ) ) ;
#1104 = SURFACE_SIDE_STYLE ('',( #7288 ) ) ;
#1105 = DIRECTION ( 'NONE',  ( 0.0000000000000000000, -0.0000000000000000000, -1.000000000000000000 ) ) ;
#1106 = EDGE_CURVE ( 'NONE', #2138, #3357, #3005, .T. ) ;
#1107 = STYLED_ITEM ( 'NONE', ( #4427 ), #5418 ) ;
#1108 = SURFACE_SIDE_STYLE ('',( #1745 ) ) ;
#1109 = VERTEX_POINT ( 'NONE', #1872 ) ;
#1110 = MECHANICAL_DESIGN_GEOMETRIC_PRESENTATION_REPRESENTATION (  '', ( #6718 ), #3639 ) ;
#1111 = CARTESIAN_POINT ( 'NONE',  ( 0.3016559786181032266, 0.1505257256572531122, 0.0000000000000000000 ) ) ;
#1112 = STYLED_ITEM ( 'NONE', ( #349 ), #5543 ) ;
#1113 = CARTESIAN_POINT ( 'NONE',  ( 0.2577535395937128326, 0.2483915793157896179, 0.01000000000000000021 ) ) ;
#1114 = LINE ( 'NONE', #86, #921 ) ;
#1115 = FILL_AREA_STYLE_COLOUR ( '', #1407 ) ;
#1116 = EDGE_CURVE ( 'NONE', #4178, #6893, #5728, .T. ) ;
#1117 = PRESENTATION_STYLE_ASSIGNMENT (( #2773 ) ) ;
#1118 = APPLICATION_CONTEXT ( 'automotive_design' ) ;
#1119 = MECHANICAL_DESIGN_GEOMETRIC_PRESENTATION_REPRESENTATION (  '', ( #990 ), #4126 ) ;
#1120 = ORIENTED_EDGE ( 'NONE', *, *, #5070, .T. ) ;
#1121 = CARTESIAN_POINT ( 'NONE',  ( -0.1593953240844192820, 0.1564329510706201631, 0.01000000000000000021 ) ) ;
#1122 = LINE ( 'NONE', #393, #2479 ) ;
#1123 = DIRECTION ( 'NONE',  ( 1.000000000000000000, -5.728080202554261942E-15, 0.0000000000000000000 ) ) ;
#1124 = ORIENTED_EDGE ( 'NONE', *, *, #1079, .F. ) ;
#1125 = CARTESIAN_POINT ( 'NONE',  ( -0.1252385114080442619, 0.3260929773473014159, 0.0000000000000000000 ) ) ;
#1126 = SURFACE_SIDE_STYLE ('',( #2277 ) ) ;
#1127 = CARTESIAN_POINT ( 'NONE',  ( -0.07639280186970258402, 0.0000000000000000000, 0.01000000000000000021 ) ) ;
#1128 =( NAMED_UNIT ( * ) PLANE_ANGLE_UNIT ( ) SI_UNIT ( $, .RADIAN. ) );
#1129 = CARTESIAN_POINT ( 'NONE',  ( -0.3421448343900283517, 0.2424972703727012180, 0.01000000000000000021 ) ) ;
#1130 = SURFACE_STYLE_FILL_AREA ( #5694 ) ;
#1131 = CARTESIAN_POINT ( 'NONE',  ( -0.4500000000000000111, -0.6000000000000000888, -0.02000000000000000042 ) ) ;
#1132 =( NAMED_UNIT ( * ) SI_UNIT ( $, .STERADIAN. ) SOLID_ANGLE_UNIT ( ) );
#1133 = ORIENTED_EDGE ( 'NONE', *, *, #3864, .F. ) ;
#1134 = COLOUR_RGB ( '',1.000000000000000000, 1.000000000000000000, 1.000000000000000000 ) ;
#1135 =( LENGTH_UNIT ( ) NAMED_UNIT ( * ) SI_UNIT ( .MILLI., .METRE. ) );
#1136 = VERTEX_POINT ( 'NONE', #738 ) ;
#1137 =( NAMED_UNIT ( * ) PLANE_ANGLE_UNIT ( ) SI_UNIT ( $, .RADIAN. ) );
#1138 = VECTOR ( 'NONE', #1053, 1000.000000000000000 ) ;
#1139 = PLANE ( 'NONE',  #295 ) ;
#1140 =( LENGTH_UNIT ( ) NAMED_UNIT ( * ) SI_UNIT ( .MILLI., .METRE. ) );
#1141 = DIRECTION ( 'NONE',  ( 0.0000000000000000000, 0.0000000000000000000, -1.000000000000000000 ) ) ;
#1142 = STYLED_ITEM ( 'NONE', ( #890 ), #6640 ) ;
#1143 = VECTOR ( 'NONE', #7310, 1000.000000000000000 ) ;
#1144 = DIRECTION ( 'NONE',  ( 0.0000000000000000000, -0.0000000000000000000, -1.000000000000000000 ) ) ;
#1145 = FILL_AREA_STYLE ('',( #5078 ) ) ;
#1146 = DIRECTION ( 'NONE',  ( -0.0000000000000000000, 0.0000000000000000000, 1.000000000000000000 ) ) ;
#1147 = VECTOR ( 'NONE', #3508, 1000.000000000000000 ) ;
#1148 = LINE ( 'NONE', #3369, #2077 ) ;
#1149 = VERTEX_POINT ( 'NONE', #3047 ) ;
#1150 = CARTESIAN_POINT ( 'NONE',  ( -1.010000000000000453, 1.125000000000000222, 0.1799999999999999933 ) ) ;
#1151 =( NAMED_UNIT ( * ) SI_UNIT ( $, .STERADIAN. ) SOLID_ANGLE_UNIT ( ) );
#1152 = CARTESIAN_POINT ( 'NONE',  ( 1.000000000000000222, 0.4000000000000000222, 0.1799999999999999933 ) ) ;
#1153 =( NAMED_UNIT ( * ) PLANE_ANGLE_UNIT ( ) SI_UNIT ( $, .RADIAN. ) );
#1154 = FILL_AREA_STYLE ('',( #7034 ) ) ;
#1155 = STYLED_ITEM ( 'NONE', ( #2603 ), #4449 ) ;
#1156 = ORIENTED_EDGE ( 'NONE', *, *, #2528, .F. ) ;
#1157 =( NAMED_UNIT ( * ) SI_UNIT ( $, .STERADIAN. ) SOLID_ANGLE_UNIT ( ) );
#1158 =( NAMED_UNIT ( * ) SI_UNIT ( $, .STERADIAN. ) SOLID_ANGLE_UNIT ( ) );
#1159 = VERTEX_POINT ( 'NONE', #5307 ) ;
#1160 = DIRECTION ( 'NONE',  ( 0.0000000000000000000, -0.0000000000000000000, -1.000000000000000000 ) ) ;
#1161 = CARTESIAN_POINT ( 'NONE',  ( -0.2398072599604709754, 0.1505257256572535285, 0.0000000000000000000 ) ) ;
#1162 = LINE ( 'NONE', #705, #3121 ) ;
#1163 = LINE ( 'NONE', #3469, #5981 ) ;
#1164 = PRESENTATION_STYLE_ASSIGNMENT (( #6938 ) ) ;
#1165 = DIRECTION ( 'NONE',  ( 0.0000000000000000000, -0.0000000000000000000, -1.000000000000000000 ) ) ;
#1166 = SURFACE_STYLE_FILL_AREA ( #2902 ) ;
#1167 = ORIENTED_EDGE ( 'NONE', *, *, #757, .F. ) ;
#1168 = ORIENTED_EDGE ( 'NONE', *, *, #5185, .F. ) ;
#1169 = UNCERTAINTY_MEASURE_WITH_UNIT (LENGTH_MEASURE( 1.000000000000000082E-05 ), #2559, 'distance_accuracy_value', 'NONE');
#1170 =( GEOMETRIC_REPRESENTATION_CONTEXT ( 3 ) GLOBAL_UNCERTAINTY_ASSIGNED_CONTEXT ( ( #6240 ) ) GLOBAL_UNIT_ASSIGNED_CONTEXT ( ( #3155, #5912, #813 ) ) REPRESENTATION_CONTEXT ( 'NONE', 'WORKASPACE' ) );
#1171 = EDGE_LOOP ( 'NONE', ( #2325, #205, #1419, #6080 ) ) ;
#1172 =( LENGTH_UNIT ( ) NAMED_UNIT ( * ) SI_UNIT ( .MILLI., .METRE. ) );
#1173 = EDGE_CURVE ( 'NONE', #6405, #7375, #2897, .T. ) ;
#1174 = CARTESIAN_POINT ( 'NONE',  ( -0.3595292347965325375, 0.1972736931369289959, 0.01000000000000000021 ) ) ;
#1175 = LINE ( 'NONE', #5072, #838 ) ;
#1176 = CARTESIAN_POINT ( 'NONE',  ( -0.3561565213818983500, 0.2066232866328639450, 0.0000000000000000000 ) ) ;
#1177 = CARTESIAN_POINT ( 'NONE',  ( -0.01053914333311700355, 0.1505257256572526126, 0.0000000000000000000 ) ) ;
#1178 = EDGE_CURVE ( 'NONE', #5199, #4545, #3644, .T. ) ;
#1179 = EDGE_CURVE ( 'NONE', #2426, #4580, #5913, .T. ) ;
#1181 = EDGE_CURVE ( 'NONE', #5381, #4686, #7426, .T. ) ;
#1180 = CARTESIAN_POINT ( 'NONE',  ( 0.05734703552867153470, 0.3285745061450576765, 0.0000000000000000000 ) ) ;
#1182 = FACE_OUTER_BOUND ( 'NONE', #5021, .T. ) ;
#1183 = CARTESIAN_POINT ( 'NONE',  ( 0.2829508217750151267, 0.2296513224857172908, 0.0000000000000000000 ) ) ;
#1184 = ORIENTED_EDGE ( 'NONE', *, *, #6533, .T. ) ;
#1185 = DIRECTION ( 'NONE',  ( 1.000000000000000000, 0.0000000000000000000, 0.0000000000000000000 ) ) ;
#1186 = CARTESIAN_POINT ( 'NONE',  ( -0.1000000000000000611, -1.509999999999999787, -0.02000000000000000042 ) ) ;
#1187 = PRESENTATION_LAYER_ASSIGNMENT (  '', '', ( #4669 ) ) ;
#1188 = ORIENTED_EDGE ( 'NONE', *, *, #387, .T. ) ;
#1189 = FILL_AREA_STYLE ('',( #6933 ) ) ;
#1190 = EDGE_LOOP ( 'NONE', ( #4132, #7222, #881, #1791 ) ) ;
#1191 = SURFACE_SIDE_STYLE ('',( #4061 ) ) ;
#1192 = SURFACE_STYLE_USAGE ( .BOTH. , #4571 ) ;
#1193 = ADVANCED_FACE ( 'NONE', ( #1231 ), #6899, .T. ) ;
#1194 = DIRECTION ( 'NONE',  ( -0.0000000000000000000, 1.000000000000000000, 0.0000000000000000000 ) ) ;
#1195 = CARTESIAN_POINT ( 'NONE',  ( 0.7250000000000000888, -1.125000000000000222, 0.1799999999999999933 ) ) ;
#1196 = UNCERTAINTY_MEASURE_WITH_UNIT (LENGTH_MEASURE( 1.000000000000000082E-05 ), #1715, 'distance_accuracy_value', 'NONE');
#1197 = EDGE_CURVE ( 'NONE', #7008, #2132, #1163, .T. ) ;
#1198 = VERTEX_POINT ( 'NONE', #5730 ) ;
#1199 = VERTEX_POINT ( 'NONE', #24 ) ;
#1200 = ORIENTED_EDGE ( 'NONE', *, *, #3851, .T. ) ;
#1201 = PRESENTATION_STYLE_ASSIGNMENT (( #3613 ) ) ;
#1202 = MECHANICAL_DESIGN_GEOMETRIC_PRESENTATION_REPRESENTATION (  '', ( #5999 ), #6958 ) ;
#1203 = B_SPLINE_CURVE_WITH_KNOTS ( 'NONE', 3,
 ( #2748, #3882, #6156, #1058, #5655 ),
 .UNSPECIFIED., .F., .F.,
 ( 4, 1, 4 ),
 ( 0.0000000000000000000, 0.5000000000000000000, 0.9999811011618753298 ),
 .UNSPECIFIED. ) ;
#1204 = ORIENTED_EDGE ( 'NONE', *, *, #5936, .T. ) ;
#1205 = CARTESIAN_POINT ( 'NONE',  ( -0.3139336061943204248, 0.3240664847606357646, 0.0000000000000000000 ) ) ;
#1206 = ADVANCED_FACE ( 'NONE', ( #6777 ), #5647, .T. ) ;
#1207 = CARTESIAN_POINT ( 'NONE',  ( 0.3996231249595661450, 0.3505257256572532620, 0.0000000000000000000 ) ) ;
#1208 = FILL_AREA_STYLE_COLOUR ( '', #5509 ) ;
#1209 = VECTOR ( 'NONE', #4433, 1000.000000000000000 ) ;
#1210 = VECTOR ( 'NONE', #79, 1000.000000000000000 ) ;
#1211 = FILL_AREA_STYLE_COLOUR ( '', #2411 ) ;
#1212 = CARTESIAN_POINT ( 'NONE',  ( 0.2845828078863957278, 0.2467528598035945153, 0.0000000000000000000 ) ) ;
#1213 = DIRECTION ( 'NONE',  ( -1.000000000000000000, 0.0000000000000000000, 0.0000000000000000000 ) ) ;
#1214 = ADVANCED_FACE ( 'NONE', ( #1797 ), #5101, .T. ) ;
#1215 = FILL_AREA_STYLE_COLOUR ( '', #5179 ) ;
#1216 = ORIENTED_EDGE ( 'NONE', *, *, #4971, .T. ) ;
#1217 = VECTOR ( 'NONE', #7093, 1000.000000000000000 ) ;
#1218 = VECTOR ( 'NONE', #4557, 1000.000000000000000 ) ;
#1219 =( NAMED_UNIT ( * ) PLANE_ANGLE_UNIT ( ) SI_UNIT ( $, .RADIAN. ) );
#1220 = PLANE ( 'NONE',  #4912 ) ;
#1221 = LINE ( 'NONE', #1186, #6196 ) ;
#1222 = CARTESIAN_POINT ( 'NONE',  ( -0.1593953240844192820, 0.1564329510706201631, 0.01000000000000000021 ) ) ;
#1223 = MECHANICAL_DESIGN_GEOMETRIC_PRESENTATION_REPRESENTATION (  '', ( #1578 ), #1702 ) ;
#1224 = PRESENTATION_LAYER_ASSIGNMENT (  '', '', ( #2425 ) ) ;
#1225 = VERTEX_POINT ( 'NONE', #2973 ) ;
#1226 =( GEOMETRIC_REPRESENTATION_CONTEXT ( 3 ) GLOBAL_UNCERTAINTY_ASSIGNED_CONTEXT ( ( #7106 ) ) GLOBAL_UNIT_ASSIGNED_CONTEXT ( ( #1943, #5480, #425 ) ) REPRESENTATION_CONTEXT ( 'NONE', 'WORKASPACE' ) );
#1227 = VECTOR ( 'NONE', #5450, 1000.000000000000000 ) ;
#1228 = VERTEX_POINT ( 'NONE', #4175 ) ;
#1229 = PRESENTATION_STYLE_ASSIGNMENT (( #4171 ) ) ;
#1230 = FILL_AREA_STYLE ('',( #637 ) ) ;
#1231 = FACE_OUTER_BOUND ( 'NONE', #3650, .T. ) ;
#1232 = VECTOR ( 'NONE', #6873, 1000.000000000000000 ) ;
#1233 = COLOUR_RGB ( '',0.7529411764705882248, 0.7529411764705882248, 0.7529411764705882248 ) ;
#1234 =( GEOMETRIC_REPRESENTATION_CONTEXT ( 3 ) GLOBAL_UNCERTAINTY_ASSIGNED_CONTEXT ( ( #490 ) ) GLOBAL_UNIT_ASSIGNED_CONTEXT ( ( #3338, #469, #7333 ) ) REPRESENTATION_CONTEXT ( 'NONE', 'WORKASPACE' ) );
#1235 = ORIENTED_EDGE ( 'NONE', *, *, #5157, .F. ) ;
#1236 = ORIENTED_EDGE ( 'NONE', *, *, #6982, .T. ) ;
#1237 = LINE ( 'NONE', #3581, #1030 ) ;
#1238 = VECTOR ( 'NONE', #6348, 1000.000000000000000 ) ;
#1239 = ORIENTED_EDGE ( 'NONE', *, *, #5508, .T. ) ;
#1240 = CARTESIAN_POINT ( 'NONE',  ( 0.0000000000000000000, 0.2407696280962770830, 0.01000000000000000021 ) ) ;
#1241 = ORIENTED_EDGE ( 'NONE', *, *, #3001, .F. ) ;
#1242 = CARTESIAN_POINT ( 'NONE',  ( -0.3730200884550693985, 0.1598753191531891993, 0.01000000000000000021 ) ) ;
#1243 = DIRECTION ( 'NONE',  ( 0.7071067811865483499, 0.7071067811865467956, 0.0000000000000000000 ) ) ;
#1244 = VECTOR ( 'NONE', #3000, 1000.000000000000000 ) ;
#1245 = VECTOR ( 'NONE', #3835, 1000.000000000000000 ) ;
#1246 = FILL_AREA_STYLE ('',( #5781 ) ) ;
#1247 = CARTESIAN_POINT ( 'NONE',  ( 0.2845828078863957278, 0.2467528598035945153, 0.0000000000000000000 ) ) ;
#1248 = COLOUR_RGB ( '',0.7529411764705882248, 0.7529411764705882248, 0.7529411764705882248 ) ;
#1249 = EDGE_CURVE ( 'NONE', #31, #2039, #1835, .T. ) ;
#1250 = VECTOR ( 'NONE', #2598, 1000.000000000000000 ) ;
#1251 = CARTESIAN_POINT ( 'NONE',  ( -0.1000000000000000611, -0.9999999999999997780, 0.1799999999999999933 ) ) ;
#1252 =( LENGTH_UNIT ( ) NAMED_UNIT ( * ) SI_UNIT ( .MILLI., .METRE. ) );
#1253 = DIRECTION ( 'NONE',  ( 0.0000000000000000000, -0.0000000000000000000, -1.000000000000000000 ) ) ;
#1254 =( GEOMETRIC_REPRESENTATION_CONTEXT ( 3 ) GLOBAL_UNCERTAINTY_ASSIGNED_CONTEXT ( ( #2477 ) ) GLOBAL_UNIT_ASSIGNED_CONTEXT ( ( #1420, #774, #3600 ) ) REPRESENTATION_CONTEXT ( 'NONE', 'WORKASPACE' ) );
#1255 =( LENGTH_UNIT ( ) NAMED_UNIT ( * ) SI_UNIT ( .MILLI., .METRE. ) );
#1256 = CARTESIAN_POINT ( 'NONE',  ( -0.005661094552629298421, 0.3285745061450576210, 0.01000000000000000021 ) ) ;
#1257 =( NAMED_UNIT ( * ) SI_UNIT ( $, .STERADIAN. ) SOLID_ANGLE_UNIT ( ) );
#1258 = B_SPLINE_CURVE_WITH_KNOTS ( 'NONE', 3,
 ( #1697, #545, #1586, #4443, #1177 ),
 .UNSPECIFIED., .F., .F.,
 ( 4, 1, 4 ),
 ( 0.0000000000000000000, 0.5000000000000000000, 0.9999953409090909240 ),
 .UNSPECIFIED. ) ;
#1259 =( NAMED_UNIT ( * ) PLANE_ANGLE_UNIT ( ) SI_UNIT ( $, .RADIAN. ) );
#1260 = FILL_AREA_STYLE_COLOUR ( '', #5710 ) ;
#1261 = CARTESIAN_POINT ( 'NONE',  ( -0.2105391433331174345, 0.2530409695596923525, 0.0000000000000000000 ) ) ;
#1262 = AXIS2_PLACEMENT_3D ( 'NONE', #371, #4916, #2020 ) ;
#1263 = EDGE_CURVE ( 'NONE', #5371, #2750, #5807, .T. ) ;
#1264 = ORIENTED_EDGE ( 'NONE', *, *, #2607, .T. ) ;
#1265 =( GEOMETRIC_REPRESENTATION_CONTEXT ( 3 ) GLOBAL_UNCERTAINTY_ASSIGNED_CONTEXT ( ( #3436 ) ) GLOBAL_UNIT_ASSIGNED_CONTEXT ( ( #2911, #4035, #6309 ) ) REPRESENTATION_CONTEXT ( 'NONE', 'WORKASPACE' ) );
#1266 = EDGE_CURVE ( 'NONE', #1906, #1656, #4755, .T. ) ;
#1267 = ORIENTED_EDGE ( 'NONE', *, *, #1899, .F. ) ;
#1268 = CARTESIAN_POINT ( 'NONE',  ( -0.2300513384550691709, 0.1505257256572535285, 0.0000000000000000000 ) ) ;
#1269 = CARTESIAN_POINT ( 'NONE',  ( -0.3141978580976133584, 0.3505257256572539837, 0.0000000000000000000 ) ) ;
#1270 = ADVANCED_FACE ( 'NONE', ( #5877 ), #2470, .F. ) ;
#1271 = DIRECTION ( 'NONE',  ( 1.000000000000000000, 0.0000000000000000000, 0.0000000000000000000 ) ) ;
#1272 = VECTOR ( 'NONE', #3321, 1000.000000000000000 ) ;
#1273 = SURFACE_STYLE_USAGE ( .BOTH. , #6446 ) ;
#1274 = ORIENTED_EDGE ( 'NONE', *, *, #2059, .T. ) ;
#1275 = ORIENTED_EDGE ( 'NONE', *, *, #3069, .F. ) ;
#1276 = UNCERTAINTY_MEASURE_WITH_UNIT (LENGTH_MEASURE( 1.000000000000000082E-05 ), #5228, 'distance_accuracy_value', 'NONE');
#1277 = FILL_AREA_STYLE ('',( #6417 ) ) ;
#1278 = VECTOR ( 'NONE', #5646, 1000.000000000000000 ) ;
#1279 = EDGE_CURVE ( 'NONE', #2039, #3574, #780, .T. ) ;
#1280 = ORIENTED_EDGE ( 'NONE', *, *, #699, .T. ) ;
#1281 =( LENGTH_UNIT ( ) NAMED_UNIT ( * ) SI_UNIT ( .MILLI., .METRE. ) );
#1282 = ORIENTED_EDGE ( 'NONE', *, *, #2314, .F. ) ;
#1283 = DIRECTION ( 'NONE',  ( 0.0000000000000000000, 0.0000000000000000000, 1.000000000000000000 ) ) ;
#1284 = PRESENTATION_LAYER_ASSIGNMENT (  '', '', ( #5713 ) ) ;
#1285 = CARTESIAN_POINT ( 'NONE',  ( -0.2036063472160025145, 0.3069301123308783019, 0.0000000000000000000 ) ) ;
#1286 = CARTESIAN_POINT ( 'NONE',  ( -0.1837098750404343450, 0.2524693232182288471, 0.0000000000000000000 ) ) ;
#1287 = B_SPLINE_CURVE_WITH_KNOTS ( 'NONE', 3,
 ( #5715, #1183, #2232, #2882, #3367, #6711 ),
 .UNSPECIFIED., .F., .F.,
 ( 4, 1, 1, 4 ),
 ( 0.0000000000000000000, 0.3342847945579484059, 0.6666278455328270569, 0.9999904910712295036 ),
 .UNSPECIFIED. ) ;
#1288 = CARTESIAN_POINT ( 'NONE',  ( 0.06994866154493216415, 0.2407696280962770830, 0.0000000000000000000 ) ) ;
#1289 = FILL_AREA_STYLE_COLOUR ( '', #2789 ) ;
#1290 = CARTESIAN_POINT ( 'NONE',  ( 0.2826564347069078220, 0.2651537067391508962, 0.0000000000000000000 ) ) ;
#1291 = EDGE_CURVE ( 'NONE', #3248, #6614, #3086, .T. ) ;
#1292 = DIRECTION ( 'NONE',  ( -6.173929037764659971E-15, 1.000000000000000000, 0.0000000000000000000 ) ) ;
#1293 = FILL_AREA_STYLE_COLOUR ( '', #748 ) ;
#1294 = LINE ( 'NONE', #227, #7312 ) ;
#1295 = LINE ( 'NONE', #4812, #2723 ) ;
#1296 = FILL_AREA_STYLE_COLOUR ( '', #4808 ) ;
#1297 = CARTESIAN_POINT ( 'NONE',  ( 1.010000000000000009, 0.1000000000000000056, 0.1799999999999999933 ) ) ;
#1298 =( NAMED_UNIT ( * ) PLANE_ANGLE_UNIT ( ) SI_UNIT ( $, .RADIAN. ) );
#1299 = EDGE_LOOP ( 'NONE', ( #7382, #443, #209, #3478 ) ) ;
#1300 = FILL_AREA_STYLE ('',( #1988 ) ) ;
#1301 = DIRECTION ( 'NONE',  ( -0.0000000000000000000, 0.0000000000000000000, 1.000000000000000000 ) ) ;
#1302 = B_SPLINE_CURVE_WITH_KNOTS ( 'NONE', 3,
 ( #5097, #7006, #2465, #5871, #125 ),
 .UNSPECIFIED., .F., .F.,
 ( 4, 1, 4 ),
 ( 0.0000000000000000000, 0.4456072668541568027, 1.000000000000000000 ),
 .UNSPECIFIED. ) ;
#1303 = ORIENTED_EDGE ( 'NONE', *, *, #4315, .T. ) ;
#1304 = CARTESIAN_POINT ( 'NONE',  ( 1.000000000000000222, 1.499999999999999778, 0.0000000000000000000 ) ) ;
#1305 = PRESENTATION_STYLE_ASSIGNMENT (( #1192 ) ) ;
#1306 = CARTESIAN_POINT ( 'NONE',  ( -0.3276123140648251053, 0.3505257256572539282, 0.0000000000000000000 ) ) ;
#1307 =( LENGTH_UNIT ( ) NAMED_UNIT ( * ) SI_UNIT ( .MILLI., .METRE. ) );
#1308 = CARTESIAN_POINT ( 'NONE',  ( -0.1000000000000000472, -1.500000000000000222, 0.9499999999999999556 ) ) ;
#1309 = FILL_AREA_STYLE_COLOUR ( '', #1344 ) ;
#1310 = EDGE_CURVE ( 'NONE', #1159, #710, #5040, .T. ) ;
#1311 = ORIENTED_EDGE ( 'NONE', *, *, #464, .F. ) ;
#1312 = ORIENTED_EDGE ( 'NONE', *, *, #5784, .F. ) ;
#1313 = EDGE_CURVE ( 'NONE', #2216, #3010, #3692, .T. ) ;
#1314 = SURFACE_STYLE_FILL_AREA ( #4551 ) ;
#1315 = CARTESIAN_POINT ( 'NONE',  ( 0.1826392103254196597, 0.3310135305353017476, 0.0000000000000000000 ) ) ;
#1316 = ORIENTED_EDGE ( 'NONE', *, *, #5067, .F. ) ;
#1317 = CARTESIAN_POINT ( 'NONE',  ( 0.05653369406525727420, 0.1724769451694477262, 0.0000000000000000000 ) ) ;
#1318 = AXIS2_PLACEMENT_3D ( 'NONE', #162, #3720, #5989 ) ;
#1319 = EDGE_LOOP ( 'NONE', ( #4260, #330, #2875, #1944, #2890, #3916, #6233, #4092 ) ) ;
#1320 = CARTESIAN_POINT ( 'NONE',  ( -0.3164324047911060145, 0.3147192960857695954, 0.01000000000000000021 ) ) ;
#1321 = CARTESIAN_POINT ( 'NONE',  ( -0.2251732896745813062, 0.1505257256572534730, 0.0000000000000000000 ) ) ;
#1322 = CARTESIAN_POINT ( 'NONE',  ( 0.2796963291894106751, 0.1955475847055069827, 0.0000000000000000000 ) ) ;
#1323 = LINE ( 'NONE', #4274, #4001 ) ;
#1324 = FILL_AREA_STYLE ('',( #5896 ) ) ;
#1325 = SURFACE_STYLE_FILL_AREA ( #4120 ) ;
#1326 = UNCERTAINTY_MEASURE_WITH_UNIT (LENGTH_MEASURE( 1.000000000000000082E-05 ), #4085, 'distance_accuracy_value', 'NONE');
#1327 = STYLED_ITEM ( 'NONE', ( #4767 ), #3709 ) ;
#1328 = CARTESIAN_POINT ( 'NONE',  ( -0.3007830457721423767, 0.3505257256572538727, 0.0000000000000000000 ) ) ;
#1329 = ADVANCED_FACE ( 'NONE', ( #238 ), #3802, .T. ) ;
#1330 = DIRECTION ( 'NONE',  ( -0.0000000000000000000, 0.0000000000000000000, 1.000000000000000000 ) ) ;
#1331 = CARTESIAN_POINT ( 'NONE',  ( -0.0000000000000000000, 0.8750000000000000000, 0.0000000000000000000 ) ) ;
#1332 =( NAMED_UNIT ( * ) SI_UNIT ( $, .STERADIAN. ) SOLID_ANGLE_UNIT ( ) );
#1333 = DIRECTION ( 'NONE',  ( 0.0000000000000000000, -0.0000000000000000000, 1.000000000000000000 ) ) ;
#1334 = CARTESIAN_POINT ( 'NONE',  ( -0.1476251295981447775, 0.1763117584599784016, 0.0000000000000000000 ) ) ;
#1335 = ORIENTED_EDGE ( 'NONE', *, *, #6246, .F. ) ;
#1336 = PRESENTATION_STYLE_ASSIGNMENT (( #1945 ) ) ;
#1337 = DIRECTION ( 'NONE',  ( 0.0000000000000000000, -1.000000000000000000, 0.0000000000000000000 ) ) ;
#1338 = ORIENTED_EDGE ( 'NONE', *, *, #3717, .F. ) ;
#1339 = VECTOR ( 'NONE', #7203, 1000.000000000000000 ) ;
#1340 = EDGE_CURVE ( 'NONE', #3925, #3956, #3233, .T. ) ;
#1341 = PRESENTATION_STYLE_ASSIGNMENT (( #3691 ) ) ;
#1342 = CARTESIAN_POINT ( 'NONE',  ( -1.010000000000000231, 0.1000000000000000056, 0.1799999999999999933 ) ) ;
#1343 = DIRECTION ( 'NONE',  ( -7.294734616928070783E-15, -1.000000000000000000, 0.0000000000000000000 ) ) ;
#1344 = COLOUR_RGB ( '',0.7529411764705882248, 0.7529411764705882248, 0.7529411764705882248 ) ;
#1345 = DIRECTION ( 'NONE',  ( 0.0000000000000000000, -0.0000000000000000000, 1.000000000000000000 ) ) ;
#1346 =( NAMED_UNIT ( * ) PLANE_ANGLE_UNIT ( ) SI_UNIT ( $, .RADIAN. ) );
#1347 = ORIENTED_EDGE ( 'NONE', *, *, #3567, .F. ) ;
#1348 = ORIENTED_EDGE ( 'NONE', *, *, #4228, .F. ) ;
#1349 = SURFACE_STYLE_FILL_AREA ( #3202 ) ;
#1350 = CARTESIAN_POINT ( 'NONE',  ( -1.009999999999998455, -0.4000000000000000222, 0.1799999999999999933 ) ) ;
#1351 = AXIS2_PLACEMENT_3D ( 'NONE', #928, #7154, #2030 ) ;
#1352 = ORIENTED_EDGE ( 'NONE', *, *, #6573, .T. ) ;
#1353 = ORIENTED_EDGE ( 'NONE', *, *, #1313, .F. ) ;
#1354 = CARTESIAN_POINT ( 'NONE',  ( 0.09999999999999982514, -1.500000000000000222, 0.0000000000000000000 ) ) ;
#1355 = COLOUR_RGB ( '',0.7529411764705882248, 0.7529411764705882248, 0.7529411764705882248 ) ;
#1356 = EDGE_LOOP ( 'NONE', ( #6521, #1528, #6248, #3315, #6931, #5112, #4926, #1204 ) ) ;
#1357 = CARTESIAN_POINT ( 'NONE',  ( -0.3750000000000001110, -1.500000000000000222, 0.0000000000000000000 ) ) ;
#1358 = CARTESIAN_POINT ( 'NONE',  ( -0.7249999999999999778, 0.7249999999999999778, 0.0000000000000000000 ) ) ;
#1359 = EDGE_CURVE ( 'NONE', #5962, #1734, #847, .T. ) ;
#1360 = LINE ( 'NONE', #2448, #2564 ) ;
#1361 = VECTOR ( 'NONE', #1366, 1000.000000000000000 ) ;
#1362 = CARTESIAN_POINT ( 'NONE',  ( 0.1908328078863958666, 0.1480867012670087912, 0.0000000000000000000 ) ) ;
#1363 = LINE ( 'NONE', #4189, #4647 ) ;
#1364 = EDGE_CURVE ( 'NONE', #2702, #751, #1423, .T. ) ;
#1365 = CARTESIAN_POINT ( 'NONE',  ( -0.2105391433331174345, 0.2530409695596923525, 0.0000000000000000000 ) ) ;
#1366 = DIRECTION ( 'NONE',  ( 1.000000000000000000, -0.0000000000000000000, -0.0000000000000000000 ) ) ;
#1367 =( GEOMETRIC_REPRESENTATION_CONTEXT ( 3 ) GLOBAL_UNCERTAINTY_ASSIGNED_CONTEXT ( ( #6369 ) ) GLOBAL_UNIT_ASSIGNED_CONTEXT ( ( #2009, #2484, #4303 ) ) REPRESENTATION_CONTEXT ( 'NONE', 'WORKASPACE' ) );
#1368 = SURFACE_STYLE_FILL_AREA ( #869 ) ;
#1369 = LINE ( 'NONE', #6996, #4359 ) ;
#1370 =( GEOMETRIC_REPRESENTATION_CONTEXT ( 3 ) GLOBAL_UNCERTAINTY_ASSIGNED_CONTEXT ( ( #3067 ) ) GLOBAL_UNIT_ASSIGNED_CONTEXT ( ( #463, #2303, #2923 ) ) REPRESENTATION_CONTEXT ( 'NONE', 'WORKASPACE' ) );
#1371 = UNCERTAINTY_MEASURE_WITH_UNIT (LENGTH_MEASURE( 1.000000000000000082E-05 ), #5607, 'distance_accuracy_value', 'NONE');
#1372 = CLOSED_SHELL ( 'NONE', ( #2969, #5688, #6988, #6793, #6327, #6395, #2048, #8, #2171, #1660, #154, #2341, #2090, #7342, #7046, #2602, #2948, #6700, #3892, #1517, #4713, #1555, #7139, #2626, #7050, #5718, #5543, #3709, #2053, #2382, #4076, #4192, #1579, #1442, #5418, #4949, #6738, #2405, #1493, #152, #3239, #959, #7044, #6200, #6130, #4081, #7205, #6599, #5600, #1193, #4449, #5061, #1556, #6308, #5161, #3618, #6425, #2180, #1587, #5708, #5978, #6817, #7411, #6576, #4313, #3214, #379, #2819, #2583, #1270, #4102, #4867, #5016, #6504, #5306, #3157, #5816, #5373, #4430, #2764, #2213, #5333, #5160, #2538, #3320, #2885, #6742, #3854, #4182, #1329, #149, #3444, #981, #3226, #137, #4871, #949, #4744, #4525, #4921, #2041, #3173, #1747, #5526, #1214, #1789, #6877, #655, #3144, #7109, #1534, #2298, #299, #90, #5476, #5249, #2531, #2979, #1703, #985, #1206, #6640, #2904, #4482, #2509, #5529, #4612, #4661, #2997, #653, #926, #7308, #2936, #5245, #4702, #3671, #4403, #4212, #5802, #225, #6500, #5874, #97, #1412, #1858, #3440, #4265, #1805, #4434, #877, #6270, #5370 ) ) ;
#1373 = MECHANICAL_DESIGN_GEOMETRIC_PRESENTATION_REPRESENTATION (  '', ( #6998 ), #5197 ) ;
#1374 = DIRECTION ( 'NONE',  ( 0.0000000000000000000, 1.000000000000000000, 0.0000000000000000000 ) ) ;
#1375 = PLANE ( 'NONE',  #4352 ) ;
#1376 = SURFACE_SIDE_STYLE ('',( #7040 ) ) ;
#1377 = VECTOR ( 'NONE', #4500, 1000.000000000000000 ) ;
#1378 = AXIS2_PLACEMENT_3D ( 'NONE', #3979, #511, #2962 ) ;
#1379 = VERTEX_POINT ( 'NONE', #4419 ) ;
#1380 =( NAMED_UNIT ( * ) SI_UNIT ( $, .STERADIAN. ) SOLID_ANGLE_UNIT ( ) );
#1381 = DIRECTION ( 'NONE',  ( 0.0000000000000000000, -1.000000000000000000, 0.0000000000000000000 ) ) ;
#1382 = ORIENTED_EDGE ( 'NONE', *, *, #4310, .F. ) ;
#1383 = PLANE ( 'NONE',  #991 ) ;
#1384 = SURFACE_STYLE_FILL_AREA ( #4354 ) ;
#1386 = CARTESIAN_POINT ( 'NONE',  ( -0.3133211555282396366, 0.3261354817548147711, 0.01000000000000000021 ) ) ;
#1385 =( GEOMETRIC_REPRESENTATION_CONTEXT ( 3 ) GLOBAL_UNCERTAINTY_ASSIGNED_CONTEXT ( ( #6056 ) ) GLOBAL_UNIT_ASSIGNED_CONTEXT ( ( #6739, #3352, #2868 ) ) REPRESENTATION_CONTEXT ( 'NONE', 'WORKASPACE' ) );
#1387 = CARTESIAN_POINT ( 'NONE',  ( -0.6226458158190147918, 1.129698944080104184, 0.9499999999999999556 ) ) ;
#1388 = STYLED_ITEM ( 'NONE', ( #1201 ), #6308 ) ;
#1389 = ORIENTED_EDGE ( 'NONE', *, *, #1020, .T. ) ;
#1390 = ORIENTED_EDGE ( 'NONE', *, *, #243, .T. ) ;
#1391 = DIRECTION ( 'NONE',  ( 1.000000000000000000, -6.019580811820573172E-15, 0.0000000000000000000 ) ) ;
#1392 = CARTESIAN_POINT ( 'NONE',  ( -1.000000000000000222, 1.499999999999999778, 0.1799999999999999378 ) ) ;
#1393 = ORIENTED_EDGE ( 'NONE', *, *, #5451, .T. ) ;
#1394 = ORIENTED_EDGE ( 'NONE', *, *, #1052, .T. ) ;
#1395 = PRESENTATION_STYLE_ASSIGNMENT (( #7165 ) ) ;
#1396 = ORIENTED_EDGE ( 'NONE', *, *, #6953, .T. ) ;
#1397 =( NAMED_UNIT ( * ) PLANE_ANGLE_UNIT ( ) SI_UNIT ( $, .RADIAN. ) );
#1398 = CARTESIAN_POINT ( 'NONE',  ( 0.1828678688620049286, 0.3529647500474968891, 0.01000000000000000021 ) ) ;
#1399 = PRESENTATION_LAYER_ASSIGNMENT (  '', '', ( #5945 ) ) ;
#1400 = FILL_AREA_STYLE_COLOUR ( '', #6768 ) ;
#1401 = B_SPLINE_CURVE_WITH_KNOTS ( 'NONE', 3,
 ( #3483, #5825, #4595, #6351, #2993, #5256 ),
 .UNSPECIFIED., .F., .F.,
 ( 4, 1, 1, 4 ),
 ( 0.0000000000000000000, 0.3344122036412826571, 0.6658332730848454117, 1.000000000000000000 ),
 .UNSPECIFIED. ) ;
#1402 = PLANE ( 'NONE',  #4740 ) ;
#1403 = PLANE ( 'NONE',  #1947 ) ;
#1404 = EDGE_CURVE ( 'NONE', #3837, #5472, #4390, .T. ) ;
#1405 = SURFACE_SIDE_STYLE ('',( #4275 ) ) ;
#1406 = MECHANICAL_DESIGN_GEOMETRIC_PRESENTATION_REPRESENTATION (  '', ( #3096 ), #76 ) ;
#1407 = COLOUR_RGB ( '',0.7529411764705882248, 0.7529411764705882248, 0.7529411764705882248 ) ;
#1408 = CARTESIAN_POINT ( 'NONE',  ( 0.2080151599809529350, 0.1500878620550340214, 0.01000000000000000021 ) ) ;
#1409 = EDGE_CURVE ( 'NONE', #6220, #6331, #4970, .T. ) ;
#1410 = DIRECTION ( 'NONE',  ( 0.0000000000000000000, -0.0000000000000000000, 1.000000000000000000 ) ) ;
#1411 = AXIS2_PLACEMENT_3D ( 'NONE', #5680, #6396, #2270 ) ;
#1412 = ADVANCED_FACE ( 'NONE', ( #1456 ), #2057, .T. ) ;
#1413 = CARTESIAN_POINT ( 'NONE',  ( 0.0000000000000000000, 0.0000000000000000000, -0.02000000000000000042 ) ) ;
#1414 = MECHANICAL_DESIGN_GEOMETRIC_PRESENTATION_REPRESENTATION (  '', ( #5231 ), #2371 ) ;
#1415 = DIRECTION ( 'NONE',  ( 1.000000000000000000, 0.0000000000000000000, 0.0000000000000000000 ) ) ;
#1416 = FILL_AREA_STYLE_COLOUR ( '', #3272 ) ;
#1417 =( LENGTH_UNIT ( ) NAMED_UNIT ( * ) SI_UNIT ( .MILLI., .METRE. ) );
#1418 = SURFACE_STYLE_FILL_AREA ( #2539 ) ;
#1419 = ORIENTED_EDGE ( 'NONE', *, *, #947, .T. ) ;
#1420 =( LENGTH_UNIT ( ) NAMED_UNIT ( * ) SI_UNIT ( .MILLI., .METRE. ) );
#1421 = DIRECTION ( 'NONE',  ( 0.0000000000000000000, -0.0000000000000000000, -1.000000000000000000 ) ) ;
#1422 = CARTESIAN_POINT ( 'NONE',  ( -0.09114103910601940861, 0.3285745061450575100, 0.0000000000000000000 ) ) ;
#1423 = LINE ( 'NONE', #4453, #746 ) ;
#1424 = SURFACE_STYLE_FILL_AREA ( #5414 ) ;
#1425 = PLANE ( 'NONE',  #5792 ) ;
#1426 = DIRECTION ( 'NONE',  ( 0.0000000000000000000, -0.0000000000000000000, 1.000000000000000000 ) ) ;
#1427 = ORIENTED_EDGE ( 'NONE', *, *, #2665, .T. ) ;
#1428 = VERTEX_POINT ( 'NONE', #2625 ) ;
#1429 = DIRECTION ( 'NONE',  ( -1.000000000000000000, -0.0000000000000000000, -0.0000000000000000000 ) ) ;
#1430 = EDGE_CURVE ( 'NONE', #3248, #7190, #6102, .T. ) ;
#1431 = ORIENTED_EDGE ( 'NONE', *, *, #2840, .F. ) ;
#1432 = VERTEX_POINT ( 'NONE', #513 ) ;
#1433 = EDGE_CURVE ( 'NONE', #4859, #2630, #5681, .T. ) ;
#1434 = LINE ( 'NONE', #1961, #1250 ) ;
#1435 = ORIENTED_EDGE ( 'NONE', *, *, #2499, .F. ) ;
#1436 = AXIS2_PLACEMENT_3D ( 'NONE', #2079, #6816, #945 ) ;
#1437 = SURFACE_STYLE_FILL_AREA ( #827 ) ;
#1438 = EDGE_CURVE ( 'NONE', #7017, #4285, #3983, .T. ) ;
#1439 = CARTESIAN_POINT ( 'NONE',  ( -0.4500000000000000111, -0.6000000000000000888, 0.1799999999999999933 ) ) ;
#1440 = FILL_AREA_STYLE ('',( #4309 ) ) ;
#1441 = SURFACE_STYLE_FILL_AREA ( #3218 ) ;
#1442 = ADVANCED_FACE ( 'NONE', ( #4531 ), #3489, .T. ) ;
#1443 = SURFACE_STYLE_USAGE ( .BOTH. , #4956 ) ;
#1444 = EDGE_CURVE ( 'NONE', #5419, #5371, #2311, .T. ) ;
#1445 = DIRECTION ( 'NONE',  ( -1.000000000000000000, -1.707404996040163279E-16, -0.0000000000000000000 ) ) ;
#1446 = CARTESIAN_POINT ( 'NONE',  ( 0.09677792983761479562, 0.1505257256572525848, 0.01000000000000000021 ) ) ;
#1447 = LINE ( 'NONE', #836, #134 ) ;
#1448 = FILL_AREA_STYLE ('',( #1554 ) ) ;
#1449 = B_SPLINE_CURVE_WITH_KNOTS ( 'NONE', 3,
 ( #5704, #3929, #6163, #6872, #3480 ),
 .UNSPECIFIED., .F., .F.,
 ( 4, 1, 4 ),
 ( 0.0000000000000000000, 0.4458786834588185366, 1.000000000000000000 ),
 .UNSPECIFIED. ) ;
#1450 = ORIENTED_EDGE ( 'NONE', *, *, #6287, .F. ) ;
#1451 = DIRECTION ( 'NONE',  ( 1.000000000000000000, -0.0000000000000000000, -0.0000000000000000000 ) ) ;
#1452 = CARTESIAN_POINT ( 'NONE',  ( -0.04956353357701982071, 0.3505257256572525404, 0.0000000000000000000 ) ) ;
#1453 = AXIS2_PLACEMENT_3D ( 'NONE', #5392, #3104, #7137 ) ;
#1454 = DIRECTION ( 'NONE',  ( 0.0000000000000000000, -1.000000000000000000, 0.0000000000000000000 ) ) ;
#1455 = PLANE ( 'NONE',  #804 ) ;
#1456 = FACE_OUTER_BOUND ( 'NONE', #6783, .T. ) ;
#1457 = DIRECTION ( 'NONE',  ( -0.0000000000000000000, 1.000000000000000000, 0.0000000000000000000 ) ) ;
#1458 = COLOUR_RGB ( '',1.000000000000000000, 1.000000000000000000, 1.000000000000000000 ) ;
#1459 = CARTESIAN_POINT ( 'NONE',  ( 0.0000000000000000000, 0.0000000000000000000, 0.01000000000000000021 ) ) ;
#1460 = SURFACE_SIDE_STYLE ('',( #5996 ) ) ;
#1461 = ORIENTED_EDGE ( 'NONE', *, *, #962, .F. ) ;
#1462 = EDGE_LOOP ( 'NONE', ( #3729, #856, #7239, #3205, #1264, #7343, #809, #7304, #172, #3392, #747, #1396, #2514, #2937, #5011, #1090 ) ) ;
#1463 = VECTOR ( 'NONE', #937, 1000.000000000000000 ) ;
#1464 = MECHANICAL_DESIGN_GEOMETRIC_PRESENTATION_REPRESENTATION (  '', ( #3033 ), #5287 ) ;
#1465 = ORIENTED_EDGE ( 'NONE', *, *, #6703, .T. ) ;
#1466 = ORIENTED_EDGE ( 'NONE', *, *, #528, .F. ) ;
#1467 = CARTESIAN_POINT ( 'NONE',  ( 0.1826392103254196597, 0.3310135305353017476, 0.0000000000000000000 ) ) ;
#1468 = SURFACE_STYLE_USAGE ( .BOTH. , #4878 ) ;
#1469 = ORIENTED_EDGE ( 'NONE', *, *, #7178, .T. ) ;
#1470 =( NAMED_UNIT ( * ) SI_UNIT ( $, .STERADIAN. ) SOLID_ANGLE_UNIT ( ) );
#1471 = AXIS2_PLACEMENT_3D ( 'NONE', #3900, #5446, #4858 ) ;
#1472 = PRESENTATION_LAYER_ASSIGNMENT (  '', '', ( #3767 ) ) ;
#1473 = ORIENTED_EDGE ( 'NONE', *, *, #4617, .T. ) ;
#1474 = SURFACE_STYLE_USAGE ( .BOTH. , #4407 ) ;
#1475 = UNCERTAINTY_MEASURE_WITH_UNIT (LENGTH_MEASURE( 1.000000000000000082E-05 ), #3087, 'distance_accuracy_value', 'NONE');
#1476 = DIRECTION ( 'NONE',  ( 0.7071067811865466846, -0.7071067811865483499, 0.0000000000000000000 ) ) ;
#1477 = COLOUR_RGB ( '',0.2509803921568627416, 0.2509803921568627416, 0.2509803921568627416 ) ;
#1478 = VECTOR ( 'NONE', #987, 1000.000000000000000 ) ;
#1479 = UNCERTAINTY_MEASURE_WITH_UNIT (LENGTH_MEASURE( 1.000000000000000082E-05 ), #5329, 'distance_accuracy_value', 'NONE');
#1480 = EDGE_CURVE ( 'NONE', #4502, #6839, #1633, .T. ) ;
#1481 = COLOUR_RGB ( '',0.7529411764705882248, 0.7529411764705882248, 0.7529411764705882248 ) ;
#1482 = SURFACE_STYLE_USAGE ( .BOTH. , #2650 ) ;
#1483 =( NAMED_UNIT ( * ) PLANE_ANGLE_UNIT ( ) SI_UNIT ( $, .RADIAN. ) );
#1484 = COLOUR_RGB ( '',0.7529411764705882248, 0.7529411764705882248, 0.7529411764705882248 ) ;
#1485 = LINE ( 'NONE', #312, #2675 ) ;
#1486 = ORIENTED_EDGE ( 'NONE', *, *, #293, .T. ) ;
#1487 = DIRECTION ( 'NONE',  ( -1.000000000000000000, -0.0000000000000000000, -0.0000000000000000000 ) ) ;
#1488 = STYLED_ITEM ( 'NONE', ( #5081 ), #1587 ) ;
#1489 = FACE_OUTER_BOUND ( 'NONE', #2485, .T. ) ;
#1490 =( NAMED_UNIT ( * ) PLANE_ANGLE_UNIT ( ) SI_UNIT ( $, .RADIAN. ) );
#1491 = PRESENTATION_LAYER_ASSIGNMENT (  '', '', ( #1736 ) ) ;
#1492 =( LENGTH_UNIT ( ) NAMED_UNIT ( * ) SI_UNIT ( .MILLI., .METRE. ) );
#1493 = ADVANCED_FACE ( 'NONE', ( #2240 ), #13, .T. ) ;
#1494 = PRESENTATION_LAYER_ASSIGNMENT (  '', '', ( #3667 ) ) ;
#1495 = FILL_AREA_STYLE_COLOUR ( '', #534 ) ;
#1496 = EDGE_LOOP ( 'NONE', ( #6041, #7263, #1506, #5845, #2861, #6522 ) ) ;
#1497 = ORIENTED_EDGE ( 'NONE', *, *, #3401, .F. ) ;
#1498 = B_SPLINE_SURFACE_WITH_KNOTS ( 'NONE', 3, 1, ( 
 ( #2716, #4114 ),
 ( #1205, #651 ),
 ( #2406, #4732 ),
 ( #6346, #1320 ),
 ( #4694, #7025 ) ),
 .UNSPECIFIED., .F., .F., .F.,
 ( 4, 1, 4 ),
 ( 2, 2 ),
 ( 0.0000000000000000000, 0.4458786834588185366, 1.000000000000000000 ),
 ( 0.0000000000000000000, 1.000000000000000000 ),
 .UNSPECIFIED. ) ;
#1499 = FACE_OUTER_BOUND ( 'NONE', #7125, .T. ) ;
#1500 = MECHANICAL_DESIGN_GEOMETRIC_PRESENTATION_REPRESENTATION (  '', ( #2100 ), #416 ) ;
#1501 = ORIENTED_EDGE ( 'NONE', *, *, #3608, .F. ) ;
#1502 = ORIENTED_EDGE ( 'NONE', *, *, #4460, .F. ) ;
#1503 = DIRECTION ( 'NONE',  ( 0.7071067811865474617, 0.7071067811865474617, 0.0000000000000000000 ) ) ;
#1504 = FILL_AREA_STYLE ('',( #5384 ) ) ;
#1505 = DIRECTION ( 'NONE',  ( 0.0000000000000000000, -0.0000000000000000000, -1.000000000000000000 ) ) ;
#1506 = ORIENTED_EDGE ( 'NONE', *, *, #1730, .T. ) ;
#1507 =( GEOMETRIC_REPRESENTATION_CONTEXT ( 3 ) GLOBAL_UNCERTAINTY_ASSIGNED_CONTEXT ( ( #3890 ) ) GLOBAL_UNIT_ASSIGNED_CONTEXT ( ( #6537, #7105, #4806 ) ) REPRESENTATION_CONTEXT ( 'NONE', 'WORKASPACE' ) );
#1508 = CARTESIAN_POINT ( 'NONE',  ( -0.6356538322578365596, 1.202518811463164194, 0.9499999999999999556 ) ) ;
#1509 = SURFACE_STYLE_USAGE ( .BOTH. , #4881 ) ;
#1510 = EDGE_CURVE ( 'NONE', #5425, #4798, #3459, .T. ) ;
#1511 = SURFACE_STYLE_FILL_AREA ( #6635 ) ;
#1512 = VERTEX_POINT ( 'NONE', #6326 ) ;
#1513 = CARTESIAN_POINT ( 'NONE',  ( -0.07639280186970232034, 0.2765419858198543968, 0.0000000000000000000 ) ) ;
#1514 = LINE ( 'NONE', #3853, #3863 ) ;
#1515 = PLANE ( 'NONE',  #755 ) ;
#1516 = COLOUR_RGB ( '',1.000000000000000000, 1.000000000000000000, 1.000000000000000000 ) ;
#1517 = ADVANCED_FACE ( 'NONE', ( #1788 ), #3113, .T. ) ;
#1518 = CARTESIAN_POINT ( 'NONE',  ( 0.09999999999999995004, -1.509999999999999787, 0.1799999999999999933 ) ) ;
#1519 =( NAMED_UNIT ( * ) SI_UNIT ( $, .STERADIAN. ) SOLID_ANGLE_UNIT ( ) );
#1520 = B_SPLINE_CURVE_WITH_KNOTS ( 'NONE', 3,
 ( #1641, #3875, #4981, #5018, #7272, #7388, #3994, #4428 ),
 .UNSPECIFIED., .F., .F.,
 ( 4, 1, 1, 1, 1, 4 ),
 ( 0.0000000000000000000, 0.2000000000000009548, 0.4000000000000007438, 0.6000000000000005329, 0.8000000000000002665, 1.000000000000000000 ),
 .UNSPECIFIED. ) ;
#1521 = VECTOR ( 'NONE', #2998, 1000.000000000000000 ) ;
#1522 = MECHANICAL_DESIGN_GEOMETRIC_PRESENTATION_REPRESENTATION (  '', ( #7398 ), #3700 ) ;
#1523 = VERTEX_POINT ( 'NONE', #4163 ) ;
#1524 = B_SPLINE_CURVE_WITH_KNOTS ( 'NONE', 3,
 ( #4277, #5937, #7206, #2613, #1408, #2682 ),
 .UNSPECIFIED., .F., .F.,
 ( 4, 1, 1, 4 ),
 ( 0.0000000000000000000, 0.3342847945579484059, 0.6666278455328270569, 1.000000000000000000 ),
 .UNSPECIFIED. ) ;
#1525 = CARTESIAN_POINT ( 'NONE',  ( -0.1000000000000000611, 0.9999999999999997780, -0.02000000000000000042 ) ) ;
#1526 = FILL_AREA_STYLE ('',( #3259 ) ) ;
#1527 = SURFACE_STYLE_USAGE ( .BOTH. , #1672 ) ;
#1528 = ORIENTED_EDGE ( 'NONE', *, *, #5733, .F. ) ;
#1529 = VERTEX_POINT ( 'NONE', #3632 ) ;
#1530 = DIRECTION ( 'NONE',  ( 1.000000000000000000, -0.0000000000000000000, -0.0000000000000000000 ) ) ;
#1531 = ORIENTED_EDGE ( 'NONE', *, *, #428, .T. ) ;
#1532 = LINE ( 'NONE', #7195, #127 ) ;
#1533 = LINE ( 'NONE', #3243, #3653 ) ;
#1534 = ADVANCED_FACE ( 'NONE', ( #1942 ), #6234, .T. ) ;
#1535 = ORIENTED_EDGE ( 'NONE', *, *, #1899, .T. ) ;
#1536 = B_SPLINE_CURVE_WITH_KNOTS ( 'NONE', 3,
 ( #5315, #6520, #7123, #5883, #1315 ),
 .UNSPECIFIED., .F., .F.,
 ( 4, 1, 4 ),
 ( 0.0000000000000000000, 0.4461889103902437204, 0.9999928586088475679 ),
 .UNSPECIFIED. ) ;
#1537 = LINE ( 'NONE', #3271, #5814 ) ;
#1538 =( LENGTH_UNIT ( ) NAMED_UNIT ( * ) SI_UNIT ( .MILLI., .METRE. ) );
#1539 = EDGE_CURVE ( 'NONE', #6906, #3546, #4090, .T. ) ;
#1540 =( NAMED_UNIT ( * ) PLANE_ANGLE_UNIT ( ) SI_UNIT ( $, .RADIAN. ) );
#1541 = SURFACE_STYLE_USAGE ( .BOTH. , #2641 ) ;
#1542 = FACE_OUTER_BOUND ( 'NONE', #2980, .T. ) ;
#1543 = ORIENTED_EDGE ( 'NONE', *, *, #4620, .F. ) ;
#1544 = PRESENTATION_STYLE_ASSIGNMENT (( #2280 ) ) ;
#1545 = DIRECTION ( 'NONE',  ( 1.000000000000000000, 0.0000000000000000000, 0.0000000000000000000 ) ) ;
#1546 = SURFACE_STYLE_USAGE ( .BOTH. , #7359 ) ;
#1547 = MECHANICAL_DESIGN_GEOMETRIC_PRESENTATION_REPRESENTATION (  '', ( #5361 ), #218 ) ;
#1548 = UNCERTAINTY_MEASURE_WITH_UNIT (LENGTH_MEASURE( 1.000000000000000082E-05 ), #484, 'distance_accuracy_value', 'NONE');
#1549 = DIRECTION ( 'NONE',  ( 0.0000000000000000000, 0.0000000000000000000, -1.000000000000000000 ) ) ;
#1550 = LINE ( 'NONE', #6058, #2557 ) ;
#1551 = SURFACE_SIDE_STYLE ('',( #6609 ) ) ;
#1552 =( NAMED_UNIT ( * ) PLANE_ANGLE_UNIT ( ) SI_UNIT ( $, .RADIAN. ) );
#1553 = PLANE ( 'NONE',  #1826 ) ;
#1554 = FILL_AREA_STYLE_COLOUR ( '', #4720 ) ;
#1555 = ADVANCED_FACE ( 'NONE', ( #5332 ), #5796, .T. ) ;
#1556 = ADVANCED_FACE ( 'NONE', ( #344 ), #4892, .T. ) ;
#1557 = VERTEX_POINT ( 'NONE', #5511 ) ;
#1558 = CARTESIAN_POINT ( 'NONE',  ( -0.2251732896745813062, 0.1505257256572534730, 0.0000000000000000000 ) ) ;
#1559 =( NAMED_UNIT ( * ) SI_UNIT ( $, .STERADIAN. ) SOLID_ANGLE_UNIT ( ) );
#1560 = VECTOR ( 'NONE', #1622, 1000.000000000000000 ) ;
#1561 = DIRECTION ( 'NONE',  ( 0.0000000000000000000, -0.0000000000000000000, -1.000000000000000000 ) ) ;
#1562 = SURFACE_STYLE_FILL_AREA ( #3761 ) ;
#1563 =( NAMED_UNIT ( * ) SI_UNIT ( $, .STERADIAN. ) SOLID_ANGLE_UNIT ( ) );
#1564 =( NAMED_UNIT ( * ) SI_UNIT ( $, .STERADIAN. ) SOLID_ANGLE_UNIT ( ) );
#1565 = ORIENTED_EDGE ( 'NONE', *, *, #67, .T. ) ;
#1566 = ORIENTED_EDGE ( 'NONE', *, *, #3793, .F. ) ;
#1567 = CARTESIAN_POINT ( 'NONE',  ( -0.9999999999999995559, -1.125000000000000222, 0.1799999999999999933 ) ) ;
#1568 = EDGE_CURVE ( 'NONE', #4416, #2169, #837, .T. ) ;
#1569 = CARTESIAN_POINT ( 'NONE',  ( 0.1753813342762356176, 0.3306260016971891980, 0.01000000000000000021 ) ) ;
#1570 = ORIENTED_EDGE ( 'NONE', *, *, #5602, .T. ) ;
#1571 = CARTESIAN_POINT ( 'NONE',  ( -1.000000000000000000, -0.1000000000000000056, 0.1799999999999999933 ) ) ;
#1572 = ORIENTED_EDGE ( 'NONE', *, *, #7135, .F. ) ;
#1573 = PRESENTATION_STYLE_ASSIGNMENT (( #1648 ) ) ;
#1574 = CARTESIAN_POINT ( 'NONE',  ( 0.1429063492040416883, 0.1793717842117271699, 0.0000000000000000000 ) ) ;
#1575 = PRESENTATION_LAYER_ASSIGNMENT (  '', '', ( #4805 ) ) ;
#1576 = ORIENTED_EDGE ( 'NONE', *, *, #5029, .T. ) ;
#1577 = SURFACE_STYLE_FILL_AREA ( #2220 ) ;
#1578 = STYLED_ITEM ( 'NONE', ( #3826 ), #5370 ) ;
#1579 = ADVANCED_FACE ( 'NONE', ( #2577 ), #6023, .T. ) ;
#1580 = SURFACE_STYLE_USAGE ( .BOTH. , #4440 ) ;
#1581 = FILL_AREA_STYLE ('',( #5664 ) ) ;
#1582 = MECHANICAL_DESIGN_GEOMETRIC_PRESENTATION_REPRESENTATION (  '', ( #4589 ), #3516 ) ;
#1583 = VECTOR ( 'NONE', #1069, 1000.000000000000000 ) ;
#1584 = PRESENTATION_STYLE_ASSIGNMENT (( #1659 ) ) ;
#1585 = AXIS2_PLACEMENT_3D ( 'NONE', #5948, #157, #6575 ) ;
#1586 = CARTESIAN_POINT ( 'NONE',  ( 0.04311955991891574386, 0.1505257256572525293, 0.0000000000000000000 ) ) ;
#1587 = ADVANCED_FACE ( 'NONE', ( #585 ), #5002, .T. ) ;
#1588 =( LENGTH_UNIT ( ) NAMED_UNIT ( * ) SI_UNIT ( .MILLI., .METRE. ) );
#1589 = VECTOR ( 'NONE', #2569, 1000.000000000000000 ) ;
#1590 = PRESENTATION_LAYER_ASSIGNMENT (  '', '', ( #1831 ) ) ;
#1591 = SURFACE_STYLE_USAGE ( .BOTH. , #4923 ) ;
#1592 = ORIENTED_EDGE ( 'NONE', *, *, #1116, .T. ) ;
#1593 = DIRECTION ( 'NONE',  ( -0.0000000000000000000, 0.0000000000000000000, 1.000000000000000000 ) ) ;
#1594 = EDGE_CURVE ( 'NONE', #143, #6694, #7289, .T. ) ;
#1595 = AXIS2_PLACEMENT_3D ( 'NONE', #499, #3404, #5666 ) ;
#1596 = FILL_AREA_STYLE ('',( #2622 ) ) ;
#1597 = SURFACE_STYLE_USAGE ( .BOTH. , #5632 ) ;
#1598 = SURFACE_STYLE_USAGE ( .BOTH. , #3941 ) ;
#1599 = SURFACE_SIDE_STYLE ('',( #5595 ) ) ;
#1600 = AXIS2_PLACEMENT_3D ( 'NONE', #1054, #5609, #482 ) ;
#1601 = DIRECTION ( 'NONE',  ( -1.707404996040164758E-16, -1.000000000000000000, -0.0000000000000000000 ) ) ;
#1603 = CARTESIAN_POINT ( 'NONE',  ( -1.000000000000000222, 1.499999999999999778, 0.1799999999999999378 ) ) ;
#1602 = PRESENTATION_LAYER_ASSIGNMENT (  '', '', ( #46 ) ) ;
#1604 = VERTEX_POINT ( 'NONE', #4014 ) ;
#1605 = ORIENTED_EDGE ( 'NONE', *, *, #663, .F. ) ;
#1606 = STYLED_ITEM ( 'NONE', ( #5301 ), #1703 ) ;
#1607 = ORIENTED_EDGE ( 'NONE', *, *, #4020, .F. ) ;
#1608 = CARTESIAN_POINT ( 'NONE',  ( 0.09999999999999982514, 1.499999999999999778, 0.9499999999999999556 ) ) ;
#1609 = FILL_AREA_STYLE_COLOUR ( '', #3088 ) ;
#1610 = CARTESIAN_POINT ( 'NONE',  ( -0.1000000000000000611, 1.509999999999999787, 0.1799999999999999933 ) ) ;
#1611 = LINE ( 'NONE', #6693, #1718 ) ;
#1612 = ORIENTED_EDGE ( 'NONE', *, *, #1404, .F. ) ;
#1613 =( NAMED_UNIT ( * ) PLANE_ANGLE_UNIT ( ) SI_UNIT ( $, .RADIAN. ) );
#1614 = COLOUR_RGB ( '',1.000000000000000000, 1.000000000000000000, 1.000000000000000000 ) ;
#1615 = MECHANICAL_DESIGN_GEOMETRIC_PRESENTATION_REPRESENTATION (  '', ( #3908 ), #288 ) ;
#1616 = ORIENTED_EDGE ( 'NONE', *, *, #320, .T. ) ;
#1617 = UNCERTAINTY_MEASURE_WITH_UNIT (LENGTH_MEASURE( 1.000000000000000082E-05 ), #6597, 'distance_accuracy_value', 'NONE');
#1618 =( GEOMETRIC_REPRESENTATION_CONTEXT ( 3 ) GLOBAL_UNCERTAINTY_ASSIGNED_CONTEXT ( ( #2082 ) ) GLOBAL_UNIT_ASSIGNED_CONTEXT ( ( #1255, #1935, #4227 ) ) REPRESENTATION_CONTEXT ( 'NONE', 'WORKASPACE' ) );
#1619 = CARTESIAN_POINT ( 'NONE',  ( -0.0007830457721411404224, 0.2590619776897729598, 0.0000000000000000000 ) ) ;
#1620 = FACE_OUTER_BOUND ( 'NONE', #850, .T. ) ;
#1621 = SURFACE_SIDE_STYLE ('',( #2294 ) ) ;
#1622 = DIRECTION ( 'NONE',  ( -6.071532165918826408E-15, -1.000000000000000000, 0.0000000000000000000 ) ) ;
#1623 = VECTOR ( 'NONE', #4272, 1000.000000000000000 ) ;
#1624 = EDGE_CURVE ( 'NONE', #3396, #4611, #7371, .T. ) ;
#1625 = MECHANICAL_DESIGN_GEOMETRIC_PRESENTATION_REPRESENTATION (  '', ( #1155 ), #5823 ) ;
#1626 = FILL_AREA_STYLE ('',( #6682 ) ) ;
#1627 = FILL_AREA_STYLE ('',( #3451 ) ) ;
#1628 = EDGE_CURVE ( 'NONE', #735, #4185, #1068, .T. ) ;
#1629 = FILL_AREA_STYLE_COLOUR ( '', #4465 ) ;
#1630 = EDGE_CURVE ( 'NONE', #1691, #2481, #1287, .T. ) ;
#1631 = ORIENTED_EDGE ( 'NONE', *, *, #5770, .F. ) ;
#1632 = PLANE ( 'NONE',  #5917 ) ;
#1633 = LINE ( 'NONE', #6888, #435 ) ;
#1634 = PRESENTATION_LAYER_ASSIGNMENT (  '', '', ( #922 ) ) ;
#1635 = CARTESIAN_POINT ( 'NONE',  ( -0.3750000000000000000, -1.509999999999999787, 0.1799999999999999933 ) ) ;
#1636 = CARTESIAN_POINT ( 'NONE',  ( -0.6226458158190147918, 1.153972233207790632, 0.9399999999999999467 ) ) ;
#1637 = ORIENTED_EDGE ( 'NONE', *, *, #4517, .F. ) ;
#1638 = ORIENTED_EDGE ( 'NONE', *, *, #4947, .F. ) ;
#1639 = FILL_AREA_STYLE ('',( #2246 ) ) ;
#1640 = ORIENTED_EDGE ( 'NONE', *, *, #2015, .T. ) ;
#1641 = CARTESIAN_POINT ( 'NONE',  ( -0.3007830457721423767, 0.3505257256572538727, 0.0000000000000000000 ) ) ;
#1642 =( GEOMETRIC_REPRESENTATION_CONTEXT ( 3 ) GLOBAL_UNCERTAINTY_ASSIGNED_CONTEXT ( ( #2574 ) ) GLOBAL_UNIT_ASSIGNED_CONTEXT ( ( #5473, #7425, #6125 ) ) REPRESENTATION_CONTEXT ( 'NONE', 'WORKASPACE' ) );
#1643 = PRESENTATION_STYLE_ASSIGNMENT (( #5765 ) ) ;
#1644 = LINE ( 'NONE', #2168, #1377 ) ;
#1645 = FILL_AREA_STYLE ('',( #6779 ) ) ;
#1646 = EDGE_LOOP ( 'NONE', ( #5162, #7191, #4829, #3490 ) ) ;
#1647 = CARTESIAN_POINT ( 'NONE',  ( -1.000000000000000222, 1.499999999999999778, 0.1799999999999999378 ) ) ;
#1648 = SURFACE_STYLE_USAGE ( .BOTH. , #4468 ) ;
#1649 = VERTEX_POINT ( 'NONE', #6283 ) ;
#1650 = CARTESIAN_POINT ( 'NONE',  ( 0.3772657347156637142, 0.2169891402913993461, 0.0000000000000000000 ) ) ;
#1651 = CARTESIAN_POINT ( 'NONE',  ( 1.000000000000000222, 0.6500000000000000222, 0.1799999999999999933 ) ) ;
#1652 = EDGE_CURVE ( 'NONE', #4965, #199, #7408, .T. ) ;
#1653 = EDGE_LOOP ( 'NONE', ( #4183, #5378, #1592, #1352, #5868, #4016 ) ) ;
#1654 = FILL_AREA_STYLE ('',( #2144 ) ) ;
#1655 = DIRECTION ( 'NONE',  ( 0.0000000000000000000, -1.000000000000000000, 0.0000000000000000000 ) ) ;
#1656 = VERTEX_POINT ( 'NONE', #5673 ) ;
#1657 = DIRECTION ( 'NONE',  ( 0.0000000000000000000, -0.0000000000000000000, 1.000000000000000000 ) ) ;
#1658 = UNCERTAINTY_MEASURE_WITH_UNIT (LENGTH_MEASURE( 1.000000000000000082E-05 ), #4613, 'distance_accuracy_value', 'NONE');
#1659 = SURFACE_STYLE_USAGE ( .BOTH. , #5030 ) ;
#1660 = ADVANCED_FACE ( 'NONE', ( #3975 ), #5623, .F. ) ;
#1661 = CARTESIAN_POINT ( 'NONE',  ( 0.1425066555144659242, 0.3472783259253054977, 0.01000000000000000021 ) ) ;
#1662 = B_SPLINE_CURVE_WITH_KNOTS ( 'NONE', 3,
 ( #1757, #7421, #4650, #6296, #1793, #669 ),
 .UNSPECIFIED., .F., .F.,
 ( 4, 1, 1, 4 ),
 ( 0.0000000000000000000, 0.3344122036412826571, 0.6658332730848454117, 1.000000000000000000 ),
 .UNSPECIFIED. ) ;
#1663 = EDGE_CURVE ( 'NONE', #1228, #4325, #5867, .T. ) ;
#1664 = DIRECTION ( 'NONE',  ( 0.0000000000000000000, 0.0000000000000000000, -1.000000000000000000 ) ) ;
#1665 = LINE ( 'NONE', #6281, #5410 ) ;
#1666 = CARTESIAN_POINT ( 'NONE',  ( -0.07639280186970258402, 0.3285745061450575100, 0.01000000000000000021 ) ) ;
#1667 = CARTESIAN_POINT ( 'NONE',  ( -0.6226458158190147918, 1.129698944080104184, 0.9400000000000000577 ) ) ;
#1668 =( GEOMETRIC_REPRESENTATION_CONTEXT ( 3 ) GLOBAL_UNCERTAINTY_ASSIGNED_CONTEXT ( ( #1371 ) ) GLOBAL_UNIT_ASSIGNED_CONTEXT ( ( #5607, #2321, #3995 ) ) REPRESENTATION_CONTEXT ( 'NONE', 'WORKASPACE' ) );
#1669 = ORIENTED_EDGE ( 'NONE', *, *, #5847, .T. ) ;
#1670 = CARTESIAN_POINT ( 'NONE',  ( 0.1826392103254196597, 0.3310135305353017476, 0.0000000000000000000 ) ) ;
#1671 = SURFACE_SIDE_STYLE ('',( #4483 ) ) ;
#1672 = SURFACE_SIDE_STYLE ('',( #3862 ) ) ;
#1673 = DIRECTION ( 'NONE',  ( -1.000000000000000000, 0.0000000000000000000, 0.0000000000000000000 ) ) ;
#1674 = CARTESIAN_POINT ( 'NONE',  ( -0.7617815423657247065, 1.275338678846224427, 0.9399999999999999467 ) ) ;
#1675 = ORIENTED_EDGE ( 'NONE', *, *, #3943, .T. ) ;
#1676 = ORIENTED_EDGE ( 'NONE', *, *, #3286, .F. ) ;
#1677 = DIRECTION ( 'NONE',  ( 0.0000000000000000000, 1.000000000000000000, 0.0000000000000000000 ) ) ;
#1678 = PLANE ( 'NONE',  #5678 ) ;
#1679 = ORIENTED_EDGE ( 'NONE', *, *, #498, .F. ) ;
#1680 = SURFACE_STYLE_FILL_AREA ( #5566 ) ;
#1681 = STYLED_ITEM ( 'NONE', ( #5720 ), #299 ) ;
#1682 = CARTESIAN_POINT ( 'NONE',  ( 0.1828678688620049286, 0.3529647500474968891, 0.0000000000000000000 ) ) ;
#1683 =( NAMED_UNIT ( * ) SI_UNIT ( $, .STERADIAN. ) SOLID_ANGLE_UNIT ( ) );
#1684 = LINE ( 'NONE', #6264, #3179 ) ;
#1685 = ORIENTED_EDGE ( 'NONE', *, *, #1594, .T. ) ;
#1686 = FILL_AREA_STYLE_COLOUR ( '', #3679 ) ;
#1687 = CARTESIAN_POINT ( 'NONE',  ( 0.7250000000000000888, -1.509999999999999787, 0.1799999999999999933 ) ) ;
#1688 = EDGE_LOOP ( 'NONE', ( #2398, #3370, #6688, #231 ) ) ;
#1689 = CARTESIAN_POINT ( 'NONE',  ( 0.4040950030083468869, 0.1505257256572531399, 0.0000000000000000000 ) ) ;
#1690 = UNCERTAINTY_MEASURE_WITH_UNIT (LENGTH_MEASURE( 1.000000000000000082E-05 ), #6935, 'distance_accuracy_value', 'NONE');
#1691 = VERTEX_POINT ( 'NONE', #6302 ) ;
#1692 = CARTESIAN_POINT ( 'NONE',  ( 0.2052653933811408593, 0.1737771040360132357, 0.0000000000000000000 ) ) ;
#1693 = SURFACE_SIDE_STYLE ('',( #2146 ) ) ;
#1694 = CARTESIAN_POINT ( 'NONE',  ( 0.06994866154493176169, 0.3175985630556267814, 0.0000000000000000000 ) ) ;
#1695 = DIRECTION ( 'NONE',  ( 0.0000000000000000000, 1.000000000000000000, 0.0000000000000000000 ) ) ;
#1696 = VECTOR ( 'NONE', #1741, 1000.000000000000000 ) ;
#1697 = CARTESIAN_POINT ( 'NONE',  ( 0.09677792983761511481, 0.1505257256572525848, 0.0000000000000000000 ) ) ;
#1698 = VECTOR ( 'NONE', #2525, 1000.000000000000000 ) ;
#1699 = CARTESIAN_POINT ( 'NONE',  ( 0.1358023200815176301, 0.1608915793157891516, 0.0000000000000000000 ) ) ;
#1700 =( GEOMETRIC_REPRESENTATION_CONTEXT ( 3 ) GLOBAL_UNCERTAINTY_ASSIGNED_CONTEXT ( ( #6790 ) ) GLOBAL_UNIT_ASSIGNED_CONTEXT ( ( #99, #6371, #3543 ) ) REPRESENTATION_CONTEXT ( 'NONE', 'WORKASPACE' ) );
#1701 = CARTESIAN_POINT ( 'NONE',  ( -0.4056610945526302747, 0.1505257256572543889, 0.0000000000000000000 ) ) ;
#1702 =( GEOMETRIC_REPRESENTATION_CONTEXT ( 3 ) GLOBAL_UNCERTAINTY_ASSIGNED_CONTEXT ( ( #2212 ) ) GLOBAL_UNIT_ASSIGNED_CONTEXT ( ( #7210, #3897, #2687 ) ) REPRESENTATION_CONTEXT ( 'NONE', 'WORKASPACE' ) );
#1703 = ADVANCED_FACE ( 'NONE', ( #7432 ), #2892, .T. ) ;
#1704 = LINE ( 'NONE', #2346, #633 ) ;
#1705 = ORIENTED_EDGE ( 'NONE', *, *, #4379, .F. ) ;
#1706 = STYLED_ITEM ( 'NONE', ( #3194 ), #1412 ) ;
#1707 = AXIS2_PLACEMENT_3D ( 'NONE', #3227, #6025, #3828 ) ;
#1708 = CARTESIAN_POINT ( 'NONE',  ( 0.3016559786181031155, 0.1724769451694482258, 0.0000000000000000000 ) ) ;
#1709 = MECHANICAL_DESIGN_GEOMETRIC_PRESENTATION_REPRESENTATION (  '', ( #6024 ), #3042 ) ;
#1710 = SURFACE_STYLE_FILL_AREA ( #6843 ) ;
#1711 = SURFACE_STYLE_USAGE ( .BOTH. , #1599 ) ;
#1712 = COLOUR_RGB ( '',1.000000000000000000, 1.000000000000000000, 1.000000000000000000 ) ;
#1713 = ORIENTED_EDGE ( 'NONE', *, *, #6612, .T. ) ;
#1714 = CARTESIAN_POINT ( 'NONE',  ( -0.3007830457721423767, 0.3505257256572538727, 0.01000000000000000021 ) ) ;
#1715 =( LENGTH_UNIT ( ) NAMED_UNIT ( * ) SI_UNIT ( .MILLI., .METRE. ) );
#1716 = ORIENTED_EDGE ( 'NONE', *, *, #3688, .T. ) ;
#1717 = EDGE_CURVE ( 'NONE', #5211, #6254, #2461, .T. ) ;
#1718 = VECTOR ( 'NONE', #7348, 1000.000000000000000 ) ;
#1719 = FILL_AREA_STYLE_COLOUR ( '', #742 ) ;
#1720 = SURFACE_STYLE_FILL_AREA ( #4988 ) ;
#1721 = DIRECTION ( 'NONE',  ( 0.0000000000000000000, -0.0000000000000000000, 1.000000000000000000 ) ) ;
#1722 = SURFACE_SIDE_STYLE ('',( #5840 ) ) ;
#1723 =( LENGTH_UNIT ( ) NAMED_UNIT ( * ) SI_UNIT ( .MILLI., .METRE. ) );
#1724 = LINE ( 'NONE', #602, #1732 ) ;
#1725 = PRESENTATION_STYLE_ASSIGNMENT (( #6412 ) ) ;
#1726 = EDGE_CURVE ( 'NONE', #6307, #133, #4577, .T. ) ;
#1727 = CARTESIAN_POINT ( 'NONE',  ( -0.1837098750404343450, 0.2524693232182288471, 0.0000000000000000000 ) ) ;
#1728 = ORIENTED_EDGE ( 'NONE', *, *, #7145, .F. ) ;
#1729 = VERTEX_POINT ( 'NONE', #4029 ) ;
#1730 = EDGE_CURVE ( 'NONE', #3956, #1523, #7041, .T. ) ;
#1731 = AXIS2_PLACEMENT_3D ( 'NONE', #2502, #5303, #810 ) ;
#1732 = VECTOR ( 'NONE', #6939, 1000.000000000000000 ) ;
#1733 =( GEOMETRIC_REPRESENTATION_CONTEXT ( 3 ) GLOBAL_UNCERTAINTY_ASSIGNED_CONTEXT ( ( #3012 ) ) GLOBAL_UNIT_ASSIGNED_CONTEXT ( ( #3904, #3337, #7330 ) ) REPRESENTATION_CONTEXT ( 'NONE', 'WORKASPACE' ) );
#1734 = VERTEX_POINT ( 'NONE', #5262 ) ;
#1735 =( NAMED_UNIT ( * ) SI_UNIT ( $, .STERADIAN. ) SOLID_ANGLE_UNIT ( ) );
#1736 = STYLED_ITEM ( 'NONE', ( #567 ), #6500 ) ;
#1737 = SURFACE_STYLE_USAGE ( .BOTH. , #3552 ) ;
#1738 = EDGE_CURVE ( 'NONE', #4816, #6906, #4201, .T. ) ;
#1739 = COLOUR_RGB ( '',1.000000000000000000, 1.000000000000000000, 1.000000000000000000 ) ;
#1740 = CARTESIAN_POINT ( 'NONE',  ( 0.5000000000000000000, 0.6500000000000000222, 0.1799999999999999933 ) ) ;
#1741 = DIRECTION ( 'NONE',  ( -0.0000000000000000000, -1.000000000000000000, 0.0000000000000000000 ) ) ;
#1742 = PRESENTATION_LAYER_ASSIGNMENT (  '', '', ( #5686 ) ) ;
#1743 = VECTOR ( 'NONE', #4682, 1000.000000000000000 ) ;
#1744 = CARTESIAN_POINT ( 'NONE',  ( 0.03214395016281788170, 0.3285745061450576765, 0.0000000000000000000 ) ) ;
#1745 = SURFACE_STYLE_FILL_AREA ( #5124 ) ;
#1746 = ORIENTED_EDGE ( 'NONE', *, *, #4830, .F. ) ;
#1747 = ADVANCED_FACE ( 'NONE', ( #6463, #6501 ), #3636, .F. ) ;
#1748 = AXIS2_PLACEMENT_3D ( 'NONE', #3275, #3438, #5576 ) ;
#1749 = CARTESIAN_POINT ( 'NONE',  ( -0.4500000000000000111, -0.6000000000000000888, -0.02000000000000000042 ) ) ;
#1750 = CARTESIAN_POINT ( 'NONE',  ( 0.3646637753660703640, 0.1724769451694482536, 0.0000000000000000000 ) ) ;
#1751 = EDGE_CURVE ( 'NONE', #2313, #2138, #5406, .T. ) ;
#1752 = PRESENTATION_STYLE_ASSIGNMENT (( #3982 ) ) ;
#1753 =( NAMED_UNIT ( * ) SI_UNIT ( $, .STERADIAN. ) SOLID_ANGLE_UNIT ( ) );
#1754 = VECTOR ( 'NONE', #3307, 1000.000000000000000 ) ;
#1755 = ORIENTED_EDGE ( 'NONE', *, *, #3111, .T. ) ;
#1756 = CARTESIAN_POINT ( 'NONE',  ( 0.06994866154493213639, 0.2293875142751388152, 0.0000000000000000000 ) ) ;
#1757 = CARTESIAN_POINT ( 'NONE',  ( -0.1837098750404343450, 0.2524693232182288471, 0.01000000000000000021 ) ) ;
#1758 = ORIENTED_EDGE ( 'NONE', *, *, #4409, .T. ) ;
#1759 = FILL_AREA_STYLE ('',( #5804 ) ) ;
#1760 = AXIS2_PLACEMENT_3D ( 'NONE', #3232, #6721, #3260 ) ;
#1761 = DIRECTION ( 'NONE',  ( 2.691447189900525128E-15, 1.000000000000000000, 0.0000000000000000000 ) ) ;
#1762 = FILL_AREA_STYLE ('',( #2898 ) ) ;
#1763 = VECTOR ( 'NONE', #2087, 1000.000000000000000 ) ;
#1764 = FILL_AREA_STYLE ('',( #4176 ) ) ;
#1765 = CARTESIAN_POINT ( 'NONE',  ( 0.7250000000000000888, -1.125000000000000222, 5.421010862427522170E-17 ) ) ;
#1766 = FACE_OUTER_BOUND ( 'NONE', #2097, .T. ) ;
#1767 = ORIENTED_EDGE ( 'NONE', *, *, #6924, .T. ) ;
#1768 = ORIENTED_EDGE ( 'NONE', *, *, #3937, .T. ) ;
#1769 = UNCERTAINTY_MEASURE_WITH_UNIT (LENGTH_MEASURE( 1.000000000000000082E-05 ), #7294, 'distance_accuracy_value', 'NONE');
#1770 = DIRECTION ( 'NONE',  ( 0.0000000000000000000, 1.000000000000000000, -0.0000000000000000000 ) ) ;
#1771 = ORIENTED_EDGE ( 'NONE', *, *, #2759, .T. ) ;
#1772 = EDGE_CURVE ( 'NONE', #2750, #4545, #1485, .T. ) ;
#1773 = FACE_OUTER_BOUND ( 'NONE', #5725, .T. ) ;
#1774 =( NAMED_UNIT ( * ) PLANE_ANGLE_UNIT ( ) SI_UNIT ( $, .RADIAN. ) );
#1775 = ORIENTED_EDGE ( 'NONE', *, *, #3210, .T. ) ;
#1776 = EDGE_CURVE ( 'NONE', #529, #3052, #346, .T. ) ;
#1777 = CARTESIAN_POINT ( 'NONE',  ( -0.1060040823575077590, 0.3505257256572526514, 0.0000000000000000000 ) ) ;
#1778 = CARTESIAN_POINT ( 'NONE',  ( 0.1823888457535765839, 0.1483221237172240026, 0.0000000000000000000 ) ) ;
#1779 = LINE ( 'NONE', #1321, #3530 ) ;
#1780 = PRESENTATION_STYLE_ASSIGNMENT (( #6484 ) ) ;
#1781 = FACE_OUTER_BOUND ( 'NONE', #5248, .T. ) ;
#1782 = PLANE ( 'NONE',  #412 ) ;
#1783 = FACE_OUTER_BOUND ( 'NONE', #535, .T. ) ;
#1784 = ORIENTED_EDGE ( 'NONE', *, *, #3851, .F. ) ;
#1785 = SURFACE_STYLE_USAGE ( .BOTH. , #6928 ) ;
#1786 = LINE ( 'NONE', #550, #6952 ) ;
#1787 = CARTESIAN_POINT ( 'NONE',  ( -1.010000000000000231, 0.1000000000000000056, 0.1799999999999999933 ) ) ;
#1788 = FACE_OUTER_BOUND ( 'NONE', #2670, .T. ) ;
#1789 = ADVANCED_FACE ( 'NONE', ( #880 ), #5514, .T. ) ;
#1790 = VECTOR ( 'NONE', #5876, 1000.000000000000000 ) ;
#1791 = ORIENTED_EDGE ( 'NONE', *, *, #7409, .F. ) ;
#1792 = CARTESIAN_POINT ( 'NONE',  ( -0.1039461555282393951, 0.1505257256572528346, 0.01000000000000000021 ) ) ;
#1793 = CARTESIAN_POINT ( 'NONE',  ( -0.1191039747688101974, 0.1737587268226391812, 0.01000000000000000021 ) ) ;
#1794 = VERTEX_POINT ( 'NONE', #380 ) ;
#1795 = CARTESIAN_POINT ( 'NONE',  ( -0.3432220701623858727, 0.3105257256572539482, 0.01000000000000000021 ) ) ;
#1796 = CARTESIAN_POINT ( 'NONE',  ( -0.3231407693493780764, 0.3505257256572540392, 0.0000000000000000000 ) ) ;
#1797 = FACE_OUTER_BOUND ( 'NONE', #4759, .T. ) ;
#1798 = LINE ( 'NONE', #600, #3301 ) ;
#1799 = UNCERTAINTY_MEASURE_WITH_UNIT (LENGTH_MEASURE( 1.000000000000000082E-05 ), #1172, 'distance_accuracy_value', 'NONE');
#1800 = VECTOR ( 'NONE', #6825, 1000.000000000000000 ) ;
#1801 = PLANE ( 'NONE',  #3062 ) ;
#1802 =( LENGTH_UNIT ( ) NAMED_UNIT ( * ) SI_UNIT ( .MILLI., .METRE. ) );
#1803 = ORIENTED_EDGE ( 'NONE', *, *, #5942, .T. ) ;
#1804 = VERTEX_POINT ( 'NONE', #5004 ) ;
#1805 = ADVANCED_FACE ( 'NONE', ( #2690 ), #1032, .T. ) ;
#1806 = CARTESIAN_POINT ( 'NONE',  ( -0.1593485043857081063, 0.3448050906014233918, 0.01000000000000000021 ) ) ;
#1807 = ORIENTED_EDGE ( 'NONE', *, *, #5109, .F. ) ;
#1808 = SURFACE_STYLE_USAGE ( .BOTH. , #6946 ) ;
#1809 = CARTESIAN_POINT ( 'NONE',  ( 0.4500000000000000111, 0.6000000000000000888, -0.02000000000000000042 ) ) ;
#1810 = COLOUR_RGB ( '',1.000000000000000000, 1.000000000000000000, 1.000000000000000000 ) ;
#1811 = VERTEX_POINT ( 'NONE', #4047 ) ;
#1812 = CARTESIAN_POINT ( 'NONE',  ( -0.9999999999999997780, -0.8749999999999992228, 0.9499999999999999556 ) ) ;
#1813 = CARTESIAN_POINT ( 'NONE',  ( -0.9999999999999995559, -1.124999999999999556, 0.0000000000000000000 ) ) ;
#1814 = SURFACE_STYLE_USAGE ( .BOTH. , #4697 ) ;
#1815 = AXIS2_PLACEMENT_3D ( 'NONE', #5251, #2376, #4078 ) ;
#1816 = MECHANICAL_DESIGN_GEOMETRIC_PRESENTATION_REPRESENTATION (  '', ( #4105 ), #2778 ) ;
#1817 = CARTESIAN_POINT ( 'NONE',  ( -0.0000000000000000000, 0.4000000000000000222, 0.0000000000000000000 ) ) ;
#1818 = DIRECTION ( 'NONE',  ( 0.0000000000000000000, 0.0000000000000000000, -1.000000000000000000 ) ) ;
#1819 =( NAMED_UNIT ( * ) SI_UNIT ( $, .STERADIAN. ) SOLID_ANGLE_UNIT ( ) );
#1820 =( GEOMETRIC_REPRESENTATION_CONTEXT ( 3 ) GLOBAL_UNCERTAINTY_ASSIGNED_CONTEXT ( ( #2751 ) ) GLOBAL_UNIT_ASSIGNED_CONTEXT ( ( #2131, #3836, #1564 ) ) REPRESENTATION_CONTEXT ( 'NONE', 'WORKASPACE' ) );
#1821 = EDGE_CURVE ( 'NONE', #6026, #143, #1022, .T. ) ;
#1822 =( LENGTH_UNIT ( ) NAMED_UNIT ( * ) SI_UNIT ( .MILLI., .METRE. ) );
#1823 = CARTESIAN_POINT ( 'NONE',  ( 0.3142576046343632523, 0.1724769451694482536, 0.0000000000000000000 ) ) ;
#1824 = LINE ( 'NONE', #5757, #1521 ) ;
#1825 = SURFACE_STYLE_FILL_AREA ( #4674 ) ;
#1826 = AXIS2_PLACEMENT_3D ( 'NONE', #988, #4446, #7247 ) ;
#1827 = EDGE_CURVE ( 'NONE', #4965, #7434, #5662, .T. ) ;
#1828 = PRESENTATION_LAYER_ASSIGNMENT (  '', '', ( #1706 ) ) ;
#1829 = ORIENTED_EDGE ( 'NONE', *, *, #2195, .T. ) ;
#1830 = PRESENTATION_STYLE_ASSIGNMENT (( #4676 ) ) ;
#1831 = STYLED_ITEM ( 'NONE', ( #93 ), #5529 ) ;
#1832 = FILL_AREA_STYLE_COLOUR ( '', #6401 ) ;
#1833 = ORIENTED_EDGE ( 'NONE', *, *, #2369, .F. ) ;
#1834 = LINE ( 'NONE', #61, #2881 ) ;
#1835 = LINE ( 'NONE', #2508, #4704 ) ;
#1836 = CARTESIAN_POINT ( 'NONE',  ( 0.2536750183769608258, 0.2246767352171527010, 0.0000000000000000000 ) ) ;
#1837 = PRESENTATION_LAYER_ASSIGNMENT (  '', '', ( #3884 ) ) ;
#1838 = AXIS2_PLACEMENT_3D ( 'NONE', #4521, #6244, #6800 ) ;
#1839 = CARTESIAN_POINT ( 'NONE',  ( 0.3749999999999996669, -1.500000000000000222, 0.0000000000000000000 ) ) ;
#1840 = ORIENTED_EDGE ( 'NONE', *, *, #2269, .T. ) ;
#1841 = ORIENTED_EDGE ( 'NONE', *, *, #1821, .F. ) ;
#1842 = STYLED_ITEM ( 'NONE', ( #6209 ), #2298 ) ;
#1843 = VERTEX_POINT ( 'NONE', #6926 ) ;
#1844 = DIRECTION ( 'NONE',  ( -0.0000000000000000000, 0.0000000000000000000, 1.000000000000000000 ) ) ;
#1845 = LINE ( 'NONE', #2293, #6037 ) ;
#1846 = ORIENTED_EDGE ( 'NONE', *, *, #4789, .T. ) ;
#1847 = FACE_OUTER_BOUND ( 'NONE', #4873, .T. ) ;
#1848 = MECHANICAL_DESIGN_GEOMETRIC_PRESENTATION_REPRESENTATION (  '', ( #878 ), #3305 ) ;
#1849 = PRESENTATION_LAYER_ASSIGNMENT (  '', '', ( #5916 ) ) ;
#1850 = LINE ( 'NONE', #1286, #732 ) ;
#1851 = AXIS2_PLACEMENT_3D ( 'NONE', #6169, #6321, #3935 ) ;
#1852 = MECHANICAL_DESIGN_GEOMETRIC_PRESENTATION_REPRESENTATION (  '', ( #3804 ), #3922 ) ;
#1853 = DIRECTION ( 'NONE',  ( 1.707404996040165251E-16, 1.000000000000000000, 0.0000000000000000000 ) ) ;
#1854 = DIRECTION ( 'NONE',  ( 0.0000000000000000000, 0.0000000000000000000, -1.000000000000000000 ) ) ;
#1855 =( LENGTH_UNIT ( ) NAMED_UNIT ( * ) SI_UNIT ( .MILLI., .METRE. ) );
#1856 = CARTESIAN_POINT ( 'NONE',  ( 0.4500000000000000111, 0.6000000000000000888, 5.421010862427522170E-17 ) ) ;
#1857 = SURFACE_STYLE_USAGE ( .BOTH. , #3108 ) ;
#1858 = ADVANCED_FACE ( 'NONE', ( #1783 ), #2805, .T. ) ;
#1859 = CARTESIAN_POINT ( 'NONE',  ( 0.0000000000000000000, -0.6000000000000000888, 0.0000000000000000000 ) ) ;
#1860 = FILL_AREA_STYLE_COLOUR ( '', #6239 ) ;
#1861 = EDGE_CURVE ( 'NONE', #2327, #1512, #1704, .T. ) ;
#1862 = CARTESIAN_POINT ( 'NONE',  ( 0.09999999999999995004, 0.9999999999999997780, 0.1799999999999999933 ) ) ;
#1863 = COLOUR_RGB ( '',0.7529411764705882248, 0.7529411764705882248, 0.7529411764705882248 ) ;
#1864 = EDGE_CURVE ( 'NONE', #4328, #1428, #3332, .T. ) ;
#1865 = CARTESIAN_POINT ( 'NONE',  ( -0.3750000000000000000, 1.509999999999999787, 0.1799999999999999933 ) ) ;
#1866 = VERTEX_POINT ( 'NONE', #5590 ) ;
#1867 = FACE_OUTER_BOUND ( 'NONE', #1190, .T. ) ;
#1868 = STYLED_ITEM ( 'NONE', ( #1395 ), #6383 ) ;
#1869 = CARTESIAN_POINT ( 'NONE',  ( 0.09999999999999995004, -0.9999999999999997780, 0.1799999999999999933 ) ) ;
#1870 = VERTEX_POINT ( 'NONE', #465 ) ;
#1871 = FILL_AREA_STYLE ('',( #597 ) ) ;
#1872 = CARTESIAN_POINT ( 'NONE',  ( 1.010000000000000009, -0.1000000000000000056, -0.02000000000000000042 ) ) ;
#1873 = CARTESIAN_POINT ( 'NONE',  ( -0.3471626189428738685, 0.2285745061450590032, 0.0000000000000000000 ) ) ;
#1874 = PRESENTATION_STYLE_ASSIGNMENT (( #7013 ) ) ;
#1875 = CARTESIAN_POINT ( 'NONE',  ( 0.0000000000000000000, 0.0000000000000000000, -0.02000000000000000042 ) ) ;
#1876 = CARTESIAN_POINT ( 'NONE',  ( -0.7617815423657245955, 0.9840592093139832741, 0.9499999999999999556 ) ) ;
#1877 = EDGE_LOOP ( 'NONE', ( #6737, #2475, #3204, #5267, #3598 ) ) ;
#1878 = VERTEX_POINT ( 'NONE', #5675 ) ;
#1879 = UNCERTAINTY_MEASURE_WITH_UNIT (LENGTH_MEASURE( 1.000000000000000082E-05 ), #6347, 'distance_accuracy_value', 'NONE');
#1880 =( LENGTH_UNIT ( ) NAMED_UNIT ( * ) SI_UNIT ( .MILLI., .METRE. ) );
#1881 = VECTOR ( 'NONE', #244, 1000.000000000000000 ) ;
#1882 = LINE ( 'NONE', #2004, #6697 ) ;
#1883 = ORIENTED_EDGE ( 'NONE', *, *, #4315, .F. ) ;
#1884 = CARTESIAN_POINT ( 'NONE',  ( -0.1047845701623855291, 0.1724769451694481148, 0.0000000000000000000 ) ) ;
#1885 = CARTESIAN_POINT ( 'NONE',  ( 0.3772657347156639362, 0.1724769451694482536, 0.01000000000000000021 ) ) ;
#1886 = VERTEX_POINT ( 'NONE', #2849 ) ;
#1887 = CARTESIAN_POINT ( 'NONE',  ( -0.07778397463393045552, 0.3505257256572525959, 0.0000000000000000000 ) ) ;
#1888 = B_SPLINE_CURVE_WITH_KNOTS ( 'NONE', 3,
 ( #2360, #4718, #2896, #598, #704, #1795, #6972, #4653 ),
 .UNSPECIFIED., .F., .F.,
 ( 4, 1, 1, 1, 1, 4 ),
 ( 0.0000000000000000000, 0.2000000000000001776, 0.4000000000000004108, 0.6000000000000004219, 0.8000000000000003775, 1.000000000000000000 ),
 .UNSPECIFIED. ) ;
#1889 = EDGE_CURVE ( 'NONE', #2596, #7182, #7410, .T. ) ;
#1890 = FILL_AREA_STYLE_COLOUR ( '', #5870 ) ;
#1891 = MECHANICAL_DESIGN_GEOMETRIC_PRESENTATION_REPRESENTATION (  '', ( #5339 ), #1170 ) ;
#1892 =( GEOMETRIC_REPRESENTATION_CONTEXT ( 3 ) GLOBAL_UNCERTAINTY_ASSIGNED_CONTEXT ( ( #4773 ) ) GLOBAL_UNIT_ASSIGNED_CONTEXT ( ( #87, #158, #229 ) ) REPRESENTATION_CONTEXT ( 'NONE', 'WORKASPACE' ) );
#1893 = APPLICATION_CONTEXT ( 'automotive_design' ) ;
#1894 = DIRECTION ( 'NONE',  ( 0.0000000000000000000, 0.0000000000000000000, -1.000000000000000000 ) ) ;
#1895 = CARTESIAN_POINT ( 'NONE',  ( 0.2067329099101831713, 0.3242012934604495689, 0.01000000000000000021 ) ) ;
#1896 = FACE_OUTER_BOUND ( 'NONE', #2871, .T. ) ;
#1897 = PRESENTATION_STYLE_ASSIGNMENT (( #6892 ) ) ;
#1898 = CARTESIAN_POINT ( 'NONE',  ( 1.000000000000000444, -0.3999999999999999667, 0.9499999999999999556 ) ) ;
#1899 = EDGE_CURVE ( 'NONE', #2313, #4110, #1148, .T. ) ;
#1900 = SURFACE_STYLE_FILL_AREA ( #5902 ) ;
#1901 = LINE ( 'NONE', #3750, #5953 ) ;
#1902 = B_SPLINE_CURVE_WITH_KNOTS ( 'NONE', 3,
 ( #690, #759, #111, #7068, #4155, #1365 ),
 .UNSPECIFIED., .F., .F.,
 ( 4, 1, 1, 4 ),
 ( 0.0000000000000000000, 0.3340588224789584615, 0.6666691740202148608, 0.9999963238736711002 ),
 .UNSPECIFIED. ) ;
#1903 =( NAMED_UNIT ( * ) PLANE_ANGLE_UNIT ( ) SI_UNIT ( $, .RADIAN. ) );
#1904 = CARTESIAN_POINT ( 'NONE',  ( -0.2105391433331174345, 0.2530409695596923525, 0.01000000000000000021 ) ) ;
#1905 = DIRECTION ( 'NONE',  ( -1.707404996040164758E-16, -1.000000000000000000, -0.0000000000000000000 ) ) ;
#1906 = VERTEX_POINT ( 'NONE', #5083 ) ;
#1907 = FILL_AREA_STYLE_COLOUR ( '', #5747 ) ;
#1908 = FACE_OUTER_BOUND ( 'NONE', #3228, .T. ) ;
#1909 = ORIENTED_EDGE ( 'NONE', *, *, #5969, .F. ) ;
#1910 = PLANE ( 'NONE',  #4592 ) ;
#1911 = CARTESIAN_POINT ( 'NONE',  ( -0.3328155660973454721, 0.3371923923239206755, 0.0000000000000000000 ) ) ;
#1912 = CARTESIAN_POINT ( 'NONE',  ( -0.3007830457721423767, 0.3505257256572538727, 0.0000000000000000000 ) ) ;
#1913 = FILL_AREA_STYLE ('',( #5272 ) ) ;
#1914 = VECTOR ( 'NONE', #6407, 1000.000000000000000 ) ;
#1915 = CARTESIAN_POINT ( 'NONE',  ( -0.8346014097487851613, 1.255826654187992331, 0.9499999999999999556 ) ) ;
#1916 = CARTESIAN_POINT ( 'NONE',  ( 0.3750000000000000000, -1.509999999999999787, 0.1799999999999999933 ) ) ;
#1917 =( LENGTH_UNIT ( ) NAMED_UNIT ( * ) SI_UNIT ( .MILLI., .METRE. ) );
#1918 = ORIENTED_EDGE ( 'NONE', *, *, #5552, .T. ) ;
#1919 = VERTEX_POINT ( 'NONE', #7374 ) ;
#1920 = CARTESIAN_POINT ( 'NONE',  ( -0.01053914333311700355, 0.1505257256572526126, 0.0000000000000000000 ) ) ;
#1921 = CARTESIAN_POINT ( 'NONE',  ( 0.06994866154493210864, 0.2627208476084721966, 0.0000000000000000000 ) ) ;
#1922 = VERTEX_POINT ( 'NONE', #6838 ) ;
#1923 = VERTEX_POINT ( 'NONE', #5716 ) ;
#1924 =( LENGTH_UNIT ( ) NAMED_UNIT ( * ) SI_UNIT ( .MILLI., .METRE. ) );
#1925 = PRESENTATION_STYLE_ASSIGNMENT (( #1468 ) ) ;
#1926 = STYLED_ITEM ( 'NONE', ( #2693 ), #152 ) ;
#1927 = ORIENTED_EDGE ( 'NONE', *, *, #2316, .F. ) ;
#1928 = CARTESIAN_POINT ( 'NONE',  ( -0.7617815423657247065, 1.275338678846224427, 0.9499999999999999556 ) ) ;
#1929 = LINE ( 'NONE', #4222, #5037 ) ;
#1930 = CARTESIAN_POINT ( 'NONE',  ( 0.0000000000000000000, 0.3285745061450576765, 0.01000000000000000021 ) ) ;
#1931 =( GEOMETRIC_REPRESENTATION_CONTEXT ( 3 ) GLOBAL_UNCERTAINTY_ASSIGNED_CONTEXT ( ( #4723 ) ) GLOBAL_UNIT_ASSIGNED_CONTEXT ( ( #4996, #458, #5028 ) ) REPRESENTATION_CONTEXT ( 'NONE', 'WORKASPACE' ) );
#1932 = SURFACE_STYLE_USAGE ( .BOTH. , #7067 ) ;
#1933 = CARTESIAN_POINT ( 'NONE',  ( -1.010000000000000453, 1.125000000000000222, 0.1799999999999999933 ) ) ;
#1934 = DIRECTION ( 'NONE',  ( 1.000000000000000000, -0.0000000000000000000, -0.0000000000000000000 ) ) ;
#1935 =( NAMED_UNIT ( * ) PLANE_ANGLE_UNIT ( ) SI_UNIT ( $, .RADIAN. ) );
#1936 = UNCERTAINTY_MEASURE_WITH_UNIT (LENGTH_MEASURE( 1.000000000000000082E-05 ), #3827, 'distance_accuracy_value', 'NONE');
#1937 = VECTOR ( 'NONE', #6696, 1000.000000000000000 ) ;
#1938 = LINE ( 'NONE', #1898, #7331 ) ;
#1939 = CARTESIAN_POINT ( 'NONE',  ( 1.000000000000000444, -0.6500000000000000222, 0.1799999999999999933 ) ) ;
#1940 = LINE ( 'NONE', #6497, #6917 ) ;
#1941 = CARTESIAN_POINT ( 'NONE',  ( -1.000000000000000222, 1.499999999999999778, 0.9499999999999999556 ) ) ;
#1942 = FACE_OUTER_BOUND ( 'NONE', #2691, .T. ) ;
#1943 =( LENGTH_UNIT ( ) NAMED_UNIT ( * ) SI_UNIT ( .MILLI., .METRE. ) );
#1944 = ORIENTED_EDGE ( 'NONE', *, *, #4273, .T. ) ;
#1945 = SURFACE_STYLE_USAGE ( .BOTH. , #3080 ) ;
#1946 = ORIENTED_EDGE ( 'NONE', *, *, #3460, .T. ) ;
#1947 = AXIS2_PLACEMENT_3D ( 'NONE', #5503, #2608, #914 ) ;
#1948 = CARTESIAN_POINT ( 'NONE',  ( -0.3101199360160445950, 0.3121110915109124306, 0.01000000000000000021 ) ) ;
#1949 = FILL_AREA_STYLE ('',( #4289 ) ) ;
#1950 = CARTESIAN_POINT ( 'NONE',  ( 0.09999999999999995004, 0.9999999999999997780, -0.02000000000000000042 ) ) ;
#1951 = DIRECTION ( 'NONE',  ( -1.000000000000000000, -6.938893903907230744E-15, 0.0000000000000000000 ) ) ;
#1952 = VECTOR ( 'NONE', #4714, 1000.000000000000000 ) ;
#1953 = ORIENTED_EDGE ( 'NONE', *, *, #7175, .T. ) ;
#1954 = AXIS2_PLACEMENT_3D ( 'NONE', #4813, #6542, #3631 ) ;
#1955 = ORIENTED_EDGE ( 'NONE', *, *, #2646, .T. ) ;
#1956 = CARTESIAN_POINT ( 'NONE',  ( -1.010000000000000453, -0.8750000000000000000, 0.1799999999999999933 ) ) ;
#1957 = ORIENTED_EDGE ( 'NONE', *, *, #7290, .T. ) ;
#1958 = ORIENTED_EDGE ( 'NONE', *, *, #1772, .T. ) ;
#1959 = CARTESIAN_POINT ( 'NONE',  ( 0.2577535395937128326, 0.2483915793157896179, 0.0000000000000000000 ) ) ;
#1960 = VECTOR ( 'NONE', #1445, 1000.000000000000000 ) ;
#1961 = CARTESIAN_POINT ( 'NONE',  ( -1.000000000000000222, 1.499999999999999778, 0.0000000000000000000 ) ) ;
#1962 = CARTESIAN_POINT ( 'NONE',  ( 1.010000000000000453, 1.125000000000000222, 0.1799999999999999933 ) ) ;
#1963 = EDGE_CURVE ( 'NONE', #7190, #3582, #587, .T. ) ;
#1964 = VERTEX_POINT ( 'NONE', #4807 ) ;
#1965 = DIRECTION ( 'NONE',  ( 0.0000000000000000000, 0.0000000000000000000, -1.000000000000000000 ) ) ;
#1966 = CARTESIAN_POINT ( 'NONE',  ( 1.010000000000001785, -0.4000000000000000222, -0.02000000000000000042 ) ) ;
#1967 = EDGE_CURVE ( 'NONE', #3343, #6405, #1369, .T. ) ;
#1968 = FILL_AREA_STYLE ('',( #4267 ) ) ;
#1969 = VECTOR ( 'NONE', #5706, 1000.000000000000000 ) ;
#1970 = CARTESIAN_POINT ( 'NONE',  ( 1.000000000000000444, -0.4000000000000000222, 0.0000000000000000000 ) ) ;
#1971 = PRESENTATION_STYLE_ASSIGNMENT (( #1932 ) ) ;
#1972 = CARTESIAN_POINT ( 'NONE',  ( 1.010000000000000453, -1.125000000000000222, -0.02000000000000000042 ) ) ;
#1973 = AXIS2_PLACEMENT_3D ( 'NONE', #4501, #7230, #2207 ) ;
#1974 = PLANE ( 'NONE',  #1262 ) ;
#1975 =( NAMED_UNIT ( * ) PLANE_ANGLE_UNIT ( ) SI_UNIT ( $, .RADIAN. ) );
#1976 = PRESENTATION_LAYER_ASSIGNMENT (  '', '', ( #1606 ) ) ;
#1977 = UNCERTAINTY_MEASURE_WITH_UNIT (LENGTH_MEASURE( 1.000000000000000082E-05 ), #2991, 'distance_accuracy_value', 'NONE');
#1978 = VECTOR ( 'NONE', #5879, 1000.000000000000000 ) ;
#1979 = DIRECTION ( 'NONE',  ( 0.0000000000000000000, -0.0000000000000000000, -1.000000000000000000 ) ) ;
#1980 =( GEOMETRIC_REPRESENTATION_CONTEXT ( 3 ) GLOBAL_UNCERTAINTY_ASSIGNED_CONTEXT ( ( #1196 ) ) GLOBAL_UNIT_ASSIGNED_CONTEXT ( ( #1715, #7385, #2390 ) ) REPRESENTATION_CONTEXT ( 'NONE', 'WORKASPACE' ) );
#1981 = DIRECTION ( 'NONE',  ( 0.0000000000000000000, -0.0000000000000000000, -1.000000000000000000 ) ) ;
#1982 = SURFACE_STYLE_USAGE ( .BOTH. , #4920 ) ;
#1983 =( GEOMETRIC_REPRESENTATION_CONTEXT ( 3 ) GLOBAL_UNCERTAINTY_ASSIGNED_CONTEXT ( ( #7173 ) ) GLOBAL_UNIT_ASSIGNED_CONTEXT ( ( #5809, #6471, #3049 ) ) REPRESENTATION_CONTEXT ( 'NONE', 'WORKASPACE' ) );
#1984 = EDGE_CURVE ( 'NONE', #901, #4456, #1938, .T. ) ;
#1985 = CARTESIAN_POINT ( 'NONE',  ( -0.1476251295981447775, 0.1763117584599784016, 0.009999999999999998473 ) ) ;
#1986 =( GEOMETRIC_REPRESENTATION_CONTEXT ( 3 ) GLOBAL_UNCERTAINTY_ASSIGNED_CONTEXT ( ( #136 ) ) GLOBAL_UNIT_ASSIGNED_CONTEXT ( ( #1822, #191, #1257 ) ) REPRESENTATION_CONTEXT ( 'NONE', 'WORKASPACE' ) );
#1987 = EDGE_LOOP ( 'NONE', ( #92, #2629, #3237, #2033 ) ) ;
#1988 = FILL_AREA_STYLE_COLOUR ( '', #272 ) ;
#1989 = EDGE_CURVE ( 'NONE', #2713, #4793, #6959, .T. ) ;
#1990 = CARTESIAN_POINT ( 'NONE',  ( -1.000000000000000000, 0.8750000000000001110, 0.0000000000000000000 ) ) ;
#1991 = PRESENTATION_LAYER_ASSIGNMENT (  '', '', ( #270 ) ) ;
#1992 = MECHANICAL_DESIGN_GEOMETRIC_PRESENTATION_REPRESENTATION (  '', ( #3798 ), #1618 ) ;
#1993 = SURFACE_STYLE_FILL_AREA ( #7081 ) ;
#1994 = LINE ( 'NONE', #5992, #5574 ) ;
#1995 = DIRECTION ( 'NONE',  ( 0.0000000000000000000, 1.000000000000000000, -0.0000000000000000000 ) ) ;
#1996 = FACE_OUTER_BOUND ( 'NONE', #6402, .T. ) ;
#1997 = DIRECTION ( 'NONE',  ( 0.0000000000000000000, 0.0000000000000000000, -1.000000000000000000 ) ) ;
#1998 = DIRECTION ( 'NONE',  ( 1.707404996040165251E-16, 1.000000000000000000, 0.0000000000000000000 ) ) ;
#1999 = EDGE_CURVE ( 'NONE', #5512, #3346, #728, .T. ) ;
#2000 = ORIENTED_EDGE ( 'NONE', *, *, #2259, .T. ) ;
#2001 = ORIENTED_EDGE ( 'NONE', *, *, #6852, .F. ) ;
#2002 = SURFACE_STYLE_USAGE ( .BOTH. , #3807 ) ;
#2003 = EDGE_CURVE ( 'NONE', #5277, #7386, #580, .T. ) ;
#2004 = CARTESIAN_POINT ( 'NONE',  ( 1.000000000000000222, 1.499999999999999778, 0.9499999999999999556 ) ) ;
#2005 = ORIENTED_EDGE ( 'NONE', *, *, #6030, .F. ) ;
#2006 = ORIENTED_EDGE ( 'NONE', *, *, #4644, .F. ) ;
#2007 = CARTESIAN_POINT ( 'NONE',  ( -0.3750000000000000000, 1.074999999999999956, 0.1799999999999999933 ) ) ;
#2008 = PLANE ( 'NONE',  #4610 ) ;
#2009 =( LENGTH_UNIT ( ) NAMED_UNIT ( * ) SI_UNIT ( .MILLI., .METRE. ) );
#2010 = VERTEX_POINT ( 'NONE', #7035 ) ;
#2011 = CARTESIAN_POINT ( 'NONE',  ( -0.01053914333311700355, 0.1505257256572526126, 0.0000000000000000000 ) ) ;
#2012 = CARTESIAN_POINT ( 'NONE',  ( 0.7250000000000000888, 1.509999999999999787, 0.1799999999999999933 ) ) ;
#2013 = COLOUR_RGB ( '',1.000000000000000000, 1.000000000000000000, 1.000000000000000000 ) ;
#2014 = FILL_AREA_STYLE_COLOUR ( '', #675 ) ;
#2015 = EDGE_CURVE ( 'NONE', #6839, #5005, #3521, .T. ) ;
#2016 = LINE ( 'NONE', #220, #3032 ) ;
#2017 =( LENGTH_UNIT ( ) NAMED_UNIT ( * ) SI_UNIT ( .MILLI., .METRE. ) );
#2018 = FACE_OUTER_BOUND ( 'NONE', #4570, .T. ) ;
#2019 = MECHANICAL_DESIGN_GEOMETRIC_PRESENTATION_REPRESENTATION (  '', ( #4298 ), #4985 ) ;
#2020 = DIRECTION ( 'NONE',  ( -1.000000000000000000, -1.707404996040163525E-16, 0.0000000000000000000 ) ) ;
#2021 = FILL_AREA_STYLE_COLOUR ( '', #2929 ) ;
#2022 = AXIS2_PLACEMENT_3D ( 'NONE', #7241, #3427, #912 ) ;
#2023 = LINE ( 'NONE', #5298, #3699 ) ;
#2024 = DIRECTION ( 'NONE',  ( -0.0000000000000000000, -1.000000000000000000, 0.0000000000000000000 ) ) ;
#2025 = ORIENTED_EDGE ( 'NONE', *, *, #1864, .T. ) ;
#2026 = SURFACE_SIDE_STYLE ('',( #4239 ) ) ;
#2027 = DIRECTION ( 'NONE',  ( -0.7071067811865483499, 0.7071067811865467956, -0.0000000000000000000 ) ) ;
#2028 = CARTESIAN_POINT ( 'NONE',  ( -0.1000000000000000611, 0.9999999999999997780, 0.1799999999999999933 ) ) ;
#2029 = FILL_AREA_STYLE ('',( #2545 ) ) ;
#2030 = DIRECTION ( 'NONE',  ( 1.000000000000000000, 0.0000000000000000000, 0.0000000000000000000 ) ) ;
#2031 = DIRECTION ( 'NONE',  ( -7.228014483236697048E-17, 1.000000000000000000, 0.0000000000000000000 ) ) ;
#2032 = DIRECTION ( 'NONE',  ( -1.707404996040164758E-16, 1.000000000000000000, 0.0000000000000000000 ) ) ;
#2033 = ORIENTED_EDGE ( 'NONE', *, *, #2435, .F. ) ;
#2034 = ORIENTED_EDGE ( 'NONE', *, *, #5474, .F. ) ;
#2035 = CARTESIAN_POINT ( 'NONE',  ( 0.09999999999999995004, 0.9999999999999997780, 0.0000000000000000000 ) ) ;
#2036 = ORIENTED_EDGE ( 'NONE', *, *, #4038, .T. ) ;
#2037 = EDGE_LOOP ( 'NONE', ( #3638, #3133, #5203, #1679 ) ) ;
#2038 = SURFACE_SIDE_STYLE ('',( #6523 ) ) ;
#2039 = VERTEX_POINT ( 'NONE', #6431 ) ;
#2040 = DIRECTION ( 'NONE',  ( 0.0000000000000000000, 1.000000000000000000, -0.0000000000000000000 ) ) ;
#2041 = ADVANCED_FACE ( 'NONE', ( #3070 ), #4741, .T. ) ;
#2042 = VERTEX_POINT ( 'NONE', #1256 ) ;
#2043 =( NAMED_UNIT ( * ) SI_UNIT ( $, .STERADIAN. ) SOLID_ANGLE_UNIT ( ) );
#2044 = DIRECTION ( 'NONE',  ( 0.0000000000000000000, 0.0000000000000000000, -1.000000000000000000 ) ) ;
#2045 = CARTESIAN_POINT ( 'NONE',  ( 1.010000000000000453, -0.8750000000000000000, 0.1799999999999999933 ) ) ;
#2046 = PRESENTATION_STYLE_ASSIGNMENT (( #6536 ) ) ;
#2047 = SURFACE_SIDE_STYLE ('',( #983 ) ) ;
#2048 = ADVANCED_FACE ( 'NONE', ( #5790 ), #2533, .F. ) ;
#2049 = CARTESIAN_POINT ( 'NONE',  ( 0.06994866154493213639, 0.1724769451694477540, 0.0000000000000000000 ) ) ;
#2050 = DIRECTION ( 'NONE',  ( 1.000000000000000000, 0.0000000000000000000, 0.0000000000000000000 ) ) ;
#2051 = STYLED_ITEM ( 'NONE', ( #2717 ), #3618 ) ;
#2052 = EDGE_CURVE ( 'NONE', #5512, #1228, #1550, .T. ) ;
#2053 = ADVANCED_FACE ( 'NONE', ( #916 ), #4314, .T. ) ;
#2054 = VERTEX_POINT ( 'NONE', #3142 ) ;
#2055 = DIRECTION ( 'NONE',  ( 0.0000000000000000000, 0.0000000000000000000, 1.000000000000000000 ) ) ;
#2056 = LINE ( 'NONE', #6510, #686 ) ;
#2057 = PLANE ( 'NONE',  #5648 ) ;
#2058 = MECHANICAL_DESIGN_GEOMETRIC_PRESENTATION_REPRESENTATION (  '', ( #1926 ), #5390 ) ;
#2059 = EDGE_CURVE ( 'NONE', #5738, #3572, #2719, .T. ) ;
#2060 = VECTOR ( 'NONE', #2843, 1000.000000000000000 ) ;
#2061 = DIRECTION ( 'NONE',  ( -1.000000000000000000, -0.0000000000000000000, -0.0000000000000000000 ) ) ;
#2062 = LINE ( 'NONE', #3694, #4925 ) ;
#2063 = ORIENTED_EDGE ( 'NONE', *, *, #3794, .T. ) ;
#2064 = EDGE_LOOP ( 'NONE', ( #3808, #4607, #4563, #2984 ) ) ;
#2065 = CARTESIAN_POINT ( 'NONE',  ( 0.1358023200815170473, 0.3450379207792040881, 0.01000000000000000021 ) ) ;
#2066 =( LENGTH_UNIT ( ) NAMED_UNIT ( * ) SI_UNIT ( .MILLI., .METRE. ) );
#2067 = VECTOR ( 'NONE', #1426, 1000.000000000000000 ) ;
#2068 = ORIENTED_EDGE ( 'NONE', *, *, #879, .F. ) ;
#2069 = EDGE_LOOP ( 'NONE', ( #522, #2745, #5026, #2391 ) ) ;
#2070 =( LENGTH_UNIT ( ) NAMED_UNIT ( * ) SI_UNIT ( .MILLI., .METRE. ) );
#2071 = LINE ( 'NONE', #2519, #7002 ) ;
#2072 = VERTEX_POINT ( 'NONE', #6018 ) ;
#2073 = LINE ( 'NONE', #2012, #492 ) ;
#2074 = EDGE_CURVE ( 'NONE', #491, #4462, #5439, .T. ) ;
#2075 = B_SPLINE_CURVE_WITH_KNOTS ( 'NONE', 3,
 ( #22, #5726, #5873, #636, #3494 ),
 .UNSPECIFIED., .F., .F.,
 ( 4, 1, 4 ),
 ( 0.0000000000000000000, 0.5000000000000000000, 0.9999746487525411620 ),
 .UNSPECIFIED. ) ;
#2076 = PLANE ( 'NONE',  #1748 ) ;
#2077 = VECTOR ( 'NONE', #5627, 1000.000000000000000 ) ;
#2078 = ORIENTED_EDGE ( 'NONE', *, *, #3201, .F. ) ;
#2079 = CARTESIAN_POINT ( 'NONE',  ( 0.0000000000000000000, 0.0000000000000000000, 0.1799999999999999933 ) ) ;
#2080 = DIRECTION ( 'NONE',  ( -1.000000000000000000, -0.0000000000000000000, -0.0000000000000000000 ) ) ;
#2081 =( NAMED_UNIT ( * ) SI_UNIT ( $, .STERADIAN. ) SOLID_ANGLE_UNIT ( ) );
#2082 = UNCERTAINTY_MEASURE_WITH_UNIT (LENGTH_MEASURE( 1.000000000000000082E-05 ), #1255, 'distance_accuracy_value', 'NONE');
#2083 =( LENGTH_UNIT ( ) NAMED_UNIT ( * ) SI_UNIT ( .MILLI., .METRE. ) );
#2084 = PRESENTATION_LAYER_ASSIGNMENT (  '', '', ( #4710 ) ) ;
#2085 = FILL_AREA_STYLE ('',( #5545 ) ) ;
#2086 = UNCERTAINTY_MEASURE_WITH_UNIT (LENGTH_MEASURE( 1.000000000000000082E-05 ), #340, 'distance_accuracy_value', 'NONE');
#2087 = DIRECTION ( 'NONE',  ( 0.0000000000000000000, 1.000000000000000000, -0.0000000000000000000 ) ) ;
#2088 = ORIENTED_EDGE ( 'NONE', *, *, #4477, .T. ) ;
#2089 = PRESENTATION_LAYER_ASSIGNMENT (  '', '', ( #6998 ) ) ;
#2090 = ADVANCED_FACE ( 'NONE', ( #4997 ), #2120, .F. ) ;
#2091 = LINE ( 'NONE', #658, #6984 ) ;
#2092 = DIRECTION ( 'NONE',  ( 0.0000000000000000000, 0.0000000000000000000, 1.000000000000000000 ) ) ;
#2093 = VECTOR ( 'NONE', #5570, 1000.000000000000000 ) ;
#2094 = EDGE_CURVE ( 'NONE', #3545, #1005, #2799, .T. ) ;
#2095 = CARTESIAN_POINT ( 'NONE',  ( 0.1358023200815176301, 0.1608915793157891516, 0.01000000000000000021 ) ) ;
#2096 = ORIENTED_EDGE ( 'NONE', *, *, #1717, .T. ) ;
#2097 = EDGE_LOOP ( 'NONE', ( #1958, #7159, #366, #1946 ) ) ;
#2098 = PRESENTATION_LAYER_ASSIGNMENT (  '', '', ( #3798 ) ) ;
#2099 = CARTESIAN_POINT ( 'NONE',  ( -0.6226458158190147918, 1.129698944080104184, 0.9400000000000000577 ) ) ;
#2100 = STYLED_ITEM ( 'NONE', ( #7167 ), #7046 ) ;
#2101 = ORIENTED_EDGE ( 'NONE', *, *, #4344, .T. ) ;
#2102 = PRESENTATION_STYLE_ASSIGNMENT (( #6560 ) ) ;
#2103 = CARTESIAN_POINT ( 'NONE',  ( 0.3749999999999998890, -0.8749999999999998890, 0.1799999999999999933 ) ) ;
#2104 = CARTESIAN_POINT ( 'NONE',  ( 0.1632367683723044971, 0.1488560944898174865, 0.01000000000000000021 ) ) ;
#2105 = SURFACE_SIDE_STYLE ('',( #3387 ) ) ;
#2106 = ORIENTED_EDGE ( 'NONE', *, *, #883, .T. ) ;
#2107 = COLOUR_RGB ( '',0.2509803921568627416, 0.2509803921568627416, 0.2509803921568627416 ) ;
#2108 = PLANE ( 'NONE',  #4853 ) ;
#2109 = CARTESIAN_POINT ( 'NONE',  ( -0.04956353357701962642, 0.1505257256572527513, 0.0000000000000000000 ) ) ;
#2110 = FACE_OUTER_BOUND ( 'NONE', #6621, .T. ) ;
#2111 = CARTESIAN_POINT ( 'NONE',  ( 0.3016559786181032266, 0.1505257256572531122, 0.0000000000000000000 ) ) ;
#2112 = ORIENTED_EDGE ( 'NONE', *, *, #839, .F. ) ;
#2113 =( LENGTH_UNIT ( ) NAMED_UNIT ( * ) SI_UNIT ( .MILLI., .METRE. ) );
#2114 = CARTESIAN_POINT ( 'NONE',  ( -1.010000000000000453, -1.125000000000000222, 0.1799999999999999933 ) ) ;
#2115 = EDGE_CURVE ( 'NONE', #935, #1804, #3893, .T. ) ;
#2116 = DIRECTION ( 'NONE',  ( 1.000000000000000000, -3.906939469210465836E-15, 0.0000000000000000000 ) ) ;
#2117 = EDGE_CURVE ( 'NONE', #6694, #6526, #2757, .T. ) ;
#2118 =( NAMED_UNIT ( * ) SI_UNIT ( $, .STERADIAN. ) SOLID_ANGLE_UNIT ( ) );
#2119 = AXIS2_PLACEMENT_3D ( 'NONE', #7101, #5432, #6601 ) ;
#2120 = PLANE ( 'NONE',  #4818 ) ;
#2121 =( LENGTH_UNIT ( ) NAMED_UNIT ( * ) SI_UNIT ( .MILLI., .METRE. ) );
#2122 = SURFACE_STYLE_USAGE ( .BOTH. , #1104 ) ;
#2123 = FACE_OUTER_BOUND ( 'NONE', #6440, .T. ) ;
#2124 = VECTOR ( 'NONE', #5340, 1000.000000000000000 ) ;
#2125 = EDGE_CURVE ( 'NONE', #678, #2138, #2262, .T. ) ;
#2126 = SURFACE_STYLE_USAGE ( .BOTH. , #992 ) ;
#2127 = ORIENTED_EDGE ( 'NONE', *, *, #6400, .T. ) ;
#2128 = PRESENTATION_STYLE_ASSIGNMENT (( #1598 ) ) ;
#2129 = DIRECTION ( 'NONE',  ( 0.0000000000000000000, -1.000000000000000000, 0.0000000000000000000 ) ) ;
#2130 = SURFACE_SIDE_STYLE ('',( #3604 ) ) ;
#2131 =( LENGTH_UNIT ( ) NAMED_UNIT ( * ) SI_UNIT ( .MILLI., .METRE. ) );
#2132 = VERTEX_POINT ( 'NONE', #5745 ) ;
#2133 = ORIENTED_EDGE ( 'NONE', *, *, #6170, .F. ) ;
#2134 = CARTESIAN_POINT ( 'NONE',  ( -0.0000000000000000000, 0.9999999999999997780, 0.0000000000000000000 ) ) ;
#2135 = CARTESIAN_POINT ( 'NONE',  ( 0.0000000000000000000, 0.0000000000000000000, 0.1799999999999999933 ) ) ;
#2136 = VERTEX_POINT ( 'NONE', #1026 ) ;
#2137 = PLANE ( 'NONE',  #3094 ) ;
#2138 = VERTEX_POINT ( 'NONE', #3970 ) ;
#2139 = FACE_OUTER_BOUND ( 'NONE', #1987, .T. ) ;
#2140 = CARTESIAN_POINT ( 'NONE',  ( -0.3749999999999998890, -0.8749999999999998890, -0.02000000000000000042 ) ) ;
#2141 = EDGE_CURVE ( 'NONE', #6614, #3582, #213, .T. ) ;
#2142 = CARTESIAN_POINT ( 'NONE',  ( 0.1358023200815176301, 0.1828427988279843763, 0.01000000000000000021 ) ) ;
#2143 = ORIENTED_EDGE ( 'NONE', *, *, #3726, .T. ) ;
#2144 = FILL_AREA_STYLE_COLOUR ( '', #5084 ) ;
#2145 = FILL_AREA_STYLE_COLOUR ( '', #6971 ) ;
#2146 = SURFACE_STYLE_FILL_AREA ( #6829 ) ;
#2147 = UNCERTAINTY_MEASURE_WITH_UNIT (LENGTH_MEASURE( 1.000000000000000082E-05 ), #717, 'distance_accuracy_value', 'NONE');
#2148 = SURFACE_STYLE_USAGE ( .BOTH. , #541 ) ;
#2149 = SURFACE_STYLE_USAGE ( .BOTH. , #2047 ) ;
#2150 = CARTESIAN_POINT ( 'NONE',  ( 1.000000000000000222, 0.8750000000000001110, 0.9499999999999999556 ) ) ;
#2151 =( LENGTH_UNIT ( ) NAMED_UNIT ( * ) SI_UNIT ( .MILLI., .METRE. ) );
#2152 = SURFACE_STYLE_USAGE ( .BOTH. , #3484 ) ;
#2153 =( NAMED_UNIT ( * ) PLANE_ANGLE_UNIT ( ) SI_UNIT ( $, .RADIAN. ) );
#2154 = ORIENTED_EDGE ( 'NONE', *, *, #6833, .F. ) ;
#2155 = B_SPLINE_CURVE_WITH_KNOTS ( 'NONE', 3,
 ( #1113, #3026, #3712, #1895, #4701 ),
 .UNSPECIFIED., .F., .F.,
 ( 4, 1, 4 ),
 ( 0.0000000000000000000, 0.4461889103902437204, 1.000000000000000000 ),
 .UNSPECIFIED. ) ;
#2156 = CARTESIAN_POINT ( 'NONE',  ( 0.09677792983761446255, 0.3505257256572526514, 0.01000000000000000021 ) ) ;
#2157 = VECTOR ( 'NONE', #6393, 1000.000000000000000 ) ;
#2158 = PLANE ( 'NONE',  #1760 ) ;
#2159 = SURFACE_STYLE_FILL_AREA ( #961 ) ;
#2160 = ORIENTED_EDGE ( 'NONE', *, *, #7409, .T. ) ;
#2161 = ORIENTED_EDGE ( 'NONE', *, *, #2549, .T. ) ;
#2162 = VECTOR ( 'NONE', #2869, 1000.000000000000000 ) ;
#2163 = VECTOR ( 'NONE', #4559, 1000.000000000000000 ) ;
#2164 = COLOUR_RGB ( '',0.2509803921568627416, 0.2509803921568627416, 0.2509803921568627416 ) ;
#2165 = ORIENTED_EDGE ( 'NONE', *, *, #6328, .F. ) ;
#2166 = FILL_AREA_STYLE_COLOUR ( '', #5181 ) ;
#2167 = DIRECTION ( 'NONE',  ( 3.936734087548838407E-15, 1.000000000000000000, 0.0000000000000000000 ) ) ;
#2168 = CARTESIAN_POINT ( 'NONE',  ( -0.5749999999999999556, 0.8750000000000000000, 0.1799999999999999933 ) ) ;
#2169 = VERTEX_POINT ( 'NONE', #5584 ) ;
#2170 = LINE ( 'NONE', #4984, #2162 ) ;
#2171 = ADVANCED_FACE ( 'NONE', ( #6241, #5618 ), #3364, .T. ) ;
#2172 = SURFACE_STYLE_FILL_AREA ( #4506 ) ;
#2173 = MECHANICAL_DESIGN_GEOMETRIC_PRESENTATION_REPRESENTATION (  '', ( #4109 ), #2540 ) ;
#2174 = CARTESIAN_POINT ( 'NONE',  ( 0.3016559786181032266, 0.1505257256572531399, 0.01000000000000000021 ) ) ;
#2175 = ORIENTED_EDGE ( 'NONE', *, *, #58, .T. ) ;
#2176 = EDGE_CURVE ( 'NONE', #678, #2202, #5073, .T. ) ;
#2177 = CARTESIAN_POINT ( 'NONE',  ( -0.0007830457721411629738, 0.2627208476084721411, 0.0000000000000000000 ) ) ;
#2178 = FILL_AREA_STYLE ('',( #5580 ) ) ;
#2179 = VECTOR ( 'NONE', #4522, 1000.000000000000000 ) ;
#2180 = ADVANCED_FACE ( 'NONE', ( #2297 ), #544, .T. ) ;
#2181 = DIRECTION ( 'NONE',  ( 1.000000000000000000, -0.0000000000000000000, 0.0000000000000000000 ) ) ;
#2182 = VECTOR ( 'NONE', #3120, 1000.000000000000000 ) ;
#2183 = STYLED_ITEM ( 'NONE', ( #2500 ), #1747 ) ;
#2184 = SURFACE_STYLE_FILL_AREA ( #3365 ) ;
#2185 =( LENGTH_UNIT ( ) NAMED_UNIT ( * ) SI_UNIT ( .MILLI., .METRE. ) );
#2186 = MECHANICAL_DESIGN_GEOMETRIC_PRESENTATION_REPRESENTATION (  '', ( #264 ), #6135 ) ;
#2187 = ORIENTED_EDGE ( 'NONE', *, *, #6490, .F. ) ;
#2188 = DIRECTION ( 'NONE',  ( 0.0000000000000000000, 0.0000000000000000000, -1.000000000000000000 ) ) ;
#2189 = FILL_AREA_STYLE ('',( #1037 ) ) ;
#2190 =( NAMED_UNIT ( * ) SI_UNIT ( $, .STERADIAN. ) SOLID_ANGLE_UNIT ( ) );
#2191 = AXIS2_PLACEMENT_3D ( 'NONE', #3171, #292, #2599 ) ;
#2192 = SURFACE_STYLE_USAGE ( .BOTH. , #2130 ) ;
#2193 =( GEOMETRIC_REPRESENTATION_CONTEXT ( 3 ) GLOBAL_UNCERTAINTY_ASSIGNED_CONTEXT ( ( #6207 ) ) GLOBAL_UNIT_ASSIGNED_CONTEXT ( ( #3573, #7076, #1380 ) ) REPRESENTATION_CONTEXT ( 'NONE', 'WORKASPACE' ) );
#2194 = LINE ( 'NONE', #1603, #5630 ) ;
#2195 = EDGE_CURVE ( 'NONE', #3756, #2260, #4788, .T. ) ;
#2196 = ORIENTED_EDGE ( 'NONE', *, *, #2646, .F. ) ;
#2197 = ORIENTED_EDGE ( 'NONE', *, *, #6260, .T. ) ;
#2198 =( GEOMETRIC_REPRESENTATION_CONTEXT ( 3 ) GLOBAL_UNCERTAINTY_ASSIGNED_CONTEXT ( ( #3675 ) ) GLOBAL_UNIT_ASSIGNED_CONTEXT ( ( #7180, #3185, #4383 ) ) REPRESENTATION_CONTEXT ( 'NONE', 'WORKASPACE' ) );
#2199 = CARTESIAN_POINT ( 'NONE',  ( 0.4040950030083466094, 0.3505257256572530955, 0.01000000000000000021 ) ) ;
#2200 = DIRECTION ( 'NONE',  ( 1.000000000000000000, 0.0000000000000000000, -0.0000000000000000000 ) ) ;
#2201 = COLOUR_RGB ( '',0.2509803921568627416, 0.2509803921568627416, 0.2509803921568627416 ) ;
#2202 = VERTEX_POINT ( 'NONE', #5325 ) ;
#2203 = DIRECTION ( 'NONE',  ( 0.0000000000000000000, 0.0000000000000000000, -1.000000000000000000 ) ) ;
#2204 = DIRECTION ( 'NONE',  ( -1.000000000000000000, -0.0000000000000000000, -0.0000000000000000000 ) ) ;
#2205 = MECHANICAL_DESIGN_GEOMETRIC_PRESENTATION_REPRESENTATION (  '', ( #6164 ), #4845 ) ;
#2206 = CARTESIAN_POINT ( 'NONE',  ( -0.3170559116258006571, 0.3121110915109124861, 0.01000000000000000021 ) ) ;
#2207 = DIRECTION ( 'NONE',  ( 0.0000000000000000000, -0.0000000000000000000, -1.000000000000000000 ) ) ;
#2208 = ORIENTED_EDGE ( 'NONE', *, *, #6166, .F. ) ;
#2209 = FILL_AREA_STYLE ('',( #449 ) ) ;
#2210 = COLOUR_RGB ( '',0.7529411764705882248, 0.7529411764705882248, 0.7529411764705882248 ) ;
#2211 = CARTESIAN_POINT ( 'NONE',  ( 0.1871361615449324001, 0.1700379207792039049, 0.0000000000000000000 ) ) ;
#2212 = UNCERTAINTY_MEASURE_WITH_UNIT (LENGTH_MEASURE( 1.000000000000000082E-05 ), #7210, 'distance_accuracy_value', 'NONE');
#2213 = ADVANCED_FACE ( 'NONE', ( #109 ), #5220, .T. ) ;
#2214 = CARTESIAN_POINT ( 'NONE',  ( -1.010000000000000231, 0.1000000000000000056, -0.02000000000000000042 ) ) ;
#2215 = EDGE_CURVE ( 'NONE', #4496, #1379, #7291, .T. ) ;
#2216 = VERTEX_POINT ( 'NONE', #4768 ) ;
#2217 = UNCERTAINTY_MEASURE_WITH_UNIT (LENGTH_MEASURE( 1.000000000000000082E-05 ), #1802, 'distance_accuracy_value', 'NONE');
#2218 = VECTOR ( 'NONE', #2181, 1000.000000000000000 ) ;
#2219 = CARTESIAN_POINT ( 'NONE',  ( -0.9999999999999993339, -0.8750000000000000000, 0.1799999999999999933 ) ) ;
#2220 = FILL_AREA_STYLE ('',( #4953 ) ) ;
#2221 = COLOUR_RGB ( '',0.7529411764705882248, 0.7529411764705882248, 0.7529411764705882248 ) ;
#2222 = ORIENTED_EDGE ( 'NONE', *, *, #4038, .F. ) ;
#2223 =( NAMED_UNIT ( * ) PLANE_ANGLE_UNIT ( ) SI_UNIT ( $, .RADIAN. ) );
#2224 = SURFACE_STYLE_USAGE ( .BOTH. , #7320 ) ;
#2225 = FILL_AREA_STYLE_COLOUR ( '', #1481 ) ;
#2226 = STYLED_ITEM ( 'NONE', ( #2483 ), #6327 ) ;
#2227 = UNCERTAINTY_MEASURE_WITH_UNIT (LENGTH_MEASURE( 1.000000000000000082E-05 ), #1135, 'distance_accuracy_value', 'NONE');
#2228 = LINE ( 'NONE', #618, #3379 ) ;
#2229 = CARTESIAN_POINT ( 'NONE',  ( 0.5000000000000000000, -0.6500000000000000222, 5.421010862427522170E-17 ) ) ;
#2230 = MECHANICAL_DESIGN_GEOMETRIC_PRESENTATION_REPRESENTATION (  '', ( #4040 ), #2348 ) ;
#2231 = CARTESIAN_POINT ( 'NONE',  ( 1.000000000000000222, 1.499999999999999778, 0.0000000000000000000 ) ) ;
#2232 = CARTESIAN_POINT ( 'NONE',  ( 0.2796963291894106751, 0.1955475847055069827, 0.0000000000000000000 ) ) ;
#2233 = CARTESIAN_POINT ( 'NONE',  ( -0.2576237469916545231, 0.1598753191531886164, 0.01000000000000000021 ) ) ;
#2234 = ORIENTED_EDGE ( 'NONE', *, *, #4708, .F. ) ;
#2235 = CARTESIAN_POINT ( 'NONE',  ( -1.000000000000000222, 1.499999999999999778, 0.9499999999999999556 ) ) ;
#2236 = COLOUR_RGB ( '',0.7529411764705882248, 0.7529411764705882248, 0.7529411764705882248 ) ;
#2237 = LINE ( 'NONE', #1749, #2699 ) ;
#2238 = DIRECTION ( 'NONE',  ( 0.0000000000000000000, 0.0000000000000000000, 1.000000000000000000 ) ) ;
#2239 = DIRECTION ( 'NONE',  ( 1.000000000000000000, 0.0000000000000000000, 0.0000000000000000000 ) ) ;
#2240 = FACE_OUTER_BOUND ( 'NONE', #6184, .T. ) ;
#2241 = STYLED_ITEM ( 'NONE', ( #3833 ), #5160 ) ;
#2242 = B_SPLINE_CURVE_WITH_KNOTS ( 'NONE', 3,
 ( #4367, #3132, #4795, #7197, #903 ),
 .UNSPECIFIED., .F., .F.,
 ( 4, 1, 4 ),
 ( 0.0000000000000000000, 0.5000000000000000000, 0.9999772222222222950 ),
 .UNSPECIFIED. ) ;
#2243 = CARTESIAN_POINT ( 'NONE',  ( 0.1632367683723044971, 0.1488560944898174865, 0.01000000000000000021 ) ) ;
#2244 = ORIENTED_EDGE ( 'NONE', *, *, #1738, .F. ) ;
#2245 = VERTEX_POINT ( 'NONE', #6384 ) ;
#2246 = FILL_AREA_STYLE_COLOUR ( '', #563 ) ;
#2247 = ORIENTED_EDGE ( 'NONE', *, *, #6096, .T. ) ;
#2248 = FILL_AREA_STYLE ('',( #5100 ) ) ;
#2249 =( NAMED_UNIT ( * ) PLANE_ANGLE_UNIT ( ) SI_UNIT ( $, .RADIAN. ) );
#2250 = FILL_AREA_STYLE_COLOUR ( '', #6608 ) ;
#2251 =( LENGTH_UNIT ( ) NAMED_UNIT ( * ) SI_UNIT ( .MILLI., .METRE. ) );
#2252 = EDGE_LOOP ( 'NONE', ( #4687, #175, #7162, #1841 ) ) ;
#2253 = CARTESIAN_POINT ( 'NONE',  ( -0.9009172689124349542, 1.129698944080103962, 0.9499999999999999556 ) ) ;
#2254 = EDGE_LOOP ( 'NONE', ( #3244, #5640, #1640, #3838, #2366, #176 ) ) ;
#2255 = LINE ( 'NONE', #4549, #1800 ) ;
#2256 = FILL_AREA_STYLE_COLOUR ( '', #6538 ) ;
#2257 = EDGE_LOOP ( 'NONE', ( #2928, #5447, #784, #2317, #6147, #1469, #1394, #5347, #5817, #3655, #1486, #1473, #3257, #3011, #6602, #6137 ) ) ;
#2258 =( NAMED_UNIT ( * ) SI_UNIT ( $, .STERADIAN. ) SOLID_ANGLE_UNIT ( ) );
#2259 = EDGE_CURVE ( 'NONE', #1428, #5803, #2989, .T. ) ;
#2260 = VERTEX_POINT ( 'NONE', #6951 ) ;
#2261 = UNCERTAINTY_MEASURE_WITH_UNIT (LENGTH_MEASURE( 1.000000000000000082E-05 ), #3914, 'distance_accuracy_value', 'NONE');
#2262 = LINE ( 'NONE', #615, #4125 ) ;
#2263 = CARTESIAN_POINT ( 'NONE',  ( 0.1738494447475534554, 0.3527521908034133014, 0.01000000000000000021 ) ) ;
#2264 = LINE ( 'NONE', #6385, #1210 ) ;
#2265 = CARTESIAN_POINT ( 'NONE',  ( -0.2082280558561174222, 0.2710052253809898115, 0.0000000000000000000 ) ) ;
#2266 = CARTESIAN_POINT ( 'NONE',  ( 0.4040950030083468869, 0.1505257256572531399, 0.0000000000000000000 ) ) ;
#2267 = ORIENTED_EDGE ( 'NONE', *, *, #1033, .T. ) ;
#2268 = SURFACE_STYLE_USAGE ( .BOTH. , #4671 ) ;
#2269 = EDGE_CURVE ( 'NONE', #7112, #933, #1360, .T. ) ;
#2270 = DIRECTION ( 'NONE',  ( -6.061675782532597203E-15, 1.000000000000000000, 0.0000000000000000000 ) ) ;
#2271 =( NAMED_UNIT ( * ) PLANE_ANGLE_UNIT ( ) SI_UNIT ( $, .RADIAN. ) );
#2272 = EDGE_CURVE ( 'NONE', #1649, #401, #1779, .T. ) ;
#2273 = EDGE_CURVE ( 'NONE', #2934, #6745, #7027, .T. ) ;
#2274 = SHAPE_DEFINITION_REPRESENTATION ( #4384, #6438 ) ;
#2275 = DIRECTION ( 'NONE',  ( 2.150917213156729032E-15, -1.000000000000000000, 0.0000000000000000000 ) ) ;
#2276 = ORIENTED_EDGE ( 'NONE', *, *, #3883, .F. ) ;
#2277 = SURFACE_STYLE_FILL_AREA ( #7420 ) ;
#2278 = ORIENTED_EDGE ( 'NONE', *, *, #6087, .T. ) ;
#2279 = MECHANICAL_DESIGN_GEOMETRIC_PRESENTATION_REPRESENTATION (  '', ( #724 ), #3978 ) ;
#2280 = SURFACE_STYLE_USAGE ( .BOTH. , #7169 ) ;
#2281 = EDGE_CURVE ( 'NONE', #2438, #2042, #3063, .T. ) ;
#2282 =( LENGTH_UNIT ( ) NAMED_UNIT ( * ) SI_UNIT ( .MILLI., .METRE. ) );
#2283 = LINE ( 'NONE', #131, #6518 ) ;
#2284 =( NAMED_UNIT ( * ) SI_UNIT ( $, .STERADIAN. ) SOLID_ANGLE_UNIT ( ) );
#2285 = LINE ( 'NONE', #1013, #1209 ) ;
#2286 = VECTOR ( 'NONE', #767, 1000.000000000000000 ) ;
#2287 = CARTESIAN_POINT ( 'NONE',  ( -0.3750000000000000000, -1.509999999999999787, -0.02000000000000000042 ) ) ;
#2288 = ORIENTED_EDGE ( 'NONE', *, *, #3004, .F. ) ;
#2289 = ORIENTED_EDGE ( 'NONE', *, *, #4100, .F. ) ;
#2290 = UNCERTAINTY_MEASURE_WITH_UNIT (LENGTH_MEASURE( 1.000000000000000082E-05 ), #6509, 'distance_accuracy_value', 'NONE');
#2291 = VERTEX_POINT ( 'NONE', #796 ) ;
#2292 =( LENGTH_UNIT ( ) NAMED_UNIT ( * ) SI_UNIT ( .MILLI., .METRE. ) );
#2293 = CARTESIAN_POINT ( 'NONE',  ( -0.3750000000000000000, 0.0000000000000000000, 0.0000000000000000000 ) ) ;
#2294 = SURFACE_STYLE_FILL_AREA ( #7284 ) ;
#2295 = EDGE_CURVE ( 'NONE', #2072, #2643, #4633, .T. ) ;
#2296 = STYLED_ITEM ( 'NONE', ( #4080 ), #4430 ) ;
#2297 = FACE_OUTER_BOUND ( 'NONE', #2895, .T. ) ;
#2298 = ADVANCED_FACE ( 'NONE', ( #7100 ), #4561, .T. ) ;
#2299 = LINE ( 'NONE', #6875, #1696 ) ;
#2300 = AXIS2_PLACEMENT_3D ( 'NONE', #2045, #1545, #369 ) ;
#2301 = CARTESIAN_POINT ( 'NONE',  ( 1.000000000000000444, -0.8749999999999992228, 0.0000000000000000000 ) ) ;
#2302 = SURFACE_SIDE_STYLE ('',( #3027 ) ) ;
#2303 =( NAMED_UNIT ( * ) PLANE_ANGLE_UNIT ( ) SI_UNIT ( $, .RADIAN. ) );
#2304 = CARTESIAN_POINT ( 'NONE',  ( -0.2735345701623860259, 0.2066232866328634732, 0.01000000000000000021 ) ) ;
#2305 = VERTEX_POINT ( 'NONE', #2724 ) ;
#2306 = VECTOR ( 'NONE', #200, 1000.000000000000000 ) ;
#2307 = FACE_OUTER_BOUND ( 'NONE', #4939, .T. ) ;
#2308 = PRESENTATION_LAYER_ASSIGNMENT (  '', '', ( #376 ) ) ;
#2309 = PRESENTATION_STYLE_ASSIGNMENT (( #5127 ) ) ;
#2310 = SURFACE_SIDE_STYLE ('',( #1710 ) ) ;
#2311 = LINE ( 'NONE', #6766, #576 ) ;
#2312 = MECHANICAL_DESIGN_GEOMETRIC_PRESENTATION_REPRESENTATION (  '', ( #6496 ), #6146 ) ;
#2313 = VERTEX_POINT ( 'NONE', #2229 ) ;
#2314 = EDGE_CURVE ( 'NONE', #529, #4113, #2761, .T. ) ;
#2315 = FACE_OUTER_BOUND ( 'NONE', #6863, .T. ) ;
#2316 = EDGE_CURVE ( 'NONE', #4793, #7386, #5034, .T. ) ;
#2317 = ORIENTED_EDGE ( 'NONE', *, *, #4341, .T. ) ;
#2318 = SURFACE_STYLE_FILL_AREA ( #1871 ) ;
#2319 = CARTESIAN_POINT ( 'NONE',  ( -0.3276123140648251053, 0.3505257256572539282, 0.0000000000000000000 ) ) ;
#2320 = DIRECTION ( 'NONE',  ( 0.0000000000000000000, -0.0000000000000000000, -1.000000000000000000 ) ) ;
#2321 =( NAMED_UNIT ( * ) PLANE_ANGLE_UNIT ( ) SI_UNIT ( $, .RADIAN. ) );
#2322 = CARTESIAN_POINT ( 'NONE',  ( 0.7250000000000000888, -1.125000000000000222, 0.1799999999999999933 ) ) ;
#2323 = SURFACE_SIDE_STYLE ('',( #4103 ) ) ;
#2324 = COLOUR_RGB ( '',1.000000000000000000, 1.000000000000000000, 1.000000000000000000 ) ;
#2325 = ORIENTED_EDGE ( 'NONE', *, *, #1310, .F. ) ;
#2326 = PRESENTATION_LAYER_ASSIGNMENT (  '', '', ( #2689 ) ) ;
#2327 = VERTEX_POINT ( 'NONE', #3934 ) ;
#2328 = CARTESIAN_POINT ( 'NONE',  ( -0.2036063472160025145, 0.3069301123308783019, 0.01000000000000000021 ) ) ;
#2329 = VECTOR ( 'NONE', #1337, 1000.000000000000000 ) ;
#2330 = EDGE_LOOP ( 'NONE', ( #1078, #2793, #6625, #6361 ) ) ;
#2331 = LINE ( 'NONE', #4627, #5555 ) ;
#2332 = ORIENTED_EDGE ( 'NONE', *, *, #2740, .T. ) ;
#2333 = VECTOR ( 'NONE', #6858, 1000.000000000000000 ) ;
#2334 = DIRECTION ( 'NONE',  ( 0.0000000000000000000, -1.000000000000000000, 0.0000000000000000000 ) ) ;
#2335 = MECHANICAL_DESIGN_GEOMETRIC_PRESENTATION_REPRESENTATION (  '', ( #4615 ), #1986 ) ;
#2336 = B_SPLINE_CURVE_WITH_KNOTS ( 'NONE', 3,
 ( #1777, #5284, #1887, #4186, #179 ),
 .UNSPECIFIED., .F., .F.,
 ( 4, 1, 4 ),
 ( 0.0000000000000000000, 0.5000000000000003331, 0.9999911411208641798 ),
 .UNSPECIFIED. ) ;
#2337 = CARTESIAN_POINT ( 'NONE',  ( -0.2105391433331174345, 0.2530409695596923525, 0.0000000000000000000 ) ) ;
#2338 = B_SPLINE_CURVE_WITH_KNOTS ( 'NONE', 3,
 ( #3034, #2457, #834, #6495, #2995 ),
 .UNSPECIFIED., .F., .F.,
 ( 4, 1, 4 ),
 ( 0.0000000000000000000, 0.4999999999999996669, 0.9999935666300177051 ),
 .UNSPECIFIED. ) ;
#2339 = DIRECTION ( 'NONE',  ( 0.0000000000000000000, 0.0000000000000000000, -1.000000000000000000 ) ) ;
#2340 =( GEOMETRIC_REPRESENTATION_CONTEXT ( 3 ) GLOBAL_UNCERTAINTY_ASSIGNED_CONTEXT ( ( #674 ) ) GLOBAL_UNIT_ASSIGNED_CONTEXT ( ( #1723, #6335, #601 ) ) REPRESENTATION_CONTEXT ( 'NONE', 'WORKASPACE' ) );
#2341 = ADVANCED_FACE ( 'NONE', ( #4013 ), #5123, .F. ) ;
#2342 = STYLED_ITEM ( 'NONE', ( #2436 ), #7139 ) ;
#2343 = LINE ( 'NONE', #1251, #234 ) ;
#2344 = DIRECTION ( 'NONE',  ( -1.000000000000000000, -7.228014483236697048E-17, 0.0000000000000000000 ) ) ;
#2345 =( NAMED_UNIT ( * ) PLANE_ANGLE_UNIT ( ) SI_UNIT ( $, .RADIAN. ) );
#2346 = CARTESIAN_POINT ( 'NONE',  ( -1.010000000000000453, 0.8750000000000000000, 0.1799999999999999933 ) ) ;
#2347 = VERTEX_POINT ( 'NONE', #7407 ) ;
#2348 =( GEOMETRIC_REPRESENTATION_CONTEXT ( 3 ) GLOBAL_UNCERTAINTY_ASSIGNED_CONTEXT ( ( #3930 ) ) GLOBAL_UNIT_ASSIGNED_CONTEXT ( ( #3475, #5848, #5815 ) ) REPRESENTATION_CONTEXT ( 'NONE', 'WORKASPACE' ) );
#2349 = FILL_AREA_STYLE_COLOUR ( '', #407 ) ;
#2350 = LINE ( 'NONE', #696, #5990 ) ;
#2351 = DIRECTION ( 'NONE',  ( 1.000000000000000000, 1.707404996040163525E-16, 0.0000000000000000000 ) ) ;
#2352 = DIRECTION ( 'NONE',  ( 0.0000000000000000000, -0.0000000000000000000, 1.000000000000000000 ) ) ;
#2353 = EDGE_CURVE ( 'NONE', #3601, #4185, #1665, .T. ) ;
#2354 =( GEOMETRIC_REPRESENTATION_CONTEXT ( 3 ) GLOBAL_UNCERTAINTY_ASSIGNED_CONTEXT ( ( #5117 ) ) GLOBAL_UNIT_ASSIGNED_CONTEXT ( ( #5345, #206, #323 ) ) REPRESENTATION_CONTEXT ( 'NONE', 'WORKASPACE' ) );
#2355 = ORIENTED_EDGE ( 'NONE', *, *, #3640, .F. ) ;
#2356 = LINE ( 'NONE', #558, #3415 ) ;
#2357 = ORIENTED_EDGE ( 'NONE', *, *, #2272, .F. ) ;
#2358 = CARTESIAN_POINT ( 'NONE',  ( -0.1837098750404343450, 0.2524693232182288471, 0.01000000000000000021 ) ) ;
#2359 =( GEOMETRIC_REPRESENTATION_CONTEXT ( 3 ) GLOBAL_UNCERTAINTY_ASSIGNED_CONTEXT ( ( #5617 ) ) GLOBAL_UNIT_ASSIGNED_CONTEXT ( ( #4245, #1490, #2584 ) ) REPRESENTATION_CONTEXT ( 'NONE', 'WORKASPACE' ) );
#2360 = CARTESIAN_POINT ( 'NONE',  ( -0.4056610945526302747, 0.1505257256572543056, 0.01000000000000000021 ) ) ;
#2361 = SURFACE_STYLE_FILL_AREA ( #1230 ) ;
#2362 = VECTOR ( 'NONE', #2616, 1000.000000000000000 ) ;
#2363 = FACE_OUTER_BOUND ( 'NONE', #609, .T. ) ;
#2364 = AXIS2_PLACEMENT_3D ( 'NONE', #7415, #6292, #2352 ) ;
#2365 = CARTESIAN_POINT ( 'NONE',  ( -0.8879092524736131864, 1.056879076697043729, 0.9499999999999999556 ) ) ;
#2366 = ORIENTED_EDGE ( 'NONE', *, *, #2115, .F. ) ;
#2367 = ORIENTED_EDGE ( 'NONE', *, *, #2738, .F. ) ;
#2368 = PRESENTATION_LAYER_ASSIGNMENT (  '', '', ( #4993 ) ) ;
#2369 = EDGE_CURVE ( 'NONE', #4686, #1691, #3913, .T. ) ;
#2370 = CARTESIAN_POINT ( 'NONE',  ( 0.1358023200815176301, 0.1828427988279843763, 0.01000000000000000021 ) ) ;
#2371 =( GEOMETRIC_REPRESENTATION_CONTEXT ( 3 ) GLOBAL_UNCERTAINTY_ASSIGNED_CONTEXT ( ( #4231 ) ) GLOBAL_UNIT_ASSIGNED_CONTEXT ( ( #5895, #6994, #3743 ) ) REPRESENTATION_CONTEXT ( 'NONE', 'WORKASPACE' ) );
#2372 = VERTEX_POINT ( 'NONE', #3515 ) ;
#2373 = FILL_AREA_STYLE ('',( #72 ) ) ;
#2374 = LINE ( 'NONE', #1240, #3414 ) ;
#2375 = CARTESIAN_POINT ( 'NONE',  ( 1.010000000000000453, -0.8750000000000000000, -0.02000000000000000042 ) ) ;
#2376 = DIRECTION ( 'NONE',  ( 0.0000000000000000000, -1.000000000000000000, -0.0000000000000000000 ) ) ;
#2377 = DIRECTION ( 'NONE',  ( -0.0000000000000000000, 0.0000000000000000000, 1.000000000000000000 ) ) ;
#2378 =( NAMED_UNIT ( * ) SI_UNIT ( $, .STERADIAN. ) SOLID_ANGLE_UNIT ( ) );
#2379 = LINE ( 'NONE', #2921, #7317 ) ;
#2380 = PRESENTATION_STYLE_ASSIGNMENT (( #80 ) ) ;
#2381 = FACE_OUTER_BOUND ( 'NONE', #7158, .T. ) ;
#2382 = ADVANCED_FACE ( 'NONE', ( #2381 ), #619, .T. ) ;
#2383 =( LENGTH_UNIT ( ) NAMED_UNIT ( * ) SI_UNIT ( .MILLI., .METRE. ) );
#2384 = FACE_OUTER_BOUND ( 'NONE', #283, .T. ) ;
#2385 = SURFACE_STYLE_FILL_AREA ( #4088 ) ;
#2386 = CARTESIAN_POINT ( 'NONE',  ( 0.3016559786181032266, 0.1505257256572531122, 0.0000000000000000000 ) ) ;
#2387 = FILL_AREA_STYLE_COLOUR ( '', #6787 ) ;
#2388 = VECTOR ( 'NONE', #2679, 1000.000000000000000 ) ;
#2389 = EDGE_LOOP ( 'NONE', ( #811, #6661, #7412, #6667 ) ) ;
#2390 =( NAMED_UNIT ( * ) SI_UNIT ( $, .STERADIAN. ) SOLID_ANGLE_UNIT ( ) );
#2391 = ORIENTED_EDGE ( 'NONE', *, *, #6166, .T. ) ;
#2392 =( NAMED_UNIT ( * ) PLANE_ANGLE_UNIT ( ) SI_UNIT ( $, .RADIAN. ) );
#2393 = CARTESIAN_POINT ( 'NONE',  ( 0.06994866154493216415, 0.2407696280962770830, 0.0000000000000000000 ) ) ;
#2394 = CARTESIAN_POINT ( 'NONE',  ( -0.3561565213818983500, 0.2066232866328639450, 0.0000000000000000000 ) ) ;
#2395 = UNCERTAINTY_MEASURE_WITH_UNIT (LENGTH_MEASURE( 1.000000000000000082E-05 ), #6007, 'distance_accuracy_value', 'NONE');
#2396 = DIRECTION ( 'NONE',  ( 0.0000000000000000000, -1.000000000000000000, 0.0000000000000000000 ) ) ;
#2397 = FACE_OUTER_BOUND ( 'NONE', #4678, .T. ) ;
#2398 = ORIENTED_EDGE ( 'NONE', *, *, #1480, .F. ) ;
#2399 = ORIENTED_EDGE ( 'NONE', *, *, #6949, .F. ) ;
#2400 = DIRECTION ( 'NONE',  ( 0.0000000000000000000, 0.0000000000000000000, -1.000000000000000000 ) ) ;
#2401 = VERTEX_POINT ( 'NONE', #2960 ) ;
#2402 = LINE ( 'NONE', #579, #4263 ) ;
#2403 = VECTOR ( 'NONE', #4214, 1000.000000000000000 ) ;
#2404 = ORIENTED_EDGE ( 'NONE', *, *, #3529, .T. ) ;
#2405 = ADVANCED_FACE ( 'NONE', ( #1182 ), #5860, .T. ) ;
#2406 = CARTESIAN_POINT ( 'NONE',  ( -0.3153071875939286173, 0.3194262158468382795, 0.0000000000000000000 ) ) ;
#2407 = CARTESIAN_POINT ( 'NONE',  ( -0.1593485043857081063, 0.3448050906014233918, 0.0000000000000000000 ) ) ;
#2408 = CARTESIAN_POINT ( 'NONE',  ( 0.2829508217750151267, 0.2296513224857172908, 0.0000000000000000000 ) ) ;
#2409 = EDGE_CURVE ( 'NONE', #711, #3659, #3562, .T. ) ;
#2410 = VECTOR ( 'NONE', #5286, 1000.000000000000000 ) ;
#2411 = COLOUR_RGB ( '',1.000000000000000000, 1.000000000000000000, 1.000000000000000000 ) ;
#2412 = B_SPLINE_CURVE_WITH_KNOTS ( 'NONE', 3,
 ( #737, #4753, #1422, #4205, #3800 ),
 .UNSPECIFIED., .F., .F.,
 ( 4, 1, 4 ),
 ( 0.0000000000000000000, 0.4999999999999995559, 0.9999757561277262674 ),
 .UNSPECIFIED. ) ;
#2413 = STYLED_ITEM ( 'NONE', ( #1035 ), #154 ) ;
#2415 = EDGE_CURVE ( 'NONE', #5048, #3733, #1401, .T. ) ;
#2414 = CARTESIAN_POINT ( 'NONE',  ( 0.1589025150183017709, 0.3297461275250184176, 0.01000000000000000021 ) ) ;
#2416 = VECTOR ( 'NONE', #3327, 1000.000000000000000 ) ;
#2417 = CARTESIAN_POINT ( 'NONE',  ( 0.06994866154493210864, 0.2627208476084721966, 0.0000000000000000000 ) ) ;
#2418 = MECHANICAL_DESIGN_GEOMETRIC_PRESENTATION_REPRESENTATION (  '', ( #6252 ), #3393 ) ;
#2419 = LINE ( 'NONE', #1859, #486 ) ;
#2420 = DIRECTION ( 'NONE',  ( -1.000000000000000000, -0.0000000000000000000, -0.0000000000000000000 ) ) ;
#2421 =( NAMED_UNIT ( * ) SI_UNIT ( $, .STERADIAN. ) SOLID_ANGLE_UNIT ( ) );
#2422 =( LENGTH_UNIT ( ) NAMED_UNIT ( * ) SI_UNIT ( .MILLI., .METRE. ) );
#2423 = VECTOR ( 'NONE', #7074, 1000.000000000000000 ) ;
#2424 = CARTESIAN_POINT ( 'NONE',  ( -0.3749999999999998890, -0.8749999999999998890, 0.1799999999999999933 ) ) ;
#2425 = STYLED_ITEM ( 'NONE', ( #5960 ), #1270 ) ;
#2426 = VERTEX_POINT ( 'NONE', #150 ) ;
#2427 = DIRECTION ( 'NONE',  ( 1.000000000000000000, -1.707404996040163279E-16, 0.0000000000000000000 ) ) ;
#2428 = MECHANICAL_DESIGN_GEOMETRIC_PRESENTATION_REPRESENTATION (  '', ( #3765 ), #141 ) ;
#2429 = ORIENTED_EDGE ( 'NONE', *, *, #1197, .T. ) ;
#2430 = PLANE ( 'NONE',  #4706 ) ;
#2431 = LINE ( 'NONE', #60, #311 ) ;
#2432 = CARTESIAN_POINT ( 'NONE',  ( 1.000000000000000444, -0.6499999999999998002, 0.9499999999999999556 ) ) ;
#2433 = CARTESIAN_POINT ( 'NONE',  ( -0.3121598734344180892, 0.3187244928398947907, 0.01000000000000000021 ) ) ;
#2434 = CARTESIAN_POINT ( 'NONE',  ( 0.2463795920790640692, 0.1822569737170531001, 0.0000000000000000000 ) ) ;
#2435 = EDGE_CURVE ( 'NONE', #2169, #5604, #4191, .T. ) ;
#2436 = PRESENTATION_STYLE_ASSIGNMENT (( #4027 ) ) ;
#2437 = CARTESIAN_POINT ( 'NONE',  ( -0.6226458158190147918, 1.129698944080104184, 0.9499999999999999556 ) ) ;
#2438 = VERTEX_POINT ( 'NONE', #5394 ) ;
#2439 = ORIENTED_EDGE ( 'NONE', *, *, #5221, .F. ) ;
#2440 = CARTESIAN_POINT ( 'NONE',  ( -0.1837098750404343450, 0.2524693232182288471, 0.01000000000000000021 ) ) ;
#2441 = EDGE_LOOP ( 'NONE', ( #4715, #2776, #2950, #3958, #6769, #235, #841, #1833, #3059, #7075 ) ) ;
#2442 = DIRECTION ( 'NONE',  ( -1.000000000000000000, 0.0000000000000000000, 0.0000000000000000000 ) ) ;
#2443 = ORIENTED_EDGE ( 'NONE', *, *, #2847, .F. ) ;
#2444 = CARTESIAN_POINT ( 'NONE',  ( -0.3662746616258009125, 0.1785745061450590421, 0.01000000000000000021 ) ) ;
#2445 = CARTESIAN_POINT ( 'NONE',  ( 0.1908328078863958666, 0.1480867012670087912, 0.0000000000000000000 ) ) ;
#2446 = EDGE_CURVE ( 'NONE', #4834, #4905, #6605, .T. ) ;
#2447 = PRESENTATION_LAYER_ASSIGNMENT (  '', '', ( #3295 ) ) ;
#2448 = CARTESIAN_POINT ( 'NONE',  ( 0.7250000000000000888, 1.125000000000000222, 0.1799999999999999933 ) ) ;
#2449 = CARTESIAN_POINT ( 'NONE',  ( -0.3750000000000000000, -1.509999999999999787, 0.1799999999999999933 ) ) ;
#2450 =( GEOMETRIC_REPRESENTATION_CONTEXT ( 3 ) GLOBAL_UNCERTAINTY_ASSIGNED_CONTEXT ( ( #4194 ) ) GLOBAL_UNIT_ASSIGNED_CONTEXT ( ( #1417, #1483, #6611 ) ) REPRESENTATION_CONTEXT ( 'NONE', 'WORKASPACE' ) );
#2451 = AXIS2_PLACEMENT_3D ( 'NONE', #201, #4864, #6029 ) ;
#2452 = CARTESIAN_POINT ( 'NONE',  ( -0.1000000000000000611, -0.9999999999999997780, 0.1799999999999999933 ) ) ;
#2453 = AXIS2_PLACEMENT_3D ( 'NONE', #468, #2055, #2695 ) ;
#2454 = PLANE ( 'NONE',  #7016 ) ;
#2455 = DIRECTION ( 'NONE',  ( 0.0000000000000000000, -0.0000000000000000000, -1.000000000000000000 ) ) ;
#2456 = MECHANICAL_DESIGN_GEOMETRIC_PRESENTATION_REPRESENTATION (  '', ( #1142 ), #2703 ) ;
#2457 = CARTESIAN_POINT ( 'NONE',  ( -0.2873048953656380800, 0.2066232866328635287, 0.0000000000000000000 ) ) ;
#2458 = CARTESIAN_POINT ( 'NONE',  ( 1.000000000000000222, 1.499999999999999778, 0.0000000000000000000 ) ) ;
#2459 = CARTESIAN_POINT ( 'NONE',  ( -0.3170559116258006571, 0.3121110915109124861, 0.0000000000000000000 ) ) ;
#2460 = CARTESIAN_POINT ( 'NONE',  ( -0.1593953240844192820, 0.1564329510706201631, 0.0000000000000000000 ) ) ;
#2461 = LINE ( 'NONE', #2424, #6485 ) ;
#2462 = ORIENTED_EDGE ( 'NONE', *, *, #2269, .F. ) ;
#2463 = CARTESIAN_POINT ( 'NONE',  ( 0.7250000000000000888, 1.509999999999999787, -0.02000000000000000042 ) ) ;
#2464 = VECTOR ( 'NONE', #2080, 1000.000000000000000 ) ;
#2465 = CARTESIAN_POINT ( 'NONE',  ( -0.1686596128084442148, 0.3205241076668874922, 0.01000000000000000021 ) ) ;
#2466 = ORIENTED_EDGE ( 'NONE', *, *, #2409, .T. ) ;
#2467 = DIRECTION ( 'NONE',  ( 0.9417224702971446204, 0.3363908276654458129, 0.0000000000000000000 ) ) ;
#2468 = FACE_OUTER_BOUND ( 'NONE', #4659, .T. ) ;
#2469 = DIRECTION ( 'NONE',  ( 0.0000000000000000000, -1.000000000000000000, 0.0000000000000000000 ) ) ;
#2470 = PLANE ( 'NONE',  #6857 ) ;
#2471 = DIRECTION ( 'NONE',  ( 1.000000000000000000, 0.0000000000000000000, 0.0000000000000000000 ) ) ;
#2472 = VECTOR ( 'NONE', #2400, 1000.000000000000000 ) ;
#2473 = SURFACE_STYLE_USAGE ( .BOTH. , #6472 ) ;
#2474 =( NAMED_UNIT ( * ) PLANE_ANGLE_UNIT ( ) SI_UNIT ( $, .RADIAN. ) );
#2475 = ORIENTED_EDGE ( 'NONE', *, *, #1310, .T. ) ;
#2476 = ORIENTED_EDGE ( 'NONE', *, *, #2852, .T. ) ;
#2477 = UNCERTAINTY_MEASURE_WITH_UNIT (LENGTH_MEASURE( 1.000000000000000082E-05 ), #1420, 'distance_accuracy_value', 'NONE');
#2478 = CARTESIAN_POINT ( 'NONE',  ( -0.2082280558561174222, 0.2710052253809898115, 0.01000000000000000021 ) ) ;
#2479 = VECTOR ( 'NONE', #3871, 1000.000000000000000 ) ;
#2480 = LINE ( 'NONE', #4904, #2403 ) ;
#2481 = VERTEX_POINT ( 'NONE', #6054 ) ;
#2482 = ORIENTED_EDGE ( 'NONE', *, *, #58, .F. ) ;
#2483 = PRESENTATION_STYLE_ASSIGNMENT (( #1808 ) ) ;
#2484 =( NAMED_UNIT ( * ) PLANE_ANGLE_UNIT ( ) SI_UNIT ( $, .RADIAN. ) );
#2485 = EDGE_LOOP ( 'NONE', ( #5463, #7418, #3949, #1612, #2288, #5096 ) ) ;
#2486 = CARTESIAN_POINT ( 'NONE',  ( -0.6889616749826644737, 1.255826654187992331, 0.9499999999999999556 ) ) ;
#2487 = CARTESIAN_POINT ( 'NONE',  ( 0.2380080572741986034, 0.3457022410188583805, 0.0000000000000000000 ) ) ;
#2488 = AXIS2_PLACEMENT_3D ( 'NONE', #2319, #5270, #7009 ) ;
#2489 = PRESENTATION_LAYER_ASSIGNMENT (  '', '', ( #7398 ) ) ;
#2490 = CARTESIAN_POINT ( 'NONE',  ( -0.1238102430654016012, 0.3486161999133714495, 0.0000000000000000000 ) ) ;
#2491 = FILL_AREA_STYLE_COLOUR ( '', #1458 ) ;
#2492 = FILL_AREA_STYLE ('',( #1289 ) ) ;
#2493 = DIRECTION ( 'NONE',  ( 3.175163505136119001E-15, -1.000000000000000000, 0.0000000000000000000 ) ) ;
#2494 = PRESENTATION_STYLE_ASSIGNMENT (( #6957 ) ) ;
#2495 = SURFACE_SIDE_STYLE ('',( #5901 ) ) ;
#2496 = DIRECTION ( 'NONE',  ( 1.000000000000000000, 0.0000000000000000000, 0.0000000000000000000 ) ) ;
#2497 = CARTESIAN_POINT ( 'NONE',  ( -0.2802799969916542344, 0.2285745061450586424, 0.0000000000000000000 ) ) ;
#2498 = CARTESIAN_POINT ( 'NONE',  ( -0.01053914333311700355, 0.1505257256572526126, 0.0000000000000000000 ) ) ;
#2499 = EDGE_CURVE ( 'NONE', #6254, #4722, #3820, .T. ) ;
#2500 = PRESENTATION_STYLE_ASSIGNMENT (( #196 ) ) ;
#2501 = VERTEX_POINT ( 'NONE', #6639 ) ;
#2502 = CARTESIAN_POINT ( 'NONE',  ( 0.0000000000000000000, 0.0000000000000000000, 0.01000000000000000021 ) ) ;
#2503 = EDGE_CURVE ( 'NONE', #1432, #5660, #6489, .T. ) ;
#2504 =( NAMED_UNIT ( * ) SI_UNIT ( $, .STERADIAN. ) SOLID_ANGLE_UNIT ( ) );
#2505 = EDGE_CURVE ( 'NONE', #1843, #426, #260, .T. ) ;
#2506 = ORIENTED_EDGE ( 'NONE', *, *, #3927, .T. ) ;
#2507 = CARTESIAN_POINT ( 'NONE',  ( -0.3432220701623858727, 0.3105257256572539482, 0.0000000000000000000 ) ) ;
#2508 = CARTESIAN_POINT ( 'NONE',  ( 0.1358023200815176301, 0.0000000000000000000, 0.01000000000000000021 ) ) ;
#2509 = ADVANCED_FACE ( 'NONE', ( #2018 ), #1515, .T. ) ;
#2510 = AXIS2_PLACEMENT_3D ( 'NONE', #4542, #1194, #1721 ) ;
#2511 = CARTESIAN_POINT ( 'NONE',  ( 1.000000000000000222, 0.6500000000000000222, 0.9499999999999999556 ) ) ;
#2512 = FILL_AREA_STYLE ('',( #4899 ) ) ;
#2513 = EDGE_LOOP ( 'NONE', ( #5577, #4166, #5561, #1216 ) ) ;
#2514 = ORIENTED_EDGE ( 'NONE', *, *, #5024, .F. ) ;
#2515 = CARTESIAN_POINT ( 'NONE',  ( 0.1738494447475534554, 0.3527521908034133014, 0.0000000000000000000 ) ) ;
#2516 = VERTEX_POINT ( 'NONE', #4771 ) ;
#2517 = ORIENTED_EDGE ( 'NONE', *, *, #4121, .F. ) ;
#2518 = CARTESIAN_POINT ( 'NONE',  ( 0.2067329099101831713, 0.3242012934604495689, 0.0000000000000000000 ) ) ;
#2519 = CARTESIAN_POINT ( 'NONE',  ( -1.000000000000000222, 1.499999999999999778, 0.1799999999999999378 ) ) ;
#2520 = FILL_AREA_STYLE ('',( #6593 ) ) ;
#2521 = ORIENTED_EDGE ( 'NONE', *, *, #4911, .T. ) ;
#2522 = DIRECTION ( 'NONE',  ( 1.000000000000000000, -0.0000000000000000000, -0.0000000000000000000 ) ) ;
#2523 = SURFACE_SIDE_STYLE ('',( #219 ) ) ;
#2524 = PLANE ( 'NONE',  #2119 ) ;
#2525 = DIRECTION ( 'NONE',  ( 1.000000000000000000, -0.0000000000000000000, -0.0000000000000000000 ) ) ;
#2526 = SURFACE_SIDE_STYLE ('',( #4770 ) ) ;
#2527 = CARTESIAN_POINT ( 'NONE',  ( -1.000000000000000222, 1.499999999999999778, 0.1799999999999999378 ) ) ;
#2528 = EDGE_CURVE ( 'NONE', #4545, #2010, #3066, .T. ) ;
#2529 = UNCERTAINTY_MEASURE_WITH_UNIT (LENGTH_MEASURE( 1.000000000000000082E-05 ), #7149, 'distance_accuracy_value', 'NONE');
#2530 = DIRECTION ( 'NONE',  ( 1.000000000000000000, 0.0000000000000000000, 0.0000000000000000000 ) ) ;
#2531 = ADVANCED_FACE ( 'NONE', ( #4311 ), #4375, .T. ) ;
#2532 = VECTOR ( 'NONE', #3318, 1000.000000000000000 ) ;
#2533 = PLANE ( 'NONE',  #5780 ) ;
#2534 = LINE ( 'NONE', #7038, #2286 ) ;
#2535 = DIRECTION ( 'NONE',  ( -1.000000000000000000, -0.0000000000000000000, -0.0000000000000000000 ) ) ;
#2536 = CARTESIAN_POINT ( 'NONE',  ( -0.3139336061943204248, 0.3240664847606357646, 0.0000000000000000000 ) ) ;
#2537 = VECTOR ( 'NONE', #5541, 1000.000000000000000 ) ;
#2538 = ADVANCED_FACE ( 'NONE', ( #1620 ), #1095, .T. ) ;
#2539 = FILL_AREA_STYLE ('',( #3038 ) ) ;
#2540 =( GEOMETRIC_REPRESENTATION_CONTEXT ( 3 ) GLOBAL_UNCERTAINTY_ASSIGNED_CONTEXT ( ( #5578 ) ) GLOBAL_UNIT_ASSIGNED_CONTEXT ( ( #1045, #5521, #7261 ) ) REPRESENTATION_CONTEXT ( 'NONE', 'WORKASPACE' ) );
#2541 = ORIENTED_EDGE ( 'NONE', *, *, #1279, .T. ) ;
#2542 = PLANE ( 'NONE',  #5431 ) ;
#2543 = ORIENTED_EDGE ( 'NONE', *, *, #3596, .F. ) ;
#2544 = SURFACE_SIDE_STYLE ('',( #5483 ) ) ;
#2545 = FILL_AREA_STYLE_COLOUR ( '', #6664 ) ;
#2546 = CARTESIAN_POINT ( 'NONE',  ( 1.000000000000000222, 1.499999999999999778, 0.1799999999999999378 ) ) ;
#2547 = CARTESIAN_POINT ( 'NONE',  ( 0.3750000000000000000, 1.509999999999999787, -0.02000000000000000042 ) ) ;
#2548 = CARTESIAN_POINT ( 'NONE',  ( -0.7250000000000000888, 1.499999999999999778, 0.1799999999999999933 ) ) ;
#2549 = EDGE_CURVE ( 'NONE', #5907, #711, #3251, .T. ) ;
#2550 = EDGE_LOOP ( 'NONE', ( #3040, #6714, #5348, #5925, #5496, #714 ) ) ;
#2551 = ORIENTED_EDGE ( 'NONE', *, *, #5837, .F. ) ;
#2552 = B_SPLINE_CURVE_WITH_KNOTS ( 'NONE', 3,
 ( #5983, #3594, #5863, #268, #2575 ),
 .UNSPECIFIED., .F., .F.,
 ( 4, 1, 4 ),
 ( 0.0000000000000000000, 0.5000000000000002220, 0.9999910869565216132 ),
 .UNSPECIFIED. ) ;
#2553 = FILL_AREA_STYLE ('',( #4181 ) ) ;
#2554 = ORIENTED_EDGE ( 'NONE', *, *, #6030, .T. ) ;
#2555 = ORIENTED_EDGE ( 'NONE', *, *, #387, .F. ) ;
#2556 = PLANE ( 'NONE',  #3149 ) ;
#2557 = VECTOR ( 'NONE', #832, 1000.000000000000000 ) ;
#2558 = STYLED_ITEM ( 'NONE', ( #2046 ), #2531 ) ;
#2559 =( LENGTH_UNIT ( ) NAMED_UNIT ( * ) SI_UNIT ( .MILLI., .METRE. ) );
#2560 = LINE ( 'NONE', #3658, #4376 ) ;
#2561 = VECTOR ( 'NONE', #1160, 1000.000000000000000 ) ;
#2562 = ORIENTED_EDGE ( 'NONE', *, *, #2864, .T. ) ;
#2563 = DIRECTION ( 'NONE',  ( 1.000000000000000000, -6.071532165918827986E-15, 0.0000000000000000000 ) ) ;
#2564 = VECTOR ( 'NONE', #4735, 1000.000000000000000 ) ;
#2565 = DIRECTION ( 'NONE',  ( 1.000000000000000000, 0.0000000000000000000, -0.0000000000000000000 ) ) ;
#2566 = CARTESIAN_POINT ( 'NONE',  ( 0.1753813342762356176, 0.3306260016971891980, 0.01000000000000000021 ) ) ;
#2567 = CARTESIAN_POINT ( 'NONE',  ( -1.010000000000000453, -0.8750000000000000000, 0.1799999999999999933 ) ) ;
#2568 = FACE_OUTER_BOUND ( 'NONE', #4730, .T. ) ;
#2569 = DIRECTION ( 'NONE',  ( 2.168404344971009115E-16, -1.000000000000000000, 0.0000000000000000000 ) ) ;
#2570 = COLOUR_RGB ( '',1.000000000000000000, 1.000000000000000000, 1.000000000000000000 ) ;
#2571 = MECHANICAL_DESIGN_GEOMETRIC_PRESENTATION_REPRESENTATION (  '', ( #46 ), #4021 ) ;
#2572 = DIRECTION ( 'NONE',  ( 0.0000000000000000000, -0.0000000000000000000, 1.000000000000000000 ) ) ;
#2573 = PRESENTATION_LAYER_ASSIGNMENT (  '', '', ( #3180 ) ) ;
#2574 = UNCERTAINTY_MEASURE_WITH_UNIT (LENGTH_MEASURE( 1.000000000000000082E-05 ), #5473, 'distance_accuracy_value', 'NONE');
#2575 = CARTESIAN_POINT ( 'NONE',  ( -0.2735345701623860259, 0.2066232866328634732, 0.0000000000000000000 ) ) ;
#2576 = SURFACE_STYLE_USAGE ( .BOTH. , #269 ) ;
#2577 = FACE_OUTER_BOUND ( 'NONE', #3167, .T. ) ;
#2578 = PRESENTATION_LAYER_ASSIGNMENT (  '', '', ( #404 ) ) ;
#2579 = FILL_AREA_STYLE ('',( #6097 ) ) ;
#2580 = MECHANICAL_DESIGN_GEOMETRIC_PRESENTATION_REPRESENTATION (  '', ( #5808 ), #4151 ) ;
#2581 = ORIENTED_EDGE ( 'NONE', *, *, #3669, .F. ) ;
#2582 = MECHANICAL_DESIGN_GEOMETRIC_PRESENTATION_REPRESENTATION (  '', ( #6172 ), #6889 ) ;
#2583 = ADVANCED_FACE ( 'NONE', ( #3360 ), #2838, .T. ) ;
#2584 =( NAMED_UNIT ( * ) SI_UNIT ( $, .STERADIAN. ) SOLID_ANGLE_UNIT ( ) );
#2586 =( NAMED_UNIT ( * ) SI_UNIT ( $, .STERADIAN. ) SOLID_ANGLE_UNIT ( ) );
#2585 = COLOUR_RGB ( '',1.000000000000000000, 1.000000000000000000, 1.000000000000000000 ) ;
#2587 = SURFACE_STYLE_USAGE ( .BOTH. , #781 ) ;
#2588 = LINE ( 'NONE', #6553, #654 ) ;
#2589 = SURFACE_STYLE_USAGE ( .BOTH. , #1460 ) ;
#2590 = PRESENTATION_LAYER_ASSIGNMENT (  '', '', ( #2226 ) ) ;
#2591 = ORIENTED_EDGE ( 'NONE', *, *, #5624, .T. ) ;
#2592 = VERTEX_POINT ( 'NONE', #6236 ) ;
#2593 = FILL_AREA_STYLE_COLOUR ( '', #2236 ) ;
#2594 = DIRECTION ( 'NONE',  ( 0.0000000000000000000, 0.0000000000000000000, 1.000000000000000000 ) ) ;
#2595 = VERTEX_POINT ( 'NONE', #415 ) ;
#2596 = VERTEX_POINT ( 'NONE', #5661 ) ;
#2597 = CARTESIAN_POINT ( 'NONE',  ( 0.3750000000000000000, 1.509999999999999787, 0.1799999999999999933 ) ) ;
#2598 = DIRECTION ( 'NONE',  ( 2.168404344971008868E-16, -1.000000000000000000, 0.0000000000000000000 ) ) ;
#2599 = DIRECTION ( 'NONE',  ( 0.0000000000000000000, 0.0000000000000000000, 1.000000000000000000 ) ) ;
#2600 = VERTEX_POINT ( 'NONE', #2715 ) ;
#2601 = FILL_AREA_STYLE_COLOUR ( '', #6416 ) ;
#2602 = ADVANCED_FACE ( 'NONE', ( #538 ), #7283, .T. ) ;
#2603 = PRESENTATION_STYLE_ASSIGNMENT (( #1541 ) ) ;
#2604 = ORIENTED_EDGE ( 'NONE', *, *, #285, .F. ) ;
#2605 = FACE_OUTER_BOUND ( 'NONE', #5319, .T. ) ;
#2606 = LINE ( 'NONE', #4803, #3565 ) ;
#2607 = EDGE_CURVE ( 'NONE', #3434, #6307, #2402, .T. ) ;
#2608 = DIRECTION ( 'NONE',  ( 1.000000000000000000, -0.0000000000000000000, 0.0000000000000000000 ) ) ;
#2609 = FILL_AREA_STYLE ('',( #3673 ) ) ;
#2610 = STYLED_ITEM ( 'NONE', ( #95 ), #4949 ) ;
#2611 = UNCERTAINTY_MEASURE_WITH_UNIT (LENGTH_MEASURE( 1.000000000000000082E-05 ), #6723, 'distance_accuracy_value', 'NONE');
#2612 = VECTOR ( 'NONE', #3528, 1000.000000000000000 ) ;
#2613 = CARTESIAN_POINT ( 'NONE',  ( 0.2423268230917725030, 0.1540840061458686183, 0.01000000000000000021 ) ) ;
#2614 = COLOUR_RGB ( '',0.7529411764705882248, 0.7529411764705882248, 0.7529411764705882248 ) ;
#2615 = EDGE_CURVE ( 'NONE', #596, #3434, #3018, .T. ) ;
#2616 = DIRECTION ( 'NONE',  ( 0.0000000000000000000, 0.0000000000000000000, -1.000000000000000000 ) ) ;
#2617 = PRESENTATION_STYLE_ASSIGNMENT (( #1982 ) ) ;
#2618 = PRESENTATION_STYLE_ASSIGNMENT (( #1591 ) ) ;
#2619 = VERTEX_POINT ( 'NONE', #6947 ) ;
#2620 = DIRECTION ( 'NONE',  ( 0.9466707760722554710, 0.3222024856061070364, 0.0000000000000000000 ) ) ;
#2621 = B_SPLINE_CURVE_WITH_KNOTS ( 'NONE', 3,
 ( #537, #1692, #1018, #4554, #5146 ),
 .UNSPECIFIED., .F., .F.,
 ( 4, 1, 4 ),
 ( 0.0000000000000000000, 0.4409481981981142606, 1.000000000000000000 ),
 .UNSPECIFIED. ) ;
#2622 = FILL_AREA_STYLE_COLOUR ( '', #47 ) ;
#2623 = CARTESIAN_POINT ( 'NONE',  ( -0.3763928018697035305, 0.1505257256572542224, 0.0000000000000000000 ) ) ;
#2624 = SURFACE_SIDE_STYLE ('',( #846 ) ) ;
#2625 = CARTESIAN_POINT ( 'NONE',  ( 1.000000000000000444, -1.125000000000000222, 0.1799999999999999933 ) ) ;
#2626 = ADVANCED_FACE ( 'NONE', ( #6912 ), #4729, .F. ) ;
#2627 = PLANE ( 'NONE',  #6627 ) ;
#2628 = SURFACE_SIDE_STYLE ('',( #4358 ) ) ;
#2629 = ORIENTED_EDGE ( 'NONE', *, *, #4688, .T. ) ;
#2630 = VERTEX_POINT ( 'NONE', #1885 ) ;
#2631 =( NAMED_UNIT ( * ) SI_UNIT ( $, .STERADIAN. ) SOLID_ANGLE_UNIT ( ) );
#2632 = DIRECTION ( 'NONE',  ( -1.000000000000000000, -1.707404996040163279E-16, -0.0000000000000000000 ) ) ;
#2633 = ORIENTED_EDGE ( 'NONE', *, *, #2733, .T. ) ;
#2634 = ORIENTED_EDGE ( 'NONE', *, *, #1433, .T. ) ;
#2635 = CARTESIAN_POINT ( 'NONE',  ( 0.2067329099101831713, 0.3242012934604495689, 0.01000000000000000021 ) ) ;
#2636 = DIRECTION ( 'NONE',  ( 1.000000000000000000, 0.0000000000000000000, 0.0000000000000000000 ) ) ;
#2637 = ORIENTED_EDGE ( 'NONE', *, *, #4746, .F. ) ;
#2638 = SURFACE_STYLE_FILL_AREA ( #4842 ) ;
#2639 = CARTESIAN_POINT ( 'NONE',  ( -0.04956353357701954315, 0.1671923923239193865, 0.0000000000000000000 ) ) ;
#2640 = MECHANICAL_DESIGN_GEOMETRIC_PRESENTATION_REPRESENTATION (  '', ( #4669 ), #5774 ) ;
#2641 = SURFACE_SIDE_STYLE ('',( #4404 ) ) ;
#2642 = COLOUR_RGB ( '',0.7529411764705882248, 0.7529411764705882248, 0.7529411764705882248 ) ;
#2643 = VERTEX_POINT ( 'NONE', #1809 ) ;
#2644 = B_SPLINE_SURFACE_WITH_KNOTS ( 'NONE', 3, 1, ( 
 ( #5608, #4136 ),
 ( #1836, #5731 ),
 ( #2434, #5239 ),
 ( #3007, #63 ),
 ( #4026, #4655 ) ),
 .UNSPECIFIED., .F., .F., .F.,
 ( 4, 1, 4 ),
 ( 2, 2 ),
 ( 0.0000000000000000000, 0.5590518018018857394, 1.000000000000000000 ),
 ( 0.0000000000000000000, 1.000000000000000000 ),
 .UNSPECIFIED. ) ;
#2645 =( NAMED_UNIT ( * ) PLANE_ANGLE_UNIT ( ) SI_UNIT ( $, .RADIAN. ) );
#2646 = EDGE_CURVE ( 'NONE', #3294, #248, #4584, .T. ) ;
#2647 = CARTESIAN_POINT ( 'NONE',  ( -1.000000000000000222, 1.499999999999999778, 0.0000000000000000000 ) ) ;
#2648 = MECHANICAL_DESIGN_GEOMETRIC_PRESENTATION_REPRESENTATION (  '', ( #1681 ), #6832 ) ;
#2649 = LINE ( 'NONE', #7209, #5038 ) ;
#2650 = SURFACE_SIDE_STYLE ('',( #6210 ) ) ;
#2651 = PRESENTATION_STYLE_ASSIGNMENT (( #4413 ) ) ;
#2652 = PRESENTATION_LAYER_ASSIGNMENT (  '', '', ( #1327 ) ) ;
#2653 = DIRECTION ( 'NONE',  ( 0.0000000000000000000, 0.0000000000000000000, -1.000000000000000000 ) ) ;
#2654 = ORIENTED_EDGE ( 'NONE', *, *, #2215, .T. ) ;
#2655 = FACE_OUTER_BOUND ( 'NONE', #5742, .T. ) ;
#2656 = CARTESIAN_POINT ( 'NONE',  ( -0.3662746015035182601, 0.1785746728117257320, 0.0000000000000000000 ) ) ;
#2657 =( NAMED_UNIT ( * ) PLANE_ANGLE_UNIT ( ) SI_UNIT ( $, .RADIAN. ) );
#2658 = VECTOR ( 'NONE', #2339, 1000.000000000000000 ) ;
#2659 = SURFACE_SIDE_STYLE ('',( #5009 ) ) ;
#2660 = PRESENTATION_STYLE_ASSIGNMENT (( #2589 ) ) ;
#2661 = ORIENTED_EDGE ( 'NONE', *, *, #6110, .T. ) ;
#2662 = EDGE_LOOP ( 'NONE', ( #6123, #1631, #104, #362 ) ) ;
#2663 = CARTESIAN_POINT ( 'NONE',  ( -0.1039461555282393951, 0.1505257256572529179, 0.0000000000000000000 ) ) ;
#2664 = STYLED_ITEM ( 'NONE', ( #3250 ), #5816 ) ;
#2665 = EDGE_CURVE ( 'NONE', #1964, #5066, #1845, .T. ) ;
#2666 = CARTESIAN_POINT ( 'NONE',  ( -0.6226458158190147918, 1.105425654952417069, 0.9499999999999999556 ) ) ;
#2667 = ORIENTED_EDGE ( 'NONE', *, *, #2864, .F. ) ;
#2668 = LINE ( 'NONE', #2597, #3509 ) ;
#2669 =( NAMED_UNIT ( * ) SI_UNIT ( $, .STERADIAN. ) SOLID_ANGLE_UNIT ( ) );
#2670 = EDGE_LOOP ( 'NONE', ( #5654, #6945, #1616, #1156, #2783, #7121, #3606, #4526 ) ) ;
#2671 =( NAMED_UNIT ( * ) PLANE_ANGLE_UNIT ( ) SI_UNIT ( $, .RADIAN. ) );
#2672 = LINE ( 'NONE', #1966, #4447 ) ;
#2673 = VECTOR ( 'NONE', #3048, 1000.000000000000000 ) ;
#2674 = DIRECTION ( 'NONE',  ( 1.000000000000000000, -1.212335156506519441E-14, 0.0000000000000000000 ) ) ;
#2675 = VECTOR ( 'NONE', #6713, 1000.000000000000000 ) ;
#2676 =( GEOMETRIC_REPRESENTATION_CONTEXT ( 3 ) GLOBAL_UNCERTAINTY_ASSIGNED_CONTEXT ( ( #7396 ) ) GLOBAL_UNIT_ASSIGNED_CONTEXT ( ( #3045, #128, #6406 ) ) REPRESENTATION_CONTEXT ( 'NONE', 'WORKASPACE' ) );
#2677 = CARTESIAN_POINT ( 'NONE',  ( 0.1000000000000000472, -1.500000000000000222, 0.1799999999999999378 ) ) ;
#2678 = ORIENTED_EDGE ( 'NONE', *, *, #805, .F. ) ;
#2679 = DIRECTION ( 'NONE',  ( 1.000000000000000000, 0.0000000000000000000, 0.0000000000000000000 ) ) ;
#2680 = CARTESIAN_POINT ( 'NONE',  ( -0.1000000000000000611, -1.509999999999999787, 0.1799999999999999933 ) ) ;
#2681 = EDGE_CURVE ( 'NONE', #777, #2619, #649, .T. ) ;
#2682 = CARTESIAN_POINT ( 'NONE',  ( 0.1908328078863958666, 0.1480867012670087912, 0.01000000000000000021 ) ) ;
#2683 = CARTESIAN_POINT ( 'NONE',  ( 0.0000000000000000000, 0.0000000000000000000, 0.0000000000000000000 ) ) ;
#2684 = UNCERTAINTY_MEASURE_WITH_UNIT (LENGTH_MEASURE( 1.000000000000000082E-05 ), #2151, 'distance_accuracy_value', 'NONE');
#2685 = VECTOR ( 'NONE', #2900, 1000.000000000000000 ) ;
#2686 = SURFACE_STYLE_USAGE ( .BOTH. , #1551 ) ;
#2687 =( NAMED_UNIT ( * ) SI_UNIT ( $, .STERADIAN. ) SOLID_ANGLE_UNIT ( ) );
#2688 = DIRECTION ( 'NONE',  ( 0.0000000000000000000, 0.0000000000000000000, 1.000000000000000000 ) ) ;
#2689 = STYLED_ITEM ( 'NONE', ( #4007 ), #2602 ) ;
#2690 = FACE_OUTER_BOUND ( 'NONE', #2741, .T. ) ;
#2691 = EDGE_LOOP ( 'NONE', ( #3844, #635, #3772, #4142 ) ) ;
#2693 = PRESENTATION_STYLE_ASSIGNMENT (( #6067 ) ) ;
#2692 = VECTOR ( 'NONE', #2061, 1000.000000000000000 ) ;
#2694 = VECTOR ( 'NONE', #1487, 1000.000000000000000 ) ;
#2695 = DIRECTION ( 'NONE',  ( 1.000000000000000000, 0.0000000000000000000, -0.0000000000000000000 ) ) ;
#2696 = CARTESIAN_POINT ( 'NONE',  ( 0.0000000000000000000, 0.0000000000000000000, 0.0000000000000000000 ) ) ;
#2697 = DIRECTION ( 'NONE',  ( 0.0000000000000000000, 0.0000000000000000000, 1.000000000000000000 ) ) ;
#2698 = DIRECTION ( 'NONE',  ( 0.0000000000000000000, 0.0000000000000000000, -1.000000000000000000 ) ) ;
#2699 = VECTOR ( 'NONE', #4052, 1000.000000000000000 ) ;
#2700 = CARTESIAN_POINT ( 'NONE',  ( 0.09677792983761455969, 0.3338590589905860995, 0.0000000000000000000 ) ) ;
#2701 = EDGE_LOOP ( 'NONE', ( #101, #5515, #4951, #5424, #4622, #5015 ) ) ;
#2702 = VERTEX_POINT ( 'NONE', #4629 ) ;
#2703 =( GEOMETRIC_REPRESENTATION_CONTEXT ( 3 ) GLOBAL_UNCERTAINTY_ASSIGNED_CONTEXT ( ( #4342 ) ) GLOBAL_UNIT_ASSIGNED_CONTEXT ( ( #1492, #5485, #929 ) ) REPRESENTATION_CONTEXT ( 'NONE', 'WORKASPACE' ) );
#2704 = CARTESIAN_POINT ( 'NONE',  ( -0.04956353357701982071, 0.3505257256572525404, 0.0000000000000000000 ) ) ;
#2705 = PRESENTATION_LAYER_ASSIGNMENT (  '', '', ( #2342 ) ) ;
#2706 = ORIENTED_EDGE ( 'NONE', *, *, #2503, .F. ) ;
#2707 = SURFACE_SIDE_STYLE ('',( #6189 ) ) ;
#2708 = DIRECTION ( 'NONE',  ( -1.000000000000000000, 1.707404996040163525E-16, 0.0000000000000000000 ) ) ;
#2709 = VERTEX_POINT ( 'NONE', #6378 ) ;
#2710 = DIRECTION ( 'NONE',  ( -1.000000000000000000, 0.0000000000000000000, 0.0000000000000000000 ) ) ;
#2711 = CARTESIAN_POINT ( 'NONE',  ( -0.1686594147423051693, 0.3205241330693872071, 0.0000000000000000000 ) ) ;
#2712 = LINE ( 'NONE', #5657, #1272 ) ;
#2713 = VERTEX_POINT ( 'NONE', #6419 ) ;
#2714 = DIRECTION ( 'NONE',  ( 2.168404344971008868E-16, -1.000000000000000000, 0.0000000000000000000 ) ) ;
#2715 = CARTESIAN_POINT ( 'NONE',  ( -0.7250000000000000888, 1.509999999999999787, -0.02000000000000000042 ) ) ;
#2716 = CARTESIAN_POINT ( 'NONE',  ( -0.3133211555282396366, 0.3261354817548147711, 0.0000000000000000000 ) ) ;
#2717 = PRESENTATION_STYLE_ASSIGNMENT (( #2224 ) ) ;
#2718 = STYLED_ITEM ( 'NONE', ( #4295 ), #4713 ) ;
#2719 = LINE ( 'NONE', #3748, #1960 ) ;
#2720 = LINE ( 'NONE', #2150, #6360 ) ;
#2721 = COLOUR_RGB ( '',0.7529411764705882248, 0.7529411764705882248, 0.7529411764705882248 ) ;
#2722 =( NAMED_UNIT ( * ) PLANE_ANGLE_UNIT ( ) SI_UNIT ( $, .RADIAN. ) );
#2723 = VECTOR ( 'NONE', #1415, 1000.000000000000000 ) ;
#2724 = CARTESIAN_POINT ( 'NONE',  ( 0.3749999999999998890, -0.8749999999999998890, -0.02000000000000000042 ) ) ;
#2725 = FILL_AREA_STYLE ('',( #422 ) ) ;
#2726 =( NAMED_UNIT ( * ) PLANE_ANGLE_UNIT ( ) SI_UNIT ( $, .RADIAN. ) );
#2727 = MECHANICAL_DESIGN_GEOMETRIC_PRESENTATION_REPRESENTATION (  '', ( #5959 ), #6141 ) ;
#2728 = VERTEX_POINT ( 'NONE', #73 ) ;
#2729 = PRESENTATION_LAYER_ASSIGNMENT (  '', '', ( #5961 ) ) ;
#2730 = FILL_AREA_STYLE ('',( #884 ) ) ;
#2731 = FACE_BOUND ( 'NONE', #2441, .T. ) ;
#2732 = LINE ( 'NONE', #6180, #5460 ) ;
#2733 = EDGE_CURVE ( 'NONE', #1906, #37, #2374, .T. ) ;
#2734 =( NAMED_UNIT ( * ) SI_UNIT ( $, .STERADIAN. ) SOLID_ANGLE_UNIT ( ) );
#2735 = CARTESIAN_POINT ( 'NONE',  ( 0.1823888457535765839, 0.1483221237172240026, 0.01000000000000000021 ) ) ;
#2736 = EDGE_LOOP ( 'NONE', ( #6377, #6967, #6546, #1461 ) ) ;
#2737 = ORIENTED_EDGE ( 'NONE', *, *, #4876, .T. ) ;
#2738 = EDGE_CURVE ( 'NONE', #2372, #4416, #5820, .T. ) ;
#2739 = CARTESIAN_POINT ( 'NONE',  ( -0.3276123140648251053, 0.3505257256572539282, 0.0000000000000000000 ) ) ;
#2740 = EDGE_CURVE ( 'NONE', #943, #6035, #6662, .T. ) ;
#2741 = EDGE_LOOP ( 'NONE', ( #4037, #5910, #6578, #6595 ) ) ;
#2742 = SURFACE_SIDE_STYLE ('',( #1680 ) ) ;
#2743 = CARTESIAN_POINT ( 'NONE',  ( 0.3749999999999998890, 0.8749999999999998890, 0.1799999999999999933 ) ) ;
#2744 = FACE_OUTER_BOUND ( 'NONE', #5134, .T. ) ;
#2745 = ORIENTED_EDGE ( 'NONE', *, *, #953, .F. ) ;
#2746 = SURFACE_STYLE_FILL_AREA ( #2209 ) ;
#2747 = DIRECTION ( 'NONE',  ( 0.0000000000000000000, -0.0000000000000000000, -1.000000000000000000 ) ) ;
#2748 = CARTESIAN_POINT ( 'NONE',  ( 0.1358023200815171860, 0.3182086524865211929, 0.0000000000000000000 ) ) ;
#2749 =( LENGTH_UNIT ( ) NAMED_UNIT ( * ) SI_UNIT ( .MILLI., .METRE. ) );
#2750 = VERTEX_POINT ( 'NONE', #4796 ) ;
#2751 = UNCERTAINTY_MEASURE_WITH_UNIT (LENGTH_MEASURE( 1.000000000000000082E-05 ), #2131, 'distance_accuracy_value', 'NONE');
#2752 = SURFACE_STYLE_FILL_AREA ( #3964 ) ;
#2753 = CARTESIAN_POINT ( 'NONE',  ( 0.1826392103254196597, 0.3310135305353017476, 0.01000000000000000021 ) ) ;
#2754 = DIRECTION ( 'NONE',  ( 3.906939469210465836E-15, 1.000000000000000000, 0.0000000000000000000 ) ) ;
#2755 = MECHANICAL_DESIGN_GEOMETRIC_PRESENTATION_REPRESENTATION (  '', ( #5255 ), #1668 ) ;
#2756 = FILL_AREA_STYLE ('',( #6237 ) ) ;
#2757 = LINE ( 'NONE', #1176, #3524 ) ;
#2758 = DIRECTION ( 'NONE',  ( 1.000000000000000000, 0.0000000000000000000, 0.0000000000000000000 ) ) ;
#2759 = EDGE_CURVE ( 'NONE', #2042, #2216, #2560, .T. ) ;
#2760 = DIRECTION ( 'NONE',  ( 0.0000000000000000000, 1.000000000000000000, 0.0000000000000000000 ) ) ;
#2761 = LINE ( 'NONE', #5000, #3050 ) ;
#2762 = CARTESIAN_POINT ( 'NONE',  ( 0.7250000000000000888, -1.509999999999999787, 0.1799999999999999933 ) ) ;
#2763 = STYLED_ITEM ( 'NONE', ( #7235 ), #225 ) ;
#2764 = ADVANCED_FACE ( 'NONE', ( #5318 ), #904, .T. ) ;
#2765 = DIRECTION ( 'NONE',  ( -0.0000000000000000000, 1.000000000000000000, -0.0000000000000000000 ) ) ;
#2766 = ORIENTED_EDGE ( 'NONE', *, *, #3969, .T. ) ;
#2767 = FACE_OUTER_BOUND ( 'NONE', #3152, .T. ) ;
#2768 = DIRECTION ( 'NONE',  ( 1.111307226797629896E-14, 1.000000000000000000, 0.0000000000000000000 ) ) ;
#2769 =( GEOMETRIC_REPRESENTATION_CONTEXT ( 3 ) GLOBAL_UNCERTAINTY_ASSIGNED_CONTEXT ( ( #5313 ) ) GLOBAL_UNIT_ASSIGNED_CONTEXT ( ( #4327, #4791, #6450 ) ) REPRESENTATION_CONTEXT ( 'NONE', 'WORKASPACE' ) );
#2770 = FACE_OUTER_BOUND ( 'NONE', #2662, .T. ) ;
#2771 = CARTESIAN_POINT ( 'NONE',  ( 0.0000000000000000000, 0.1724769451694482258, 0.01000000000000000021 ) ) ;
#2772 = EDGE_CURVE ( 'NONE', #347, #2501, #3737, .T. ) ;
#2773 = SURFACE_STYLE_USAGE ( .BOTH. , #6810 ) ;
#2774 = EDGE_CURVE ( 'NONE', #3685, #6671, #5385, .T. ) ;
#2775 = ORIENTED_EDGE ( 'NONE', *, *, #4783, .T. ) ;
#2776 = ORIENTED_EDGE ( 'NONE', *, *, #3474, .F. ) ;
#2777 = VECTOR ( 'NONE', #2040, 1000.000000000000000 ) ;
#2778 =( GEOMETRIC_REPRESENTATION_CONTEXT ( 3 ) GLOBAL_UNCERTAINTY_ASSIGNED_CONTEXT ( ( #1977 ) ) GLOBAL_UNIT_ASSIGNED_CONTEXT ( ( #2991, #5254, #4271 ) ) REPRESENTATION_CONTEXT ( 'NONE', 'WORKASPACE' ) );
#2779 =( NAMED_UNIT ( * ) PLANE_ANGLE_UNIT ( ) SI_UNIT ( $, .RADIAN. ) );
#2780 = B_SPLINE_CURVE_WITH_KNOTS ( 'NONE', 3,
 ( #7056, #3652, #286, #3093, #2663 ),
 .UNSPECIFIED., .F., .F.,
 ( 4, 1, 4 ),
 ( 0.0000000000000000000, 0.5000000000000002220, 0.9999867364034314976 ),
 .UNSPECIFIED. ) ;
#2781 = CARTESIAN_POINT ( 'NONE',  ( 0.1753813342762356176, 0.3306260016971891980, 0.0000000000000000000 ) ) ;
#2782 = MECHANICAL_DESIGN_GEOMETRIC_PRESENTATION_REPRESENTATION (  '', ( #2413 ), #6965 ) ;
#2783 = ORIENTED_EDGE ( 'NONE', *, *, #1178, .F. ) ;
#2784 = CARTESIAN_POINT ( 'NONE',  ( -0.3276123140648251053, 0.3505257256572539282, 0.01000000000000000021 ) ) ;
#2785 =( NAMED_UNIT ( * ) PLANE_ANGLE_UNIT ( ) SI_UNIT ( $, .RADIAN. ) );
#2786 = SURFACE_SIDE_STYLE ('',( #6366 ) ) ;
#2787 = CARTESIAN_POINT ( 'NONE',  ( -0.1000000000000000611, -1.500000000000000222, 0.1799999999999999933 ) ) ;
#2788 = ORIENTED_EDGE ( 'NONE', *, *, #3095, .F. ) ;
#2789 = COLOUR_RGB ( '',1.000000000000000000, 1.000000000000000000, 1.000000000000000000 ) ;
#2790 = CARTESIAN_POINT ( 'NONE',  ( -0.1000000000000000611, 0.9999999999999997780, 0.1799999999999999933 ) ) ;
#2791 = PRESENTATION_LAYER_ASSIGNMENT (  '', '', ( #6846 ) ) ;
#2792 = DIRECTION ( 'NONE',  ( 1.000000000000000000, 1.707404996040163279E-16, -0.0000000000000000000 ) ) ;
#2793 = ORIENTED_EDGE ( 'NONE', *, *, #3054, .F. ) ;
#2794 = FILL_AREA_STYLE_COLOUR ( '', #6764 ) ;
#2795 = COLOUR_RGB ( '',0.7529411764705882248, 0.7529411764705882248, 0.7529411764705882248 ) ;
#2796 =( NAMED_UNIT ( * ) PLANE_ANGLE_UNIT ( ) SI_UNIT ( $, .RADIAN. ) );
#2797 =( LENGTH_UNIT ( ) NAMED_UNIT ( * ) SI_UNIT ( .MILLI., .METRE. ) );
#2798 = UNCERTAINTY_MEASURE_WITH_UNIT (LENGTH_MEASURE( 1.000000000000000082E-05 ), #6075, 'distance_accuracy_value', 'NONE');
#2799 = LINE ( 'NONE', #41, #1232 ) ;
#2800 = CARTESIAN_POINT ( 'NONE',  ( -0.9009172689124350653, 1.129698944080104184, 0.9499999999999999556 ) ) ;
#2801 = CARTESIAN_POINT ( 'NONE',  ( -0.07500000000000055234, -0.07500000000000071887, 0.0000000000000000000 ) ) ;
#2802 = CARTESIAN_POINT ( 'NONE',  ( -0.2105391433331174345, 0.2530409695596923525, 0.0000000000000000000 ) ) ;
#2803 =( GEOMETRIC_REPRESENTATION_CONTEXT ( 3 ) GLOBAL_UNCERTAINTY_ASSIGNED_CONTEXT ( ( #4917 ) ) GLOBAL_UNIT_ASSIGNED_CONTEXT ( ( #5829, #114, #6131 ) ) REPRESENTATION_CONTEXT ( 'NONE', 'WORKASPACE' ) );
#2804 =( GEOMETRIC_REPRESENTATION_CONTEXT ( 3 ) GLOBAL_UNCERTAINTY_ASSIGNED_CONTEXT ( ( #7177 ) ) GLOBAL_UNIT_ASSIGNED_CONTEXT ( ( #81, #4156, #1819 ) ) REPRESENTATION_CONTEXT ( 'NONE', 'WORKASPACE' ) );
#2805 = PLANE ( 'NONE',  #3041 ) ;
#2806 = VERTEX_POINT ( 'NONE', #4218 ) ;
#2807 = FILL_AREA_STYLE ('',( #3258 ) ) ;
#2808 = MECHANICAL_DESIGN_GEOMETRIC_PRESENTATION_REPRESENTATION (  '', ( #1842 ), #6272 ) ;
#2809 = CARTESIAN_POINT ( 'NONE',  ( -0.0007830457721411442171, 0.2627208476084721411, 0.01000000000000000021 ) ) ;
#2810 = PLANE ( 'NONE',  #5411 ) ;
#2811 = DIRECTION ( 'NONE',  ( 1.000000000000000000, 0.0000000000000000000, 0.0000000000000000000 ) ) ;
#2812 =( GEOMETRIC_REPRESENTATION_CONTEXT ( 3 ) GLOBAL_UNCERTAINTY_ASSIGNED_CONTEXT ( ( #1799 ) ) GLOBAL_UNIT_ASSIGNED_CONTEXT ( ( #1172, #1774, #4074 ) ) REPRESENTATION_CONTEXT ( 'NONE', 'WORKASPACE' ) );
#2813 =( GEOMETRIC_REPRESENTATION_CONTEXT ( 3 ) GLOBAL_UNCERTAINTY_ASSIGNED_CONTEXT ( ( #5669 ) ) GLOBAL_UNIT_ASSIGNED_CONTEXT ( ( #3987, #2891, #1157 ) ) REPRESENTATION_CONTEXT ( 'NONE', 'WORKASPACE' ) );
#2814 = CARTESIAN_POINT ( 'NONE',  ( 0.1358023200815176301, 0.1608915793157891516, 0.0000000000000000000 ) ) ;
#2815 = ORIENTED_EDGE ( 'NONE', *, *, #1116, .F. ) ;
#2816 = EDGE_LOOP ( 'NONE', ( #5798, #3388, #1497, #2005 ) ) ;
#2817 =( GEOMETRIC_REPRESENTATION_CONTEXT ( 3 ) GLOBAL_UNCERTAINTY_ASSIGNED_CONTEXT ( ( #5899 ) ) GLOBAL_UNIT_ASSIGNED_CONTEXT ( ( #1588, #2726, #423 ) ) REPRESENTATION_CONTEXT ( 'NONE', 'WORKASPACE' ) );
#2818 = CARTESIAN_POINT ( 'NONE',  ( 0.2463795920790640692, 0.1822569737170531001, 0.01000000000000000021 ) ) ;
#2819 = ADVANCED_FACE ( 'NONE', ( #4908 ), #822, .T. ) ;
#2820 = CARTESIAN_POINT ( 'NONE',  ( -0.7617815423657245955, 0.9840592093139832741, 0.9499999999999999556 ) ) ;
#2821 = ORIENTED_EDGE ( 'NONE', *, *, #6359, .T. ) ;
#2822 = PLANE ( 'NONE',  #2488 ) ;
#2823 = DIRECTION ( 'NONE',  ( 1.000000000000000000, 0.0000000000000000000, 0.0000000000000000000 ) ) ;
#2824 = COLOUR_RGB ( '',1.000000000000000000, 1.000000000000000000, 1.000000000000000000 ) ;
#2825 =( LENGTH_UNIT ( ) NAMED_UNIT ( * ) SI_UNIT ( .MILLI., .METRE. ) );
#2826 = ORIENTED_EDGE ( 'NONE', *, *, #5070, .F. ) ;
#2827 =( NAMED_UNIT ( * ) SI_UNIT ( $, .STERADIAN. ) SOLID_ANGLE_UNIT ( ) );
#2828 = DIRECTION ( 'NONE',  ( 0.0000000000000000000, -1.000000000000000000, -0.0000000000000000000 ) ) ;
#2829 = ORIENTED_EDGE ( 'NONE', *, *, #3409, .F. ) ;
#2830 = CARTESIAN_POINT ( 'NONE',  ( -0.1837098750404343450, 0.2524693232182288471, 0.0000000000000000000 ) ) ;
#2831 = UNCERTAINTY_MEASURE_WITH_UNIT (LENGTH_MEASURE( 1.000000000000000082E-05 ), #4418, 'distance_accuracy_value', 'NONE');
#2832 = VECTOR ( 'NONE', #5241, 1000.000000000000000 ) ;
#2833 = FACE_OUTER_BOUND ( 'NONE', #6687, .T. ) ;
#2834 = VERTEX_POINT ( 'NONE', #3614 ) ;
#2835 = B_SPLINE_SURFACE_WITH_KNOTS ( 'NONE', 3, 1, ( 
 ( #5475, #2753 ),
 ( #2518, #2635 ),
 ( #5383, #3810 ),
 ( #857, #5349 ),
 ( #1959, #6668 ) ),
 .UNSPECIFIED., .F., .F., .F.,
 ( 4, 1, 4 ),
 ( 2, 2 ),
 ( 0.0000000000000000000, 0.5538110896097563352, 1.000000000000000000 ),
 ( 0.0000000000000000000, 1.000000000000000000 ),
 .UNSPECIFIED. ) ;
#2836 = VECTOR ( 'NONE', #5789, 1000.000000000000000 ) ;
#2837 = LINE ( 'NONE', #7318, #3447 ) ;
#2838 = PLANE ( 'NONE',  #5911 ) ;
#2839 = ORIENTED_EDGE ( 'NONE', *, *, #195, .F. ) ;
#2840 = EDGE_CURVE ( 'NONE', #6014, #4178, #1611, .T. ) ;
#2841 = PRESENTATION_STYLE_ASSIGNMENT (( #2148 ) ) ;
#2842 = SURFACE_STYLE_FILL_AREA ( #4515 ) ;
#2843 = DIRECTION ( 'NONE',  ( 1.000000000000000000, 0.0000000000000000000, 0.0000000000000000000 ) ) ;
#2844 = EDGE_CURVE ( 'NONE', #4859, #4901, #4982, .T. ) ;
#2845 = UNCERTAINTY_MEASURE_WITH_UNIT (LENGTH_MEASURE( 1.000000000000000082E-05 ), #6579, 'distance_accuracy_value', 'NONE');
#2847 = EDGE_CURVE ( 'NONE', #133, #3052, #1533, .T. ) ;
#2846 = CARTESIAN_POINT ( 'NONE',  ( -0.0000000000000000000, -0.4000000000000000222, 0.0000000000000000000 ) ) ;
#2848 = PRESENTATION_LAYER_ASSIGNMENT (  '', '', ( #5219 ) ) ;
#2849 = CARTESIAN_POINT ( 'NONE',  ( 0.3016559786181032266, 0.1505257256572531122, 0.0000000000000000000 ) ) ;
#2850 = ORIENTED_EDGE ( 'NONE', *, *, #6039, .T. ) ;
#2851 =( GEOMETRIC_REPRESENTATION_CONTEXT ( 3 ) GLOBAL_UNCERTAINTY_ASSIGNED_CONTEXT ( ( #2798 ) ) GLOBAL_UNIT_ASSIGNED_CONTEXT ( ( #6075, #6036, #2631 ) ) REPRESENTATION_CONTEXT ( 'NONE', 'WORKASPACE' ) );
#2852 = EDGE_CURVE ( 'NONE', #710, #2728, #6629, .T. ) ;
#2853 = CARTESIAN_POINT ( 'NONE',  ( -0.9999999999999997780, -0.8749999999999992228, 0.0000000000000000000 ) ) ;
#2854 = CARTESIAN_POINT ( 'NONE',  ( 0.3016559786181031155, 0.1724769451694482258, 0.0000000000000000000 ) ) ;
#2855 = DIRECTION ( 'NONE',  ( -1.000000000000000000, 0.0000000000000000000, -0.0000000000000000000 ) ) ;
#2856 = PRESENTATION_LAYER_ASSIGNMENT (  '', '', ( #2241 ) ) ;
#2857 = DIRECTION ( 'NONE',  ( 1.000000000000000000, 2.150917213156729032E-15, 0.0000000000000000000 ) ) ;
#2858 = ORIENTED_EDGE ( 'NONE', *, *, #5398, .T. ) ;
#2859 = CARTESIAN_POINT ( 'NONE',  ( -0.2957423953656382332, 0.3371923923239203980, 0.01000000000000000021 ) ) ;
#2860 = LINE ( 'NONE', #6774, #4699 ) ;
#2861 = ORIENTED_EDGE ( 'NONE', *, *, #5289, .T. ) ;
#2862 = CARTESIAN_POINT ( 'NONE',  ( -0.5000000000000000000, 0.6500000000000000222, -0.02000000000000000042 ) ) ;
#2863 = FACE_OUTER_BOUND ( 'NONE', #4141, .T. ) ;
#2864 = EDGE_CURVE ( 'NONE', #2596, #1870, #939, .T. ) ;
#2865 = SURFACE_STYLE_USAGE ( .BOTH. , #4101 ) ;
#2866 = FILL_AREA_STYLE ('',( #6368 ) ) ;
#2867 = CARTESIAN_POINT ( 'NONE',  ( -0.4500000000000000111, 0.6000000000000000888, -0.02000000000000000042 ) ) ;
#2868 =( NAMED_UNIT ( * ) SI_UNIT ( $, .STERADIAN. ) SOLID_ANGLE_UNIT ( ) );
#2869 = DIRECTION ( 'NONE',  ( 0.0000000000000000000, -1.000000000000000000, 0.0000000000000000000 ) ) ;
#2870 = ORIENTED_EDGE ( 'NONE', *, *, #7072, .F. ) ;
#2871 = EDGE_LOOP ( 'NONE', ( #2910, #6636, #5763, #2947 ) ) ;
#2872 = CARTESIAN_POINT ( 'NONE',  ( -0.2105391433331174345, 0.2530409695596923525, 0.0000000000000000000 ) ) ;
#2873 = ORIENTED_EDGE ( 'NONE', *, *, #4644, .T. ) ;
#2874 = DIRECTION ( 'NONE',  ( -1.000000000000000000, 6.938893903907230744E-15, 0.0000000000000000000 ) ) ;
#2875 = ORIENTED_EDGE ( 'NONE', *, *, #3717, .T. ) ;
#2876 = CARTESIAN_POINT ( 'NONE',  ( -0.3750000000000000000, 1.509999999999999787, 0.1799999999999999933 ) ) ;
#2877 = SURFACE_STYLE_FILL_AREA ( #1581 ) ;
#2878 =( NAMED_UNIT ( * ) PLANE_ANGLE_UNIT ( ) SI_UNIT ( $, .RADIAN. ) );
#2879 = CARTESIAN_POINT ( 'NONE',  ( 0.09999999999999995004, 1.509999999999999787, 0.1799999999999999933 ) ) ;
#2880 = CARTESIAN_POINT ( 'NONE',  ( 0.1429063492040416883, 0.1793717842117271699, 0.0000000000000000000 ) ) ;
#2881 = VECTOR ( 'NONE', #4654, 1000.000000000000000 ) ;
#2882 = CARTESIAN_POINT ( 'NONE',  ( 0.2423271784357441672, 0.1540844004200837281, 0.0000000000000000000 ) ) ;
#2883 = EDGE_CURVE ( 'NONE', #4416, #4786, #3350, .T. ) ;
#2884 = CARTESIAN_POINT ( 'NONE',  ( 0.06994866154493210864, 0.2627208476084721966, 0.0000000000000000000 ) ) ;
#2885 = ADVANCED_FACE ( 'NONE', ( #5020 ), #3314, .T. ) ;
#2886 = ORIENTED_EDGE ( 'NONE', *, *, #4228, .T. ) ;
#2887 = CARTESIAN_POINT ( 'NONE',  ( 0.0000000000000000000, 0.0000000000000000000, 0.1799999999999999933 ) ) ;
#2888 = MECHANICAL_DESIGN_GEOMETRIC_PRESENTATION_REPRESENTATION (  '', ( #6106 ), #6461 ) ;
#2889 = FACE_OUTER_BOUND ( 'NONE', #2816, .T. ) ;
#2890 = ORIENTED_EDGE ( 'NONE', *, *, #6955, .T. ) ;
#2891 =( NAMED_UNIT ( * ) PLANE_ANGLE_UNIT ( ) SI_UNIT ( $, .RADIAN. ) );
#2892 = B_SPLINE_SURFACE_WITH_KNOTS ( 'NONE', 3, 1, ( 
 ( #1727, #5736 ),
 ( #7003, #605 ),
 ( #3718, #4165 ),
 ( #1334, #1985 ),
 ( #3597, #5952 ),
 ( #4284, #121 ) ),
 .UNSPECIFIED., .F., .F., .F.,
 ( 4, 1, 1, 4 ),
 ( 2, 2 ),
 ( 0.0000000000000000000, 0.3344122036412826571, 0.6658332730848454117, 1.000000000000000000 ),
 ( 0.0000000000000000000, 1.000000000000000000 ),
 .UNSPECIFIED. ) ;
#2893 = B_SPLINE_CURVE_WITH_KNOTS ( 'NONE', 3,
 ( #2445, #1778, #4695, #180, #3510 ),
 .UNSPECIFIED., .F., .F.,
 ( 4, 1, 4 ),
 ( 0.0000000000000000000, 0.4408901428664977473, 0.9999905282716050614 ),
 .UNSPECIFIED. ) ;
#2894 =( LENGTH_UNIT ( ) NAMED_UNIT ( * ) SI_UNIT ( .MILLI., .METRE. ) );
#2895 = EDGE_LOOP ( 'NONE', ( #5280, #557, #5420, #2247 ) ) ;
#2896 = CARTESIAN_POINT ( 'NONE',  ( -0.3900513384550692852, 0.1905257256572543412, 0.01000000000000000021 ) ) ;
#2897 = LINE ( 'NONE', #779, #102 ) ;
#2898 = FILL_AREA_STYLE_COLOUR ( '', #6683 ) ;
#2899 = DIRECTION ( 'NONE',  ( 1.000000000000000000, -0.0000000000000000000, -0.0000000000000000000 ) ) ;
#2900 = DIRECTION ( 'NONE',  ( 0.0000000000000000000, -1.000000000000000000, 0.0000000000000000000 ) ) ;
#2901 = FACE_OUTER_BOUND ( 'NONE', #5464, .T. ) ;
#2902 = FILL_AREA_STYLE ('',( #5842 ) ) ;
#2903 = MECHANICAL_DESIGN_GEOMETRIC_PRESENTATION_REPRESENTATION (  '', ( #232 ), #117 ) ;
#2904 = ADVANCED_FACE ( 'NONE', ( #2744 ), #400, .T. ) ;
#2905 = ORIENTED_EDGE ( 'NONE', *, *, #4709, .F. ) ;
#2906 = EDGE_CURVE ( 'NONE', #5472, #2072, #3997, .T. ) ;
#2907 = VERTEX_POINT ( 'NONE', #6819 ) ;
#2908 = UNCERTAINTY_MEASURE_WITH_UNIT (LENGTH_MEASURE( 1.000000000000000082E-05 ), #2070, 'distance_accuracy_value', 'NONE');
#2909 = SURFACE_STYLE_USAGE ( .BOTH. , #608 ) ;
#2910 = ORIENTED_EDGE ( 'NONE', *, *, #3526, .F. ) ;
#2911 =( LENGTH_UNIT ( ) NAMED_UNIT ( * ) SI_UNIT ( .MILLI., .METRE. ) );
#2912 = DIRECTION ( 'NONE',  ( 1.000000000000000000, 0.0000000000000000000, 0.0000000000000000000 ) ) ;
#2913 = ORIENTED_EDGE ( 'NONE', *, *, #2665, .F. ) ;
#2914 = CARTESIAN_POINT ( 'NONE',  ( 1.010000000000001785, 0.4000000000000000222, -0.02000000000000000042 ) ) ;
#2915 = PLANE ( 'NONE',  #1815 ) ;
#2916 = MECHANICAL_DESIGN_GEOMETRIC_PRESENTATION_REPRESENTATION (  '', ( #2296 ), #65 ) ;
#2917 = DIRECTION ( 'NONE',  ( 0.0000000000000000000, 0.0000000000000000000, -1.000000000000000000 ) ) ;
#2918 = CARTESIAN_POINT ( 'NONE',  ( 0.2829508217750151267, 0.2296513224857172908, 0.01000000000000000021 ) ) ;
#2919 = VECTOR ( 'NONE', #6053, 1000.000000000000000 ) ;
#2920 = EDGE_CURVE ( 'NONE', #2806, #3911, #7428, .T. ) ;
#2921 = CARTESIAN_POINT ( 'NONE',  ( -0.5000000000000000000, 0.6500000000000000222, 0.1799999999999999933 ) ) ;
#2922 = DIRECTION ( 'NONE',  ( -0.7071067811865483499, -0.7071067811865466846, 0.0000000000000000000 ) ) ;
#2923 =( NAMED_UNIT ( * ) SI_UNIT ( $, .STERADIAN. ) SOLID_ANGLE_UNIT ( ) );
#2924 = FILL_AREA_STYLE_COLOUR ( '', #775 ) ;
#2925 = PRESENTATION_LAYER_ASSIGNMENT (  '', '', ( #3519 ) ) ;
#2926 = PRESENTATION_LAYER_ASSIGNMENT (  '', '', ( #1578 ) ) ;
#2927 = DIRECTION ( 'NONE',  ( 0.0000000000000000000, 1.000000000000000000, 0.0000000000000000000 ) ) ;
#2928 = ORIENTED_EDGE ( 'NONE', *, *, #488, .T. ) ;
#2929 = COLOUR_RGB ( '',0.7529411764705882248, 0.7529411764705882248, 0.7529411764705882248 ) ;
#2930 = CARTESIAN_POINT ( 'NONE',  ( 1.000000000000000222, 1.125000000000000222, 0.1799999999999999933 ) ) ;
#2931 = COLOUR_RGB ( '',0.2509803921568627416, 0.2509803921568627416, 0.2509803921568627416 ) ;
#2932 = CARTESIAN_POINT ( 'NONE',  ( 0.3016559786181031710, 0.1541842622426189136, 0.0000000000000000000 ) ) ;
#2933 = EDGE_CURVE ( 'NONE', #607, #5562, #1684, .T. ) ;
#2934 = VERTEX_POINT ( 'NONE', #1765 ) ;
#2935 = CARTESIAN_POINT ( 'NONE',  ( -0.2402952408940932649, 0.1905257256572535640, 0.01000000000000000021 ) ) ;
#2936 = ADVANCED_FACE ( 'NONE', ( #4066 ), #4903, .T. ) ;
#2937 = ORIENTED_EDGE ( 'NONE', *, *, #1173, .T. ) ;
#2938 = COLOUR_RGB ( '',1.000000000000000000, 1.000000000000000000, 1.000000000000000000 ) ;
#2939 = CARTESIAN_POINT ( 'NONE',  ( -0.1837098750404343450, 0.2524693232182288471, 0.0000000000000000000 ) ) ;
#2940 = CARTESIAN_POINT ( 'NONE',  ( -0.4056610945526302747, 0.1505257256572543889, 0.0000000000000000000 ) ) ;
#2941 = PLANE ( 'NONE',  #4425 ) ;
#2942 = CARTESIAN_POINT ( 'NONE',  ( -0.7250000000000000888, 1.509999999999999787, 0.1799999999999999933 ) ) ;
#2943 = UNCERTAINTY_MEASURE_WITH_UNIT (LENGTH_MEASURE( 1.000000000000000082E-05 ), #7274, 'distance_accuracy_value', 'NONE');
#2944 = CARTESIAN_POINT ( 'NONE',  ( -0.9999999999999997780, -0.3999999999999999667, 0.9499999999999999556 ) ) ;
#2945 = MECHANICAL_DESIGN_GEOMETRIC_PRESENTATION_REPRESENTATION (  '', ( #1606 ), #5900 ) ;
#2946 = ORIENTED_EDGE ( 'NONE', *, *, #5221, .T. ) ;
#2947 = ORIENTED_EDGE ( 'NONE', *, *, #1444, .F. ) ;
#2948 = ADVANCED_FACE ( 'NONE', ( #5013 ), #4461, .T. ) ;
#2949 = PRESENTATION_LAYER_ASSIGNMENT (  '', '', ( #6164 ) ) ;
#2950 = ORIENTED_EDGE ( 'NONE', *, *, #6212, .F. ) ;
#2951 = CARTESIAN_POINT ( 'NONE',  ( 0.3016559786181032266, 0.1505257256572531122, 0.0000000000000000000 ) ) ;
#2952 = DIRECTION ( 'NONE',  ( -1.000000000000000000, 0.0000000000000000000, -0.0000000000000000000 ) ) ;
#2953 = DIRECTION ( 'NONE',  ( 1.707404996040165251E-16, -1.000000000000000000, 0.0000000000000000000 ) ) ;
#2954 =( GEOMETRIC_REPRESENTATION_CONTEXT ( 3 ) GLOBAL_UNCERTAINTY_ASSIGNED_CONTEXT ( ( #4042 ) ) GLOBAL_UNIT_ASSIGNED_CONTEXT ( ( #5593, #4895, #5043 ) ) REPRESENTATION_CONTEXT ( 'NONE', 'WORKASPACE' ) );
#2955 =( NAMED_UNIT ( * ) SI_UNIT ( $, .STERADIAN. ) SOLID_ANGLE_UNIT ( ) );
#2956 = AXIS2_PLACEMENT_3D ( 'NONE', #2135, #6665, #2200 ) ;
#2957 = AXIS2_PLACEMENT_3D ( 'NONE', #5505, #1476, #6606 ) ;
#2958 =( GEOMETRIC_REPRESENTATION_CONTEXT ( 3 ) GLOBAL_UNCERTAINTY_ASSIGNED_CONTEXT ( ( #5504 ) ) GLOBAL_UNIT_ASSIGNED_CONTEXT ( ( #215, #1397, #3706 ) ) REPRESENTATION_CONTEXT ( 'NONE', 'WORKASPACE' ) );
#2959 = SURFACE_SIDE_STYLE ('',( #657 ) ) ;
#2960 = CARTESIAN_POINT ( 'NONE',  ( 1.000000000000000222, 1.125000000000000222, 0.0000000000000000000 ) ) ;
#2961 = SURFACE_STYLE_USAGE ( .BOTH. , #2495 ) ;
#2962 = DIRECTION ( 'NONE',  ( 1.000000000000000000, 0.0000000000000000000, 0.0000000000000000000 ) ) ;
#2963 = CARTESIAN_POINT ( 'NONE',  ( 1.010000000000000009, 0.1000000000000000056, 0.1799999999999999933 ) ) ;
#2964 = CARTESIAN_POINT ( 'NONE',  ( -0.2039069901941118201, 0.1972783825221433307, 0.0000000000000000000 ) ) ;
#2965 = VECTOR ( 'NONE', #5527, 1000.000000000000000 ) ;
#2966 = ORIENTED_EDGE ( 'NONE', *, *, #1821, .T. ) ;
#2967 = CARTESIAN_POINT ( 'NONE',  ( 0.07970442577257380590, 0.3505257256572527624, 0.0000000000000000000 ) ) ;
#2968 = ORIENTED_EDGE ( 'NONE', *, *, #6341, .F. ) ;
#2969 = ADVANCED_FACE ( 'NONE', ( #5530 ), #3186, .T. ) ;
#2970 = DIRECTION ( 'NONE',  ( -7.228014483236695816E-17, 1.000000000000000000, -0.0000000000000000000 ) ) ;
#2971 = COLOUR_RGB ( '',0.7529411764705882248, 0.7529411764705882248, 0.7529411764705882248 ) ;
#2972 = DIRECTION ( 'NONE',  ( 1.000000000000000000, -2.691447189900525128E-15, 0.0000000000000000000 ) ) ;
#2973 = CARTESIAN_POINT ( 'NONE',  ( -0.005661094552629298421, 0.3285745061450575100, 0.0000000000000000000 ) ) ;
#2974 =( LENGTH_UNIT ( ) NAMED_UNIT ( * ) SI_UNIT ( .MILLI., .METRE. ) );
#2975 = STYLED_ITEM ( 'NONE', ( #5866 ), #1517 ) ;
#2976 = B_SPLINE_CURVE_WITH_KNOTS ( 'NONE', 3,
 ( #3399, #3362, #4995, #1694, #3928 ),
 .UNSPECIFIED., .F., .F.,
 ( 4, 1, 4 ),
 ( 0.0000000000000000000, 0.5000000000000000000, 0.9999924074074071356 ),
 .UNSPECIFIED. ) ;
#2977 = DIRECTION ( 'NONE',  ( -6.938893903907229955E-15, 1.000000000000000000, 0.0000000000000000000 ) ) ;
#2978 = PLANE ( 'NONE',  #6974 ) ;
#2979 = ADVANCED_FACE ( 'NONE', ( #4609 ), #1678, .T. ) ;
#2980 = EDGE_LOOP ( 'NONE', ( #4748, #6934, #900, #2661 ) ) ;
#2981 = ORIENTED_EDGE ( 'NONE', *, *, #193, .T. ) ;
#2982 = EDGE_CURVE ( 'NONE', #4658, #50, #1662, .T. ) ;
#2983 = CARTESIAN_POINT ( 'NONE',  ( 0.7249999999999999778, -1.500000000000000222, 0.9499999999999999556 ) ) ;
#2984 = ORIENTED_EDGE ( 'NONE', *, *, #2074, .F. ) ;
#2985 = DIRECTION ( 'NONE',  ( -1.707404996040165251E-16, -1.000000000000000000, 0.0000000000000000000 ) ) ;
#2986 = CARTESIAN_POINT ( 'NONE',  ( 0.0000000000000000000, 0.0000000000000000000, 0.9399999999999999467 ) ) ;
#2987 = ORIENTED_EDGE ( 'NONE', *, *, #5864, .F. ) ;
#2988 = CARTESIAN_POINT ( 'NONE',  ( 0.0000000000000000000, 0.0000000000000000000, 0.0000000000000000000 ) ) ;
#2989 = LINE ( 'NONE', #4666, #5788 ) ;
#2990 = DIRECTION ( 'NONE',  ( 0.0000000000000000000, 0.0000000000000000000, 1.000000000000000000 ) ) ;
#2991 =( LENGTH_UNIT ( ) NAMED_UNIT ( * ) SI_UNIT ( .MILLI., .METRE. ) );
#2992 = LINE ( 'NONE', #6427, #980 ) ;
#2993 = CARTESIAN_POINT ( 'NONE',  ( -0.1191039747688101974, 0.1737587268226391812, 0.0000000000000000000 ) ) ;
#2994 = DIRECTION ( 'NONE',  ( 1.000000000000000000, 0.0000000000000000000, -0.0000000000000000000 ) ) ;
#2995 = CARTESIAN_POINT ( 'NONE',  ( -0.3561565213818983500, 0.2066232866328639450, 0.0000000000000000000 ) ) ;
#2996 = SURFACE_SIDE_STYLE ('',( #2385 ) ) ;
#2997 = ADVANCED_FACE ( 'NONE', ( #2315 ), #3533, .T. ) ;
#2998 = DIRECTION ( 'NONE',  ( 1.000000000000000000, -0.0000000000000000000, -0.0000000000000000000 ) ) ;
#2999 = ORIENTED_EDGE ( 'NONE', *, *, #2982, .F. ) ;
#3000 = DIRECTION ( 'NONE',  ( -7.228014483236695816E-17, 1.000000000000000000, -0.0000000000000000000 ) ) ;
#3001 = EDGE_CURVE ( 'NONE', #3010, #7047, #7394, .T. ) ;
#3002 = ORIENTED_EDGE ( 'NONE', *, *, #5323, .F. ) ;
#3003 = DIRECTION ( 'NONE',  ( -1.000000000000000000, -5.692061405548895123E-15, 0.0000000000000000000 ) ) ;
#3004 = EDGE_CURVE ( 'NONE', #1843, #3837, #91, .T. ) ;
#3005 = LINE ( 'NONE', #2432, #1070 ) ;
#3006 = DIRECTION ( 'NONE',  ( 0.0000000000000000000, -0.0000000000000000000, -1.000000000000000000 ) ) ;
#3007 = CARTESIAN_POINT ( 'NONE',  ( 0.2052653933811408593, 0.1737771040360132357, 0.0000000000000000000 ) ) ;
#3008 = LINE ( 'NONE', #6976, #53 ) ;
#3009 = DIRECTION ( 'NONE',  ( 0.0000000000000000000, -1.000000000000000000, -0.0000000000000000000 ) ) ;
#3010 = VERTEX_POINT ( 'NONE', #4537 ) ;
#3011 = ORIENTED_EDGE ( 'NONE', *, *, #2446, .F. ) ;
#3012 = UNCERTAINTY_MEASURE_WITH_UNIT (LENGTH_MEASURE( 1.000000000000000082E-05 ), #3904, 'distance_accuracy_value', 'NONE');
#3013 = B_SPLINE_CURVE_WITH_KNOTS ( 'NONE', 3,
 ( #1714, #2859, #4058, #5264, #5200, #2935, #594, #3463 ),
 .UNSPECIFIED., .F., .F.,
 ( 4, 1, 1, 1, 1, 4 ),
 ( 0.0000000000000000000, 0.2000000000000009548, 0.4000000000000007438, 0.6000000000000005329, 0.8000000000000002665, 1.000000000000000000 ),
 .UNSPECIFIED. ) ;
#3014 = LINE ( 'NONE', #103, #2472 ) ;
#3015 = VECTOR ( 'NONE', #1981, 1000.000000000000000 ) ;
#3016 = EDGE_LOOP ( 'NONE', ( #5538, #474, #5193, #2234 ) ) ;
#3017 = SURFACE_STYLE_FILL_AREA ( #2373 ) ;
#3018 = LINE ( 'NONE', #4663, #3785 ) ;
#3019 = MECHANICAL_DESIGN_GEOMETRIC_PRESENTATION_REPRESENTATION (  '', ( #1089 ), #1931 ) ;
#3020 = ORIENTED_EDGE ( 'NONE', *, *, #953, .T. ) ;
#3021 =( NAMED_UNIT ( * ) PLANE_ANGLE_UNIT ( ) SI_UNIT ( $, .RADIAN. ) );
#3022 = CARTESIAN_POINT ( 'NONE',  ( 0.2826564347069078220, 0.2651537067391508962, 0.01000000000000000021 ) ) ;
#3023 =( NAMED_UNIT ( * ) PLANE_ANGLE_UNIT ( ) SI_UNIT ( $, .RADIAN. ) );
#3024 =( LENGTH_UNIT ( ) NAMED_UNIT ( * ) SI_UNIT ( .MILLI., .METRE. ) );
#3025 = CARTESIAN_POINT ( 'NONE',  ( 1.000000000000000444, -0.4000000000000000222, 0.1799999999999999933 ) ) ;
#3026 = CARTESIAN_POINT ( 'NONE',  ( 0.2554348444008646690, 0.2679858656270192596, 0.01000000000000000021 ) ) ;
#3027 = SURFACE_STYLE_FILL_AREA ( #5191 ) ;
#3028 =( GEOMETRIC_REPRESENTATION_CONTEXT ( 3 ) GLOBAL_UNCERTAINTY_ASSIGNED_CONTEXT ( ( #4472 ) ) GLOBAL_UNIT_ASSIGNED_CONTEXT ( ( #78, #6426, #3621 ) ) REPRESENTATION_CONTEXT ( 'NONE', 'WORKASPACE' ) );
#3029 = CARTESIAN_POINT ( 'NONE',  ( -0.5000000000000000000, -0.6500000000000000222, 0.1799999999999999933 ) ) ;
#3030 = APPLICATION_PROTOCOL_DEFINITION ( 'draft international standard', 'automotive_design', 1998, #1893 ) ;
#3031 = CARTESIAN_POINT ( 'NONE',  ( -0.3763928018697035305, 0.1505257256572542224, 0.0000000000000000000 ) ) ;
#3032 = VECTOR ( 'NONE', #4885, 1000.000000000000000 ) ;
#3033 = STYLED_ITEM ( 'NONE', ( #1725 ), #4102 ) ;
#3034 = CARTESIAN_POINT ( 'NONE',  ( -0.2735345701623860259, 0.2066232866328634732, 0.0000000000000000000 ) ) ;
#3035 = CARTESIAN_POINT ( 'NONE',  ( -1.010000000000000231, -0.6500000000000000222, 0.1799999999999999933 ) ) ;
#3036 = CARTESIAN_POINT ( 'NONE',  ( -0.3153067615438346349, 0.3194276551405034192, 0.0000000000000000000 ) ) ;
#3037 = AXIS2_PLACEMENT_3D ( 'NONE', #7271, #5099, #5053 ) ;
#3038 = FILL_AREA_STYLE_COLOUR ( '', #2324 ) ;
#3039 = COLOUR_RGB ( '',0.7529411764705882248, 0.7529411764705882248, 0.7529411764705882248 ) ;
#3040 = ORIENTED_EDGE ( 'NONE', *, *, #758, .F. ) ;
#3041 = AXIS2_PLACEMENT_3D ( 'NONE', #2266, #2927, #4479 ) ;
#3042 =( GEOMETRIC_REPRESENTATION_CONTEXT ( 3 ) GLOBAL_UNCERTAINTY_ASSIGNED_CONTEXT ( ( #1690 ) ) GLOBAL_UNIT_ASSIGNED_CONTEXT ( ( #6935, #59, #5236 ) ) REPRESENTATION_CONTEXT ( 'NONE', 'WORKASPACE' ) );
#3043 =( NAMED_UNIT ( * ) PLANE_ANGLE_UNIT ( ) SI_UNIT ( $, .RADIAN. ) );
#3044 = ORIENTED_EDGE ( 'NONE', *, *, #848, .T. ) ;
#3045 =( LENGTH_UNIT ( ) NAMED_UNIT ( * ) SI_UNIT ( .MILLI., .METRE. ) );
#3046 = CARTESIAN_POINT ( 'NONE',  ( 1.010000000000000453, -0.8750000000000000000, 0.1799999999999999933 ) ) ;
#3047 = CARTESIAN_POINT ( 'NONE',  ( 0.1358023200815171028, 0.3450379207792040881, 0.01000000000000000021 ) ) ;
#3048 = DIRECTION ( 'NONE',  ( 0.0000000000000000000, 0.0000000000000000000, -1.000000000000000000 ) ) ;
#3049 =( NAMED_UNIT ( * ) SI_UNIT ( $, .STERADIAN. ) SOLID_ANGLE_UNIT ( ) );
#3050 = VECTOR ( 'NONE', #5587, 1000.000000000000000 ) ;
#3051 = CARTESIAN_POINT ( 'NONE',  ( 0.3750000000000000000, 1.509999999999999787, -0.02000000000000000042 ) ) ;
#3052 = VERTEX_POINT ( 'NONE', #702 ) ;
#3053 = ORIENTED_EDGE ( 'NONE', *, *, #1861, .T. ) ;
#3054 = EDGE_CURVE ( 'NONE', #35, #4658, #1302, .T. ) ;
#3055 = LINE ( 'NONE', #2983, #6423 ) ;
#3056 = SURFACE_STYLE_USAGE ( .BOTH. , #246 ) ;
#3057 = ORIENTED_EDGE ( 'NONE', *, *, #3868, .F. ) ;
#3058 = PLANE ( 'NONE',  #5445 ) ;
#3059 = ORIENTED_EDGE ( 'NONE', *, *, #428, .F. ) ;
#3060 = CARTESIAN_POINT ( 'NONE',  ( 0.3749999999999997224, 6.402768735150615377E-17, 0.0000000000000000000 ) ) ;
#3061 = CARTESIAN_POINT ( 'NONE',  ( 0.2788114430361212093, 0.3018813273040522605, 0.01000000000000000021 ) ) ;
#3062 = AXIS2_PLACEMENT_3D ( 'NONE', #5456, #4291, #1997 ) ;
#3063 = LINE ( 'NONE', #1930, #4475 ) ;
#3064 = FACE_OUTER_BOUND ( 'NONE', #6227, .T. ) ;
#3065 = LINE ( 'NONE', #7031, #7098 ) ;
#3066 = LINE ( 'NONE', #867, #3277 ) ;
#3067 = UNCERTAINTY_MEASURE_WITH_UNIT (LENGTH_MEASURE( 1.000000000000000082E-05 ), #463, 'distance_accuracy_value', 'NONE');
#3068 = B_SPLINE_CURVE_WITH_KNOTS ( 'NONE', 3,
 ( #1398, #217, #3707, #825, #6565, #4843 ),
 .UNSPECIFIED., .F., .F.,
 ( 4, 1, 1, 4 ),
 ( 0.0000000000000000000, 0.3332070704463929167, 0.6659311317828070509, 1.000000000000000000 ),
 .UNSPECIFIED. ) ;
#3069 = EDGE_CURVE ( 'NONE', #1523, #1870, #3687, .T. ) ;
#3070 = FACE_OUTER_BOUND ( 'NONE', #5988, .T. ) ;
#3071 = PRESENTATION_LAYER_ASSIGNMENT (  '', '', ( #6172 ) ) ;
#3072 = VECTOR ( 'NONE', #2977, 1000.000000000000000 ) ;
#3073 = CARTESIAN_POINT ( 'NONE',  ( 0.1577514024383259161, 0.3523727025120397260, 0.0000000000000000000 ) ) ;
#3074 = SURFACE_STYLE_USAGE ( .BOTH. , #4745 ) ;
#3075 = CARTESIAN_POINT ( 'NONE',  ( -0.3750000000000000000, 1.509999999999999787, -0.02000000000000000042 ) ) ;
#3076 = STYLED_ITEM ( 'NONE', ( #3855 ), #6877 ) ;
#3077 = EDGE_CURVE ( 'NONE', #3343, #3383, #7114, .T. ) ;
#3078 = SURFACE_SIDE_STYLE ('',( #6439 ) ) ;
#3079 = ORIENTED_EDGE ( 'NONE', *, *, #4911, .F. ) ;
#3080 = SURFACE_SIDE_STYLE ('',( #842 ) ) ;
#3081 = SURFACE_STYLE_FILL_AREA ( #4320 ) ;
#3082 = ORIENTED_EDGE ( 'NONE', *, *, #6753, .F. ) ;
#3083 = SURFACE_SIDE_STYLE ('',( #1993 ) ) ;
#3084 = DIRECTION ( 'NONE',  ( -1.000000000000000000, -1.707404996040165251E-16, 0.0000000000000000000 ) ) ;
#3085 = DIRECTION ( 'NONE',  ( 0.0000000000000000000, 1.000000000000000000, -0.0000000000000000000 ) ) ;
#3086 = LINE ( 'NONE', #4781, #7208 ) ;
#3087 =( LENGTH_UNIT ( ) NAMED_UNIT ( * ) SI_UNIT ( .MILLI., .METRE. ) );
#3088 = COLOUR_RGB ( '',1.000000000000000000, 1.000000000000000000, 1.000000000000000000 ) ;
#3089 =( LENGTH_UNIT ( ) NAMED_UNIT ( * ) SI_UNIT ( .MILLI., .METRE. ) );
#3090 = CARTESIAN_POINT ( 'NONE',  ( 0.0000000000000000000, 0.1505257256572525848, 0.01000000000000000021 ) ) ;
#3091 = ORIENTED_EDGE ( 'NONE', *, *, #3328, .T. ) ;
#3092 = VERTEX_POINT ( 'NONE', #1990 ) ;
#3093 = CARTESIAN_POINT ( 'NONE',  ( -0.09488190433026418014, 0.1505257256572528901, 0.0000000000000000000 ) ) ;
#3094 = AXIS2_PLACEMENT_3D ( 'NONE', #2103, #6734, #2708 ) ;
#3095 = EDGE_CURVE ( 'NONE', #5066, #6014, #5336, .T. ) ;
#3096 = STYLED_ITEM ( 'NONE', ( #3857 ), #653 ) ;
#3097 = ORIENTED_EDGE ( 'NONE', *, *, #3596, .T. ) ;
#3098 = ORIENTED_EDGE ( 'NONE', *, *, #7296, .F. ) ;
#3099 =( NAMED_UNIT ( * ) PLANE_ANGLE_UNIT ( ) SI_UNIT ( $, .RADIAN. ) );
#3100 = EDGE_CURVE ( 'NONE', #4110, #4285, #4749, .T. ) ;
#3101 = EDGE_LOOP ( 'NONE', ( #3303, #6442, #2160, #4086, #5928, #3617 ) ) ;
#3102 = CARTESIAN_POINT ( 'NONE',  ( -0.04956353357701939050, 0.2005257256572527402, 0.0000000000000000000 ) ) ;
#3103 =( LENGTH_UNIT ( ) NAMED_UNIT ( * ) SI_UNIT ( .MILLI., .METRE. ) );
#3104 = DIRECTION ( 'NONE',  ( -0.0000000000000000000, 0.0000000000000000000, 1.000000000000000000 ) ) ;
#3105 = PRESENTATION_STYLE_ASSIGNMENT (( #3672 ) ) ;
#3106 = DIRECTION ( 'NONE',  ( 0.0000000000000000000, -1.000000000000000000, 0.0000000000000000000 ) ) ;
#3107 =( NAMED_UNIT ( * ) SI_UNIT ( $, .STERADIAN. ) SOLID_ANGLE_UNIT ( ) );
#3108 = SURFACE_SIDE_STYLE ('',( #7108 ) ) ;
#3109 = UNCERTAINTY_MEASURE_WITH_UNIT (LENGTH_MEASURE( 1.000000000000000082E-05 ), #471, 'distance_accuracy_value', 'NONE');
#3110 = LINE ( 'NONE', #4282, #1042 ) ;
#3111 = EDGE_CURVE ( 'NONE', #3434, #355, #3641, .T. ) ;
#3112 = FILL_AREA_STYLE ('',( #1296 ) ) ;
#3113 = PLANE ( 'NONE',  #5122 ) ;
#3114 = EDGE_CURVE ( 'NONE', #438, #4048, #233, .T. ) ;
#3115 = ORIENTED_EDGE ( 'NONE', *, *, #1628, .F. ) ;
#3116 = PRESENTATION_STYLE_ASSIGNMENT (( #4862 ) ) ;
#3117 = ORIENTED_EDGE ( 'NONE', *, *, #5486, .T. ) ;
#3118 = CARTESIAN_POINT ( 'NONE',  ( -0.5000000000000000000, 0.6500000000000000222, 0.1799999999999999933 ) ) ;
#3119 = PLANE ( 'NONE',  #7148 ) ;
#3120 = DIRECTION ( 'NONE',  ( 0.0000000000000000000, -0.0000000000000000000, -1.000000000000000000 ) ) ;
#3121 = VECTOR ( 'NONE', #3468, 1000.000000000000000 ) ;
#3122 = CARTESIAN_POINT ( 'NONE',  ( -0.8879092524736136305, 1.202518811463164639, 0.9499999999999999556 ) ) ;
#3123 = CARTESIAN_POINT ( 'NONE',  ( -1.000000000000000222, 1.499999999999999778, 0.1799999999999999378 ) ) ;
#3124 = ORIENTED_EDGE ( 'NONE', *, *, #6479, .T. ) ;
#3125 = ORIENTED_EDGE ( 'NONE', *, *, #455, .F. ) ;
#3126 = LINE ( 'NONE', #6000, #1881 ) ;
#3127 = PRESENTATION_STYLE_ASSIGNMENT (( #3056 ) ) ;
#3128 = ORIENTED_EDGE ( 'NONE', *, *, #498, .T. ) ;
#3129 = ORIENTED_EDGE ( 'NONE', *, *, #2738, .T. ) ;
#3130 = CARTESIAN_POINT ( 'NONE',  ( -0.4500000000000000111, 0.6000000000000000888, 0.0000000000000000000 ) ) ;
#3131 = MECHANICAL_DESIGN_GEOMETRIC_PRESENTATION_REPRESENTATION (  '', ( #2763 ), #3735 ) ;
#3132 = CARTESIAN_POINT ( 'NONE',  ( -0.005661094552629335717, 0.3322330427304233114, 0.0000000000000000000 ) ) ;
#3133 = ORIENTED_EDGE ( 'NONE', *, *, #1359, .T. ) ;
#3134 = FILL_AREA_STYLE ('',( #793 ) ) ;
#3135 =( NAMED_UNIT ( * ) PLANE_ANGLE_UNIT ( ) SI_UNIT ( $, .RADIAN. ) );
#3136 = VECTOR ( 'NONE', #5149, 1000.000000000000000 ) ;
#3137 = PRESENTATION_STYLE_ASSIGNMENT (( #5974 ) ) ;
#3138 = CARTESIAN_POINT ( 'NONE',  ( 1.010000000000000453, -1.125000000000000222, 0.1799999999999999933 ) ) ;
#3139 = SURFACE_SIDE_STYLE ('',( #4190 ) ) ;
#3140 =( LENGTH_UNIT ( ) NAMED_UNIT ( * ) SI_UNIT ( .MILLI., .METRE. ) );
#3141 = SURFACE_STYLE_FILL_AREA ( #6571 ) ;
#3142 = CARTESIAN_POINT ( 'NONE',  ( -1.000000000000000222, 1.125000000000000222, 0.0000000000000000000 ) ) ;
#3143 = VECTOR ( 'NONE', #6280, 1000.000000000000000 ) ;
#3144 = ADVANCED_FACE ( 'NONE', ( #6505 ), #2542, .T. ) ;
#3145 = PRESENTATION_LAYER_ASSIGNMENT (  '', '', ( #2413 ) ) ;
#3146 = PRESENTATION_STYLE_ASSIGNMENT (( #4197 ) ) ;
#3147 = CARTESIAN_POINT ( 'NONE',  ( 0.1871361615449324001, 0.1700379207792039049, 0.0000000000000000000 ) ) ;
#3148 = VECTOR ( 'NONE', #4224, 1000.000000000000000 ) ;
#3149 = AXIS2_PLACEMENT_3D ( 'NONE', #2007, #4302, #1503 ) ;
#3150 = DIRECTION ( 'NONE',  ( 0.0000000000000000000, -1.000000000000000000, 0.0000000000000000000 ) ) ;
#3151 = STYLED_ITEM ( 'NONE', ( #2660 ), #4182 ) ;
#3152 = EDGE_LOOP ( 'NONE', ( #5481, #3656, #5244, #1184, #54, #3166, #3098, #6867, #314, #6158, #4294, #6558, #7020, #4883, #1000, #4386 ) ) ;
#3153 = DIRECTION ( 'NONE',  ( -1.000000000000000000, -7.724940478959215937E-15, 0.0000000000000000000 ) ) ;
#3154 = MECHANICAL_DESIGN_GEOMETRIC_PRESENTATION_REPRESENTATION (  '', ( #1107 ), #6257 ) ;
#3155 =( LENGTH_UNIT ( ) NAMED_UNIT ( * ) SI_UNIT ( .MILLI., .METRE. ) );
#3156 = SURFACE_SIDE_STYLE ('',( #1562 ) ) ;
#3157 = ADVANCED_FACE ( 'NONE', ( #1908 ), #5304, .T. ) ;
#3158 = PRESENTATION_STYLE_ASSIGNMENT (( #2473 ) ) ;
#3159 = FILL_AREA_STYLE_COLOUR ( '', #7090 ) ;
#3160 = VECTOR ( 'NONE', #2455, 1000.000000000000000 ) ;
#3161 = ORIENTED_EDGE ( 'NONE', *, *, #6619, .F. ) ;
#3162 = AXIS2_PLACEMENT_3D ( 'NONE', #2028, #1454, #6028 ) ;
#3163 = ORIENTED_EDGE ( 'NONE', *, *, #5398, .F. ) ;
#3164 = CARTESIAN_POINT ( 'NONE',  ( 0.1358023200815170473, 0.3450379207792040881, 0.0000000000000000000 ) ) ;
#3165 = CARTESIAN_POINT ( 'NONE',  ( 1.010000000000001785, 0.4000000000000000222, -0.02000000000000000042 ) ) ;
#3166 = ORIENTED_EDGE ( 'NONE', *, *, #5288, .F. ) ;
#3167 = EDGE_LOOP ( 'NONE', ( #4692, #700, #3408, #1389 ) ) ;
#3168 = CARTESIAN_POINT ( 'NONE',  ( -0.3051466128453128590, 0.2981883272832701604, 0.01000000000000000021 ) ) ;
#3169 = STYLED_ITEM ( 'NONE', ( #83 ), #2048 ) ;
#3170 = VECTOR ( 'NONE', #3106, 1000.000000000000000 ) ;
#3171 = CARTESIAN_POINT ( 'NONE',  ( -1.010000000000000453, 0.8750000000000000000, 0.1799999999999999933 ) ) ;
#3172 = VERTEX_POINT ( 'NONE', #2156 ) ;
#3173 = ADVANCED_FACE ( 'NONE', ( #7216 ), #1632, .T. ) ;
#3174 = PRESENTATION_LAYER_ASSIGNMENT (  '', '', ( #4826 ) ) ;
#3175 = VERTEX_POINT ( 'NONE', #924 ) ;
#3176 = PRESENTATION_STYLE_ASSIGNMENT (( #4541 ) ) ;
#3177 = CARTESIAN_POINT ( 'NONE',  ( 0.0000000000000000000, 0.1505257256572534730, 0.01000000000000000021 ) ) ;
#3178 = DIRECTION ( 'NONE',  ( 0.0000000000000000000, 0.0000000000000000000, 1.000000000000000000 ) ) ;
#3179 = VECTOR ( 'NONE', #1165, 1000.000000000000000 ) ;
#3180 = STYLED_ITEM ( 'NONE', ( #5549 ), #1556 ) ;
#3181 = STYLED_ITEM ( 'NONE', ( #6592 ), #6395 ) ;
#3182 = COLOUR_RGB ( '',0.7529411764705882248, 0.7529411764705882248, 0.7529411764705882248 ) ;
#3183 = DIRECTION ( 'NONE',  ( 0.0000000000000000000, 0.0000000000000000000, 1.000000000000000000 ) ) ;
#3184 = LINE ( 'NONE', #1862, #2423 ) ;
#3185 =( NAMED_UNIT ( * ) PLANE_ANGLE_UNIT ( ) SI_UNIT ( $, .RADIAN. ) );
#3186 = B_SPLINE_SURFACE_WITH_KNOTS ( 'NONE', 3, 1, ( 
 ( #5051, #3948 ),
 ( #6223, #4938 ),
 ( #3872, #1004 ),
 ( #934, #5644 ),
 ( #521, #2820 ),
 ( #4363, #7224 ),
 ( #6624, #5491 ),
 ( #358, #2666 ),
 ( #2099, #6851 ) ),
 .UNSPECIFIED., .F., .F., .F.,
 ( 4, 1, 1, 1, 1, 1, 4 ),
 ( 2, 2 ),
 ( 0.0000000000000000000, 0.08333333333333331483, 0.1666666666666665741, 0.2500000000000000555, 0.3333333333333331483, 0.4166666666666664076, 0.4999999999999999445 ),
 ( 0.0000000000000000000, 1.000000000000000000 ),
 .UNSPECIFIED. ) ;
#3187 = COLOUR_RGB ( '',0.7529411764705882248, 0.7529411764705882248, 0.7529411764705882248 ) ;
#3188 =( NAMED_UNIT ( * ) SI_UNIT ( $, .STERADIAN. ) SOLID_ANGLE_UNIT ( ) );
#3189 = EDGE_LOOP ( 'NONE', ( #5243, #5058, #1829, #5098 ) ) ;
#3190 = SURFACE_STYLE_FILL_AREA ( #2730 ) ;
#3191 = VECTOR ( 'NONE', #4193, 1000.000000000000000 ) ;
#3192 = CARTESIAN_POINT ( 'NONE',  ( -0.3007830457721423767, 0.3505257256572538727, 0.0000000000000000000 ) ) ;
#3193 = LINE ( 'NONE', #7186, #2124 ) ;
#3194 = PRESENTATION_STYLE_ASSIGNMENT (( #3834 ) ) ;
#3195 = CARTESIAN_POINT ( 'NONE',  ( -1.010000000000000453, 1.125000000000000222, -0.02000000000000000042 ) ) ;
#3196 = CARTESIAN_POINT ( 'NONE',  ( -1.009999999999998455, 0.4000000000000000222, 0.1799999999999999933 ) ) ;
#3197 =( NAMED_UNIT ( * ) SI_UNIT ( $, .STERADIAN. ) SOLID_ANGLE_UNIT ( ) );
#3198 = AXIS2_PLACEMENT_3D ( 'NONE', #7358, #6126, #4146 ) ;
#3199 = ORIENTED_EDGE ( 'NONE', *, *, #381, .F. ) ;
#3200 = ORIENTED_EDGE ( 'NONE', *, *, #2772, .F. ) ;
#3201 = EDGE_CURVE ( 'NONE', #644, #7091, #7184, .T. ) ;
#3202 = FILL_AREA_STYLE ('',( #5923 ) ) ;
#3203 = CARTESIAN_POINT ( 'NONE',  ( 1.000000000000000000, 0.8750000000000000000, 0.1799999999999999933 ) ) ;
#3204 = ORIENTED_EDGE ( 'NONE', *, *, #3669, .T. ) ;
#3205 = ORIENTED_EDGE ( 'NONE', *, *, #3111, .F. ) ;
#3206 = LINE ( 'NONE', #5465, #7323 ) ;
#3207 =( GEOMETRIC_REPRESENTATION_CONTEXT ( 3 ) GLOBAL_UNCERTAINTY_ASSIGNED_CONTEXT ( ( #7364 ) ) GLOBAL_UNIT_ASSIGNED_CONTEXT ( ( #2749, #7355, #4470 ) ) REPRESENTATION_CONTEXT ( 'NONE', 'WORKASPACE' ) );
#3208 = PLANE ( 'NONE',  #4380 ) ;
#3209 = CARTESIAN_POINT ( 'NONE',  ( -0.1000000000000000611, -0.9999999999999997780, 0.1799999999999999933 ) ) ;
#3210 = EDGE_CURVE ( 'NONE', #6345, #1919, #6717, .T. ) ;
#3211 = ORIENTED_EDGE ( 'NONE', *, *, #5635, .F. ) ;
#3212 = CARTESIAN_POINT ( 'NONE',  ( -0.6226458158190147918, 1.153972233207790632, 0.9399999999999998357 ) ) ;
#3213 = FILL_AREA_STYLE_COLOUR ( '', #6701 ) ;
#3214 = ADVANCED_FACE ( 'NONE', ( #2655 ), #3940, .T. ) ;
#3215 = ORIENTED_EDGE ( 'NONE', *, *, #1751, .F. ) ;
#3216 = SURFACE_STYLE_FILL_AREA ( #5137 ) ;
#3217 =( NAMED_UNIT ( * ) PLANE_ANGLE_UNIT ( ) SI_UNIT ( $, .RADIAN. ) );
#3218 = FILL_AREA_STYLE ('',( #6570 ) ) ;
#3219 = COLOUR_RGB ( '',0.7529411764705882248, 0.7529411764705882248, 0.7529411764705882248 ) ;
#3220 = UNCERTAINTY_MEASURE_WITH_UNIT (LENGTH_MEASURE( 1.000000000000000082E-05 ), #555, 'distance_accuracy_value', 'NONE');
#3221 = DIRECTION ( 'NONE',  ( 1.000000000000000000, 0.0000000000000000000, 0.0000000000000000000 ) ) ;
#3222 = UNCERTAINTY_MEASURE_WITH_UNIT (LENGTH_MEASURE( 1.000000000000000082E-05 ), #915, 'distance_accuracy_value', 'NONE');
#3223 = FILL_AREA_STYLE ('',( #374 ) ) ;
#3224 =( LENGTH_UNIT ( ) NAMED_UNIT ( * ) SI_UNIT ( .MILLI., .METRE. ) );
#3225 = SURFACE_SIDE_STYLE ('',( #4815 ) ) ;
#3226 = ADVANCED_FACE ( 'NONE', ( #5554 ), #429, .F. ) ;
#3227 = CARTESIAN_POINT ( 'NONE',  ( 0.0000000000000000000, 0.0000000000000000000, 0.01000000000000000021 ) ) ;
#3228 = EDGE_LOOP ( 'NONE', ( #5216, #7168, #3236, #971 ) ) ;
#3229 = CARTESIAN_POINT ( 'NONE',  ( -0.5000000000000000000, -0.6500000000000000222, 0.1799999999999999933 ) ) ;
#3230 = SURFACE_STYLE_USAGE ( .BOTH. , #6069 ) ;
#3231 =( LENGTH_UNIT ( ) NAMED_UNIT ( * ) SI_UNIT ( .MILLI., .METRE. ) );
#3232 = CARTESIAN_POINT ( 'NONE',  ( 0.0000000000000000000, 0.0000000000000000000, 0.1799999999999999933 ) ) ;
#3233 = LINE ( 'NONE', #350, #4356 ) ;
#3234 = DIRECTION ( 'NONE',  ( 0.0000000000000000000, 0.0000000000000000000, -1.000000000000000000 ) ) ;
#3235 = DIRECTION ( 'NONE',  ( -2.168404344971009115E-16, 1.000000000000000000, 0.0000000000000000000 ) ) ;
#3236 = ORIENTED_EDGE ( 'NONE', *, *, #3522, .F. ) ;
#3237 = ORIENTED_EDGE ( 'NONE', *, *, #667, .F. ) ;
#3238 = SURFACE_STYLE_FILL_AREA ( #7122 ) ;
#3239 = ADVANCED_FACE ( 'NONE', ( #2307 ), #6249, .T. ) ;
#3240 =( NAMED_UNIT ( * ) SI_UNIT ( $, .STERADIAN. ) SOLID_ANGLE_UNIT ( ) );
#3241 = ORIENTED_EDGE ( 'NONE', *, *, #4775, .F. ) ;
#3242 =( NAMED_UNIT ( * ) SI_UNIT ( $, .STERADIAN. ) SOLID_ANGLE_UNIT ( ) );
#3243 = CARTESIAN_POINT ( 'NONE',  ( -0.5000000000000000000, -0.6500000000000000222, -0.02000000000000000042 ) ) ;
#3244 = ORIENTED_EDGE ( 'NONE', *, *, #6612, .F. ) ;
#3245 = CARTESIAN_POINT ( 'NONE',  ( -0.6226458158190147918, 1.153972233207790632, 0.9499999999999999556 ) ) ;
#3246 =( NAMED_UNIT ( * ) PLANE_ANGLE_UNIT ( ) SI_UNIT ( $, .RADIAN. ) );
#3247 =( GEOMETRIC_REPRESENTATION_CONTEXT ( 3 ) GLOBAL_UNCERTAINTY_ASSIGNED_CONTEXT ( ( #3366 ) ) GLOBAL_UNIT_ASSIGNED_CONTEXT ( ( #1072, #4351, #3796 ) ) REPRESENTATION_CONTEXT ( 'NONE', 'WORKASPACE' ) );
#3248 = VERTEX_POINT ( 'NONE', #2809 ) ;
#3249 = CARTESIAN_POINT ( 'NONE',  ( -0.07639280186970257014, 0.3285745061450575100, 0.0000000000000000000 ) ) ;
#3250 = PRESENTATION_STYLE_ASSIGNMENT (( #1474 ) ) ;
#3251 = LINE ( 'NONE', #6203, #764 ) ;
#3252 =( NAMED_UNIT ( * ) SI_UNIT ( $, .STERADIAN. ) SOLID_ANGLE_UNIT ( ) );
#3253 = VECTOR ( 'NONE', #192, 1000.000000000000000 ) ;
#3254 = ORIENTED_EDGE ( 'NONE', *, *, #1249, .F. ) ;
#3255 = COLOUR_RGB ( '',1.000000000000000000, 1.000000000000000000, 1.000000000000000000 ) ;
#3256 =( LENGTH_UNIT ( ) NAMED_UNIT ( * ) SI_UNIT ( .MILLI., .METRE. ) );
#3257 = ORIENTED_EDGE ( 'NONE', *, *, #4708, .T. ) ;
#3258 = FILL_AREA_STYLE_COLOUR ( '', #5151 ) ;
#3259 = FILL_AREA_STYLE_COLOUR ( '', #2931 ) ;
#3260 = DIRECTION ( 'NONE',  ( 1.000000000000000000, 0.0000000000000000000, 0.0000000000000000000 ) ) ;
#3261 = COLOUR_RGB ( '',0.7529411764705882248, 0.7529411764705882248, 0.7529411764705882248 ) ;
#3262 = CARTESIAN_POINT ( 'NONE',  ( -0.9009172689124350653, 1.129698944080104184, 0.9400000000000000577 ) ) ;
#3263 = FILL_AREA_STYLE_COLOUR ( '', #625 ) ;
#3264 = VERTEX_POINT ( 'NONE', #7413 ) ;
#3265 = FILL_AREA_STYLE_COLOUR ( '', #4377 ) ;
#3266 = STYLED_ITEM ( 'NONE', ( #6638 ), #6130 ) ;
#3267 = ORIENTED_EDGE ( 'NONE', *, *, #214, .T. ) ;
#3268 =( NAMED_UNIT ( * ) PLANE_ANGLE_UNIT ( ) SI_UNIT ( $, .RADIAN. ) );
#3269 = PLANE ( 'NONE',  #3815 ) ;
#3270 = ORIENTED_EDGE ( 'NONE', *, *, #3927, .F. ) ;
#3271 = CARTESIAN_POINT ( 'NONE',  ( -1.010000000000000231, -0.1000000000000000056, 0.1799999999999999933 ) ) ;
#3272 = COLOUR_RGB ( '',0.7529411764705882248, 0.7529411764705882248, 0.7529411764705882248 ) ;
#3273 = B_SPLINE_CURVE_WITH_KNOTS ( 'NONE', 3,
 ( #4161, #7146, #4233, #5401, #7111 ),
 .UNSPECIFIED., .F., .F.,
 ( 4, 1, 4 ),
 ( 0.0000000000000000000, 0.5000000000000002220, 0.9999940145985402040 ),
 .UNSPECIFIED. ) ;
#3274 = CARTESIAN_POINT ( 'NONE',  ( 0.3772657347156636032, 0.3356883272832693610, 0.0000000000000000000 ) ) ;
#3275 = CARTESIAN_POINT ( 'NONE',  ( -0.005661094552629298421, 0.3285745061450575100, 0.0000000000000000000 ) ) ;
#3276 =( GEOMETRIC_REPRESENTATION_CONTEXT ( 3 ) GLOBAL_UNCERTAINTY_ASSIGNED_CONTEXT ( ( #2086 ) ) GLOBAL_UNIT_ASSIGNED_CONTEXT ( ( #340, #4889, #265 ) ) REPRESENTATION_CONTEXT ( 'NONE', 'WORKASPACE' ) );
#3277 = VECTOR ( 'NONE', #1934, 1000.000000000000000 ) ;
#3278 = STYLED_ITEM ( 'NONE', ( #3861 ), #5708 ) ;
#3279 = VERTEX_POINT ( 'NONE', #7377 ) ;
#3280 = LINE ( 'NONE', #367, #2388 ) ;
#3281 = CARTESIAN_POINT ( 'NONE',  ( -0.3750000000000000000, -1.509999999999999787, 0.1799999999999999933 ) ) ;
#3282 = SURFACE_SIDE_STYLE ('',( #1577 ) ) ;
#3283 = UNCERTAINTY_MEASURE_WITH_UNIT (LENGTH_MEASURE( 1.000000000000000082E-05 ), #2974, 'distance_accuracy_value', 'NONE');
#3284 = FACE_OUTER_BOUND ( 'NONE', #4031, .T. ) ;
#3285 = DIRECTION ( 'NONE',  ( -1.000000000000000000, -0.0000000000000000000, -0.0000000000000000000 ) ) ;
#3286 = EDGE_CURVE ( 'NONE', #7059, #133, #2237, .T. ) ;
#3287 = VECTOR ( 'NONE', #1505, 1000.000000000000000 ) ;
#3288 = SURFACE_SIDE_STYLE ('',( #4410 ) ) ;
#3289 = CARTESIAN_POINT ( 'NONE',  ( -0.1593485043857081063, 0.3448050906014233918, 0.0000000000000000000 ) ) ;
#3290 = CARTESIAN_POINT ( 'NONE',  ( -1.010000000000000231, -0.1000000000000000056, 0.1799999999999999933 ) ) ;
#3291 = EDGE_CURVE ( 'NONE', #976, #6297, #6841, .T. ) ;
#3292 = MECHANICAL_DESIGN_GEOMETRIC_PRESENTATION_REPRESENTATION (  '', ( #2689 ), #3662 ) ;
#3293 =( NAMED_UNIT ( * ) PLANE_ANGLE_UNIT ( ) SI_UNIT ( $, .RADIAN. ) );
#3294 = VERTEX_POINT ( 'NONE', #589 ) ;
#3296 = DIRECTION ( 'NONE',  ( 1.000000000000000000, 0.0000000000000000000, 0.0000000000000000000 ) ) ;
#3295 = STYLED_ITEM ( 'NONE', ( #6904 ), #7205 ) ;
#3297 =( GEOMETRIC_REPRESENTATION_CONTEXT ( 3 ) GLOBAL_UNCERTAINTY_ASSIGNED_CONTEXT ( ( #5846 ) ) GLOBAL_UNIT_ASSIGNED_CONTEXT ( ( #6580, #3043, #2504 ) ) REPRESENTATION_CONTEXT ( 'NONE', 'WORKASPACE' ) );
#3298 = DIRECTION ( 'NONE',  ( 1.000000000000000000, 0.0000000000000000000, -0.0000000000000000000 ) ) ;
#3299 = PRESENTATION_STYLE_ASSIGNMENT (( #6142 ) ) ;
#3300 =( NAMED_UNIT ( * ) PLANE_ANGLE_UNIT ( ) SI_UNIT ( $, .RADIAN. ) );
#3301 = VECTOR ( 'NONE', #2899, 1000.000000000000000 ) ;
#3302 = CARTESIAN_POINT ( 'NONE',  ( 0.1823888457535765839, 0.1483221237172240026, 0.0000000000000000000 ) ) ;
#3303 = ORIENTED_EDGE ( 'NONE', *, *, #944, .F. ) ;
#3304 = ORIENTED_EDGE ( 'NONE', *, *, #1776, .T. ) ;
#3305 =( GEOMETRIC_REPRESENTATION_CONTEXT ( 3 ) GLOBAL_UNCERTAINTY_ASSIGNED_CONTEXT ( ( #64 ) ) GLOBAL_UNIT_ASSIGNED_CONTEXT ( ( #6111, #442, #3240 ) ) REPRESENTATION_CONTEXT ( 'NONE', 'WORKASPACE' ) );
#3306 = VECTOR ( 'NONE', #6491, 1000.000000000000000 ) ;
#3307 = DIRECTION ( 'NONE',  ( -7.228014483236695816E-17, 1.000000000000000000, -0.0000000000000000000 ) ) ;
#3308 = CARTESIAN_POINT ( 'NONE',  ( 0.1826392103254196597, 0.3310135305353017476, 0.01000000000000000021 ) ) ;
#3309 =( GEOMETRIC_REPRESENTATION_CONTEXT ( 3 ) GLOBAL_UNCERTAINTY_ASSIGNED_CONTEXT ( ( #5581 ) ) GLOBAL_UNIT_ASSIGNED_CONTEXT ( ( #6301, #98, #2284 ) ) REPRESENTATION_CONTEXT ( 'NONE', 'WORKASPACE' ) );
#3310 = ORIENTED_EDGE ( 'NONE', *, *, #5709, .F. ) ;
#3311 = FACE_OUTER_BOUND ( 'NONE', #2330, .T. ) ;
#3312 =( NAMED_UNIT ( * ) SI_UNIT ( $, .STERADIAN. ) SOLID_ANGLE_UNIT ( ) );
#3313 = CARTESIAN_POINT ( 'NONE',  ( -0.9009172689124349542, 1.129698944080104406, 0.9499999999999999556 ) ) ;
#3314 = PLANE ( 'NONE',  #1973 ) ;
#3315 = ORIENTED_EDGE ( 'NONE', *, *, #1444, .T. ) ;
#3316 = MECHANICAL_DESIGN_GEOMETRIC_PRESENTATION_REPRESENTATION (  '', ( #889 ), #4480 ) ;
#3317 = SURFACE_STYLE_FILL_AREA ( #4432 ) ;
#3318 = DIRECTION ( 'NONE',  ( 0.0000000000000000000, -0.0000000000000000000, -1.000000000000000000 ) ) ;
#3319 = CARTESIAN_POINT ( 'NONE',  ( 0.1590514946128176454, 0.1714832980120045425, 0.01000000000000000021 ) ) ;
#3320 = ADVANCED_FACE ( 'NONE', ( #2384 ), #5156, .F. ) ;
#3321 = DIRECTION ( 'NONE',  ( 0.0000000000000000000, -0.0000000000000000000, -1.000000000000000000 ) ) ;
#3322 = EDGE_CURVE ( 'NONE', #6811, #4792, #695, .T. ) ;
#3323 = ORIENTED_EDGE ( 'NONE', *, *, #1539, .F. ) ;
#3324 = PRESENTATION_STYLE_ASSIGNMENT (( #4510 ) ) ;
#3325 = DIRECTION ( 'NONE',  ( 1.000000000000000000, 0.0000000000000000000, 0.0000000000000000000 ) ) ;
#3326 =( NAMED_UNIT ( * ) PLANE_ANGLE_UNIT ( ) SI_UNIT ( $, .RADIAN. ) );
#3327 = DIRECTION ( 'NONE',  ( 0.0000000000000000000, 0.0000000000000000000, -1.000000000000000000 ) ) ;
#3328 = EDGE_CURVE ( 'NONE', #964, #4841, #3629, .T. ) ;
#3329 = CARTESIAN_POINT ( 'NONE',  ( -0.3101199360160445950, 0.3121110915109124306, 0.01000000000000000021 ) ) ;
#3330 = CARTESIAN_POINT ( 'NONE',  ( -0.1238102430654016012, 0.3486161999133714495, 0.0000000000000000000 ) ) ;
#3331 = FILL_AREA_STYLE_COLOUR ( '', #392 ) ;
#3332 = LINE ( 'NONE', #6213, #1583 ) ;
#3333 = ORIENTED_EDGE ( 'NONE', *, *, #5639, .T. ) ;
#3334 = SURFACE_SIDE_STYLE ('',( #3371 ) ) ;
#3335 = STYLED_ITEM ( 'NONE', ( #3137 ), #949 ) ;
#3336 = EDGE_CURVE ( 'NONE', #7112, #4462, #1294, .T. ) ;
#3337 =( NAMED_UNIT ( * ) PLANE_ANGLE_UNIT ( ) SI_UNIT ( $, .RADIAN. ) );
#3338 =( LENGTH_UNIT ( ) NAMED_UNIT ( * ) SI_UNIT ( .MILLI., .METRE. ) );
#3339 = CARTESIAN_POINT ( 'NONE',  ( 1.010000000000000453, 0.8750000000000000000, 0.1799999999999999933 ) ) ;
#3340 = DIRECTION ( 'NONE',  ( 1.000000000000000000, 0.0000000000000000000, 0.0000000000000000000 ) ) ;
#3341 = SURFACE_SIDE_STYLE ('',( #4973 ) ) ;
#3342 = ORIENTED_EDGE ( 'NONE', *, *, #6949, .T. ) ;
#3343 = VERTEX_POINT ( 'NONE', #2677 ) ;
#3344 = DIRECTION ( 'NONE',  ( 0.0000000000000000000, 0.0000000000000000000, 1.000000000000000000 ) ) ;
#3345 =( NAMED_UNIT ( * ) PLANE_ANGLE_UNIT ( ) SI_UNIT ( $, .RADIAN. ) );
#3346 = VERTEX_POINT ( 'NONE', #5831 ) ;
#3347 = LINE ( 'NONE', #444, #6373 ) ;
#3348 = DIRECTION ( 'NONE',  ( -1.000000000000000000, 3.936734087548838407E-15, 0.0000000000000000000 ) ) ;
#3349 = FACE_OUTER_BOUND ( 'NONE', #7309, .T. ) ;
#3350 = LINE ( 'NONE', #5102, #4253 ) ;
#3351 = ORIENTED_EDGE ( 'NONE', *, *, #5843, .F. ) ;
#3352 =( NAMED_UNIT ( * ) PLANE_ANGLE_UNIT ( ) SI_UNIT ( $, .RADIAN. ) );
#3353 =( NAMED_UNIT ( * ) SI_UNIT ( $, .STERADIAN. ) SOLID_ANGLE_UNIT ( ) );
#3354 = CARTESIAN_POINT ( 'NONE',  ( 0.1589027004407086441, 0.3297461374255085120, 0.0000000000000000000 ) ) ;
#3355 = UNCERTAINTY_MEASURE_WITH_UNIT (LENGTH_MEASURE( 1.000000000000000082E-05 ), #6647, 'distance_accuracy_value', 'NONE');
#3356 = DIRECTION ( 'NONE',  ( 0.9315776194850595715, -0.3635424856527084136, 0.0000000000000000000 ) ) ;
#3357 = VERTEX_POINT ( 'NONE', #1939 ) ;
#3358 = UNCERTAINTY_MEASURE_WITH_UNIT (LENGTH_MEASURE( 1.000000000000000082E-05 ), #3103, 'distance_accuracy_value', 'NONE');
#3359 = CARTESIAN_POINT ( 'NONE',  ( -0.0007830457721410956449, 0.2517450711857078804, 0.0000000000000000000 ) ) ;
#3360 = FACE_OUTER_BOUND ( 'NONE', #3768, .T. ) ;
#3361 = COLOUR_RGB ( '',0.7529411764705882248, 0.7529411764705882248, 0.7529411764705882248 ) ;
#3362 = CARTESIAN_POINT ( 'NONE',  ( 0.06994866154493203925, 0.2736964573645698229, 0.0000000000000000000 ) ) ;
#3363 = CARTESIAN_POINT ( 'NONE',  ( 1.010000000000000453, -1.125000000000000222, -0.02000000000000000042 ) ) ;
#3364 = PLANE ( 'NONE',  #1595 ) ;
#3365 = FILL_AREA_STYLE ('',( #7322 ) ) ;
#3366 = UNCERTAINTY_MEASURE_WITH_UNIT (LENGTH_MEASURE( 1.000000000000000082E-05 ), #1072, 'distance_accuracy_value', 'NONE');
#3367 = CARTESIAN_POINT ( 'NONE',  ( 0.2080161401794437259, 0.1500879762199273104, 0.0000000000000000000 ) ) ;
#3368 = EDGE_CURVE ( 'NONE', #1047, #7017, #2419, .T. ) ;
#3369 = CARTESIAN_POINT ( 'NONE',  ( 0.5000000000000000000, -0.6500000000000000222, 0.1799999999999999933 ) ) ;
#3370 = ORIENTED_EDGE ( 'NONE', *, *, #778, .T. ) ;
#3371 = SURFACE_STYLE_FILL_AREA ( #2807 ) ;
#3372 = SURFACE_SIDE_STYLE ('',( #3190 ) ) ;
#3373 = FACE_OUTER_BOUND ( 'NONE', #5677, .T. ) ;
#3374 = VECTOR ( 'NONE', #4009, 1000.000000000000000 ) ;
#3375 = SURFACE_STYLE_FILL_AREA ( #3942 ) ;
#3376 = CARTESIAN_POINT ( 'NONE',  ( 0.09677792983761515644, 0.2505257256572527291, 0.0000000000000000000 ) ) ;
#3377 = VERTEX_POINT ( 'NONE', #5362 ) ;
#3378 = ORIENTED_EDGE ( 'NONE', *, *, #3624, .T. ) ;
#3379 = VECTOR ( 'NONE', #44, 1000.000000000000000 ) ;
#3380 = CARTESIAN_POINT ( 'NONE',  ( 1.010000000000000453, 1.125000000000000222, 0.1799999999999999933 ) ) ;
#3381 = PRESENTATION_STYLE_ASSIGNMENT (( #4494 ) ) ;
#3382 = VECTOR ( 'NONE', #489, 1000.000000000000000 ) ;
#3383 = VERTEX_POINT ( 'NONE', #4160 ) ;
#3384 = EDGE_CURVE ( 'NONE', #143, #3279, #2534, .T. ) ;
#3385 = LINE ( 'NONE', #4498, #1278 ) ;
#3386 = CARTESIAN_POINT ( 'NONE',  ( 0.1823888457535765839, 0.1483221237172240026, 0.01000000000000000021 ) ) ;
#3387 = SURFACE_STYLE_FILL_AREA ( #1645 ) ;
#3388 = ORIENTED_EDGE ( 'NONE', *, *, #239, .T. ) ;
#3389 = CARTESIAN_POINT ( 'NONE',  ( -0.9009172689124349542, 1.153972233207790854, 0.9499999999999998446 ) ) ;
#3390 = CARTESIAN_POINT ( 'NONE',  ( 1.010000000000000453, 0.8750000000000000000, -0.02000000000000000042 ) ) ;
#3391 = EDGE_CURVE ( 'NONE', #935, #6660, #4232, .T. ) ;
#3392 = ORIENTED_EDGE ( 'NONE', *, *, #2125, .F. ) ;
#3393 =( GEOMETRIC_REPRESENTATION_CONTEXT ( 3 ) GLOBAL_UNCERTAINTY_ASSIGNED_CONTEXT ( ( #2908 ) ) GLOBAL_UNIT_ASSIGNED_CONTEXT ( ( #2070, #3099, #3242 ) ) REPRESENTATION_CONTEXT ( 'NONE', 'WORKASPACE' ) );
#3394 = CARTESIAN_POINT ( 'NONE',  ( 0.3772657347156635477, 0.3505257256572530955, 0.0000000000000000000 ) ) ;
#3395 = EDGE_CURVE ( 'NONE', #6650, #5175, #4776, .T. ) ;
#3396 = VERTEX_POINT ( 'NONE', #3569 ) ;
#3397 = LINE ( 'NONE', #4006, #4628 ) ;
#3398 = PRESENTATION_LAYER_ASSIGNMENT (  '', '', ( #6019 ) ) ;
#3399 = CARTESIAN_POINT ( 'NONE',  ( 0.06994866154493210864, 0.2627208476084721966, 0.0000000000000000000 ) ) ;
#3400 = FACE_OUTER_BOUND ( 'NONE', #1049, .T. ) ;
#3401 = EDGE_CURVE ( 'NONE', #1149, #3778, #7110, .T. ) ;
#3402 = MECHANICAL_DESIGN_GEOMETRIC_PRESENTATION_REPRESENTATION (  '', ( #2425 ), #373 ) ;
#3403 = UNCERTAINTY_MEASURE_WITH_UNIT (LENGTH_MEASURE( 1.000000000000000082E-05 ), #3918, 'distance_accuracy_value', 'NONE');
#3404 = DIRECTION ( 'NONE',  ( -0.0000000000000000000, 0.0000000000000000000, 1.000000000000000000 ) ) ;
#3405 = CARTESIAN_POINT ( 'NONE',  ( -0.3051456656984789517, 0.2981856757559905313, 0.0000000000000000000 ) ) ;
#3406 = CARTESIAN_POINT ( 'NONE',  ( 0.09999999999999995004, -0.9999999999999997780, 0.1799999999999999933 ) ) ;
#3407 =( GEOMETRIC_REPRESENTATION_CONTEXT ( 3 ) GLOBAL_UNCERTAINTY_ASSIGNED_CONTEXT ( ( #3824 ) ) GLOBAL_UNIT_ASSIGNED_CONTEXT ( ( #1855, #659, #760 ) ) REPRESENTATION_CONTEXT ( 'NONE', 'WORKASPACE' ) );
#3408 = ORIENTED_EDGE ( 'NONE', *, *, #2015, .F. ) ;
#3409 = EDGE_CURVE ( 'NONE', #3279, #6526, #2338, .T. ) ;
#3410 = PRESENTATION_STYLE_ASSIGNMENT (( #5719 ) ) ;
#3411 = FILL_AREA_STYLE ('',( #1860 ) ) ;
#3412 = CARTESIAN_POINT ( 'NONE',  ( 0.0000000000000000000, 0.1505257256572531399, 0.01000000000000000021 ) ) ;
#3413 = PLANE ( 'NONE',  #1411 ) ;
#3414 = VECTOR ( 'NONE', #3550, 1000.000000000000000 ) ;
#3415 = VECTOR ( 'NONE', #2427, 1000.000000000000000 ) ;
#3417 = CARTESIAN_POINT ( 'NONE',  ( 0.1456405430869187057, 0.1565755536227996514, 0.0000000000000000000 ) ) ;
#3416 =( GEOMETRIC_REPRESENTATION_CONTEXT ( 3 ) GLOBAL_UNCERTAINTY_ASSIGNED_CONTEXT ( ( #417 ) ) GLOBAL_UNIT_ASSIGNED_CONTEXT ( ( #388, #436, #1753 ) ) REPRESENTATION_CONTEXT ( 'NONE', 'WORKASPACE' ) );
#3418 = ORIENTED_EDGE ( 'NONE', *, *, #4918, .T. ) ;
#3419 = SURFACE_STYLE_USAGE ( .BOTH. , #6812 ) ;
#3420 = PRESENTATION_LAYER_ASSIGNMENT (  '', '', ( #3544 ) ) ;
#3421 = LINE ( 'NONE', #5687, #4747 ) ;
#3422 = PRESENTATION_STYLE_ASSIGNMENT (( #595 ) ) ;
#3423 =( GEOMETRIC_REPRESENTATION_CONTEXT ( 3 ) GLOBAL_UNCERTAINTY_ASSIGNED_CONTEXT ( ( #1475 ) ) GLOBAL_UNIT_ASSIGNED_CONTEXT ( ( #3087, #3646, #849 ) ) REPRESENTATION_CONTEXT ( 'NONE', 'WORKASPACE' ) );
#3424 = ORIENTED_EDGE ( 'NONE', *, *, #2607, .F. ) ;
#3425 = PLANE ( 'NONE',  #3037 ) ;
#3426 = SURFACE_STYLE_USAGE ( .BOTH. , #564 ) ;
#3427 = DIRECTION ( 'NONE',  ( -0.9406672605435406620, 0.3393303772748771929, 0.0000000000000000000 ) ) ;
#3428 = PRESENTATION_STYLE_ASSIGNMENT (( #5169 ) ) ;
#3429 = MECHANICAL_DESIGN_GEOMETRIC_PRESENTATION_REPRESENTATION (  '', ( #4958 ), #1733 ) ;
#3430 = FILL_AREA_STYLE ('',( #481 ) ) ;
#3431 = FILL_AREA_STYLE_COLOUR ( '', #2570 ) ;
#3432 = DIRECTION ( 'NONE',  ( -0.0000000000000000000, -0.0000000000000000000, -1.000000000000000000 ) ) ;
#3433 = VECTOR ( 'NONE', #7403, 1000.000000000000000 ) ;
#3434 = VERTEX_POINT ( 'NONE', #6434 ) ;
#3435 = CARTESIAN_POINT ( 'NONE',  ( -0.1783419309291378041, 0.2767422743293728171, 0.0000000000000000000 ) ) ;
#3436 = UNCERTAINTY_MEASURE_WITH_UNIT (LENGTH_MEASURE( 1.000000000000000082E-05 ), #2911, 'distance_accuracy_value', 'NONE');
#3437 = VECTOR ( 'NONE', #7392, 1000.000000000000000 ) ;
#3438 = DIRECTION ( 'NONE',  ( 1.000000000000000000, 1.018698291231189177E-14, 0.0000000000000000000 ) ) ;
#3439 = EDGE_LOOP ( 'NONE', ( #2829, #1466, #1638, #7422, #1124, #7433, #1055, #4250 ) ) ;
#3440 = ADVANCED_FACE ( 'NONE', ( #115 ), #3593, .T. ) ;
#3441 = SURFACE_STYLE_FILL_AREA ( #1654 ) ;
#3442 =( NAMED_UNIT ( * ) SI_UNIT ( $, .STERADIAN. ) SOLID_ANGLE_UNIT ( ) );
#3443 = ORIENTED_EDGE ( 'NONE', *, *, #6531, .F. ) ;
#3444 = ADVANCED_FACE ( 'NONE', ( #1542 ), #5380, .T. ) ;
#3445 = DIRECTION ( 'NONE',  ( 0.0000000000000000000, 0.0000000000000000000, -1.000000000000000000 ) ) ;
#3446 = CARTESIAN_POINT ( 'NONE',  ( 0.2845828078863957278, 0.2467528598035945153, 0.01000000000000000021 ) ) ;
#3447 = VECTOR ( 'NONE', #2714, 1000.000000000000000 ) ;
#3448 = PRESENTATION_STYLE_ASSIGNMENT (( #7405 ) ) ;
#3449 = LINE ( 'NONE', #3406, #4448 ) ;
#3450 = STYLED_ITEM ( 'NONE', ( #4180 ), #4661 ) ;
#3451 = FILL_AREA_STYLE_COLOUR ( '', #276 ) ;
#3452 = CARTESIAN_POINT ( 'NONE',  ( -0.6889616749826644737, 1.003571233972215815, 0.9399999999999999467 ) ) ;
#3453 = ORIENTED_EDGE ( 'NONE', *, *, #6809, .F. ) ;
#3454 = MECHANICAL_DESIGN_GEOMETRIC_PRESENTATION_REPRESENTATION (  '', ( #5826 ), #6315 ) ;
#3455 = SURFACE_STYLE_FILL_AREA ( #5755 ) ;
#3456 =( NAMED_UNIT ( * ) PLANE_ANGLE_UNIT ( ) SI_UNIT ( $, .RADIAN. ) );
#3457 =( NAMED_UNIT ( * ) PLANE_ANGLE_UNIT ( ) SI_UNIT ( $, .RADIAN. ) );
#3458 = B_SPLINE_CURVE_WITH_KNOTS ( 'NONE', 3,
 ( #6350, #2880, #6243, #5152, #3482 ),
 .UNSPECIFIED., .F., .F.,
 ( 4, 1, 4 ),
 ( 0.0000000000000000000, 0.4400102286265294982, 0.9999880897000048563 ),
 .UNSPECIFIED. ) ;
#3459 = LINE ( 'NONE', #591, #687 ) ;
#3460 = EDGE_CURVE ( 'NONE', #1109, #2750, #3611, .T. ) ;
#3461 = MECHANICAL_DESIGN_GEOMETRIC_PRESENTATION_REPRESENTATION (  '', ( #2975 ), #4642 ) ;
#3462 = ORIENTED_EDGE ( 'NONE', *, *, #160, .T. ) ;
#3463 = CARTESIAN_POINT ( 'NONE',  ( -0.2251732896745813062, 0.1505257256572534730, 0.01000000000000000021 ) ) ;
#3464 = CARTESIAN_POINT ( 'NONE',  ( -0.1047845701623855291, 0.1724769451694481148, 0.0000000000000000000 ) ) ;
#3465 = EDGE_LOOP ( 'NONE', ( #6978, #2063, #3912, #4893 ) ) ;
#3466 = CARTESIAN_POINT ( 'NONE',  ( -0.2802799969916542344, 0.2285745061450586424, 0.0000000000000000000 ) ) ;
#3467 = DIRECTION ( 'NONE',  ( 0.7071067811865483499, -0.7071067811865466846, 0.0000000000000000000 ) ) ;
#3468 = DIRECTION ( 'NONE',  ( 0.0000000000000000000, 0.0000000000000000000, -1.000000000000000000 ) ) ;
#3469 = CARTESIAN_POINT ( 'NONE',  ( -0.1000000000000000611, -1.509999999999999787, 0.1799999999999999933 ) ) ;
#3470 = CARTESIAN_POINT ( 'NONE',  ( -1.000000000000000222, 1.499999999999999778, 0.0000000000000000000 ) ) ;
#3471 = PRESENTATION_STYLE_ASSIGNMENT (( #1273 ) ) ;
#3472 = ORIENTED_EDGE ( 'NONE', *, *, #805, .T. ) ;
#3473 = ORIENTED_EDGE ( 'NONE', *, *, #3754, .T. ) ;
#3474 = EDGE_CURVE ( 'NONE', #2592, #5165, #1536, .T. ) ;
#3475 =( LENGTH_UNIT ( ) NAMED_UNIT ( * ) SI_UNIT ( .MILLI., .METRE. ) );
#3476 = ORIENTED_EDGE ( 'NONE', *, *, #174, .F. ) ;
#3477 = PLANE ( 'NONE',  #7360 ) ;
#3478 = ORIENTED_EDGE ( 'NONE', *, *, #1433, .F. ) ;
#3479 = CARTESIAN_POINT ( 'NONE',  ( -0.3763928018697035305, 0.1505257256572542224, 0.01000000000000000021 ) ) ;
#3480 = CARTESIAN_POINT ( 'NONE',  ( -0.3170559116258006571, 0.3121110915109124861, 0.01000000000000000021 ) ) ;
#3481 = CARTESIAN_POINT ( 'NONE',  ( 0.03458264121972880190, 0.2627208476084721411, 0.0000000000000000000 ) ) ;
#3482 = CARTESIAN_POINT ( 'NONE',  ( 0.1871361615449324001, 0.1700379207792039049, 0.0000000000000000000 ) ) ;
#3483 = CARTESIAN_POINT ( 'NONE',  ( -0.1837098750404343450, 0.2524693232182288471, 0.0000000000000000000 ) ) ;
#3484 = SURFACE_SIDE_STYLE ('',( #6211 ) ) ;
#3485 = EDGE_CURVE ( 'NONE', #4113, #4210, #325, .T. ) ;
#3486 = ORIENTED_EDGE ( 'NONE', *, *, #1364, .T. ) ;
#3487 = FILL_AREA_STYLE ('',( #2349 ) ) ;
#3488 = DIRECTION ( 'NONE',  ( 1.707404996040163525E-16, -1.000000000000000000, 0.0000000000000000000 ) ) ;
#3489 = PLANE ( 'NONE',  #4520 ) ;
#3490 = ORIENTED_EDGE ( 'NONE', *, *, #3726, .F. ) ;
#3491 = CARTESIAN_POINT ( 'NONE',  ( 0.0000000000000000000, 0.0000000000000000000, 0.0000000000000000000 ) ) ;
#3492 = PRESENTATION_LAYER_ASSIGNMENT (  '', '', ( #2051 ) ) ;
#3493 = ORIENTED_EDGE ( 'NONE', *, *, #3100, .T. ) ;
#3494 = CARTESIAN_POINT ( 'NONE',  ( 0.1358023200815176301, 0.1828427988279843763, 0.0000000000000000000 ) ) ;
#3495 = CARTESIAN_POINT ( 'NONE',  ( 0.4500000000000000111, -0.6000000000000000888, 0.1799999999999999933 ) ) ;
#3496 = DIRECTION ( 'NONE',  ( 0.0000000000000000000, 0.0000000000000000000, -1.000000000000000000 ) ) ;
#3497 = LINE ( 'NONE', #2942, #49 ) ;
#3498 = SURFACE_SIDE_STYLE ('',( #6411 ) ) ;
#3499 = PRESENTATION_LAYER_ASSIGNMENT (  '', '', ( #844 ) ) ;
#3500 = VECTOR ( 'NONE', #5077, 1000.000000000000000 ) ;
#3501 = ORIENTED_EDGE ( 'NONE', *, *, #6430, .T. ) ;
#3502 = ORIENTED_EDGE ( 'NONE', *, *, #5942, .F. ) ;
#3503 = UNCERTAINTY_MEASURE_WITH_UNIT (LENGTH_MEASURE( 1.000000000000000082E-05 ), #6498, 'distance_accuracy_value', 'NONE');
#3504 = SURFACE_SIDE_STYLE ('',( #1314 ) ) ;
#3505 = EDGE_LOOP ( 'NONE', ( #6516, #3705, #5697, #3476, #4431, #2439 ) ) ;
#3506 = DIRECTION ( 'NONE',  ( 0.0000000000000000000, 1.000000000000000000, -0.0000000000000000000 ) ) ;
#3507 = ORIENTED_EDGE ( 'NONE', *, *, #6433, .T. ) ;
#3508 = DIRECTION ( 'NONE',  ( 6.071532165918826408E-15, -1.000000000000000000, -0.0000000000000000000 ) ) ;
#3509 = VECTOR ( 'NONE', #4397, 1000.000000000000000 ) ;
#3510 = CARTESIAN_POINT ( 'NONE',  ( 0.1358023200815176301, 0.1608915793157891516, 0.0000000000000000000 ) ) ;
#3511 = PRESENTATION_STYLE_ASSIGNMENT (( #1814 ) ) ;
#3512 = FILL_AREA_STYLE ('',( #1208 ) ) ;
#3513 = PRESENTATION_LAYER_ASSIGNMENT (  '', '', ( #4585 ) ) ;
#3514 = LINE ( 'NONE', #1817, #2163 ) ;
#3515 = CARTESIAN_POINT ( 'NONE',  ( -0.1060040823575077590, 0.3505257256572526514, 0.01000000000000000021 ) ) ;
#3516 =( GEOMETRIC_REPRESENTATION_CONTEXT ( 3 ) GLOBAL_UNCERTAINTY_ASSIGNED_CONTEXT ( ( #5400 ) ) GLOBAL_UNIT_ASSIGNED_CONTEXT ( ( #7219, #6143, #7256 ) ) REPRESENTATION_CONTEXT ( 'NONE', 'WORKASPACE' ) );
#3517 = LINE ( 'NONE', #4084, #4278 ) ;
#3518 = B_SPLINE_CURVE_WITH_KNOTS ( 'NONE', 3,
 ( #335, #3744, #866, #1513, #304, #3249 ),
 .UNSPECIFIED., .F., .F.,
 ( 4, 1, 1, 4 ),
 ( 0.0000000000000000000, 0.3333333333333333703, 0.6666666666666667407, 0.9999967968749996494 ),
 .UNSPECIFIED. ) ;
#3519 = STYLED_ITEM ( 'NONE', ( #2618 ), #1789 ) ;
#3520 =( GEOMETRIC_REPRESENTATION_CONTEXT ( 3 ) GLOBAL_UNCERTAINTY_ASSIGNED_CONTEXT ( ( #6195 ) ) GLOBAL_UNIT_ASSIGNED_CONTEXT ( ( #3231, #6581, #277 ) ) REPRESENTATION_CONTEXT ( 'NONE', 'WORKASPACE' ) );
#3521 = LINE ( 'NONE', #5225, #7211 ) ;
#3522 = EDGE_CURVE ( 'NONE', #3911, #1199, #4254, .T. ) ;
#3523 = FILL_AREA_STYLE_COLOUR ( '', #4487 ) ;
#3524 = VECTOR ( 'NONE', #4591, 1000.000000000000000 ) ;
#3525 = MECHANICAL_DESIGN_GEOMETRIC_PRESENTATION_REPRESENTATION (  '', ( #2558 ), #871 ) ;
#3526 = EDGE_CURVE ( 'NONE', #6331, #5419, #6001, .T. ) ;
#3527 = CARTESIAN_POINT ( 'NONE',  ( 0.3016559786181031710, 0.1688180752507490723, 0.0000000000000000000 ) ) ;
#3528 = DIRECTION ( 'NONE',  ( 0.0000000000000000000, -1.000000000000000000, 0.0000000000000000000 ) ) ;
#3529 = EDGE_CURVE ( 'NONE', #4834, #6420, #1882, .T. ) ;
#3530 = VECTOR ( 'NONE', #3620, 1000.000000000000000 ) ;
#3531 = EDGE_LOOP ( 'NONE', ( #2999, #1758, #679, #2165 ) ) ;
#3532 = FILL_AREA_STYLE_COLOUR ( '', #1006 ) ;
#3533 = PLANE ( 'NONE',  #4606 ) ;
#3534 = VERTEX_POINT ( 'NONE', #3165 ) ;
#3535 = PRESENTATION_LAYER_ASSIGNMENT (  '', '', ( #6525 ) ) ;
#3536 = DIRECTION ( 'NONE',  ( -0.3363908276654458129, 0.9417224702971446204, 0.0000000000000000000 ) ) ;
#3537 = CARTESIAN_POINT ( 'NONE',  ( -0.3744415823575080737, 0.2305257256572542102, 0.0000000000000000000 ) ) ;
#3538 = CARTESIAN_POINT ( 'NONE',  ( 1.010000000000001785, 0.4000000000000000222, 0.1799999999999999933 ) ) ;
#3539 = DIRECTION ( 'NONE',  ( 1.000000000000000000, -7.294734616928070783E-15, 0.0000000000000000000 ) ) ;
#3540 = UNCERTAINTY_MEASURE_WITH_UNIT (LENGTH_MEASURE( 1.000000000000000082E-05 ), #7307, 'distance_accuracy_value', 'NONE');
#3541 = COLOUR_RGB ( '',0.2509803921568627416, 0.2509803921568627416, 0.2509803921568627416 ) ;
#3542 = DIRECTION ( 'NONE',  ( 0.0000000000000000000, -0.0000000000000000000, 1.000000000000000000 ) ) ;
#3543 =( NAMED_UNIT ( * ) SI_UNIT ( $, .STERADIAN. ) SOLID_ANGLE_UNIT ( ) );
#3544 = STYLED_ITEM ( 'NONE', ( #2617 ), #1579 ) ;
#3545 = VERTEX_POINT ( 'NONE', #819 ) ;
#3546 = VERTEX_POINT ( 'NONE', #6038 ) ;
#3547 = STYLED_ITEM ( 'NONE', ( #3116 ), #3144 ) ;
#3548 = ORIENTED_EDGE ( 'NONE', *, *, #795, .T. ) ;
#3549 =( NAMED_UNIT ( * ) PLANE_ANGLE_UNIT ( ) SI_UNIT ( $, .RADIAN. ) );
#3550 = DIRECTION ( 'NONE',  ( -1.000000000000000000, -0.0000000000000000000, -0.0000000000000000000 ) ) ;
#3551 = ORIENTED_EDGE ( 'NONE', *, *, #5753, .F. ) ;
#3552 = SURFACE_SIDE_STYLE ('',( #5183 ) ) ;
#3553 = CARTESIAN_POINT ( 'NONE',  ( 0.2380080572741986034, 0.3457022410188583805, 0.01000000000000000021 ) ) ;
#3554 = MECHANICAL_DESIGN_GEOMETRIC_PRESENTATION_REPRESENTATION (  '', ( #1009 ), #2954 ) ;
#3555 = CARTESIAN_POINT ( 'NONE',  ( -0.1060040823575077590, 0.3505257256572526514, 0.0000000000000000000 ) ) ;
#3556 = EDGE_CURVE ( 'NONE', #6927, #1604, #5346, .T. ) ;
#3557 = SURFACE_STYLE_FILL_AREA ( #3512 ) ;
#3558 = MECHANICAL_DESIGN_GEOMETRIC_PRESENTATION_REPRESENTATION (  '', ( #906 ), #1017 ) ;
#3559 = VECTOR ( 'NONE', #6564, 1000.000000000000000 ) ;
#3560 = LINE ( 'NONE', #6879, #6358 ) ;
#3561 = CARTESIAN_POINT ( 'NONE',  ( 1.010000000000001785, -0.4000000000000000222, 0.1799999999999999933 ) ) ;
#3562 = LINE ( 'NONE', #691, #4819 ) ;
#3563 = SURFACE_SIDE_STYLE ('',( #1325 ) ) ;
#3564 = EDGE_CURVE ( 'NONE', #6074, #4580, #3731, .T. ) ;
#3565 = VECTOR ( 'NONE', #913, 1000.000000000000000 ) ;
#3566 = DIRECTION ( 'NONE',  ( -0.9353882635801349377, -0.3536223923290777726, 0.0000000000000000000 ) ) ;
#3567 = EDGE_CURVE ( 'NONE', #4762, #5175, #5423, .T. ) ;
#3568 =( GEOMETRIC_REPRESENTATION_CONTEXT ( 3 ) GLOBAL_UNCERTAINTY_ASSIGNED_CONTEXT ( ( #4514 ) ) GLOBAL_UNIT_ASSIGNED_CONTEXT ( ( #6271, #6743, #975 ) ) REPRESENTATION_CONTEXT ( 'NONE', 'WORKASPACE' ) );
#3569 = CARTESIAN_POINT ( 'NONE',  ( -0.07639280186970258402, 0.1724769451694480871, 0.01000000000000000021 ) ) ;
#3570 = DIRECTION ( 'NONE',  ( 0.0000000000000000000, 0.0000000000000000000, -1.000000000000000000 ) ) ;
#3571 = CARTESIAN_POINT ( 'NONE',  ( 0.3772657347156635477, 0.3505257256572530955, 0.0000000000000000000 ) ) ;
#3572 = VERTEX_POINT ( 'NONE', #3203 ) ;
#3573 =( LENGTH_UNIT ( ) NAMED_UNIT ( * ) SI_UNIT ( .MILLI., .METRE. ) );
#3574 = VERTEX_POINT ( 'NONE', #4872 ) ;
#3575 = CARTESIAN_POINT ( 'NONE',  ( 0.09677792983761446255, 0.3505257256572527624, 0.0000000000000000000 ) ) ;
#3576 = MECHANICAL_DESIGN_GEOMETRIC_PRESENTATION_REPRESENTATION (  '', ( #6319 ), #2359 ) ;
#3577 = SURFACE_STYLE_USAGE ( .BOTH. , #4754 ) ;
#3578 = CARTESIAN_POINT ( 'NONE',  ( -0.3101199360160445950, 0.3121110915109124306, 0.0000000000000000000 ) ) ;
#3579 = EDGE_LOOP ( 'NONE', ( #3472, #5613, #3612, #3254 ) ) ;
#3580 = ORIENTED_EDGE ( 'NONE', *, *, #3793, .T. ) ;
#3581 = CARTESIAN_POINT ( 'NONE',  ( 0.06994866154493213639, 0.0000000000000000000, 0.01000000000000000021 ) ) ;
#3582 = VERTEX_POINT ( 'NONE', #1921 ) ;
#3583 = SURFACE_SIDE_STYLE ('',( #749 ) ) ;
#3584 = EDGE_LOOP ( 'NONE', ( #1605, #7193, #161, #1267 ) ) ;
#3585 = LINE ( 'NONE', #2375, #5327 ) ;
#3586 = FILL_AREA_STYLE ('',( #1890 ) ) ;
#3587 = LINE ( 'NONE', #5326, #2658 ) ;
#3588 = CARTESIAN_POINT ( 'NONE',  ( 0.5000000000000000000, 0.6500000000000000222, 5.421010862427522170E-17 ) ) ;
#3589 = LINE ( 'NONE', #1933, #7339 ) ;
#3590 = SURFACE_STYLE_FILL_AREA ( #1324 ) ;
#3591 = B_SPLINE_CURVE_WITH_KNOTS ( 'NONE', 3,
 ( #1002, #440, #2818, #5012, #6730 ),
 .UNSPECIFIED., .F., .F.,
 ( 4, 1, 4 ),
 ( 0.0000000000000000000, 0.4409481981981142606, 1.000000000000000000 ),
 .UNSPECIFIED. ) ;
#3592 = B_SPLINE_CURVE_WITH_KNOTS ( 'NONE', 3,
 ( #6160, #6828, #3359, #1619, #2177 ),
 .UNSPECIFIED., .F., .F.,
 ( 4, 1, 4 ),
 ( 0.0000000000000000000, 0.4999999999999993894, 0.9999772222222211848 ),
 .UNSPECIFIED. ) ;
#3593 = PLANE ( 'NONE',  #3616 ) ;
#3594 = CARTESIAN_POINT ( 'NONE',  ( -0.2576237469916545231, 0.1598753191531886164, 0.0000000000000000000 ) ) ;
#3595 = SURFACE_STYLE_FILL_AREA ( #5365 ) ;
#3596 = EDGE_CURVE ( 'NONE', #4005, #4651, #897, .T. ) ;
#3597 = CARTESIAN_POINT ( 'NONE',  ( -0.1191039747688101974, 0.1737587268226391812, 0.0000000000000000000 ) ) ;
#3598 = ORIENTED_EDGE ( 'NONE', *, *, #5067, .T. ) ;
#3599 = CARTESIAN_POINT ( 'NONE',  ( 0.7249999999999999778, -1.500000000000000222, 0.0000000000000000000 ) ) ;
#3600 =( NAMED_UNIT ( * ) SI_UNIT ( $, .STERADIAN. ) SOLID_ANGLE_UNIT ( ) );
#3601 = VERTEX_POINT ( 'NONE', #2035 ) ;
#3602 =( NAMED_UNIT ( * ) SI_UNIT ( $, .STERADIAN. ) SOLID_ANGLE_UNIT ( ) );
#3603 = CARTESIAN_POINT ( 'NONE',  ( -0.7250000000000000888, 1.125000000000000222, 0.1799999999999999933 ) ) ;
#3604 = SURFACE_STYLE_FILL_AREA ( #6620 ) ;
#3605 = ORIENTED_EDGE ( 'NONE', *, *, #3556, .F. ) ;
#3606 = ORIENTED_EDGE ( 'NONE', *, *, #1409, .F. ) ;
#3607 = UNCERTAINTY_MEASURE_WITH_UNIT (LENGTH_MEASURE( 1.000000000000000082E-05 ), #51, 'distance_accuracy_value', 'NONE');
#3608 = EDGE_CURVE ( 'NONE', #3601, #644, #2480, .T. ) ;
#3609 = CARTESIAN_POINT ( 'NONE',  ( 1.010000000000000009, -0.1000000000000000056, -0.02000000000000000042 ) ) ;
#3610 = VECTOR ( 'NONE', #5832, 1000.000000000000000 ) ;
#3611 = LINE ( 'NONE', #207, #4338 ) ;
#3612 = ORIENTED_EDGE ( 'NONE', *, *, #1279, .F. ) ;
#3613 = SURFACE_STYLE_USAGE ( .BOTH. , #3583 ) ;
#3614 = CARTESIAN_POINT ( 'NONE',  ( 1.010000000000001785, -0.4000000000000000222, 0.1799999999999999933 ) ) ;
#3615 = EDGE_CURVE ( 'NONE', #3659, #426, #6795, .T. ) ;
#3616 = AXIS2_PLACEMENT_3D ( 'NONE', #2111, #6122, #4405 ) ;
#3617 = ORIENTED_EDGE ( 'NONE', *, *, #1340, .F. ) ;
#3618 = ADVANCED_FACE ( 'NONE', ( #1097 ), #5583, .T. ) ;
#3619 = CARTESIAN_POINT ( 'NONE',  ( 0.4040950030083467759, 0.1671923923239197751, 0.0000000000000000000 ) ) ;
#3620 = DIRECTION ( 'NONE',  ( 0.0000000000000000000, -0.0000000000000000000, -1.000000000000000000 ) ) ;
#3621 =( NAMED_UNIT ( * ) SI_UNIT ( $, .STERADIAN. ) SOLID_ANGLE_UNIT ( ) );
#3622 = CARTESIAN_POINT ( 'NONE',  ( -0.3133211555282396366, 0.3261354817548147711, 0.0000000000000000000 ) ) ;
#3623 = PRESENTATION_STYLE_ASSIGNMENT (( #5787 ) ) ;
#3624 = EDGE_CURVE ( 'NONE', #6556, #933, #6831, .T. ) ;
#3625 = PRESENTATION_LAYER_ASSIGNMENT (  '', '', ( #5170 ) ) ;
#3626 = CARTESIAN_POINT ( 'NONE',  ( -0.3101199360160445950, 0.3121110915109124306, 0.0000000000000000000 ) ) ;
#3627 = COLOUR_RGB ( '',0.7529411764705882248, 0.7529411764705882248, 0.7529411764705882248 ) ;
#3628 = COLOUR_RGB ( '',0.7529411764705882248, 0.7529411764705882248, 0.7529411764705882248 ) ;
#3629 = LINE ( 'NONE', #4124, #5032 ) ;
#3630 = CARTESIAN_POINT ( 'NONE',  ( 0.0000000000000000000, 0.0000000000000000000, 0.1799999999999999933 ) ) ;
#3631 = DIRECTION ( 'NONE',  ( 1.000000000000000000, 0.0000000000000000000, -0.0000000000000000000 ) ) ;
#3632 = CARTESIAN_POINT ( 'NONE',  ( 0.09999999999999995004, 1.499999999999999778, 0.1799999999999999933 ) ) ;
#3633 = VECTOR ( 'NONE', #4234, 1000.000000000000000 ) ;
#3634 = B_SPLINE_CURVE_WITH_KNOTS ( 'NONE', 3,
 ( #1792, #7419, #1121, #124, #632, #6403 ),
 .UNSPECIFIED., .F., .F.,
 ( 4, 1, 1, 4 ),
 ( 0.0000000000000000000, 0.3340588224789584615, 0.6666691740202148608, 1.000000000000000000 ),
 .UNSPECIFIED. ) ;
#3635 = EDGE_CURVE ( 'NONE', #6773, #2592, #1175, .T. ) ;
#3636 = PLANE ( 'NONE',  #1707 ) ;
#3637 = STYLED_ITEM ( 'NONE', ( #4573 ), #1214 ) ;
#3638 = ORIENTED_EDGE ( 'NONE', *, *, #3787, .F. ) ;
#3639 =( GEOMETRIC_REPRESENTATION_CONTEXT ( 3 ) GLOBAL_UNCERTAINTY_ASSIGNED_CONTEXT ( ( #2529 ) ) GLOBAL_UNIT_ASSIGNED_CONTEXT ( ( #7149, #2153, #6577 ) ) REPRESENTATION_CONTEXT ( 'NONE', 'WORKASPACE' ) );
#3640 = EDGE_CURVE ( 'NONE', #2834, #1811, #4512, .T. ) ;
#3641 = LINE ( 'NONE', #4821, #4381 ) ;
#3642 = ORIENTED_EDGE ( 'NONE', *, *, #5943, .T. ) ;
#3643 = DIRECTION ( 'NONE',  ( 0.0000000000000000000, 1.000000000000000000, 0.0000000000000000000 ) ) ;
#3644 = LINE ( 'NONE', #1342, #466 ) ;
#3645 = SURFACE_STYLE_USAGE ( .BOTH. , #4206 ) ;
#3646 =( NAMED_UNIT ( * ) PLANE_ANGLE_UNIT ( ) SI_UNIT ( $, .RADIAN. ) );
#3647 = PRESENTATION_LAYER_ASSIGNMENT (  '', '', ( #6496 ) ) ;
#3648 = DIRECTION ( 'NONE',  ( 0.0000000000000000000, 0.0000000000000000000, -1.000000000000000000 ) ) ;
#3649 = DIRECTION ( 'NONE',  ( -1.000000000000000000, -0.0000000000000000000, -0.0000000000000000000 ) ) ;
#3650 = EDGE_LOOP ( 'NONE', ( #5468, #6418, #2187, #2143 ) ) ;
#3651 = VERTEX_POINT ( 'NONE', #3363 ) ;
#3652 = CARTESIAN_POINT ( 'NONE',  ( -0.05862730390222292004, 0.1505257256572528068, 0.0000000000000000000 ) ) ;
#3653 = VECTOR ( 'NONE', #3955, 1000.000000000000000 ) ;
#3654 = SURFACE_STYLE_FILL_AREA ( #2553 ) ;
#3655 = ORIENTED_EDGE ( 'NONE', *, *, #6673, .T. ) ;
#3656 = ORIENTED_EDGE ( 'NONE', *, *, #3095, .T. ) ;
#3657 = FACE_OUTER_BOUND ( 'NONE', #396, .T. ) ;
#3658 = CARTESIAN_POINT ( 'NONE',  ( -0.005661094552629298421, 0.0000000000000000000, 0.01000000000000000021 ) ) ;
#3659 = VERTEX_POINT ( 'NONE', #6238 ) ;
#3660 = VECTOR ( 'NONE', #1105, 1000.000000000000000 ) ;
#3661 = DIRECTION ( 'NONE',  ( 6.071532165918827986E-15, 1.000000000000000000, 0.0000000000000000000 ) ) ;
#3662 =( GEOMETRIC_REPRESENTATION_CONTEXT ( 3 ) GLOBAL_UNCERTAINTY_ASSIGNED_CONTEXT ( ( #5240 ) ) GLOBAL_UNIT_ASSIGNED_CONTEXT ( ( #610, #1137, #3442 ) ) REPRESENTATION_CONTEXT ( 'NONE', 'WORKASPACE' ) );
#3663 = DIRECTION ( 'NONE',  ( 2.168404344971008868E-16, -1.000000000000000000, 0.0000000000000000000 ) ) ;
#3664 = PRESENTATION_LAYER_ASSIGNMENT (  '', '', ( #6391 ) ) ;
#3665 = VECTOR ( 'NONE', #7052, 1000.000000000000000 ) ;
#3666 = DIRECTION ( 'NONE',  ( -1.000000000000000000, 0.0000000000000000000, -0.0000000000000000000 ) ) ;
#3667 = STYLED_ITEM ( 'NONE', ( #3422 ), #2979 ) ;
#3668 = CARTESIAN_POINT ( 'NONE',  ( 0.2080151599809529350, 0.1500878620550340214, 0.0000000000000000000 ) ) ;
#3669 = EDGE_CURVE ( 'NONE', #710, #3685, #1449, .T. ) ;
#3670 =( GEOMETRIC_REPRESENTATION_CONTEXT ( 3 ) GLOBAL_UNCERTAINTY_ASSIGNED_CONTEXT ( ( #6129 ) ) GLOBAL_UNIT_ASSIGNED_CONTEXT ( ( #2251, #4543, #6900 ) ) REPRESENTATION_CONTEXT ( 'NONE', 'WORKASPACE' ) );
#3671 = ADVANCED_FACE ( 'NONE', ( #3400 ), #3976, .T. ) ;
#3672 = SURFACE_STYLE_USAGE ( .BOTH. , #2526 ) ;
#3673 = FILL_AREA_STYLE_COLOUR ( '', #6726 ) ;
#3674 = VECTOR ( 'NONE', #1185, 1000.000000000000000 ) ;
#3675 = UNCERTAINTY_MEASURE_WITH_UNIT (LENGTH_MEASURE( 1.000000000000000082E-05 ), #7180, 'distance_accuracy_value', 'NONE');
#3676 = STYLED_ITEM ( 'NONE', ( #1085 ), #2885 ) ;
#3677 = DIRECTION ( 'NONE',  ( 0.0000000000000000000, 0.0000000000000000000, -1.000000000000000000 ) ) ;
#3678 = COLOUR_RGB ( '',0.7529411764705882248, 0.7529411764705882248, 0.7529411764705882248 ) ;
#3679 = COLOUR_RGB ( '',0.7529411764705882248, 0.7529411764705882248, 0.7529411764705882248 ) ;
#3680 =( NAMED_UNIT ( * ) SI_UNIT ( $, .STERADIAN. ) SOLID_ANGLE_UNIT ( ) );
#3681 = CARTESIAN_POINT ( 'NONE',  ( 0.3750000000000000000, 1.509999999999999787, 0.1799999999999999933 ) ) ;
#3682 = CARTESIAN_POINT ( 'NONE',  ( 0.1358023200815171860, 0.3182086524865211929, 0.0000000000000000000 ) ) ;
#3683 = FILL_AREA_STYLE_COLOUR ( '', #5227 ) ;
#3684 = SURFACE_STYLE_USAGE ( .BOTH. , #731 ) ;
#3685 = VERTEX_POINT ( 'NONE', #5184 ) ;
#3686 = PRESENTATION_LAYER_ASSIGNMENT (  '', '', ( #1155 ) ) ;
#3687 = LINE ( 'NONE', #7079, #891 ) ;
#3688 = EDGE_CURVE ( 'NONE', #2054, #6297, #6915, .T. ) ;
#3689 = ORIENTED_EDGE ( 'NONE', *, *, #3077, .T. ) ;
#3690 = CARTESIAN_POINT ( 'NONE',  ( -0.3561565213818983500, 0.2066232866328639450, 0.0000000000000000000 ) ) ;
#3691 = SURFACE_STYLE_USAGE ( .BOTH. , #4322 ) ;
#3692 = LINE ( 'NONE', #814, #2182 ) ;
#3693 = DIRECTION ( 'NONE',  ( 0.0000000000000000000, 0.0000000000000000000, -1.000000000000000000 ) ) ;
#3694 = CARTESIAN_POINT ( 'NONE',  ( -1.000000000000000000, 0.4000000000000001887, 0.9499999999999999556 ) ) ;
#3695 = ORIENTED_EDGE ( 'NONE', *, *, #5596, .F. ) ;
#3696 = ORIENTED_EDGE ( 'NONE', *, *, #2774, .T. ) ;
#3697 = CARTESIAN_POINT ( 'NONE',  ( 0.1828678688620049564, 0.3529647500474969446, 0.01000000000000000021 ) ) ;
#3698 = DIRECTION ( 'NONE',  ( -7.228014483236695816E-17, 1.000000000000000000, -0.0000000000000000000 ) ) ;
#3699 = VECTOR ( 'NONE', #4316, 1000.000000000000000 ) ;
#3700 =( GEOMETRIC_REPRESENTATION_CONTEXT ( 3 ) GLOBAL_UNCERTAINTY_ASSIGNED_CONTEXT ( ( #6492 ) ) GLOBAL_UNIT_ASSIGNED_CONTEXT ( ( #5633, #2271, #6844 ) ) REPRESENTATION_CONTEXT ( 'NONE', 'WORKASPACE' ) );
#3701 = EDGE_LOOP ( 'NONE', ( #6732, #788, #2826, #6676, #6447, #1502, #773, #4421, #1241, #6193, #1167, #3453 ) ) ;
#3702 = ORIENTED_EDGE ( 'NONE', *, *, #2003, .T. ) ;
#3703 = SURFACE_SIDE_STYLE ('',( #790 ) ) ;
#3704 =( NAMED_UNIT ( * ) SI_UNIT ( $, .STERADIAN. ) SOLID_ANGLE_UNIT ( ) );
#3705 = ORIENTED_EDGE ( 'NONE', *, *, #6891, .F. ) ;
#3706 =( NAMED_UNIT ( * ) SI_UNIT ( $, .STERADIAN. ) SOLID_ANGLE_UNIT ( ) );
#3707 = CARTESIAN_POINT ( 'NONE',  ( 0.2380080572741986034, 0.3457022410188583805, 0.01000000000000000021 ) ) ;
#3708 = COLOUR_RGB ( '',1.000000000000000000, 1.000000000000000000, 1.000000000000000000 ) ;
#3709 = ADVANCED_FACE ( 'NONE', ( #4733 ), #2915, .T. ) ;
#3710 = SURFACE_SIDE_STYLE ('',( #6532 ) ) ;
#3711 = LINE ( 'NONE', #829, #1339 ) ;
#3712 = CARTESIAN_POINT ( 'NONE',  ( 0.2502381773863927572, 0.3119006422047074789, 0.01000000000000000021 ) ) ;
#3713 = UNCERTAINTY_MEASURE_WITH_UNIT (LENGTH_MEASURE( 1.000000000000000082E-05 ), #278, 'distance_accuracy_value', 'NONE');
#3714 = DIRECTION ( 'NONE',  ( 0.0000000000000000000, 0.0000000000000000000, -1.000000000000000000 ) ) ;
#3715 = FILL_AREA_STYLE ('',( #1416 ) ) ;
#3716 = SURFACE_SIDE_STYLE ('',( #1825 ) ) ;
#3717 = EDGE_CURVE ( 'NONE', #2643, #1804, #1929, .T. ) ;
#3718 = CARTESIAN_POINT ( 'NONE',  ( -0.1801657724004321059, 0.2096777509395354178, 0.0000000000000000000 ) ) ;
#3719 = ORIENTED_EDGE ( 'NONE', *, *, #6020, .F. ) ;
#3720 = DIRECTION ( 'NONE',  ( -0.0000000000000000000, 0.0000000000000000000, 1.000000000000000000 ) ) ;
#3721 = CARTESIAN_POINT ( 'NONE',  ( 0.09677792983761511481, 0.1505257256572525848, 0.0000000000000000000 ) ) ;
#3722 = CARTESIAN_POINT ( 'NONE',  ( 1.010000000000000231, 0.6500000000000000222, -0.02000000000000000042 ) ) ;
#3723 = DIRECTION ( 'NONE',  ( 0.0000000000000000000, -0.0000000000000000000, 1.000000000000000000 ) ) ;
#3724 = AXIS2_PLACEMENT_3D ( 'NONE', #23, #2469, #2320 ) ;
#3725 = SURFACE_STYLE_FILL_AREA ( #1949 ) ;
#3726 = EDGE_CURVE ( 'NONE', #3346, #4365, #5891, .T. ) ;
#3727 = DIRECTION ( 'NONE',  ( 0.0000000000000000000, 0.0000000000000000000, -1.000000000000000000 ) ) ;
#3728 = ORIENTED_EDGE ( 'NONE', *, *, #1173, .F. ) ;
#3729 = ORIENTED_EDGE ( 'NONE', *, *, #4524, .F. ) ;
#3730 = DIRECTION ( 'NONE',  ( 1.000000000000000000, 0.0000000000000000000, 0.0000000000000000000 ) ) ;
#3731 = LINE ( 'NONE', #745, #6466 ) ;
#3732 = ORIENTED_EDGE ( 'NONE', *, *, #2259, .F. ) ;
#3733 = VERTEX_POINT ( 'NONE', #4150 ) ;
#3734 = CARTESIAN_POINT ( 'NONE',  ( -0.2852533201623859149, 0.2424972703727009682, 0.01000000000000000021 ) ) ;
#3735 =( GEOMETRIC_REPRESENTATION_CONTEXT ( 3 ) GLOBAL_UNCERTAINTY_ASSIGNED_CONTEXT ( ( #2227 ) ) GLOBAL_UNIT_ASSIGNED_CONTEXT ( ( #1135, #1540, #6698 ) ) REPRESENTATION_CONTEXT ( 'NONE', 'WORKASPACE' ) );
#3736 = SURFACE_STYLE_FILL_AREA ( #1504 ) ;
#3737 = LINE ( 'NONE', #1962, #3895 ) ;
#3738 = VERTEX_POINT ( 'NONE', #5854 ) ;
#3739 = FACE_OUTER_BOUND ( 'NONE', #4511, .T. ) ;
#3740 = CARTESIAN_POINT ( 'NONE',  ( -1.009999999999998455, -0.4000000000000000222, -0.02000000000000000042 ) ) ;
#3741 = DIRECTION ( 'NONE',  ( -1.212335156506519441E-14, -1.000000000000000000, 0.0000000000000000000 ) ) ;
#3742 = VECTOR ( 'NONE', #1429, 1000.000000000000000 ) ;
#3743 =( NAMED_UNIT ( * ) SI_UNIT ( $, .STERADIAN. ) SOLID_ANGLE_UNIT ( ) );
#3744 = CARTESIAN_POINT ( 'NONE',  ( -0.07639280186970251463, 0.1898211186111824489, 0.0000000000000000000 ) ) ;
#3745 =( NAMED_UNIT ( * ) PLANE_ANGLE_UNIT ( ) SI_UNIT ( $, .RADIAN. ) );
#3746 = SURFACE_SIDE_STYLE ('',( #1441 ) ) ;
#3747 = VECTOR ( 'NONE', #2334, 1000.000000000000000 ) ;
#3748 = CARTESIAN_POINT ( 'NONE',  ( 0.3749999999999998890, 0.8749999999999998890, 0.1799999999999999933 ) ) ;
#3749 = VECTOR ( 'NONE', #5121, 1000.000000000000000 ) ;
#3750 = CARTESIAN_POINT ( 'NONE',  ( -0.7250000000000000888, 1.125000000000000222, 0.1799999999999999933 ) ) ;
#3751 = STYLED_ITEM ( 'NONE', ( #1780 ), #4403 ) ;
#3752 = PRESENTATION_STYLE_ASSIGNMENT (( #3074 ) ) ;
#3753 = CARTESIAN_POINT ( 'NONE',  ( -0.04956353357701982071, 0.0000000000000000000, 0.01000000000000000021 ) ) ;
#3754 = EDGE_CURVE ( 'NONE', #4420, #4328, #144, .T. ) ;
#3755 = VECTOR ( 'NONE', #4139, 1000.000000000000000 ) ;
#3756 = VERTEX_POINT ( 'NONE', #5322 ) ;
#3757 = CARTESIAN_POINT ( 'NONE',  ( -0.5000000000000000000, -0.6500000000000000222, -0.02000000000000000042 ) ) ;
#3758 = EDGE_CURVE ( 'NONE', #2481, #2245, #2893, .T. ) ;
#3759 = DIRECTION ( 'NONE',  ( -1.000000000000000000, -0.0000000000000000000, -0.0000000000000000000 ) ) ;
#3760 =( GEOMETRIC_REPRESENTATION_CONTEXT ( 3 ) GLOBAL_UNCERTAINTY_ASSIGNED_CONTEXT ( ( #32 ) ) GLOBAL_UNIT_ASSIGNED_CONTEXT ( ( #3224, #6168, #1519 ) ) REPRESENTATION_CONTEXT ( 'NONE', 'WORKASPACE' ) );
#3761 = FILL_AREA_STYLE ('',( #7187 ) ) ;
#3762 = CARTESIAN_POINT ( 'NONE',  ( -0.9009172689124350653, 1.129698944080104184, 0.9499999999999999556 ) ) ;
#3763 = PRESENTATION_LAYER_ASSIGNMENT (  '', '', ( #3637 ) ) ;
#3764 = DIRECTION ( 'NONE',  ( -0.0000000000000000000, 0.0000000000000000000, 1.000000000000000000 ) ) ;
#3765 = STYLED_ITEM ( 'NONE', ( #48 ), #1858 ) ;
#3766 = VERTEX_POINT ( 'NONE', #1813 ) ;
#3767 = STYLED_ITEM ( 'NONE', ( #3299 ), #5688 ) ;
#3768 = EDGE_LOOP ( 'NONE', ( #4400, #5178, #6099, #16 ) ) ;
#3769 = CARTESIAN_POINT ( 'NONE',  ( 0.1425066555144659242, 0.3472783259253054977, 0.0000000000000000000 ) ) ;
#3770 = DIRECTION ( 'NONE',  ( -1.000000000000000000, 0.0000000000000000000, 0.0000000000000000000 ) ) ;
#3771 = ORIENTED_EDGE ( 'NONE', *, *, #5569, .T. ) ;
#3772 = ORIENTED_EDGE ( 'NONE', *, *, #5506, .F. ) ;
#3773 = DIRECTION ( 'NONE',  ( 0.0000000000000000000, -0.0000000000000000000, -1.000000000000000000 ) ) ;
#3774 = VECTOR ( 'NONE', #3285, 1000.000000000000000 ) ;
#3775 = PRESENTATION_LAYER_ASSIGNMENT (  '', '', ( #2558 ) ) ;
#3776 = LINE ( 'NONE', #858, #5105 ) ;
#3777 = CARTESIAN_POINT ( 'NONE',  ( 0.02970459243924096493, 0.1724769451694476985, 0.0000000000000000000 ) ) ;
#3778 = VERTEX_POINT ( 'NONE', #6481 ) ;
#3779 = CARTESIAN_POINT ( 'NONE',  ( -0.6226458158190147918, 1.129698944080103740, 0.9399999999999998357 ) ) ;
#3780 = CARTESIAN_POINT ( 'NONE',  ( -1.009999999999998455, 0.4000000000000000222, -0.02000000000000000042 ) ) ;
#3781 = FACE_OUTER_BOUND ( 'NONE', #7250, .T. ) ;
#3782 = VERTEX_POINT ( 'NONE', #5779 ) ;
#3783 = DIRECTION ( 'NONE',  ( 0.0000000000000000000, 0.0000000000000000000, 1.000000000000000000 ) ) ;
#3784 =( NAMED_UNIT ( * ) SI_UNIT ( $, .STERADIAN. ) SOLID_ANGLE_UNIT ( ) );
#3785 = VECTOR ( 'NONE', #106, 1000.000000000000000 ) ;
#3786 = MECHANICAL_DESIGN_GEOMETRIC_PRESENTATION_REPRESENTATION (  '', ( #6744 ), #5079 ) ;
#3787 = EDGE_CURVE ( 'NONE', #5962, #1964, #4665, .T. ) ;
#3788 = MECHANICAL_DESIGN_GEOMETRIC_PRESENTATION_REPRESENTATION (  '', ( #1488 ), #2817 ) ;
#3789 = COLOUR_RGB ( '',1.000000000000000000, 0.5019607843137254832, 0.0000000000000000000 ) ;
#3790 = STYLED_ITEM ( 'NONE', ( #5724 ), #2997 ) ;
#3791 = CARTESIAN_POINT ( 'NONE',  ( -0.3129042509149978502, 0.3234749090276954342, 0.01000000000000000021 ) ) ;
#3792 = SURFACE_STYLE_USAGE ( .BOTH. , #5622 ) ;
#3793 = EDGE_CURVE ( 'NONE', #6477, #6220, #6950, .T. ) ;
#3794 = EDGE_CURVE ( 'NONE', #4786, #3175, #5828, .T. ) ;
#3795 = ORIENTED_EDGE ( 'NONE', *, *, #1075, .F. ) ;
#3796 =( NAMED_UNIT ( * ) SI_UNIT ( $, .STERADIAN. ) SOLID_ANGLE_UNIT ( ) );
#3797 = CARTESIAN_POINT ( 'NONE',  ( 0.0000000000000000000, 0.0000000000000000000, 0.1799999999999999933 ) ) ;
#3798 = STYLED_ITEM ( 'NONE', ( #2494 ), #6700 ) ;
#3799 = LINE ( 'NONE', #316, #7212 ) ;
#3800 = CARTESIAN_POINT ( 'NONE',  ( -0.1058897530892148470, 0.3285745061450576765, 0.0000000000000000000 ) ) ;
#3802 = PLANE ( 'NONE',  #1351 ) ;
#3801 = VECTOR ( 'NONE', #280, 1000.000000000000114 ) ;
#3803 = LINE ( 'NONE', #3090, #739 ) ;
#3804 = STYLED_ITEM ( 'NONE', ( #3926 ), #6270 ) ;
#3805 = VERTEX_POINT ( 'NONE', #3780 ) ;
#3806 = ORIENTED_EDGE ( 'NONE', *, *, #554, .F. ) ;
#3807 = SURFACE_SIDE_STYLE ('',( #3238 ) ) ;
#3808 = ORIENTED_EDGE ( 'NONE', *, *, #6433, .F. ) ;
#3809 = ORIENTED_EDGE ( 'NONE', *, *, #2681, .F. ) ;
#3810 = CARTESIAN_POINT ( 'NONE',  ( 0.2502381773863927572, 0.3119006422047074789, 0.01000000000000000021 ) ) ;
#3811 = MECHANICAL_DESIGN_GEOMETRIC_PRESENTATION_REPRESENTATION (  '', ( #3450 ), #7144 ) ;
#3812 = SURFACE_SIDE_STYLE ('',( #6115 ) ) ;
#3813 = ORIENTED_EDGE ( 'NONE', *, *, #1539, .T. ) ;
#3814 = CARTESIAN_POINT ( 'NONE',  ( -0.04956353357701915457, 0.2505257256572526181, 0.0000000000000000000 ) ) ;
#3815 = AXIS2_PLACEMENT_3D ( 'NONE', #6669, #2167, #3348 ) ;
#3816 = ORIENTED_EDGE ( 'NONE', *, *, #6982, .F. ) ;
#3817 = B_SPLINE_CURVE_WITH_KNOTS ( 'NONE', 3,
 ( #147, #2566, #2414, #4769, #4737 ),
 .UNSPECIFIED., .F., .F.,
 ( 4, 1, 4 ),
 ( 0.0000000000000000000, 0.4404366560237413242, 0.9999999999999998890 ),
 .UNSPECIFIED. ) ;
#3818 = LINE ( 'NONE', #5393, #1698 ) ;
#3819 =( NAMED_UNIT ( * ) PLANE_ANGLE_UNIT ( ) SI_UNIT ( $, .RADIAN. ) );
#3820 = LINE ( 'NONE', #2527, #1589 ) ;
#3821 = UNCERTAINTY_MEASURE_WITH_UNIT (LENGTH_MEASURE( 1.000000000000000082E-05 ), #960, 'distance_accuracy_value', 'NONE');
#3822 = VECTOR ( 'NONE', #553, 1000.000000000000000 ) ;
#3823 = PLANE ( 'NONE',  #4619 ) ;
#3824 = UNCERTAINTY_MEASURE_WITH_UNIT (LENGTH_MEASURE( 1.000000000000000082E-05 ), #1855, 'distance_accuracy_value', 'NONE');
#3825 = SURFACE_STYLE_USAGE ( .BOTH. , #3288 ) ;
#3826 = PRESENTATION_STYLE_ASSIGNMENT (( #3792 ) ) ;
#3827 =( LENGTH_UNIT ( ) NAMED_UNIT ( * ) SI_UNIT ( .MILLI., .METRE. ) );
#3828 = DIRECTION ( 'NONE',  ( 1.000000000000000000, 0.0000000000000000000, 0.0000000000000000000 ) ) ;
#3829 = EDGE_LOOP ( 'NONE', ( #2873, #3129, #178, #6112, #4626 ) ) ;
#3830 = SURFACE_STYLE_FILL_AREA ( #3902 ) ;
#3831 = SURFACE_STYLE_USAGE ( .BOTH. , #4452 ) ;
#3832 = CARTESIAN_POINT ( 'NONE',  ( 0.0000000000000000000, 0.3285745061450575100, 0.01000000000000000021 ) ) ;
#3833 = PRESENTATION_STYLE_ASSIGNMENT (( #1527 ) ) ;
#3834 = SURFACE_STYLE_USAGE ( .BOTH. , #3156 ) ;
#3835 = DIRECTION ( 'NONE',  ( 0.0000000000000000000, 0.0000000000000000000, -1.000000000000000000 ) ) ;
#3836 =( NAMED_UNIT ( * ) PLANE_ANGLE_UNIT ( ) SI_UNIT ( $, .RADIAN. ) );
#3837 = VERTEX_POINT ( 'NONE', #4799 ) ;
#3838 = ORIENTED_EDGE ( 'NONE', *, *, #4273, .F. ) ;
#3839 = CARTESIAN_POINT ( 'NONE',  ( 1.000000000000000222, 1.499999999999999778, 0.0000000000000000000 ) ) ;
#3840 = CARTESIAN_POINT ( 'NONE',  ( 0.1589025150183017709, 0.3297461275250184176, 0.01000000000000000021 ) ) ;
#3841 = EDGE_LOOP ( 'NONE', ( #4130, #2821, #1353, #4490 ) ) ;
#3842 = DIRECTION ( 'NONE',  ( 0.0000000000000000000, -0.0000000000000000000, -1.000000000000000000 ) ) ;
#3843 = FILL_AREA_STYLE ('',( #3877 ) ) ;
#3844 = ORIENTED_EDGE ( 'NONE', *, *, #667, .T. ) ;
#3845 = CARTESIAN_POINT ( 'NONE',  ( -0.9009172689124349542, 1.153972233207790854, 0.9399999999999997247 ) ) ;
#3846 = FILL_AREA_STYLE_COLOUR ( '', #5892 ) ;
#3847 = LINE ( 'NONE', #2790, #495 ) ;
#3848 = CARTESIAN_POINT ( 'NONE',  ( -0.4056610945526302747, 0.1505257256572543889, 0.0000000000000000000 ) ) ;
#3849 =( GEOMETRIC_REPRESENTATION_CONTEXT ( 3 ) GLOBAL_UNCERTAINTY_ASSIGNED_CONTEXT ( ( #2845 ) ) GLOBAL_UNIT_ASSIGNED_CONTEXT ( ( #6579, #5369, #4817 ) ) REPRESENTATION_CONTEXT ( 'NONE', 'WORKASPACE' ) );
#3850 = ORIENTED_EDGE ( 'NONE', *, *, #3526, .T. ) ;
#3851 = EDGE_CURVE ( 'NONE', #4210, #6811, #2672, .T. ) ;
#3852 = EDGE_CURVE ( 'NONE', #7190, #2438, #364, .T. ) ;
#3853 = CARTESIAN_POINT ( 'NONE',  ( -1.000000000000000222, 1.499999999999999778, 0.0000000000000000000 ) ) ;
#3854 = ADVANCED_FACE ( 'NONE', ( #6529 ), #331, .T. ) ;
#3855 = PRESENTATION_STYLE_ASSIGNMENT (( #5616 ) ) ;
#3856 = CARTESIAN_POINT ( 'NONE',  ( -0.9999999999999995559, -1.500000000000000222, 0.9499999999999999556 ) ) ;
#3857 = PRESENTATION_STYLE_ASSIGNMENT (( #3825 ) ) ;
#3858 = CARTESIAN_POINT ( 'NONE',  ( -0.1060040823575077590, 0.3505257256572526514, 0.01000000000000000021 ) ) ;
#3859 = VECTOR ( 'NONE', #4576, 1000.000000000000000 ) ;
#3860 = ORIENTED_EDGE ( 'NONE', *, *, #5729, .T. ) ;
#3861 = PRESENTATION_STYLE_ASSIGNMENT (( #1597 ) ) ;
#3862 = SURFACE_STYLE_FILL_AREA ( #6655 ) ;
#3863 = VECTOR ( 'NONE', #3889, 1000.000000000000000 ) ;
#3864 = EDGE_CURVE ( 'NONE', #6452, #6556, #2073, .T. ) ;
#3865 = COLOUR_RGB ( '',1.000000000000000000, 1.000000000000000000, 1.000000000000000000 ) ;
#3866 = CARTESIAN_POINT ( 'NONE',  ( 1.010000000000000453, 1.125000000000000222, -0.02000000000000000042 ) ) ;
#3867 = CARTESIAN_POINT ( 'NONE',  ( 0.1908328078863958666, 0.1480867012670087912, 0.0000000000000000000 ) ) ;
#3868 = EDGE_CURVE ( 'NONE', #5381, #1794, #3068, .T. ) ;
#3869 = EDGE_LOOP ( 'NONE', ( #478, #5010, #1120, #5212 ) ) ;
#3870 = ORIENTED_EDGE ( 'NONE', *, *, #6616, .F. ) ;
#3871 = DIRECTION ( 'NONE',  ( -1.000000000000000000, 0.0000000000000000000, 0.0000000000000000000 ) ) ;
#3872 = CARTESIAN_POINT ( 'NONE',  ( -0.8879092524736132974, 1.056879076697043729, 0.9400000000000000577 ) ) ;
#3873 = ORIENTED_EDGE ( 'NONE', *, *, #4931, .T. ) ;
#3874 = DIRECTION ( 'NONE',  ( 0.0000000000000000000, -1.000000000000000000, 0.0000000000000000000 ) ) ;
#3875 = CARTESIAN_POINT ( 'NONE',  ( -0.2957423953656382332, 0.3371923923239203980, 0.0000000000000000000 ) ) ;
#3876 = CARTESIAN_POINT ( 'NONE',  ( 0.06994866154493213639, 0.1724769451694477540, 0.01000000000000000021 ) ) ;
#3877 = FILL_AREA_STYLE_COLOUR ( '', #7129 ) ;
#3878 = PRESENTATION_LAYER_ASSIGNMENT (  '', '', ( #3765 ) ) ;
#3879 = EDGE_LOOP ( 'NONE', ( #1335, #6586, #855, #1427, #1311, #68, #4835, #6699, #3115, #5610, #2506, #7231, #2267, #4396, #4567, #2161, #2466 ) ) ;
#3880 = SURFACE_SIDE_STYLE ('',( #3317 ) ) ;
#3881 = LINE ( 'NONE', #485, #6124 ) ;
#3882 = CARTESIAN_POINT ( 'NONE',  ( 0.1358023200815171583, 0.3226801972019683329, 0.0000000000000000000 ) ) ;
#3883 = EDGE_CURVE ( 'NONE', #3052, #4210, #4370, .T. ) ;
#3884 = STYLED_ITEM ( 'NONE', ( #5980 ), #2053 ) ;
#3885 = MECHANICAL_DESIGN_GEOMETRIC_PRESENTATION_REPRESENTATION (  '', ( #6615 ), #3407 ) ;
#3886 = VECTOR ( 'NONE', #1421, 1000.000000000000000 ) ;
#3887 = ORIENTED_EDGE ( 'NONE', *, *, #7072, .T. ) ;
#3888 = PLANE ( 'NONE',  #3198 ) ;
#3889 = DIRECTION ( 'NONE',  ( 2.168404344971008868E-16, -1.000000000000000000, 0.0000000000000000000 ) ) ;
#3890 = UNCERTAINTY_MEASURE_WITH_UNIT (LENGTH_MEASURE( 1.000000000000000082E-05 ), #6537, 'distance_accuracy_value', 'NONE');
#3891 = CARTESIAN_POINT ( 'NONE',  ( 0.7250000000000000888, 1.125000000000000222, -0.02000000000000000042 ) ) ;
#3892 = ADVANCED_FACE ( 'NONE', ( #254 ), #5389, .T. ) ;
#3893 = LINE ( 'NONE', #1740, #5409 ) ;
#3894 = CARTESIAN_POINT ( 'NONE',  ( -0.9999999999999995559, -1.500000000000000222, 0.0000000000000000000 ) ) ;
#3895 = VECTOR ( 'NONE', #4259, 1000.000000000000000 ) ;
#3896 = DIRECTION ( 'NONE',  ( 1.000000000000000000, -0.0000000000000000000, 0.0000000000000000000 ) ) ;
#3897 =( NAMED_UNIT ( * ) PLANE_ANGLE_UNIT ( ) SI_UNIT ( $, .RADIAN. ) );
#3898 = DIRECTION ( 'NONE',  ( 1.000000000000000000, -0.0000000000000000000, 0.0000000000000000000 ) ) ;
#3899 = AXIS2_PLACEMENT_3D ( 'NONE', #7147, #2688, #310 ) ;
#3900 = CARTESIAN_POINT ( 'NONE',  ( -0.3170559116258006571, 0.3121110915109124861, 0.0000000000000000000 ) ) ;
#3901 = ORIENTED_EDGE ( 'NONE', *, *, #3322, .T. ) ;
#3902 = FILL_AREA_STYLE ('',( #348 ) ) ;
#3903 = VECTOR ( 'NONE', #1381, 1000.000000000000000 ) ;
#3904 =( LENGTH_UNIT ( ) NAMED_UNIT ( * ) SI_UNIT ( .MILLI., .METRE. ) );
#3905 = CARTESIAN_POINT ( 'NONE',  ( 0.01100590544737110182, 0.2407696280962770274, 0.0000000000000000000 ) ) ;
#3906 = SURFACE_SIDE_STYLE ('',( #3375 ) ) ;
#3907 = VECTOR ( 'NONE', #2471, 1000.000000000000000 ) ;
#3908 = STYLED_ITEM ( 'NONE', ( #3410 ), #3226 ) ;
#3909 = LINE ( 'NONE', #472, #5426 ) ;
#3910 = CARTESIAN_POINT ( 'NONE',  ( 0.09677792983761504542, 0.2005257256572526847, 0.0000000000000000000 ) ) ;
#3911 = VERTEX_POINT ( 'NONE', #1687 ) ;
#3912 = ORIENTED_EDGE ( 'NONE', *, *, #4558, .F. ) ;
#3913 = B_SPLINE_CURVE_WITH_KNOTS ( 'NONE', 3,
 ( #5671, #548, #7032, #4636, #1290, #1212 ),
 .UNSPECIFIED., .F., .F.,
 ( 4, 1, 1, 4 ),
 ( 0.0000000000000000000, 0.3332070704463929167, 0.6659311317828070509, 0.9999960431151300178 ),
 .UNSPECIFIED. ) ;
#3914 =( LENGTH_UNIT ( ) NAMED_UNIT ( * ) SI_UNIT ( .MILLI., .METRE. ) );
#3915 = SURFACE_STYLE_USAGE ( .BOTH. , #395 ) ;
#3916 = ORIENTED_EDGE ( 'NONE', *, *, #3991, .T. ) ;
#3917 = PRESENTATION_STYLE_ASSIGNMENT (( #479 ) ) ;
#3918 =( LENGTH_UNIT ( ) NAMED_UNIT ( * ) SI_UNIT ( .MILLI., .METRE. ) );
#3919 = CARTESIAN_POINT ( 'NONE',  ( 1.000000000000000222, 1.499999999999999778, 0.0000000000000000000 ) ) ;
#3920 =( NAMED_UNIT ( * ) SI_UNIT ( $, .STERADIAN. ) SOLID_ANGLE_UNIT ( ) );
#3921 = EDGE_LOOP ( 'NONE', ( #1675, #4326, #3, #1239 ) ) ;
#3922 =( GEOMETRIC_REPRESENTATION_CONTEXT ( 3 ) GLOBAL_UNCERTAINTY_ASSIGNED_CONTEXT ( ( #6269 ) ) GLOBAL_UNIT_ASSIGNED_CONTEXT ( ( #6791, #7401, #1061 ) ) REPRESENTATION_CONTEXT ( 'NONE', 'WORKASPACE' ) );
#3923 = CARTESIAN_POINT ( 'NONE',  ( -0.7250000000000001998, -1.500000000000000222, 0.0000000000000000000 ) ) ;
#3924 = SURFACE_SIDE_STYLE ('',( #6157 ) ) ;
#3925 = VERTEX_POINT ( 'NONE', #5696 ) ;
#3926 = PRESENTATION_STYLE_ASSIGNMENT (( #977 ) ) ;
#3927 = EDGE_CURVE ( 'NONE', #821, #5115, #5653, .T. ) ;
#3928 = CARTESIAN_POINT ( 'NONE',  ( 0.06994866154493169230, 0.3285745061450576765, 0.0000000000000000000 ) ) ;
#3929 = CARTESIAN_POINT ( 'NONE',  ( -0.3139336061943204248, 0.3240664847606357646, 0.01000000000000000021 ) ) ;
#3930 = UNCERTAINTY_MEASURE_WITH_UNIT (LENGTH_MEASURE( 1.000000000000000082E-05 ), #3475, 'distance_accuracy_value', 'NONE');
#3931 = FILL_AREA_STYLE ('',( #6796 ) ) ;
#3932 = DIRECTION ( 'NONE',  ( 0.0000000000000000000, 0.0000000000000000000, -1.000000000000000000 ) ) ;
#3933 = CARTESIAN_POINT ( 'NONE',  ( 0.7250000000000000888, 0.0000000000000000000, 0.0000000000000000000 ) ) ;
#3934 = CARTESIAN_POINT ( 'NONE',  ( -1.010000000000000453, 0.8750000000000000000, 0.1799999999999999933 ) ) ;
#3935 = DIRECTION ( 'NONE',  ( -6.071532165918827986E-15, 1.000000000000000000, 0.0000000000000000000 ) ) ;
#3936 = SURFACE_STYLE_USAGE ( .BOTH. , #1108 ) ;
#3937 = EDGE_CURVE ( 'NONE', #50, #3396, #7277, .T. ) ;
#3938 = ORIENTED_EDGE ( 'NONE', *, *, #947, .F. ) ;
#3939 = PRESENTATION_LAYER_ASSIGNMENT (  '', '', ( #3335 ) ) ;
#3940 = PLANE ( 'NONE',  #6886 ) ;
#3941 = SURFACE_SIDE_STYLE ('',( #7255 ) ) ;
#3942 = FILL_AREA_STYLE ('',( #1115 ) ) ;
#3943 = EDGE_CURVE ( 'NONE', #1136, #1109, #7431, .T. ) ;
#3944 = CARTESIAN_POINT ( 'NONE',  ( 0.09999999999999995004, -0.9999999999999997780, 5.421010862427522170E-17 ) ) ;
#3945 = ORIENTED_EDGE ( 'NONE', *, *, #6341, .T. ) ;
#3946 = FILL_AREA_STYLE ('',( #3265 ) ) ;
#3947 = DIRECTION ( 'NONE',  ( 0.0000000000000000000, 0.0000000000000000000, 1.000000000000000000 ) ) ;
#3948 = CARTESIAN_POINT ( 'NONE',  ( -0.9009172689124349542, 1.129698944080104184, 0.9499999999999999556 ) ) ;
#3949 = ORIENTED_EDGE ( 'NONE', *, *, #872, .T. ) ;
#3950 =( NAMED_UNIT ( * ) PLANE_ANGLE_UNIT ( ) SI_UNIT ( $, .RADIAN. ) );
#3951 = SURFACE_STYLE_USAGE ( .BOTH. , #1126 ) ;
#3952 = EDGE_CURVE ( 'NONE', #6420, #491, #5611, .T. ) ;
#3953 = CARTESIAN_POINT ( 'NONE',  ( -0.0007830457721411629738, 0.2627208476084721411, 0.0000000000000000000 ) ) ;
#3954 = SURFACE_STYLE_FILL_AREA ( #3430 ) ;
#3955 = DIRECTION ( 'NONE',  ( -1.000000000000000000, 0.0000000000000000000, 0.0000000000000000000 ) ) ;
#3956 = VERTEX_POINT ( 'NONE', #2140 ) ;
#3957 = SURFACE_STYLE_USAGE ( .BOTH. , #5022 ) ;
#3958 = ORIENTED_EDGE ( 'NONE', *, *, #848, .F. ) ;
#3959 = UNCERTAINTY_MEASURE_WITH_UNIT (LENGTH_MEASURE( 1.000000000000000082E-05 ), #2017, 'distance_accuracy_value', 'NONE');
#3960 = DIRECTION ( 'NONE',  ( 0.0000000000000000000, -0.0000000000000000000, -1.000000000000000000 ) ) ;
#3961 = B_SPLINE_CURVE_WITH_KNOTS ( 'NONE', 3,
 ( #5683, #2700, #437, #3376, #3910, #5638, #4489 ),
 .UNSPECIFIED., .F., .F.,
 ( 4, 1, 1, 1, 4 ),
 ( 0.0000000000000000000, 0.2499999999999996114, 0.4999999999999997780, 0.7499999999999998890, 0.9999974999999999836 ),
 .UNSPECIFIED. ) ;
#3962 = ORIENTED_EDGE ( 'NONE', *, *, #5230, .F. ) ;
#3963 = UNCERTAINTY_MEASURE_WITH_UNIT (LENGTH_MEASURE( 1.000000000000000082E-05 ), #1917, 'distance_accuracy_value', 'NONE');
#3964 = FILL_AREA_STYLE ('',( #2794 ) ) ;
#3965 = DIRECTION ( 'NONE',  ( 0.0000000000000000000, -0.0000000000000000000, 1.000000000000000000 ) ) ;
#3966 = ORIENTED_EDGE ( 'NONE', *, *, #3522, .T. ) ;
#3967 =( GEOMETRIC_REPRESENTATION_CONTEXT ( 3 ) GLOBAL_UNCERTAINTY_ASSIGNED_CONTEXT ( ( #6540 ) ) GLOBAL_UNIT_ASSIGNED_CONTEXT ( ( #4099, #5839, #5271 ) ) REPRESENTATION_CONTEXT ( 'NONE', 'WORKASPACE' ) );
#3968 =( NAMED_UNIT ( * ) SI_UNIT ( $, .STERADIAN. ) SOLID_ANGLE_UNIT ( ) );
#3969 = EDGE_CURVE ( 'NONE', #2713, #5277, #3881, .T. ) ;
#3970 = CARTESIAN_POINT ( 'NONE',  ( 1.000000000000000444, -0.6499999999999998002, 0.0000000000000000000 ) ) ;
#3971 = CARTESIAN_POINT ( 'NONE',  ( 0.5000000000000000000, 0.6500000000000000222, -0.02000000000000000042 ) ) ;
#3972 = UNCERTAINTY_MEASURE_WITH_UNIT (LENGTH_MEASURE( 1.000000000000000082E-05 ), #6290, 'distance_accuracy_value', 'NONE');
#3973 = PLANE ( 'NONE',  #1453 ) ;
#3974 = DIRECTION ( 'NONE',  ( 0.0000000000000000000, 1.000000000000000000, 0.0000000000000000000 ) ) ;
#3975 = FACE_OUTER_BOUND ( 'NONE', #5722, .T. ) ;
#3976 = B_SPLINE_SURFACE_WITH_KNOTS ( 'NONE', 3, 1, ( 
 ( #1025, #3446 ),
 ( #582, #3022 ),
 ( #75, #3061 ),
 ( #2487, #3553 ),
 ( #6382, #7026 ),
 ( #718, #5218 ) ),
 .UNSPECIFIED., .F., .F., .F.,
 ( 4, 1, 1, 4 ),
 ( 2, 2 ),
 ( 0.0000000000000000000, 0.3340688682171929491, 0.6667929295536070278, 1.000000000000000000 ),
 ( 0.0000000000000000000, 1.000000000000000000 ),
 .UNSPECIFIED. ) ;
#3977 = ORIENTED_EDGE ( 'NONE', *, *, #622, .T. ) ;
#3978 =( GEOMETRIC_REPRESENTATION_CONTEXT ( 3 ) GLOBAL_UNCERTAINTY_ASSIGNED_CONTEXT ( ( #3972 ) ) GLOBAL_UNIT_ASSIGNED_CONTEXT ( ( #6290, #3456, #5794 ) ) REPRESENTATION_CONTEXT ( 'NONE', 'WORKASPACE' ) );
#3979 = CARTESIAN_POINT ( 'NONE',  ( 0.0000000000000000000, 0.0000000000000000000, -0.02000000000000000042 ) ) ;
#3980 = FACE_BOUND ( 'NONE', #1046, .T. ) ;
#3981 = VECTOR ( 'NONE', #2594, 1000.000000000000000 ) ;
#3982 = SURFACE_STYLE_USAGE ( .BOTH. , #5159 ) ;
#3983 = LINE ( 'NONE', #1040, #3822 ) ;
#3984 = PRODUCT_CONTEXT ( 'NONE', #1893, 'mechanical' ) ;
#3985 = DIRECTION ( 'NONE',  ( 2.168404344971009115E-16, -1.000000000000000000, 0.0000000000000000000 ) ) ;
#3986 = ORIENTED_EDGE ( 'NONE', *, *, #5104, .F. ) ;
#3987 =( LENGTH_UNIT ( ) NAMED_UNIT ( * ) SI_UNIT ( .MILLI., .METRE. ) );
#3988 = EDGE_CURVE ( 'NONE', #2042, #1225, #6118, .T. ) ;
#3989 = CARTESIAN_POINT ( 'NONE',  ( -0.7250000000000001998, -1.500000000000000222, 0.9499999999999999556 ) ) ;
#3990 = SURFACE_SIDE_STYLE ('',( #4059 ) ) ;
#3991 = EDGE_CURVE ( 'NONE', #3534, #3805, #2285, .T. ) ;
#3992 = EDGE_LOOP ( 'NONE', ( #2367, #1953, #1767, #5888 ) ) ;
#3993 = SURFACE_STYLE_USAGE ( .BOTH. , #2707 ) ;
#3994 = CARTESIAN_POINT ( 'NONE',  ( -0.2302139400810852554, 0.1638590589905868367, 0.0000000000000000000 ) ) ;
#3995 =( NAMED_UNIT ( * ) SI_UNIT ( $, .STERADIAN. ) SOLID_ANGLE_UNIT ( ) );
#3996 = LINE ( 'NONE', #3919, #284 ) ;
#3997 = LINE ( 'NONE', #2867, #5791 ) ;
#3998 = PRESENTATION_STYLE_ASSIGNMENT (( #6821 ) ) ;
#3999 = CARTESIAN_POINT ( 'NONE',  ( -0.1000526087802716818, 0.1724769451694480871, 0.0000000000000000000 ) ) ;
#4000 = VERTEX_POINT ( 'NONE', #5023 ) ;
#4001 = VECTOR ( 'NONE', #5824, 1000.000000000000000 ) ;
#4002 = CARTESIAN_POINT ( 'NONE',  ( -0.1058897530892148470, 0.3285745061450576765, 0.0000000000000000000 ) ) ;
#4003 = VECTOR ( 'NONE', #6554, 1000.000000000000000 ) ;
#4004 = SURFACE_STYLE_USAGE ( .BOTH. , #3924 ) ;
#4005 = VERTEX_POINT ( 'NONE', #3390 ) ;
#4006 = CARTESIAN_POINT ( 'NONE',  ( 0.3750000000000000000, 1.509999999999999787, 0.1799999999999999933 ) ) ;
#4007 = PRESENTATION_STYLE_ASSIGNMENT (( #1019 ) ) ;
#4008 =( LENGTH_UNIT ( ) NAMED_UNIT ( * ) SI_UNIT ( .MILLI., .METRE. ) );
#4009 = DIRECTION ( 'NONE',  ( -0.0000000000000000000, -1.000000000000000000, -0.0000000000000000000 ) ) ;
#4010 = VECTOR ( 'NONE', #430, 1000.000000000000000 ) ;
#4011 = LINE ( 'NONE', #5585, #6966 ) ;
#4012 = CARTESIAN_POINT ( 'NONE',  ( 0.006940864796964205281, 0.3285745061450575100, 0.0000000000000000000 ) ) ;
#4013 = FACE_OUTER_BOUND ( 'NONE', #703, .T. ) ;
#4014 = CARTESIAN_POINT ( 'NONE',  ( -1.000000000000000222, 1.499999999999999778, 0.0000000000000000000 ) ) ;
#4015 = CARTESIAN_POINT ( 'NONE',  ( -0.9009172689124347322, 1.105425654952417513, 0.9399999999999999467 ) ) ;
#4016 = ORIENTED_EDGE ( 'NONE', *, *, #622, .F. ) ;
#4017 = PLANE ( 'NONE',  #4564 ) ;
#4018 =( NAMED_UNIT ( * ) SI_UNIT ( $, .STERADIAN. ) SOLID_ANGLE_UNIT ( ) );
#4019 = AXIS2_PLACEMENT_3D ( 'NONE', #2986, #5851, #2912 ) ;
#4020 = EDGE_CURVE ( 'NONE', #3733, #4611, #7077, .T. ) ;
#4021 =( GEOMETRIC_REPRESENTATION_CONTEXT ( 3 ) GLOBAL_UNCERTAINTY_ASSIGNED_CONTEXT ( ( #5437 ) ) GLOBAL_UNIT_ASSIGNED_CONTEXT ( ( #5918, #7157, #6584 ) ) REPRESENTATION_CONTEXT ( 'NONE', 'WORKASPACE' ) );
#4022 = ORIENTED_EDGE ( 'NONE', *, *, #1776, .F. ) ;
#4023 = CARTESIAN_POINT ( 'NONE',  ( 0.06994866154493213639, 0.1838590589905859662, 0.0000000000000000000 ) ) ;
#4024 = ORIENTED_EDGE ( 'NONE', *, *, #3485, .F. ) ;
#4025 = CARTESIAN_POINT ( 'NONE',  ( -0.1783420192627839795, 0.2767418749032752867, 0.01000000000000000021 ) ) ;
#4026 = CARTESIAN_POINT ( 'NONE',  ( 0.1871361615449324001, 0.1700379207792039049, 0.0000000000000000000 ) ) ;
#4027 = SURFACE_STYLE_USAGE ( .BOTH. , #3498 ) ;
#4028 = CARTESIAN_POINT ( 'NONE',  ( -0.9009172689124350653, 1.129698944080104184, 0.9499999999999999556 ) ) ;
#4029 = CARTESIAN_POINT ( 'NONE',  ( 0.3772657347156639362, 0.1724769451694482536, 0.0000000000000000000 ) ) ;
#4030 = ORIENTED_EDGE ( 'NONE', *, *, #7135, .T. ) ;
#4031 = EDGE_LOOP ( 'NONE', ( #2913, #3128, #3323, #2244, #6847, #2788 ) ) ;
#4032 = UNCERTAINTY_MEASURE_WITH_UNIT (LENGTH_MEASURE( 1.000000000000000082E-05 ), #4497, 'distance_accuracy_value', 'NONE');
#4033 = MECHANICAL_DESIGN_GEOMETRIC_PRESENTATION_REPRESENTATION (  '', ( #7373 ), #5324 ) ;
#4034 = ORIENTED_EDGE ( 'NONE', *, *, #1266, .F. ) ;
#4035 =( NAMED_UNIT ( * ) PLANE_ANGLE_UNIT ( ) SI_UNIT ( $, .RADIAN. ) );
#4036 = B_SPLINE_CURVE_WITH_KNOTS ( 'NONE', 3,
 ( #5865, #2536, #3036, #4891, #2459 ),
 .UNSPECIFIED., .F., .F.,
 ( 4, 1, 4 ),
 ( 0.0000000000000000000, 0.4458786834588185366, 0.9996898253760997388 ),
 .UNSPECIFIED. ) ;
#4037 = ORIENTED_EDGE ( 'NONE', *, *, #4552, .T. ) ;
#4038 = EDGE_CURVE ( 'NONE', #4869, #2516, #2170, .T. ) ;
#4039 = DIRECTION ( 'NONE',  ( -0.0000000000000000000, 0.0000000000000000000, 1.000000000000000000 ) ) ;
#4040 = STYLED_ITEM ( 'NONE', ( #6305 ), #4612 ) ;
#4041 = CARTESIAN_POINT ( 'NONE',  ( -0.0007830457721411629738, 0.2627208476084721411, 0.0000000000000000000 ) ) ;
#4042 = UNCERTAINTY_MEASURE_WITH_UNIT (LENGTH_MEASURE( 1.000000000000000082E-05 ), #5593, 'distance_accuracy_value', 'NONE');
#4043 = CARTESIAN_POINT ( 'NONE',  ( 0.3772657347156639362, 0.0000000000000000000, 0.01000000000000000021 ) ) ;
#4044 = CARTESIAN_POINT ( 'NONE',  ( 0.4500000000000000111, 0.6000000000000000888, 0.1799999999999999933 ) ) ;
#4045 = PRESENTATION_LAYER_ASSIGNMENT (  '', '', ( #5826 ) ) ;
#4046 = CARTESIAN_POINT ( 'NONE',  ( -0.07639280186970258402, 0.1724769451694480316, 0.0000000000000000000 ) ) ;
#4047 = CARTESIAN_POINT ( 'NONE',  ( 1.010000000000000231, -0.6500000000000000222, 0.1799999999999999933 ) ) ;
#4048 = VERTEX_POINT ( 'NONE', #3923 ) ;
#4049 = VECTOR ( 'NONE', #7048, 1000.000000000000000 ) ;
#4050 = COLOUR_RGB ( '',1.000000000000000000, 1.000000000000000000, 1.000000000000000000 ) ;
#4051 = B_SPLINE_CURVE_WITH_KNOTS ( 'NONE', 3,
 ( #5321, #5250, #6986, #38, #6313, #3619, #5853 ),
 .UNSPECIFIED., .F., .F.,
 ( 4, 1, 1, 1, 4 ),
 ( 0.0000000000000000000, 0.2500000000000000555, 0.5000000000000004441, 0.7500000000000002220, 0.9999974999999998726 ),
 .UNSPECIFIED. ) ;
#4052 = DIRECTION ( 'NONE',  ( -0.7071067811865483499, -0.7071067811865467956, 0.0000000000000000000 ) ) ;
#4053 = DIRECTION ( 'NONE',  ( 1.000000000000000000, 0.0000000000000000000, 0.0000000000000000000 ) ) ;
#4054 = DIRECTION ( 'NONE',  ( 0.0000000000000000000, -0.0000000000000000000, -1.000000000000000000 ) ) ;
#4055 = PRESENTATION_LAYER_ASSIGNMENT (  '', '', ( #2610 ) ) ;
#4056 =( NAMED_UNIT ( * ) SI_UNIT ( $, .STERADIAN. ) SOLID_ANGLE_UNIT ( ) );
#4057 = ORIENTED_EDGE ( 'NONE', *, *, #6852, .T. ) ;
#4058 = CARTESIAN_POINT ( 'NONE',  ( -0.2856610945526298906, 0.3105257256572536706, 0.01000000000000000021 ) ) ;
#4059 = SURFACE_STYLE_FILL_AREA ( #1189 ) ;
#4060 = ORIENTED_EDGE ( 'NONE', *, *, #6482, .F. ) ;
#4061 = SURFACE_STYLE_FILL_AREA ( #1759 ) ;
#4062 = FACE_OUTER_BOUND ( 'NONE', #3584, .T. ) ;
#4063 = FACE_OUTER_BOUND ( 'NONE', #6780, .T. ) ;
#4064 = FILL_AREA_STYLE ('',( #4614 ) ) ;
#4065 = UNCERTAINTY_MEASURE_WITH_UNIT (LENGTH_MEASURE( 1.000000000000000082E-05 ), #5615, 'distance_accuracy_value', 'NONE');
#4066 = FACE_OUTER_BOUND ( 'NONE', #5852, .T. ) ;
#4067 = DIRECTION ( 'NONE',  ( -1.000000000000000000, 5.980966714650210828E-15, 0.0000000000000000000 ) ) ;
#4068 = CARTESIAN_POINT ( 'NONE',  ( -0.9009172689124347322, 1.105425654952417513, 0.9499999999999999556 ) ) ;
#4069 = EDGE_LOOP ( 'NONE', ( #2133, #4220, #409, #5821 ) ) ;
#4070 = EDGE_LOOP ( 'NONE', ( #6188, #4481, #2001, #650 ) ) ;
#4071 = DIRECTION ( 'NONE',  ( -1.000000000000000000, 0.0000000000000000000, 0.0000000000000000000 ) ) ;
#4072 = ORIENTED_EDGE ( 'NONE', *, *, #6206, .F. ) ;
#4073 = CARTESIAN_POINT ( 'NONE',  ( 0.4040950030083468869, 0.1505257256572531399, 0.0000000000000000000 ) ) ;
#4074 =( NAMED_UNIT ( * ) SI_UNIT ( $, .STERADIAN. ) SOLID_ANGLE_UNIT ( ) );
#4075 = ORIENTED_EDGE ( 'NONE', *, *, #1364, .F. ) ;
#4076 = ADVANCED_FACE ( 'NONE', ( #403 ), #4547, .T. ) ;
#4077 =( NAMED_UNIT ( * ) SI_UNIT ( $, .STERADIAN. ) SOLID_ANGLE_UNIT ( ) );
#4078 = DIRECTION ( 'NONE',  ( 0.0000000000000000000, 0.0000000000000000000, -1.000000000000000000 ) ) ;
#4079 = CARTESIAN_POINT ( 'NONE',  ( 0.4500000000000000111, 0.6000000000000000888, -0.02000000000000000042 ) ) ;
#4080 = PRESENTATION_STYLE_ASSIGNMENT (( #7028 ) ) ;
#4081 = ADVANCED_FACE ( 'NONE', ( #5811 ), #2978, .F. ) ;
#4082 = LINE ( 'NONE', #9, #5626 ) ;
#4083 = CARTESIAN_POINT ( 'NONE',  ( 0.5000000000000000000, -0.6500000000000000222, 0.1799999999999999933 ) ) ;
#4084 = CARTESIAN_POINT ( 'NONE',  ( 0.3749999999999996669, -1.500000000000000222, 0.9499999999999999556 ) ) ;
#4085 =( LENGTH_UNIT ( ) NAMED_UNIT ( * ) SI_UNIT ( .MILLI., .METRE. ) );
#4086 = ORIENTED_EDGE ( 'NONE', *, *, #4395, .T. ) ;
#4087 = PRESENTATION_STYLE_ASSIGNMENT (( #2268 ) ) ;
#4088 = FILL_AREA_STYLE ('',( #6324 ) ) ;
#4089 = LINE ( 'NONE', #3571, #4752 ) ;
#4090 = LINE ( 'NONE', #3075, #2612 ) ;
#4091 = B_SPLINE_CURVE_WITH_KNOTS ( 'NONE', 3,
 ( #1670, #5086, #3354, #4469, #4435 ),
 .UNSPECIFIED., .F., .F.,
 ( 4, 1, 4 ),
 ( 0.0000000000000000000, 0.4404366560237413242, 0.9999887478341755731 ),
 .UNSPECIFIED. ) ;
#4092 = ORIENTED_EDGE ( 'NONE', *, *, #1404, .T. ) ;
#4093 = PLANE ( 'NONE',  #1731 ) ;
#4094 = COLOUR_RGB ( '',0.7529411764705882248, 0.7529411764705882248, 0.7529411764705882248 ) ;
#4095 = DIRECTION ( 'NONE',  ( -5.728080202554261942E-15, -1.000000000000000000, 0.0000000000000000000 ) ) ;
#4096 = VERTEX_POINT ( 'NONE', #1839 ) ;
#4097 = LINE ( 'NONE', #5166, #4820 ) ;
#4098 = CARTESIAN_POINT ( 'NONE',  ( -0.3900513384550692852, 0.1905257256572543412, 0.0000000000000000000 ) ) ;
#4099 =( LENGTH_UNIT ( ) NAMED_UNIT ( * ) SI_UNIT ( .MILLI., .METRE. ) );
#4100 = EDGE_CURVE ( 'NONE', #6307, #1047, #5210, .T. ) ;
#4101 = SURFACE_SIDE_STYLE ('',( #566 ) ) ;
#4102 = ADVANCED_FACE ( 'NONE', ( #2397 ), #6905, .T. ) ;
#4103 = SURFACE_STYLE_FILL_AREA ( #27 ) ;
#4104 = MECHANICAL_DESIGN_GEOMETRIC_PRESENTATION_REPRESENTATION (  '', ( #844 ), #617 ) ;
#4105 = STYLED_ITEM ( 'NONE', ( #6954 ), #877 ) ;
#4106 = ORIENTED_EDGE ( 'NONE', *, *, #2094, .T. ) ;
#4107 = ORIENTED_EDGE ( 'NONE', *, *, #5631, .T. ) ;
#4108 = DIRECTION ( 'NONE',  ( 0.0000000000000000000, 1.000000000000000000, 0.0000000000000000000 ) ) ;
#4109 = STYLED_ITEM ( 'NONE', ( #1117 ), #4212 ) ;
#4110 = VERTEX_POINT ( 'NONE', #132 ) ;
#4111 = EDGE_CURVE ( 'NONE', #199, #4329, #6544, .T. ) ;
#4112 = DIRECTION ( 'NONE',  ( 1.000000000000000000, 0.0000000000000000000, 0.0000000000000000000 ) ) ;
#4113 = VERTEX_POINT ( 'NONE', #6940 ) ;
#4114 = CARTESIAN_POINT ( 'NONE',  ( -0.3133211555282396366, 0.3261354817548147711, 0.01000000000000000021 ) ) ;
#4115 = PRESENTATION_LAYER_ASSIGNMENT (  '', '', ( #5634 ) ) ;
#4116 = EDGE_CURVE ( 'NONE', #5533, #3377, #643, .T. ) ;
#4117 =( LENGTH_UNIT ( ) NAMED_UNIT ( * ) SI_UNIT ( .MILLI., .METRE. ) );
#4118 = CARTESIAN_POINT ( 'NONE',  ( 0.06994866154493169230, 0.3285745061450576765, 0.0000000000000000000 ) ) ;
#4119 = CARTESIAN_POINT ( 'NONE',  ( 1.010000000000000453, 0.8750000000000000000, 0.1799999999999999933 ) ) ;
#4120 = FILL_AREA_STYLE ('',( #2924 ) ) ;
#4121 = EDGE_CURVE ( 'NONE', #735, #821, #353, .T. ) ;
#4122 = VECTOR ( 'NONE', #4707, 1000.000000000000000 ) ;
#4123 = FILL_AREA_STYLE ('',( #1215 ) ) ;
#4124 = CARTESIAN_POINT ( 'NONE',  ( 0.0000000000000000000, 0.3505257256572530955, 0.01000000000000000021 ) ) ;
#4125 = VECTOR ( 'NONE', #6706, 1000.000000000000000 ) ;
#4126 =( GEOMETRIC_REPRESENTATION_CONTEXT ( 3 ) GLOBAL_UNCERTAINTY_ASSIGNED_CONTEXT ( ( #3222 ) ) GLOBAL_UNIT_ASSIGNED_CONTEXT ( ( #915, #185, #7069 ) ) REPRESENTATION_CONTEXT ( 'NONE', 'WORKASPACE' ) );
#4127 = CARTESIAN_POINT ( 'NONE',  ( 0.3772657347156639362, 0.1724769451694482536, 0.0000000000000000000 ) ) ;
#4128 = COLOUR_RGB ( '',0.7529411764705882248, 0.7529411764705882248, 0.7529411764705882248 ) ;
#4129 =( GEOMETRIC_REPRESENTATION_CONTEXT ( 3 ) GLOBAL_UNCERTAINTY_ASSIGNED_CONTEXT ( ( #6060 ) ) GLOBAL_UNIT_ASSIGNED_CONTEXT ( ( #1099, #3326, #6754 ) ) REPRESENTATION_CONTEXT ( 'NONE', 'WORKASPACE' ) );
#4130 = ORIENTED_EDGE ( 'NONE', *, *, #3988, .T. ) ;
#4131 = CARTESIAN_POINT ( 'NONE',  ( -1.010000000000000231, 0.6500000000000000222, 0.1799999999999999933 ) ) ;
#4132 = ORIENTED_EDGE ( 'NONE', *, *, #6808, .F. ) ;
#4133 = CARTESIAN_POINT ( 'NONE',  ( -0.2105391433331174345, 0.2530409695596923525, 0.0000000000000000000 ) ) ;
#4134 =( NAMED_UNIT ( * ) SI_UNIT ( $, .STERADIAN. ) SOLID_ANGLE_UNIT ( ) );
#4135 = CARTESIAN_POINT ( 'NONE',  ( -0.4500000000000000111, -0.6000000000000000888, 5.421010862427522170E-17 ) ) ;
#4136 = CARTESIAN_POINT ( 'NONE',  ( 0.2577535395937128326, 0.2483915793157896179, 0.01000000000000000021 ) ) ;
#4137 = PRESENTATION_LAYER_ASSIGNMENT (  '', '', ( #5544 ) ) ;
#4138 = CARTESIAN_POINT ( 'NONE',  ( -0.04956353357701962642, 0.1505257256572527513, 0.0000000000000000000 ) ) ;
#4139 = DIRECTION ( 'NONE',  ( 0.7071067811865483499, 0.7071067811865466846, 0.0000000000000000000 ) ) ;
#4140 = PRESENTATION_LAYER_ASSIGNMENT (  '', '', ( #1488 ) ) ;
#4141 = EDGE_LOOP ( 'NONE', ( #4505, #3962, #1282, #4785 ) ) ;
#4142 = ORIENTED_EDGE ( 'NONE', *, *, #20, .F. ) ;
#4143 = MECHANICAL_DESIGN_GEOMETRIC_PRESENTATION_REPRESENTATION (  '', ( #3266 ), #4857 ) ;
#4144 = LINE ( 'NONE', #3609, #7381 ) ;
#4145 = ORIENTED_EDGE ( 'NONE', *, *, #1772, .F. ) ;
#4146 = DIRECTION ( 'NONE',  ( 1.000000000000000000, 0.0000000000000000000, 0.0000000000000000000 ) ) ;
#4147 = ORIENTED_EDGE ( 'NONE', *, *, #1726, .T. ) ;
#4148 = MECHANICAL_DESIGN_GEOMETRIC_PRESENTATION_REPRESENTATION (  '', ( #7366 ), #3423 ) ;
#4149 = FILL_AREA_STYLE ('',( #6871 ) ) ;
#4150 = CARTESIAN_POINT ( 'NONE',  ( -0.1047845701623855291, 0.1724769451694481148, 0.0000000000000000000 ) ) ;
#4151 =( GEOMETRIC_REPRESENTATION_CONTEXT ( 3 ) GLOBAL_UNCERTAINTY_ASSIGNED_CONTEXT ( ( #3607 ) ) GLOBAL_UNIT_ASSIGNED_CONTEXT ( ( #51, #5195, #6289 ) ) REPRESENTATION_CONTEXT ( 'NONE', 'WORKASPACE' ) );
#4152 = SURFACE_SIDE_STYLE ('',( #146 ) ) ;
#4153 = EDGE_CURVE ( 'NONE', #607, #4548, #3803, .T. ) ;
#4154 = CARTESIAN_POINT ( 'NONE',  ( -0.3007830457721423767, 0.3505257256572538727, 0.01000000000000000021 ) ) ;
#4155 = CARTESIAN_POINT ( 'NONE',  ( -0.2083268316941400133, 0.2344400389513321969, 0.0000000000000000000 ) ) ;
#4156 =( NAMED_UNIT ( * ) PLANE_ANGLE_UNIT ( ) SI_UNIT ( $, .RADIAN. ) );
#4157 =( GEOMETRIC_REPRESENTATION_CONTEXT ( 3 ) GLOBAL_UNCERTAINTY_ASSIGNED_CONTEXT ( ( #5143 ) ) GLOBAL_UNIT_ASSIGNED_CONTEXT ( ( #1281, #3549, #1735 ) ) REPRESENTATION_CONTEXT ( 'NONE', 'WORKASPACE' ) );
#4158 = DIRECTION ( 'NONE',  ( 0.0000000000000000000, 1.000000000000000000, 0.0000000000000000000 ) ) ;
#4159 = PRESENTATION_LAYER_ASSIGNMENT (  '', '', ( #3450 ) ) ;
#4160 = CARTESIAN_POINT ( 'NONE',  ( 0.09999999999999995004, -1.509999999999999787, 0.1799999999999999933 ) ) ;
#4161 = CARTESIAN_POINT ( 'NONE',  ( -0.3170559116258006571, 0.3121110915109124861, 0.0000000000000000000 ) ) ;
#4162 = LINE ( 'NONE', #1941, #6486 ) ;
#4163 = CARTESIAN_POINT ( 'NONE',  ( -0.3750000000000000000, -1.509999999999999787, -0.02000000000000000042 ) ) ;
#4164 = AXIS2_PLACEMENT_3D ( 'NONE', #6689, #1677, #7341 ) ;
#4165 = CARTESIAN_POINT ( 'NONE',  ( -0.1801657724004321059, 0.2096777509395354178, 0.009999999999999998473 ) ) ;
#4166 = ORIENTED_EDGE ( 'NONE', *, *, #5631, .F. ) ;
#4167 =( NAMED_UNIT ( * ) SI_UNIT ( $, .STERADIAN. ) SOLID_ANGLE_UNIT ( ) );
#4168 = FILL_AREA_STYLE_COLOUR ( '', #6514 ) ;
#4169 = EDGE_CURVE ( 'NONE', #2907, #6477, #2062, .T. ) ;
#4170 = ORIENTED_EDGE ( 'NONE', *, *, #7070, .F. ) ;
#4171 = SURFACE_STYLE_USAGE ( .BOTH. , #5204 ) ;
#4172 = MECHANICAL_DESIGN_GEOMETRIC_PRESENTATION_REPRESENTATION (  '', ( #574 ), #4296 ) ;
#4173 = CARTESIAN_POINT ( 'NONE',  ( -0.2251732896745813062, 0.1505257256572534730, 0.0000000000000000000 ) ) ;
#4174 = CARTESIAN_POINT ( 'NONE',  ( 1.000000000000000444, -0.1000000000000000056, 0.1799999999999999933 ) ) ;
#4175 = CARTESIAN_POINT ( 'NONE',  ( -0.1000000000000000611, 1.499999999999999778, 0.0000000000000000000 ) ) ;
#4176 = FILL_AREA_STYLE_COLOUR ( '', #2210 ) ;
#4177 = CARTESIAN_POINT ( 'NONE',  ( -0.3750000000000000000, 1.509999999999999787, 0.1799999999999999933 ) ) ;
#4178 = VERTEX_POINT ( 'NONE', #2548 ) ;
#4179 = VERTEX_POINT ( 'NONE', #893 ) ;
#4180 = PRESENTATION_STYLE_ASSIGNMENT (( #2909 ) ) ;
#4181 = FILL_AREA_STYLE_COLOUR ( '', #4094 ) ;
#4182 = ADVANCED_FACE ( 'NONE', ( #782 ), #5417, .T. ) ;
#4183 = ORIENTED_EDGE ( 'NONE', *, *, #5451, .F. ) ;
#4184 = DIRECTION ( 'NONE',  ( 0.0000000000000000000, -0.0000000000000000000, -1.000000000000000000 ) ) ;
#4185 = VERTEX_POINT ( 'NONE', #4827 ) ;
#4186 = CARTESIAN_POINT ( 'NONE',  ( -0.05897062504043446007, 0.3505257256572525404, 0.0000000000000000000 ) ) ;
#4187 = SURFACE_STYLE_FILL_AREA ( #3586 ) ;
#4188 =( NAMED_UNIT ( * ) SI_UNIT ( $, .STERADIAN. ) SOLID_ANGLE_UNIT ( ) );
#4189 = CARTESIAN_POINT ( 'NONE',  ( -0.3749999999999997224, 6.402768735150615377E-17, 0.0000000000000000000 ) ) ;
#4190 = SURFACE_STYLE_FILL_AREA ( #5328 ) ;
#4191 = LINE ( 'NONE', #6459, #642 ) ;
#4192 = ADVANCED_FACE ( 'NONE', ( #931 ), #5457, .T. ) ;
#4193 = DIRECTION ( 'NONE',  ( 1.000000000000000000, -0.0000000000000000000, -0.0000000000000000000 ) ) ;
#4194 = UNCERTAINTY_MEASURE_WITH_UNIT (LENGTH_MEASURE( 1.000000000000000082E-05 ), #1417, 'distance_accuracy_value', 'NONE');
#4195 = CARTESIAN_POINT ( 'NONE',  ( 0.0000000000000000000, 0.0000000000000000000, 0.0000000000000000000 ) ) ;
#4196 =( NAMED_UNIT ( * ) SI_UNIT ( $, .STERADIAN. ) SOLID_ANGLE_UNIT ( ) );
#4197 = SURFACE_STYLE_USAGE ( .BOTH. , #4742 ) ;
#4198 = LINE ( 'NONE', #1518, #4641 ) ;
#4199 =( NAMED_UNIT ( * ) PLANE_ANGLE_UNIT ( ) SI_UNIT ( $, .RADIAN. ) );
#4200 = CARTESIAN_POINT ( 'NONE',  ( -0.1039461555282393951, 0.1505257256572529179, 0.0000000000000000000 ) ) ;
#4201 = LINE ( 'NONE', #1865, #1952 ) ;
#4202 = ORIENTED_EDGE ( 'NONE', *, *, #3635, .T. ) ;
#4203 = FILL_AREA_STYLE ('',( #1907 ) ) ;
#4204 = ORIENTED_EDGE ( 'NONE', *, *, #6891, .T. ) ;
#4205 = CARTESIAN_POINT ( 'NONE',  ( -0.1009731178057509393, 0.3285745061450576765, 0.0000000000000000000 ) ) ;
#4206 = SURFACE_SIDE_STYLE ('',( #6973 ) ) ;
#4207 = LINE ( 'NONE', #2546, #159 ) ;
#4208 = SURFACE_STYLE_FILL_AREA ( #2512 ) ;
#4209 = EDGE_CURVE ( 'NONE', #2907, #426, #7189, .T. ) ;
#4210 = VERTEX_POINT ( 'NONE', #5376 ) ;
#4211 = ORIENTED_EDGE ( 'NONE', *, *, #7265, .F. ) ;
#4212 = ADVANCED_FACE ( 'NONE', ( #240 ), #410, .T. ) ;
#4213 = VECTOR ( 'NONE', #4890, 1000.000000000000000 ) ;
#4214 = DIRECTION ( 'NONE',  ( 0.0000000000000000000, 0.0000000000000000000, -1.000000000000000000 ) ) ;
#4215 = EDGE_LOOP ( 'NONE', ( #2404, #5963, #7130, #2101 ) ) ;
#4216 = ORIENTED_EDGE ( 'NONE', *, *, #554, .T. ) ;
#4217 = DIRECTION ( 'NONE',  ( 0.0000000000000000000, 1.000000000000000000, 0.0000000000000000000 ) ) ;
#4218 = CARTESIAN_POINT ( 'NONE',  ( 0.7249999999999999778, -1.500000000000000222, 0.1799999999999999378 ) ) ;
#4219 = VECTOR ( 'NONE', #786, 1000.000000000000000 ) ;
#4220 = ORIENTED_EDGE ( 'NONE', *, *, #2272, .T. ) ;
#4221 = CARTESIAN_POINT ( 'NONE',  ( -0.8346014097487851613, 1.255826654187992331, 0.9399999999999998357 ) ) ;
#4222 = CARTESIAN_POINT ( 'NONE',  ( 0.4500000000000000111, 0.6000000000000000888, -0.02000000000000000042 ) ) ;
#4223 = CARTESIAN_POINT ( 'NONE',  ( 0.3817372794311106876, 0.3505257256572530400, 0.0000000000000000000 ) ) ;
#4224 = DIRECTION ( 'NONE',  ( 0.0000000000000000000, 0.0000000000000000000, -1.000000000000000000 ) ) ;
#4225 = PLANE ( 'NONE',  #7156 ) ;
#4226 =( GEOMETRIC_REPRESENTATION_CONTEXT ( 3 ) GLOBAL_UNCERTAINTY_ASSIGNED_CONTEXT ( ( #3963 ) ) GLOBAL_UNIT_ASSIGNED_CONTEXT ( ( #1917, #203, #3197 ) ) REPRESENTATION_CONTEXT ( 'NONE', 'WORKASPACE' ) );
#4227 =( NAMED_UNIT ( * ) SI_UNIT ( $, .STERADIAN. ) SOLID_ANGLE_UNIT ( ) );
#4228 = EDGE_CURVE ( 'NONE', #7434, #4965, #641, .T. ) ;
#4229 = COLOUR_RGB ( '',0.7529411764705882248, 0.7529411764705882248, 0.7529411764705882248 ) ;
#4230 = EDGE_CURVE ( 'NONE', #6297, #5628, #2194, .T. ) ;
#4231 = UNCERTAINTY_MEASURE_WITH_UNIT (LENGTH_MEASURE( 1.000000000000000082E-05 ), #5895, 'distance_accuracy_value', 'NONE');
#4232 = LINE ( 'NONE', #4950, #2157 ) ;
#4233 = CARTESIAN_POINT ( 'NONE',  ( -0.3321092052174273168, 0.2703429654946524208, 0.0000000000000000000 ) ) ;
#4234 = DIRECTION ( 'NONE',  ( 0.0000000000000000000, -0.0000000000000000000, -1.000000000000000000 ) ) ;
#4235 =( GEOMETRIC_REPRESENTATION_CONTEXT ( 3 ) GLOBAL_UNCERTAINTY_ASSIGNED_CONTEXT ( ( #1479 ) ) GLOBAL_UNIT_ASSIGNED_CONTEXT ( ( #5329, #1975, #4196 ) ) REPRESENTATION_CONTEXT ( 'NONE', 'WORKASPACE' ) );
#4236 = CARTESIAN_POINT ( 'NONE',  ( -0.1224559644074896814, 0.1524976508683098531, 0.01000000000000000021 ) ) ;
#4237 =( NAMED_UNIT ( * ) SI_UNIT ( $, .STERADIAN. ) SOLID_ANGLE_UNIT ( ) );
#4238 = EDGE_LOOP ( 'NONE', ( #2154, #5684, #1637, #6363, #2096, #2399 ) ) ;
#4239 = SURFACE_STYLE_FILL_AREA ( #1300 ) ;
#4240 = PRESENTATION_LAYER_ASSIGNMENT (  '', '', ( #5658 ) ) ;
#4241 = MECHANICAL_DESIGN_GEOMETRIC_PRESENTATION_REPRESENTATION (  '', ( #3278 ), #1234 ) ;
#4242 = CARTESIAN_POINT ( 'NONE',  ( -0.3750000000000001110, 1.499999999999999778, 0.9499999999999999556 ) ) ;
#4243 = ORIENTED_EDGE ( 'NONE', *, *, #6849, .T. ) ;
#4244 = EDGE_CURVE ( 'NONE', #7047, #5562, #3961, .T. ) ;
#4245 =( LENGTH_UNIT ( ) NAMED_UNIT ( * ) SI_UNIT ( .MILLI., .METRE. ) );
#4246 = CARTESIAN_POINT ( 'NONE',  ( -0.3129042509149978502, 0.3234749090276954342, 0.01000000000000000021 ) ) ;
#4247 = SURFACE_SIDE_STYLE ('',( #3725 ) ) ;
#4248 = STYLED_ITEM ( 'NONE', ( #6834 ), #2180 ) ;
#4249 =( LENGTH_UNIT ( ) NAMED_UNIT ( * ) SI_UNIT ( .MILLI., .METRE. ) );
#4250 = ORIENTED_EDGE ( 'NONE', *, *, #5569, .F. ) ;
#4251 = ORIENTED_EDGE ( 'NONE', *, *, #3794, .F. ) ;
#4252 = CARTESIAN_POINT ( 'NONE',  ( 0.1425066555144659242, 0.3472783259253054977, 0.01000000000000000021 ) ) ;
#4253 = VECTOR ( 'NONE', #5056, 1000.000000000000000 ) ;
#4254 = LINE ( 'NONE', #4833, #5619 ) ;
#4255 = ORIENTED_EDGE ( 'NONE', *, *, #1249, .T. ) ;
#4256 = ORIENTED_EDGE ( 'NONE', *, *, #4336, .T. ) ;
#4257 = FACE_OUTER_BOUND ( 'NONE', #2037, .T. ) ;
#4258 = DIRECTION ( 'NONE',  ( 0.0000000000000000000, 0.0000000000000000000, -1.000000000000000000 ) ) ;
#4259 = DIRECTION ( 'NONE',  ( 1.000000000000000000, -0.0000000000000000000, -0.0000000000000000000 ) ) ;
#4260 = ORIENTED_EDGE ( 'NONE', *, *, #2906, .T. ) ;
#4261 = PRESENTATION_LAYER_ASSIGNMENT (  '', '', ( #4603 ) ) ;
#4262 = SURFACE_STYLE_FILL_AREA ( #3134 ) ;
#4263 = VECTOR ( 'NONE', #4112, 1000.000000000000000 ) ;
#4264 = CARTESIAN_POINT ( 'NONE',  ( 0.06994866154493210864, 0.0000000000000000000, 0.01000000000000000021 ) ) ;
#4265 = ADVANCED_FACE ( 'NONE', ( #515 ), #6182, .T. ) ;
#4266 = AXIS2_PLACEMENT_3D ( 'NONE', #3491, #5132, #5761 ) ;
#4267 = FILL_AREA_STYLE_COLOUR ( '', #7346 ) ;
#4268 = VECTOR ( 'NONE', #5835, 1000.000000000000000 ) ;
#4269 = CARTESIAN_POINT ( 'NONE',  ( -0.01053914333311694110, 0.1615011687466834933, 0.0000000000000000000 ) ) ;
#4270 = COLOUR_RGB ( '',0.7529411764705882248, 0.7529411764705882248, 0.7529411764705882248 ) ;
#4271 =( NAMED_UNIT ( * ) SI_UNIT ( $, .STERADIAN. ) SOLID_ANGLE_UNIT ( ) );
#4272 = DIRECTION ( 'NONE',  ( -1.000000000000000000, 0.0000000000000000000, 0.0000000000000000000 ) ) ;
#4273 = EDGE_CURVE ( 'NONE', #1804, #5005, #4476, .T. ) ;
#4274 = CARTESIAN_POINT ( 'NONE',  ( 0.0000000000000000000, -0.1000000000000000056, 0.0000000000000000000 ) ) ;
#4275 = SURFACE_STYLE_FILL_AREA ( #2609 ) ;
#4276 = VECTOR ( 'NONE', #155, 1000.000000000000000 ) ;
#4277 = CARTESIAN_POINT ( 'NONE',  ( 0.2845828078863957278, 0.2467528598035945153, 0.01000000000000000021 ) ) ;
#4278 = VECTOR ( 'NONE', #187, 1000.000000000000000 ) ;
#4279 = PRESENTATION_LAYER_ASSIGNMENT (  '', '', ( #4734 ) ) ;
#4280 = CARTESIAN_POINT ( 'NONE',  ( 1.010000000000001785, -0.4000000000000000222, -0.02000000000000000042 ) ) ;
#4281 = EDGE_CURVE ( 'NONE', #5562, #7042, #1258, .T. ) ;
#4282 = CARTESIAN_POINT ( 'NONE',  ( -0.3750000000000000000, 1.074999999999999956, 0.1799999999999999933 ) ) ;
#4283 = FACE_OUTER_BOUND ( 'NONE', #527, .T. ) ;
#4284 = CARTESIAN_POINT ( 'NONE',  ( -0.1047845701623855291, 0.1724769451694481148, 0.0000000000000000000 ) ) ;
#4285 = VERTEX_POINT ( 'NONE', #6205 ) ;
#4286 = LINE ( 'NONE', #2463, #5915 ) ;
#4287 = AXIS2_PLACEMENT_3D ( 'NONE', #6375, #4108, #4071 ) ;
#4288 = DIRECTION ( 'NONE',  ( 7.724940478959215937E-15, -1.000000000000000000, 0.0000000000000000000 ) ) ;
#4289 = FILL_AREA_STYLE_COLOUR ( '', #1614 ) ;
#4290 = PRESENTATION_LAYER_ASSIGNMENT (  '', '', ( #5334 ) ) ;
#4291 = DIRECTION ( 'NONE',  ( 1.000000000000000000, -0.0000000000000000000, 0.0000000000000000000 ) ) ;
#4292 = FILL_AREA_STYLE_COLOUR ( '', #3628 ) ;
#4293 = ORIENTED_EDGE ( 'NONE', *, *, #1984, .T. ) ;
#4294 = ORIENTED_EDGE ( 'NONE', *, *, #7070, .T. ) ;
#4295 = PRESENTATION_STYLE_ASSIGNMENT (( #2002 ) ) ;
#4296 =( GEOMETRIC_REPRESENTATION_CONTEXT ( 3 ) GLOBAL_UNCERTAINTY_ASSIGNED_CONTEXT ( ( #2831 ) ) GLOBAL_UNIT_ASSIGNED_CONTEXT ( ( #4418, #2657, #2421 ) ) REPRESENTATION_CONTEXT ( 'NONE', 'WORKASPACE' ) );
#4297 = CARTESIAN_POINT ( 'NONE',  ( -1.000000000000000222, 1.499999999999999778, 0.0000000000000000000 ) ) ;
#4298 = STYLED_ITEM ( 'NONE', ( #5547 ), #655 ) ;
#4299 = VECTOR ( 'NONE', #3340, 1000.000000000000000 ) ;
#4300 = ORIENTED_EDGE ( 'NONE', *, *, #628, .T. ) ;
#4301 = VERTEX_POINT ( 'NONE', #3894 ) ;
#4302 = DIRECTION ( 'NONE',  ( 0.7071067811865475727, -0.7071067811865475727, 0.0000000000000000000 ) ) ;
#4303 =( NAMED_UNIT ( * ) SI_UNIT ( $, .STERADIAN. ) SOLID_ANGLE_UNIT ( ) );
#4304 = ORIENTED_EDGE ( 'NONE', *, *, #2314, .T. ) ;
#4305 = PRESENTATION_STYLE_ASSIGNMENT (( #6528 ) ) ;
#4306 = SURFACE_STYLE_FILL_AREA ( #7133 ) ;
#4307 = PRESENTATION_STYLE_ASSIGNMENT (( #7237 ) ) ;
#4308 = DIRECTION ( 'NONE',  ( 2.299256331305463511E-15, 1.000000000000000000, 0.0000000000000000000 ) ) ;
#4309 = FILL_AREA_STYLE_COLOUR ( '', #3627 ) ;
#4310 = EDGE_CURVE ( 'NONE', #391, #6648, #6990, .T. ) ;
#4311 = FACE_OUTER_BOUND ( 'NONE', #2069, .T. ) ;
#4312 = CARTESIAN_POINT ( 'NONE',  ( 0.0000000000000000000, 0.0000000000000000000, 0.0000000000000000000 ) ) ;
#4313 = ADVANCED_FACE ( 'NONE', ( #5074 ), #6707, .T. ) ;
#4314 = PLANE ( 'NONE',  #6725 ) ;
#4315 = EDGE_CURVE ( 'NONE', #1149, #5381, #6613, .T. ) ;
#4316 = DIRECTION ( 'NONE',  ( 1.000000000000000000, 0.0000000000000000000, 0.0000000000000000000 ) ) ;
#4317 =( NAMED_UNIT ( * ) SI_UNIT ( $, .STERADIAN. ) SOLID_ANGLE_UNIT ( ) );
#4318 = FILL_AREA_STYLE_COLOUR ( '', #1248 ) ;
#4319 = EDGE_LOOP ( 'NONE', ( #923, #2654, #4664, #2006 ) ) ;
#4320 = FILL_AREA_STYLE ('',( #5412 ) ) ;
#4321 = LINE ( 'NONE', #5958, #3886 ) ;
#4322 = SURFACE_SIDE_STYLE ('',( #1384 ) ) ;
#4323 = VECTOR ( 'NONE', #2204, 1000.000000000000000 ) ;
#4324 = LINE ( 'NONE', #1950, #3665 ) ;
#4325 = VERTEX_POINT ( 'NONE', #1028 ) ;
#4326 = ORIENTED_EDGE ( 'NONE', *, *, #4625, .F. ) ;
#4327 =( LENGTH_UNIT ( ) NAMED_UNIT ( * ) SI_UNIT ( .MILLI., .METRE. ) );
#4328 = VERTEX_POINT ( 'NONE', #4593 ) ;
#4329 = VERTEX_POINT ( 'NONE', #2800 ) ;
#4330 = EDGE_CURVE ( 'NONE', #5907, #2072, #5746, .T. ) ;
#4331 = SURFACE_STYLE_USAGE ( .BOTH. , #3703 ) ;
#4332 = CARTESIAN_POINT ( 'NONE',  ( 0.06994866154493213639, 0.1724769451694477540, 0.0000000000000000000 ) ) ;
#4333 = ORIENTED_EDGE ( 'NONE', *, *, #5094, .T. ) ;
#4334 = DIRECTION ( 'NONE',  ( -0.0000000000000000000, 0.0000000000000000000, 1.000000000000000000 ) ) ;
#4335 =( NAMED_UNIT ( * ) PLANE_ANGLE_UNIT ( ) SI_UNIT ( $, .RADIAN. ) );
#4336 = EDGE_CURVE ( 'NONE', #5628, #3092, #1100, .T. ) ;
#4337 = ORIENTED_EDGE ( 'NONE', *, *, #4617, .F. ) ;
#4338 = VECTOR ( 'NONE', #5964, 1000.000000000000000 ) ;
#4339 = SURFACE_SIDE_STYLE ('',( #1720 ) ) ;
#4340 = CARTESIAN_POINT ( 'NONE',  ( 0.0000000000000000000, 0.6000000000000000888, 0.0000000000000000000 ) ) ;
#4341 = EDGE_CURVE ( 'NONE', #2136, #7005, #4011, .T. ) ;
#4342 = UNCERTAINTY_MEASURE_WITH_UNIT (LENGTH_MEASURE( 1.000000000000000082E-05 ), #1492, 'distance_accuracy_value', 'NONE');
#4343 = CARTESIAN_POINT ( 'NONE',  ( 1.000000000000000444, -1.124999999999999556, 0.0000000000000000000 ) ) ;
#4344 = EDGE_CURVE ( 'NONE', #289, #4834, #460, .T. ) ;
#4345 = AXIS2_PLACEMENT_3D ( 'NONE', #450, #2828, #6823 ) ;
#4346 = UNCERTAINTY_MEASURE_WITH_UNIT (LENGTH_MEASURE( 1.000000000000000082E-05 ), #1140, 'distance_accuracy_value', 'NONE');
#4347 = STYLED_ITEM ( 'NONE', ( #473 ), #4265 ) ;
#4348 = VECTOR ( 'NONE', #6042, 1000.000000000000000 ) ;
#4349 = STYLED_ITEM ( 'NONE', ( #1573 ), #4076 ) ;
#4350 = ORIENTED_EDGE ( 'NONE', *, *, #5187, .T. ) ;
#4351 =( NAMED_UNIT ( * ) PLANE_ANGLE_UNIT ( ) SI_UNIT ( $, .RADIAN. ) );
#4352 = AXIS2_PLACEMENT_3D ( 'NONE', #919, #2050, #5479 ) ;
#4353 = CARTESIAN_POINT ( 'NONE',  ( -0.1039461555282393951, 0.1505257256572528346, 0.01000000000000000021 ) ) ;
#4354 = FILL_AREA_STYLE ('',( #887 ) ) ;
#4355 = PRESENTATION_STYLE_ASSIGNMENT (( #5519 ) ) ;
#4356 = VECTOR ( 'NONE', #888, 1000.000000000000000 ) ;
#4357 = FILL_AREA_STYLE_COLOUR ( '', #3541 ) ;
#4358 = SURFACE_STYLE_FILL_AREA ( #7119 ) ;
#4359 = VECTOR ( 'NONE', #3677, 1000.000000000000000 ) ;
#4360 = ORIENTED_EDGE ( 'NONE', *, *, #725, .F. ) ;
#4361 = COLOUR_RGB ( '',0.7529411764705882248, 0.7529411764705882248, 0.7529411764705882248 ) ;
#4362 = ORIENTED_EDGE ( 'NONE', *, *, #2115, .T. ) ;
#4363 = CARTESIAN_POINT ( 'NONE',  ( -0.6889616749826644737, 1.003571233972215815, 0.9400000000000000577 ) ) ;
#4364 = ORIENTED_EDGE ( 'NONE', *, *, #6277, .F. ) ;
#4365 = VERTEX_POINT ( 'NONE', #2879 ) ;
#4366 = PRESENTATION_LAYER_ASSIGNMENT (  '', '', ( #990 ) ) ;
#4367 = CARTESIAN_POINT ( 'NONE',  ( -0.005661094552629298421, 0.3285745061450575100, 0.0000000000000000000 ) ) ;
#4368 = ORIENTED_EDGE ( 'NONE', *, *, #3608, .T. ) ;
#4369 = CARTESIAN_POINT ( 'NONE',  ( 1.010000000000001785, -0.4000000000000000222, 0.1799999999999999933 ) ) ;
#4370 = LINE ( 'NONE', #3740, #6594 ) ;
#4371 = FILL_AREA_STYLE_COLOUR ( '', #6652 ) ;
#4372 = ORIENTED_EDGE ( 'NONE', *, *, #6975, .T. ) ;
#4373 = LINE ( 'NONE', #1972, #1623 ) ;
#4374 = FILL_AREA_STYLE ('',( #2145 ) ) ;
#4375 = PLANE ( 'NONE',  #5297 ) ;
#4376 = VECTOR ( 'NONE', #5927, 1000.000000000000000 ) ;
#4377 = COLOUR_RGB ( '',0.2509803921568627416, 0.2509803921568627416, 0.2509803921568627416 ) ;
#4378 =( NAMED_UNIT ( * ) PLANE_ANGLE_UNIT ( ) SI_UNIT ( $, .RADIAN. ) );
#4379 = EDGE_CURVE ( 'NONE', #4841, #3294, #2299, .T. ) ;
#4380 = AXIS2_PLACEMENT_3D ( 'NONE', #250, #4838, #6561 ) ;
#4381 = VECTOR ( 'NONE', #5956, 1000.000000000000000 ) ;
#4382 = DIRECTION ( 'NONE',  ( 0.0000000000000000000, -0.0000000000000000000, -1.000000000000000000 ) ) ;
#4383 =( NAMED_UNIT ( * ) SI_UNIT ( $, .STERADIAN. ) SOLID_ANGLE_UNIT ( ) );
#4384 = PRODUCT_DEFINITION_SHAPE ( 'NONE', 'NONE',  #7367 ) ;
#4385 = PRESENTATION_LAYER_ASSIGNMENT (  '', '', ( #298 ) ) ;
#4386 = ORIENTED_EDGE ( 'NONE', *, *, #2052, .T. ) ;
#4387 = VECTOR ( 'NONE', #2953, 1000.000000000000000 ) ;
#4388 = LINE ( 'NONE', #3412, #4010 ) ;
#4389 = LINE ( 'NONE', #5557, #7397 ) ;
#4390 = LINE ( 'NONE', #6656, #6376 ) ;
#4391 = ORIENTED_EDGE ( 'NONE', *, *, #661, .F. ) ;
#4392 = ORIENTED_EDGE ( 'NONE', *, *, #6110, .F. ) ;
#4393 = EDGE_CURVE ( 'NONE', #5115, #3572, #2720, .T. ) ;
#4394 = LINE ( 'NONE', #3989, #917 ) ;
#4395 = EDGE_CURVE ( 'NONE', #5849, #1523, #4698, .T. ) ;
#4396 = ORIENTED_EDGE ( 'NONE', *, *, #3391, .T. ) ;
#4397 = DIRECTION ( 'NONE',  ( 0.0000000000000000000, 0.0000000000000000000, -1.000000000000000000 ) ) ;
#4398 = AXIS2_PLACEMENT_3D ( 'NONE', #7136, #3741, #2674 ) ;
#4399 = PRESENTATION_STYLE_ASSIGNMENT (( #5650 ) ) ;
#4400 = ORIENTED_EDGE ( 'NONE', *, *, #1738, .T. ) ;
#4401 = LINE ( 'NONE', #7276, #1143 ) ;
#4402 = MECHANICAL_DESIGN_GEOMETRIC_PRESENTATION_REPRESENTATION (  '', ( #5334 ), #681 ) ;
#4403 = ADVANCED_FACE ( 'NONE', ( #5856 ), #6637, .T. ) ;
#4404 = SURFACE_STYLE_FILL_AREA ( #5933 ) ;
#4405 = DIRECTION ( 'NONE',  ( -1.481742969063536821E-14, 1.000000000000000000, 0.0000000000000000000 ) ) ;
#4406 = ORIENTED_EDGE ( 'NONE', *, *, #4209, .T. ) ;
#4407 = SURFACE_SIDE_STYLE ('',( #6678 ) ) ;
#4408 = LINE ( 'NONE', #581, #2218 ) ;
#4409 = EDGE_CURVE ( 'NONE', #4658, #5048, #1850, .T. ) ;
#4410 = SURFACE_STYLE_FILL_AREA ( #6208 ) ;
#4411 =( NAMED_UNIT ( * ) PLANE_ANGLE_UNIT ( ) SI_UNIT ( $, .RADIAN. ) );
#4412 =( NAMED_UNIT ( * ) PLANE_ANGLE_UNIT ( ) SI_UNIT ( $, .RADIAN. ) );
#4413 = SURFACE_STYLE_USAGE ( .BOTH. , #3716 ) ;
#4414 = EDGE_CURVE ( 'NONE', #6650, #3534, #3587, .T. ) ;
#4415 = PRESENTATION_STYLE_ASSIGNMENT (( #2126 ) ) ;
#4416 = VERTEX_POINT ( 'NONE', #721 ) ;
#4417 = SURFACE_STYLE_FILL_AREA ( #7254 ) ;
#4418 =( LENGTH_UNIT ( ) NAMED_UNIT ( * ) SI_UNIT ( .MILLI., .METRE. ) );
#4419 = CARTESIAN_POINT ( 'NONE',  ( -0.1060040823575077590, 0.3505257256572526514, 0.0000000000000000000 ) ) ;
#4420 = VERTEX_POINT ( 'NONE', #182 ) ;
#4421 = ORIENTED_EDGE ( 'NONE', *, *, #4244, .F. ) ;
#4422 = FACE_OUTER_BOUND ( 'NONE', #4979, .T. ) ;
#4423 = FILL_AREA_STYLE_COLOUR ( '', #7352 ) ;
#4424 = B_SPLINE_CURVE_WITH_KNOTS ( 'NONE', 3,
 ( #5857, #183, #110, #5934, #3622 ),
 .UNSPECIFIED., .F., .F.,
 ( 4, 1, 4 ),
 ( 0.0000000000000000000, 0.4399284984857154690, 1.000000000000000000 ),
 .UNSPECIFIED. ) ;
#4425 = AXIS2_PLACEMENT_3D ( 'NONE', #6898, #2972, #1761 ) ;
#4426 = EDGE_LOOP ( 'NONE', ( #577, #21, #5967, #382 ) ) ;
#4427 = PRESENTATION_STYLE_ASSIGNMENT (( #3993 ) ) ;
#4428 = CARTESIAN_POINT ( 'NONE',  ( -0.2251732896745813062, 0.1505257256572534730, 0.0000000000000000000 ) ) ;
#4429 = CARTESIAN_POINT ( 'NONE',  ( -0.3220736961786462293, 0.2981883272832702159, 0.01000000000000000021 ) ) ;
#4430 = ADVANCED_FACE ( 'NONE', ( #42 ), #4634, .F. ) ;
#4431 = ORIENTED_EDGE ( 'NONE', *, *, #255, .F. ) ;
#4432 = FILL_AREA_STYLE ('',( #1686 ) ) ;
#4433 = DIRECTION ( 'NONE',  ( -1.000000000000000000, 0.0000000000000000000, 0.0000000000000000000 ) ) ;
#4434 = ADVANCED_FACE ( 'NONE', ( #4801 ), #797, .T. ) ;
#4435 = CARTESIAN_POINT ( 'NONE',  ( 0.1358023200815171860, 0.3182086524865211929, 0.0000000000000000000 ) ) ;
#4436 = DIRECTION ( 'NONE',  ( 1.000000000000000000, 0.0000000000000000000, 0.0000000000000000000 ) ) ;
#4437 = ORIENTED_EDGE ( 'NONE', *, *, #5940, .T. ) ;
#4438 =( NAMED_UNIT ( * ) PLANE_ANGLE_UNIT ( ) SI_UNIT ( $, .RADIAN. ) );
#4439 =( NAMED_UNIT ( * ) PLANE_ANGLE_UNIT ( ) SI_UNIT ( $, .RADIAN. ) );
#4440 = SURFACE_SIDE_STYLE ('',( #4473 ) ) ;
#4441 =( NAMED_UNIT ( * ) SI_UNIT ( $, .STERADIAN. ) SOLID_ANGLE_UNIT ( ) );
#4442 = CARTESIAN_POINT ( 'NONE',  ( 0.06994866154493210864, 0.2627208476084721966, 0.0000000000000000000 ) ) ;
#4443 = CARTESIAN_POINT ( 'NONE',  ( 0.007347368862005022004, 0.1505257256572525848, 0.0000000000000000000 ) ) ;
#4444 = AXIS2_PLACEMENT_3D ( 'NONE', #1063, #1695, #1657 ) ;
#4445 = FILL_AREA_STYLE_COLOUR ( '', #6316 ) ;
#4446 = DIRECTION ( 'NONE',  ( -0.0000000000000000000, 0.0000000000000000000, 1.000000000000000000 ) ) ;
#4447 = VECTOR ( 'NONE', #2522, 1000.000000000000000 ) ;
#4448 = VECTOR ( 'NONE', #5785, 1000.000000000000000 ) ;
#4449 = ADVANCED_FACE ( 'NONE', ( #3781 ), #2524, .T. ) ;
#4450 = EDGE_LOOP ( 'NONE', ( #1450, #4406, #6230, #7213 ) ) ;
#4451 = PRESENTATION_STYLE_ASSIGNMENT (( #7214 ) ) ;
#4452 = SURFACE_SIDE_STYLE ('',( #6653 ) ) ;
#4453 = CARTESIAN_POINT ( 'NONE',  ( 0.7250000000000000888, -1.125000000000000222, -0.02000000000000000042 ) ) ;
#4454 = VECTOR ( 'NONE', #184, 1000.000000000000000 ) ;
#4455 = MECHANICAL_DESIGN_GEOMETRIC_PRESENTATION_REPRESENTATION (  '', ( #5170 ), #5042 ) ;
#4456 = VERTEX_POINT ( 'NONE', #1970 ) ;
#4457 = ORIENTED_EDGE ( 'NONE', *, *, #4840, .F. ) ;
#4458 = SURFACE_SIDE_STYLE ('',( #4536 ) ) ;
#4459 = MECHANICAL_DESIGN_GEOMETRIC_PRESENTATION_REPRESENTATION (  '', ( #5643 ), #6712 ) ;
#4460 = EDGE_CURVE ( 'NONE', #7042, #943, #6890, .T. ) ;
#4461 = PLANE ( 'NONE',  #2956 ) ;
#4462 = VERTEX_POINT ( 'NONE', #5973 ) ;
#4463 = VECTOR ( 'NONE', #4719, 1000.000000000000000 ) ;
#4464 = SURFACE_STYLE_FILL_AREA ( #6226 ) ;
#4465 = COLOUR_RGB ( '',1.000000000000000000, 1.000000000000000000, 1.000000000000000000 ) ;
#4466 = ORIENTED_EDGE ( 'NONE', *, *, #3322, .F. ) ;
#4467 = MECHANICAL_DESIGN_GEOMETRIC_PRESENTATION_REPRESENTATION (  '', ( #1112 ), #6379 ) ;
#4468 = SURFACE_SIDE_STYLE ('',( #6782 ) ) ;
#4469 = CARTESIAN_POINT ( 'NONE',  ( 0.1440908851019993275, 0.3223484059504626575, 0.0000000000000000000 ) ) ;
#4470 =( NAMED_UNIT ( * ) SI_UNIT ( $, .STERADIAN. ) SOLID_ANGLE_UNIT ( ) );
#4471 = ORIENTED_EDGE ( 'NONE', *, *, #4230, .F. ) ;
#4472 = UNCERTAINTY_MEASURE_WITH_UNIT (LENGTH_MEASURE( 1.000000000000000082E-05 ), #78, 'distance_accuracy_value', 'NONE');
#4473 = SURFACE_STYLE_FILL_AREA ( #2756 ) ;
#4474 = B_SPLINE_CURVE_WITH_KNOTS ( 'NONE', 3,
 ( #3762, #7083, #3122, #1915, #5374, #5994, #4756, #5309, #1387 ),
 .UNSPECIFIED., .F., .F.,
 ( 4, 1, 1, 1, 1, 1, 4 ),
 ( 0.4999999999999998335, 0.5833333333333330373, 0.6666666666666666297, 0.7500000000000000000, 0.8333333333333332593, 0.9166666666666667407, 1.000000000000000000 ),
 .UNSPECIFIED. ) ;
#4475 = VECTOR ( 'NONE', #5932, 1000.000000000000000 ) ;
#4476 = LINE ( 'NONE', #3971, #2060 ) ;
#4477 = EDGE_CURVE ( 'NONE', #4285, #7059, #332, .T. ) ;
#4478 = CARTESIAN_POINT ( 'NONE',  ( -0.3133211555282396366, 0.3261354817548147711, 0.01000000000000000021 ) ) ;
#4479 = DIRECTION ( 'NONE',  ( -1.000000000000000000, 0.0000000000000000000, 0.0000000000000000000 ) ) ;
#4480 =( GEOMETRIC_REPRESENTATION_CONTEXT ( 3 ) GLOBAL_UNCERTAINTY_ASSIGNED_CONTEXT ( ( #6340 ) ) GLOBAL_UNIT_ASSIGNED_CONTEXT ( ( #2292, #454, #6747 ) ) REPRESENTATION_CONTEXT ( 'NONE', 'WORKASPACE' ) );
#4481 = ORIENTED_EDGE ( 'NONE', *, *, #4460, .T. ) ;
#4482 = ADVANCED_FACE ( 'NONE', ( #909 ), #2076, .T. ) ;
#4483 = SURFACE_STYLE_FILL_AREA ( #1526 ) ;
#4484 = FILL_AREA_STYLE_COLOUR ( '', #3219 ) ;
#4485 = CARTESIAN_POINT ( 'NONE',  ( 0.0000000000000000000, 0.0000000000000000000, -0.02000000000000000042 ) ) ;
#4486 = AXIS2_PLACEMENT_3D ( 'NONE', #1195, #1271, #6300 ) ;
#4487 = COLOUR_RGB ( '',0.7529411764705882248, 0.7529411764705882248, 0.7529411764705882248 ) ;
#4488 = DIRECTION ( 'NONE',  ( -0.0000000000000000000, 0.0000000000000000000, 1.000000000000000000 ) ) ;
#4489 = CARTESIAN_POINT ( 'NONE',  ( 0.09677792983761511481, 0.1505257256572525848, 0.0000000000000000000 ) ) ;
#4490 = ORIENTED_EDGE ( 'NONE', *, *, #2759, .F. ) ;
#4491 = PLANE ( 'NONE',  #4266 ) ;
#4492 = VECTOR ( 'NONE', #7319, 1000.000000000000000 ) ;
#4493 = CARTESIAN_POINT ( 'NONE',  ( 1.010000000000000231, -0.6500000000000000222, -0.02000000000000000042 ) ) ;
#4494 = SURFACE_STYLE_USAGE ( .BOTH. , #7268 ) ;
#4495 = MECHANICAL_DESIGN_GEOMETRIC_PRESENTATION_REPRESENTATION (  '', ( #298 ), #1385 ) ;
#4496 = VERTEX_POINT ( 'NONE', #2872 ) ;
#4497 =( LENGTH_UNIT ( ) NAMED_UNIT ( * ) SI_UNIT ( .MILLI., .METRE. ) );
#4498 = CARTESIAN_POINT ( 'NONE',  ( -0.7250000000000000888, 1.509999999999999787, -0.02000000000000000042 ) ) ;
#4499 = DIRECTION ( 'NONE',  ( 0.0000000000000000000, -0.0000000000000000000, -1.000000000000000000 ) ) ;
#4500 = DIRECTION ( 'NONE',  ( -1.000000000000000000, 0.0000000000000000000, 0.0000000000000000000 ) ) ;
#4501 = CARTESIAN_POINT ( 'NONE',  ( -1.010000000000000453, -1.125000000000000222, 0.1799999999999999933 ) ) ;
#4502 = VERTEX_POINT ( 'NONE', #1651 ) ;
#4503 = FACE_OUTER_BOUND ( 'NONE', #4450, .T. ) ;
#4504 = DIRECTION ( 'NONE',  ( 1.000000000000000000, 1.707404996040163525E-16, 0.0000000000000000000 ) ) ;
#4505 = ORIENTED_EDGE ( 'NONE', *, *, #6174, .F. ) ;
#4506 = FILL_AREA_STYLE ('',( #4946 ) ) ;
#4507 = LINE ( 'NONE', #6788, #5449 ) ;
#4508 = MECHANICAL_DESIGN_GEOMETRIC_PRESENTATION_REPRESENTATION (  '', ( #5219 ), #3207 ) ;
#4509 = EDGE_LOOP ( 'NONE', ( #1393, #2858, #3443, #3605 ) ) ;
#4510 = SURFACE_STYLE_USAGE ( .BOTH. , #3282 ) ;
#4511 = EDGE_LOOP ( 'NONE', ( #4060, #2886, #940, #5702 ) ) ;
#4512 = LINE ( 'NONE', #6705, #1560 ) ;
#4513 = VECTOR ( 'NONE', #2203, 1000.000000000000000 ) ;
#4514 = UNCERTAINTY_MEASURE_WITH_UNIT (LENGTH_MEASURE( 1.000000000000000082E-05 ), #6271, 'distance_accuracy_value', 'NONE');
#4515 = FILL_AREA_STYLE ('',( #2225 ) ) ;
#4516 =( NAMED_UNIT ( * ) PLANE_ANGLE_UNIT ( ) SI_UNIT ( $, .RADIAN. ) );
#4517 = EDGE_CURVE ( 'NONE', #1922, #3956, #452, .T. ) ;
#4518 = PRESENTATION_LAYER_ASSIGNMENT (  '', '', ( #5339 ) ) ;
#4519 = DIRECTION ( 'NONE',  ( 0.0000000000000000000, 0.0000000000000000000, -1.000000000000000000 ) ) ;
#4520 = AXIS2_PLACEMENT_3D ( 'NONE', #4485, #5090, #2855 ) ;
#4521 = CARTESIAN_POINT ( 'NONE',  ( -1.000000000000000222, 1.499999999999999778, 0.9499999999999999556 ) ) ;
#4522 = DIRECTION ( 'NONE',  ( -7.228014483236695816E-17, 1.000000000000000000, -0.0000000000000000000 ) ) ;
#4523 = FILL_AREA_STYLE ('',( #3331 ) ) ;
#4524 = EDGE_CURVE ( 'NONE', #7005, #5660, #1059, .T. ) ;
#4525 = ADVANCED_FACE ( 'NONE', ( #5144 ), #6865, .T. ) ;
#4526 = ORIENTED_EDGE ( 'NONE', *, *, #843, .F. ) ;
#4527 = DIRECTION ( 'NONE',  ( 0.0000000000000000000, -0.0000000000000000000, -1.000000000000000000 ) ) ;
#4528 =( NAMED_UNIT ( * ) SI_UNIT ( $, .STERADIAN. ) SOLID_ANGLE_UNIT ( ) );
#4529 = PLANE ( 'NONE',  #5524 ) ;
#4530 = DIRECTION ( 'NONE',  ( 0.0000000000000000000, 0.0000000000000000000, -1.000000000000000000 ) ) ;
#4531 = FACE_OUTER_BOUND ( 'NONE', #1319, .T. ) ;
#4532 =( NAMED_UNIT ( * ) PLANE_ANGLE_UNIT ( ) SI_UNIT ( $, .RADIAN. ) );
#4533 = FILL_AREA_STYLE ('',( #3263 ) ) ;
#4534 = ORIENTED_EDGE ( 'NONE', *, *, #5784, .T. ) ;
#4535 = VERTEX_POINT ( 'NONE', #6232 ) ;
#4536 = SURFACE_STYLE_FILL_AREA ( #1639 ) ;
#4537 = CARTESIAN_POINT ( 'NONE',  ( -0.005661094552629531741, 0.3505257256572524849, 0.0000000000000000000 ) ) ;
#4538 = ORIENTED_EDGE ( 'NONE', *, *, #7057, .T. ) ;
#4539 = DIRECTION ( 'NONE',  ( -1.000000000000000000, 0.0000000000000000000, 0.0000000000000000000 ) ) ;
#4540 = PRESENTATION_STYLE_ASSIGNMENT (( #3426 ) ) ;
#4541 = SURFACE_STYLE_USAGE ( .BOTH. , #4339 ) ;
#4542 = CARTESIAN_POINT ( 'NONE',  ( -0.1000000000000000611, 1.509999999999999787, 0.1799999999999999933 ) ) ;
#4543 =( NAMED_UNIT ( * ) PLANE_ANGLE_UNIT ( ) SI_UNIT ( $, .RADIAN. ) );
#4544 = CARTESIAN_POINT ( 'NONE',  ( 0.1358023200815171860, 0.3182086524865211929, 0.01000000000000000021 ) ) ;
#4545 = VERTEX_POINT ( 'NONE', #2214 ) ;
#4546 = CARTESIAN_POINT ( 'NONE',  ( -0.8346014097487851613, 1.255826654187992331, 0.9499999999999999556 ) ) ;
#4547 = PLANE ( 'NONE',  #5636 ) ;
#4548 = VERTEX_POINT ( 'NONE', #408 ) ;
#4549 = CARTESIAN_POINT ( 'NONE',  ( -0.01053914333311700355, 0.0000000000000000000, 0.01000000000000000021 ) ) ;
#4550 = UNCERTAINTY_MEASURE_WITH_UNIT (LENGTH_MEASURE( 1.000000000000000082E-05 ), #6015, 'distance_accuracy_value', 'NONE');
#4551 = FILL_AREA_STYLE ('',( #2256 ) ) ;
#4552 = EDGE_CURVE ( 'NONE', #2630, #1729, #2712, .T. ) ;
#4553 = ORIENTED_EDGE ( 'NONE', *, *, #4169, .T. ) ;
#4554 = CARTESIAN_POINT ( 'NONE',  ( 0.2536750183769608258, 0.2246767352171527010, 0.0000000000000000000 ) ) ;
#4555 = CARTESIAN_POINT ( 'NONE',  ( -0.7250000000000000888, 1.509999999999999787, 0.1799999999999999933 ) ) ;
#4556 = VERTEX_POINT ( 'NONE', #2174 ) ;
#4557 = DIRECTION ( 'NONE',  ( 0.0000000000000000000, 0.0000000000000000000, -1.000000000000000000 ) ) ;
#4558 = EDGE_CURVE ( 'NONE', #2169, #3175, #4507, .T. ) ;
#4559 = DIRECTION ( 'NONE',  ( 1.000000000000000000, 0.0000000000000000000, 0.0000000000000000000 ) ) ;
#4560 =( LENGTH_UNIT ( ) NAMED_UNIT ( * ) SI_UNIT ( .MILLI., .METRE. ) );
#4561 = B_SPLINE_SURFACE_WITH_KNOTS ( 'NONE', 3, 1, ( 
 ( #5714, #3858 ),
 ( #3330, #584 ),
 ( #3289, #1029 ),
 ( #504, #5621 ),
 ( #2265, #420 ),
 ( #2802, #462 ) ),
 .UNSPECIFIED., .F., .F., .F.,
 ( 4, 1, 1, 4 ),
 ( 2, 2 ),
 ( 0.0000000000000000000, 0.3342377255956913151, 0.6670852762807359948, 1.000000000000000000 ),
 ( 0.0000000000000000000, 1.000000000000000000 ),
 .UNSPECIFIED. ) ;
#4562 = CARTESIAN_POINT ( 'NONE',  ( -0.2703524055282396366, 0.1972736931369284963, 0.01000000000000000021 ) ) ;
#4563 = ORIENTED_EDGE ( 'NONE', *, *, #3336, .T. ) ;
#4564 = AXIS2_PLACEMENT_3D ( 'NONE', #4711, #6394, #6960 ) ;
#4565 = PRESENTATION_LAYER_ASSIGNMENT (  '', '', ( #6588 ) ) ;
#4566 = SURFACE_STYLE_FILL_AREA ( #4602 ) ;
#4567 = ORIENTED_EDGE ( 'NONE', *, *, #5837, .T. ) ;
#4568 = CARTESIAN_POINT ( 'NONE',  ( 1.000000000000000222, 1.499999999999999778, 0.0000000000000000000 ) ) ;
#4569 = DIRECTION ( 'NONE',  ( 0.0000000000000000000, -0.0000000000000000000, -1.000000000000000000 ) ) ;
#4570 = EDGE_LOOP ( 'NONE', ( #377, #7087, #3502, #1909 ) ) ;
#4571 = SURFACE_SIDE_STYLE ('',( #6262 ) ) ;
#4572 = PLANE ( 'NONE',  #1436 ) ;
#4573 = PRESENTATION_STYLE_ASSIGNMENT (( #2865 ) ) ;
#4574 = PLANE ( 'NONE',  #4486 ) ;
#4575 = CARTESIAN_POINT ( 'NONE',  ( 0.1358023200815171860, 0.3182086524865211929, 0.0000000000000000000 ) ) ;
#4576 = DIRECTION ( 'NONE',  ( 0.0000000000000000000, 0.0000000000000000000, -1.000000000000000000 ) ) ;
#4577 = LINE ( 'NONE', #6545, #6610 ) ;
#4578 = EDGE_LOOP ( 'NONE', ( #5142, #322, #3418, #3813, #7280, #2850, #2591 ) ) ;
#4579 =( GEOMETRIC_REPRESENTATION_CONTEXT ( 3 ) GLOBAL_UNCERTAINTY_ASSIGNED_CONTEXT ( ( #3959 ) ) GLOBAL_UNIT_ASSIGNED_CONTEXT ( ( #2017, #3745, #3784 ) ) REPRESENTATION_CONTEXT ( 'NONE', 'WORKASPACE' ) );
#4580 = VERTEX_POINT ( 'NONE', #5110 ) ;
#4581 = MECHANICAL_DESIGN_GEOMETRIC_PRESENTATION_REPRESENTATION (  '', ( #4349 ), #854 ) ;
#4582 = ORIENTED_EDGE ( 'NONE', *, *, #3969, .F. ) ;
#4583 = CARTESIAN_POINT ( 'NONE',  ( -1.000000000000000222, 1.499999999999999778, 0.0000000000000000000 ) ) ;
#4584 = LINE ( 'NONE', #6983, #6279 ) ;
#4585 = STYLED_ITEM ( 'NONE', ( #6064 ), #5373 ) ;
#4586 = ORIENTED_EDGE ( 'NONE', *, *, #3291, .T. ) ;
#4587 = LINE ( 'NONE', #2914, #1147 ) ;
#4588 =( NAMED_UNIT ( * ) PLANE_ANGLE_UNIT ( ) SI_UNIT ( $, .RADIAN. ) );
#4589 = STYLED_ITEM ( 'NONE', ( #4355 ), #1329 ) ;
#4590 = PRESENTATION_LAYER_ASSIGNMENT (  '', '', ( #2183 ) ) ;
#4591 = DIRECTION ( 'NONE',  ( 0.0000000000000000000, -0.0000000000000000000, -1.000000000000000000 ) ) ;
#4592 = AXIS2_PLACEMENT_3D ( 'NONE', #3466, #2467, #3536 ) ;
#4593 = CARTESIAN_POINT ( 'NONE',  ( 1.010000000000000453, -1.125000000000000222, 0.1799999999999999933 ) ) ;
#4594 = DIRECTION ( 'NONE',  ( 0.0000000000000000000, -0.0000000000000000000, -1.000000000000000000 ) ) ;
#4595 = CARTESIAN_POINT ( 'NONE',  ( -0.1801657724004321059, 0.2096777509395354178, 0.0000000000000000000 ) ) ;
#4596 = DIRECTION ( 'NONE',  ( -1.000000000000000000, -0.0000000000000000000, -0.0000000000000000000 ) ) ;
#4597 = VECTOR ( 'NONE', #7141, 1000.000000000000000 ) ;
#4598 = CARTESIAN_POINT ( 'NONE',  ( -0.2544415823575082447, 0.1505257256572535562, 0.01000000000000000021 ) ) ;
#4599 = ORIENTED_EDGE ( 'NONE', *, *, #6389, .T. ) ;
#4600 = MECHANICAL_DESIGN_GEOMETRIC_PRESENTATION_REPRESENTATION (  '', ( #5422 ), #1367 ) ;
#4601 = CARTESIAN_POINT ( 'NONE',  ( -0.9999999999999995559, -1.500000000000000222, 0.9499999999999999556 ) ) ;
#4602 = FILL_AREA_STYLE ('',( #1260 ) ) ;
#4603 = STYLED_ITEM ( 'NONE', ( #5588 ), #1660 ) ;
#4604 = MECHANICAL_DESIGN_GEOMETRIC_PRESENTATION_REPRESENTATION (  '', ( #6878 ), #2812 ) ;
#4605 = COLOUR_RGB ( '',1.000000000000000000, 0.5019607843137254832, 0.0000000000000000000 ) ;
#4606 = AXIS2_PLACEMENT_3D ( 'NONE', #5800, #5164, #5202 ) ;
#4607 = ORIENTED_EDGE ( 'NONE', *, *, #839, .T. ) ;
#4608 = CARTESIAN_POINT ( 'NONE',  ( -0.2802799969916542344, 0.2285745061450586424, 0.0000000000000000000 ) ) ;
#4609 = FACE_OUTER_BOUND ( 'NONE', #4975, .T. ) ;
#4610 = AXIS2_PLACEMENT_3D ( 'NONE', #5019, #969, #7229 ) ;
#4611 = VERTEX_POINT ( 'NONE', #533 ) ;
#4612 = ADVANCED_FACE ( 'NONE', ( #2833 ), #7399, .T. ) ;
#4613 =( LENGTH_UNIT ( ) NAMED_UNIT ( * ) SI_UNIT ( .MILLI., .METRE. ) );
#4614 = FILL_AREA_STYLE_COLOUR ( '', #5858 ) ;
#4615 = STYLED_ITEM ( 'NONE', ( #5793 ), #3320 ) ;
#4616 = SURFACE_STYLE_USAGE ( .BOTH. , #2323 ) ;
#4617 = EDGE_CURVE ( 'NONE', #2806, #135, #3055, .T. ) ;
#4618 = MECHANICAL_DESIGN_GEOMETRIC_PRESENTATION_REPRESENTATION (  '', ( #5905 ), #4832 ) ;
#4619 = AXIS2_PLACEMENT_3D ( 'NONE', #4312, #6093, #7244 ) ;
#4620 = EDGE_CURVE ( 'NONE', #6480, #1906, #1237, .T. ) ;
#4621 = ORIENTED_EDGE ( 'NONE', *, *, #7389, .F. ) ;
#4622 = ORIENTED_EDGE ( 'NONE', *, *, #214, .F. ) ;
#4623 = UNCERTAINTY_MEASURE_WITH_UNIT (LENGTH_MEASURE( 1.000000000000000082E-05 ), #5017, 'distance_accuracy_value', 'NONE');
#4624 = MECHANICAL_DESIGN_GEOMETRIC_PRESENTATION_REPRESENTATION (  '', ( #4734 ), #665 ) ;
#4625 = EDGE_CURVE ( 'NONE', #2010, #1109, #4144, .T. ) ;
#4626 = ORIENTED_EDGE ( 'NONE', *, *, #20, .T. ) ;
#4627 = CARTESIAN_POINT ( 'NONE',  ( 1.000000000000000444, -0.8749999999999992228, 0.9499999999999999556 ) ) ;
#4628 = VECTOR ( 'NONE', #5113, 1000.000000000000000 ) ;
#4629 = CARTESIAN_POINT ( 'NONE',  ( 0.7250000000000000888, -1.125000000000000222, -0.02000000000000000042 ) ) ;
#4630 = ORIENTED_EDGE ( 'NONE', *, *, #3286, .T. ) ;
#4631 = CARTESIAN_POINT ( 'NONE',  ( -0.04956353357701968887, 0.3338590589905858219, 0.0000000000000000000 ) ) ;
#4632 = VECTOR ( 'NONE', #6048, 1000.000000000000000 ) ;
#4633 = LINE ( 'NONE', #4079, #1238 ) ;
#4634 = PLANE ( 'NONE',  #5938 ) ;
#4635 = CARTESIAN_POINT ( 'NONE',  ( -0.5000000000000000000, 0.6500000000000000222, 5.421010862427522170E-17 ) ) ;
#4636 = CARTESIAN_POINT ( 'NONE',  ( 0.2788114430361212093, 0.3018813273040522605, 0.0000000000000000000 ) ) ;
#4637 = CARTESIAN_POINT ( 'NONE',  ( -0.3561565213818983500, 0.2066232866328637230, 0.01000000000000000021 ) ) ;
#4638 = DIRECTION ( 'NONE',  ( 0.0000000000000000000, 0.0000000000000000000, -1.000000000000000000 ) ) ;
#4639 = ORIENTED_EDGE ( 'NONE', *, *, #5366, .F. ) ;
#4640 = EDGE_CURVE ( 'NONE', #2039, #3264, #6792, .T. ) ;
#4641 = VECTOR ( 'NONE', #6094, 1000.000000000000000 ) ;
#4642 =( GEOMETRIC_REPRESENTATION_CONTEXT ( 3 ) GLOBAL_UNCERTAINTY_ASSIGNED_CONTEXT ( ( #802 ) ) GLOBAL_UNIT_ASSIGNED_CONTEXT ( ( #2422, #6397, #5300 ) ) REPRESENTATION_CONTEXT ( 'NONE', 'WORKASPACE' ) );
#4643 = SURFACE_STYLE_FILL_AREA ( #3487 ) ;
#4644 = EDGE_CURVE ( 'NONE', #6555, #2372, #5268, .T. ) ;
#4645 = DIRECTION ( 'NONE',  ( 0.0000000000000000000, 1.000000000000000000, 0.0000000000000000000 ) ) ;
#4646 =( GEOMETRIC_REPRESENTATION_CONTEXT ( 3 ) GLOBAL_UNCERTAINTY_ASSIGNED_CONTEXT ( ( #5739 ) ) GLOBAL_UNIT_ASSIGNED_CONTEXT ( ( #5795, #3457, #4018 ) ) REPRESENTATION_CONTEXT ( 'NONE', 'WORKASPACE' ) );
#4647 = VECTOR ( 'NONE', #1853, 1000.000000000000000 ) ;
#4648 = ORIENTED_EDGE ( 'NONE', *, *, #5969, .T. ) ;
#4649 = CARTESIAN_POINT ( 'NONE',  ( 0.06994866154493216415, 0.2407696280962770830, 0.0000000000000000000 ) ) ;
#4650 = CARTESIAN_POINT ( 'NONE',  ( -0.1801657724004321059, 0.2096777509395354178, 0.01000000000000000021 ) ) ;
#4651 = VERTEX_POINT ( 'NONE', #138 ) ;
#4652 = EDGE_CURVE ( 'NONE', #467, #735, #3014, .T. ) ;
#4653 = CARTESIAN_POINT ( 'NONE',  ( -0.3276123140648251053, 0.3505257256572539282, 0.01000000000000000021 ) ) ;
#4654 = DIRECTION ( 'NONE',  ( -1.000000000000000000, 0.0000000000000000000, 0.0000000000000000000 ) ) ;
#4655 = CARTESIAN_POINT ( 'NONE',  ( 0.1871361615449324001, 0.1700379207792039049, 0.01000000000000000021 ) ) ;
#4656 = UNCERTAINTY_MEASURE_WITH_UNIT (LENGTH_MEASURE( 1.000000000000000082E-05 ), #5114, 'distance_accuracy_value', 'NONE');
#4657 = CARTESIAN_POINT ( 'NONE',  ( -0.2544415823575082447, 0.1505257256572536395, 0.0000000000000000000 ) ) ;
#4658 = VERTEX_POINT ( 'NONE', #2440 ) ;
#4659 = EDGE_LOOP ( 'NONE', ( #3719, #5778, #1060, #3200 ) ) ;
#4660 = ORIENTED_EDGE ( 'NONE', *, *, #7178, .F. ) ;
#4661 = ADVANCED_FACE ( 'NONE', ( #5246 ), #4690, .T. ) ;
#4662 = LINE ( 'NONE', #6911, #6399 ) ;
#4663 = CARTESIAN_POINT ( 'NONE',  ( -0.9999999999999997780, -0.6499999999999998002, 0.9499999999999999556 ) ) ;
#4664 = ORIENTED_EDGE ( 'NONE', *, *, #7175, .F. ) ;
#4665 = LINE ( 'NONE', #1358, #6008 ) ;
#4666 = CARTESIAN_POINT ( 'NONE',  ( 1.000000000000000222, 1.499999999999999778, 0.1799999999999999378 ) ) ;
#4667 = CARTESIAN_POINT ( 'NONE',  ( 0.1908328078863958666, 0.1480867012670087912, 0.01000000000000000021 ) ) ;
#4668 = FILL_AREA_STYLE ('',( #1211 ) ) ;
#4669 = STYLED_ITEM ( 'NONE', ( #1643 ), #1206 ) ;
#4670 =( NAMED_UNIT ( * ) SI_UNIT ( $, .STERADIAN. ) SOLID_ANGLE_UNIT ( ) );
#4671 = SURFACE_SIDE_STYLE ('',( #3455 ) ) ;
#4672 =( LENGTH_UNIT ( ) NAMED_UNIT ( * ) SI_UNIT ( .MILLI., .METRE. ) );
#4673 = CARTESIAN_POINT ( 'NONE',  ( 0.3749999999999998890, 0.8749999999999998890, 0.1799999999999999933 ) ) ;
#4674 = FILL_AREA_STYLE ('',( #2387 ) ) ;
#4675 = ORIENTED_EDGE ( 'NONE', *, *, #4783, .F. ) ;
#4676 = SURFACE_STYLE_USAGE ( .BOTH. , #89 ) ;
#4677 = VECTOR ( 'NONE', #1979, 1000.000000000000000 ) ;
#4678 = EDGE_LOOP ( 'NONE', ( #7402, #4216, #5049, #6380, #2025, #5760 ) ) ;
#4679 = DIRECTION ( 'NONE',  ( 0.0000000000000000000, -0.0000000000000000000, -1.000000000000000000 ) ) ;
#4680 = DIRECTION ( 'NONE',  ( 1.000000000000000000, 0.0000000000000000000, -0.0000000000000000000 ) ) ;
#4681 = LINE ( 'NONE', #3470, #2333 ) ;
#4682 = DIRECTION ( 'NONE',  ( 0.0000000000000000000, 0.0000000000000000000, -1.000000000000000000 ) ) ;
#4683 = SURFACE_STYLE_FILL_AREA ( #5769 ) ;
#4684 = PRESENTATION_LAYER_ASSIGNMENT (  '', '', ( #232 ) ) ;
#4685 = PRESENTATION_LAYER_ASSIGNMENT (  '', '', ( #4105 ) ) ;
#4686 = VERTEX_POINT ( 'NONE', #6557 ) ;
#4687 = ORIENTED_EDGE ( 'NONE', *, *, #730, .T. ) ;
#4688 = EDGE_CURVE ( 'NONE', #3175, #5844, #2780, .T. ) ;
#4689 = PRESENTATION_LAYER_ASSIGNMENT (  '', '', ( #1926 ) ) ;
#4690 = PLANE ( 'NONE',  #186 ) ;
#4691 = PRESENTATION_LAYER_ASSIGNMENT (  '', '', ( #4347 ) ) ;
#4692 = ORIENTED_EDGE ( 'NONE', *, *, #4414, .T. ) ;
#4693 = ORIENTED_EDGE ( 'NONE', *, *, #4281, .T. ) ;
#4694 = CARTESIAN_POINT ( 'NONE',  ( -0.3170559116258006571, 0.3121110915109124861, 0.0000000000000000000 ) ) ;
#4695 = CARTESIAN_POINT ( 'NONE',  ( 0.1632369497755796761, 0.1488560894321913630, 0.0000000000000000000 ) ) ;
#4696 = PRESENTATION_LAYER_ASSIGNMENT (  '', '', ( #3033 ) ) ;
#4697 = SURFACE_SIDE_STYLE ('',( #181 ) ) ;
#4698 = LINE ( 'NONE', #2449, #3148 ) ;
#4699 = VECTOR ( 'NONE', #4539, 1000.000000000000000 ) ;
#4700 = FACE_OUTER_BOUND ( 'NONE', #3869, .T. ) ;
#4701 = CARTESIAN_POINT ( 'NONE',  ( 0.1826392103254196597, 0.3310135305353017476, 0.01000000000000000021 ) ) ;
#4702 = ADVANCED_FACE ( 'NONE', ( #5490 ), #5614, .T. ) ;
#4703 = SURFACE_STYLE_USAGE ( .BOTH. , #2302 ) ;
#4704 = VECTOR ( 'NONE', #1995, 1000.000000000000000 ) ;
#4705 = VECTOR ( 'NONE', #6136, 1000.000000000000000 ) ;
#4706 = AXIS2_PLACEMENT_3D ( 'NONE', #3575, #3003, #4717 ) ;
#4707 = DIRECTION ( 'NONE',  ( -1.000000000000000000, -0.0000000000000000000, -0.0000000000000000000 ) ) ;
#4708 = EDGE_CURVE ( 'NONE', #135, #4905, #6519, .T. ) ;
#4709 = EDGE_CURVE ( 'NONE', #2132, #6980, #3126, .T. ) ;
#4710 = STYLED_ITEM ( 'NONE', ( #5223 ), #2405 ) ;
#4711 = CARTESIAN_POINT ( 'NONE',  ( -0.1060040823575077590, 0.3505257256572526514, 0.0000000000000000000 ) ) ;
#4712 = FILL_AREA_STYLE ('',( #3683 ) ) ;
#4713 = ADVANCED_FACE ( 'NONE', ( #1499 ), #5421, .T. ) ;
#4714 = DIRECTION ( 'NONE',  ( 0.0000000000000000000, 0.0000000000000000000, -1.000000000000000000 ) ) ;
#4715 = ORIENTED_EDGE ( 'NONE', *, *, #160, .F. ) ;
#4716 = ORIENTED_EDGE ( 'NONE', *, *, #5624, .F. ) ;
#4717 = DIRECTION ( 'NONE',  ( 5.692061405548895123E-15, -1.000000000000000000, 0.0000000000000000000 ) ) ;
#4718 = CARTESIAN_POINT ( 'NONE',  ( -0.4004578425201099634, 0.1638590589905876971, 0.01000000000000000021 ) ) ;
#4719 = DIRECTION ( 'NONE',  ( 0.0000000000000000000, -0.0000000000000000000, -1.000000000000000000 ) ) ;
#4720 = COLOUR_RGB ( '',0.7529411764705882248, 0.7529411764705882248, 0.7529411764705882248 ) ;
#4721 = ORIENTED_EDGE ( 'NONE', *, *, #843, .T. ) ;
#4722 = VERTEX_POINT ( 'NONE', #1567 ) ;
#4723 = UNCERTAINTY_MEASURE_WITH_UNIT (LENGTH_MEASURE( 1.000000000000000082E-05 ), #4996, 'distance_accuracy_value', 'NONE');
#4724 = MECHANICAL_DESIGN_GEOMETRIC_PRESENTATION_REPRESENTATION (  '', ( #3181 ), #5801 ) ;
#4725 = SURFACE_STYLE_FILL_AREA ( #1277 ) ;
#4726 = EDGE_CURVE ( 'NONE', #5419, #1878, #6109, .T. ) ;
#4727 = VECTOR ( 'NONE', #1301, 1000.000000000000000 ) ;
#4728 = ORIENTED_EDGE ( 'NONE', *, *, #7264, .T. ) ;
#4729 = PLANE ( 'NONE',  #1003 ) ;
#4730 = EDGE_LOOP ( 'NONE', ( #6073, #6587, #4962, #3473 ) ) ;
#4731 = VECTOR ( 'NONE', #3693, 1000.000000000000000 ) ;
#4732 = CARTESIAN_POINT ( 'NONE',  ( -0.3153071875939286173, 0.3194262158468382795, 0.01000000000000000021 ) ) ;
#4733 = FACE_OUTER_BOUND ( 'NONE', #4778, .T. ) ;
#4734 = STYLED_ITEM ( 'NONE', ( #3998 ), #7050 ) ;
#4735 = DIRECTION ( 'NONE',  ( 0.0000000000000000000, 0.0000000000000000000, -1.000000000000000000 ) ) ;
#4736 = PRESENTATION_LAYER_ASSIGNMENT (  '', '', ( #7240 ) ) ;
#4737 = CARTESIAN_POINT ( 'NONE',  ( 0.1358023200815171860, 0.3182086524865211929, 0.01000000000000000021 ) ) ;
#4738 = DIRECTION ( 'NONE',  ( 0.0000000000000000000, 0.0000000000000000000, -1.000000000000000000 ) ) ;
#4739 = DIRECTION ( 'NONE',  ( 1.000000000000000000, 6.173929037764659971E-15, 0.0000000000000000000 ) ) ;
#4740 = AXIS2_PLACEMENT_3D ( 'NONE', #578, #2874, #4989 ) ;
#4741 = PLANE ( 'NONE',  #982 ) ;
#4742 = SURFACE_SIDE_STYLE ('',( #1900 ) ) ;
#4743 = LINE ( 'NONE', #4854, #2362 ) ;
#4744 = ADVANCED_FACE ( 'NONE', ( #4422 ), #1048, .T. ) ;
#4745 = SURFACE_SIDE_STYLE ('',( #5443 ) ) ;
#4746 = EDGE_CURVE ( 'NONE', #751, #6355, #1122, .T. ) ;
#4747 = VECTOR ( 'NONE', #4569, 1000.000000000000000 ) ;
#4748 = ORIENTED_EDGE ( 'NONE', *, *, #6876, .T. ) ;
#4749 = LINE ( 'NONE', #7045, #6751 ) ;
#4750 = ORIENTED_EDGE ( 'NONE', *, *, #757, .T. ) ;
#4751 = LINE ( 'NONE', #4133, #2561 ) ;
#4752 = VECTOR ( 'NONE', #6357, 1000.000000000000000 ) ;
#4753 = CARTESIAN_POINT ( 'NONE',  ( -0.08130896040628791954, 0.3285745061450575100, 0.0000000000000000000 ) ) ;
#4754 = SURFACE_SIDE_STYLE ('',( #2361 ) ) ;
#4755 = LINE ( 'NONE', #2393, #4463 ) ;
#4756 = CARTESIAN_POINT ( 'NONE',  ( -0.6356538322578365596, 1.202518811463164194, 0.9499999999999999556 ) ) ;
#4757 = LINE ( 'NONE', #3051, #6513 ) ;
#4758 = CARTESIAN_POINT ( 'NONE',  ( -0.8346014097487851613, 1.003571233972216037, 0.9499999999999999556 ) ) ;
#4759 = EDGE_LOOP ( 'NONE', ( #5737, #1316, #5125, #6985 ) ) ;
#4760 = ORIENTED_EDGE ( 'NONE', *, *, #2125, .T. ) ;
#4761 = ORIENTED_EDGE ( 'NONE', *, *, #6062, .T. ) ;
#4762 = VERTEX_POINT ( 'NONE', #6222 ) ;
#4763 = CARTESIAN_POINT ( 'NONE',  ( 0.3528756574798919132, 0.1505257256572531954, 0.0000000000000000000 ) ) ;
#4764 = DIRECTION ( 'NONE',  ( 0.0000000000000000000, -0.0000000000000000000, 1.000000000000000000 ) ) ;
#4765 = ORIENTED_EDGE ( 'NONE', *, *, #3395, .T. ) ;
#4766 = CARTESIAN_POINT ( 'NONE',  ( -0.7617815423657247065, 1.275338678846224427, 0.9399999999999998357 ) ) ;
#4767 = PRESENTATION_STYLE_ASSIGNMENT (( #6422 ) ) ;
#4768 = CARTESIAN_POINT ( 'NONE',  ( -0.005661094552629415515, 0.3505257256572524849, 0.01000000000000000021 ) ) ;
#4769 = CARTESIAN_POINT ( 'NONE',  ( 0.1440905517684549497, 0.3223482394667615547, 0.01000000000000000021 ) ) ;
#4770 = SURFACE_STYLE_FILL_AREA ( #2492 ) ;
#4771 = CARTESIAN_POINT ( 'NONE',  ( 0.09999999999999995004, -1.509999999999999787, -0.02000000000000000042 ) ) ;
#4772 = FILL_AREA_STYLE ('',( #5749 ) ) ;
#4773 = UNCERTAINTY_MEASURE_WITH_UNIT (LENGTH_MEASURE( 1.000000000000000082E-05 ), #87, 'distance_accuracy_value', 'NONE');
#4774 = CARTESIAN_POINT ( 'NONE',  ( -0.4007826879561898759, 0.1505257256572543612, 0.0000000000000000000 ) ) ;
#4775 = EDGE_CURVE ( 'NONE', #4048, #7182, #4394, .T. ) ;
#4776 = LINE ( 'NONE', #4810, #356 ) ;
#4777 = CARTESIAN_POINT ( 'NONE',  ( -0.2251732896745813062, 0.1505257256572534730, 0.0000000000000000000 ) ) ;
#4778 = EDGE_LOOP ( 'NONE', ( #1347, #4360, #88, #7328, #851, #5103, #936, #4765 ) ) ;
#4779 = ORIENTED_EDGE ( 'NONE', *, *, #5405, .F. ) ;
#4780 = CARTESIAN_POINT ( 'NONE',  ( -0.1837098750404343450, 0.2524693232182288471, 0.0000000000000000000 ) ) ;
#4781 = CARTESIAN_POINT ( 'NONE',  ( -0.0007830457721411629738, 0.2627208476084721411, 0.0000000000000000000 ) ) ;
#4782 = PLANE ( 'NONE',  #2451 ) ;
#4783 = EDGE_CURVE ( 'NONE', #4456, #3545, #1081, .T. ) ;
#4784 = CARTESIAN_POINT ( 'NONE',  ( -1.000000000000000222, 1.499999999999999778, 0.9499999999999999556 ) ) ;
#4785 = ORIENTED_EDGE ( 'NONE', *, *, #6649, .F. ) ;
#4786 = VERTEX_POINT ( 'NONE', #2704 ) ;
#4787 = VECTOR ( 'NONE', #173, 1000.000000000000000 ) ;
#4788 = B_SPLINE_CURVE_WITH_KNOTS ( 'NONE', 3,
 ( #6457, #4223, #720, #1207, #5354 ),
 .UNSPECIFIED., .F., .F.,
 ( 4, 1, 4 ),
 ( 0.0000000000000000000, 0.5000000000000009992, 0.9999813636363611424 ),
 .UNSPECIFIED. ) ;
#4789 = EDGE_CURVE ( 'NONE', #2501, #518, #4977, .T. ) ;
#4790 = CARTESIAN_POINT ( 'NONE',  ( 0.1738494447475534554, 0.3527521908034133014, 0.01000000000000000021 ) ) ;
#4791 =( NAMED_UNIT ( * ) PLANE_ANGLE_UNIT ( ) SI_UNIT ( $, .RADIAN. ) );
#4792 = VERTEX_POINT ( 'NONE', #4493 ) ;
#4793 = VERTEX_POINT ( 'NONE', #5642 ) ;
#4794 = LINE ( 'NONE', #6081, #1463 ) ;
#4795 = CARTESIAN_POINT ( 'NONE',  ( -0.005661094552629410311, 0.3395499492344882797, 0.0000000000000000000 ) ) ;
#4796 = CARTESIAN_POINT ( 'NONE',  ( -1.010000000000000231, -0.1000000000000000056, -0.02000000000000000042 ) ) ;
#4797 = COLOUR_RGB ( '',0.7529411764705882248, 0.7529411764705882248, 0.7529411764705882248 ) ;
#4798 = VERTEX_POINT ( 'NONE', #2739 ) ;
#4799 = CARTESIAN_POINT ( 'NONE',  ( -1.010000000000000231, 0.6500000000000000222, -0.02000000000000000042 ) ) ;
#4800 = CARTESIAN_POINT ( 'NONE',  ( 0.1589025150183017709, 0.3297461275250184176, 0.0000000000000000000 ) ) ;
#4801 = FACE_OUTER_BOUND ( 'NONE', #3189, .T. ) ;
#4802 = FILL_AREA_STYLE ('',( #5355 ) ) ;
#4803 = CARTESIAN_POINT ( 'NONE',  ( -1.000000000000000222, 1.499999999999999778, 0.1799999999999999378 ) ) ;
#4804 = COLOUR_RGB ( '',1.000000000000000000, 1.000000000000000000, 1.000000000000000000 ) ;
#4805 = STYLED_ITEM ( 'NONE', ( #5341 ), #4192 ) ;
#4806 =( NAMED_UNIT ( * ) SI_UNIT ( $, .STERADIAN. ) SOLID_ANGLE_UNIT ( ) );
#4807 = CARTESIAN_POINT ( 'NONE',  ( -0.3750000000000000000, 1.074999999999999956, 5.421010862427522170E-17 ) ) ;
#4808 = COLOUR_RGB ( '',0.7529411764705882248, 0.7529411764705882248, 0.7529411764705882248 ) ;
#4809 = UNCERTAINTY_MEASURE_WITH_UNIT (LENGTH_MEASURE( 1.000000000000000082E-05 ), #1307, 'distance_accuracy_value', 'NONE');
#4810 = CARTESIAN_POINT ( 'NONE',  ( 1.010000000000001785, 0.4000000000000000222, 0.1799999999999999933 ) ) ;
#4811 =( GEOMETRIC_REPRESENTATION_CONTEXT ( 3 ) GLOBAL_UNCERTAINTY_ASSIGNED_CONTEXT ( ( #4809 ) ) GLOBAL_UNIT_ASSIGNED_CONTEXT ( ( #1307, #6550, #7012 ) ) REPRESENTATION_CONTEXT ( 'NONE', 'WORKASPACE' ) );
#4812 = CARTESIAN_POINT ( 'NONE',  ( -0.9999999999999995559, -1.500000000000000222, 0.0000000000000000000 ) ) ;
#4813 = CARTESIAN_POINT ( 'NONE',  ( 0.0000000000000000000, 0.0000000000000000000, 0.1799999999999999933 ) ) ;
#4814 = COLOUR_RGB ( '',1.000000000000000000, 1.000000000000000000, 1.000000000000000000 ) ;
#4815 = SURFACE_STYLE_FILL_AREA ( #1448 ) ;
#4816 = VERTEX_POINT ( 'NONE', #6663 ) ;
#4817 =( NAMED_UNIT ( * ) SI_UNIT ( $, .STERADIAN. ) SOLID_ANGLE_UNIT ( ) );
#4818 = AXIS2_PLACEMENT_3D ( 'NONE', #3856, #6539, #1410 ) ;
#4819 = VECTOR ( 'NONE', #5290, 1000.000000000000000 ) ;
#4820 = VECTOR ( 'NONE', #6364, 1000.000000000000000 ) ;
#4821 = CARTESIAN_POINT ( 'NONE',  ( -1.000000000000000222, 1.499999999999999778, 0.0000000000000000000 ) ) ;
#4822 = B_SPLINE_CURVE_WITH_KNOTS ( 'NONE', 3,
 ( #5044, #5008, #7334, #3905, #4929 ),
 .UNSPECIFIED., .F., .F.,
 ( 4, 1, 4 ),
 ( 0.0000000000000000000, 0.5000000000000003331, 0.9999929310344823907 ),
 .UNSPECIFIED. ) ;
#4823 = PRESENTATION_STYLE_ASSIGNMENT (( #845 ) ) ;
#4824 = LINE ( 'NONE', #3046, #4049 ) ;
#4825 = DIRECTION ( 'NONE',  ( 0.0000000000000000000, 0.0000000000000000000, 1.000000000000000000 ) ) ;
#4826 = STYLED_ITEM ( 'NONE', ( #3511 ), #2213 ) ;
#4827 = CARTESIAN_POINT ( 'NONE',  ( 0.09999999999999995004, 1.499999999999999778, 0.0000000000000000000 ) ) ;
#4828 = ORIENTED_EDGE ( 'NONE', *, *, #6212, .T. ) ;
#4829 = ORIENTED_EDGE ( 'NONE', *, *, #5261, .F. ) ;
#4830 = EDGE_CURVE ( 'NONE', #4325, #3601, #7266, .T. ) ;
#4831 = CARTESIAN_POINT ( 'NONE',  ( 0.1577516161553367546, 0.3523727739304071127, 0.01000000000000000021 ) ) ;
#4832 =( GEOMETRIC_REPRESENTATION_CONTEXT ( 3 ) GLOBAL_UNCERTAINTY_ASSIGNED_CONTEXT ( ( #2943 ) ) GLOBAL_UNIT_ASSIGNED_CONTEXT ( ( #7274, #6736, #3920 ) ) REPRESENTATION_CONTEXT ( 'NONE', 'WORKASPACE' ) );
#4833 = CARTESIAN_POINT ( 'NONE',  ( 0.7250000000000000888, -1.509999999999999787, 0.1799999999999999933 ) ) ;
#4834 = VERTEX_POINT ( 'NONE', #6149 ) ;
#4835 = ORIENTED_EDGE ( 'NONE', *, *, #4830, .T. ) ;
#4836 = VECTOR ( 'NONE', #2032, 1000.000000000000000 ) ;
#4837 = CARTESIAN_POINT ( 'NONE',  ( -0.5749999999999999556, 0.8750000000000000000, 5.421010862427522170E-17 ) ) ;
#4838 = DIRECTION ( 'NONE',  ( -0.0000000000000000000, 0.0000000000000000000, 1.000000000000000000 ) ) ;
#4839 = CARTESIAN_POINT ( 'NONE',  ( 0.002875490813224631809, 0.1724769451694477262, 0.0000000000000000000 ) ) ;
#4840 = EDGE_CURVE ( 'NONE', #3264, #6773, #3591, .T. ) ;
#4841 = VERTEX_POINT ( 'NONE', #2199 ) ;
#4842 = FILL_AREA_STYLE ('',( #2601 ) ) ;
#4843 = CARTESIAN_POINT ( 'NONE',  ( 0.2845828078863957278, 0.2467528598035945153, 0.01000000000000000021 ) ) ;
#4844 = EDGE_CURVE ( 'NONE', #5199, #6331, #6771, .T. ) ;
#4845 =( GEOMETRIC_REPRESENTATION_CONTEXT ( 3 ) GLOBAL_UNCERTAINTY_ASSIGNED_CONTEXT ( ( #6901 ) ) GLOBAL_UNIT_ASSIGNED_CONTEXT ( ( #2066, #3345, #6772 ) ) REPRESENTATION_CONTEXT ( 'NONE', 'WORKASPACE' ) );
#4846 = PRESENTATION_LAYER_ASSIGNMENT (  '', '', ( #6285 ) ) ;
#4847 = SURFACE_STYLE_FILL_AREA ( #6567 ) ;
#4848 = SURFACE_STYLE_FILL_AREA ( #1440 ) ;
#4849 = DIRECTION ( 'NONE',  ( -1.000000000000000000, -0.0000000000000000000, -0.0000000000000000000 ) ) ;
#4850 = COLOUR_RGB ( '',0.7529411764705882248, 0.7529411764705882248, 0.7529411764705882248 ) ;
#4851 = DIRECTION ( 'NONE',  ( -0.0000000000000000000, 0.0000000000000000000, 1.000000000000000000 ) ) ;
#4852 = COLOUR_RGB ( '',1.000000000000000000, 1.000000000000000000, 1.000000000000000000 ) ;
#4853 = AXIS2_PLACEMENT_3D ( 'NONE', #6155, #6781, #972 ) ;
#4854 = CARTESIAN_POINT ( 'NONE',  ( 0.7250000000000000888, -1.125000000000000222, 0.1799999999999999933 ) ) ;
#4855 = PRESENTATION_STYLE_ASSIGNMENT (( #2576 ) ) ;
#4856 = SURFACE_STYLE_USAGE ( .BOTH. , #3225 ) ;
#4857 =( GEOMETRIC_REPRESENTATION_CONTEXT ( 3 ) GLOBAL_UNCERTAINTY_ASSIGNED_CONTEXT ( ( #4550 ) ) GLOBAL_UNIT_ASSIGNED_CONTEXT ( ( #6015, #3217, #6568 ) ) REPRESENTATION_CONTEXT ( 'NONE', 'WORKASPACE' ) );
#4858 = DIRECTION ( 'NONE',  ( -0.3390537954853710678, -0.9407669869669981200, 0.0000000000000000000 ) ) ;
#4859 = VERTEX_POINT ( 'NONE', #6256 ) ;
#4860 =( GEOMETRIC_REPRESENTATION_CONTEXT ( 3 ) GLOBAL_UNCERTAINTY_ASSIGNED_CONTEXT ( ( #3358 ) ) GLOBAL_UNIT_ASSIGNED_CONTEXT ( ( #3103, #4335, #6530 ) ) REPRESENTATION_CONTEXT ( 'NONE', 'WORKASPACE' ) );
#4861 = EDGE_CURVE ( 'NONE', #37, #2595, #3421, .T. ) ;
#4862 = SURFACE_STYLE_USAGE ( .BOTH. , #6441 ) ;
#4863 = CARTESIAN_POINT ( 'NONE',  ( 0.4040950030083466094, 0.3505257256572531510, 0.0000000000000000000 ) ) ;
#4864 = DIRECTION ( 'NONE',  ( -1.000000000000000000, 0.0000000000000000000, 0.0000000000000000000 ) ) ;
#4865 = AXIS2_PLACEMENT_3D ( 'NONE', #520, #6186, #3947 ) ;
#4866 = LINE ( 'NONE', #3196, #1978 ) ;
#4867 = ADVANCED_FACE ( 'NONE', ( #6850 ), #2137, .T. ) ;
#4868 = EDGE_LOOP ( 'NONE', ( #4170, #5316, #6154, #321 ) ) ;
#4869 = VERTEX_POINT ( 'NONE', #6114 ) ;
#4870 = VECTOR ( 'NONE', #4530, 1000.000000000000000 ) ;
#4871 = ADVANCED_FACE ( 'NONE', ( #445 ), #3269, .T. ) ;
#4872 = CARTESIAN_POINT ( 'NONE',  ( 0.1358023200815176301, 0.1828427988279843763, 0.0000000000000000000 ) ) ;
#4873 = EDGE_LOOP ( 'NONE', ( #3351, #6728, #5351, #249 ) ) ;
#4874 = ORIENTED_EDGE ( 'NONE', *, *, #2906, .F. ) ;
#4875 = CARTESIAN_POINT ( 'NONE',  ( -0.3750000000000000000, 1.499999999999999778, 0.1799999999999999933 ) ) ;
#4876 = EDGE_CURVE ( 'NONE', #3738, #401, #1520, .T. ) ;
#4877 = FILL_AREA_STYLE_COLOUR ( '', #2201 ) ;
#4878 = SURFACE_SIDE_STYLE ('',( #791 ) ) ;
#4879 = ORIENTED_EDGE ( 'NONE', *, *, #6531, .T. ) ;
#4880 = FACE_OUTER_BOUND ( 'NONE', #5775, .T. ) ;
#4881 = SURFACE_SIDE_STYLE ('',( #7233 ) ) ;
#4882 = CARTESIAN_POINT ( 'NONE',  ( -0.01053914333311689773, 0.1688180752507485449, 0.0000000000000000000 ) ) ;
#4883 = ORIENTED_EDGE ( 'NONE', *, *, #5474, .T. ) ;
#4884 = LINE ( 'NONE', #1127, #5833 ) ;
#4885 = DIRECTION ( 'NONE',  ( 0.0000000000000000000, -0.0000000000000000000, -1.000000000000000000 ) ) ;
#4886 = SURFACE_SIDE_STYLE ('',( #414 ) ) ;
#4887 = PRESENTATION_STYLE_ASSIGNMENT (( #5358 ) ) ;
#4888 = SURFACE_STYLE_USAGE ( .BOTH. , #6057 ) ;
#4889 =( NAMED_UNIT ( * ) PLANE_ANGLE_UNIT ( ) SI_UNIT ( $, .RADIAN. ) );
#4890 = DIRECTION ( 'NONE',  ( 0.0000000000000000000, -0.0000000000000000000, -1.000000000000000000 ) ) ;
#4891 = CARTESIAN_POINT ( 'NONE',  ( -0.3164317067395694405, 0.3147222160134904856, 0.0000000000000000000 ) ) ;
#4892 = PLANE ( 'NONE',  #3899 ) ;
#4893 = ORIENTED_EDGE ( 'NONE', *, *, #1568, .F. ) ;
#4894 = CARTESIAN_POINT ( 'NONE',  ( -0.2735345701623860259, 0.2066232866328634732, 0.01000000000000000021 ) ) ;
#4895 =( NAMED_UNIT ( * ) PLANE_ANGLE_UNIT ( ) SI_UNIT ( $, .RADIAN. ) );
#4896 = FILL_AREA_STYLE_COLOUR ( '', #4361 ) ;
#4897 = CARTESIAN_POINT ( 'NONE',  ( 0.3750000000000000000, -1.509999999999999787, 0.1799999999999999933 ) ) ;
#4898 = CARTESIAN_POINT ( 'NONE',  ( 0.0000000000000000000, 0.2627208476084721411, 0.01000000000000000021 ) ) ;
#4899 = FILL_AREA_STYLE_COLOUR ( '', #7226 ) ;
#4900 = DIRECTION ( 'NONE',  ( 6.938893903907230744E-15, -1.000000000000000000, 0.0000000000000000000 ) ) ;
#4901 = VERTEX_POINT ( 'NONE', #5606 ) ;
#4902 = ORIENTED_EDGE ( 'NONE', *, *, #216, .T. ) ;
#4903 = B_SPLINE_SURFACE_WITH_KNOTS ( 'NONE', 3, 1, ( 
 ( #4575, #4544 ),
 ( #5172, #25 ),
 ( #4800, #3840 ),
 ( #2781, #1569 ),
 ( #966, #3308 ) ),
 .UNSPECIFIED., .F., .F., .F.,
 ( 4, 1, 4 ),
 ( 2, 2 ),
 ( 0.0000000000000000000, 0.5595633439762586203, 0.9999999999999998890 ),
 ( 0.0000000000000000000, 1.000000000000000000 ),
 .UNSPECIFIED. ) ;
#4904 = CARTESIAN_POINT ( 'NONE',  ( 0.09999999999999995004, 0.9999999999999997780, 0.1799999999999999933 ) ) ;
#4905 = VERTEX_POINT ( 'NONE', #6151 ) ;
#4906 = EDGE_LOOP ( 'NONE', ( #4391, #4337, #508, #7400, #4075, #3806 ) ) ;
#4907 = LINE ( 'NONE', #7060, #5922 ) ;
#4908 = FACE_OUTER_BOUND ( 'NONE', #5553, .T. ) ;
#4909 = ORIENTED_EDGE ( 'NONE', *, *, #3852, .T. ) ;
#4910 =( NAMED_UNIT ( * ) PLANE_ANGLE_UNIT ( ) SI_UNIT ( $, .RADIAN. ) );
#4911 = EDGE_CURVE ( 'NONE', #821, #4651, #5568, .T. ) ;
#4912 = AXIS2_PLACEMENT_3D ( 'NONE', #3630, #3183, #6541 ) ;
#4913 = ORIENTED_EDGE ( 'NONE', *, *, #6991, .T. ) ;
#4914 = CARTESIAN_POINT ( 'NONE',  ( -0.5749999999999999556, 0.8750000000000000000, -0.02000000000000000042 ) ) ;
#4915 = UNCERTAINTY_MEASURE_WITH_UNIT (LENGTH_MEASURE( 1.000000000000000082E-05 ), #496, 'distance_accuracy_value', 'NONE');
#4916 = DIRECTION ( 'NONE',  ( -1.707404996040163525E-16, 1.000000000000000000, 0.0000000000000000000 ) ) ;
#4917 = UNCERTAINTY_MEASURE_WITH_UNIT (LENGTH_MEASURE( 1.000000000000000082E-05 ), #5829, 'distance_accuracy_value', 'NONE');
#4918 = EDGE_CURVE ( 'NONE', #2600, #6906, #3385, .T. ) ;
#4919 = FACE_OUTER_BOUND ( 'NONE', #1171, .T. ) ;
#4920 = SURFACE_SIDE_STYLE ('',( #4961 ) ) ;
#4921 = ADVANCED_FACE ( 'NONE', ( #524 ), #2822, .T. ) ;
#4922 = MECHANICAL_DESIGN_GEOMETRIC_PRESENTATION_REPRESENTATION (  '', ( #736 ), #5890 ) ;
#4923 = SURFACE_SIDE_STYLE ('',( #6065 ) ) ;
#4924 = EDGE_CURVE ( 'NONE', #1794, #1691, #2431, .T. ) ;
#4925 = VECTOR ( 'NONE', #3727, 1000.000000000000000 ) ;
#4926 = ORIENTED_EDGE ( 'NONE', *, *, #3943, .F. ) ;
#4927 = STYLED_ITEM ( 'NONE', ( #3917 ), #5476 ) ;
#4928 = FILL_AREA_STYLE_COLOUR ( '', #1355 ) ;
#4929 = CARTESIAN_POINT ( 'NONE',  ( -0.0007830457721411253520, 0.2407696280962769997, 0.0000000000000000000 ) ) ;
#4930 = SURFACE_SIDE_STYLE ('',( #6618 ) ) ;
#4931 = EDGE_CURVE ( 'NONE', #4793, #5425, #1888, .T. ) ;
#4932 = VECTOR ( 'NONE', #3723, 1000.000000000000000 ) ;
#4933 = DIRECTION ( 'NONE',  ( 1.000000000000000000, -0.0000000000000000000, -0.0000000000000000000 ) ) ;
#4934 = VECTOR ( 'NONE', #1905, 1000.000000000000000 ) ;
#4935 = ORIENTED_EDGE ( 'NONE', *, *, #2847, .T. ) ;
#4936 = MECHANICAL_DESIGN_GEOMETRIC_PRESENTATION_REPRESENTATION (  '', ( #3767 ), #378 ) ;
#4937 = VERTEX_POINT ( 'NONE', #5237 ) ;
#4938 = CARTESIAN_POINT ( 'NONE',  ( -0.9009172689124348432, 1.105425654952417291, 0.9499999999999999556 ) ) ;
#4939 = EDGE_LOOP ( 'NONE', ( #7292, #2604, #2355, #5488 ) ) ;
#4940 = LINE ( 'NONE', #5968, #1217 ) ;
#4941 = PRESENTATION_LAYER_ASSIGNMENT (  '', '', ( #5065 ) ) ;
#4942 = DIRECTION ( 'NONE',  ( 0.0000000000000000000, 0.0000000000000000000, -1.000000000000000000 ) ) ;
#4943 = ORIENTED_EDGE ( 'NONE', *, *, #6722, .T. ) ;
#4944 = LINE ( 'NONE', #7350, #6055 ) ;
#4945 = PRESENTATION_LAYER_ASSIGNMENT (  '', '', ( #5422 ) ) ;
#4946 = FILL_AREA_STYLE_COLOUR ( '', #6349 ) ;
#4947 = EDGE_CURVE ( 'NONE', #401, #7194, #7152, .T. ) ;
#4948 =( NAMED_UNIT ( * ) PLANE_ANGLE_UNIT ( ) SI_UNIT ( $, .RADIAN. ) );
#4949 = ADVANCED_FACE ( 'NONE', ( #4062 ), #7424, .T. ) ;
#4950 = CARTESIAN_POINT ( 'NONE',  ( -0.07500000000000055234, 0.07500000000000071887, 0.0000000000000000000 ) ) ;
#4951 = ORIENTED_EDGE ( 'NONE', *, *, #6490, .T. ) ;
#4952 = PLANE ( 'NONE',  #551 ) ;
#4953 = FILL_AREA_STYLE_COLOUR ( '', #1484 ) ;
#4954 = AXIS2_PLACEMENT_3D ( 'NONE', #2680, #1655, #6128 ) ;
#4955 = MECHANICAL_DESIGN_GEOMETRIC_PRESENTATION_REPRESENTATION (  '', ( #7354 ), #2193 ) ;
#4956 = SURFACE_SIDE_STYLE ('',( #3141 ) ) ;
#4957 =( GEOMETRIC_REPRESENTATION_CONTEXT ( 3 ) GLOBAL_UNCERTAINTY_ASSIGNED_CONTEXT ( ( #6704 ) ) GLOBAL_UNIT_ASSIGNED_CONTEXT ( ( #2825, #7273, #1683 ) ) REPRESENTATION_CONTEXT ( 'NONE', 'WORKASPACE' ) );
#4958 = STYLED_ITEM ( 'NONE', ( #6617 ), #3173 ) ;
#4959 = CARTESIAN_POINT ( 'NONE',  ( 0.09999999999999995004, 0.9999999999999997780, -0.02000000000000000042 ) ) ;
#4960 = CARTESIAN_POINT ( 'NONE',  ( -0.7250000000000000888, 1.125000000000000222, -0.02000000000000000042 ) ) ;
#4961 = SURFACE_STYLE_FILL_AREA ( #6543 ) ;
#4962 = ORIENTED_EDGE ( 'NONE', *, *, #5003, .F. ) ;
#4963 = STYLED_ITEM ( 'NONE', ( #4305 ), #7044 ) ;
#4964 = SURFACE_STYLE_FILL_AREA ( #7249 ) ;
#4965 = VERTEX_POINT ( 'NONE', #5727 ) ;
#4966 = EDGE_CURVE ( 'NONE', #7386, #4798, #5528, .T. ) ;
#4967 = SURFACE_STYLE_FILL_AREA ( #1596 ) ;
#4968 = FACE_OUTER_BOUND ( 'NONE', #6338, .T. ) ;
#4969 = FILL_AREA_STYLE ('',( #4484 ) ) ;
#4970 = LINE ( 'NONE', #5558, #4932 ) ;
#4971 = EDGE_CURVE ( 'NONE', #326, #252, #2412, .T. ) ;
#4972 = PRESENTATION_STYLE_ASSIGNMENT (( #2192 ) ) ;
#4973 = SURFACE_STYLE_FILL_AREA ( #4533 ) ;
#4974 = VECTOR ( 'NONE', #2792, 1000.000000000000000 ) ;
#4975 = EDGE_LOOP ( 'NONE', ( #7395, #1011, #483, #4976 ) ) ;
#4976 = ORIENTED_EDGE ( 'NONE', *, *, #4020, .T. ) ;
#4977 = LINE ( 'NONE', #3380, #1036 ) ;
#4978 = FILL_AREA_STYLE_COLOUR ( '', #1739 ) ;
#4979 = EDGE_LOOP ( 'NONE', ( #2766, #3702, #1927, #1093 ) ) ;
#4980 = PRESENTATION_LAYER_ASSIGNMENT (  '', '', ( #2718 ) ) ;
#4981 = CARTESIAN_POINT ( 'NONE',  ( -0.2856610945526298906, 0.3105257256572536706, 0.0000000000000000000 ) ) ;
#4982 = LINE ( 'NONE', #361, #6499 ) ;
#4983 = ORIENTED_EDGE ( 'NONE', *, *, #1181, .T. ) ;
#4984 = CARTESIAN_POINT ( 'NONE',  ( 0.09999999999999995004, -0.9999999999999997780, -0.02000000000000000042 ) ) ;
#4985 =( GEOMETRIC_REPRESENTATION_CONTEXT ( 3 ) GLOBAL_UNCERTAINTY_ASSIGNED_CONTEXT ( ( #5589 ) ) GLOBAL_UNIT_ASSIGNED_CONTEXT ( ( #2121, #2722, #4999 ) ) REPRESENTATION_CONTEXT ( 'NONE', 'WORKASPACE' ) );
#4986 = SURFACE_STYLE_USAGE ( .BOTH. , #365 ) ;
#4987 = ORIENTED_EDGE ( 'NONE', *, *, #2353, .F. ) ;
#4988 = FILL_AREA_STYLE ('',( #6856 ) ) ;
#4989 = DIRECTION ( 'NONE',  ( -6.938893903907230744E-15, -1.000000000000000000, 0.0000000000000000000 ) ) ;
#4990 = EDGE_CURVE ( 'NONE', #35, #252, #2056, .T. ) ;
#4991 = PRESENTATION_STYLE_ASSIGNMENT (( #6604 ) ) ;
#4992 = DIRECTION ( 'NONE',  ( -0.0000000000000000000, 1.000000000000000000, 0.0000000000000000000 ) ) ;
#4993 = STYLED_ITEM ( 'NONE', ( #1752 ), #5245 ) ;
#4994 = UNCERTAINTY_MEASURE_WITH_UNIT (LENGTH_MEASURE( 1.000000000000000082E-05 ), #2383, 'distance_accuracy_value', 'NONE');
#4995 = CARTESIAN_POINT ( 'NONE',  ( 0.06994866154493187271, 0.2956475102100982744, 0.0000000000000000000 ) ) ;
#4996 =( LENGTH_UNIT ( ) NAMED_UNIT ( * ) SI_UNIT ( .MILLI., .METRE. ) );
#4997 = FACE_OUTER_BOUND ( 'NONE', #2257, .T. ) ;
#4998 = CARTESIAN_POINT ( 'NONE',  ( -0.5749999999999999556, 0.8750000000000000000, 0.1799999999999999933 ) ) ;
#4999 =( NAMED_UNIT ( * ) SI_UNIT ( $, .STERADIAN. ) SOLID_ANGLE_UNIT ( ) );
#5000 = CARTESIAN_POINT ( 'NONE',  ( -1.009999999999998455, -0.4000000000000000222, 0.1799999999999999933 ) ) ;
#5001 = SURFACE_STYLE_FILL_AREA ( #1626 ) ;
#5002 = PLANE ( 'NONE',  #885 ) ;
#5003 = EDGE_CURVE ( 'NONE', #4420, #4937, #4824, .T. ) ;
#5004 = CARTESIAN_POINT ( 'NONE',  ( 0.5000000000000000000, 0.6500000000000000222, -0.02000000000000000042 ) ) ;
#5005 = VERTEX_POINT ( 'NONE', #3722 ) ;
#5006 = SURFACE_STYLE_FILL_AREA ( #5629 ) ;
#5007 = FACE_BOUND ( 'NONE', #3505, .T. ) ;
#5008 = CARTESIAN_POINT ( 'NONE',  ( 0.05816004365875328264, 0.2407696280962771107, 0.0000000000000000000 ) ) ;
#5009 = SURFACE_STYLE_FILL_AREA ( #1044 ) ;
#5010 = ORIENTED_EDGE ( 'NONE', *, *, #1266, .T. ) ;
#5011 = ORIENTED_EDGE ( 'NONE', *, *, #1075, .T. ) ;
#5012 = CARTESIAN_POINT ( 'NONE',  ( 0.2536750183769608258, 0.2246767352171527010, 0.01000000000000000021 ) ) ;
#5013 = FACE_OUTER_BOUND ( 'NONE', #1016, .T. ) ;
#5014 = VECTOR ( 'NONE', #7049, 1000.000000000000000 ) ;
#5015 = ORIENTED_EDGE ( 'NONE', *, *, #1663, .F. ) ;
#5016 = ADVANCED_FACE ( 'NONE', ( #7082 ), #3119, .T. ) ;
#5017 =( LENGTH_UNIT ( ) NAMED_UNIT ( * ) SI_UNIT ( .MILLI., .METRE. ) );
#5018 = CARTESIAN_POINT ( 'NONE',  ( -0.2705391433331176265, 0.2705257256572536906, 0.0000000000000000000 ) ) ;
#5019 = CARTESIAN_POINT ( 'NONE',  ( 0.7250000000000000888, 1.125000000000000222, 0.1799999999999999933 ) ) ;
#5020 = FACE_OUTER_BOUND ( 'NONE', #2550, .T. ) ;
#5021 = EDGE_LOOP ( 'NONE', ( #3215, #1535, #69, #1572, #911, #7301 ) ) ;
#5022 = SURFACE_SIDE_STYLE ('',( #2746 ) ) ;
#5023 = CARTESIAN_POINT ( 'NONE',  ( 1.000000000000000444, 0.1000000000000000056, 0.0000000000000000000 ) ) ;
#5024 = EDGE_CURVE ( 'NONE', #6405, #4096, #1994, .T. ) ;
#5025 = LINE ( 'NONE', #405, #3382 ) ;
#5026 = ORIENTED_EDGE ( 'NONE', *, *, #1624, .T. ) ;
#5027 =( NAMED_UNIT ( * ) SI_UNIT ( $, .STERADIAN. ) SOLID_ANGLE_UNIT ( ) );
#5028 =( NAMED_UNIT ( * ) SI_UNIT ( $, .STERADIAN. ) SOLID_ANGLE_UNIT ( ) );
#5029 = EDGE_CURVE ( 'NONE', #2501, #5738, #3193, .T. ) ;
#5030 = SURFACE_SIDE_STYLE ('',( #459 ) ) ;
#5031 = SURFACE_SIDE_STYLE ('',( #2184 ) ) ;
#5032 = VECTOR ( 'NONE', #266, 1000.000000000000000 ) ;
#5033 = CARTESIAN_POINT ( 'NONE',  ( -0.3107431798829544123, 0.3141316249746242129, 0.0000000000000000000 ) ) ;
#5034 = LINE ( 'NONE', #1701, #1478 ) ;
#5035 = DIRECTION ( 'NONE',  ( 0.0000000000000000000, -1.000000000000000000, -0.0000000000000000000 ) ) ;
#5036 = SURFACE_STYLE_FILL_AREA ( #4523 ) ;
#5037 = VECTOR ( 'NONE', #1243, 1000.000000000000000 ) ;
#5038 = VECTOR ( 'NONE', #4382, 1000.000000000000000 ) ;
#5039 = DIRECTION ( 'NONE',  ( -3.653612800430614822E-15, 1.000000000000000000, 0.0000000000000000000 ) ) ;
#5040 = B_SPLINE_CURVE_WITH_KNOTS ( 'NONE', 3,
 ( #1948, #6511, #2433, #4246, #1386 ),
 .UNSPECIFIED., .F., .F.,
 ( 4, 1, 4 ),
 ( 0.0000000000000000000, 0.4399284984857154690, 1.000000000000000000 ),
 .UNSPECIFIED. ) ;
#5041 = ORIENTED_EDGE ( 'NONE', *, *, #3474, .T. ) ;
#5042 =( GEOMETRIC_REPRESENTATION_CONTEXT ( 3 ) GLOBAL_UNCERTAINTY_ASSIGNED_CONTEXT ( ( #7316 ) ) GLOBAL_UNIT_ASSIGNED_CONTEXT ( ( #5707, #4516, #6278 ) ) REPRESENTATION_CONTEXT ( 'NONE', 'WORKASPACE' ) );
#5043 =( NAMED_UNIT ( * ) SI_UNIT ( $, .STERADIAN. ) SOLID_ANGLE_UNIT ( ) );
#5044 = CARTESIAN_POINT ( 'NONE',  ( 0.06994866154493216415, 0.2407696280962770830, 0.0000000000000000000 ) ) ;
#5045 = DIRECTION ( 'NONE',  ( 1.000000000000000000, 0.0000000000000000000, 0.0000000000000000000 ) ) ;
#5046 = VECTOR ( 'NONE', #1818, 1000.000000000000000 ) ;
#5047 = COLOUR_RGB ( '',0.7529411764705882248, 0.7529411764705882248, 0.7529411764705882248 ) ;
#5048 = VERTEX_POINT ( 'NONE', #4780 ) ;
#5049 = ORIENTED_EDGE ( 'NONE', *, *, #6197, .F. ) ;
#5050 = COLOUR_RGB ( '',0.2509803921568627416, 0.2509803921568627416, 0.2509803921568627416 ) ;
#5051 = CARTESIAN_POINT ( 'NONE',  ( -0.9009172689124349542, 1.129698944080104184, 0.9400000000000000577 ) ) ;
#5052 = ORIENTED_EDGE ( 'NONE', *, *, #5965, .F. ) ;
#5053 = DIRECTION ( 'NONE',  ( 0.0000000000000000000, 0.0000000000000000000, -1.000000000000000000 ) ) ;
#5054 = COLOUR_RGB ( '',1.000000000000000000, 1.000000000000000000, 1.000000000000000000 ) ;
#5055 = PRESENTATION_STYLE_ASSIGNMENT (( #446 ) ) ;
#5056 = DIRECTION ( 'NONE',  ( 0.0000000000000000000, -0.0000000000000000000, -1.000000000000000000 ) ) ;
#5057 = MECHANICAL_DESIGN_GEOMETRIC_PRESENTATION_REPRESENTATION (  '', ( #2183 ), #1226 ) ;
#5058 = ORIENTED_EDGE ( 'NONE', *, *, #5201, .T. ) ;
#5059 = CARTESIAN_POINT ( 'NONE',  ( 1.000000000000000222, 1.499999999999999778, 0.1799999999999999378 ) ) ;
#5060 = CARTESIAN_POINT ( 'NONE',  ( -0.09058885268271071878, 0.1724769451694480316, 0.0000000000000000000 ) ) ;
#5061 = ADVANCED_FACE ( 'NONE', ( #2468 ), #1455, .T. ) ;
#5062 = CARTESIAN_POINT ( 'NONE',  ( -0.1058897530892148470, 0.3285745061450576765, 0.0000000000000000000 ) ) ;
#5063 = UNCERTAINTY_MEASURE_WITH_UNIT (LENGTH_MEASURE( 1.000000000000000082E-05 ), #5364, 'distance_accuracy_value', 'NONE');
#5064 = PRESENTATION_STYLE_ASSIGNMENT (( #4986 ) ) ;
#5065 = STYLED_ITEM ( 'NONE', ( #6167 ), #2341 ) ;
#5066 = VERTEX_POINT ( 'NONE', #927 ) ;
#5067 = EDGE_CURVE ( 'NONE', #777, #6464, #2732, .T. ) ;
#5068 = UNCERTAINTY_MEASURE_WITH_UNIT (LENGTH_MEASURE( 1.000000000000000082E-05 ), #6740, 'distance_accuracy_value', 'NONE');
#5069 = SURFACE_SIDE_STYLE ('',( #2752 ) ) ;
#5070 = EDGE_CURVE ( 'NONE', #1656, #2595, #4822, .T. ) ;
#5071 =( NAMED_UNIT ( * ) SI_UNIT ( $, .STERADIAN. ) SOLID_ANGLE_UNIT ( ) );
#5072 = CARTESIAN_POINT ( 'NONE',  ( 0.2577535395937128326, 0.2483915793157896179, 0.0000000000000000000 ) ) ;
#5073 = LINE ( 'NONE', #7365, #1969 ) ;
#5074 = FACE_OUTER_BOUND ( 'NONE', #5107, .T. ) ;
#5075 = PRESENTATION_LAYER_ASSIGNMENT (  '', '', ( #878 ) ) ;
#5076 = UNCERTAINTY_MEASURE_WITH_UNIT (LENGTH_MEASURE( 1.000000000000000082E-05 ), #994, 'distance_accuracy_value', 'NONE');
#5077 = DIRECTION ( 'NONE',  ( 0.7071067811865483499, -0.7071067811865466846, 0.0000000000000000000 ) ) ;
#5078 = FILL_AREA_STYLE_COLOUR ( '', #5659 ) ;
#5079 =( GEOMETRIC_REPRESENTATION_CONTEXT ( 3 ) GLOBAL_UNCERTAINTY_ASSIGNED_CONTEXT ( ( #2611 ) ) GLOBAL_UNIT_ASSIGNED_CONTEXT ( ( #6723, #352, #2734 ) ) REPRESENTATION_CONTEXT ( 'NONE', 'WORKASPACE' ) );
#5080 = CARTESIAN_POINT ( 'NONE',  ( 0.1828678688620049286, 0.3529647500474968891, 0.01000000000000000021 ) ) ;
#5081 = PRESENTATION_STYLE_ASSIGNMENT (( #2152 ) ) ;
#5082 = VECTOR ( 'NONE', #4596, 1000.000000000000000 ) ;
#5083 = CARTESIAN_POINT ( 'NONE',  ( 0.06994866154493215027, 0.2407696280962770830, 0.01000000000000000021 ) ) ;
#5084 = COLOUR_RGB ( '',0.7529411764705882248, 0.7529411764705882248, 0.7529411764705882248 ) ;
#5085 = ORIENTED_EDGE ( 'NONE', *, *, #7085, .T. ) ;
#5086 = CARTESIAN_POINT ( 'NONE',  ( 0.1753813342762356176, 0.3306260016971891980, 0.0000000000000000000 ) ) ;
#5087 = PRESENTATION_LAYER_ASSIGNMENT (  '', '', ( #3790 ) ) ;
#5088 = CARTESIAN_POINT ( 'NONE',  ( 0.0000000000000000000, 0.0000000000000000000, -0.02000000000000000042 ) ) ;
#5089 = FACE_OUTER_BOUND ( 'NONE', #5489, .T. ) ;
#5090 = DIRECTION ( 'NONE',  ( 0.0000000000000000000, 0.0000000000000000000, -1.000000000000000000 ) ) ;
#5091 = PRESENTATION_LAYER_ASSIGNMENT (  '', '', ( #3181 ) ) ;
#5092 = AXIS2_PLACEMENT_3D ( 'NONE', #4369, #2563, #3661 ) ;
#5093 = PRESENTATION_STYLE_ASSIGNMENT (( #7220 ) ) ;
#5094 = EDGE_CURVE ( 'NONE', #6980, #4869, #4389, .T. ) ;
#5095 = ORIENTED_EDGE ( 'NONE', *, *, #406, .T. ) ;
#5096 = ORIENTED_EDGE ( 'NONE', *, *, #2505, .T. ) ;
#5097 = CARTESIAN_POINT ( 'NONE',  ( -0.1058897530892148470, 0.3285745061450576210, 0.01000000000000000021 ) ) ;
#5098 = ORIENTED_EDGE ( 'NONE', *, *, #6849, .F. ) ;
#5099 = DIRECTION ( 'NONE',  ( 0.0000000000000000000, -1.000000000000000000, -0.0000000000000000000 ) ) ;
#5100 = FILL_AREA_STYLE_COLOUR ( '', #1516 ) ;
#5101 = PLANE ( 'NONE',  #6716 ) ;
#5102 = CARTESIAN_POINT ( 'NONE',  ( -0.04956353357701982071, 0.3505257256572525404, 0.0000000000000000000 ) ) ;
#5103 = ORIENTED_EDGE ( 'NONE', *, *, #3991, .F. ) ;
#5104 = EDGE_CURVE ( 'NONE', #2291, #5263, #1039, .T. ) ;
#5105 = VECTOR ( 'NONE', #4258, 1000.000000000000000 ) ;
#5106 = CARTESIAN_POINT ( 'NONE',  ( 1.000000000000000222, 1.499999999999999778, 0.9499999999999999556 ) ) ;
#5107 = EDGE_LOOP ( 'NONE', ( #3199, #6467, #3124, #3053, #204, #5302 ) ) ;
#5108 = CARTESIAN_POINT ( 'NONE',  ( -0.6226458158190147918, 1.129698944080104184, 0.9499999999999999556 ) ) ;
#5109 = EDGE_CURVE ( 'NONE', #5738, #4005, #6071, .T. ) ;
#5110 = CARTESIAN_POINT ( 'NONE',  ( -1.010000000000000453, -1.125000000000000222, -0.02000000000000000042 ) ) ;
#5111 = MECHANICAL_DESIGN_GEOMETRIC_PRESENTATION_REPRESENTATION (  '', ( #307 ), #3568 ) ;
#5112 = ORIENTED_EDGE ( 'NONE', *, *, #3460, .F. ) ;
#5113 = DIRECTION ( 'NONE',  ( 1.707404996040164758E-16, 1.000000000000000000, -0.0000000000000000000 ) ) ;
#5114 =( LENGTH_UNIT ( ) NAMED_UNIT ( * ) SI_UNIT ( .MILLI., .METRE. ) );
#5115 = VERTEX_POINT ( 'NONE', #7218 ) ;
#5116 = COLOUR_RGB ( '',0.7529411764705882248, 0.7529411764705882248, 0.7529411764705882248 ) ;
#5117 = UNCERTAINTY_MEASURE_WITH_UNIT (LENGTH_MEASURE( 1.000000000000000082E-05 ), #5345, 'distance_accuracy_value', 'NONE');
#5118 = SURFACE_SIDE_STYLE ('',( #2842 ) ) ;
#5119 = CARTESIAN_POINT ( 'NONE',  ( -0.3101199360160445950, 0.3121110915109124306, 0.0000000000000000000 ) ) ;
#5120 = AXIS2_PLACEMENT_3D ( 'NONE', #3495, #6299, #3467 ) ;
#5121 = DIRECTION ( 'NONE',  ( -1.000000000000000000, 0.0000000000000000000, -0.0000000000000000000 ) ) ;
#5122 = AXIS2_PLACEMENT_3D ( 'NONE', #1297, #4645, #1333 ) ;
#5123 = PLANE ( 'NONE',  #1838 ) ;
#5124 = FILL_AREA_STYLE ('',( #1629 ) ) ;
#5125 = ORIENTED_EDGE ( 'NONE', *, *, #2681, .T. ) ;
#5126 = DIRECTION ( 'NONE',  ( 0.0000000000000000000, 0.0000000000000000000, 1.000000000000000000 ) ) ;
#5127 = SURFACE_STYLE_USAGE ( .BOTH. , #6929 ) ;
#5128 = PLANE ( 'NONE',  #1585 ) ;
#5129 = FILL_AREA_STYLE ('',( #6251 ) ) ;
#5130 = DIRECTION ( 'NONE',  ( 0.0000000000000000000, 0.0000000000000000000, 1.000000000000000000 ) ) ;
#5131 = ORIENTED_EDGE ( 'NONE', *, *, #2774, .F. ) ;
#5132 = DIRECTION ( 'NONE',  ( -0.0000000000000000000, 0.0000000000000000000, 1.000000000000000000 ) ) ;
#5133 = FILL_AREA_STYLE_COLOUR ( '', #5116 ) ;
#5134 = EDGE_LOOP ( 'NONE', ( #5885, #4750, #7199, #242 ) ) ;
#5135 = CARTESIAN_POINT ( 'NONE',  ( -0.1058897530892148470, 0.3285745061450576765, 0.0000000000000000000 ) ) ;
#5136 = SURFACE_STYLE_USAGE ( .BOTH. , #6897 ) ;
#5137 = FILL_AREA_STYLE ('',( #7202 ) ) ;
#5138 =( NAMED_UNIT ( * ) PLANE_ANGLE_UNIT ( ) SI_UNIT ( $, .RADIAN. ) );
#5139 = PRESENTATION_STYLE_ASSIGNMENT (( #5732 ) ) ;
#5140 = CARTESIAN_POINT ( 'NONE',  ( 0.06994866154493210864, 0.2627208476084721411, 0.01000000000000000021 ) ) ;
#5141 = ORIENTED_EDGE ( 'NONE', *, *, #4379, .T. ) ;
#5142 = ORIENTED_EDGE ( 'NONE', *, *, #6616, .T. ) ;
#5143 = UNCERTAINTY_MEASURE_WITH_UNIT (LENGTH_MEASURE( 1.000000000000000082E-05 ), #1281, 'distance_accuracy_value', 'NONE');
#5144 = FACE_OUTER_BOUND ( 'NONE', #2389, .T. ) ;
#5145 = ORIENTED_EDGE ( 'NONE', *, *, #3485, .T. ) ;
#5146 = CARTESIAN_POINT ( 'NONE',  ( 0.2577535395937128326, 0.2483915793157896179, 0.0000000000000000000 ) ) ;
#5147 = CARTESIAN_POINT ( 'NONE',  ( 0.0000000000000000000, 0.0000000000000000000, 0.1799999999999999933 ) ) ;
#5148 = CARTESIAN_POINT ( 'NONE',  ( 1.010000000000001785, -0.4000000000000000222, -0.02000000000000000042 ) ) ;
#5149 = DIRECTION ( 'NONE',  ( 0.0000000000000000000, -0.0000000000000000000, 1.000000000000000000 ) ) ;
#5150 = CARTESIAN_POINT ( 'NONE',  ( 0.1358023200815171028, 0.3450379207792040881, 0.01000000000000000021 ) ) ;
#5151 = COLOUR_RGB ( '',0.7529411764705882248, 0.7529411764705882248, 0.7529411764705882248 ) ;
#5152 = CARTESIAN_POINT ( 'NONE',  ( 0.1770541754343610830, 0.1705567901412288478, 0.0000000000000000000 ) ) ;
#5153 = CARTESIAN_POINT ( 'NONE',  ( -0.8879092524736131864, 1.056879076697043729, 0.9399999999999999467 ) ) ;
#5154 = VERTEX_POINT ( 'NONE', #1074 ) ;
#5155 = VECTOR ( 'NONE', #3570, 1000.000000000000000 ) ;
#5156 = PLANE ( 'NONE',  #5207 ) ;
#5157 = EDGE_CURVE ( 'NONE', #4462, #3782, #5484, .T. ) ;
#5158 = PRESENTATION_LAYER_ASSIGNMENT (  '', '', ( #1089 ) ) ;
#5159 = SURFACE_SIDE_STYLE ('',( #4566 ) ) ;
#5160 = ADVANCED_FACE ( 'NONE', ( #2770 ), #2158, .T. ) ;
#5161 = ADVANCED_FACE ( 'NONE', ( #5089 ), #6101, .T. ) ;
#5162 = ORIENTED_EDGE ( 'NONE', *, *, #1999, .F. ) ;
#5163 = CARTESIAN_POINT ( 'NONE',  ( -0.2914274546115158127, 0.2285745061450586979, 0.0000000000000000000 ) ) ;
#5164 = DIRECTION ( 'NONE',  ( -2.020558594177524249E-15, -1.000000000000000000, 0.0000000000000000000 ) ) ;
#5165 = VERTEX_POINT ( 'NONE', #5721 ) ;
#5166 = CARTESIAN_POINT ( 'NONE',  ( 1.010000000000000009, -0.1000000000000000056, 0.1799999999999999933 ) ) ;
#5167 = CARTESIAN_POINT ( 'NONE',  ( -0.2544415823575082447, 0.1505257256572536395, 0.0000000000000000000 ) ) ;
#5168 = PRESENTATION_STYLE_ASSIGNMENT (( #3577 ) ) ;
#5169 = SURFACE_STYLE_USAGE ( .BOTH. , #2786 ) ;
#5170 = STYLED_ITEM ( 'NONE', ( #3448 ), #4313 ) ;
#5171 = CARTESIAN_POINT ( 'NONE',  ( 0.7250000000000000888, 1.509999999999999787, -0.02000000000000000042 ) ) ;
#5172 = CARTESIAN_POINT ( 'NONE',  ( 0.1440905517684549497, 0.3223482394667615547, 0.0000000000000000000 ) ) ;
#5173 = FILL_AREA_STYLE_COLOUR ( '', #882 ) ;
#5174 = CARTESIAN_POINT ( 'NONE',  ( 0.0000000000000000000, 0.0000000000000000000, 0.1799999999999999933 ) ) ;
#5175 = VERTEX_POINT ( 'NONE', #1152 ) ;
#5176 = EDGE_LOOP ( 'NONE', ( #6286, #100, #2678, #5312 ) ) ;
#5177 =( NAMED_UNIT ( * ) PLANE_ANGLE_UNIT ( ) SI_UNIT ( $, .RADIAN. ) );
#5178 = ORIENTED_EDGE ( 'NONE', *, *, #4918, .F. ) ;
#5179 = COLOUR_RGB ( '',0.2509803921568627416, 0.2509803921568627416, 0.2509803921568627416 ) ;
#5180 = SURFACE_STYLE_FILL_AREA ( #6310 ) ;
#5181 = COLOUR_RGB ( '',0.7529411764705882248, 0.7529411764705882248, 0.7529411764705882248 ) ;
#5182 = ORIENTED_EDGE ( 'NONE', *, *, #1263, .F. ) ;
#5183 = SURFACE_STYLE_FILL_AREA ( #4149 ) ;
#5184 = CARTESIAN_POINT ( 'NONE',  ( -0.3170559116258006571, 0.3121110915109124861, 0.01000000000000000021 ) ) ;
#5185 = EDGE_CURVE ( 'NONE', #347, #2401, #1114, .T. ) ;
#5186 = CARTESIAN_POINT ( 'NONE',  ( 0.05815971032541988189, 0.2627208476084721411, 0.0000000000000000000 ) ) ;
#5187 = EDGE_CURVE ( 'NONE', #2516, #2132, #1221, .T. ) ;
#5188 = MECHANICAL_DESIGN_GEOMETRIC_PRESENTATION_REPRESENTATION (  '', ( #5782 ), #3520 ) ;
#5189 = DIRECTION ( 'NONE',  ( 0.0000000000000000000, -0.0000000000000000000, -1.000000000000000000 ) ) ;
#5190 = CARTESIAN_POINT ( 'NONE',  ( 0.7250000000000000888, -1.509999999999999787, -0.02000000000000000042 ) ) ;
#5191 = FILL_AREA_STYLE ('',( #6428 ) ) ;
#5192 = PRESENTATION_STYLE_ASSIGNMENT (( #6352 ) ) ;
#5193 = ORIENTED_EDGE ( 'NONE', *, *, #5486, .F. ) ;
#5194 = MECHANICAL_DESIGN_GEOMETRIC_PRESENTATION_REPRESENTATION (  '', ( #3676 ), #411 ) ;
#5195 =( NAMED_UNIT ( * ) PLANE_ANGLE_UNIT ( ) SI_UNIT ( $, .RADIAN. ) );
#5196 = MECHANICAL_DESIGN_GEOMETRIC_PRESENTATION_REPRESENTATION (  '', ( #4603 ), #1370 ) ;
#5197 =( GEOMETRIC_REPRESENTATION_CONTEXT ( 3 ) GLOBAL_UNCERTAINTY_ASSIGNED_CONTEXT ( ( #3220 ) ) GLOBAL_UNIT_ASSIGNED_CONTEXT ( ( #555, #7071, #4056 ) ) REPRESENTATION_CONTEXT ( 'NONE', 'WORKASPACE' ) );
#5198 = PRESENTATION_LAYER_ASSIGNMENT (  '', '', ( #3547 ) ) ;
#5199 = VERTEX_POINT ( 'NONE', #1787 ) ;
#5200 = CARTESIAN_POINT ( 'NONE',  ( -0.2554171921136053625, 0.2305257256572535718, 0.01000000000000000021 ) ) ;
#5201 = EDGE_CURVE ( 'NONE', #964, #3756, #4089, .T. ) ;
#5202 = DIRECTION ( 'NONE',  ( 1.000000000000000000, -2.020558594177524249E-15, 0.0000000000000000000 ) ) ;
#5203 = ORIENTED_EDGE ( 'NONE', *, *, #7257, .F. ) ;
#5204 = SURFACE_SIDE_STYLE ('',( #2318 ) ) ;
#5205 = CARTESIAN_POINT ( 'NONE',  ( -0.4004578425201099634, 0.1638590589905876971, 0.0000000000000000000 ) ) ;
#5206 = DIRECTION ( 'NONE',  ( 6.071532165918826408E-15, -1.000000000000000000, -0.0000000000000000000 ) ) ;
#5207 = AXIS2_PLACEMENT_3D ( 'NONE', #1413, #1330, #2496 ) ;
#5208 = DIRECTION ( 'NONE',  ( 0.0000000000000000000, 0.0000000000000000000, -1.000000000000000000 ) ) ;
#5209 = PLANE ( 'NONE',  #898 ) ;
#5210 = LINE ( 'NONE', #740, #3755 ) ;
#5211 = VERTEX_POINT ( 'NONE', #590 ) ;
#5212 = ORIENTED_EDGE ( 'NONE', *, *, #4861, .F. ) ;
#5213 = ORIENTED_EDGE ( 'NONE', *, *, #2933, .F. ) ;
#5214 = FACE_OUTER_BOUND ( 'NONE', #3879, .T. ) ;
#5215 = DIRECTION ( 'NONE',  ( 0.0000000000000000000, -0.0000000000000000000, -1.000000000000000000 ) ) ;
#5216 = ORIENTED_EDGE ( 'NONE', *, *, #293, .F. ) ;
#5217 = DIRECTION ( 'NONE',  ( 0.0000000000000000000, -1.000000000000000000, 0.0000000000000000000 ) ) ;
#5218 = CARTESIAN_POINT ( 'NONE',  ( 0.1828678688620049286, 0.3529647500474968891, 0.01000000000000000021 ) ) ;
#5219 = STYLED_ITEM ( 'NONE', ( #7435 ), #4525 ) ;
#5220 = PLANE ( 'NONE',  #525 ) ;
#5221 = EDGE_CURVE ( 'NONE', #1886, #4901, #5343, .T. ) ;
#5222 = SURFACE_STYLE_USAGE ( .BOTH. , #2959 ) ;
#5223 = PRESENTATION_STYLE_ASSIGNMENT (( #4703 ) ) ;
#5224 = STYLED_ITEM ( 'NONE', ( #4540 ), #4871 ) ;
#5225 = CARTESIAN_POINT ( 'NONE',  ( 1.010000000000000231, 0.6500000000000000222, 0.1799999999999999933 ) ) ;
#5226 = PRESENTATION_LAYER_ASSIGNMENT (  '', '', ( #4298 ) ) ;
#5227 = COLOUR_RGB ( '',0.7529411764705882248, 0.7529411764705882248, 0.7529411764705882248 ) ;
#5228 =( LENGTH_UNIT ( ) NAMED_UNIT ( * ) SI_UNIT ( .MILLI., .METRE. ) );
#5229 = CARTESIAN_POINT ( 'NONE',  ( -0.1224559644074896814, 0.1524976508683098531, 0.0000000000000000000 ) ) ;
#5230 = EDGE_CURVE ( 'NONE', #4113, #3377, #1824, .T. ) ;
#5231 = STYLED_ITEM ( 'NONE', ( #1971 ), #926 ) ;
#5232 = VERTEX_POINT ( 'NONE', #629 ) ;
#5233 = SURFACE_STYLE_FILL_AREA ( #5799 ) ;
#5234 = CARTESIAN_POINT ( 'NONE',  ( 0.09677792983761446255, 0.3505257256572527624, 0.0000000000000000000 ) ) ;
#5235 = EDGE_LOOP ( 'NONE', ( #7018, #6948, #6476, #5500 ) ) ;
#5236 =( NAMED_UNIT ( * ) SI_UNIT ( $, .STERADIAN. ) SOLID_ANGLE_UNIT ( ) );
#5237 = CARTESIAN_POINT ( 'NONE',  ( 1.010000000000000453, -0.8750000000000000000, -0.02000000000000000042 ) ) ;
#5238 = CARTESIAN_POINT ( 'NONE',  ( -0.0000000000000000000, -0.9999999999999997780, 0.0000000000000000000 ) ) ;
#5239 = CARTESIAN_POINT ( 'NONE',  ( 0.2463795920790640692, 0.1822569737170531001, 0.01000000000000000021 ) ) ;
#5240 = UNCERTAINTY_MEASURE_WITH_UNIT (LENGTH_MEASURE( 1.000000000000000082E-05 ), #610, 'distance_accuracy_value', 'NONE');
#5241 = DIRECTION ( 'NONE',  ( 0.0000000000000000000, -0.0000000000000000000, -1.000000000000000000 ) ) ;
#5242 = DIRECTION ( 'NONE',  ( 0.0000000000000000000, 0.0000000000000000000, -1.000000000000000000 ) ) ;
#5243 = ORIENTED_EDGE ( 'NONE', *, *, #3328, .F. ) ;
#5244 = ORIENTED_EDGE ( 'NONE', *, *, #2840, .T. ) ;
#5245 = ADVANCED_FACE ( 'NONE', ( #2889 ), #3413, .T. ) ;
#5246 = FACE_OUTER_BOUND ( 'NONE', #4070, .T. ) ;
#5247 = ORIENTED_EDGE ( 'NONE', *, *, #193, .F. ) ;
#5248 = EDGE_LOOP ( 'NONE', ( #3548, #3091, #5141, #5492, #6589, #2634 ) ) ;
#5249 = ADVANCED_FACE ( 'NONE', ( #552 ), #5128, .T. ) ;
#5250 = CARTESIAN_POINT ( 'NONE',  ( 0.4040950030083465538, 0.3338590589905864325, 0.0000000000000000000 ) ) ;
#5251 = CARTESIAN_POINT ( 'NONE',  ( 1.010000000000001785, 0.4000000000000000222, 0.1799999999999999933 ) ) ;
#5252 = DIRECTION ( 'NONE',  ( 0.0000000000000000000, 1.000000000000000000, 0.0000000000000000000 ) ) ;
#5253 = FILL_AREA_STYLE ('',( #2491 ) ) ;
#5254 =( NAMED_UNIT ( * ) PLANE_ANGLE_UNIT ( ) SI_UNIT ( $, .RADIAN. ) );
#5255 = STYLED_ITEM ( 'NONE', ( #3428 ), #1193 ) ;
#5256 = CARTESIAN_POINT ( 'NONE',  ( -0.1047845701623855291, 0.1724769451694481148, 0.0000000000000000000 ) ) ;
#5257 = EDGE_CURVE ( 'NONE', #2728, #6671, #4036, .T. ) ;
#5258 = CARTESIAN_POINT ( 'NONE',  ( -0.4056610945526302747, 0.1505257256572543889, 0.0000000000000000000 ) ) ;
#5259 = CARTESIAN_POINT ( 'NONE',  ( 0.1358023200815170473, 0.3450379207792040881, 0.0000000000000000000 ) ) ;
#5260 = CARTESIAN_POINT ( 'NONE',  ( -0.07639280186970257014, 0.3285745061450575100, 0.0000000000000000000 ) ) ;
#5261 = EDGE_CURVE ( 'NONE', #4365, #1529, #3184, .T. ) ;
#5262 = CARTESIAN_POINT ( 'NONE',  ( -0.5749999999999999556, 0.8750000000000000000, -0.02000000000000000042 ) ) ;
#5263 = VERTEX_POINT ( 'NONE', #3682 ) ;
#5264 = CARTESIAN_POINT ( 'NONE',  ( -0.2705391433331176265, 0.2705257256572536906, 0.01000000000000000021 ) ) ;
#5265 = PRESENTATION_LAYER_ASSIGNMENT (  '', '', ( #5999 ) ) ;
#5266 = CARTESIAN_POINT ( 'NONE',  ( -0.7250000000000000888, 0.0000000000000000000, 0.0000000000000000000 ) ) ;
#5267 = ORIENTED_EDGE ( 'NONE', *, *, #6475, .T. ) ;
#5268 = B_SPLINE_CURVE_WITH_KNOTS ( 'NONE', 3,
 ( #6908, #2478, #2328, #1806, #680, #713 ),
 .UNSPECIFIED., .F., .F.,
 ( 4, 1, 1, 4 ),
 ( 0.0000000000000000000, 0.3329147237192640607, 0.6657622744043086849, 1.000000000000000000 ),
 .UNSPECIFIED. ) ;
#5269 = FACE_OUTER_BOUND ( 'NONE', #7356, .T. ) ;
#5270 = DIRECTION ( 'NONE',  ( 2.424670313013097888E-14, -1.000000000000000000, 0.0000000000000000000 ) ) ;
#5271 =( NAMED_UNIT ( * ) SI_UNIT ( $, .STERADIAN. ) SOLID_ANGLE_UNIT ( ) );
#5272 = FILL_AREA_STYLE_COLOUR ( '', #6263 ) ;
#5273 =( NAMED_UNIT ( * ) SI_UNIT ( $, .STERADIAN. ) SOLID_ANGLE_UNIT ( ) );
#5274 = CARTESIAN_POINT ( 'NONE',  ( -1.009999999999998455, 0.4000000000000000222, -0.02000000000000000042 ) ) ;
#5275 = DIRECTION ( 'NONE',  ( 0.0000000000000000000, 0.0000000000000000000, -1.000000000000000000 ) ) ;
#5276 = EDGE_LOOP ( 'NONE', ( #5591, #3945, #7221, #1312, #7092, #787 ) ) ;
#5277 = VERTEX_POINT ( 'NONE', #5985 ) ;
#5278 = CARTESIAN_POINT ( 'NONE',  ( 0.1770546042789714614, 0.1705567680697421262, 0.01000000000000000021 ) ) ;
#5279 = VECTOR ( 'NONE', #2758, 1000.000000000000000 ) ;
#5280 = ORIENTED_EDGE ( 'NONE', *, *, #3864, .T. ) ;
#5281 = CARTESIAN_POINT ( 'NONE',  ( 0.3750000000000000000, 1.509999999999999787, 0.1799999999999999933 ) ) ;
#5282 = SURFACE_STYLE_USAGE ( .BOTH. , #5701 ) ;
#5283 = ORIENTED_EDGE ( 'NONE', *, *, #3852, .F. ) ;
#5284 = CARTESIAN_POINT ( 'NONE',  ( -0.09659732422742643709, 0.3505257256572526514, 0.0000000000000000000 ) ) ;
#5285 = VECTOR ( 'NONE', #368, 1000.000000000000000 ) ;
#5286 = DIRECTION ( 'NONE',  ( 1.000000000000000000, 0.0000000000000000000, 0.0000000000000000000 ) ) ;
#5287 =( GEOMETRIC_REPRESENTATION_CONTEXT ( 3 ) GLOBAL_UNCERTAINTY_ASSIGNED_CONTEXT ( ( #2217 ) ) GLOBAL_UNIT_ASSIGNED_CONTEXT ( ( #1802, #2474, #5735 ) ) REPRESENTATION_CONTEXT ( 'NONE', 'WORKASPACE' ) );
#5288 = EDGE_CURVE ( 'NONE', #1198, #1604, #4162, .T. ) ;
#5289 = EDGE_CURVE ( 'NONE', #1870, #2426, #1447, .T. ) ;
#5290 = DIRECTION ( 'NONE',  ( -1.000000000000000000, 0.0000000000000000000, -0.0000000000000000000 ) ) ;
#5291 = AXIS2_PLACEMENT_3D ( 'NONE', #3953, #7390, #2823 ) ;
#5292 = LINE ( 'NONE', #6925, #2836 ) ;
#5293 = VECTOR ( 'NONE', #4158, 1000.000000000000000 ) ;
#5294 = PRESENTATION_LAYER_ASSIGNMENT (  '', '', ( #1112 ) ) ;
#5295 = DIRECTION ( 'NONE',  ( 0.0000000000000000000, 0.0000000000000000000, -1.000000000000000000 ) ) ;
#5296 = FILL_AREA_STYLE_COLOUR ( '', #1810 ) ;
#5297 = AXIS2_PLACEMENT_3D ( 'NONE', #7104, #2116, #2754 ) ;
#5298 = CARTESIAN_POINT ( 'NONE',  ( 0.0000000000000000000, 0.1724769451694477540, 0.01000000000000000021 ) ) ;
#5299 = DIRECTION ( 'NONE',  ( -0.0000000000000000000, -0.0000000000000000000, -1.000000000000000000 ) ) ;
#5300 =( NAMED_UNIT ( * ) SI_UNIT ( $, .STERADIAN. ) SOLID_ANGLE_UNIT ( ) );
#5301 = PRESENTATION_STYLE_ASSIGNMENT (( #3684 ) ) ;
#5302 = ORIENTED_EDGE ( 'NONE', *, *, #1359, .F. ) ;
#5303 = DIRECTION ( 'NONE',  ( -0.0000000000000000000, 0.0000000000000000000, 1.000000000000000000 ) ) ;
#5304 = PLANE ( 'NONE',  #2453 ) ;
#5305 = ORIENTED_EDGE ( 'NONE', *, *, #4924, .F. ) ;
#5306 = ADVANCED_FACE ( 'NONE', ( #4283 ), #194, .T. ) ;
#5307 = CARTESIAN_POINT ( 'NONE',  ( -0.3101199360160445950, 0.3121110915109124306, 0.01000000000000000021 ) ) ;
#5308 =( NAMED_UNIT ( * ) SI_UNIT ( $, .STERADIAN. ) SOLID_ANGLE_UNIT ( ) );
#5309 = CARTESIAN_POINT ( 'NONE',  ( -0.6226458158190147918, 1.153972233207790632, 0.9499999999999999556 ) ) ;
#5310 = MECHANICAL_DESIGN_GEOMETRIC_PRESENTATION_REPRESENTATION (  '', ( #3295 ), #766 ) ;
#5311 = ORIENTED_EDGE ( 'NONE', *, *, #628, .F. ) ;
#5312 = ORIENTED_EDGE ( 'NONE', *, *, #6430, .F. ) ;
#5313 = UNCERTAINTY_MEASURE_WITH_UNIT (LENGTH_MEASURE( 1.000000000000000082E-05 ), #4327, 'distance_accuracy_value', 'NONE');
#5314 = CARTESIAN_POINT ( 'NONE',  ( 0.1590514946128176454, 0.1714832980120045425, 0.01000000000000000021 ) ) ;
#5315 = CARTESIAN_POINT ( 'NONE',  ( 0.2577535395937128326, 0.2483915793157896179, 0.0000000000000000000 ) ) ;
#5316 = ORIENTED_EDGE ( 'NONE', *, *, #5943, .F. ) ;
#5317 = CARTESIAN_POINT ( 'NONE',  ( 0.3187294826831438832, 0.1505257256572531399, 0.0000000000000000000 ) ) ;
#5318 = FACE_OUTER_BOUND ( 'NONE', #7024, .T. ) ;
#5319 = EDGE_LOOP ( 'NONE', ( #2562, #1275, #7315, #6089 ) ) ;
#5320 = PRESENTATION_LAYER_ASSIGNMENT (  '', '', ( #1142 ) ) ;
#5321 = CARTESIAN_POINT ( 'NONE',  ( 0.4040950030083466094, 0.3505257256572531510, 0.0000000000000000000 ) ) ;
#5322 = CARTESIAN_POINT ( 'NONE',  ( 0.3772657347156635477, 0.3505257256572530955, 0.0000000000000000000 ) ) ;
#5323 = EDGE_CURVE ( 'NONE', #4548, #7042, #769, .T. ) ;
#5324 =( GEOMETRIC_REPRESENTATION_CONTEXT ( 3 ) GLOBAL_UNCERTAINTY_ASSIGNED_CONTEXT ( ( #2147 ) ) GLOBAL_UNIT_ASSIGNED_CONTEXT ( ( #717, #3021, #4077 ) ) REPRESENTATION_CONTEXT ( 'NONE', 'WORKASPACE' ) );
#5325 = CARTESIAN_POINT ( 'NONE',  ( 0.3749999999999998890, -0.8749999999999998890, 5.421010862427522170E-17 ) ) ;
#5326 = CARTESIAN_POINT ( 'NONE',  ( 1.010000000000001785, 0.4000000000000000222, 0.1799999999999999933 ) ) ;
#5327 = VECTOR ( 'NONE', #5217, 1000.000000000000000 ) ;
#5328 = FILL_AREA_STYLE ('',( #5976 ) ) ;
#5329 =( LENGTH_UNIT ( ) NAMED_UNIT ( * ) SI_UNIT ( .MILLI., .METRE. ) );
#5330 =( NAMED_UNIT ( * ) PLANE_ANGLE_UNIT ( ) SI_UNIT ( $, .RADIAN. ) );
#5331 = LINE ( 'NONE', #156, #958 ) ;
#5332 = FACE_OUTER_BOUND ( 'NONE', #3921, .T. ) ;
#5333 = ADVANCED_FACE ( 'NONE', ( #309 ), #1375, .T. ) ;
#5334 = STYLED_ITEM ( 'NONE', ( #7223 ), #4744 ) ;
#5335 = ORIENTED_EDGE ( 'NONE', *, *, #5094, .F. ) ;
#5336 = LINE ( 'NONE', #4242, #4727 ) ;
#5337 = ORIENTED_EDGE ( 'NONE', *, *, #4330, .T. ) ;
#5338 = CARTESIAN_POINT ( 'NONE',  ( -0.3595292347965325375, 0.1972736931369289959, 0.0000000000000000000 ) ) ;
#5339 = STYLED_ITEM ( 'NONE', ( #1341 ), #5016 ) ;
#5340 = DIRECTION ( 'NONE',  ( -0.0000000000000000000, -1.000000000000000000, -0.0000000000000000000 ) ) ;
#5341 = PRESENTATION_STYLE_ASSIGNMENT (( #815 ) ) ;
#5342 = ORIENTED_EDGE ( 'NONE', *, *, #6753, .T. ) ;
#5343 = B_SPLINE_CURVE_WITH_KNOTS ( 'NONE', 3,
 ( #2386, #2932, #6962, #3527, #2854 ),
 .UNSPECIFIED., .F., .F.,
 ( 4, 1, 4 ),
 ( 0.0000000000000000000, 0.5000000000000000000, 0.9999772222222222950 ),
 .UNSPECIFIED. ) ;
#5344 = VERTEX_POINT ( 'NONE', #4960 ) ;
#5345 =( LENGTH_UNIT ( ) NAMED_UNIT ( * ) SI_UNIT ( .MILLI., .METRE. ) );
#5346 = LINE ( 'NONE', #4297, #3742 ) ;
#5347 = ORIENTED_EDGE ( 'NONE', *, *, #1967, .T. ) ;
#5348 = ORIENTED_EDGE ( 'NONE', *, *, #5864, .T. ) ;
#5349 = CARTESIAN_POINT ( 'NONE',  ( 0.2554348444008646690, 0.2679858656270192596, 0.01000000000000000021 ) ) ;
#5350 =( NAMED_UNIT ( * ) SI_UNIT ( $, .STERADIAN. ) SOLID_ANGLE_UNIT ( ) );
#5351 = ORIENTED_EDGE ( 'NONE', *, *, #3114, .T. ) ;
#5352 = LINE ( 'NONE', #6631, #5441 ) ;
#5353 = CARTESIAN_POINT ( 'NONE',  ( -0.7250000000000000888, -1.125000000000000222, 0.1799999999999999933 ) ) ;
#5354 = CARTESIAN_POINT ( 'NONE',  ( 0.4040950030083466094, 0.3505257256572531510, 0.0000000000000000000 ) ) ;
#5355 = FILL_AREA_STYLE_COLOUR ( '', #1051 ) ;
#5356 = LINE ( 'NONE', #3177, #2464 ) ;
#5357 =( LENGTH_UNIT ( ) NAMED_UNIT ( * ) SI_UNIT ( .MILLI., .METRE. ) );
#5358 = SURFACE_STYLE_USAGE ( .BOTH. , #1405 ) ;
#5359 = UNCERTAINTY_MEASURE_WITH_UNIT (LENGTH_MEASURE( 1.000000000000000082E-05 ), #3256, 'distance_accuracy_value', 'NONE');
#5360 = DIRECTION ( 'NONE',  ( 0.3536223923290777726, -0.9353882635801349377, 0.0000000000000000000 ) ) ;
#5361 = STYLED_ITEM ( 'NONE', ( #3176 ), #981 ) ;
#5362 = CARTESIAN_POINT ( 'NONE',  ( -0.9999999999999995559, -0.4000000000000000222, 0.1799999999999999933 ) ) ;
#5363 = LINE ( 'NONE', #3147, #4213 ) ;
#5364 =( LENGTH_UNIT ( ) NAMED_UNIT ( * ) SI_UNIT ( .MILLI., .METRE. ) );
#5365 = FILL_AREA_STYLE ('',( #6437 ) ) ;
#5366 = EDGE_CURVE ( 'NONE', #289, #4301, #1067, .T. ) ;
#5367 =( LENGTH_UNIT ( ) NAMED_UNIT ( * ) SI_UNIT ( .MILLI., .METRE. ) );
#5368 = ORIENTED_EDGE ( 'NONE', *, *, #6722, .F. ) ;
#5369 =( NAMED_UNIT ( * ) PLANE_ANGLE_UNIT ( ) SI_UNIT ( $, .RADIAN. ) );
#5370 = ADVANCED_FACE ( 'NONE', ( #375 ), #1553, .F. ) ;
#5371 = VERTEX_POINT ( 'NONE', #3290 ) ;
#5372 = CARTESIAN_POINT ( 'NONE',  ( 0.1908328078863958666, 0.1480867012670087912, 0.0000000000000000000 ) ) ;
#5373 = ADVANCED_FACE ( 'NONE', ( #2123 ), #5548, .T. ) ;
#5374 = CARTESIAN_POINT ( 'NONE',  ( -0.7617815423657247065, 1.275338678846224427, 0.9499999999999999556 ) ) ;
#5375 = CARTESIAN_POINT ( 'NONE',  ( -0.3750000000000000000, 1.074999999999999956, -0.02000000000000000042 ) ) ;
#5376 = CARTESIAN_POINT ( 'NONE',  ( -1.009999999999998455, -0.4000000000000000222, -0.02000000000000000042 ) ) ;
#5377 = ORIENTED_EDGE ( 'NONE', *, *, #3054, .T. ) ;
#5378 = ORIENTED_EDGE ( 'NONE', *, *, #6533, .F. ) ;
#5379 = SURFACE_SIDE_STYLE ('',( #1349 ) ) ;
#5380 = PLANE ( 'NONE',  #7192 ) ;
#5381 = VERTEX_POINT ( 'NONE', #5080 ) ;
#5382 = VERTEX_POINT ( 'NONE', #1666 ) ;
#5383 = CARTESIAN_POINT ( 'NONE',  ( 0.2502381773863927572, 0.3119006422047074789, 0.0000000000000000000 ) ) ;
#5384 = FILL_AREA_STYLE_COLOUR ( '', #3789 ) ;
#5385 = LINE ( 'NONE', #7061, #761 ) ;
#5386 = VECTOR ( 'NONE', #3663, 1000.000000000000000 ) ;
#5387 = ORIENTED_EDGE ( 'NONE', *, *, #7361, .T. ) ;
#5388 = VECTOR ( 'NONE', #1144, 1000.000000000000000 ) ;
#5389 = PLANE ( 'NONE',  #4345 ) ;
#5390 =( GEOMETRIC_REPRESENTATION_CONTEXT ( 3 ) GLOBAL_UNCERTAINTY_ASSIGNED_CONTEXT ( ( #7324 ) ) GLOBAL_UNIT_ASSIGNED_CONTEXT ( ( #6651, #7329, #6177 ) ) REPRESENTATION_CONTEXT ( 'NONE', 'WORKASPACE' ) );
#5391 = MECHANICAL_DESIGN_GEOMETRIC_PRESENTATION_REPRESENTATION (  '', ( #4805 ), #6710 ) ;
#5392 = CARTESIAN_POINT ( 'NONE',  ( 0.0000000000000000000, 0.0000000000000000000, 0.01000000000000000021 ) ) ;
#5393 = CARTESIAN_POINT ( 'NONE',  ( 0.7250000000000000888, 1.509999999999999787, 0.1799999999999999933 ) ) ;
#5394 = CARTESIAN_POINT ( 'NONE',  ( 0.06994866154493190047, 0.3285745061450576765, 0.01000000000000000021 ) ) ;
#5395 = PRESENTATION_LAYER_ASSIGNMENT (  '', '', ( #6252 ) ) ;
#5396 = EDGE_CURVE ( 'NONE', #4000, #4762, #6801, .T. ) ;
#5397 = PRESENTATION_STYLE_ASSIGNMENT (( #1443 ) ) ;
#5398 = EDGE_CURVE ( 'NONE', #6148, #2054, #2860, .T. ) ;
#5399 = PRESENTATION_LAYER_ASSIGNMENT (  '', '', ( #5643 ) ) ;
#5400 = UNCERTAINTY_MEASURE_WITH_UNIT (LENGTH_MEASURE( 1.000000000000000082E-05 ), #7219, 'distance_accuracy_value', 'NONE');
#5401 = CARTESIAN_POINT ( 'NONE',  ( -0.3421447142562083488, 0.2424976037060345702, 0.0000000000000000000 ) ) ;
#5402 = SURFACE_STYLE_FILL_AREA ( #3715 ) ;
#5403 = MECHANICAL_DESIGN_GEOMETRIC_PRESENTATION_REPRESENTATION (  '', ( #3519 ), #6859 ) ;
#5404 = PRESENTATION_LAYER_ASSIGNMENT (  '', '', ( #6024 ) ) ;
#5405 = EDGE_CURVE ( 'NONE', #2438, #5154, #3347, .T. ) ;
#5406 = LINE ( 'NONE', #6173, #4705 ) ;
#5407 = ORIENTED_EDGE ( 'NONE', *, *, #4244, .T. ) ;
#5408 = FACE_OUTER_BOUND ( 'NONE', #2252, .T. ) ;
#5409 = VECTOR ( 'NONE', #2917, 1000.000000000000000 ) ;
#5410 = VECTOR ( 'NONE', #3974, 1000.000000000000000 ) ;
#5411 = AXIS2_PLACEMENT_3D ( 'NONE', #5088, #2238, #6806 ) ;
#5412 = FILL_AREA_STYLE_COLOUR ( '', #3182 ) ;
#5413 = PRESENTATION_STYLE_ASSIGNMENT (( #5452 ) ) ;
#5414 = FILL_AREA_STYLE ('',( #6512 ) ) ;
#5415 = COLOUR_RGB ( '',0.7529411764705882248, 0.7529411764705882248, 0.7529411764705882248 ) ;
#5416 = LINE ( 'NONE', #4784, #2692 ) ;
#5417 = PLANE ( 'NONE',  #247 ) ;
#5418 = ADVANCED_FACE ( 'NONE', ( #7344 ), #3425, .T. ) ;
#5419 = VERTEX_POINT ( 'NONE', #1571 ) ;
#5420 = ORIENTED_EDGE ( 'NONE', *, *, #5940, .F. ) ;
#5421 = PLANE ( 'NONE',  #4865 ) ;
#5422 = STYLED_ITEM ( 'NONE', ( #1925 ), #2764 ) ;
#5423 = LINE ( 'NONE', #287, #3981 ) ;
#5424 = ORIENTED_EDGE ( 'NONE', *, *, #536, .F. ) ;
#5425 = VERTEX_POINT ( 'NONE', #2784 ) ;
#5426 = VECTOR ( 'NONE', #3234, 1000.000000000000000 ) ;
#5427 = CARTESIAN_POINT ( 'NONE',  ( -0.2802799969916542344, 0.2285745061450588089, 0.01000000000000000021 ) ) ;
#5428 = EDGE_LOOP ( 'NONE', ( #6794, #2633, #3333, #645, #4909, #6201, #1771, #4648, #3887, #5921, #1390, #967 ) ) ;
#5429 = SURFACE_SIDE_STYLE ('',( #4262 ) ) ;
#5430 = MECHANICAL_DESIGN_GEOMETRIC_PRESENTATION_REPRESENTATION (  '', ( #1388 ), #1265 ) ;
#5431 = AXIS2_PLACEMENT_3D ( 'NONE', #1452, #3153, #4288 ) ;
#5432 = DIRECTION ( 'NONE',  ( 0.0000000000000000000, 0.0000000000000000000, -1.000000000000000000 ) ) ;
#5433 = ORIENTED_EDGE ( 'NONE', *, *, #3384, .T. ) ;
#5434 = CARTESIAN_POINT ( 'NONE',  ( 0.06994866154493213639, 0.1724769451694477540, 0.0000000000000000000 ) ) ;
#5435 = FACE_OUTER_BOUND ( 'NONE', #6853, .T. ) ;
#5436 = PRESENTATION_LAYER_ASSIGNMENT (  '', '', ( #1009 ) ) ;
#5437 = UNCERTAINTY_MEASURE_WITH_UNIT (LENGTH_MEASURE( 1.000000000000000082E-05 ), #5918, 'distance_accuracy_value', 'NONE');
#5438 = CARTESIAN_POINT ( 'NONE',  ( 0.2577535395937128326, 0.2483915793157896179, 0.01000000000000000021 ) ) ;
#5439 = LINE ( 'NONE', #2647, #3774 ) ;
#5440 = COLOUR_RGB ( '',0.2509803921568627416, 0.2509803921568627416, 0.2509803921568627416 ) ;
#5441 = VECTOR ( 'NONE', #1965, 1000.000000000000000 ) ;
#5442 = CARTESIAN_POINT ( 'NONE',  ( -1.010000000000000453, 1.125000000000000222, -0.02000000000000000042 ) ) ;
#5443 = SURFACE_STYLE_FILL_AREA ( #3112 ) ;
#5444 =( NAMED_UNIT ( * ) PLANE_ANGLE_UNIT ( ) SI_UNIT ( $, .RADIAN. ) );
#5445 = AXIS2_PLACEMENT_3D ( 'NONE', #5281, #36, #2985 ) ;
#5446 = DIRECTION ( 'NONE',  ( -0.9407669869669982310, 0.3390537954853711233, 0.0000000000000000000 ) ) ;
#5447 = ORIENTED_EDGE ( 'NONE', *, *, #4775, .T. ) ;
#5448 = DIRECTION ( 'NONE',  ( -0.3222024856061070364, 0.9466707760722554710, 0.0000000000000000000 ) ) ;
#5449 = VECTOR ( 'NONE', #3960, 1000.000000000000000 ) ;
#5450 = DIRECTION ( 'NONE',  ( 0.0000000000000000000, -0.0000000000000000000, -1.000000000000000000 ) ) ;
#5451 = EDGE_CURVE ( 'NONE', #6927, #6148, #6733, .T. ) ;
#5452 = SURFACE_STYLE_USAGE ( .BOTH. , #2624 ) ;
#5453 = DIRECTION ( 'NONE',  ( -1.000000000000000000, 3.252606517456501075E-15, 0.0000000000000000000 ) ) ;
#5454 = PRESENTATION_STYLE_ASSIGNMENT (( #2587 ) ) ;
#5455 = VECTOR ( 'NONE', #3730, 1000.000000000000000 ) ;
#5456 = CARTESIAN_POINT ( 'NONE',  ( 0.09999999999999995004, 0.9999999999999997780, 0.1799999999999999933 ) ) ;
#5457 = PLANE ( 'NONE',  #5766 ) ;
#5458 = ORIENTED_EDGE ( 'NONE', *, *, #7361, .F. ) ;
#5459 = ORIENTED_EDGE ( 'NONE', *, *, #4393, .T. ) ;
#5460 = VECTOR ( 'NONE', #2811, 1000.000000000000000 ) ;
#5461 = DIRECTION ( 'NONE',  ( -1.000000000000000000, 0.0000000000000000000, -0.0000000000000000000 ) ) ;
#5462 = MECHANICAL_DESIGN_GEOMETRIC_PRESENTATION_REPRESENTATION (  '', ( #5713 ), #6078 ) ;
#5463 = ORIENTED_EDGE ( 'NONE', *, *, #3615, .F. ) ;
#5464 = EDGE_LOOP ( 'NONE', ( #2034, #4987, #4368, #6273, #7338, #963 ) ) ;
#5465 = CARTESIAN_POINT ( 'NONE',  ( 0.1358023200815171860, 0.0000000000000000000, 0.01000000000000000021 ) ) ;
#5466 = FILL_AREA_STYLE ('',( #4877 ) ) ;
#5467 = CARTESIAN_POINT ( 'NONE',  ( -0.01053914333311687518, 0.1724769451694477540, 0.0000000000000000000 ) ) ;
#5468 = ORIENTED_EDGE ( 'NONE', *, *, #432, .T. ) ;
#5469 = CARTESIAN_POINT ( 'NONE',  ( -0.6356538322578365596, 1.202518811463164194, 0.9399999999999998357 ) ) ;
#5470 = SURFACE_STYLE_USAGE ( .BOTH. , #5972 ) ;
#5471 = DIRECTION ( 'NONE',  ( 0.0000000000000000000, 0.0000000000000000000, 1.000000000000000000 ) ) ;
#5472 = VERTEX_POINT ( 'NONE', #2862 ) ;
#5473 =( LENGTH_UNIT ( ) NAMED_UNIT ( * ) SI_UNIT ( .MILLI., .METRE. ) );
#5474 = EDGE_CURVE ( 'NONE', #4185, #1529, #7387, .T. ) ;
#5475 = CARTESIAN_POINT ( 'NONE',  ( 0.1826392103254196597, 0.3310135305353017476, 0.0000000000000000000 ) ) ;
#5476 = ADVANCED_FACE ( 'NONE', ( #3311 ), #6827, .T. ) ;
#5477 = FILL_AREA_STYLE ('',( #2021 ) ) ;
#5478 = EDGE_CURVE ( 'NONE', #2245, #3574, #2075, .T. ) ;
#5479 = DIRECTION ( 'NONE',  ( 0.0000000000000000000, 0.0000000000000000000, -1.000000000000000000 ) ) ;
#5480 =( NAMED_UNIT ( * ) PLANE_ANGLE_UNIT ( ) SI_UNIT ( $, .RADIAN. ) );
#5481 = ORIENTED_EDGE ( 'NONE', *, *, #464, .T. ) ;
#5482 = PLANE ( 'NONE',  #6598 ) ;
#5483 = SURFACE_STYLE_FILL_AREA ( #6468 ) ;
#5484 = LINE ( 'NONE', #5594, #1041 ) ;
#5485 =( NAMED_UNIT ( * ) PLANE_ANGLE_UNIT ( ) SI_UNIT ( $, .RADIAN. ) );
#5486 = EDGE_CURVE ( 'NONE', #4905, #6745, #6298, .T. ) ;
#5487 = DIRECTION ( 'NONE',  ( 0.0000000000000000000, 0.0000000000000000000, 1.000000000000000000 ) ) ;
#5488 = ORIENTED_EDGE ( 'NONE', *, *, #6703, .F. ) ;
#5489 = EDGE_LOOP ( 'NONE', ( #612, #3270, #2521, #2543, #1807, #1274 ) ) ;
#5490 = FACE_OUTER_BOUND ( 'NONE', #6221, .T. ) ;
#5491 = CARTESIAN_POINT ( 'NONE',  ( -0.6356538322578362266, 1.056879076697043507, 0.9499999999999999556 ) ) ;
#5492 = ORIENTED_EDGE ( 'NONE', *, *, #5635, .T. ) ;
#5493 = LINE ( 'NONE', #360, #245 ) ;
#5494 =( NAMED_UNIT ( * ) PLANE_ANGLE_UNIT ( ) SI_UNIT ( $, .RADIAN. ) );
#5495 = DIRECTION ( 'NONE',  ( 0.0000000000000000000, -0.0000000000000000000, -1.000000000000000000 ) ) ;
#5496 = ORIENTED_EDGE ( 'NONE', *, *, #1179, .F. ) ;
#5497 = CARTESIAN_POINT ( 'NONE',  ( -0.6889616749826644737, 1.255826654187992331, 0.9399999999999998357 ) ) ;
#5498 = PRESENTATION_LAYER_ASSIGNMENT (  '', '', ( #724 ) ) ;
#5499 = CARTESIAN_POINT ( 'NONE',  ( 0.4500000000000000111, -0.6000000000000000888, -0.02000000000000000042 ) ) ;
#5500 = ORIENTED_EDGE ( 'NONE', *, *, #1652, .F. ) ;
#5501 = VECTOR ( 'NONE', #1283, 1000.000000000000000 ) ;
#5502 = LINE ( 'NONE', #2567, #6845 ) ;
#5503 = CARTESIAN_POINT ( 'NONE',  ( 0.1358023200815176301, 0.1608915793157891516, 0.0000000000000000000 ) ) ;
#5504 = UNCERTAINTY_MEASURE_WITH_UNIT (LENGTH_MEASURE( 1.000000000000000082E-05 ), #215, 'distance_accuracy_value', 'NONE');
#5505 = CARTESIAN_POINT ( 'NONE',  ( -0.4500000000000000111, -0.6000000000000000888, 0.1799999999999999933 ) ) ;
#5506 = EDGE_CURVE ( 'NONE', #6555, #4496, #4751, .T. ) ;
#5507 = UNCERTAINTY_MEASURE_WITH_UNIT (LENGTH_MEASURE( 1.000000000000000082E-05 ), #6643, 'distance_accuracy_value', 'NONE');
#5508 = EDGE_CURVE ( 'NONE', #1923, #1136, #4097, .T. ) ;
#5509 = COLOUR_RGB ( '',0.7529411764705882248, 0.7529411764705882248, 0.7529411764705882248 ) ;
#5510 = CARTESIAN_POINT ( 'NONE',  ( -0.9999999999999995559, -1.500000000000000222, 0.9499999999999999556 ) ) ;
#5511 = CARTESIAN_POINT ( 'NONE',  ( 0.3750000000000000000, -1.500000000000000222, 0.1799999999999999933 ) ) ;
#5512 = VERTEX_POINT ( 'NONE', #5838 ) ;
#5513 = VECTOR ( 'NONE', #7170, 1000.000000000000000 ) ;
#5514 = PLANE ( 'NONE',  #1471 ) ;
#5515 = ORIENTED_EDGE ( 'NONE', *, *, #1999, .T. ) ;
#5516 = FILL_AREA_STYLE_COLOUR ( '', #2642 ) ;
#5517 = VECTOR ( 'NONE', #1007, 1000.000000000000000 ) ;
#5518 = CARTESIAN_POINT ( 'NONE',  ( 0.0000000000000000000, 0.0000000000000000000, 0.1799999999999999933 ) ) ;
#5519 = SURFACE_STYLE_USAGE ( .BOTH. , #4930 ) ;
#5520 = PRESENTATION_LAYER_ASSIGNMENT (  '', '', ( #4589 ) ) ;
#5521 =( NAMED_UNIT ( * ) PLANE_ANGLE_UNIT ( ) SI_UNIT ( $, .RADIAN. ) );
#5522 = VECTOR ( 'NONE', #2765, 1000.000000000000000 ) ;
#5523 = ORIENTED_EDGE ( 'NONE', *, *, #5936, .F. ) ;
#5524 = AXIS2_PLACEMENT_3D ( 'NONE', #2696, #6216, #1038 ) ;
#5525 = ORIENTED_EDGE ( 'NONE', *, *, #2933, .T. ) ;
#5526 = ADVANCED_FACE ( 'NONE', ( #5269 ), #1910, .T. ) ;
#5527 = DIRECTION ( 'NONE',  ( 0.0000000000000000000, 0.0000000000000000000, -1.000000000000000000 ) ) ;
#5528 = B_SPLINE_CURVE_WITH_KNOTS ( 'NONE', 3,
 ( #2940, #5205, #4098, #3537, #5805, #2507, #1911, #6549 ),
 .UNSPECIFIED., .F., .F.,
 ( 4, 1, 1, 1, 1, 4 ),
 ( 0.0000000000000000000, 0.2000000000000001776, 0.4000000000000004108, 0.6000000000000004219, 0.8000000000000003775, 0.9999974999999998726 ),
 .UNSPECIFIED. ) ;
#5529 = ADVANCED_FACE ( 'NONE', ( #6896 ), #2430, .T. ) ;
#5530 = FACE_OUTER_BOUND ( 'NONE', #5235, .T. ) ;
#5531 = ORIENTED_EDGE ( 'NONE', *, *, #5712, .F. ) ;
#5532 = SURFACE_STYLE_USAGE ( .BOTH. , #3812 ) ;
#5533 = VERTEX_POINT ( 'NONE', #164 ) ;
#5534 = LINE ( 'NONE', #5059, #3437 ) ;
#5535 = MECHANICAL_DESIGN_GEOMETRIC_PRESENTATION_REPRESENTATION (  '', ( #6525 ), #39 ) ;
#5536 = CARTESIAN_POINT ( 'NONE',  ( 0.1429063492040416883, 0.1793717842117271699, 0.01000000000000000021 ) ) ;
#5537 = CARTESIAN_POINT ( 'NONE',  ( -0.3749999999999998890, -0.8749999999999998890, -0.02000000000000000042 ) ) ;
#5538 = ORIENTED_EDGE ( 'NONE', *, *, #661, .T. ) ;
#5539 = CARTESIAN_POINT ( 'NONE',  ( 0.3772657347156637697, 0.3505257256572530955, 0.01000000000000000021 ) ) ;
#5540 = AXIS2_PLACEMENT_3D ( 'NONE', #620, #2344, #230 ) ;
#5541 = DIRECTION ( 'NONE',  ( -1.000000000000000000, -0.0000000000000000000, -0.0000000000000000000 ) ) ;
#5542 =( GEOMETRIC_REPRESENTATION_CONTEXT ( 3 ) GLOBAL_UNCERTAINTY_ASSIGNED_CONTEXT ( ( #4065 ) ) GLOBAL_UNIT_ASSIGNED_CONTEXT ( ( #5615, #6748, #2258 ) ) REPRESENTATION_CONTEXT ( 'NONE', 'WORKASPACE' ) );
#5543 = ADVANCED_FACE ( 'NONE', ( #1489 ), #1383, .T. ) ;
#5544 = STYLED_ITEM ( 'NONE', ( #6330 ), #8 ) ;
#5545 = FILL_AREA_STYLE_COLOUR ( '', #1477 ) ;
#5546 = PRESENTATION_LAYER_ASSIGNMENT (  '', '', ( #4615 ) ) ;
#5547 = PRESENTATION_STYLE_ASSIGNMENT (( #2686 ) ) ;
#5548 = PLANE ( 'NONE',  #506 ) ;
#5549 = PRESENTATION_STYLE_ASSIGNMENT (( #4856 ) ) ;
#5550 = PRESENTATION_LAYER_ASSIGNMENT (  '', '', ( #5905 ) ) ;
#5551 = PRESENTATION_LAYER_ASSIGNMENT (  '', '', ( #2100 ) ) ;
#5552 = EDGE_CURVE ( 'NONE', #6464, #391, #4321, .T. ) ;
#5553 = EDGE_LOOP ( 'NONE', ( #955, #4716, #5699, #2127 ) ) ;
#5554 = FACE_OUTER_BOUND ( 'NONE', #1496, .T. ) ;
#5555 = VECTOR ( 'NONE', #715, 1000.000000000000000 ) ;
#5556 = LINE ( 'NONE', #3832, #863 ) ;
#5557 = CARTESIAN_POINT ( 'NONE',  ( -0.1000000000000000611, -0.9999999999999997780, -0.02000000000000000042 ) ) ;
#5558 = CARTESIAN_POINT ( 'NONE',  ( -1.000000000000000000, 0.1000000000000002554, 0.9499999999999999556 ) ) ;
#5559 = CARTESIAN_POINT ( 'NONE',  ( -0.6356538322578365596, 1.202518811463164194, 0.9399999999999999467 ) ) ;
#5560 = PRESENTATION_LAYER_ASSIGNMENT (  '', '', ( #4040 ) ) ;
#5561 = ORIENTED_EDGE ( 'NONE', *, *, #6047, .T. ) ;
#5562 = VERTEX_POINT ( 'NONE', #3721 ) ;
#5563 = DIRECTION ( 'NONE',  ( 1.000000000000000000, 0.0000000000000000000, 0.0000000000000000000 ) ) ;
#5564 = SURFACE_STYLE_FILL_AREA ( #6077 ) ;
#5565 = ORIENTED_EDGE ( 'NONE', *, *, #4330, .F. ) ;
#5566 = FILL_AREA_STYLE ('',( #1719 ) ) ;
#5567 = MECHANICAL_DESIGN_GEOMETRIC_PRESENTATION_REPRESENTATION (  '', ( #5945 ), #5830 ) ;
#5568 = LINE ( 'NONE', #2743, #4513 ) ;
#5569 = EDGE_CURVE ( 'NONE', #6526, #5277, #6451, .T. ) ;
#5570 = DIRECTION ( 'NONE',  ( -0.0000000000000000000, 0.0000000000000000000, 1.000000000000000000 ) ) ;
#5571 = ORIENTED_EDGE ( 'NONE', *, *, #5396, .T. ) ;
#5572 = CARTESIAN_POINT ( 'NONE',  ( 1.010000000000000009, -0.1000000000000000056, 0.1799999999999999933 ) ) ;
#5573 = DIRECTION ( 'NONE',  ( -1.707404996040164758E-16, 1.000000000000000000, 0.0000000000000000000 ) ) ;
#5574 = VECTOR ( 'NONE', #165, 1000.000000000000000 ) ;
#5575 = PRESENTATION_LAYER_ASSIGNMENT (  '', '', ( #190 ) ) ;
#5576 = DIRECTION ( 'NONE',  ( -1.018698291231189177E-14, 1.000000000000000000, 0.0000000000000000000 ) ) ;
#5577 = ORIENTED_EDGE ( 'NONE', *, *, #4990, .F. ) ;
#5578 = UNCERTAINTY_MEASURE_WITH_UNIT (LENGTH_MEASURE( 1.000000000000000082E-05 ), #1045, 'distance_accuracy_value', 'NONE');
#5579 = FACE_OUTER_BOUND ( 'NONE', #7096, .T. ) ;
#5580 = FILL_AREA_STYLE_COLOUR ( '', #1233 ) ;
#5581 = UNCERTAINTY_MEASURE_WITH_UNIT (LENGTH_MEASURE( 1.000000000000000082E-05 ), #6301, 'distance_accuracy_value', 'NONE');
#5582 = CARTESIAN_POINT ( 'NONE',  ( -0.01053914333311687518, 0.1724769451694477540, 0.0000000000000000000 ) ) ;
#5583 = PLANE ( 'NONE',  #4444 ) ;
#5584 = CARTESIAN_POINT ( 'NONE',  ( -0.04956353357701972356, 0.1505257256572527513, 0.01000000000000000021 ) ) ;
#5585 = CARTESIAN_POINT ( 'NONE',  ( -0.3750000000000001110, -1.500000000000000222, 0.9499999999999999556 ) ) ;
#5586 =( NAMED_UNIT ( * ) PLANE_ANGLE_UNIT ( ) SI_UNIT ( $, .RADIAN. ) );
#5587 = DIRECTION ( 'NONE',  ( 6.938893903907229955E-15, 1.000000000000000000, -0.0000000000000000000 ) ) ;
#5588 = PRESENTATION_STYLE_ASSIGNMENT (( #505 ) ) ;
#5589 = UNCERTAINTY_MEASURE_WITH_UNIT (LENGTH_MEASURE( 1.000000000000000082E-05 ), #2121, 'distance_accuracy_value', 'NONE');
#5590 = CARTESIAN_POINT ( 'NONE',  ( 0.1826392103254196597, 0.3310135305353017476, 0.01000000000000000021 ) ) ;
#5591 = ORIENTED_EDGE ( 'NONE', *, *, #6953, .F. ) ;
#5592 = SURFACE_SIDE_STYLE ('',( #3830 ) ) ;
#5593 =( LENGTH_UNIT ( ) NAMED_UNIT ( * ) SI_UNIT ( .MILLI., .METRE. ) );
#5594 = CARTESIAN_POINT ( 'NONE',  ( 0.7250000000000001998, 1.499999999999999778, 0.9499999999999999556 ) ) ;
#5595 = SURFACE_STYLE_FILL_AREA ( #5129 ) ;
#5596 = EDGE_CURVE ( 'NONE', #6762, #2481, #6070, .T. ) ;
#5597 = CARTESIAN_POINT ( 'NONE',  ( -0.9009172689124350653, 1.129698944080104184, 0.9400000000000000577 ) ) ;
#5598 = ORIENTED_EDGE ( 'NONE', *, *, #4924, .T. ) ;
#5599 = ORIENTED_EDGE ( 'NONE', *, *, #1963, .F. ) ;
#5600 = ADVANCED_FACE ( 'NONE', ( #236 ), #7153, .T. ) ;
#5601 =( NAMED_UNIT ( * ) SI_UNIT ( $, .STERADIAN. ) SOLID_ANGLE_UNIT ( ) );
#5602 = EDGE_CURVE ( 'NONE', #932, #3738, #886, .T. ) ;
#5603 =( GEOMETRIC_REPRESENTATION_CONTEXT ( 3 ) GLOBAL_UNCERTAINTY_ASSIGNED_CONTEXT ( ( #5944 ) ) GLOBAL_UNIT_ASSIGNED_CONTEXT ( ( #334, #2645, #2043 ) ) REPRESENTATION_CONTEXT ( 'NONE', 'WORKASPACE' ) );
#5604 = VERTEX_POINT ( 'NONE', #4353 ) ;
#5605 = DIRECTION ( 'NONE',  ( 0.0000000000000000000, -0.0000000000000000000, -1.000000000000000000 ) ) ;
#5606 = CARTESIAN_POINT ( 'NONE',  ( 0.3016559786181031155, 0.1724769451694482258, 0.0000000000000000000 ) ) ;
#5607 =( LENGTH_UNIT ( ) NAMED_UNIT ( * ) SI_UNIT ( .MILLI., .METRE. ) );
#5608 = CARTESIAN_POINT ( 'NONE',  ( 0.2577535395937128326, 0.2483915793157896179, 0.0000000000000000000 ) ) ;
#5609 = DIRECTION ( 'NONE',  ( 0.0000000000000000000, 1.000000000000000000, 0.0000000000000000000 ) ) ;
#5610 = ORIENTED_EDGE ( 'NONE', *, *, #4121, .T. ) ;
#5611 = LINE ( 'NONE', #5106, #5756 ) ;
#5612 = CARTESIAN_POINT ( 'NONE',  ( 0.3750000000000000000, -1.509999999999999787, -0.02000000000000000042 ) ) ;
#5613 = ORIENTED_EDGE ( 'NONE', *, *, #5478, .T. ) ;
#5614 = B_SPLINE_SURFACE_WITH_KNOTS ( 'NONE', 3, 1, ( 
 ( #818, #3697 ),
 ( #2515, #4790 ),
 ( #7089, #4831 ),
 ( #3769, #4252 ),
 ( #3164, #2065 ) ),
 .UNSPECIFIED., .F., .F., .F.,
 ( 4, 1, 4 ),
 ( 2, 2 ),
 ( 0.0000000000000000000, 0.5602261238395740417, 1.000000000000000000 ),
 ( 0.0000000000000000000, 1.000000000000000000 ),
 .UNSPECIFIED. ) ;
#5615 =( LENGTH_UNIT ( ) NAMED_UNIT ( * ) SI_UNIT ( .MILLI., .METRE. ) );
#5616 = SURFACE_STYLE_USAGE ( .BOTH. , #1621 ) ;
#5617 = UNCERTAINTY_MEASURE_WITH_UNIT (LENGTH_MEASURE( 1.000000000000000082E-05 ), #4245, 'distance_accuracy_value', 'NONE');
#5618 = FACE_BOUND ( 'NONE', #6323, .T. ) ;
#5619 = VECTOR ( 'NONE', #3770, 1000.000000000000000 ) ;
#5620 = CARTESIAN_POINT ( 'NONE',  ( -0.3133211555282396366, 0.3261354817548147711, 0.0000000000000000000 ) ) ;
#5621 = CARTESIAN_POINT ( 'NONE',  ( -0.2036063472160025145, 0.3069301123308783019, 0.01000000000000000021 ) ) ;
#5622 = SURFACE_SIDE_STYLE ('',( #5001 ) ) ;
#5623 = PLANE ( 'NONE',  #5540 ) ;
#5624 = EDGE_CURVE ( 'NONE', #1512, #448, #3799, .T. ) ;
#5625 =( GEOMETRIC_REPRESENTATION_CONTEXT ( 3 ) GLOBAL_UNCERTAINTY_ASSIGNED_CONTEXT ( ( #1879 ) ) GLOBAL_UNIT_ASSIGNED_CONTEXT ( ( #6347, #5822, #7064 ) ) REPRESENTATION_CONTEXT ( 'NONE', 'WORKASPACE' ) );
#5626 = VECTOR ( 'NONE', #4594, 1000.000000000000000 ) ;
#5627 = DIRECTION ( 'NONE',  ( 0.0000000000000000000, 0.0000000000000000000, -1.000000000000000000 ) ) ;
#5628 = VERTEX_POINT ( 'NONE', #5786 ) ;
#5629 = FILL_AREA_STYLE ('',( #5516 ) ) ;
#5630 = VECTOR ( 'NONE', #3985, 1000.000000000000000 ) ;
#5631 = EDGE_CURVE ( 'NONE', #5382, #35, #5556, .T. ) ;
#5632 = SURFACE_SIDE_STYLE ('',( #4417 ) ) ;
#5633 =( LENGTH_UNIT ( ) NAMED_UNIT ( * ) SI_UNIT ( .MILLI., .METRE. ) );
#5634 = STYLED_ITEM ( 'NONE', ( #4991 ), #5874 ) ;
#5635 = EDGE_CURVE ( 'NONE', #3294, #4556, #4388, .T. ) ;
#5636 = AXIS2_PLACEMENT_3D ( 'NONE', #6229, #6860, #677 ) ;
#5637 = CARTESIAN_POINT ( 'NONE',  ( -0.4056610945526302747, 0.1505257256572543889, 0.0000000000000000000 ) ) ;
#5638 = CARTESIAN_POINT ( 'NONE',  ( 0.09677792983761508705, 0.1671923923239192755, 0.0000000000000000000 ) ) ;
#5639 = EDGE_CURVE ( 'NONE', #37, #3248, #2091, .T. ) ;
#5640 = ORIENTED_EDGE ( 'NONE', *, *, #1480, .T. ) ;
#5641 = EDGE_LOOP ( 'NONE', ( #5145, #2276, #4022, #4304 ) ) ;
#5642 = CARTESIAN_POINT ( 'NONE',  ( -0.4056610945526302747, 0.1505257256572543056, 0.01000000000000000021 ) ) ;
#5643 = STYLED_ITEM ( 'NONE', ( #4855 ), #5333 ) ;
#5644 = CARTESIAN_POINT ( 'NONE',  ( -0.8346014097487851613, 1.003571233972216037, 0.9499999999999999556 ) ) ;
#5645 = ORIENTED_EDGE ( 'NONE', *, *, #2215, .F. ) ;
#5646 = DIRECTION ( 'NONE',  ( 1.000000000000000000, 0.0000000000000000000, 0.0000000000000000000 ) ) ;
#5647 = PLANE ( 'NONE',  #5291 ) ;
#5648 = AXIS2_PLACEMENT_3D ( 'NONE', #4863, #5453, #317 ) ;
#5649 = FILL_AREA_STYLE_COLOUR ( '', #7234 ) ;
#5650 = SURFACE_STYLE_USAGE ( .BOTH. , #2105 ) ;
#5651 = EDGE_LOOP ( 'NONE', ( #5598, #6225, #3695, #3082 ) ) ;
#5652 = VECTOR ( 'NONE', #7185, 1000.000000000000000 ) ;
#5653 = LINE ( 'NONE', #7351, #7078 ) ;
#5654 = ORIENTED_EDGE ( 'NONE', *, *, #1082, .F. ) ;
#5655 = CARTESIAN_POINT ( 'NONE',  ( 0.1358023200815170473, 0.3450379207792040881, 0.0000000000000000000 ) ) ;
#5656 = UNCERTAINTY_MEASURE_WITH_UNIT (LENGTH_MEASURE( 1.000000000000000082E-05 ), #7282, 'distance_accuracy_value', 'NONE');
#5657 = CARTESIAN_POINT ( 'NONE',  ( 0.3772657347156639362, 0.1724769451694482536, 0.0000000000000000000 ) ) ;
#5658 = STYLED_ITEM ( 'NONE', ( #1584 ), #2171 ) ;
#5659 = COLOUR_RGB ( '',0.2509803921568627416, 0.2509803921568627416, 0.2509803921568627416 ) ;
#5660 = VERTEX_POINT ( 'NONE', #6250 ) ;
#5661 = CARTESIAN_POINT ( 'NONE',  ( -0.7250000000000000888, -1.509999999999999787, 0.1799999999999999933 ) ) ;
#5662 = B_SPLINE_CURVE_WITH_KNOTS ( 'NONE', 3,
 ( #1667, #6884, #6761, #3452, #507, #6247, #5153, #4015, #6284 ),
 .UNSPECIFIED., .F., .F.,
 ( 4, 1, 1, 1, 1, 1, 4 ),
 ( 0.0000000000000000000, 0.08333333333333350912, 0.1666666666666667684, 0.2499999999999998335, 0.3333333333333333148, 0.4166666666666665741, 0.4999999999999998335 ),
 .UNSPECIFIED. ) ;
#5663 = FACE_OUTER_BOUND ( 'NONE', #6824, .T. ) ;
#5664 = FILL_AREA_STYLE_COLOUR ( '', #3255 ) ;
#5665 = MECHANICAL_DESIGN_GEOMETRIC_PRESENTATION_REPRESENTATION (  '', ( #4248 ), #995 ) ;
#5666 = DIRECTION ( 'NONE',  ( 1.000000000000000000, 0.0000000000000000000, 0.0000000000000000000 ) ) ;
#5667 = CARTESIAN_POINT ( 'NONE',  ( -1.000000000000000000, 0.8750000000000001110, 0.9499999999999999556 ) ) ;
#5668 = VECTOR ( 'NONE', #5215, 1000.000000000000000 ) ;
#5669 = UNCERTAINTY_MEASURE_WITH_UNIT (LENGTH_MEASURE( 1.000000000000000082E-05 ), #3987, 'distance_accuracy_value', 'NONE');
#5670 = CARTESIAN_POINT ( 'NONE',  ( -0.3133211555282396366, 0.3261354817548147711, 0.01000000000000000021 ) ) ;
#5671 = CARTESIAN_POINT ( 'NONE',  ( 0.1828678688620049286, 0.3529647500474968891, 0.0000000000000000000 ) ) ;
#5672 = VECTOR ( 'NONE', #1601, 1000.000000000000000 ) ;
#5673 = CARTESIAN_POINT ( 'NONE',  ( 0.06994866154493216415, 0.2407696280962770830, 0.0000000000000000000 ) ) ;
#5674 = VECTOR ( 'NONE', #3150, 1000.000000000000000 ) ;
#5675 = CARTESIAN_POINT ( 'NONE',  ( -1.000000000000000222, -0.1000000000000000056, 0.0000000000000000000 ) ) ;
#5676 = STYLED_ITEM ( 'NONE', ( #1164 ), #6576 ) ;
#5677 = EDGE_LOOP ( 'NONE', ( #1566, #7151, #6414, #4721 ) ) ;
#5678 = AXIS2_PLACEMENT_3D ( 'NONE', #3464, #4095, #1123 ) ;
#5679 = SURFACE_STYLE_FILL_AREA ( #3411 ) ;
#5680 = CARTESIAN_POINT ( 'NONE',  ( 0.1358023200815171860, 0.3182086524865211929, 0.0000000000000000000 ) ) ;
#5681 = LINE ( 'NONE', #2771, #7037 ) ;
#5682 = PRESENTATION_LAYER_ASSIGNMENT (  '', '', ( #906 ) ) ;
#5683 = CARTESIAN_POINT ( 'NONE',  ( 0.09677792983761446255, 0.3505257256572527624, 0.0000000000000000000 ) ) ;
#5684 = ORIENTED_EDGE ( 'NONE', *, *, #1340, .T. ) ;
#5685 = CARTESIAN_POINT ( 'NONE',  ( -0.1047845701623855291, 0.1724769451694481148, 0.01000000000000000021 ) ) ;
#5686 = STYLED_ITEM ( 'NONE', ( #5397 ), #6793 ) ;
#5687 = CARTESIAN_POINT ( 'NONE',  ( -0.0007830457721411253520, 0.2407696280962769997, 0.0000000000000000000 ) ) ;
#5688 = ADVANCED_FACE ( 'NONE', ( #5007, #3373, #1073, #3980, #6685, #2731 ), #4529, .F. ) ;
#5689 = CARTESIAN_POINT ( 'NONE',  ( 0.04555825097582580363, 0.3505257256572527624, 0.0000000000000000000 ) ) ;
#5690 = ORIENTED_EDGE ( 'NONE', *, *, #6479, .F. ) ;
#5691 = CARTESIAN_POINT ( 'NONE',  ( -0.1252385114080442619, 0.3260929773473014159, 0.01000000000000000021 ) ) ;
#5692 = FILL_AREA_STYLE ('',( #2250 ) ) ;
#5693 = SURFACE_SIDE_STYLE ('',( #3954 ) ) ;
#5694 = FILL_AREA_STYLE ('',( #3431 ) ) ;
#5695 = DIRECTION ( 'NONE',  ( 0.0000000000000000000, 0.0000000000000000000, 1.000000000000000000 ) ) ;
#5696 = CARTESIAN_POINT ( 'NONE',  ( -0.3749999999999998890, -0.8749999999999998890, 5.421010862427522170E-17 ) ) ;
#5697 = ORIENTED_EDGE ( 'NONE', *, *, #2195, .F. ) ;
#5698 = PRESENTATION_LAYER_ASSIGNMENT (  '', '', ( #307 ) ) ;
#5699 = ORIENTED_EDGE ( 'NONE', *, *, #1861, .F. ) ;
#5700 = SURFACE_STYLE_USAGE ( .BOTH. , #6274 ) ;
#5701 = SURFACE_SIDE_STYLE ('',( #5180 ) ) ;
#5702 = ORIENTED_EDGE ( 'NONE', *, *, #6583, .F. ) ;
#5703 = LINE ( 'NONE', #4, #4492 ) ;
#5704 = CARTESIAN_POINT ( 'NONE',  ( -0.3133211555282396366, 0.3261354817548147711, 0.01000000000000000021 ) ) ;
#5705 = MECHANICAL_DESIGN_GEOMETRIC_PRESENTATION_REPRESENTATION (  '', ( #6775 ), #2354 ) ;
#5706 = DIRECTION ( 'NONE',  ( -1.000000000000000000, 1.707404996040163525E-16, -0.0000000000000000000 ) ) ;
#5707 =( LENGTH_UNIT ( ) NAMED_UNIT ( * ) SI_UNIT ( .MILLI., .METRE. ) );
#5708 = ADVANCED_FACE ( 'NONE', ( #4968 ), #2810, .F. ) ;
#5709 = EDGE_CURVE ( 'NONE', #6773, #1866, #2155, .T. ) ;
#5710 = COLOUR_RGB ( '',1.000000000000000000, 1.000000000000000000, 1.000000000000000000 ) ;
#5712 = EDGE_CURVE ( 'NONE', #976, #448, #3589, .T. ) ;
#5711 = LINE ( 'NONE', #4043, #3143 ) ;
#5713 = STYLED_ITEM ( 'NONE', ( #2651 ), #1555 ) ;
#5714 = CARTESIAN_POINT ( 'NONE',  ( -0.1060040823575077590, 0.3505257256572526514, 0.0000000000000000000 ) ) ;
#5715 = CARTESIAN_POINT ( 'NONE',  ( 0.2845828078863957278, 0.2467528598035945153, 0.0000000000000000000 ) ) ;
#5716 = CARTESIAN_POINT ( 'NONE',  ( 1.010000000000000009, 0.1000000000000000056, 0.1799999999999999933 ) ) ;
#5717 = ORIENTED_EDGE ( 'NONE', *, *, #3336, .F. ) ;
#5718 = ADVANCED_FACE ( 'NONE', ( #5859 ), #6956, .T. ) ;
#5719 = SURFACE_STYLE_USAGE ( .BOTH. , #3372 ) ;
#5720 = PRESENTATION_STYLE_ASSIGNMENT (( #6356 ) ) ;
#5721 = CARTESIAN_POINT ( 'NONE',  ( 0.1826392103254196597, 0.3310135305353017476, 0.0000000000000000000 ) ) ;
#5722 = EDGE_LOOP ( 'NONE', ( #3117, #1669, #2000, #682, #4760, #6507, #4538, #4293, #2775, #4106, #6517, #1071, #5571, #57, #823, #1713, #5813, #5459, #6913, #6826, #3507, #6040, #208, #6374 ) ) ;
#5723 = CARTESIAN_POINT ( 'NONE',  ( -0.3360155152843372073, 0.2285745061450589199, 0.0000000000000000000 ) ) ;
#5724 = PRESENTATION_STYLE_ASSIGNMENT (( #5762 ) ) ;
#5725 = EDGE_LOOP ( 'NONE', ( #6448, #7058, #4437, #6175, #3079, #2517 ) ) ;
#5726 = CARTESIAN_POINT ( 'NONE',  ( 0.1358023200815176301, 0.1645501159011550363, 0.0000000000000000000 ) ) ;
#5727 = CARTESIAN_POINT ( 'NONE',  ( -0.6226458158190147918, 1.129698944080104184, 0.9400000000000000577 ) ) ;
#5728 = LINE ( 'NONE', #3603, #1790 ) ;
#5729 = EDGE_CURVE ( 'NONE', #2834, #6811, #148, .T. ) ;
#5730 = CARTESIAN_POINT ( 'NONE',  ( -1.000000000000000222, 1.499999999999999778, 0.9499999999999999556 ) ) ;
#5731 = CARTESIAN_POINT ( 'NONE',  ( 0.2536750183769608258, 0.2246767352171527010, 0.01000000000000000021 ) ) ;
#5732 = SURFACE_STYLE_USAGE ( .BOTH. , #568 ) ;
#5733 = EDGE_CURVE ( 'NONE', #1878, #3545, #1323, .T. ) ;
#5734 = DIRECTION ( 'NONE',  ( 0.0000000000000000000, -0.0000000000000000000, -1.000000000000000000 ) ) ;
#5735 =( NAMED_UNIT ( * ) SI_UNIT ( $, .STERADIAN. ) SOLID_ANGLE_UNIT ( ) );
#5736 = CARTESIAN_POINT ( 'NONE',  ( -0.1837098750404343450, 0.2524693232182288471, 0.009999999999999998473 ) ) ;
#5737 = ORIENTED_EDGE ( 'NONE', *, *, #5552, .F. ) ;
#5738 = VERTEX_POINT ( 'NONE', #4119 ) ;
#5739 = UNCERTAINTY_MEASURE_WITH_UNIT (LENGTH_MEASURE( 1.000000000000000082E-05 ), #5795, 'distance_accuracy_value', 'NONE');
#5740 = VECTOR ( 'NONE', #599, 1000.000000000000000 ) ;
#5741 = DIRECTION ( 'NONE',  ( 0.0000000000000000000, 0.0000000000000000000, -1.000000000000000000 ) ) ;
#5742 = EDGE_LOOP ( 'NONE', ( #1431, #6311, #7080, #2815 ) ) ;
#5743 = ORIENTED_EDGE ( 'NONE', *, *, #719, .F. ) ;
#5744 = CARTESIAN_POINT ( 'NONE',  ( -0.7250000000000001998, 1.499999999999999778, 0.0000000000000000000 ) ) ;
#5745 = CARTESIAN_POINT ( 'NONE',  ( -0.1000000000000000611, -1.509999999999999787, -0.02000000000000000042 ) ) ;
#5746 = LINE ( 'NONE', #6318, #2416 ) ;
#5747 = COLOUR_RGB ( '',1.000000000000000000, 1.000000000000000000, 1.000000000000000000 ) ;
#5748 = LINE ( 'NONE', #1699, #5388 ) ;
#5749 = FILL_AREA_STYLE_COLOUR ( '', #6059 ) ;
#5750 = EDGE_CURVE ( 'NONE', #5844, #4496, #1902, .T. ) ;
#5751 = MECHANICAL_DESIGN_GEOMETRIC_PRESENTATION_REPRESENTATION (  '', ( #2051 ), #113 ) ;
#5752 = CARTESIAN_POINT ( 'NONE',  ( 0.3772657347156639362, 0.1724769451694482536, 0.0000000000000000000 ) ) ;
#5753 = EDGE_CURVE ( 'NONE', #4556, #4859, #2992, .T. ) ;
#5754 = ORIENTED_EDGE ( 'NONE', *, *, #6649, .T. ) ;
#5755 = FILL_AREA_STYLE ('',( #3523 ) ) ;
#5756 = VECTOR ( 'NONE', #3432, 1000.000000000000000 ) ;
#5757 = CARTESIAN_POINT ( 'NONE',  ( 1.010000000000001785, -0.4000000000000000222, 0.1799999999999999933 ) ) ;
#5758 = SURFACE_STYLE_USAGE ( .BOTH. , #3906 ) ;
#5759 = B_SPLINE_CURVE_WITH_KNOTS ( 'NONE', 3,
 ( #1306, #1796, #1269, #673, #1912 ),
 .UNSPECIFIED., .F., .F.,
 ( 4, 1, 4 ),
 ( 0.0000000000000000000, 0.4999999999999990008, 0.9999800763336874621 ),
 .UNSPECIFIED. ) ;
#5760 = ORIENTED_EDGE ( 'NONE', *, *, #5847, .F. ) ;
#5761 = DIRECTION ( 'NONE',  ( 1.000000000000000000, 0.0000000000000000000, 0.0000000000000000000 ) ) ;
#5762 = SURFACE_STYLE_USAGE ( .BOTH. , #3990 ) ;
#5763 = ORIENTED_EDGE ( 'NONE', *, *, #7088, .F. ) ;
#5764 = MECHANICAL_DESIGN_GEOMETRIC_PRESENTATION_REPRESENTATION (  '', ( #5634 ), #6017 ) ;
#5765 = SURFACE_STYLE_USAGE ( .BOTH. , #6333 ) ;
#5766 = AXIS2_PLACEMENT_3D ( 'NONE', #319, #1951, #4900 ) ;
#5767 = UNCERTAINTY_MEASURE_WITH_UNIT (LENGTH_MEASURE( 1.000000000000000082E-05 ), #2894, 'distance_accuracy_value', 'NONE');
#5768 = LINE ( 'NONE', #5810, #1743 ) ;
#5769 = FILL_AREA_STYLE ('',( #1309 ) ) ;
#5770 = EDGE_CURVE ( 'NONE', #7008, #6454, #6535, .T. ) ;
#5771 = ORIENTED_EDGE ( 'NONE', *, *, #5750, .F. ) ;
#5772 = EDGE_LOOP ( 'NONE', ( #6630, #1348 ) ) ;
#5773 = SURFACE_STYLE_USAGE ( .BOTH. , #3504 ) ;
#5774 =( GEOMETRIC_REPRESENTATION_CONTEXT ( 3 ) GLOBAL_UNCERTAINTY_ASSIGNED_CONTEXT ( ( #226 ) ) GLOBAL_UNIT_ASSIGNED_CONTEXT ( ( #2282, #1128, #62 ) ) REPRESENTATION_CONTEXT ( 'NONE', 'WORKASPACE' ) );
#5775 = EDGE_LOOP ( 'NONE', ( #4030, #4466, #6590, #6372 ) ) ;
#5776 = FILL_AREA_STYLE_COLOUR ( '', #6997 ) ;
#5777 = COLOUR_RGB ( '',1.000000000000000000, 1.000000000000000000, 1.000000000000000000 ) ;
#5778 = ORIENTED_EDGE ( 'NONE', *, *, #2059, .F. ) ;
#5779 = CARTESIAN_POINT ( 'NONE',  ( 0.7250000000000000888, 1.499999999999999778, 0.1799999999999999933 ) ) ;
#5780 = AXIS2_PLACEMENT_3D ( 'NONE', #2683, #4851, #3221 ) ;
#5781 = FILL_AREA_STYLE_COLOUR ( '', #5415 ) ;
#5782 = STYLED_ITEM ( 'NONE', ( #4823 ), #5600 ) ;
#5783 =( NAMED_UNIT ( * ) PLANE_ANGLE_UNIT ( ) SI_UNIT ( $, .RADIAN. ) );
#5784 = EDGE_CURVE ( 'NONE', #1199, #6355, #3065, .T. ) ;
#5785 = DIRECTION ( 'NONE',  ( 0.0000000000000000000, 0.0000000000000000000, -1.000000000000000000 ) ) ;
#5786 = CARTESIAN_POINT ( 'NONE',  ( -1.000000000000000000, 0.8750000000000000000, 0.1799999999999999378 ) ) ;
#5787 = SURFACE_STYLE_USAGE ( .BOTH. , #6880 ) ;
#5788 = VECTOR ( 'NONE', #5855, 1000.000000000000000 ) ;
#5789 = DIRECTION ( 'NONE',  ( -0.0000000000000000000, -1.000000000000000000, -0.0000000000000000000 ) ) ;
#5790 = FACE_OUTER_BOUND ( 'NONE', #7062, .T. ) ;
#5791 = VECTOR ( 'NONE', #6902, 1000.000000000000000 ) ;
#5792 = AXIS2_PLACEMENT_3D ( 'NONE', #1459, #3764, #6032 ) ;
#5793 = PRESENTATION_STYLE_ASSIGNMENT (( #1785 ) ) ;
#5794 =( NAMED_UNIT ( * ) SI_UNIT ( $, .STERADIAN. ) SOLID_ANGLE_UNIT ( ) );
#5795 =( LENGTH_UNIT ( ) NAMED_UNIT ( * ) SI_UNIT ( .MILLI., .METRE. ) );
#5796 = PLANE ( 'NONE',  #6045 ) ;
#5797 = MECHANICAL_DESIGN_GEOMETRIC_PRESENTATION_REPRESENTATION (  '', ( #3667 ), #1980 ) ;
#5798 = ORIENTED_EDGE ( 'NONE', *, *, #5104, .T. ) ;
#5799 = FILL_AREA_STYLE ('',( #3532 ) ) ;
#5800 = CARTESIAN_POINT ( 'NONE',  ( -0.01053914333311687518, 0.1724769451694477540, 0.0000000000000000000 ) ) ;
#5801 =( GEOMETRIC_REPRESENTATION_CONTEXT ( 3 ) GLOBAL_UNCERTAINTY_ASSIGNED_CONTEXT ( ( #1169 ) ) GLOBAL_UNIT_ASSIGNED_CONTEXT ( ( #2559, #5494, #329 ) ) REPRESENTATION_CONTEXT ( 'NONE', 'WORKASPACE' ) );
#5802 = ADVANCED_FACE ( 'NONE', ( #800 ), #1403, .T. ) ;
#5803 = VERTEX_POINT ( 'NONE', #6569 ) ;
#5804 = FILL_AREA_STYLE_COLOUR ( '', #5777 ) ;
#5805 = CARTESIAN_POINT ( 'NONE',  ( -0.3588318262599471398, 0.2705257256572541902, 0.0000000000000000000 ) ) ;
#5806 = LINE ( 'NONE', #166, #1914 ) ;
#5807 = LINE ( 'NONE', #96, #2673 ) ;
#5808 = STYLED_ITEM ( 'NONE', ( #4087 ), #3239 ) ;
#5809 =( LENGTH_UNIT ( ) NAMED_UNIT ( * ) SI_UNIT ( .MILLI., .METRE. ) );
#5810 = CARTESIAN_POINT ( 'NONE',  ( 1.010000000000000231, -0.6500000000000000222, 0.1799999999999999933 ) ) ;
#5811 = FACE_OUTER_BOUND ( 'NONE', #1646, .T. ) ;
#5812 = ORIENTED_EDGE ( 'NONE', *, *, #1889, .T. ) ;
#5813 = ORIENTED_EDGE ( 'NONE', *, *, #15, .T. ) ;
#5814 = VECTOR ( 'NONE', #7232, 1000.000000000000000 ) ;
#5815 =( NAMED_UNIT ( * ) SI_UNIT ( $, .STERADIAN. ) SOLID_ANGLE_UNIT ( ) );
#5816 = ADVANCED_FACE ( 'NONE', ( #2568 ), #7242, .T. ) ;
#5817 = ORIENTED_EDGE ( 'NONE', *, *, #5024, .T. ) ;
#5818 = CARTESIAN_POINT ( 'NONE',  ( -0.5000000000000000000, -0.6500000000000000222, 5.421010862427522170E-17 ) ) ;
#5819 = VECTOR ( 'NONE', #6868, 1000.000000000000000 ) ;
#5820 = LINE ( 'NONE', #683, #153 ) ;
#5821 = ORIENTED_EDGE ( 'NONE', *, *, #730, .F. ) ;
#5822 =( NAMED_UNIT ( * ) PLANE_ANGLE_UNIT ( ) SI_UNIT ( $, .RADIAN. ) );
#5823 =( GEOMETRIC_REPRESENTATION_CONTEXT ( 3 ) GLOBAL_UNCERTAINTY_ASSIGNED_CONTEXT ( ( #493 ) ) GLOBAL_UNIT_ASSIGNED_CONTEXT ( ( #6013, #4948, #1470 ) ) REPRESENTATION_CONTEXT ( 'NONE', 'WORKASPACE' ) );
#5824 = DIRECTION ( 'NONE',  ( 1.000000000000000000, 0.0000000000000000000, 0.0000000000000000000 ) ) ;
#5825 = CARTESIAN_POINT ( 'NONE',  ( -0.1825249747321087967, 0.2381628111509803136, 0.0000000000000000000 ) ) ;
#5826 = STYLED_ITEM ( 'NONE', ( #7305 ), #4867 ) ;
#5827 = B_SPLINE_CURVE_WITH_KNOTS ( 'NONE', 3,
 ( #5427, #3734, #6005, #3168, #291 ),
 .UNSPECIFIED., .F., .F.,
 ( 4, 1, 4 ),
 ( 0.0000000000000000000, 0.4999999999999995004, 1.000000000000000000 ),
 .UNSPECIFIED. ) ;
#5828 = B_SPLINE_CURVE_WITH_KNOTS ( 'NONE', 3,
 ( #614, #4631, #297, #3814, #3102, #2639, #2109 ),
 .UNSPECIFIED., .F., .F.,
 ( 4, 1, 1, 1, 4 ),
 ( 0.0000000000000000000, 0.2500000000000001110, 0.4999999999999996669, 0.7499999999999996669, 0.9999974999999997616 ),
 .UNSPECIFIED. ) ;
#5829 =( LENGTH_UNIT ( ) NAMED_UNIT ( * ) SI_UNIT ( .MILLI., .METRE. ) );
#5830 =( GEOMETRIC_REPRESENTATION_CONTEXT ( 3 ) GLOBAL_UNCERTAINTY_ASSIGNED_CONTEXT ( ( #6752 ) ) GLOBAL_UNIT_ASSIGNED_CONTEXT ( ( #5875, #2392, #4134 ) ) REPRESENTATION_CONTEXT ( 'NONE', 'WORKASPACE' ) );
#5831 = CARTESIAN_POINT ( 'NONE',  ( -0.1000000000000000611, 1.509999999999999787, 0.1799999999999999933 ) ) ;
#5832 = DIRECTION ( 'NONE',  ( 0.0000000000000000000, -0.0000000000000000000, -1.000000000000000000 ) ) ;
#5833 = VECTOR ( 'NONE', #565, 1000.000000000000000 ) ;
#5834 = ORIENTED_EDGE ( 'NONE', *, *, #6809, .T. ) ;
#5835 = DIRECTION ( 'NONE',  ( 0.0000000000000000000, 0.0000000000000000000, -1.000000000000000000 ) ) ;
#5836 = EDGE_LOOP ( 'NONE', ( #1168, #7124, #1846, #4621, #2462, #2112 ) ) ;
#5837 = EDGE_CURVE ( 'NONE', #6660, #5907, #6016, .T. ) ;
#5838 = CARTESIAN_POINT ( 'NONE',  ( -0.1000000000000000611, 1.499999999999999778, 0.1799999999999999933 ) ) ;
#5839 =( NAMED_UNIT ( * ) PLANE_ANGLE_UNIT ( ) SI_UNIT ( $, .RADIAN. ) );
#5840 = SURFACE_STYLE_FILL_AREA ( #2866 ) ;
#5841 = DIRECTION ( 'NONE',  ( 1.000000000000000000, 0.0000000000000000000, -0.0000000000000000000 ) ) ;
#5842 = FILL_AREA_STYLE_COLOUR ( '', #5047 ) ;
#5843 = EDGE_CURVE ( 'NONE', #3766, #4301, #1514, .T. ) ;
#5844 = VERTEX_POINT ( 'NONE', #7140 ) ;
#5845 = ORIENTED_EDGE ( 'NONE', *, *, #3069, .T. ) ;
#5846 = UNCERTAINTY_MEASURE_WITH_UNIT (LENGTH_MEASURE( 1.000000000000000082E-05 ), #6580, 'distance_accuracy_value', 'NONE');
#5847 = EDGE_CURVE ( 'NONE', #6745, #1428, #6127, .T. ) ;
#5848 =( NAMED_UNIT ( * ) PLANE_ANGLE_UNIT ( ) SI_UNIT ( $, .RADIAN. ) );
#5849 = VERTEX_POINT ( 'NONE', #3281 ) ;
#5850 = CARTESIAN_POINT ( 'NONE',  ( 0.0000000000000000000, 0.0000000000000000000, 0.0000000000000000000 ) ) ;
#5851 = DIRECTION ( 'NONE',  ( -0.0000000000000000000, 0.0000000000000000000, 1.000000000000000000 ) ) ;
#5852 = EDGE_LOOP ( 'NONE', ( #107, #3462, #3986, #5998 ) ) ;
#5853 = CARTESIAN_POINT ( 'NONE',  ( 0.4040950030083468869, 0.1505257256572531399, 0.0000000000000000000 ) ) ;
#5854 = CARTESIAN_POINT ( 'NONE',  ( -0.3007830457721423767, 0.3505257256572538727, 0.0000000000000000000 ) ) ;
#5855 = DIRECTION ( 'NONE',  ( -7.228014483236697048E-17, 1.000000000000000000, 0.0000000000000000000 ) ) ;
#5856 = FACE_OUTER_BOUND ( 'NONE', #5651, .T. ) ;
#5857 = CARTESIAN_POINT ( 'NONE',  ( -0.3101199360160445950, 0.3121110915109124306, 0.0000000000000000000 ) ) ;
#5858 = COLOUR_RGB ( '',1.000000000000000000, 1.000000000000000000, 1.000000000000000000 ) ;
#5859 = FACE_OUTER_BOUND ( 'NONE', #5954, .T. ) ;
#5860 = PLANE ( 'NONE',  #34 ) ;
#5861 = PRESENTATION_LAYER_ASSIGNMENT (  '', '', ( #6106 ) ) ;
#5862 = CARTESIAN_POINT ( 'NONE',  ( 0.0000000000000000000, 0.1505257256572542224, 0.01000000000000000021 ) ) ;
#5863 = CARTESIAN_POINT ( 'NONE',  ( -0.2639880195344035951, 0.1785743394783919358, 0.0000000000000000000 ) ) ;
#5864 = EDGE_CURVE ( 'NONE', #4722, #6074, #948, .T. ) ;
#5865 = CARTESIAN_POINT ( 'NONE',  ( -0.3133211555282396366, 0.3261354817548147711, 0.0000000000000000000 ) ) ;
#5866 = PRESENTATION_STYLE_ASSIGNMENT (( #7000 ) ) ;
#5867 = LINE ( 'NONE', #5987, #5674 ) ;
#5868 = ORIENTED_EDGE ( 'NONE', *, *, #7029, .F. ) ;
#5869 =( LENGTH_UNIT ( ) NAMED_UNIT ( * ) SI_UNIT ( .MILLI., .METRE. ) );
#5870 = COLOUR_RGB ( '',0.7529411764705882248, 0.7529411764705882248, 0.7529411764705882248 ) ;
#5871 = CARTESIAN_POINT ( 'NONE',  ( -0.1783420192627839795, 0.2767418749032752867, 0.01000000000000000021 ) ) ;
#5872 = ORIENTED_EDGE ( 'NONE', *, *, #1989, .T. ) ;
#5873 = CARTESIAN_POINT ( 'NONE',  ( 0.1358023200815176856, 0.1718670035749541303, 0.0000000000000000000 ) ) ;
#5874 = ADVANCED_FACE ( 'NONE', ( #5435 ), #2835, .T. ) ;
#5875 =( LENGTH_UNIT ( ) NAMED_UNIT ( * ) SI_UNIT ( .MILLI., .METRE. ) );
#5876 = DIRECTION ( 'NONE',  ( 0.0000000000000000000, 1.000000000000000000, 0.0000000000000000000 ) ) ;
#5877 = FACE_OUTER_BOUND ( 'NONE', #4578, .T. ) ;
#5878 = PLANE ( 'NONE',  #6404 ) ;
#5879 = DIRECTION ( 'NONE',  ( -6.938893903907229955E-15, 1.000000000000000000, 0.0000000000000000000 ) ) ;
#5880 = ORIENTED_EDGE ( 'NONE', *, *, #1430, .F. ) ;
#5881 = ORIENTED_EDGE ( 'NONE', *, *, #719, .T. ) ;
#5882 =( NAMED_UNIT ( * ) SI_UNIT ( $, .STERADIAN. ) SOLID_ANGLE_UNIT ( ) );
#5883 = CARTESIAN_POINT ( 'NONE',  ( 0.2067335312844939266, 0.3242011177713132186, 0.0000000000000000000 ) ) ;
#5884 = PRESENTATION_LAYER_ASSIGNMENT (  '', '', ( #3751 ) ) ;
#5885 = ORIENTED_EDGE ( 'NONE', *, *, #5405, .T. ) ;
#5886 = FILL_AREA_STYLE_COLOUR ( '', #6178 ) ;
#5887 = FILL_AREA_STYLE ('',( #7128 ) ) ;
#5888 = ORIENTED_EDGE ( 'NONE', *, *, #2883, .F. ) ;
#5889 = LINE ( 'NONE', #3060, #4387 ) ;
#5890 =( GEOMETRIC_REPRESENTATION_CONTEXT ( 3 ) GLOBAL_UNCERTAINTY_ASSIGNED_CONTEXT ( ( #6785 ) ) GLOBAL_UNIT_ASSIGNED_CONTEXT ( ( #5357, #3819, #2081 ) ) REPRESENTATION_CONTEXT ( 'NONE', 'WORKASPACE' ) );
#5891 = LINE ( 'NONE', #108, #2410 ) ;
#5892 = COLOUR_RGB ( '',0.7529411764705882248, 0.7529411764705882248, 0.7529411764705882248 ) ;
#5893 = CARTESIAN_POINT ( 'NONE',  ( 0.0000000000000000000, -1.125000000000000222, 0.0000000000000000000 ) ) ;
#5894 = MECHANICAL_DESIGN_GEOMETRIC_PRESENTATION_REPRESENTATION (  '', ( #6019 ), #984 ) ;
#5895 =( LENGTH_UNIT ( ) NAMED_UNIT ( * ) SI_UNIT ( .MILLI., .METRE. ) );
#5896 = FILL_AREA_STYLE_COLOUR ( '', #517 ) ;
#5897 = MECHANICAL_DESIGN_GEOMETRIC_PRESENTATION_REPRESENTATION (  '', ( #1706 ), #510 ) ;
#5898 = CARTESIAN_POINT ( 'NONE',  ( 0.0000000000000000000, 0.0000000000000000000, 0.1799999999999999933 ) ) ;
#5899 = UNCERTAINTY_MEASURE_WITH_UNIT (LENGTH_MEASURE( 1.000000000000000082E-05 ), #1588, 'distance_accuracy_value', 'NONE');
#5900 =( GEOMETRIC_REPRESENTATION_CONTEXT ( 3 ) GLOBAL_UNCERTAINTY_ASSIGNED_CONTEXT ( ( #188 ) ) GLOBAL_UNIT_ASSIGNED_CONTEXT ( ( #5367, #1298, #4237 ) ) REPRESENTATION_CONTEXT ( 'NONE', 'WORKASPACE' ) );
#5901 = SURFACE_STYLE_FILL_AREA ( #4123 ) ;
#5902 = FILL_AREA_STYLE ('',( #5296 ) ) ;
#5903 = LINE ( 'NONE', #1331, #3253 ) ;
#5904 = CARTESIAN_POINT ( 'NONE',  ( -0.2083268316941400133, 0.2344400389513321969, 0.0000000000000000000 ) ) ;
#5905 = STYLED_ITEM ( 'NONE', ( #4399 ), #2904 ) ;
#5906 = FILL_AREA_STYLE ('',( #6861 ) ) ;
#5907 = VERTEX_POINT ( 'NONE', #3130 ) ;
#5908 =( NAMED_UNIT ( * ) PLANE_ANGLE_UNIT ( ) SI_UNIT ( $, .RADIAN. ) );
#5909 = SURFACE_STYLE_FILL_AREA ( #6547 ) ;
#5910 = ORIENTED_EDGE ( 'NONE', *, *, #174, .T. ) ;
#5911 = AXIS2_PLACEMENT_3D ( 'NONE', #4555, #4992, #3965 ) ;
#5912 =( NAMED_UNIT ( * ) PLANE_ANGLE_UNIT ( ) SI_UNIT ( $, .RADIAN. ) );
#5913 = LINE ( 'NONE', #7345, #4323 ) ;
#5914 =( NAMED_UNIT ( * ) PLANE_ANGLE_UNIT ( ) SI_UNIT ( $, .RADIAN. ) );
#5915 = VECTOR ( 'NONE', #1451, 1000.000000000000000 ) ;
#5916 = STYLED_ITEM ( 'NONE', ( #5093 ), #7411 ) ;
#5917 = AXIS2_PLACEMENT_3D ( 'NONE', #1558, #2768, #315 ) ;
#5918 =( LENGTH_UNIT ( ) NAMED_UNIT ( * ) SI_UNIT ( .MILLI., .METRE. ) );
#5919 = CARTESIAN_POINT ( 'NONE',  ( -0.3750000000000000000, -1.509999999999999787, 0.1799999999999999933 ) ) ;
#5920 = ORIENTED_EDGE ( 'NONE', *, *, #2369, .T. ) ;
#5921 = ORIENTED_EDGE ( 'NONE', *, *, #4153, .T. ) ;
#5922 = VECTOR ( 'NONE', #4217, 1000.000000000000000 ) ;
#5923 = FILL_AREA_STYLE_COLOUR ( '', #2013 ) ;
#5924 = DIRECTION ( 'NONE',  ( -0.0000000000000000000, 0.0000000000000000000, 1.000000000000000000 ) ) ;
#5925 = ORIENTED_EDGE ( 'NONE', *, *, #3564, .T. ) ;
#5926 = ORIENTED_EDGE ( 'NONE', *, *, #5508, .F. ) ;
#5927 = DIRECTION ( 'NONE',  ( 0.0000000000000000000, 1.000000000000000000, -0.0000000000000000000 ) ) ;
#5928 = ORIENTED_EDGE ( 'NONE', *, *, #1730, .F. ) ;
#5929 = LINE ( 'NONE', #296, #3559 ) ;
#5930 =( NAMED_UNIT ( * ) SI_UNIT ( $, .STERADIAN. ) SOLID_ANGLE_UNIT ( ) );
#5931 = COLOUR_RGB ( '',0.7529411764705882248, 0.7529411764705882248, 0.7529411764705882248 ) ;
#5932 = DIRECTION ( 'NONE',  ( -1.000000000000000000, -0.0000000000000000000, -0.0000000000000000000 ) ) ;
#5933 = FILL_AREA_STYLE ('',( #1400 ) ) ;
#5934 = CARTESIAN_POINT ( 'NONE',  ( -0.3129042509149978502, 0.3234749090276954342, 0.0000000000000000000 ) ) ;
#5935 = CARTESIAN_POINT ( 'NONE',  ( 0.0000000000000000000, 0.0000000000000000000, -0.02000000000000000042 ) ) ;
#5936 = EDGE_CURVE ( 'NONE', #1136, #1005, #4794, .T. ) ;
#5937 = CARTESIAN_POINT ( 'NONE',  ( 0.2829508217750151267, 0.2296513224857172908, 0.01000000000000000021 ) ) ;
#5938 = AXIS2_PLACEMENT_3D ( 'NONE', #689, #5471, #2565 ) ;
#5939 = SURFACE_SIDE_STYLE ('',( #727 ) ) ;
#5940 = EDGE_CURVE ( 'NONE', #439, #7270, #2668, .T. ) ;
#5941 = CARTESIAN_POINT ( 'NONE',  ( -0.1000000000000000611, 0.9999999999999997780, 0.1799999999999999933 ) ) ;
#5942 = EDGE_CURVE ( 'NONE', #3172, #7047, #1532, .T. ) ;
#5943 = EDGE_CURVE ( 'NONE', #6452, #3782, #4940, .T. ) ;
#5944 = UNCERTAINTY_MEASURE_WITH_UNIT (LENGTH_MEASURE( 1.000000000000000082E-05 ), #334, 'distance_accuracy_value', 'NONE');
#5945 = STYLED_ITEM ( 'NONE', ( #1305 ), #4921 ) ;
#5946 = DIRECTION ( 'NONE',  ( 0.0000000000000000000, 1.000000000000000000, 0.0000000000000000000 ) ) ;
#5947 = LINE ( 'NONE', #835, #3015 ) ;
#5948 = CARTESIAN_POINT ( 'NONE',  ( -0.07639280186970257014, 0.3285745061450575100, 0.0000000000000000000 ) ) ;
#5949 = CARTESIAN_POINT ( 'NONE',  ( -0.1039461555282393951, 0.1505257256572529179, 0.01000000000000000021 ) ) ;
#5950 = B_SPLINE_CURVE_WITH_KNOTS ( 'NONE', 3,
 ( #5062, #7313, #2711, #3435, #2830 ),
 .UNSPECIFIED., .F., .F.,
 ( 4, 1, 4 ),
 ( 0.0000000000000000000, 0.4456072668541568027, 0.9999954384819212949 ),
 .UNSPECIFIED. ) ;
#5951 = PRESENTATION_LAYER_ASSIGNMENT (  '', '', ( #574 ) ) ;
#5952 = CARTESIAN_POINT ( 'NONE',  ( -0.1191039747688101974, 0.1737587268226391812, 0.009999999999999998473 ) ) ;
#5953 = VECTOR ( 'NONE', #6021, 1000.000000000000000 ) ;
#5954 = EDGE_LOOP ( 'NONE', ( #453, #5337, #4874, #7349 ) ) ;
#5955 = FACE_OUTER_BOUND ( 'NONE', #7262, .T. ) ;
#5956 = DIRECTION ( 'NONE',  ( 2.168404344971008868E-16, -1.000000000000000000, 0.0000000000000000000 ) ) ;
#5957 = ORIENTED_EDGE ( 'NONE', *, *, #5639, .F. ) ;
#5958 = CARTESIAN_POINT ( 'NONE',  ( -0.2802799969916542344, 0.2285745061450586424, 0.0000000000000000000 ) ) ;
#5959 = STYLED_ITEM ( 'NONE', ( #6325 ), #5249 ) ;
#5960 = PRESENTATION_STYLE_ASSIGNMENT (( #3645 ) ) ;
#5961 = STYLED_ITEM ( 'NONE', ( #1544 ), #959 ) ;
#5962 = VERTEX_POINT ( 'NONE', #4837 ) ;
#5963 = ORIENTED_EDGE ( 'NONE', *, *, #7296, .T. ) ;
#5964 = DIRECTION ( 'NONE',  ( -1.000000000000000000, 0.0000000000000000000, 0.0000000000000000000 ) ) ;
#5965 = EDGE_CURVE ( 'NONE', #1866, #5165, #7126, .T. ) ;
#5966 = ORIENTED_EDGE ( 'NONE', *, *, #4640, .F. ) ;
#5967 = ORIENTED_EDGE ( 'NONE', *, *, #4477, .F. ) ;
#5968 = CARTESIAN_POINT ( 'NONE',  ( 0.7250000000000000888, 1.125000000000000222, 0.1799999999999999933 ) ) ;
#5969 = EDGE_CURVE ( 'NONE', #2216, #3172, #5493, .T. ) ;
#5970 = DIRECTION ( 'NONE',  ( 0.0000000000000000000, -0.0000000000000000000, -1.000000000000000000 ) ) ;
#5971 = ORIENTED_EDGE ( 'NONE', *, *, #1963, .T. ) ;
#5972 = SURFACE_SIDE_STYLE ('',( #4306 ) ) ;
#5973 = CARTESIAN_POINT ( 'NONE',  ( 0.7250000000000001998, 1.499999999999999778, 0.0000000000000000000 ) ) ;
#5974 = SURFACE_STYLE_USAGE ( .BOTH. , #3710 ) ;
#5975 = LINE ( 'NONE', #3138, #5513 ) ;
#5976 = FILL_AREA_STYLE_COLOUR ( '', #4128 ) ;
#5977 = CARTESIAN_POINT ( 'NONE',  ( 1.000000000000000444, -1.500000000000000222, 0.9499999999999999556 ) ) ;
#5978 = ADVANCED_FACE ( 'NONE', ( #4257 ), #2556, .T. ) ;
#5979 = FILL_AREA_STYLE_COLOUR ( '', #1863 ) ;
#5980 = PRESENTATION_STYLE_ASSIGNMENT (( #6681 ) ) ;
#5981 = VECTOR ( 'NONE', #3496, 1000.000000000000000 ) ;
#5982 =( LENGTH_UNIT ( ) NAMED_UNIT ( * ) SI_UNIT ( .MILLI., .METRE. ) );
#5983 = CARTESIAN_POINT ( 'NONE',  ( -0.2544415823575082447, 0.1505257256572536395, 0.0000000000000000000 ) ) ;
#5984 = EDGE_CURVE ( 'NONE', #6464, #1159, #5827, .T. ) ;
#5985 = CARTESIAN_POINT ( 'NONE',  ( -0.3763928018697035305, 0.1505257256572542224, 0.0000000000000000000 ) ) ;
#5986 = DIRECTION ( 'NONE',  ( 0.0000000000000000000, 0.0000000000000000000, -1.000000000000000000 ) ) ;
#5987 = CARTESIAN_POINT ( 'NONE',  ( -0.1000000000000000611, 0.0000000000000000000, 0.0000000000000000000 ) ) ;
#5988 = EDGE_LOOP ( 'NONE', ( #1570, #2737, #2357, #6150 ) ) ;
#5989 = DIRECTION ( 'NONE',  ( 1.000000000000000000, 0.0000000000000000000, 0.0000000000000000000 ) ) ;
#5990 = VECTOR ( 'NONE', #2420, 1000.000000000000000 ) ;
#5991 = CARTESIAN_POINT ( 'NONE',  ( -0.3730199682105042047, 0.1598756524865225237, 0.0000000000000000000 ) ) ;
#5992 = CARTESIAN_POINT ( 'NONE',  ( -0.9999999999999995559, -1.500000000000000222, 0.0000000000000000000 ) ) ;
#5993 = FILL_AREA_STYLE_COLOUR ( '', #3039 ) ;
#5994 = CARTESIAN_POINT ( 'NONE',  ( -0.6889616749826644737, 1.255826654187992331, 0.9499999999999999556 ) ) ;
#5995 =( NAMED_UNIT ( * ) SI_UNIT ( $, .STERADIAN. ) SOLID_ANGLE_UNIT ( ) );
#5996 = SURFACE_STYLE_FILL_AREA ( #281 ) ;
#5997 = EDGE_LOOP ( 'NONE', ( #3424, #390, #5754, #3304, #2443, #6084 ) ) ;
#5998 = ORIENTED_EDGE ( 'NONE', *, *, #883, .F. ) ;
#5999 = STYLED_ITEM ( 'NONE', ( #3146 ), #3440 ) ;
#6000 = CARTESIAN_POINT ( 'NONE',  ( -0.1000000000000000611, -0.9999999999999997780, -0.02000000000000000042 ) ) ;
#6001 = LINE ( 'NONE', #1392, #4219 ) ;
#6002 = ORIENTED_EDGE ( 'NONE', *, *, #3114, .F. ) ;
#6003 = B_SPLINE_CURVE_WITH_KNOTS ( 'NONE', 3,
 ( #2206, #4429, #6670, #1129, #1084 ),
 .UNSPECIFIED., .F., .F.,
 ( 4, 1, 4 ),
 ( 0.0000000000000000000, 0.5000000000000002220, 1.000000000000000000 ),
 .UNSPECIFIED. ) ;
#6004 = EDGE_LOOP ( 'NONE', ( #1435, #6267, #4392, #2987 ) ) ;
#6005 = CARTESIAN_POINT ( 'NONE',  ( -0.2951999665038492759, 0.2703427988279855643, 0.01000000000000000021 ) ) ;
#6006 = SURFACE_SIDE_STYLE ('',( #3736 ) ) ;
#6007 =( LENGTH_UNIT ( ) NAMED_UNIT ( * ) SI_UNIT ( .MILLI., .METRE. ) );
#6008 = VECTOR ( 'NONE', #652, 1000.000000000000114 ) ;
#6009 = ORIENTED_EDGE ( 'NONE', *, *, #4789, .F. ) ;
#6010 = SURFACE_SIDE_STYLE ('',( #2638 ) ) ;
#6011 = FILL_AREA_STYLE_COLOUR ( '', #4797 ) ;
#6012 = VECTOR ( 'NONE', #3235, 1000.000000000000000 ) ;
#6013 =( LENGTH_UNIT ( ) NAMED_UNIT ( * ) SI_UNIT ( .MILLI., .METRE. ) );
#6014 = VERTEX_POINT ( 'NONE', #4875 ) ;
#6015 =( LENGTH_UNIT ( ) NAMED_UNIT ( * ) SI_UNIT ( .MILLI., .METRE. ) );
#6016 = LINE ( 'NONE', #4340, #2919 ) ;
#6017 =( GEOMETRIC_REPRESENTATION_CONTEXT ( 3 ) GLOBAL_UNCERTAINTY_ASSIGNED_CONTEXT ( ( #5656 ) ) GLOBAL_UNIT_ASSIGNED_CONTEXT ( ( #7282, #4438, #5027 ) ) REPRESENTATION_CONTEXT ( 'NONE', 'WORKASPACE' ) );
#6018 = CARTESIAN_POINT ( 'NONE',  ( -0.4500000000000000111, 0.6000000000000000888, -0.02000000000000000042 ) ) ;
#6019 = STYLED_ITEM ( 'NONE', ( #3752 ), #5306 ) ;
#6020 = EDGE_CURVE ( 'NONE', #3572, #347, #7164, .T. ) ;
#6021 = DIRECTION ( 'NONE',  ( 0.0000000000000000000, 0.0000000000000000000, -1.000000000000000000 ) ) ;
#6022 = COLOUR_RGB ( '',1.000000000000000000, 1.000000000000000000, 1.000000000000000000 ) ;
#6023 = PLANE ( 'NONE',  #1851 ) ;
#6024 = STYLED_ITEM ( 'NONE', ( #1229 ), #5526 ) ;
#6025 = DIRECTION ( 'NONE',  ( -0.0000000000000000000, 0.0000000000000000000, 1.000000000000000000 ) ) ;
#6026 = VERTEX_POINT ( 'NONE', #902 ) ;
#6027 = CARTESIAN_POINT ( 'NONE',  ( -0.2544415823575082447, 0.1505257256572536395, 0.0000000000000000000 ) ) ;
#6028 = DIRECTION ( 'NONE',  ( 0.0000000000000000000, -0.0000000000000000000, -1.000000000000000000 ) ) ;
#6029 = DIRECTION ( 'NONE',  ( 0.0000000000000000000, 0.0000000000000000000, 1.000000000000000000 ) ) ;
#6030 = EDGE_CURVE ( 'NONE', #2291, #1149, #3206, .T. ) ;
#6031 = PRESENTATION_LAYER_ASSIGNMENT (  '', '', ( #1842 ) ) ;
#6032 = DIRECTION ( 'NONE',  ( 1.000000000000000000, 0.0000000000000000000, 0.0000000000000000000 ) ) ;
#6033 =( NAMED_UNIT ( * ) SI_UNIT ( $, .STERADIAN. ) SOLID_ANGLE_UNIT ( ) );
#6034 = ORIENTED_EDGE ( 'NONE', *, *, #4153, .F. ) ;
#6035 = VERTEX_POINT ( 'NONE', #5434 ) ;
#6036 =( NAMED_UNIT ( * ) PLANE_ANGLE_UNIT ( ) SI_UNIT ( $, .RADIAN. ) );
#6037 = VECTOR ( 'NONE', #3506, 1000.000000000000000 ) ;
#6038 = CARTESIAN_POINT ( 'NONE',  ( -0.3750000000000000000, 1.074999999999999956, -0.02000000000000000042 ) ) ;
#6039 = EDGE_CURVE ( 'NONE', #1734, #1512, #7103, .T. ) ;
#6040 = ORIENTED_EDGE ( 'NONE', *, *, #3952, .F. ) ;
#6041 = ORIENTED_EDGE ( 'NONE', *, *, #7196, .T. ) ;
#6042 = DIRECTION ( 'NONE',  ( -7.228014483236697048E-17, 1.000000000000000000, 0.0000000000000000000 ) ) ;
#6043 = DIRECTION ( 'NONE',  ( 1.000000000000000000, 0.0000000000000000000, 0.0000000000000000000 ) ) ;
#6044 = ORIENTED_EDGE ( 'NONE', *, *, #4111, .T. ) ;
#6045 = AXIS2_PLACEMENT_3D ( 'NONE', #876, #6095, #5986 ) ;
#6046 = DIRECTION ( 'NONE',  ( 6.938893903907229955E-15, 1.000000000000000000, -0.0000000000000000000 ) ) ;
#6047 = EDGE_CURVE ( 'NONE', #5382, #326, #2016, .T. ) ;
#6048 = DIRECTION ( 'NONE',  ( -1.000000000000000000, 0.0000000000000000000, 0.0000000000000000000 ) ) ;
#6049 = ORIENTED_EDGE ( 'NONE', *, *, #962, .T. ) ;
#6050 = B_SPLINE_SURFACE_WITH_KNOTS ( 'NONE', 3, 1, ( 
 ( #2211, #6120 ),
 ( #6194, #531 ),
 ( #6231, #3319 ),
 ( #1574, #5536 ),
 ( #7278, #2142 ) ),
 .UNSPECIFIED., .F., .F., .F.,
 ( 4, 1, 4 ),
 ( 2, 2 ),
 ( 0.0000000000000000000, 0.5599897713734703908, 0.9999999999999998890 ),
 ( 0.0000000000000000000, 1.000000000000000000 ),
 .UNSPECIFIED. ) ;
#6051 = MECHANICAL_DESIGN_GEOMETRIC_PRESENTATION_REPRESENTATION (  '', ( #5676 ), #1983 ) ;
#6052 = DIRECTION ( 'NONE',  ( 1.000000000000000000, 0.0000000000000000000, -0.0000000000000000000 ) ) ;
#6053 = DIRECTION ( 'NONE',  ( -1.000000000000000000, 0.0000000000000000000, -0.0000000000000000000 ) ) ;
#6054 = CARTESIAN_POINT ( 'NONE',  ( 0.1908328078863958666, 0.1480867012670087912, 0.0000000000000000000 ) ) ;
#6055 = VECTOR ( 'NONE', #1056, 1000.000000000000000 ) ;
#6056 = UNCERTAINTY_MEASURE_WITH_UNIT (LENGTH_MEASURE( 1.000000000000000082E-05 ), #6739, 'distance_accuracy_value', 'NONE');
#6057 = SURFACE_SIDE_STYLE ('',( #1368 ) ) ;
#6058 = CARTESIAN_POINT ( 'NONE',  ( -0.1000000000000000472, 1.499999999999999778, 0.9499999999999999556 ) ) ;
#6059 = COLOUR_RGB ( '',0.7529411764705882248, 0.7529411764705882248, 0.7529411764705882248 ) ;
#6060 = UNCERTAINTY_MEASURE_WITH_UNIT (LENGTH_MEASURE( 1.000000000000000082E-05 ), #1099, 'distance_accuracy_value', 'NONE');
#6061 = PRODUCT_DEFINITION_FORMATION_WITH_SPECIFIED_SOURCE ( '任何', '', #1080, .NOT_KNOWN. ) ;
#6062 = EDGE_CURVE ( 'NONE', #4792, #4110, #3711, .T. ) ;
#6063 = CARTESIAN_POINT ( 'NONE',  ( -0.3129042509149978502, 0.3234749090276954342, 0.0000000000000000000 ) ) ;
#6064 = PRESENTATION_STYLE_ASSIGNMENT (( #1482 ) ) ;
#6065 = SURFACE_STYLE_FILL_AREA ( #2579 ) ;
#6066 = ORIENTED_EDGE ( 'NONE', *, *, #5230, .T. ) ;
#6067 = SURFACE_STYLE_USAGE ( .BOTH. , #3334 ) ;
#6068 = STYLED_ITEM ( 'NONE', ( #4307 ), #4434 ) ;
#6069 = SURFACE_SIDE_STYLE ('',( #4967 ) ) ;
#6070 = LINE ( 'NONE', #5372, #5652 ) ;
#6071 = LINE ( 'NONE', #3339, #4870 ) ;
#6072 = PLANE ( 'NONE',  #6881 ) ;
#6073 = ORIENTED_EDGE ( 'NONE', *, *, #6083, .T. ) ;
#6074 = VERTEX_POINT ( 'NONE', #2114 ) ;
#6075 =( LENGTH_UNIT ( ) NAMED_UNIT ( * ) SI_UNIT ( .MILLI., .METRE. ) );
#6076 = MECHANICAL_DESIGN_GEOMETRIC_PRESENTATION_REPRESENTATION (  '', ( #2241 ), #7036 ) ;
#6077 = FILL_AREA_STYLE ('',( #4423 ) ) ;
#6078 =( GEOMETRIC_REPRESENTATION_CONTEXT ( 3 ) GLOBAL_UNCERTAINTY_ASSIGNED_CONTEXT ( ( #1936 ) ) GLOBAL_UNIT_ASSIGNED_CONTEXT ( ( #3827, #5444, #920 ) ) REPRESENTATION_CONTEXT ( 'NONE', 'WORKASPACE' ) );
#6079 = ORIENTED_EDGE ( 'NONE', *, *, #406, .F. ) ;
#6080 = ORIENTED_EDGE ( 'NONE', *, *, #2852, .F. ) ;
#6081 = CARTESIAN_POINT ( 'NONE',  ( 1.010000000000000009, -0.1000000000000000056, 0.1799999999999999933 ) ) ;
#6082 = CARTESIAN_POINT ( 'NONE',  ( -0.3133211555282396366, 0.3261354817548147711, 0.0000000000000000000 ) ) ;
#6083 = EDGE_CURVE ( 'NONE', #4328, #3651, #5975, .T. ) ;
#6084 = ORIENTED_EDGE ( 'NONE', *, *, #1726, .F. ) ;
#6085 =( LENGTH_UNIT ( ) NAMED_UNIT ( * ) SI_UNIT ( .MILLI., .METRE. ) );
#6086 = PRESENTATION_STYLE_ASSIGNMENT (( #1509 ) ) ;
#6087 = EDGE_CURVE ( 'NONE', #4722, #3766, #6603, .T. ) ;
#6088 = SURFACE_SIDE_STYLE ('',( #1437 ) ) ;
#6089 = ORIENTED_EDGE ( 'NONE', *, *, #1001, .T. ) ;
#6090 = FACE_OUTER_BOUND ( 'NONE', #993, .T. ) ;
#6091 = CARTESIAN_POINT ( 'NONE',  ( 1.000000000000000444, -1.124999999999999556, 0.9499999999999999556 ) ) ;
#6092 = CARTESIAN_POINT ( 'NONE',  ( -0.5000000000000000000, 0.6500000000000000222, 0.1799999999999999933 ) ) ;
#6093 = DIRECTION ( 'NONE',  ( -0.0000000000000000000, 0.0000000000000000000, 1.000000000000000000 ) ) ;
#6094 = DIRECTION ( 'NONE',  ( 0.0000000000000000000, 0.0000000000000000000, -1.000000000000000000 ) ) ;
#6095 = DIRECTION ( 'NONE',  ( 1.000000000000000000, -0.0000000000000000000, 0.0000000000000000000 ) ) ;
#6096 = EDGE_CURVE ( 'NONE', #439, #6452, #3818, .T. ) ;
#6097 = FILL_AREA_STYLE_COLOUR ( '', #4814 ) ;
#6098 = COLOUR_RGB ( '',1.000000000000000000, 1.000000000000000000, 1.000000000000000000 ) ;
#6099 = ORIENTED_EDGE ( 'NONE', *, *, #6573, .F. ) ;
#6100 = CARTESIAN_POINT ( 'NONE',  ( -0.1000000000000000611, 1.509999999999999787, -0.02000000000000000042 ) ) ;
#6101 = PLANE ( 'NONE',  #189 ) ;
#6102 = LINE ( 'NONE', #4898, #4299 ) ;
#6103 = CARTESIAN_POINT ( 'NONE',  ( -0.7250000000000000888, 1.125000000000000222, 0.1799999999999999933 ) ) ;
#6104 = FILL_AREA_STYLE_COLOUR ( '', #3865 ) ;
#6105 = ORIENTED_EDGE ( 'NONE', *, *, #84, .T. ) ;
#6106 = STYLED_ITEM ( 'NONE', ( #1336 ), #137 ) ;
#6107 = ORIENTED_EDGE ( 'NONE', *, *, #6924, .F. ) ;
#6108 = B_SPLINE_SURFACE_WITH_KNOTS ( 'NONE', 3, 1, ( 
 ( #3779, #7063 ),
 ( #3212, #3245 ),
 ( #5469, #1508 ),
 ( #5497, #2486 ),
 ( #4766, #1928 ),
 ( #4221, #4546 ),
 ( #363, #1087 ),
 ( #3845, #3389 ),
 ( #6117, #2253 ) ),
 .UNSPECIFIED., .F., .F., .F.,
 ( 4, 1, 1, 1, 1, 1, 4 ),
 ( 2, 2 ),
 ( 0.0000000000000000000, 0.08333333333333325932, 0.1666666666666667407, 0.2500000000000000000, 0.3333333333333333703, 0.4166666666666668517, 0.5000000000000000000 ),
 ( 0.0000000000000000000, 1.000000000000000000 ),
 .UNSPECIFIED. ) ;
#6109 = LINE ( 'NONE', #7384, #2965 ) ;
#6110 = EDGE_CURVE ( 'NONE', #6074, #5211, #5502, .T. ) ;
#6111 =( LENGTH_UNIT ( ) NAMED_UNIT ( * ) SI_UNIT ( .MILLI., .METRE. ) );
#6112 = ORIENTED_EDGE ( 'NONE', *, *, #2435, .T. ) ;
#6113 = FILL_AREA_STYLE ('',( #210 ) ) ;
#6114 = CARTESIAN_POINT ( 'NONE',  ( 0.09999999999999995004, -0.9999999999999997780, -0.02000000000000000042 ) ) ;
#6115 = SURFACE_STYLE_FILL_AREA ( #3843 ) ;
#6116 = ORIENTED_EDGE ( 'NONE', *, *, #324, .T. ) ;
#6117 = CARTESIAN_POINT ( 'NONE',  ( -0.9009172689124349542, 1.129698944080103962, 0.9399999999999998357 ) ) ;
#6118 = LINE ( 'NONE', #1088, #2532 ) ;
#6119 = MECHANICAL_DESIGN_GEOMETRIC_PRESENTATION_REPRESENTATION (  '', ( #1327 ), #5625 ) ;
#6120 = CARTESIAN_POINT ( 'NONE',  ( 0.1871361615449324001, 0.1700379207792039049, 0.01000000000000000021 ) ) ;
#6121 = DIRECTION ( 'NONE',  ( 0.3635424856527084136, 0.9315776194850595715, 0.0000000000000000000 ) ) ;
#6122 = DIRECTION ( 'NONE',  ( 1.000000000000000000, 1.481742969063536821E-14, 0.0000000000000000000 ) ) ;
#6123 = ORIENTED_EDGE ( 'NONE', *, *, #1052, .F. ) ;
#6124 = VECTOR ( 'NONE', #2747, 1000.000000000000000 ) ;
#6125 =( NAMED_UNIT ( * ) SI_UNIT ( $, .STERADIAN. ) SOLID_ANGLE_UNIT ( ) );
#6126 = DIRECTION ( 'NONE',  ( -0.0000000000000000000, 0.0000000000000000000, 1.000000000000000000 ) ) ;
#6127 = LINE ( 'NONE', #6091, #624 ) ;
#6128 = DIRECTION ( 'NONE',  ( 0.0000000000000000000, -0.0000000000000000000, -1.000000000000000000 ) ) ;
#6129 = UNCERTAINTY_MEASURE_WITH_UNIT (LENGTH_MEASURE( 1.000000000000000082E-05 ), #2251, 'distance_accuracy_value', 'NONE');
#6130 = ADVANCED_FACE ( 'NONE', ( #6090 ), #4952, .F. ) ;
#6131 =( NAMED_UNIT ( * ) SI_UNIT ( $, .STERADIAN. ) SOLID_ANGLE_UNIT ( ) );
#6132 = PRODUCT_RELATED_PRODUCT_CATEGORY ( 'part', '', ( #1080 ) ) ;
#6133 = PRESENTATION_LAYER_ASSIGNMENT (  '', '', ( #2296 ) ) ;
#6134 = SURFACE_STYLE_USAGE ( .BOTH. , #2523 ) ;
#6135 =( GEOMETRIC_REPRESENTATION_CONTEXT ( 3 ) GLOBAL_UNCERTAINTY_ASSIGNED_CONTEXT ( ( #1092 ) ) GLOBAL_UNIT_ASSIGNED_CONTEXT ( ( #1252, #221, #4670 ) ) REPRESENTATION_CONTEXT ( 'NONE', 'WORKASPACE' ) );
#6136 = DIRECTION ( 'NONE',  ( 1.000000000000000000, 0.0000000000000000000, 0.0000000000000000000 ) ) ;
#6137 = ORIENTED_EDGE ( 'NONE', *, *, #5366, .T. ) ;
#6138 = DIRECTION ( 'NONE',  ( 0.0000000000000000000, -1.000000000000000000, -0.0000000000000000000 ) ) ;
#6139 = DIRECTION ( 'NONE',  ( 0.0000000000000000000, 0.0000000000000000000, 1.000000000000000000 ) ) ;
#6140 = VECTOR ( 'NONE', #2653, 1000.000000000000000 ) ;
#6141 =( GEOMETRIC_REPRESENTATION_CONTEXT ( 3 ) GLOBAL_UNCERTAINTY_ASSIGNED_CONTEXT ( ( #3503 ) ) GLOBAL_UNIT_ASSIGNED_CONTEXT ( ( #6498, #1903, #4317 ) ) REPRESENTATION_CONTEXT ( 'NONE', 'WORKASPACE' ) );
#6142 = SURFACE_STYLE_USAGE ( .BOTH. , #1671 ) ;
#6143 =( NAMED_UNIT ( * ) PLANE_ANGLE_UNIT ( ) SI_UNIT ( $, .RADIAN. ) );
#6144 = CARTESIAN_POINT ( 'NONE',  ( 0.1632367683723044971, 0.1488560944898174865, 0.0000000000000000000 ) ) ;
#6145 = PRESENTATION_LAYER_ASSIGNMENT (  '', '', ( #3169 ) ) ;
#6146 =( GEOMETRIC_REPRESENTATION_CONTEXT ( 3 ) GLOBAL_UNCERTAINTY_ASSIGNED_CONTEXT ( ( #4656 ) ) GLOBAL_UNIT_ASSIGNED_CONTEXT ( ( #5114, #4439, #6161 ) ) REPRESENTATION_CONTEXT ( 'NONE', 'WORKASPACE' ) );
#6147 = ORIENTED_EDGE ( 'NONE', *, *, #4524, .T. ) ;
#6148 = VERTEX_POINT ( 'NONE', #799 ) ;
#6149 = CARTESIAN_POINT ( 'NONE',  ( 1.000000000000000444, -1.500000000000000222, 0.9499999999999999556 ) ) ;
#6150 = ORIENTED_EDGE ( 'NONE', *, *, #67, .F. ) ;
#6151 = CARTESIAN_POINT ( 'NONE',  ( 1.000000000000000444, -1.500000000000000222, 0.0000000000000000000 ) ) ;
#6152 = AXIS2_PLACEMENT_3D ( 'NONE', #688, #5252, #6483 ) ;
#6153 = LINE ( 'NONE', #3313, #2093 ) ;
#6154 = ORIENTED_EDGE ( 'NONE', *, *, #6096, .F. ) ;
#6155 = CARTESIAN_POINT ( 'NONE',  ( 0.0000000000000000000, 0.0000000000000000000, 0.1799999999999999933 ) ) ;
#6156 = CARTESIAN_POINT ( 'NONE',  ( 0.1358023200815171305, 0.3316231176188630947, 0.0000000000000000000 ) ) ;
#6157 = SURFACE_STYLE_FILL_AREA ( #7314 ) ;
#6158 = ORIENTED_EDGE ( 'NONE', *, *, #5157, .T. ) ;
#6159 = VECTOR ( 'NONE', #1146, 1000.000000000000000 ) ;
#6160 = CARTESIAN_POINT ( 'NONE',  ( -0.0007830457721411253520, 0.2407696280962769997, 0.0000000000000000000 ) ) ;
#6161 =( NAMED_UNIT ( * ) SI_UNIT ( $, .STERADIAN. ) SOLID_ANGLE_UNIT ( ) );
#6162 = AXIS2_PLACEMENT_3D ( 'NONE', #4195, #5130, #2530 ) ;
#6163 = CARTESIAN_POINT ( 'NONE',  ( -0.3153071875939286173, 0.3194262158468382795, 0.01000000000000000021 ) ) ;
#6164 = STYLED_ITEM ( 'NONE', ( #3381 ), #2969 ) ;
#6165 = CARTESIAN_POINT ( 'NONE',  ( -0.2852533201623859149, 0.2424972703727009682, 0.0000000000000000000 ) ) ;
#6166 = EDGE_CURVE ( 'NONE', #4611, #326, #3518, .T. ) ;
#6167 = PRESENTATION_STYLE_ASSIGNMENT (( #2122 ) ) ;
#6168 =( NAMED_UNIT ( * ) PLANE_ANGLE_UNIT ( ) SI_UNIT ( $, .RADIAN. ) );
#6169 = CARTESIAN_POINT ( 'NONE',  ( 1.010000000000001785, 0.4000000000000000222, 0.1799999999999999933 ) ) ;
#6170 = EDGE_CURVE ( 'NONE', #1649, #6026, #5356, .T. ) ;
#6171 = MECHANICAL_DESIGN_GEOMETRIC_PRESENTATION_REPRESENTATION (  '', ( #270 ), #2340 ) ;
#6172 = STYLED_ITEM ( 'NONE', ( #5192 ), #6738 ) ;
#6173 = CARTESIAN_POINT ( 'NONE',  ( 0.0000000000000000000, -0.6500000000000000222, 0.0000000000000000000 ) ) ;
#6174 = EDGE_CURVE ( 'NONE', #3377, #596, #2606, .T. ) ;
#6175 = ORIENTED_EDGE ( 'NONE', *, *, #7264, .F. ) ;
#6176 = B_SPLINE_CURVE_WITH_KNOTS ( 'NONE', 3,
 ( #4073, #177, #4763, #5317, #2951 ),
 .UNSPECIFIED., .F., .F.,
 ( 4, 1, 4 ),
 ( 0.0000000000000000000, 0.4999999999999997224, 0.9999951190476188412 ),
 .UNSPECIFIED. ) ;
#6177 =( NAMED_UNIT ( * ) SI_UNIT ( $, .STERADIAN. ) SOLID_ANGLE_UNIT ( ) );
#6178 = COLOUR_RGB ( '',0.7529411764705882248, 0.7529411764705882248, 0.7529411764705882248 ) ;
#6179 = DIRECTION ( 'NONE',  ( 0.0000000000000000000, 1.000000000000000000, -0.0000000000000000000 ) ) ;
#6180 = CARTESIAN_POINT ( 'NONE',  ( 0.0000000000000000000, 0.2285745061450590032, 0.01000000000000000021 ) ) ;
#6181 = LINE ( 'NONE', #6658, #1245 ) ;
#6182 = PLANE ( 'NONE',  #6840 ) ;
#6183 = PRESENTATION_LAYER_ASSIGNMENT (  '', '', ( #6068 ) ) ;
#6184 = EDGE_LOOP ( 'NONE', ( #999, #1465, #3860, #1784, #4024, #6066, #6942, #354 ) ) ;
#6185 = EDGE_LOOP ( 'NONE', ( #2551, #5387, #126, #5565 ) ) ;
#6186 = DIRECTION ( 'NONE',  ( -1.000000000000000000, 0.0000000000000000000, 0.0000000000000000000 ) ) ;
#6187 = SURFACE_STYLE_FILL_AREA ( #6731 ) ;
#6188 = ORIENTED_EDGE ( 'NONE', *, *, #5323, .T. ) ;
#6189 = SURFACE_STYLE_FILL_AREA ( #968 ) ;
#6190 = VECTOR ( 'NONE', #1530, 1000.000000000000000 ) ;
#6191 =( NAMED_UNIT ( * ) SI_UNIT ( $, .STERADIAN. ) SOLID_ANGLE_UNIT ( ) );
#6192 = CARTESIAN_POINT ( 'NONE',  ( 0.7250000000000000888, 1.509999999999999787, 0.1799999999999999933 ) ) ;
#6193 = ORIENTED_EDGE ( 'NONE', *, *, #6359, .F. ) ;
#6194 = CARTESIAN_POINT ( 'NONE',  ( 0.1770546042789714614, 0.1705567680697421262, 0.0000000000000000000 ) ) ;
#6195 = UNCERTAINTY_MEASURE_WITH_UNIT (LENGTH_MEASURE( 1.000000000000000082E-05 ), #3231, 'distance_accuracy_value', 'NONE');
#6196 = VECTOR ( 'NONE', #697, 1000.000000000000000 ) ;
#6197 = EDGE_CURVE ( 'NONE', #3651, #2702, #4373, .T. ) ;
#6198 = COLOUR_RGB ( '',1.000000000000000000, 1.000000000000000000, 1.000000000000000000 ) ;
#6199 = FILL_AREA_STYLE_COLOUR ( '', #421 ) ;
#6200 = ADVANCED_FACE ( 'NONE', ( #6534 ), #1402, .T. ) ;
#6201 = ORIENTED_EDGE ( 'NONE', *, *, #2281, .T. ) ;
#6202 = UNCERTAINTY_MEASURE_WITH_UNIT (LENGTH_MEASURE( 1.000000000000000082E-05 ), #3024, 'distance_accuracy_value', 'NONE');
#6203 = CARTESIAN_POINT ( 'NONE',  ( 0.07500000000000055234, 0.07500000000000071887, 0.0000000000000000000 ) ) ;
#6204 = LINE ( 'NONE', #6680, #7131 ) ;
#6205 = CARTESIAN_POINT ( 'NONE',  ( 0.4500000000000000111, -0.6000000000000000888, -0.02000000000000000042 ) ) ;
#6206 = EDGE_CURVE ( 'NONE', #1198, #289, #2837, .T. ) ;
#6207 = UNCERTAINTY_MEASURE_WITH_UNIT (LENGTH_MEASURE( 1.000000000000000082E-05 ), #3573, 'distance_accuracy_value', 'NONE');
#6208 = FILL_AREA_STYLE ('',( #4445 ) ) ;
#6209 = PRESENTATION_STYLE_ASSIGNMENT (( #6134 ) ) ;
#6210 = SURFACE_STYLE_FILL_AREA ( #2725 ) ;
#6211 = SURFACE_STYLE_FILL_AREA ( #1627 ) ;
#6212 = EDGE_CURVE ( 'NONE', #4179, #2592, #2621, .T. ) ;
#6213 = CARTESIAN_POINT ( 'NONE',  ( 1.010000000000000453, -1.125000000000000222, 0.1799999999999999933 ) ) ;
#6214 = ORIENTED_EDGE ( 'NONE', *, *, #1181, .F. ) ;
#6215 = SURFACE_STYLE_USAGE ( .BOTH. , #5592 ) ;
#6216 = DIRECTION ( 'NONE',  ( -0.0000000000000000000, 0.0000000000000000000, 1.000000000000000000 ) ) ;
#6217 = B_SPLINE_CURVE_WITH_KNOTS ( 'NONE', 3,
 ( #4118, #1180, #1744, #4012, #6836 ),
 .UNSPECIFIED., .F., .F.,
 ( 4, 1, 4 ),
 ( 0.0000000000000000000, 0.4999999999999999445, 0.9999933870967742111 ),
 .UNSPECIFIED. ) ;
#6218 = FACE_OUTER_BOUND ( 'NONE', #1653, .T. ) ;
#6219 = CARTESIAN_POINT ( 'NONE',  ( -0.6889616749826644737, 1.255826654187992331, 0.9399999999999999467 ) ) ;
#6220 = VERTEX_POINT ( 'NONE', #2 ) ;
#6221 = EDGE_LOOP ( 'NONE', ( #6870, #1531, #6214, #1883 ) ) ;
#6222 = CARTESIAN_POINT ( 'NONE',  ( 1.000000000000000222, 0.4000000000000000222, 0.0000000000000000000 ) ) ;
#6223 = CARTESIAN_POINT ( 'NONE',  ( -0.9009172689124348432, 1.105425654952417291, 0.9400000000000000577 ) ) ;
#6224 = PRESENTATION_LAYER_ASSIGNMENT (  '', '', ( #5255 ) ) ;
#6225 = ORIENTED_EDGE ( 'NONE', *, *, #1630, .T. ) ;
#6226 = FILL_AREA_STYLE ('',( #5649 ) ) ;
#6227 = EDGE_LOOP ( 'NONE', ( #6684, #3771, #4582, #3816 ) ) ;
#6228 = LINE ( 'NONE', #1647, #6760 ) ;
#6229 = CARTESIAN_POINT ( 'NONE',  ( 0.4500000000000000111, 0.6000000000000000888, 0.1799999999999999933 ) ) ;
#6230 = ORIENTED_EDGE ( 'NONE', *, *, #2505, .F. ) ;
#6231 = CARTESIAN_POINT ( 'NONE',  ( 0.1590514946128176454, 0.1714832980120045425, 0.0000000000000000000 ) ) ;
#6232 = CARTESIAN_POINT ( 'NONE',  ( 1.000000000000000444, 0.1000000000000000056, 0.1799999999999999933 ) ) ;
#6233 = ORIENTED_EDGE ( 'NONE', *, *, #7115, .T. ) ;
#6234 = B_SPLINE_SURFACE_WITH_KNOTS ( 'NONE', 3, 1, ( 
 ( #1261, #1904 ),
 ( #5904, #6930 ),
 ( #2964, #770 ),
 ( #2460, #1222 ),
 ( #5229, #4236 ),
 ( #4200, #5949 ) ),
 .UNSPECIFIED., .F., .F., .F.,
 ( 4, 1, 1, 4 ),
 ( 2, 2 ),
 ( 0.0000000000000000000, 0.3333308259797851392, 0.6659411775210415385, 1.000000000000000000 ),
 ( 0.0000000000000000000, 1.000000000000000000 ),
 .UNSPECIFIED. ) ;
#6235 = PRESENTATION_STYLE_ASSIGNMENT (( #5700 ) ) ;
#6236 = CARTESIAN_POINT ( 'NONE',  ( 0.2577535395937128326, 0.2483915793157896179, 0.0000000000000000000 ) ) ;
#6237 = FILL_AREA_STYLE_COLOUR ( '', #3678 ) ;
#6238 = CARTESIAN_POINT ( 'NONE',  ( -1.000000000000000222, 0.6500000000000000222, 0.0000000000000000000 ) ) ;
#6239 = COLOUR_RGB ( '',0.7529411764705882248, 0.7529411764705882248, 0.7529411764705882248 ) ;
#6240 = UNCERTAINTY_MEASURE_WITH_UNIT (LENGTH_MEASURE( 1.000000000000000082E-05 ), #3155, 'distance_accuracy_value', 'NONE');
#6241 = FACE_OUTER_BOUND ( 'NONE', #4215, .T. ) ;
#6242 = CARTESIAN_POINT ( 'NONE',  ( 0.1577516161553367546, 0.3523727739304071127, 0.01000000000000000021 ) ) ;
#6243 = CARTESIAN_POINT ( 'NONE',  ( 0.1590513023192923481, 0.1714833919662416550, 0.0000000000000000000 ) ) ;
#6244 = DIRECTION ( 'NONE',  ( 1.000000000000000000, 2.168404344971009115E-16, -0.0000000000000000000 ) ) ;
#6245 = DIRECTION ( 'NONE',  ( 0.0000000000000000000, 0.0000000000000000000, -1.000000000000000000 ) ) ;
#6246 = EDGE_CURVE ( 'NONE', #3092, #3659, #494, .T. ) ;
#6247 = CARTESIAN_POINT ( 'NONE',  ( -0.8346014097487851613, 1.003571233972216037, 0.9399999999999999467 ) ) ;
#6248 = ORIENTED_EDGE ( 'NONE', *, *, #4726, .F. ) ;
#6249 = PLANE ( 'NONE',  #899 ) ;
#6250 = CARTESIAN_POINT ( 'NONE',  ( -0.1000000000000000472, -1.500000000000000222, 0.0000000000000000000 ) ) ;
#6251 = FILL_AREA_STYLE_COLOUR ( '', #1043 ) ;
#6252 = STYLED_ITEM ( 'NONE', ( #2102 ), #5978 ) ;
#6253 = MECHANICAL_DESIGN_GEOMETRIC_PRESENTATION_REPRESENTATION (  '', ( #6846 ), #1700 ) ;
#6254 = VERTEX_POINT ( 'NONE', #2219 ) ;
#6255 = LINE ( 'NONE', #4568, #1244 ) ;
#6256 = CARTESIAN_POINT ( 'NONE',  ( 0.3016559786181031710, 0.1724769451694482258, 0.01000000000000000021 ) ) ;
#6257 =( GEOMETRIC_REPRESENTATION_CONTEXT ( 3 ) GLOBAL_UNCERTAINTY_ASSIGNED_CONTEXT ( ( #4623 ) ) GLOBAL_UNIT_ASSIGNED_CONTEXT ( ( #5017, #3268, #1050 ) ) REPRESENTATION_CONTEXT ( 'NONE', 'WORKASPACE' ) );
#6258 =( NAMED_UNIT ( * ) PLANE_ANGLE_UNIT ( ) SI_UNIT ( $, .RADIAN. ) );
#6259 = EDGE_LOOP ( 'NONE', ( #5433, #6885, #631, #7275 ) ) ;
#6260 = EDGE_CURVE ( 'NONE', #2595, #6614, #3592, .T. ) ;
#6261 = CARTESIAN_POINT ( 'NONE',  ( -0.1058897530892148470, 0.3285745061450576765, 0.01000000000000000021 ) ) ;
#6262 = SURFACE_STYLE_FILL_AREA ( #2248 ) ;
#6263 = COLOUR_RGB ( '',0.7529411764705882248, 0.7529411764705882248, 0.7529411764705882248 ) ;
#6264 = CARTESIAN_POINT ( 'NONE',  ( 0.09677792983761511481, 0.1505257256572525848, 0.0000000000000000000 ) ) ;
#6265 = COLOUR_RGB ( '',1.000000000000000000, 1.000000000000000000, 1.000000000000000000 ) ;
#6266 = EDGE_CURVE ( 'NONE', #467, #439, #3397, .T. ) ;
#6267 = ORIENTED_EDGE ( 'NONE', *, *, #1717, .F. ) ;
#6268 = LINE ( 'NONE', #5612, #1096 ) ;
#6269 = UNCERTAINTY_MEASURE_WITH_UNIT (LENGTH_MEASURE( 1.000000000000000082E-05 ), #6791, 'distance_accuracy_value', 'NONE');
#6270 = ADVANCED_FACE ( 'NONE', ( #5579 ), #3888, .F. ) ;
#6271 =( LENGTH_UNIT ( ) NAMED_UNIT ( * ) SI_UNIT ( .MILLI., .METRE. ) );
#6272 =( GEOMETRIC_REPRESENTATION_CONTEXT ( 3 ) GLOBAL_UNCERTAINTY_ASSIGNED_CONTEXT ( ( #6645 ) ) GLOBAL_UNIT_ASSIGNED_CONTEXT ( ( #4560, #1552, #1066 ) ) REPRESENTATION_CONTEXT ( 'NONE', 'WORKASPACE' ) );
#6273 = ORIENTED_EDGE ( 'NONE', *, *, #7287, .F. ) ;
#6274 = SURFACE_SIDE_STYLE ('',( #3441 ) ) ;
#6275 = DIRECTION ( 'NONE',  ( 0.0000000000000000000, -0.0000000000000000000, -1.000000000000000000 ) ) ;
#6276 = CARTESIAN_POINT ( 'NONE',  ( 1.010000000000000231, 0.6500000000000000222, 0.1799999999999999933 ) ) ;
#6277 = EDGE_CURVE ( 'NONE', #5803, #678, #2331, .T. ) ;
#6278 =( NAMED_UNIT ( * ) SI_UNIT ( $, .STERADIAN. ) SOLID_ANGLE_UNIT ( ) );
#6279 = VECTOR ( 'NONE', #6275, 1000.000000000000000 ) ;
#6280 = DIRECTION ( 'NONE',  ( 0.0000000000000000000, 1.000000000000000000, -0.0000000000000000000 ) ) ;
#6281 = CARTESIAN_POINT ( 'NONE',  ( 0.09999999999999995004, 0.0000000000000000000, 0.0000000000000000000 ) ) ;
#6282 = VECTOR ( 'NONE', #5695, 1000.000000000000000 ) ;
#6283 = CARTESIAN_POINT ( 'NONE',  ( -0.2251732896745813062, 0.1505257256572534730, 0.01000000000000000021 ) ) ;
#6284 = CARTESIAN_POINT ( 'NONE',  ( -0.9009172689124350653, 1.129698944080104184, 0.9400000000000000577 ) ) ;
#6285 = STYLED_ITEM ( 'NONE', ( #1874 ), #6504 ) ;
#6286 = ORIENTED_EDGE ( 'NONE', *, *, #5596, .T. ) ;
#6287 = EDGE_CURVE ( 'NONE', #2907, #2709, #4662, .T. ) ;
#6288 = COLOUR_RGB ( '',1.000000000000000000, 1.000000000000000000, 1.000000000000000000 ) ;
#6289 =( NAMED_UNIT ( * ) SI_UNIT ( $, .STERADIAN. ) SOLID_ANGLE_UNIT ( ) );
#6290 =( LENGTH_UNIT ( ) NAMED_UNIT ( * ) SI_UNIT ( .MILLI., .METRE. ) );
#6291 = SURFACE_STYLE_USAGE ( .BOTH. , #2310 ) ;
#6292 = DIRECTION ( 'NONE',  ( 0.0000000000000000000, 1.000000000000000000, 0.0000000000000000000 ) ) ;
#6293 = ORIENTED_EDGE ( 'NONE', *, *, #3868, .T. ) ;
#6294 = CARTESIAN_POINT ( 'NONE',  ( -0.3471626189428738685, 0.2285745061450590032, 0.0000000000000000000 ) ) ;
#6295 = MECHANICAL_DESIGN_GEOMETRIC_PRESENTATION_REPRESENTATION (  '', ( #3076 ), #6644 ) ;
#6296 = CARTESIAN_POINT ( 'NONE',  ( -0.1476251295981447775, 0.1763117584599784016, 0.01000000000000000021 ) ) ;
#6297 = VERTEX_POINT ( 'NONE', #105 ) ;
#6298 = LINE ( 'NONE', #1304, #750 ) ;
#6299 = DIRECTION ( 'NONE',  ( -0.7071067811865466846, -0.7071067811865483499, 0.0000000000000000000 ) ) ;
#6300 = DIRECTION ( 'NONE',  ( 0.0000000000000000000, 0.0000000000000000000, -1.000000000000000000 ) ) ;
#6301 =( LENGTH_UNIT ( ) NAMED_UNIT ( * ) SI_UNIT ( .MILLI., .METRE. ) );
#6302 = CARTESIAN_POINT ( 'NONE',  ( 0.2845828078863957278, 0.2467528598035945153, 0.0000000000000000000 ) ) ;
#6303 = ORIENTED_EDGE ( 'NONE', *, *, #4861, .T. ) ;
#6304 = EDGE_LOOP ( 'NONE', ( #1746, #3267, #2078, #1501 ) ) ;
#6305 = PRESENTATION_STYLE_ASSIGNMENT (( #5773 ) ) ;
#6306 = VECTOR ( 'NONE', #4436, 1000.000000000000000 ) ;
#6307 = VERTEX_POINT ( 'NONE', #5818 ) ;
#6308 = ADVANCED_FACE ( 'NONE', ( #1773 ), #3058, .T. ) ;
#6309 =( NAMED_UNIT ( * ) SI_UNIT ( $, .STERADIAN. ) SOLID_ANGLE_UNIT ( ) );
#6310 = FILL_AREA_STYLE ('',( #5776 ) ) ;
#6311 = ORIENTED_EDGE ( 'NONE', *, *, #7171, .F. ) ;
#6312 = EDGE_CURVE ( 'NONE', #248, #1886, #6176, .T. ) ;
#6313 = CARTESIAN_POINT ( 'NONE',  ( 0.4040950030083467759, 0.2005257256572530455, 0.0000000000000000000 ) ) ;
#6314 = CARTESIAN_POINT ( 'NONE',  ( -1.000000000000000000, 0.6500000000000000222, 0.9499999999999999556 ) ) ;
#6315 =( GEOMETRIC_REPRESENTATION_CONTEXT ( 3 ) GLOBAL_UNCERTAINTY_ASSIGNED_CONTEXT ( ( #1064 ) ) GLOBAL_UNIT_ASSIGNED_CONTEXT ( ( #7228, #2785, #6191 ) ) REPRESENTATION_CONTEXT ( 'NONE', 'WORKASPACE' ) );
#6316 = COLOUR_RGB ( '',1.000000000000000000, 1.000000000000000000, 1.000000000000000000 ) ;
#6317 = CARTESIAN_POINT ( 'NONE',  ( 0.01100557211403771669, 0.2627208476084721411, 0.0000000000000000000 ) ) ;
#6318 = CARTESIAN_POINT ( 'NONE',  ( -0.4500000000000000111, 0.6000000000000000888, 0.1799999999999999933 ) ) ;
#6319 = STYLED_ITEM ( 'NONE', ( #5413 ), #5061 ) ;
#6320 = DIRECTION ( 'NONE',  ( -1.000000000000000000, 0.0000000000000000000, -0.0000000000000000000 ) ) ;
#6321 = DIRECTION ( 'NONE',  ( 1.000000000000000000, 6.071532165918827986E-15, 0.0000000000000000000 ) ) ;
#6322 = CARTESIAN_POINT ( 'NONE',  ( -0.2639880762599470798, 0.1785745061450585980, 0.01000000000000000021 ) ) ;
#6323 = EDGE_LOOP ( 'NONE', ( #6044, #539 ) ) ;
#6324 = FILL_AREA_STYLE_COLOUR ( '', #351 ) ;
#6325 = PRESENTATION_STYLE_ASSIGNMENT (( #6291 ) ) ;
#6326 = CARTESIAN_POINT ( 'NONE',  ( -1.010000000000000453, 0.8750000000000000000, -0.02000000000000000042 ) ) ;
#6327 = ADVANCED_FACE ( 'NONE', ( #5214 ), #3477, .F. ) ;
#6328 = EDGE_CURVE ( 'NONE', #50, #3733, #7021, .T. ) ;
#6329 = ORIENTED_EDGE ( 'NONE', *, *, #4116, .T. ) ;
#6330 = PRESENTATION_STYLE_ASSIGNMENT (( #3419 ) ) ;
#6331 = VERTEX_POINT ( 'NONE', #6453 ) ;
#6332 = LINE ( 'NONE', #129, #5014 ) ;
#6333 = SURFACE_SIDE_STYLE ('',( #638 ) ) ;
#6334 = SURFACE_SIDE_STYLE ('',( #707 ) ) ;
#6335 =( NAMED_UNIT ( * ) PLANE_ANGLE_UNIT ( ) SI_UNIT ( $, .RADIAN. ) );
#6336 = FILL_AREA_STYLE ('',( #7014 ) ) ;
#6337 = SURFACE_SIDE_STYLE ('',( #4683 ) ) ;
#6338 = EDGE_LOOP ( 'NONE', ( #606, #3378, #6474, #4943, #3097, #4728 ) ) ;
#6339 = EDGE_LOOP ( 'NONE', ( #5377, #6626, #1768, #3020, #4107 ) ) ;
#6340 = UNCERTAINTY_MEASURE_WITH_UNIT (LENGTH_MEASURE( 1.000000000000000082E-05 ), #2292, 'distance_accuracy_value', 'NONE');
#6341 = EDGE_CURVE ( 'NONE', #2202, #2305, #3776, .T. ) ;
#6342 = ORIENTED_EDGE ( 'NONE', *, *, #5770, .T. ) ;
#6343 = FILL_AREA_STYLE ('',( #5886 ) ) ;
#6344 = PRESENTATION_STYLE_ASSIGNMENT (( #5282 ) ) ;
#6345 = VERTEX_POINT ( 'NONE', #6628 ) ;
#6346 = CARTESIAN_POINT ( 'NONE',  ( -0.3164324047911060145, 0.3147192960857695954, 0.0000000000000000000 ) ) ;
#6347 =( LENGTH_UNIT ( ) NAMED_UNIT ( * ) SI_UNIT ( .MILLI., .METRE. ) );
#6348 = DIRECTION ( 'NONE',  ( 1.000000000000000000, -0.0000000000000000000, -0.0000000000000000000 ) ) ;
#6349 = COLOUR_RGB ( '',1.000000000000000000, 1.000000000000000000, 1.000000000000000000 ) ;
#6350 = CARTESIAN_POINT ( 'NONE',  ( 0.1358023200815176301, 0.1828427988279843763, 0.0000000000000000000 ) ) ;
#6351 = CARTESIAN_POINT ( 'NONE',  ( -0.1476251295981447775, 0.1763117584599784016, 0.0000000000000000000 ) ) ;
#6352 = SURFACE_STYLE_USAGE ( .BOTH. , #3563 ) ;
#6353 =( NAMED_UNIT ( * ) PLANE_ANGLE_UNIT ( ) SI_UNIT ( $, .RADIAN. ) );
#6354 = EDGE_CURVE ( 'NONE', #5512, #1529, #2071, .T. ) ;
#6355 = VERTEX_POINT ( 'NONE', #6524 ) ;
#6356 = SURFACE_STYLE_USAGE ( .BOTH. , #2996 ) ;
#6357 = DIRECTION ( 'NONE',  ( 0.0000000000000000000, -0.0000000000000000000, -1.000000000000000000 ) ) ;
#6358 = VECTOR ( 'NONE', #7368, 1000.000000000000000 ) ;
#6359 = EDGE_CURVE ( 'NONE', #1225, #3010, #2242, .T. ) ;
#6360 = VECTOR ( 'NONE', #2990, 1000.000000000000000 ) ;
#6361 = ORIENTED_EDGE ( 'NONE', *, *, #195, .T. ) ;
#6362 = CARTESIAN_POINT ( 'NONE',  ( 0.06994866154493212251, 0.2066232866328623630, 0.0000000000000000000 ) ) ;
#6363 = ORIENTED_EDGE ( 'NONE', *, *, #6876, .F. ) ;
#6364 = DIRECTION ( 'NONE',  ( -0.0000000000000000000, -1.000000000000000000, -0.0000000000000000000 ) ) ;
#6365 =( NAMED_UNIT ( * ) PLANE_ANGLE_UNIT ( ) SI_UNIT ( $, .RADIAN. ) );
#6366 = SURFACE_STYLE_FILL_AREA ( #1762 ) ;
#6367 = PRESENTATION_LAYER_ASSIGNMENT (  '', '', ( #3151 ) ) ;
#6368 = FILL_AREA_STYLE_COLOUR ( '', #4270 ) ;
#6369 = UNCERTAINTY_MEASURE_WITH_UNIT (LENGTH_MEASURE( 1.000000000000000082E-05 ), #2009, 'distance_accuracy_value', 'NONE');
#6370 = CARTESIAN_POINT ( 'NONE',  ( 0.7250000000000000888, 1.125000000000000222, 5.421010862427522170E-17 ) ) ;
#6371 =( NAMED_UNIT ( * ) PLANE_ANGLE_UNIT ( ) SI_UNIT ( $, .RADIAN. ) );
#6372 = ORIENTED_EDGE ( 'NONE', *, *, #3640, .T. ) ;
#6373 = VECTOR ( 'NONE', #5605, 1000.000000000000000 ) ;
#6374 = ORIENTED_EDGE ( 'NONE', *, *, #2446, .T. ) ;
#6375 = CARTESIAN_POINT ( 'NONE',  ( 0.09677792983761511481, 0.1505257256572525848, 0.0000000000000000000 ) ) ;
#6376 = VECTOR ( 'NONE', #6686, 1000.000000000000000 ) ;
#6377 = ORIENTED_EDGE ( 'NONE', *, *, #1510, .T. ) ;
#6378 = CARTESIAN_POINT ( 'NONE',  ( -1.009999999999998455, 0.4000000000000000222, 0.1799999999999999933 ) ) ;
#6379 =( GEOMETRIC_REPRESENTATION_CONTEXT ( 3 ) GLOBAL_UNCERTAINTY_ASSIGNED_CONTEXT ( ( #2290 ) ) GLOBAL_UNIT_ASSIGNED_CONTEXT ( ( #6509, #925, #812 ) ) REPRESENTATION_CONTEXT ( 'NONE', 'WORKASPACE' ) );
#6380 = ORIENTED_EDGE ( 'NONE', *, *, #6083, .F. ) ;
#6381 = CARTESIAN_POINT ( 'NONE',  ( -0.7250000000000000888, 1.509999999999999787, 0.1799999999999999933 ) ) ;
#6382 = CARTESIAN_POINT ( 'NONE',  ( 0.2012568170612596408, 0.3505427434100527040, 0.0000000000000000000 ) ) ;
#6383 = MANIFOLD_SOLID_BREP ( '包覆2', #1372 ) ;
#6384 = CARTESIAN_POINT ( 'NONE',  ( 0.1358023200815176301, 0.1608915793157891516, 0.0000000000000000000 ) ) ;
#6385 = CARTESIAN_POINT ( 'NONE',  ( 1.000000000000000222, 1.499999999999999778, 0.1799999999999999378 ) ) ;
#6386 = CARTESIAN_POINT ( 'NONE',  ( -0.4500000000000000111, 0.6000000000000000888, 0.1799999999999999933 ) ) ;
#6387 =( GEOMETRIC_REPRESENTATION_CONTEXT ( 3 ) GLOBAL_UNCERTAINTY_ASSIGNED_CONTEXT ( ( #952 ) ) GLOBAL_UNIT_ASSIGNED_CONTEXT ( ( #4117, #3023, #2955 ) ) REPRESENTATION_CONTEXT ( 'NONE', 'WORKASPACE' ) );
#6388 = SURFACE_SIDE_STYLE ('',( #82 ) ) ;
#6389 = EDGE_CURVE ( 'NONE', #1878, #5533, #1434, .T. ) ;
#6390 = COLOUR_RGB ( '',0.7529411764705882248, 0.7529411764705882248, 0.7529411764705882248 ) ;
#6391 = STYLED_ITEM ( 'NONE', ( #6503 ), #97 ) ;
#6392 =( GEOMETRIC_REPRESENTATION_CONTEXT ( 3 ) GLOBAL_UNCERTAINTY_ASSIGNED_CONTEXT ( ( #3821 ) ) GLOBAL_UNIT_ASSIGNED_CONTEXT ( ( #960, #4532, #1563 ) ) REPRESENTATION_CONTEXT ( 'NONE', 'WORKASPACE' ) );
#6393 = DIRECTION ( 'NONE',  ( -0.7071067811865483499, -0.7071067811865466846, 0.0000000000000000000 ) ) ;
#6394 = DIRECTION ( 'NONE',  ( 0.0000000000000000000, -1.000000000000000000, 0.0000000000000000000 ) ) ;
#6395 = ADVANCED_FACE ( 'NONE', ( #938 ), #3208, .F. ) ;
#6396 = DIRECTION ( 'NONE',  ( 1.000000000000000000, 6.061675782532597203E-15, 0.0000000000000000000 ) ) ;
#6397 =( NAMED_UNIT ( * ) PLANE_ANGLE_UNIT ( ) SI_UNIT ( $, .RADIAN. ) );
#6398 = B_SPLINE_CURVE_WITH_KNOTS ( 'NONE', 3,
 ( #7353, #1091, #1650, #572, #974, #3274, #3394 ),
 .UNSPECIFIED., .F., .F.,
 ( 4, 1, 1, 1, 4 ),
 ( 0.0000000000000000000, 0.2499999999999996114, 0.4999999999999998335, 0.7500000000000002220, 1.000000000000000000 ),
 .UNSPECIFIED. ) ;
#6399 = VECTOR ( 'NONE', #2442, 1000.000000000000000 ) ;
#6400 = EDGE_CURVE ( 'NONE', #2327, #976, #4907, .T. ) ;
#6401 = COLOUR_RGB ( '',1.000000000000000000, 1.000000000000000000, 1.000000000000000000 ) ;
#6402 = EDGE_LOOP ( 'NONE', ( #5971, #5834, #4779, #5283 ) ) ;
#6403 = CARTESIAN_POINT ( 'NONE',  ( -0.2105391433331174345, 0.2530409695596923525, 0.01000000000000000021 ) ) ;
#6404 = AXIS2_PLACEMENT_3D ( 'NONE', #6551, #1457, #1345 ) ;
#6405 = VERTEX_POINT ( 'NONE', #1354 ) ;
#6406 =( NAMED_UNIT ( * ) SI_UNIT ( $, .STERADIAN. ) SOLID_ANGLE_UNIT ( ) );
#6407 = DIRECTION ( 'NONE',  ( 1.000000000000000000, -0.0000000000000000000, 0.0000000000000000000 ) ) ;
#6408 =( LENGTH_UNIT ( ) NAMED_UNIT ( * ) SI_UNIT ( .MILLI., .METRE. ) );
#6409 = PRESENTATION_LAYER_ASSIGNMENT (  '', '', ( #5808 ) ) ;
#6410 = FACE_OUTER_BOUND ( 'NONE', #4906, .T. ) ;
#6411 = SURFACE_STYLE_FILL_AREA ( #6336 ) ;
#6412 = SURFACE_STYLE_USAGE ( .BOTH. , #6337 ) ;
#6413 = MECHANICAL_DESIGN_GEOMETRIC_PRESENTATION_REPRESENTATION (  '', ( #7240 ), #1507 ) ;
#6414 = ORIENTED_EDGE ( 'NONE', *, *, #5396, .F. ) ;
#6415 = ORIENTED_EDGE ( 'NONE', *, *, #3688, .F. ) ;
#6416 = COLOUR_RGB ( '',1.000000000000000000, 1.000000000000000000, 1.000000000000000000 ) ;
#6417 = FILL_AREA_STYLE_COLOUR ( '', #789 ) ;
#6418 = ORIENTED_EDGE ( 'NONE', *, *, #3210, .F. ) ;
#6419 = CARTESIAN_POINT ( 'NONE',  ( -0.3763928018697035305, 0.1505257256572542224, 0.01000000000000000021 ) ) ;
#6420 = VERTEX_POINT ( 'NONE', #7127 ) ;
#6421 = CARTESIAN_POINT ( 'NONE',  ( -0.3561565213818983500, 0.2066232866328637230, 0.01000000000000000021 ) ) ;
#6422 = SURFACE_STYLE_USAGE ( .BOTH. , #6456 ) ;
#6423 = VECTOR ( 'NONE', #5741, 1000.000000000000000 ) ;
#6424 = CARTESIAN_POINT ( 'NONE',  ( -0.2082280558561174222, 0.2710052253809898115, 0.0000000000000000000 ) ) ;
#6425 = ADVANCED_FACE ( 'NONE', ( #3657 ), #2008, .T. ) ;
#6426 =( NAMED_UNIT ( * ) PLANE_ANGLE_UNIT ( ) SI_UNIT ( $, .RADIAN. ) );
#6427 = CARTESIAN_POINT ( 'NONE',  ( 0.3016559786181032266, 0.0000000000000000000, 0.01000000000000000021 ) ) ;
#6428 = FILL_AREA_STYLE_COLOUR ( '', #145 ) ;
#6429 = CARTESIAN_POINT ( 'NONE',  ( 1.010000000000001785, -0.4000000000000000222, 0.1799999999999999933 ) ) ;
#6430 = EDGE_CURVE ( 'NONE', #6762, #31, #806, .T. ) ;
#6431 = CARTESIAN_POINT ( 'NONE',  ( 0.1358023200815176301, 0.1828427988279843763, 0.01000000000000000021 ) ) ;
#6432 =( GEOMETRIC_REPRESENTATION_CONTEXT ( 3 ) GLOBAL_UNCERTAINTY_ASSIGNED_CONTEXT ( ( #1658 ) ) GLOBAL_UNIT_ASSIGNED_CONTEXT ( ( #4613, #6365, #3602 ) ) REPRESENTATION_CONTEXT ( 'NONE', 'WORKASPACE' ) );
#6433 = EDGE_CURVE ( 'NONE', #2401, #491, #3996, .T. ) ;
#6434 = CARTESIAN_POINT ( 'NONE',  ( -0.9999999999999997780, -0.6499999999999998002, 0.0000000000000000000 ) ) ;
#6435 = CARTESIAN_POINT ( 'NONE',  ( 0.1425066555144659242, 0.3472783259253054977, 0.0000000000000000000 ) ) ;
#6436 = DIRECTION ( 'NONE',  ( -0.0000000000000000000, 1.000000000000000000, -0.0000000000000000000 ) ) ;
#6437 = FILL_AREA_STYLE_COLOUR ( '', #6198 ) ;
#6438 = ADVANCED_BREP_SHAPE_REPRESENTATION ( 'VQFN-HR-9_L3.0-W2.0-P0.50-BL_TI_TPS6281XXXXX', ( #6383, #6162 ), #3416 ) ;
#6439 = SURFACE_STYLE_FILL_AREA ( #5906 ) ;
#6440 = EDGE_LOOP ( 'NONE', ( #4534, #2637, #4211, #3966 ) ) ;
#6441 = SURFACE_SIDE_STYLE ('',( #5909 ) ) ;
#6442 = ORIENTED_EDGE ( 'NONE', *, *, #4341, .F. ) ;
#6443 = FILL_AREA_STYLE ('',( #672 ) ) ;
#6444 = LINE ( 'NONE', #3538, #592 ) ;
#6445 = LINE ( 'NONE', #1308, #6282 ) ;
#6446 = SURFACE_SIDE_STYLE ('',( #1166 ) ) ;
#6447 = ORIENTED_EDGE ( 'NONE', *, *, #2740, .F. ) ;
#6448 = ORIENTED_EDGE ( 'NONE', *, *, #4652, .F. ) ;
#6449 = UNCERTAINTY_MEASURE_WITH_UNIT (LENGTH_MEASURE( 1.000000000000000082E-05 ), #1538, 'distance_accuracy_value', 'NONE');
#6450 =( NAMED_UNIT ( * ) SI_UNIT ( $, .STERADIAN. ) SOLID_ANGLE_UNIT ( ) );
#6451 = B_SPLINE_CURVE_WITH_KNOTS ( 'NONE', 3,
 ( #3690, #5338, #2656, #5991, #2623 ),
 .UNSPECIFIED., .F., .F.,
 ( 4, 1, 4 ),
 ( 0.0000000000000000000, 0.4999999999999995559, 0.9999910869565218352 ),
 .UNSPECIFIED. ) ;
#6452 = VERTEX_POINT ( 'NONE', #6192 ) ;
#6453 = CARTESIAN_POINT ( 'NONE',  ( -1.000000000000000000, 0.1000000000000000056, 0.1799999999999999933 ) ) ;
#6454 = VERTEX_POINT ( 'NONE', #2787 ) ;
#6455 = CARTESIAN_POINT ( 'NONE',  ( -0.1000000000000000611, -0.9999999999999997780, -0.02000000000000000042 ) ) ;
#6456 = SURFACE_SIDE_STYLE ('',( #4187 ) ) ;
#6457 = CARTESIAN_POINT ( 'NONE',  ( 0.3772657347156635477, 0.3505257256572530955, 0.0000000000000000000 ) ) ;
#6458 = FILL_AREA_STYLE_COLOUR ( '', #6702 ) ;
#6459 = CARTESIAN_POINT ( 'NONE',  ( 0.0000000000000000000, 0.1505257256572527513, 0.01000000000000000021 ) ) ;
#6460 = CARTESIAN_POINT ( 'NONE',  ( -0.7250000000000000888, 1.509999999999999787, 0.1799999999999999933 ) ) ;
#6461 =( GEOMETRIC_REPRESENTATION_CONTEXT ( 3 ) GLOBAL_UNCERTAINTY_ASSIGNED_CONTEXT ( ( #502 ) ) GLOBAL_UNIT_ASSIGNED_CONTEXT ( ( #5869, #5908, #4167 ) ) REPRESENTATION_CONTEXT ( 'NONE', 'WORKASPACE' ) );
#6462 = LINE ( 'NONE', #7179, #7188 ) ;
#6463 = FACE_BOUND ( 'NONE', #1877, .T. ) ;
#6464 = VERTEX_POINT ( 'NONE', #6818 ) ;
#6465 = PLANE ( 'NONE',  #954 ) ;
#6466 = VECTOR ( 'NONE', #853, 1000.000000000000000 ) ;
#6467 = ORIENTED_EDGE ( 'NONE', *, *, #4336, .F. ) ;
#6468 = FILL_AREA_STYLE ('',( #4928 ) ) ;
#6469 = DIRECTION ( 'NONE',  ( 0.0000000000000000000, -0.0000000000000000000, -1.000000000000000000 ) ) ;
#6470 = DIRECTION ( 'NONE',  ( 0.0000000000000000000, 0.0000000000000000000, -1.000000000000000000 ) ) ;
#6471 =( NAMED_UNIT ( * ) PLANE_ANGLE_UNIT ( ) SI_UNIT ( $, .RADIAN. ) );
#6472 = SURFACE_SIDE_STYLE ('',( #4208 ) ) ;
#6473 = ORIENTED_EDGE ( 'NONE', *, *, #5257, .T. ) ;
#6474 = ORIENTED_EDGE ( 'NONE', *, *, #7389, .T. ) ;
#6475 = EDGE_CURVE ( 'NONE', #3685, #777, #6003, .T. ) ;
#6476 = ORIENTED_EDGE ( 'NONE', *, *, #4111, .F. ) ;
#6477 = VERTEX_POINT ( 'NONE', #6692 ) ;
#6478 = SURFACE_STYLE_FILL_AREA ( #2520 ) ;
#6479 = EDGE_CURVE ( 'NONE', #5628, #2327, #1644, .T. ) ;
#6480 = VERTEX_POINT ( 'NONE', #3876 ) ;
#6481 = CARTESIAN_POINT ( 'NONE',  ( 0.1358023200815170473, 0.3450379207792040881, 0.0000000000000000000 ) ) ;
#6482 = EDGE_CURVE ( 'NONE', #7434, #4329, #6153, .T. ) ;
#6483 = DIRECTION ( 'NONE',  ( 0.0000000000000000000, -0.0000000000000000000, 1.000000000000000000 ) ) ;
#6484 = SURFACE_STYLE_USAGE ( .BOTH. , #4152 ) ;
#6485 = VECTOR ( 'NONE', #772, 1000.000000000000000 ) ;
#6486 = VECTOR ( 'NONE', #5299, 1000.000000000000000 ) ;
#6487 = DIRECTION ( 'NONE',  ( -1.000000000000000000, 2.299256331305463511E-15, 0.0000000000000000000 ) ) ;
#6488 = DIRECTION ( 'NONE',  ( 0.7071067811865466846, 0.7071067811865483499, 0.0000000000000000000 ) ) ;
#6489 = LINE ( 'NONE', #306, #3170 ) ;
#6490 = EDGE_CURVE ( 'NONE', #3346, #6345, #6735, .T. ) ;
#6491 = DIRECTION ( 'NONE',  ( 1.000000000000000000, 0.0000000000000000000, 0.0000000000000000000 ) ) ;
#6492 = UNCERTAINTY_MEASURE_WITH_UNIT (LENGTH_MEASURE( 1.000000000000000082E-05 ), #5633, 'distance_accuracy_value', 'NONE');
#6493 = MECHANICAL_DESIGN_GEOMETRIC_PRESENTATION_REPRESENTATION (  '', ( #376 ), #4235 ) ;
#6494 = COLOUR_RGB ( '',0.7529411764705882248, 0.7529411764705882248, 0.7529411764705882248 ) ;
#6495 = CARTESIAN_POINT ( 'NONE',  ( -0.3423858418202590514, 0.2066232866328638895, 0.0000000000000000000 ) ) ;
#6496 = STYLED_ITEM ( 'NONE', ( #456 ), #2538 ) ;
#6497 = CARTESIAN_POINT ( 'NONE',  ( -0.1000000000000000611, 0.9999999999999997780, -0.02000000000000000042 ) ) ;
#6498 =( LENGTH_UNIT ( ) NAMED_UNIT ( * ) SI_UNIT ( .MILLI., .METRE. ) );
#6499 = VECTOR ( 'NONE', #5495, 1000.000000000000000 ) ;
#6500 = ADVANCED_FACE ( 'NONE', ( #3349 ), #2644, .T. ) ;
#6501 = FACE_OUTER_BOUND ( 'NONE', #792, .T. ) ;
#6502 = EDGE_LOOP ( 'NONE', ( #7225, #5368, #6009, #1576 ) ) ;
#6503 = PRESENTATION_STYLE_ASSIGNMENT (( #7043 ) ) ;
#6504 = ADVANCED_FACE ( 'NONE', ( #6410 ), #4574, .T. ) ;
#6505 = FACE_OUTER_BOUND ( 'NONE', #3465, .T. ) ;
#6506 = MECHANICAL_DESIGN_GEOMETRIC_PRESENTATION_REPRESENTATION (  '', ( #3544 ), #2450 ) ;
#6507 = ORIENTED_EDGE ( 'NONE', *, *, #1106, .T. ) ;
#6508 = PRESENTATION_LAYER_ASSIGNMENT (  '', '', ( #530 ) ) ;
#6509 =( LENGTH_UNIT ( ) NAMED_UNIT ( * ) SI_UNIT ( .MILLI., .METRE. ) );
#6510 = CARTESIAN_POINT ( 'NONE',  ( -0.1058897530892148470, 0.3285745061450576765, 0.0000000000000000000 ) ) ;
#6511 = CARTESIAN_POINT ( 'NONE',  ( -0.3107431798829544123, 0.3141316249746242129, 0.01000000000000000021 ) ) ;
#6512 = FILL_AREA_STYLE_COLOUR ( '', #3187 ) ;
#6513 = VECTOR ( 'NONE', #169, 1000.000000000000000 ) ;
#6514 = COLOUR_RGB ( '',1.000000000000000000, 1.000000000000000000, 1.000000000000000000 ) ;
#6515 = CARTESIAN_POINT ( 'NONE',  ( 0.3749999999999997224, -6.402768735150615377E-17, 0.0000000000000000000 ) ) ;
#6516 = ORIENTED_EDGE ( 'NONE', *, *, #6312, .F. ) ;
#6517 = ORIENTED_EDGE ( 'NONE', *, *, #6619, .T. ) ;
#6518 = VECTOR ( 'NONE', #639, 1000.000000000000000 ) ;
#6519 = LINE ( 'NONE', #6623, #5455 ) ;
#6520 = CARTESIAN_POINT ( 'NONE',  ( 0.2554348444008646690, 0.2679858656270192596, 0.0000000000000000000 ) ) ;
#6521 = ORIENTED_EDGE ( 'NONE', *, *, #2094, .F. ) ;
#6522 = ORIENTED_EDGE ( 'NONE', *, *, #1179, .T. ) ;
#6523 = SURFACE_STYLE_FILL_AREA ( #6113 ) ;
#6524 = CARTESIAN_POINT ( 'NONE',  ( 0.3750000000000000000, -1.509999999999999787, -0.02000000000000000042 ) ) ;
#6525 = STYLED_ITEM ( 'NONE', ( #211 ), #2819 ) ;
#6526 = VERTEX_POINT ( 'NONE', #2394 ) ;
#6527 = VECTOR ( 'NONE', #1213, 1000.000000000000000 ) ;
#6528 = SURFACE_STYLE_USAGE ( .BOTH. , #5429 ) ;
#6529 = FACE_OUTER_BOUND ( 'NONE', #6729, .T. ) ;
#6530 =( NAMED_UNIT ( * ) SI_UNIT ( $, .STERADIAN. ) SOLID_ANGLE_UNIT ( ) );
#6531 = EDGE_CURVE ( 'NONE', #1604, #2054, #4681, .T. ) ;
#6533 = EDGE_CURVE ( 'NONE', #4178, #6927, #2283, .T. ) ;
#6532 = SURFACE_STYLE_FILL_AREA ( #4802 ) ;
#6534 = FACE_OUTER_BOUND ( 'NONE', #5641, .T. ) ;
#6535 = LINE ( 'NONE', #2452, #4454 ) ;
#6536 = SURFACE_STYLE_USAGE ( .BOTH. , #3746 ) ;
#6537 =( LENGTH_UNIT ( ) NAMED_UNIT ( * ) SI_UNIT ( .MILLI., .METRE. ) );
#6538 = COLOUR_RGB ( '',1.000000000000000000, 1.000000000000000000, 1.000000000000000000 ) ;
#6539 = DIRECTION ( 'NONE',  ( 0.0000000000000000000, 1.000000000000000000, 0.0000000000000000000 ) ) ;
#6540 = UNCERTAINTY_MEASURE_WITH_UNIT (LENGTH_MEASURE( 1.000000000000000082E-05 ), #4099, 'distance_accuracy_value', 'NONE');
#6541 = DIRECTION ( 'NONE',  ( 1.000000000000000000, 0.0000000000000000000, -0.0000000000000000000 ) ) ;
#6542 = DIRECTION ( 'NONE',  ( 0.0000000000000000000, 0.0000000000000000000, 1.000000000000000000 ) ) ;
#6543 = FILL_AREA_STYLE ('',( #4318 ) ) ;
#6544 = B_SPLINE_CURVE_WITH_KNOTS ( 'NONE', 3,
 ( #2437, #29, #7015, #604, #1876, #4758, #2365, #4068, #4028 ),
 .UNSPECIFIED., .F., .F.,
 ( 4, 1, 1, 1, 1, 1, 4 ),
 ( 0.0000000000000000000, 0.08333333333333350912, 0.1666666666666667684, 0.2499999999999998335, 0.3333333333333333148, 0.4166666666666665741, 0.4999999999999998335 ),
 .UNSPECIFIED. ) ;
#6545 = CARTESIAN_POINT ( 'NONE',  ( -0.5000000000000000000, -0.6500000000000000222, 0.1799999999999999933 ) ) ;
#6546 = ORIENTED_EDGE ( 'NONE', *, *, #5602, .F. ) ;
#6547 = FILL_AREA_STYLE ('',( #4168 ) ) ;
#6548 = DIRECTION ( 'NONE',  ( 0.0000000000000000000, -0.0000000000000000000, 1.000000000000000000 ) ) ;
#6549 = CARTESIAN_POINT ( 'NONE',  ( -0.3276123140648251053, 0.3505257256572539282, 0.0000000000000000000 ) ) ;
#6550 =( NAMED_UNIT ( * ) PLANE_ANGLE_UNIT ( ) SI_UNIT ( $, .RADIAN. ) );
#6551 = CARTESIAN_POINT ( 'NONE',  ( -1.010000000000000453, 1.125000000000000222, 0.1799999999999999933 ) ) ;
#6552 = PRESENTATION_LAYER_ASSIGNMENT (  '', '', ( #5231 ) ) ;
#6553 = CARTESIAN_POINT ( 'NONE',  ( 0.7250000000000000888, -1.509999999999999787, 0.1799999999999999933 ) ) ;
#6554 = DIRECTION ( 'NONE',  ( -1.707404996040165251E-16, -1.000000000000000000, 0.0000000000000000000 ) ) ;
#6555 = VERTEX_POINT ( 'NONE', #7427 ) ;
#6556 = VERTEX_POINT ( 'NONE', #5171 ) ;
#6557 = CARTESIAN_POINT ( 'NONE',  ( 0.1828678688620049286, 0.3529647500474968891, 0.0000000000000000000 ) ) ;
#6558 = ORIENTED_EDGE ( 'NONE', *, *, #4652, .T. ) ;
#6559 = EDGE_LOOP ( 'NONE', ( #3809, #475, #3696, #5095 ) ) ;
#6560 = SURFACE_STYLE_USAGE ( .BOTH. , #2038 ) ;
#6561 = DIRECTION ( 'NONE',  ( 1.000000000000000000, 0.0000000000000000000, 0.0000000000000000000 ) ) ;
#6562 = SURFACE_STYLE_USAGE ( .BOTH. , #251 ) ;
#6563 = ORIENTED_EDGE ( 'NONE', *, *, #1178, .T. ) ;
#6564 = DIRECTION ( 'NONE',  ( 0.0000000000000000000, 1.000000000000000000, 0.0000000000000000000 ) ) ;
#6565 = CARTESIAN_POINT ( 'NONE',  ( 0.2826564347069078220, 0.2651537067391508962, 0.01000000000000000021 ) ) ;
#6566 = EDGE_CURVE ( 'NONE', #4535, #1923, #1798, .T. ) ;
#6567 = FILL_AREA_STYLE ('',( #6458 ) ) ;
#6568 =( NAMED_UNIT ( * ) SI_UNIT ( $, .STERADIAN. ) SOLID_ANGLE_UNIT ( ) );
#6569 = CARTESIAN_POINT ( 'NONE',  ( 1.000000000000000222, -0.8750000000000000000, 0.1799999999999999933 ) ) ;
#6570 = FILL_AREA_STYLE_COLOUR ( '', #1712 ) ;
#6571 = FILL_AREA_STYLE ('',( #339 ) ) ;
#6572 = CARTESIAN_POINT ( 'NONE',  ( 0.5000000000000000000, 0.6500000000000000222, 0.1799999999999999933 ) ) ;
#6573 = EDGE_CURVE ( 'NONE', #6893, #2600, #3497, .T. ) ;
#6574 = CARTESIAN_POINT ( 'NONE',  ( -0.9999999999999997780, -0.6499999999999998002, 0.1799999999999999378 ) ) ;
#6575 = DIRECTION ( 'NONE',  ( -1.000000000000000000, 0.0000000000000000000, 0.0000000000000000000 ) ) ;
#6576 = ADVANCED_FACE ( 'NONE', ( #2363 ), #5878, .T. ) ;
#6577 =( NAMED_UNIT ( * ) SI_UNIT ( $, .STERADIAN. ) SOLID_ANGLE_UNIT ( ) );
#6578 = ORIENTED_EDGE ( 'NONE', *, *, #5201, .F. ) ;
#6579 =( LENGTH_UNIT ( ) NAMED_UNIT ( * ) SI_UNIT ( .MILLI., .METRE. ) );
#6580 =( LENGTH_UNIT ( ) NAMED_UNIT ( * ) SI_UNIT ( .MILLI., .METRE. ) );
#6581 =( NAMED_UNIT ( * ) PLANE_ANGLE_UNIT ( ) SI_UNIT ( $, .RADIAN. ) );
#6582 = SURFACE_STYLE_USAGE ( .BOTH. , #4247 ) ;
#6583 = EDGE_CURVE ( 'NONE', #4329, #199, #4474, .T. ) ;
#6584 =( NAMED_UNIT ( * ) SI_UNIT ( $, .STERADIAN. ) SOLID_ANGLE_UNIT ( ) );
#6585 =( NAMED_UNIT ( * ) PLANE_ANGLE_UNIT ( ) SI_UNIT ( $, .RADIAN. ) );
#6586 = ORIENTED_EDGE ( 'NONE', *, *, #381, .T. ) ;
#6587 = ORIENTED_EDGE ( 'NONE', *, *, #6975, .F. ) ;
#6588 = STYLED_ITEM ( 'NONE', ( #3127 ), #3444 ) ;
#6589 = ORIENTED_EDGE ( 'NONE', *, *, #5753, .T. ) ;
#6590 = ORIENTED_EDGE ( 'NONE', *, *, #5729, .F. ) ;
#6591 = CARTESIAN_POINT ( 'NONE',  ( 1.000000000000000222, 1.499999999999999778, 0.1799999999999999378 ) ) ;
#6592 = PRESENTATION_STYLE_ASSIGNMENT (( #4331 ) ) ;
#6593 = FILL_AREA_STYLE_COLOUR ( '', #6390 ) ;
#6594 = VECTOR ( 'NONE', #6046, 1000.000000000000000 ) ;
#6595 = ORIENTED_EDGE ( 'NONE', *, *, #795, .F. ) ;
#6596 = VECTOR ( 'NONE', #1894, 1000.000000000000000 ) ;
#6597 =( LENGTH_UNIT ( ) NAMED_UNIT ( * ) SI_UNIT ( .MILLI., .METRE. ) );
#6598 = AXIS2_PLACEMENT_3D ( 'NONE', #2235, #6805, #4527 ) ;
#6599 = ADVANCED_FACE ( 'NONE', ( #168 ), #4782, .T. ) ;
#6600 = PRESENTATION_LAYER_ASSIGNMENT (  '', '', ( #4109 ) ) ;
#6601 = DIRECTION ( 'NONE',  ( -1.000000000000000000, 0.0000000000000000000, -0.0000000000000000000 ) ) ;
#6602 = ORIENTED_EDGE ( 'NONE', *, *, #4344, .F. ) ;
#6603 = LINE ( 'NONE', #259, #7204 ) ;
#6604 = SURFACE_STYLE_USAGE ( .BOTH. , #4886 ) ;
#6605 = LINE ( 'NONE', #5977, #4597 ) ;
#6606 = DIRECTION ( 'NONE',  ( 0.7071067811865483499, 0.7071067811865466846, 0.0000000000000000000 ) ) ;
#6607 = VECTOR ( 'NONE', #343, 1000.000000000000000 ) ;
#6608 = COLOUR_RGB ( '',1.000000000000000000, 1.000000000000000000, 1.000000000000000000 ) ;
#6609 = SURFACE_STYLE_FILL_AREA ( #3223 ) ;
#6610 = VECTOR ( 'NONE', #840, 1000.000000000000000 ) ;
#6611 =( NAMED_UNIT ( * ) SI_UNIT ( $, .STERADIAN. ) SOLID_ANGLE_UNIT ( ) );
#6612 = EDGE_CURVE ( 'NONE', #4502, #2347, #7155, .T. ) ;
#6613 = B_SPLINE_CURVE_WITH_KNOTS ( 'NONE', 3,
 ( #5150, #1661, #6242, #2263, #500 ),
 .UNSPECIFIED., .F., .F.,
 ( 4, 1, 4 ),
 ( 0.0000000000000000000, 0.4397738761604260138, 1.000000000000000000 ),
 .UNSPECIFIED. ) ;
#6614 = VERTEX_POINT ( 'NONE', #7117 ) ;
#6615 = STYLED_ITEM ( 'NONE', ( #3623 ), #2382 ) ;
#6616 = EDGE_CURVE ( 'NONE', #448, #5344, #7051, .T. ) ;
#6617 = PRESENTATION_STYLE_ASSIGNMENT (( #3831 ) ) ;
#6618 = SURFACE_STYLE_FILL_AREA ( #957 ) ;
#6619 = EDGE_CURVE ( 'NONE', #1005, #4535, #4207, .T. ) ;
#6620 = FILL_AREA_STYLE ('',( #4357 ) ) ;
#6621 = EDGE_LOOP ( 'NONE', ( #2541, #3044, #2555, #5966 ) ) ;
#6622 = ORIENTED_EDGE ( 'NONE', *, *, #455, .T. ) ;
#6623 = CARTESIAN_POINT ( 'NONE',  ( -0.9999999999999995559, -1.500000000000000222, 0.0000000000000000000 ) ) ;
#6624 = CARTESIAN_POINT ( 'NONE',  ( -0.6356538322578362266, 1.056879076697043507, 0.9400000000000000577 ) ) ;
#6625 = ORIENTED_EDGE ( 'NONE', *, *, #4990, .T. ) ;
#6626 = ORIENTED_EDGE ( 'NONE', *, *, #2982, .T. ) ;
#6627 = AXIS2_PLACEMENT_3D ( 'NONE', #7297, #4488, #514 ) ;
#6628 = CARTESIAN_POINT ( 'NONE',  ( -0.1000000000000000611, 1.509999999999999787, -0.02000000000000000042 ) ) ;
#6629 = LINE ( 'NONE', #6082, #3287 ) ;
#6630 = ORIENTED_EDGE ( 'NONE', *, *, #1827, .F. ) ;
#6631 = CARTESIAN_POINT ( 'NONE',  ( -0.7250000000000000888, -1.125000000000000222, 0.1799999999999999933 ) ) ;
#6632 = FILL_AREA_STYLE ('',( #6011 ) ) ;
#6633 = MECHANICAL_DESIGN_GEOMETRIC_PRESENTATION_REPRESENTATION (  '', ( #1736 ), #3670 ) ;
#6634 = PRESENTATION_LAYER_ASSIGNMENT (  '', '', ( #4958 ) ) ;
#6635 = FILL_AREA_STYLE ('',( #4371 ) ) ;
#6636 = ORIENTED_EDGE ( 'NONE', *, *, #4844, .F. ) ;
#6637 = B_SPLINE_SURFACE_WITH_KNOTS ( 'NONE', 3, 1, ( 
 ( #1362, #4667 ),
 ( #3668, #7066 ),
 ( #756, #656 ),
 ( #1322, #6993 ),
 ( #2408, #2918 ),
 ( #1247, #616 ) ),
 .UNSPECIFIED., .F., .F., .F.,
 ( 4, 1, 1, 4 ),
 ( 2, 2 ),
 ( 0.0000000000000000000, 0.3333721544671729431, 0.6657152054420516496, 1.000000000000000000 ),
 ( 0.0000000000000000000, 1.000000000000000000 ),
 .UNSPECIFIED. ) ;
#6638 = PRESENTATION_STYLE_ASSIGNMENT (( #946 ) ) ;
#6639 = CARTESIAN_POINT ( 'NONE',  ( 1.010000000000000453, 1.125000000000000222, 0.1799999999999999933 ) ) ;
#6640 = ADVANCED_FACE ( 'NONE', ( #1996 ), #2454, .T. ) ;
#6641 = AXIS2_PLACEMENT_3D ( 'NONE', #2988, #4039, #824 ) ;
#6642 = UNCERTAINTY_MEASURE_WITH_UNIT (LENGTH_MEASURE( 1.000000000000000082E-05 ), #4008, 'distance_accuracy_value', 'NONE');
#6643 =( LENGTH_UNIT ( ) NAMED_UNIT ( * ) SI_UNIT ( .MILLI., .METRE. ) );
#6644 =( GEOMETRIC_REPRESENTATION_CONTEXT ( 3 ) GLOBAL_UNCERTAINTY_ASSIGNED_CONTEXT ( ( #4915 ) ) GLOBAL_UNIT_ASSIGNED_CONTEXT ( ( #496, #2223, #3968 ) ) REPRESENTATION_CONTEXT ( 'NONE', 'WORKASPACE' ) );
#6645 = UNCERTAINTY_MEASURE_WITH_UNIT (LENGTH_MEASURE( 1.000000000000000082E-05 ), #4560, 'distance_accuracy_value', 'NONE');
#6646 = FACE_OUTER_BOUND ( 'NONE', #30, .T. ) ;
#6647 =( LENGTH_UNIT ( ) NAMED_UNIT ( * ) SI_UNIT ( .MILLI., .METRE. ) );
#6648 = VERTEX_POINT ( 'NONE', #3626 ) ;
#6649 = EDGE_CURVE ( 'NONE', #596, #529, #762, .T. ) ;
#6650 = VERTEX_POINT ( 'NONE', #726 ) ;
#6651 =( LENGTH_UNIT ( ) NAMED_UNIT ( * ) SI_UNIT ( .MILLI., .METRE. ) );
#6652 = COLOUR_RGB ( '',1.000000000000000000, 1.000000000000000000, 1.000000000000000000 ) ;
#6653 = SURFACE_STYLE_FILL_AREA ( #2189 ) ;
#6654 = DIRECTION ( 'NONE',  ( 0.0000000000000000000, 1.000000000000000000, 0.0000000000000000000 ) ) ;
#6655 = FILL_AREA_STYLE ('',( #431 ) ) ;
#6656 = CARTESIAN_POINT ( 'NONE',  ( -0.5000000000000000000, 0.6500000000000000222, -0.02000000000000000042 ) ) ;
#6657 = VECTOR ( 'NONE', #5563, 1000.000000000000000 ) ;
#6658 = CARTESIAN_POINT ( 'NONE',  ( -1.009999999999998455, 0.4000000000000000222, 0.1799999999999999933 ) ) ;
#6659 = CARTESIAN_POINT ( 'NONE',  ( -0.8346014097487851613, 1.255826654187992331, 0.9399999999999999467 ) ) ;
#6660 = VERTEX_POINT ( 'NONE', #1856 ) ;
#6661 = ORIENTED_EDGE ( 'NONE', *, *, #4966, .T. ) ;
#6662 = B_SPLINE_CURVE_WITH_KNOTS ( 'NONE', 3,
 ( #5467, #4839, #3777, #1317, #4332 ),
 .UNSPECIFIED., .F., .F.,
 ( 4, 1, 4 ),
 ( 0.0000000000000000000, 0.5000000000000002220, 0.9999937878787876766 ),
 .UNSPECIFIED. ) ;
#6663 = CARTESIAN_POINT ( 'NONE',  ( -0.3750000000000000000, 1.509999999999999787, 0.1799999999999999933 ) ) ;
#6664 = COLOUR_RGB ( '',0.7529411764705882248, 0.7529411764705882248, 0.7529411764705882248 ) ;
#6665 = DIRECTION ( 'NONE',  ( 0.0000000000000000000, -0.0000000000000000000, 1.000000000000000000 ) ) ;
#6666 = PRESENTATION_LAYER_ASSIGNMENT (  '', '', ( #2975 ) ) ;
#6667 = ORIENTED_EDGE ( 'NONE', *, *, #4931, .F. ) ;
#6668 = CARTESIAN_POINT ( 'NONE',  ( 0.2577535395937128326, 0.2483915793157896179, 0.01000000000000000021 ) ) ;
#6669 = CARTESIAN_POINT ( 'NONE',  ( -0.2735345701623860259, 0.2066232866328634732, 0.0000000000000000000 ) ) ;
#6670 = CARTESIAN_POINT ( 'NONE',  ( -0.3321092652843373183, 0.2703427988279857308, 0.01000000000000000021 ) ) ;
#6671 = VERTEX_POINT ( 'NONE', #112 ) ;
#6672 = CARTESIAN_POINT ( 'NONE',  ( -0.1000000000000000611, 0.9999999999999997780, -0.02000000000000000042 ) ) ;
#6673 = EDGE_CURVE ( 'NONE', #4096, #1557, #3517, .T. ) ;
#6674 = SURFACE_STYLE_USAGE ( .BOTH. , #6784 ) ;
#6675 = CARTESIAN_POINT ( 'NONE',  ( -0.01053914333311698273, 0.1541842622426184695, 0.0000000000000000000 ) ) ;
#6676 = ORIENTED_EDGE ( 'NONE', *, *, #84, .F. ) ;
#6677 = DIRECTION ( 'NONE',  ( -0.0000000000000000000, 1.000000000000000000, -0.0000000000000000000 ) ) ;
#6678 = SURFACE_STYLE_FILL_AREA ( #4374 ) ;
#6679 = SURFACE_STYLE_FILL_AREA ( #2178 ) ;
#6680 = CARTESIAN_POINT ( 'NONE',  ( 0.4040950030083466094, 0.3505257256572531510, 0.0000000000000000000 ) ) ;
#6681 = SURFACE_STYLE_USAGE ( .BOTH. , #951 ) ;
#6682 = FILL_AREA_STYLE_COLOUR ( '', #5050 ) ;
#6683 = COLOUR_RGB ( '',0.7529411764705882248, 0.7529411764705882248, 0.7529411764705882248 ) ;
#6684 = ORIENTED_EDGE ( 'NONE', *, *, #2117, .T. ) ;
#6685 = FACE_BOUND ( 'NONE', #3701, .T. ) ;
#6686 = DIRECTION ( 'NONE',  ( 1.000000000000000000, -0.0000000000000000000, -0.0000000000000000000 ) ) ;
#6687 = EDGE_LOOP ( 'NONE', ( #5525, #4693, #3002, #6034 ) ) ;
#6688 = ORIENTED_EDGE ( 'NONE', *, *, #3395, .F. ) ;
#6689 = CARTESIAN_POINT ( 'NONE',  ( -0.3763928018697035305, 0.1505257256572542224, 0.0000000000000000000 ) ) ;
#6690 = EDGE_LOOP ( 'NONE', ( #3728, #302, #3689, #4300, #2222, #241 ) ) ;
#6691 = CARTESIAN_POINT ( 'NONE',  ( -0.7250000000000000888, 0.0000000000000000000, 0.0000000000000000000 ) ) ;
#6692 = CARTESIAN_POINT ( 'NONE',  ( -1.000000000000000222, 0.4000000000000000222, 0.0000000000000000000 ) ) ;
#6693 = CARTESIAN_POINT ( 'NONE',  ( -1.000000000000000222, 1.499999999999999778, 0.1799999999999999378 ) ) ;
#6694 = VERTEX_POINT ( 'NONE', #4637 ) ;
#6695 = PRESENTATION_STYLE_ASSIGNMENT (( #3957 ) ) ;
#6696 = DIRECTION ( 'NONE',  ( 1.000000000000000000, 0.0000000000000000000, 0.0000000000000000000 ) ) ;
#6697 = VECTOR ( 'NONE', #3698, 1000.000000000000000 ) ;
#6698 =( NAMED_UNIT ( * ) SI_UNIT ( $, .STERADIAN. ) SOLID_ANGLE_UNIT ( ) );
#6699 = ORIENTED_EDGE ( 'NONE', *, *, #2353, .T. ) ;
#6700 = ADVANCED_FACE ( 'NONE', ( #1896 ), #1782, .T. ) ;
#6701 = COLOUR_RGB ( '',0.7529411764705882248, 0.7529411764705882248, 0.7529411764705882248 ) ;
#6702 = COLOUR_RGB ( '',1.000000000000000000, 1.000000000000000000, 1.000000000000000000 ) ;
#6703 = EDGE_CURVE ( 'NONE', #901, #2834, #151, .T. ) ;
#6704 = UNCERTAINTY_MEASURE_WITH_UNIT (LENGTH_MEASURE( 1.000000000000000082E-05 ), #2825, 'distance_accuracy_value', 'NONE');
#6705 = CARTESIAN_POINT ( 'NONE',  ( 1.010000000000001785, -0.4000000000000000222, 0.1799999999999999933 ) ) ;
#6706 = DIRECTION ( 'NONE',  ( -7.228014483236695816E-17, 1.000000000000000000, -0.0000000000000000000 ) ) ;
#6707 = PLANE ( 'NONE',  #122 ) ;
#6708 = PRESENTATION_LAYER_ASSIGNMENT (  '', '', ( #2664 ) ) ;
#6709 = CARTESIAN_POINT ( 'NONE',  ( -0.3101199360160445950, 0.3121110915109124306, 0.0000000000000000000 ) ) ;
#6710 =( GEOMETRIC_REPRESENTATION_CONTEXT ( 3 ) GLOBAL_UNCERTAINTY_ASSIGNED_CONTEXT ( ( #1094 ) ) GLOBAL_UNIT_ASSIGNED_CONTEXT ( ( #4249, #6585, #6033 ) ) REPRESENTATION_CONTEXT ( 'NONE', 'WORKASPACE' ) );
#6711 = CARTESIAN_POINT ( 'NONE',  ( 0.1908328078863958666, 0.1480867012670087912, 0.0000000000000000000 ) ) ;
#6712 =( GEOMETRIC_REPRESENTATION_CONTEXT ( 3 ) GLOBAL_UNCERTAINTY_ASSIGNED_CONTEXT ( ( #3355 ) ) GLOBAL_UNIT_ASSIGNED_CONTEXT ( ( #6647, #4412, #6757 ) ) REPRESENTATION_CONTEXT ( 'NONE', 'WORKASPACE' ) );
#6713 = DIRECTION ( 'NONE',  ( 0.0000000000000000000, 1.000000000000000000, 0.0000000000000000000 ) ) ;
#6714 = ORIENTED_EDGE ( 'NONE', *, *, #6087, .F. ) ;
#6715 = PLANE ( 'NONE',  #7430 ) ;
#6716 = AXIS2_PLACEMENT_3D ( 'NONE', #1873, #1343, #3539 ) ;
#6717 = LINE ( 'NONE', #6100, #6883 ) ;
#6718 = STYLED_ITEM ( 'NONE', ( #4415 ), #1805 ) ;
#6719 = PRESENTATION_LAYER_ASSIGNMENT (  '', '', ( #5782 ) ) ;
#6720 = FILL_AREA_STYLE_COLOUR ( '', #6494 ) ;
#6721 = DIRECTION ( 'NONE',  ( -0.0000000000000000000, 0.0000000000000000000, 1.000000000000000000 ) ) ;
#6722 = EDGE_CURVE ( 'NONE', #518, #4005, #5292, .T. ) ;
#6723 =( LENGTH_UNIT ( ) NAMED_UNIT ( * ) SI_UNIT ( .MILLI., .METRE. ) );
#6724 = CARTESIAN_POINT ( 'NONE',  ( 0.1456405430869187057, 0.1565755536227996514, 0.01000000000000000021 ) ) ;
#6725 = AXIS2_PLACEMENT_3D ( 'NONE', #6572, #372, #2572 ) ;
#6726 = COLOUR_RGB ( '',1.000000000000000000, 1.000000000000000000, 1.000000000000000000 ) ;
#6727 = EDGE_CURVE ( 'NONE', #6893, #4816, #7033, .T. ) ;
#6728 = ORIENTED_EDGE ( 'NONE', *, *, #758, .T. ) ;
#6729 = EDGE_LOOP ( 'NONE', ( #6002, #4913, #817, #2667, #5812, #3241 ) ) ;
#6730 = CARTESIAN_POINT ( 'NONE',  ( 0.2577535395937128326, 0.2483915793157896179, 0.01000000000000000021 ) ) ;
#6731 = FILL_AREA_STYLE ('',( #4978 ) ) ;
#6732 = ORIENTED_EDGE ( 'NONE', *, *, #2141, .F. ) ;
#6733 = LINE ( 'NONE', #6691, #7207 ) ;
#6734 = DIRECTION ( 'NONE',  ( 1.707404996040163525E-16, 1.000000000000000000, 0.0000000000000000000 ) ) ;
#6735 = LINE ( 'NONE', #1610, #1138 ) ;
#6736 =( NAMED_UNIT ( * ) PLANE_ANGLE_UNIT ( ) SI_UNIT ( $, .RADIAN. ) );
#6737 = ORIENTED_EDGE ( 'NONE', *, *, #5984, .T. ) ;
#6738 = ADVANCED_FACE ( 'NONE', ( #621 ), #660, .T. ) ;
#6739 =( LENGTH_UNIT ( ) NAMED_UNIT ( * ) SI_UNIT ( .MILLI., .METRE. ) );
#6740 =( LENGTH_UNIT ( ) NAMED_UNIT ( * ) SI_UNIT ( .MILLI., .METRE. ) );
#6741 = PRESENTATION_LAYER_ASSIGNMENT (  '', '', ( #3676 ) ) ;
#6742 = ADVANCED_FACE ( 'NONE', ( #7174 ), #1974, .T. ) ;
#6743 =( NAMED_UNIT ( * ) PLANE_ANGLE_UNIT ( ) SI_UNIT ( $, .RADIAN. ) );
#6744 = STYLED_ITEM ( 'NONE', ( #4972 ), #7342 ) ;
#6745 = VERTEX_POINT ( 'NONE', #4343 ) ;
#6746 = VECTOR ( 'NONE', #2024, 1000.000000000000000 ) ;
#6747 =( NAMED_UNIT ( * ) SI_UNIT ( $, .STERADIAN. ) SOLID_ANGLE_UNIT ( ) );
#6748 =( NAMED_UNIT ( * ) PLANE_ANGLE_UNIT ( ) SI_UNIT ( $, .RADIAN. ) );
#6749 = FILL_AREA_STYLE_COLOUR ( '', #4852 ) ;
#6750 = FILL_AREA_STYLE ('',( #5 ) ) ;
#6751 = VECTOR ( 'NONE', #2027, 1000.000000000000000 ) ;
#6752 = UNCERTAINTY_MEASURE_WITH_UNIT (LENGTH_MEASURE( 1.000000000000000082E-05 ), #5875, 'distance_accuracy_value', 'NONE');
#6753 = EDGE_CURVE ( 'NONE', #1794, #6762, #1524, .T. ) ;
#6754 =( NAMED_UNIT ( * ) SI_UNIT ( $, .STERADIAN. ) SOLID_ANGLE_UNIT ( ) );
#6755 =( GEOMETRIC_REPRESENTATION_CONTEXT ( 3 ) GLOBAL_UNCERTAINTY_ASSIGNED_CONTEXT ( ( #3283 ) ) GLOBAL_UNIT_ASSIGNED_CONTEXT ( ( #2974, #5138, #5273 ) ) REPRESENTATION_CONTEXT ( 'NONE', 'WORKASPACE' ) );
#6756 = LINE ( 'NONE', #3933, #1763 ) ;
#6757 =( NAMED_UNIT ( * ) SI_UNIT ( $, .STERADIAN. ) SOLID_ANGLE_UNIT ( ) );
#6758 = CARTESIAN_POINT ( 'NONE',  ( 1.010000000000000453, 0.8750000000000000000, 0.1799999999999999933 ) ) ;
#6759 =( GEOMETRIC_REPRESENTATION_CONTEXT ( 3 ) GLOBAL_UNCERTAINTY_ASSIGNED_CONTEXT ( ( #1023 ) ) GLOBAL_UNIT_ASSIGNED_CONTEXT ( ( #2083, #4378, #2118 ) ) REPRESENTATION_CONTEXT ( 'NONE', 'WORKASPACE' ) );
#6760 = VECTOR ( 'NONE', #2710, 1000.000000000000000 ) ;
#6761 = CARTESIAN_POINT ( 'NONE',  ( -0.6356538322578362266, 1.056879076697043507, 0.9399999999999999467 ) ) ;
#6762 = VERTEX_POINT ( 'NONE', #801 ) ;
#6763 =( NAMED_UNIT ( * ) PLANE_ANGLE_UNIT ( ) SI_UNIT ( $, .RADIAN. ) );
#6764 = COLOUR_RGB ( '',0.2509803921568627416, 0.2509803921568627416, 0.2509803921568627416 ) ;
#6765 =( LENGTH_UNIT ( ) NAMED_UNIT ( * ) SI_UNIT ( .MILLI., .METRE. ) );
#6766 = CARTESIAN_POINT ( 'NONE',  ( 1.010000000000000009, -0.1000000000000000056, 0.1799999999999999933 ) ) ;
#6767 = LINE ( 'NONE', #3866, #274 ) ;
#6768 = COLOUR_RGB ( '',0.7529411764705882248, 0.7529411764705882248, 0.7529411764705882248 ) ;
#6769 = ORIENTED_EDGE ( 'NONE', *, *, #5478, .F. ) ;
#6770 = SURFACE_STYLE_FILL_AREA ( #3946 ) ;
#6771 = LINE ( 'NONE', #477, #6190 ) ;
#6772 =( NAMED_UNIT ( * ) SI_UNIT ( $, .STERADIAN. ) SOLID_ANGLE_UNIT ( ) );
#6773 = VERTEX_POINT ( 'NONE', #5438 ) ;
#6774 = CARTESIAN_POINT ( 'NONE',  ( 0.0000000000000000000, 1.125000000000000222, 0.0000000000000000000 ) ) ;
#6775 = STYLED_ITEM ( 'NONE', ( #7160 ), #4702 ) ;
#6776 = FILL_AREA_STYLE ('',( #1609 ) ) ;
#6777 = FACE_OUTER_BOUND ( 'NONE', #290, .T. ) ;
#6778 = SURFACE_SIDE_STYLE ('',( #4464 ) ) ;
#6779 = FILL_AREA_STYLE_COLOUR ( '', #2938 ) ;
#6780 = EDGE_LOOP ( 'NONE', ( #6303, #2197, #7391, #5957 ) ) ;
#6781 = DIRECTION ( 'NONE',  ( 0.0000000000000000000, 0.0000000000000000000, -1.000000000000000000 ) ) ;
#6782 = SURFACE_STYLE_FILL_AREA ( #973 ) ;
#6783 = EDGE_LOOP ( 'NONE', ( #4243, #4204, #2196, #1705 ) ) ;
#6784 = SURFACE_SIDE_STYLE ('',( #2172 ) ) ;
#6785 = UNCERTAINTY_MEASURE_WITH_UNIT (LENGTH_MEASURE( 1.000000000000000082E-05 ), #5357, 'distance_accuracy_value', 'NONE');
#6786 = MECHANICAL_DESIGN_GEOMETRIC_PRESENTATION_REPRESENTATION (  '', ( #2610 ), #6432 ) ;
#6787 = COLOUR_RGB ( '',0.7529411764705882248, 0.7529411764705882248, 0.7529411764705882248 ) ;
#6788 = CARTESIAN_POINT ( 'NONE',  ( -0.04956353357701962642, 0.1505257256572527513, 0.0000000000000000000 ) ) ;
#6789 = ORIENTED_EDGE ( 'NONE', *, *, #5003, .T. ) ;
#6790 = UNCERTAINTY_MEASURE_WITH_UNIT (LENGTH_MEASURE( 1.000000000000000082E-05 ), #99, 'distance_accuracy_value', 'NONE');
#6791 =( LENGTH_UNIT ( ) NAMED_UNIT ( * ) SI_UNIT ( .MILLI., .METRE. ) );
#6792 = B_SPLINE_CURVE_WITH_KNOTS ( 'NONE', 3,
 ( #2370, #6944, #5314, #5278, #33 ),
 .UNSPECIFIED., .F., .F.,
 ( 4, 1, 4 ),
 ( 0.0000000000000000000, 0.4400102286265294982, 0.9999999999999998890 ),
 .UNSPECIFIED. ) ;
#6793 = ADVANCED_FACE ( 'NONE', ( #831 ), #3823, .F. ) ;
#6794 = ORIENTED_EDGE ( 'NONE', *, *, #4620, .T. ) ;
#6795 = LINE ( 'NONE', #6314, #3136 ) ;
#6796 = FILL_AREA_STYLE_COLOUR ( '', #870 ) ;
#6797 = DIRECTION ( 'NONE',  ( 0.0000000000000000000, -1.000000000000000000, -0.0000000000000000000 ) ) ;
#6798 = UNCERTAINTY_MEASURE_WITH_UNIT (LENGTH_MEASURE( 1.000000000000000082E-05 ), #4672, 'distance_accuracy_value', 'NONE');
#6799 = CARTESIAN_POINT ( 'NONE',  ( 0.0000000000000000000, 0.1000000000000000056, 0.0000000000000000000 ) ) ;
#6800 = DIRECTION ( 'NONE',  ( -2.168404344971009115E-16, 1.000000000000000000, 0.0000000000000000000 ) ) ;
#6801 = LINE ( 'NONE', #2231, #2179 ) ;
#6802 = SURFACE_SIDE_STYLE ('',( #5036 ) ) ;
#6803 = CARTESIAN_POINT ( 'NONE',  ( -0.7250000000000000888, -1.125000000000000222, 0.1799999999999999933 ) ) ;
#6804 = ORIENTED_EDGE ( 'NONE', *, *, #4840, .T. ) ;
#6805 = DIRECTION ( 'NONE',  ( 0.0000000000000000000, -1.000000000000000000, 0.0000000000000000000 ) ) ;
#6806 = DIRECTION ( 'NONE',  ( 1.000000000000000000, 0.0000000000000000000, -0.0000000000000000000 ) ) ;
#6807 = PRESENTATION_STYLE_ASSIGNMENT (( #5758 ) ) ;
#6808 = EDGE_CURVE ( 'NONE', #7182, #2136, #4408, .T. ) ;
#6809 = EDGE_CURVE ( 'NONE', #3582, #5154, #2976, .T. ) ;
#6810 = SURFACE_SIDE_STYLE ('',( #2159 ) ) ;
#6811 = VERTEX_POINT ( 'NONE', #5148 ) ;
#6812 = SURFACE_SIDE_STYLE ('',( #6770 ) ) ;
#6813 = FILL_AREA_STYLE ('',( #1832 ) ) ;
#6814 = MECHANICAL_DESIGN_GEOMETRIC_PRESENTATION_REPRESENTATION (  '', ( #712 ), #3967 ) ;
#6815 = ORIENTED_EDGE ( 'NONE', *, *, #2141, .T. ) ;
#6816 = DIRECTION ( 'NONE',  ( 0.0000000000000000000, 0.0000000000000000000, 1.000000000000000000 ) ) ;
#6817 = ADVANCED_FACE ( 'NONE', ( #3284 ), #1139, .T. ) ;
#6818 = CARTESIAN_POINT ( 'NONE',  ( -0.2802799969916542344, 0.2285745061450588089, 0.01000000000000000021 ) ) ;
#6819 = CARTESIAN_POINT ( 'NONE',  ( -1.000000000000000000, 0.4000000000000000222, 0.1799999999999999933 ) ) ;
#6820 = ORIENTED_EDGE ( 'NONE', *, *, #776, .T. ) ;
#6821 = SURFACE_STYLE_USAGE ( .BOTH. , #3880 ) ;
#6822 = STYLED_ITEM ( 'NONE', ( #4451 ), #149 ) ;
#6823 = DIRECTION ( 'NONE',  ( 0.0000000000000000000, 0.0000000000000000000, -1.000000000000000000 ) ) ;
#6824 = EDGE_LOOP ( 'NONE', ( #5131, #2581, #2476, #6473 ) ) ;
#6825 = DIRECTION ( 'NONE',  ( 0.0000000000000000000, 1.000000000000000000, -0.0000000000000000000 ) ) ;
#6826 = ORIENTED_EDGE ( 'NONE', *, *, #5185, .T. ) ;
#6827 = B_SPLINE_SURFACE_WITH_KNOTS ( 'NONE', 3, 1, ( 
 ( #5135, #6261 ),
 ( #1125, #5691 ),
 ( #562, #7423 ),
 ( #6854, #4025 ),
 ( #2939, #2358 ) ),
 .UNSPECIFIED., .F., .F., .F.,
 ( 4, 1, 4 ),
 ( 2, 2 ),
 ( 0.0000000000000000000, 0.4456072668541568027, 1.000000000000000000 ),
 ( 0.0000000000000000000, 1.000000000000000000 ),
 .UNSPECIFIED. ) ;
#6828 = CARTESIAN_POINT ( 'NONE',  ( -0.0007830457721411155942, 0.2444281646816428843, 0.0000000000000000000 ) ) ;
#6829 = FILL_AREA_STYLE ('',( #370 ) ) ;
#6830 = PRESENTATION_STYLE_ASSIGNMENT (( #1580 ) ) ;
#6831 = LINE ( 'NONE', #3891, #3374 ) ;
#6832 =( GEOMETRIC_REPRESENTATION_CONTEXT ( 3 ) GLOBAL_UNCERTAINTY_ASSIGNED_CONTEXT ( ( #6798 ) ) GLOBAL_UNIT_ASSIGNED_CONTEXT ( ( #4672, #1259, #1151 ) ) REPRESENTATION_CONTEXT ( 'NONE', 'WORKASPACE' ) );
#6833 = EDGE_CURVE ( 'NONE', #3925, #355, #5703, .T. ) ;
#6834 = PRESENTATION_STYLE_ASSIGNMENT (( #7404 ) ) ;
#6835 = MECHANICAL_DESIGN_GEOMETRIC_PRESENTATION_REPRESENTATION (  '', ( #6588 ), #2769 ) ;
#6836 = CARTESIAN_POINT ( 'NONE',  ( -0.005661094552629298421, 0.3285745061450575100, 0.0000000000000000000 ) ) ;
#6837 = DIRECTION ( 'NONE',  ( -1.000000000000000000, -0.0000000000000000000, -0.0000000000000000000 ) ) ;
#6838 = CARTESIAN_POINT ( 'NONE',  ( -1.010000000000000453, -0.8750000000000000000, -0.02000000000000000042 ) ) ;
#6839 = VERTEX_POINT ( 'NONE', #6276 ) ;
#6840 = AXIS2_PLACEMENT_3D ( 'NONE', #7417, #2275, #2857 ) ;
#6841 = LINE ( 'NONE', #1150, #3674 ) ;
#6842 = LINE ( 'NONE', #2963, #5155 ) ;
#6843 = FILL_AREA_STYLE ('',( #7414 ) ) ;
#6844 =( NAMED_UNIT ( * ) SI_UNIT ( $, .STERADIAN. ) SOLID_ANGLE_UNIT ( ) );
#6845 = VECTOR ( 'NONE', #6677, 1000.000000000000000 ) ;
#6846 = STYLED_ITEM ( 'NONE', ( #3471 ), #4081 ) ;
#6847 = ORIENTED_EDGE ( 'NONE', *, *, #7171, .T. ) ;
#6848 = CARTESIAN_POINT ( 'NONE',  ( -0.1058897530892148470, 0.3285745061450576210, 0.01000000000000000021 ) ) ;
#6849 = EDGE_CURVE ( 'NONE', #4841, #2260, #6204, .T. ) ;
#6850 = FACE_OUTER_BOUND ( 'NONE', #294, .T. ) ;
#6851 = CARTESIAN_POINT ( 'NONE',  ( -0.6226458158190147918, 1.129698944080104184, 0.9499999999999999556 ) ) ;
#6852 = EDGE_CURVE ( 'NONE', #5232, #943, #1024, .T. ) ;
#6853 = EDGE_LOOP ( 'NONE', ( #3310, #4202, #5041, #5052 ) ) ;
#6854 = CARTESIAN_POINT ( 'NONE',  ( -0.1783420192627839795, 0.2767418749032752867, 0.0000000000000000000 ) ) ;
#6855 = SURFACE_STYLE_FILL_AREA ( #6443 ) ;
#6856 = FILL_AREA_STYLE_COLOUR ( '', #3361 ) ;
#6857 = AXIS2_PLACEMENT_3D ( 'NONE', #7116, #4825, #4680 ) ;
#6858 = DIRECTION ( 'NONE',  ( 2.168404344971008868E-16, -1.000000000000000000, 0.0000000000000000000 ) ) ;
#6859 =( GEOMETRIC_REPRESENTATION_CONTEXT ( 3 ) GLOBAL_UNCERTAINTY_ASSIGNED_CONTEXT ( ( #5359 ) ) GLOBAL_UNIT_ASSIGNED_CONTEXT ( ( #3256, #3293, #3188 ) ) REPRESENTATION_CONTEXT ( 'NONE', 'WORKASPACE' ) );
#6860 = DIRECTION ( 'NONE',  ( 0.0000000000000000000, 1.000000000000000000, 0.0000000000000000000 ) ) ;
#6861 = FILL_AREA_STYLE_COLOUR ( '', #6265 ) ;
#6862 = ORIENTED_EDGE ( 'NONE', *, *, #5257, .F. ) ;
#6863 = EDGE_LOOP ( 'NONE', ( #4057, #2332, #3125, #670 ) ) ;
#6864 = UNCERTAINTY_MEASURE_WITH_UNIT (LENGTH_MEASURE( 1.000000000000000082E-05 ), #1924, 'distance_accuracy_value', 'NONE');
#6865 = PLANE ( 'NONE',  #7246 ) ;
#6866 =( GEOMETRIC_REPRESENTATION_CONTEXT ( 3 ) GLOBAL_UNCERTAINTY_ASSIGNED_CONTEXT ( ( #2684 ) ) GLOBAL_UNIT_ASSIGNED_CONTEXT ( ( #2151, #4411, #7369 ) ) REPRESENTATION_CONTEXT ( 'NONE', 'WORKASPACE' ) );
#6867 = ORIENTED_EDGE ( 'NONE', *, *, #3952, .T. ) ;
#6868 = DIRECTION ( 'NONE',  ( 2.168404344971008868E-16, -1.000000000000000000, 0.0000000000000000000 ) ) ;
#6869 = CARTESIAN_POINT ( 'NONE',  ( -0.3471626189428738685, 0.2285745061450590032, 0.0000000000000000000 ) ) ;
#6870 = ORIENTED_EDGE ( 'NONE', *, *, #3401, .T. ) ;
#6871 = FILL_AREA_STYLE_COLOUR ( '', #2107 ) ;
#6872 = CARTESIAN_POINT ( 'NONE',  ( -0.3164324047911060145, 0.3147192960857695954, 0.01000000000000000021 ) ) ;
#6873 = DIRECTION ( 'NONE',  ( 0.0000000000000000000, 0.0000000000000000000, 1.000000000000000000 ) ) ;
#6874 = UNCERTAINTY_MEASURE_WITH_UNIT (LENGTH_MEASURE( 1.000000000000000082E-05 ), #2797, 'distance_accuracy_value', 'NONE');
#6875 = CARTESIAN_POINT ( 'NONE',  ( 0.4040950030083466094, 0.0000000000000000000, 0.01000000000000000021 ) ) ;
#6876 = EDGE_CURVE ( 'NONE', #5211, #1922, #457, .T. ) ;
#6877 = ADVANCED_FACE ( 'NONE', ( #5663 ), #1498, .T. ) ;
#6878 = STYLED_ITEM ( 'NONE', ( #6344 ), #2626 ) ;
#6879 = CARTESIAN_POINT ( 'NONE',  ( 0.0000000000000000000, -1.125000000000000222, 0.0000000000000000000 ) ) ;
#6880 = SURFACE_SIDE_STYLE ('',( #3590 ) ) ;
#6881 = AXIS2_PLACEMENT_3D ( 'NONE', #6103, #930, #5487 ) ;
#6882 = CARTESIAN_POINT ( 'NONE',  ( 0.0000000000000000000, 0.2066232866328634732, 0.01000000000000000021 ) ) ;
#6883 = VECTOR ( 'NONE', #996, 1000.000000000000000 ) ;
#6884 = CARTESIAN_POINT ( 'NONE',  ( -0.6226458158190147918, 1.105425654952417069, 0.9399999999999999467 ) ) ;
#6885 = ORIENTED_EDGE ( 'NONE', *, *, #3409, .T. ) ;
#6886 = AXIS2_PLACEMENT_3D ( 'NONE', #3797, #6139, #3298 ) ;
#6887 = AXIS2_PLACEMENT_3D ( 'NONE', #3209, #7095, #4764 ) ;
#6888 = CARTESIAN_POINT ( 'NONE',  ( 0.5000000000000000000, 0.6500000000000000222, 0.1799999999999999933 ) ) ;
#6889 =( GEOMETRIC_REPRESENTATION_CONTEXT ( 3 ) GLOBAL_UNCERTAINTY_ASSIGNED_CONTEXT ( ( #4994 ) ) GLOBAL_UNIT_ASSIGNED_CONTEXT ( ( #2383, #2345, #3107 ) ) REPRESENTATION_CONTEXT ( 'NONE', 'WORKASPACE' ) );
#6890 = B_SPLINE_CURVE_WITH_KNOTS ( 'NONE', 3,
 ( #300, #6675, #4269, #4882, #942 ),
 .UNSPECIFIED., .F., .F.,
 ( 4, 1, 4 ),
 ( 0.0000000000000000000, 0.5000000000000000000, 0.9999772222222209628 ),
 .UNSPECIFIED. ) ;
#6891 = EDGE_CURVE ( 'NONE', #2260, #248, #4051, .T. ) ;
#6892 = SURFACE_STYLE_USAGE ( .BOTH. , #5939 ) ;
#6893 = VERTEX_POINT ( 'NONE', #6381 ) ;
#6894 = FACE_BOUND ( 'NONE', #6339, .T. ) ;
#6895 = ORIENTED_EDGE ( 'NONE', *, *, #7287, .T. ) ;
#6896 = FACE_OUTER_BOUND ( 'NONE', #519, .T. ) ;
#6897 = SURFACE_SIDE_STYLE ('',( #6855 ) ) ;
#6898 = CARTESIAN_POINT ( 'NONE',  ( -0.0007830457721411253520, 0.2407696280962769997, 0.0000000000000000000 ) ) ;
#6899 = PLANE ( 'NONE',  #2510 ) ;
#6900 =( NAMED_UNIT ( * ) SI_UNIT ( $, .STERADIAN. ) SOLID_ANGLE_UNIT ( ) );
#6901 = UNCERTAINTY_MEASURE_WITH_UNIT (LENGTH_MEASURE( 1.000000000000000082E-05 ), #2066, 'distance_accuracy_value', 'NONE');
#6902 = DIRECTION ( 'NONE',  ( 0.7071067811865483499, -0.7071067811865467956, -0.0000000000000000000 ) ) ;
#6903 = MECHANICAL_DESIGN_GEOMETRIC_PRESENTATION_REPRESENTATION (  '', ( #6068 ), #4860 ) ;
#6904 = PRESENTATION_STYLE_ASSIGNMENT (( #4616 ) ) ;
#6905 = PLANE ( 'NONE',  #130 ) ;
#6906 = VERTEX_POINT ( 'NONE', #74 ) ;
#6907 = ORIENTED_EDGE ( 'NONE', *, *, #2176, .F. ) ;
#6908 = CARTESIAN_POINT ( 'NONE',  ( -0.2105391433331174345, 0.2530409695596923525, 0.01000000000000000021 ) ) ;
#6909 = PRESENTATION_LAYER_ASSIGNMENT (  '', '', ( #5224 ) ) ;
#6910 = ORIENTED_EDGE ( 'NONE', *, *, #1409, .T. ) ;
#6911 = CARTESIAN_POINT ( 'NONE',  ( 1.010000000000001785, 0.4000000000000000222, 0.1799999999999999933 ) ) ;
#6912 = FACE_OUTER_BOUND ( 'NONE', #1688, .T. ) ;
#6913 = ORIENTED_EDGE ( 'NONE', *, *, #6020, .T. ) ;
#6914 = PRESENTATION_STYLE_ASSIGNMENT (( #1737 ) ) ;
#6915 = LINE ( 'NONE', #6987, #5501 ) ;
#6916 = PRESENTATION_LAYER_ASSIGNMENT (  '', '', ( #6319 ) ) ;
#6917 = VECTOR ( 'NONE', #1374, 1000.000000000000000 ) ;
#6918 =( GEOMETRIC_REPRESENTATION_CONTEXT ( 3 ) GLOBAL_UNCERTAINTY_ASSIGNED_CONTEXT ( ( #3109 ) ) GLOBAL_UNIT_ASSIGNED_CONTEXT ( ( #471, #1153, #2190 ) ) REPRESENTATION_CONTEXT ( 'NONE', 'WORKASPACE' ) );
#6919 = SURFACE_SIDE_STYLE ('',( #3557 ) ) ;
#6920 = PRESENTATION_LAYER_ASSIGNMENT (  '', '', ( #5959 ) ) ;
#6921 = CARTESIAN_POINT ( 'NONE',  ( 0.3749999999999998890, 0.8749999999999998890, 5.421010862427522170E-17 ) ) ;
#6922 = DIRECTION ( 'NONE',  ( -0.7071067811865466846, 0.7071067811865483499, 0.0000000000000000000 ) ) ;
#6923 = MECHANICAL_DESIGN_GEOMETRIC_PRESENTATION_REPRESENTATION (  '', ( #5961 ), #5603 ) ;
#6924 = EDGE_CURVE ( 'NONE', #1379, #4786, #2336, .T. ) ;
#6925 = CARTESIAN_POINT ( 'NONE',  ( 1.010000000000000453, 0.8750000000000000000, -0.02000000000000000042 ) ) ;
#6926 = CARTESIAN_POINT ( 'NONE',  ( -1.010000000000000231, 0.6500000000000000222, 0.1799999999999999933 ) ) ;
#6927 = VERTEX_POINT ( 'NONE', #5744 ) ;
#6928 = SURFACE_SIDE_STYLE ('',( #4643 ) ) ;
#6929 = SURFACE_SIDE_STYLE ('',( #5679 ) ) ;
#6930 = CARTESIAN_POINT ( 'NONE',  ( -0.2083268316941400133, 0.2344400389513321969, 0.01000000000000000021 ) ) ;
#6931 = ORIENTED_EDGE ( 'NONE', *, *, #1263, .T. ) ;
#6932 = FACE_OUTER_BOUND ( 'NONE', #3829, .T. ) ;
#6933 = FILL_AREA_STYLE_COLOUR ( '', #6288 ) ;
#6934 = ORIENTED_EDGE ( 'NONE', *, *, #7196, .F. ) ;
#6935 =( LENGTH_UNIT ( ) NAMED_UNIT ( * ) SI_UNIT ( .MILLI., .METRE. ) );
#6936 = CARTESIAN_POINT ( 'NONE',  ( -0.2495631814658728909, 0.1505257256572536395, 0.0000000000000000000 ) ) ;
#6937 = LINE ( 'NONE', #5238, #5740 ) ;
#6938 = SURFACE_STYLE_USAGE ( .BOTH. , #1722 ) ;
#6939 = DIRECTION ( 'NONE',  ( -0.0000000000000000000, 1.000000000000000000, -0.0000000000000000000 ) ) ;
#6940 = CARTESIAN_POINT ( 'NONE',  ( -1.009999999999998455, -0.4000000000000000222, 0.1799999999999999933 ) ) ;
#6941 = ORIENTED_EDGE ( 'NONE', *, *, #7376, .F. ) ;
#6942 = ORIENTED_EDGE ( 'NONE', *, *, #4116, .F. ) ;
#6943 = PRESENTATION_LAYER_ASSIGNMENT (  '', '', ( #712 ) ) ;
#6944 = CARTESIAN_POINT ( 'NONE',  ( 0.1429063492040416883, 0.1793717842117271699, 0.01000000000000000021 ) ) ;
#6945 = ORIENTED_EDGE ( 'NONE', *, *, #6566, .T. ) ;
#6946 = SURFACE_SIDE_STYLE ('',( #3017 ) ) ;
#6947 = CARTESIAN_POINT ( 'NONE',  ( -0.3471626189428738685, 0.2285745061450590032, 0.0000000000000000000 ) ) ;
#6948 = ORIENTED_EDGE ( 'NONE', *, *, #6482, .T. ) ;
#6949 = EDGE_CURVE ( 'NONE', #355, #6254, #613, .T. ) ;
#6950 = LINE ( 'NONE', #40, #5386 ) ;
#6951 = CARTESIAN_POINT ( 'NONE',  ( 0.4040950030083466094, 0.3505257256572531510, 0.0000000000000000000 ) ) ;
#6952 = VECTOR ( 'NONE', #4053, 1000.000000000000000 ) ;
#6953 = EDGE_CURVE ( 'NONE', #2202, #4096, #5889, .T. ) ;
#6955 = EDGE_CURVE ( 'NONE', #5005, #3534, #4587, .T. ) ;
#6954 = PRESENTATION_STYLE_ASSIGNMENT (( #5222 ) ) ;
#6956 = PLANE ( 'NONE',  #501 ) ;
#6957 = SURFACE_STYLE_USAGE ( .BOTH. , #6388 ) ;
#6958 =( GEOMETRIC_REPRESENTATION_CONTEXT ( 3 ) GLOBAL_UNCERTAINTY_ASSIGNED_CONTEXT ( ( #744 ) ) GLOBAL_UNIT_ASSIGNED_CONTEXT ( ( #5982, #5330, #3680 ) ) REPRESENTATION_CONTEXT ( 'NONE', 'WORKASPACE' ) );
#6959 = LINE ( 'NONE', #5862, #4122 ) ;
#6960 = DIRECTION ( 'NONE',  ( 1.000000000000000000, 0.0000000000000000000, 0.0000000000000000000 ) ) ;
#6961 = AXIS2_PLACEMENT_3D ( 'NONE', #5353, #7200, #4334 ) ;
#6962 = CARTESIAN_POINT ( 'NONE',  ( 0.3016559786181031155, 0.1615011687466839929, 0.0000000000000000000 ) ) ;
#6963 = SURFACE_STYLE_USAGE ( .BOTH. , #698 ) ;
#6964 = VECTOR ( 'NONE', #6320, 1000.000000000000000 ) ;
#6965 =( GEOMETRIC_REPRESENTATION_CONTEXT ( 3 ) GLOBAL_UNCERTAINTY_ASSIGNED_CONTEXT ( ( #5076 ) ) GLOBAL_UNIT_ASSIGNED_CONTEXT ( ( #994, #6763, #7251 ) ) REPRESENTATION_CONTEXT ( 'NONE', 'WORKASPACE' ) );
#6966 = VECTOR ( 'NONE', #1141, 1000.000000000000000 ) ;
#6967 = ORIENTED_EDGE ( 'NONE', *, *, #1079, .T. ) ;
#6968 = CARTESIAN_POINT ( 'NONE',  ( -0.3137214849479265100, 0.2285745061450587534, 0.0000000000000000000 ) ) ;
#6969 = SURFACE_STYLE_FILL_AREA ( #6813 ) ;
#6970 = ORIENTED_EDGE ( 'NONE', *, *, #1864, .F. ) ;
#6971 = COLOUR_RGB ( '',0.7529411764705882248, 0.7529411764705882248, 0.7529411764705882248 ) ;
#6972 = CARTESIAN_POINT ( 'NONE',  ( -0.3328155660973454721, 0.3371923923239206755, 0.01000000000000000021 ) ) ;
#6973 = SURFACE_STYLE_FILL_AREA ( #1913 ) ;
#6974 = AXIS2_PLACEMENT_3D ( 'NONE', #5174, #5242, #6977 ) ;
#6975 = EDGE_CURVE ( 'NONE', #4937, #3651, #3585, .T. ) ;
#6976 = CARTESIAN_POINT ( 'NONE',  ( -0.1060040823575077590, 0.3505257256572526514, 0.0000000000000000000 ) ) ;
#6977 = DIRECTION ( 'NONE',  ( -1.000000000000000000, 0.0000000000000000000, -0.0000000000000000000 ) ) ;
#6978 = ORIENTED_EDGE ( 'NONE', *, *, #2883, .T. ) ;
#6979 = MECHANICAL_DESIGN_GEOMETRIC_PRESENTATION_REPRESENTATION (  '', ( #4585 ), #3760 ) ;
#6980 = VERTEX_POINT ( 'NONE', #6455 ) ;
#6981 = ORIENTED_EDGE ( 'NONE', *, *, #4709, .T. ) ;
#6982 = EDGE_CURVE ( 'NONE', #6694, #2713, #261, .T. ) ;
#6983 = CARTESIAN_POINT ( 'NONE',  ( 0.4040950030083468869, 0.1505257256572531399, 0.0000000000000000000 ) ) ;
#6984 = VECTOR ( 'NONE', #6179, 1000.000000000000000 ) ;
#6985 = ORIENTED_EDGE ( 'NONE', *, *, #85, .T. ) ;
#6986 = CARTESIAN_POINT ( 'NONE',  ( 0.4040950030083466094, 0.3005257256572531066, 0.0000000000000000000 ) ) ;
#6987 = CARTESIAN_POINT ( 'NONE',  ( -1.000000000000000222, 1.125000000000000222, 0.9499999999999999556 ) ) ;
#6988 = ADVANCED_FACE ( 'NONE', ( #1847 ), #685, .F. ) ;
#6989 = MECHANICAL_DESIGN_GEOMETRIC_PRESENTATION_REPRESENTATION (  '', ( #3169 ), #2803 ) ;
#6990 = B_SPLINE_CURVE_WITH_KNOTS ( 'NONE', 3,
 ( #7286, #6165, #1065, #3405, #5119 ),
 .UNSPECIFIED., .F., .F.,
 ( 4, 1, 4 ),
 ( 0.0000000000000000000, 0.4999999999999995004, 0.9999523886342480683 ),
 .UNSPECIFIED. ) ;
#6991 = EDGE_CURVE ( 'NONE', #438, #2426, #5352, .T. ) ;
#6992 = PRESENTATION_LAYER_ASSIGNMENT (  '', '', ( #6615 ) ) ;
#6993 = CARTESIAN_POINT ( 'NONE',  ( 0.2796963291894106751, 0.1955475847055069827, 0.01000000000000000021 ) ) ;
#6994 =( NAMED_UNIT ( * ) PLANE_ANGLE_UNIT ( ) SI_UNIT ( $, .RADIAN. ) );
#6995 = DIRECTION ( 'NONE',  ( -0.7071067811865483499, 0.7071067811865466846, 0.0000000000000000000 ) ) ;
#6996 = CARTESIAN_POINT ( 'NONE',  ( 0.09999999999999982514, -1.500000000000000222, 0.9499999999999999556 ) ) ;
#6997 = COLOUR_RGB ( '',0.7529411764705882248, 0.7529411764705882248, 0.7529411764705882248 ) ;
#6998 = STYLED_ITEM ( 'NONE', ( #1897 ), #6438 ) ;
#6999 = LINE ( 'NONE', #1111, #3610 ) ;
#7000 = SURFACE_STYLE_USAGE ( .BOTH. , #1376 ) ;
#7001 = VECTOR ( 'NONE', #6837, 1000.000000000000000 ) ;
#7002 = VECTOR ( 'NONE', #6043, 1000.000000000000000 ) ;
#7003 = CARTESIAN_POINT ( 'NONE',  ( -0.1825249747321087967, 0.2381628111509803136, 0.0000000000000000000 ) ) ;
#7004 = MECHANICAL_DESIGN_GEOMETRIC_PRESENTATION_REPRESENTATION (  '', ( #7236 ), #3297 ) ;
#7005 = VERTEX_POINT ( 'NONE', #1357 ) ;
#7006 = CARTESIAN_POINT ( 'NONE',  ( -0.1252385114080442619, 0.3260929773473014159, 0.01000000000000000021 ) ) ;
#7007 = PRESENTATION_LAYER_ASSIGNMENT (  '', '', ( #5676 ) ) ;
#7008 = VERTEX_POINT ( 'NONE', #907 ) ;
#7009 = DIRECTION ( 'NONE',  ( 1.000000000000000000, 2.424670313013097888E-14, 0.0000000000000000000 ) ) ;
#7010 = DIRECTION ( 'NONE',  ( 0.0000000000000000000, 0.0000000000000000000, 1.000000000000000000 ) ) ;
#7012 =( NAMED_UNIT ( * ) SI_UNIT ( $, .STERADIAN. ) SOLID_ANGLE_UNIT ( ) );
#7011 = VECTOR ( 'NONE', #2396, 1000.000000000000000 ) ;
#7013 = SURFACE_STYLE_USAGE ( .BOTH. , #6334 ) ;
#7014 = FILL_AREA_STYLE_COLOUR ( '', #5931 ) ;
#7015 = CARTESIAN_POINT ( 'NONE',  ( -0.6356538322578362266, 1.056879076697043507, 0.9499999999999999556 ) ) ;
#7016 = AXIS2_PLACEMENT_3D ( 'NONE', #2417, #4739, #1292 ) ;
#7017 = VERTEX_POINT ( 'NONE', #7097 ) ;
#7018 = ORIENTED_EDGE ( 'NONE', *, *, #1827, .T. ) ;
#7019 = MECHANICAL_DESIGN_GEOMETRIC_PRESENTATION_REPRESENTATION (  '', ( #5916 ), #6392 ) ;
#7020 = ORIENTED_EDGE ( 'NONE', *, *, #1628, .T. ) ;
#7021 = LINE ( 'NONE', #1884, #910 ) ;
#7022 = MECHANICAL_DESIGN_GEOMETRIC_PRESENTATION_REPRESENTATION (  '', ( #1868 ), #279 ) ;
#7023 = DIRECTION ( 'NONE',  ( 0.0000000000000000000, 0.0000000000000000000, -1.000000000000000000 ) ) ;
#7024 = EDGE_LOOP ( 'NONE', ( #3795, #1280, #5335, #5743 ) ) ;
#7025 = CARTESIAN_POINT ( 'NONE',  ( -0.3170559116258006571, 0.3121110915109124861, 0.01000000000000000021 ) ) ;
#7026 = CARTESIAN_POINT ( 'NONE',  ( 0.2012568170612596408, 0.3505427434100527040, 0.01000000000000000021 ) ) ;
#7027 = LINE ( 'NONE', #5893, #267 ) ;
#7028 = SURFACE_STYLE_USAGE ( .BOTH. , #6919 ) ;
#7029 = EDGE_CURVE ( 'NONE', #5344, #2600, #5929, .T. ) ;
#7030 = B_SPLINE_CURVE_WITH_KNOTS ( 'NONE', 3,
 ( #6294, #5723, #6968, #5163, #4608 ),
 .UNSPECIFIED., .F., .F.,
 ( 4, 1, 4 ),
 ( 0.0000000000000000000, 0.4999999999999996114, 0.9999920615853272743 ),
 .UNSPECIFIED. ) ;
#7031 = CARTESIAN_POINT ( 'NONE',  ( 0.3750000000000000000, -1.509999999999999787, 0.1799999999999999933 ) ) ;
#7032 = CARTESIAN_POINT ( 'NONE',  ( 0.2380080572741986034, 0.3457022410188583805, 0.0000000000000000000 ) ) ;
#7033 = LINE ( 'NONE', #6460, #3306 ) ;
#7034 = FILL_AREA_STYLE_COLOUR ( '', #4605 ) ;
#7035 = CARTESIAN_POINT ( 'NONE',  ( 1.010000000000000009, 0.1000000000000000056, -0.02000000000000000042 ) ) ;
#7036 =( GEOMETRIC_REPRESENTATION_CONTEXT ( 3 ) GLOBAL_UNCERTAINTY_ASSIGNED_CONTEXT ( ( #573 ) ) GLOBAL_UNIT_ASSIGNED_CONTEXT ( ( #6765, #7379, #7295 ) ) REPRESENTATION_CONTEXT ( 'NONE', 'WORKASPACE' ) );
#7037 = VECTOR ( 'NONE', #5045, 1000.000000000000000 ) ;
#7038 = CARTESIAN_POINT ( 'NONE',  ( -0.2735345701623860259, 0.2066232866328634732, 0.0000000000000000000 ) ) ;
#7039 = CARTESIAN_POINT ( 'NONE',  ( -0.7250000000000000888, -1.125000000000000222, 5.421010862427522170E-17 ) ) ;
#7040 = SURFACE_STYLE_FILL_AREA ( #4712 ) ;
#7041 = LINE ( 'NONE', #2287, #4934 ) ;
#7042 = VERTEX_POINT ( 'NONE', #2011 ) ;
#7043 = SURFACE_STYLE_USAGE ( .BOTH. , #2026 ) ;
#7044 = ADVANCED_FACE ( 'NONE', ( #4880 ), #253, .T. ) ;
#7045 = CARTESIAN_POINT ( 'NONE',  ( 0.4500000000000000111, -0.6000000000000000888, -0.02000000000000000042 ) ) ;
#7046 = ADVANCED_FACE ( 'NONE', ( #3739 ), #6108, .T. ) ;
#7047 = VERTEX_POINT ( 'NONE', #402 ) ;
#7048 = DIRECTION ( 'NONE',  ( 0.0000000000000000000, 0.0000000000000000000, -1.000000000000000000 ) ) ;
#7049 = DIRECTION ( 'NONE',  ( -1.000000000000000000, -0.0000000000000000000, -0.0000000000000000000 ) ) ;
#7050 = ADVANCED_FACE ( 'NONE', ( #4503 ), #2108, .F. ) ;
#7051 = LINE ( 'NONE', #3195, #3907 ) ;
#7052 = DIRECTION ( 'NONE',  ( -0.0000000000000000000, -1.000000000000000000, -0.0000000000000000000 ) ) ;
#7053 = DIRECTION ( 'NONE',  ( 1.000000000000000000, -1.707404996040165251E-16, 0.0000000000000000000 ) ) ;
#7054 = ORIENTED_EDGE ( 'NONE', *, *, #4640, .T. ) ;
#7055 = ORIENTED_EDGE ( 'NONE', *, *, #4746, .T. ) ;
#7056 = CARTESIAN_POINT ( 'NONE',  ( -0.04956353357701962642, 0.1505257256572527513, 0.0000000000000000000 ) ) ;
#7057 = EDGE_CURVE ( 'NONE', #3357, #901, #5534, .T. ) ;
#7058 = ORIENTED_EDGE ( 'NONE', *, *, #6266, .T. ) ;
#7059 = VERTEX_POINT ( 'NONE', #1131 ) ;
#7060 = CARTESIAN_POINT ( 'NONE',  ( -1.010000000000000453, 0.8750000000000000000, 0.1799999999999999933 ) ) ;
#7061 = CARTESIAN_POINT ( 'NONE',  ( -0.3170559116258006571, 0.3121110915109124861, 0.0000000000000000000 ) ) ;
#7062 = EDGE_LOOP ( 'NONE', ( #4675, #6820, #7383, #820 ) ) ;
#7063 = CARTESIAN_POINT ( 'NONE',  ( -0.6226458158190147918, 1.129698944080103740, 0.9499999999999999556 ) ) ;
#7064 =( NAMED_UNIT ( * ) SI_UNIT ( $, .STERADIAN. ) SOLID_ANGLE_UNIT ( ) );
#7065 = VECTOR ( 'NONE', #4499, 1000.000000000000000 ) ;
#7066 = CARTESIAN_POINT ( 'NONE',  ( 0.2080151599809529350, 0.1500878620550340214, 0.01000000000000000021 ) ) ;
#7067 = SURFACE_SIDE_STYLE ('',( #4847 ) ) ;
#7068 = CARTESIAN_POINT ( 'NONE',  ( -0.2039069901941118201, 0.1972783825221433307, 0.0000000000000000000 ) ) ;
#7069 =( NAMED_UNIT ( * ) SI_UNIT ( $, .STERADIAN. ) SOLID_ANGLE_UNIT ( ) );
#7070 = EDGE_CURVE ( 'NONE', #3782, #467, #6228, .T. ) ;
#7071 =( NAMED_UNIT ( * ) PLANE_ANGLE_UNIT ( ) SI_UNIT ( $, .RADIAN. ) );
#7072 = EDGE_CURVE ( 'NONE', #3172, #607, #4944, .T. ) ;
#7073 = DIRECTION ( 'NONE',  ( 0.0000000000000000000, 0.0000000000000000000, -1.000000000000000000 ) ) ;
#7074 = DIRECTION ( 'NONE',  ( -0.0000000000000000000, -1.000000000000000000, -0.0000000000000000000 ) ) ;
#7075 = ORIENTED_EDGE ( 'NONE', *, *, #239, .F. ) ;
#7076 =( NAMED_UNIT ( * ) PLANE_ANGLE_UNIT ( ) SI_UNIT ( $, .RADIAN. ) );
#7077 = B_SPLINE_CURVE_WITH_KNOTS ( 'NONE', 3,
 ( #7311, #3999, #5060, #7393, #1057 ),
 .UNSPECIFIED., .F., .F.,
 ( 4, 1, 4 ),
 ( 0.0000000000000000000, 0.4999999999999995559, 0.9999823892617449861 ),
 .UNSPECIFIED. ) ;
#7078 = VECTOR ( 'NONE', #4504, 1000.000000000000000 ) ;
#7079 = CARTESIAN_POINT ( 'NONE',  ( -0.7250000000000000888, -1.509999999999999787, -0.02000000000000000042 ) ) ;
#7080 = ORIENTED_EDGE ( 'NONE', *, *, #6727, .F. ) ;
#7081 = FILL_AREA_STYLE ('',( #4896 ) ) ;
#7082 = FACE_OUTER_BOUND ( 'NONE', #5276, .T. ) ;
#7083 = CARTESIAN_POINT ( 'NONE',  ( -0.9009172689124351763, 1.153972233207791076, 0.9499999999999999556 ) ) ;
#7084 = LINE ( 'NONE', #1916, #4836 ) ;
#7085 = EDGE_CURVE ( 'NONE', #3383, #7008, #4401, .T. ) ;
#7086 = ORIENTED_EDGE ( 'NONE', *, *, #7115, .F. ) ;
#7087 = ORIENTED_EDGE ( 'NONE', *, *, #3001, .T. ) ;
#7088 = EDGE_CURVE ( 'NONE', #5371, #5199, #1537, .T. ) ;
#7089 = CARTESIAN_POINT ( 'NONE',  ( 0.1577516161553367546, 0.3523727739304071127, 0.0000000000000000000 ) ) ;
#7090 = COLOUR_RGB ( '',0.7529411764705882248, 0.7529411764705882248, 0.7529411764705882248 ) ;
#7091 = VERTEX_POINT ( 'NONE', #6672 ) ;
#7092 = ORIENTED_EDGE ( 'NONE', *, *, #7269, .T. ) ;
#7093 = DIRECTION ( 'NONE',  ( -0.0000000000000000000, -1.000000000000000000, -0.0000000000000000000 ) ) ;
#7094 =( NAMED_UNIT ( * ) PLANE_ANGLE_UNIT ( ) SI_UNIT ( $, .RADIAN. ) );
#7095 = DIRECTION ( 'NONE',  ( -0.0000000000000000000, 1.000000000000000000, 0.0000000000000000000 ) ) ;
#7096 = EDGE_LOOP ( 'NONE', ( #1382, #171, #6079, #6862, #3938 ) ) ;
#7097 = CARTESIAN_POINT ( 'NONE',  ( 0.4500000000000000111, -0.6000000000000000888, 5.421010862427522170E-17 ) ) ;
#7098 = VECTOR ( 'NONE', #1854, 1000.000000000000000 ) ;
#7099 = DIRECTION ( 'NONE',  ( 0.0000000000000000000, 0.0000000000000000000, -1.000000000000000000 ) ) ;
#7100 = FACE_OUTER_BOUND ( 'NONE', #4319, .T. ) ;
#7101 = CARTESIAN_POINT ( 'NONE',  ( 0.0000000000000000000, 0.0000000000000000000, -0.02000000000000000042 ) ) ;
#7102 = MECHANICAL_DESIGN_GEOMETRIC_PRESENTATION_REPRESENTATION (  '', ( #4927 ), #7332 ) ;
#7103 = LINE ( 'NONE', #4914, #5285 ) ;
#7104 = CARTESIAN_POINT ( 'NONE',  ( -0.07639280186970258402, 0.1724769451694480316, 0.0000000000000000000 ) ) ;
#7105 =( NAMED_UNIT ( * ) PLANE_ANGLE_UNIT ( ) SI_UNIT ( $, .RADIAN. ) );
#7106 = UNCERTAINTY_MEASURE_WITH_UNIT (LENGTH_MEASURE( 1.000000000000000082E-05 ), #1943, 'distance_accuracy_value', 'NONE');
#7107 = MECHANICAL_DESIGN_GEOMETRIC_PRESENTATION_REPRESENTATION (  '', ( #3884 ), #3276 ) ;
#7108 = SURFACE_STYLE_FILL_AREA ( #803 ) ;
#7109 = ADVANCED_FACE ( 'NONE', ( #2139 ), #1012, .T. ) ;
#7110 = LINE ( 'NONE', #5259, #4677 ) ;
#7111 = CARTESIAN_POINT ( 'NONE',  ( -0.3471626189428738685, 0.2285745061450590032, 0.0000000000000000000 ) ) ;
#7112 = VERTEX_POINT ( 'NONE', #6370 ) ;
#7113 = PLANE ( 'NONE',  #1318 ) ;
#7114 = LINE ( 'NONE', #1869, #2329 ) ;
#7115 = EDGE_CURVE ( 'NONE', #3805, #3837, #676, .T. ) ;
#7116 = CARTESIAN_POINT ( 'NONE',  ( 0.0000000000000000000, 0.0000000000000000000, -0.02000000000000000042 ) ) ;
#7117 = CARTESIAN_POINT ( 'NONE',  ( -0.0007830457721411629738, 0.2627208476084721411, 0.0000000000000000000 ) ) ;
#7118 =( GEOMETRIC_REPRESENTATION_CONTEXT ( 3 ) GLOBAL_UNCERTAINTY_ASSIGNED_CONTEXT ( ( #5767 ) ) GLOBAL_UNIT_ASSIGNED_CONTEXT ( ( #2894, #6258, #1158 ) ) REPRESENTATION_CONTEXT ( 'NONE', 'WORKASPACE' ) );
#7119 = FILL_AREA_STYLE ('',( #3159 ) ) ;
#7120 = ORIENTED_EDGE ( 'NONE', *, *, #324, .F. ) ;
#7121 = ORIENTED_EDGE ( 'NONE', *, *, #4844, .T. ) ;
#7122 = FILL_AREA_STYLE ('',( #2593 ) ) ;
#7123 = CARTESIAN_POINT ( 'NONE',  ( 0.2502382144978245737, 0.3119003285921105872, 0.0000000000000000000 ) ) ;
#7124 = ORIENTED_EDGE ( 'NONE', *, *, #2772, .T. ) ;
#7125 = EDGE_LOOP ( 'NONE', ( #6563, #4145, #5182, #71 ) ) ;
#7126 = LINE ( 'NONE', #1467, #1101 ) ;
#7127 = CARTESIAN_POINT ( 'NONE',  ( 1.000000000000000222, 1.499999999999999778, 0.9499999999999999556 ) ) ;
#7128 = FILL_AREA_STYLE_COLOUR ( '', #998 ) ;
#7129 = COLOUR_RGB ( '',0.7529411764705882248, 0.7529411764705882248, 0.7529411764705882248 ) ;
#7130 = ORIENTED_EDGE ( 'NONE', *, *, #6206, .T. ) ;
#7131 = VECTOR ( 'NONE', #418, 1000.000000000000000 ) ;
#7132 =( NAMED_UNIT ( * ) SI_UNIT ( $, .STERADIAN. ) SOLID_ANGLE_UNIT ( ) );
#7133 = FILL_AREA_STYLE ('',( #3213 ) ) ;
#7134 = MECHANICAL_DESIGN_GEOMETRIC_PRESENTATION_REPRESENTATION (  '', ( #4963 ), #2958 ) ;
#7135 = EDGE_CURVE ( 'NONE', #1811, #4792, #5768, .T. ) ;
#7136 = CARTESIAN_POINT ( 'NONE',  ( 0.3772657347156635477, 0.3505257256572530955, 0.0000000000000000000 ) ) ;
#7137 = DIRECTION ( 'NONE',  ( 1.000000000000000000, 0.0000000000000000000, 0.0000000000000000000 ) ) ;
#7138 = SURFACE_SIDE_STYLE ('',( #4848 ) ) ;
#7139 = ADVANCED_FACE ( 'NONE', ( #1766 ), #5209, .F. ) ;
#7140 = CARTESIAN_POINT ( 'NONE',  ( -0.1039461555282393951, 0.1505257256572529179, 0.0000000000000000000 ) ) ;
#7141 = DIRECTION ( 'NONE',  ( -0.0000000000000000000, -0.0000000000000000000, -1.000000000000000000 ) ) ;
#7142 = SURFACE_STYLE_FILL_AREA ( #5477 ) ;
#7143 = UNCERTAINTY_MEASURE_WITH_UNIT (LENGTH_MEASURE( 1.000000000000000082E-05 ), #2113, 'distance_accuracy_value', 'NONE');
#7144 =( GEOMETRIC_REPRESENTATION_CONTEXT ( 3 ) GLOBAL_UNCERTAINTY_ASSIGNED_CONTEXT ( ( #543 ) ) GLOBAL_UNIT_ASSIGNED_CONTEXT ( ( #1880, #5177, #5882 ) ) REPRESENTATION_CONTEXT ( 'NONE', 'WORKASPACE' ) );
#7145 = EDGE_CURVE ( 'NONE', #1159, #6648, #708, .T. ) ;
#7146 = CARTESIAN_POINT ( 'NONE',  ( -0.3220736961786462293, 0.2981883272832702159, 0.0000000000000000000 ) ) ;
#7147 = CARTESIAN_POINT ( 'NONE',  ( 0.0000000000000000000, 0.0000000000000000000, 0.1799999999999999933 ) ) ;
#7148 = AXIS2_PLACEMENT_3D ( 'NONE', #4897, #3084, #237 ) ;
#7149 =( LENGTH_UNIT ( ) NAMED_UNIT ( * ) SI_UNIT ( .MILLI., .METRE. ) );
#7150 = MECHANICAL_DESIGN_GEOMETRIC_PRESENTATION_REPRESENTATION (  '', ( #190 ), #1892 ) ;
#7151 = ORIENTED_EDGE ( 'NONE', *, *, #725, .T. ) ;
#7152 = B_SPLINE_CURVE_WITH_KNOTS ( 'NONE', 3,
 ( #4173, #1268, #1161, #6936, #5167 ),
 .UNSPECIFIED., .F., .F.,
 ( 4, 1, 4 ),
 ( 0.0000000000000000000, 0.4999999999999990563, 0.9999819543036853053 ),
 .UNSPECIFIED. ) ;
#7153 = PLANE ( 'NONE',  #3162 ) ;
#7154 = DIRECTION ( 'NONE',  ( -0.0000000000000000000, 0.0000000000000000000, 1.000000000000000000 ) ) ;
#7155 = LINE ( 'NONE', #2511, #4731 ) ;
#7156 = AXIS2_PLACEMENT_3D ( 'NONE', #1288, #4308, #6487 ) ;
#7157 =( NAMED_UNIT ( * ) PLANE_ANGLE_UNIT ( ) SI_UNIT ( $, .RADIAN. ) );
#7158 = EDGE_LOOP ( 'NONE', ( #733, #4362, #1338, #5458 ) ) ;
#7159 = ORIENTED_EDGE ( 'NONE', *, *, #2528, .T. ) ;
#7160 = PRESENTATION_STYLE_ASSIGNMENT (( #357 ) ) ;
#7161 = CARTESIAN_POINT ( 'NONE',  ( 0.3749999999999998890, 0.8749999999999998890, -0.02000000000000000042 ) ) ;
#7162 = ORIENTED_EDGE ( 'NONE', *, *, #3384, .F. ) ;
#7163 = EDGE_LOOP ( 'NONE', ( #6116, #2946, #666, #3551 ) ) ;
#7164 = LINE ( 'NONE', #6591, #4348 ) ;
#7165 = SURFACE_STYLE_USAGE ( .BOTH. , #6006 ) ;
#7166 = ORIENTED_EDGE ( 'NONE', *, *, #5709, .T. ) ;
#7167 = PRESENTATION_STYLE_ASSIGNMENT (( #860 ) ) ;
#7168 = ORIENTED_EDGE ( 'NONE', *, *, #7269, .F. ) ;
#7169 = SURFACE_SIDE_STYLE ('',( #3216 ) ) ;
#7170 = DIRECTION ( 'NONE',  ( 0.0000000000000000000, 0.0000000000000000000, -1.000000000000000000 ) ) ;
#7171 = EDGE_CURVE ( 'NONE', #4816, #6014, #66, .T. ) ;
#7172 =( NAMED_UNIT ( * ) PLANE_ANGLE_UNIT ( ) SI_UNIT ( $, .RADIAN. ) );
#7173 = UNCERTAINTY_MEASURE_WITH_UNIT (LENGTH_MEASURE( 1.000000000000000082E-05 ), #5809, 'distance_accuracy_value', 'NONE');
#7174 = FACE_OUTER_BOUND ( 'NONE', #4238, .T. ) ;
#7175 = EDGE_CURVE ( 'NONE', #2372, #1379, #3008, .T. ) ;
#7176 = PRESENTATION_STYLE_ASSIGNMENT (( #2149 ) ) ;
#7177 = UNCERTAINTY_MEASURE_WITH_UNIT (LENGTH_MEASURE( 1.000000000000000082E-05 ), #81, 'distance_accuracy_value', 'NONE');
#7178 = EDGE_CURVE ( 'NONE', #5660, #6454, #6445, .T. ) ;
#7179 = CARTESIAN_POINT ( 'NONE',  ( -1.000000000000000222, 1.499999999999999778, 0.0000000000000000000 ) ) ;
#7180 =( LENGTH_UNIT ( ) NAMED_UNIT ( * ) SI_UNIT ( .MILLI., .METRE. ) );
#7181 = CARTESIAN_POINT ( 'NONE',  ( -1.010000000000000231, -0.6500000000000000222, 0.1799999999999999933 ) ) ;
#7182 = VERTEX_POINT ( 'NONE', #569 ) ;
#7183 = PLANE ( 'NONE',  #120 ) ;
#7184 = LINE ( 'NONE', #1525, #2694 ) ;
#7185 = DIRECTION ( 'NONE',  ( 0.0000000000000000000, -0.0000000000000000000, -1.000000000000000000 ) ) ;
#7186 = CARTESIAN_POINT ( 'NONE',  ( 1.010000000000000453, 0.8750000000000000000, 0.1799999999999999933 ) ) ;
#7187 = FILL_AREA_STYLE_COLOUR ( '', #5054 ) ;
#7188 = VECTOR ( 'NONE', #2535, 1000.000000000000000 ) ;
#7189 = LINE ( 'NONE', #3123, #6012 ) ;
#7190 = VERTEX_POINT ( 'NONE', #5140 ) ;
#7191 = ORIENTED_EDGE ( 'NONE', *, *, #6354, .T. ) ;
#7192 = AXIS2_PLACEMENT_3D ( 'NONE', #1956, #5461, #5924 ) ;
#7193 = ORIENTED_EDGE ( 'NONE', *, *, #1438, .T. ) ;
#7194 = VERTEX_POINT ( 'NONE', #4657 ) ;
#7195 = CARTESIAN_POINT ( 'NONE',  ( 0.09677792983761446255, 0.3505257256572527624, 0.0000000000000000000 ) ) ;
#7196 = EDGE_CURVE ( 'NONE', #4580, #1922, #1724, .T. ) ;
#7197 = CARTESIAN_POINT ( 'NONE',  ( -0.005661094552629491843, 0.3468668557385532480, 0.0000000000000000000 ) ) ;
#7198 =( NAMED_UNIT ( * ) PLANE_ANGLE_UNIT ( ) SI_UNIT ( $, .RADIAN. ) );
#7199 = ORIENTED_EDGE ( 'NONE', *, *, #3988, .F. ) ;
#7200 = DIRECTION ( 'NONE',  ( -1.000000000000000000, 0.0000000000000000000, -0.0000000000000000000 ) ) ;
#7201 = ORIENTED_EDGE ( 'NONE', *, *, #4726, .T. ) ;
#7202 = FILL_AREA_STYLE_COLOUR ( '', #2614 ) ;
#7203 = DIRECTION ( 'NONE',  ( -1.000000000000000000, -0.0000000000000000000, -0.0000000000000000000 ) ) ;
#7204 = VECTOR ( 'NONE', #2044, 1000.000000000000000 ) ;
#7205 = ADVANCED_FACE ( 'NONE', ( #2901 ), #1801, .T. ) ;
#7206 = CARTESIAN_POINT ( 'NONE',  ( 0.2796963291894106751, 0.1955475847055069827, 0.01000000000000000021 ) ) ;
#7207 = VECTOR ( 'NONE', #3874, 1000.000000000000000 ) ;
#7208 = VECTOR ( 'NONE', #3006, 1000.000000000000000 ) ;
#7209 = CARTESIAN_POINT ( 'NONE',  ( -0.1039461555282393951, 0.1505257256572529179, 0.0000000000000000000 ) ) ;
#7210 =( LENGTH_UNIT ( ) NAMED_UNIT ( * ) SI_UNIT ( .MILLI., .METRE. ) );
#7211 = VECTOR ( 'NONE', #5295, 1000.000000000000000 ) ;
#7212 = VECTOR ( 'NONE', #6654, 1000.000000000000000 ) ;
#7213 = ORIENTED_EDGE ( 'NONE', *, *, #7290, .F. ) ;
#7214 = SURFACE_STYLE_USAGE ( .BOTH. , #383 ) ;
#7215 = MECHANICAL_DESIGN_GEOMETRIC_PRESENTATION_REPRESENTATION (  '', ( #5065 ), #6866 ) ;
#7216 = FACE_OUTER_BOUND ( 'NONE', #4069, .T. ) ;
#7217 = SURFACE_STYLE_USAGE ( .BOTH. , #3083 ) ;
#7218 = CARTESIAN_POINT ( 'NONE',  ( 1.000000000000000222, 0.8750000000000000000, 0.0000000000000000000 ) ) ;
#7219 =( LENGTH_UNIT ( ) NAMED_UNIT ( * ) SI_UNIT ( .MILLI., .METRE. ) );
#7220 = SURFACE_STYLE_USAGE ( .BOTH. , #2659 ) ;
#7221 = ORIENTED_EDGE ( 'NONE', *, *, #216, .F. ) ;
#7222 = ORIENTED_EDGE ( 'NONE', *, *, #1889, .F. ) ;
#7223 = PRESENTATION_STYLE_ASSIGNMENT (( #559 ) ) ;
#7224 = CARTESIAN_POINT ( 'NONE',  ( -0.6889616749826644737, 1.003571233972215815, 0.9499999999999999556 ) ) ;
#7225 = ORIENTED_EDGE ( 'NONE', *, *, #5109, .T. ) ;
#7226 = COLOUR_RGB ( '',1.000000000000000000, 1.000000000000000000, 1.000000000000000000 ) ;
#7227 = DIRECTION ( 'NONE',  ( 1.000000000000000000, 0.0000000000000000000, 0.0000000000000000000 ) ) ;
#7228 =( LENGTH_UNIT ( ) NAMED_UNIT ( * ) SI_UNIT ( .MILLI., .METRE. ) );
#7229 = DIRECTION ( 'NONE',  ( 0.0000000000000000000, 0.0000000000000000000, -1.000000000000000000 ) ) ;
#7230 = DIRECTION ( 'NONE',  ( 0.0000000000000000000, -1.000000000000000000, 0.0000000000000000000 ) ) ;
#7231 = ORIENTED_EDGE ( 'NONE', *, *, #15, .F. ) ;
#7232 = DIRECTION ( 'NONE',  ( 0.0000000000000000000, 1.000000000000000000, 0.0000000000000000000 ) ) ;
#7233 = SURFACE_STYLE_FILL_AREA ( #6632 ) ;
#7234 = COLOUR_RGB ( '',0.7529411764705882248, 0.7529411764705882248, 0.7529411764705882248 ) ;
#7235 = PRESENTATION_STYLE_ASSIGNMENT (( #6674 ) ) ;
#7236 = STYLED_ITEM ( 'NONE', ( #734 ), #3157 ) ;
#7237 = SURFACE_STYLE_USAGE ( .BOTH. , #6088 ) ;
#7238 = DIRECTION ( 'NONE',  ( -1.000000000000000000, 0.0000000000000000000, 0.0000000000000000000 ) ) ;
#7239 = ORIENTED_EDGE ( 'NONE', *, *, #6833, .T. ) ;
#7240 = STYLED_ITEM ( 'NONE', ( #223 ), #6742 ) ;
#7241 = CARTESIAN_POINT ( 'NONE',  ( -0.3561565213818983500, 0.2066232866328639450, 0.0000000000000000000 ) ) ;
#7242 = PLANE ( 'NONE',  #2300 ) ;
#7243 = PRESENTATION_LAYER_ASSIGNMENT (  '', '', ( #7373 ) ) ;
#7244 = DIRECTION ( 'NONE',  ( 1.000000000000000000, 0.0000000000000000000, 0.0000000000000000000 ) ) ;
#7245 = PRESENTATION_LAYER_ASSIGNMENT (  '', '', ( #3076 ) ) ;
#7246 = AXIS2_PLACEMENT_3D ( 'NONE', #3848, #3356, #6121 ) ;
#7247 = DIRECTION ( 'NONE',  ( 1.000000000000000000, 0.0000000000000000000, 0.0000000000000000000 ) ) ;
#7248 = ORIENTED_EDGE ( 'NONE', *, *, #3615, .T. ) ;
#7249 = FILL_AREA_STYLE ('',( #271 ) ) ;
#7250 = EDGE_LOOP ( 'NONE', ( #6895, #273, #140, #1775 ) ) ;
#7251 =( NAMED_UNIT ( * ) SI_UNIT ( $, .STERADIAN. ) SOLID_ANGLE_UNIT ( ) );
#7252 = MECHANICAL_DESIGN_GEOMETRIC_PRESENTATION_REPRESENTATION (  '', ( #5224 ), #427 ) ;
#7253 = PRESENTATION_STYLE_ASSIGNMENT (( #3230 ) ) ;
#7254 = FILL_AREA_STYLE ('',( #6720 ) ) ;
#7255 = SURFACE_STYLE_FILL_AREA ( #4969 ) ;
#7256 =( NAMED_UNIT ( * ) SI_UNIT ( $, .STERADIAN. ) SOLID_ANGLE_UNIT ( ) );
#7257 = EDGE_CURVE ( 'NONE', #3546, #1734, #202, .T. ) ;
#7258 = PRESENTATION_LAYER_ASSIGNMENT (  '', '', ( #6775 ) ) ;
#7259 = AXIS2_PLACEMENT_3D ( 'NONE', #2049, #3896, #2760 ) ;
#7260 = LINE ( 'NONE', #1635, #5672 ) ;
#7261 =( NAMED_UNIT ( * ) SI_UNIT ( $, .STERADIAN. ) SOLID_ANGLE_UNIT ( ) );
#7262 = EDGE_LOOP ( 'NONE', ( #6804, #7166, #2106, #2554, #1303, #6293, #5342, #3501, #4255, #7054 ) ) ;
#7263 = ORIENTED_EDGE ( 'NONE', *, *, #4517, .T. ) ;
#7264 = EDGE_CURVE ( 'NONE', #4651, #7270, #4757, .T. ) ;
#7265 = EDGE_CURVE ( 'NONE', #3911, #751, #2588, .T. ) ;
#7266 = LINE ( 'NONE', #2134, #6657 ) ;
#7267 = VECTOR ( 'NONE', #1561, 1000.000000000000000 ) ;
#7268 = SURFACE_SIDE_STYLE ('',( #6187 ) ) ;
#7269 = EDGE_CURVE ( 'NONE', #1199, #1557, #7084, .T. ) ;
#7270 = VERTEX_POINT ( 'NONE', #2547 ) ;
#7271 = CARTESIAN_POINT ( 'NONE',  ( 0.4500000000000000111, -0.6000000000000000888, 0.1799999999999999933 ) ) ;
#7272 = CARTESIAN_POINT ( 'NONE',  ( -0.2554171921136053625, 0.2305257256572535718, 0.0000000000000000000 ) ) ;
#7273 =( NAMED_UNIT ( * ) PLANE_ANGLE_UNIT ( ) SI_UNIT ( $, .RADIAN. ) );
#7274 =( LENGTH_UNIT ( ) NAMED_UNIT ( * ) SI_UNIT ( .MILLI., .METRE. ) );
#7275 = ORIENTED_EDGE ( 'NONE', *, *, #1594, .F. ) ;
#7276 = CARTESIAN_POINT ( 'NONE',  ( -0.1000000000000000611, -1.509999999999999787, 0.1799999999999999933 ) ) ;
#7277 = LINE ( 'NONE', #570, #1937 ) ;
#7278 = CARTESIAN_POINT ( 'NONE',  ( 0.1358023200815176301, 0.1828427988279843763, 0.0000000000000000000 ) ) ;
#7279 = CARTESIAN_POINT ( 'NONE',  ( -0.9999999999999995559, -1.500000000000000222, 0.0000000000000000000 ) ) ;
#7280 = ORIENTED_EDGE ( 'NONE', *, *, #7257, .T. ) ;
#7281 = CARTESIAN_POINT ( 'NONE',  ( -1.010000000000000453, 1.125000000000000222, 0.1799999999999999933 ) ) ;
#7282 =( LENGTH_UNIT ( ) NAMED_UNIT ( * ) SI_UNIT ( .MILLI., .METRE. ) );
#7283 = PLANE ( 'NONE',  #4019 ) ;
#7284 = FILL_AREA_STYLE ('',( #6749 ) ) ;
#7285 =( NAMED_UNIT ( * ) PLANE_ANGLE_UNIT ( ) SI_UNIT ( $, .RADIAN. ) );
#7286 = CARTESIAN_POINT ( 'NONE',  ( -0.2802799969916542344, 0.2285745061450586424, 0.0000000000000000000 ) ) ;
#7287 = EDGE_CURVE ( 'NONE', #1919, #644, #4324, .T. ) ;
#7288 = SURFACE_STYLE_FILL_AREA ( #1145 ) ;
#7289 = LINE ( 'NONE', #6882, #5082 ) ;
#7290 = EDGE_CURVE ( 'NONE', #2709, #1843, #4866, .T. ) ;
#7291 = B_SPLINE_CURVE_WITH_KNOTS ( 'NONE', 3,
 ( #2337, #6424, #1285, #2407, #2490, #3555 ),
 .UNSPECIFIED., .F., .F.,
 ( 4, 1, 1, 4 ),
 ( 0.0000000000000000000, 0.3329147237192640607, 0.6657622744043086849, 1.000000000000000000 ),
 .UNSPECIFIED. ) ;
#7292 = ORIENTED_EDGE ( 'NONE', *, *, #7057, .F. ) ;
#7293 = FACE_OUTER_BOUND ( 'NONE', #5997, .T. ) ;
#7294 =( LENGTH_UNIT ( ) NAMED_UNIT ( * ) SI_UNIT ( .MILLI., .METRE. ) );
#7295 =( NAMED_UNIT ( * ) SI_UNIT ( $, .STERADIAN. ) SOLID_ANGLE_UNIT ( ) );
#7296 = EDGE_CURVE ( 'NONE', #6420, #1198, #5416, .T. ) ;
#7297 = CARTESIAN_POINT ( 'NONE',  ( 0.0000000000000000000, 0.0000000000000000000, 0.0000000000000000000 ) ) ;
#7298 = CARTESIAN_POINT ( 'NONE',  ( 0.1908328078863958666, 0.1480867012670087912, 0.01000000000000000021 ) ) ;
#7299 = PRESENTATION_LAYER_ASSIGNMENT (  '', '', ( #2763 ) ) ;
#7300 = ORIENTED_EDGE ( 'NONE', *, *, #2615, .T. ) ;
#7301 = ORIENTED_EDGE ( 'NONE', *, *, #1106, .F. ) ;
#7302 = DIRECTION ( 'NONE',  ( 0.0000000000000000000, 0.0000000000000000000, -1.000000000000000000 ) ) ;
#7303 = PRESENTATION_STYLE_ASSIGNMENT (( #3915 ) ) ;
#7304 = ORIENTED_EDGE ( 'NONE', *, *, #663, .T. ) ;
#7305 = PRESENTATION_STYLE_ASSIGNMENT (( #3951 ) ) ;
#7306 = CARTESIAN_POINT ( 'NONE',  ( 0.1908328078863958666, 0.1480867012670087912, 0.01000000000000000021 ) ) ;
#7307 =( LENGTH_UNIT ( ) NAMED_UNIT ( * ) SI_UNIT ( .MILLI., .METRE. ) );
#7308 = ADVANCED_FACE ( 'NONE', ( #318 ), #1425, .F. ) ;
#7309 = EDGE_LOOP ( 'NONE', ( #1188, #4828, #333, #4457 ) ) ;
#7310 = DIRECTION ( 'NONE',  ( -1.000000000000000000, -0.0000000000000000000, -0.0000000000000000000 ) ) ;
#7311 = CARTESIAN_POINT ( 'NONE',  ( -0.1047845701623855291, 0.1724769451694481148, 0.0000000000000000000 ) ) ;
#7312 = VECTOR ( 'NONE', #5946, 1000.000000000000000 ) ;
#7313 = CARTESIAN_POINT ( 'NONE',  ( -0.1252385114080442619, 0.3260929773473014159, 0.0000000000000000000 ) ) ;
#7314 = FILL_AREA_STYLE ('',( #6199 ) ) ;
#7315 = ORIENTED_EDGE ( 'NONE', *, *, #4395, .F. ) ;
#7316 = UNCERTAINTY_MEASURE_WITH_UNIT (LENGTH_MEASURE( 1.000000000000000082E-05 ), #5707, 'distance_accuracy_value', 'NONE');
#7317 = VECTOR ( 'NONE', #1664, 1000.000000000000000 ) ;
#7318 = CARTESIAN_POINT ( 'NONE',  ( -1.000000000000000222, 1.499999999999999778, 0.9499999999999999556 ) ) ;
#7319 = DIRECTION ( 'NONE',  ( -1.000000000000000000, -1.707404996040163525E-16, 0.0000000000000000000 ) ) ;
#7320 = SURFACE_SIDE_STYLE ('',( #7362 ) ) ;
#7321 = MECHANICAL_DESIGN_GEOMETRIC_PRESENTATION_REPRESENTATION (  '', ( #3751 ), #3028 ) ;
#7322 = FILL_AREA_STYLE_COLOUR ( '', #3261 ) ;
#7323 = VECTOR ( 'NONE', #328, 1000.000000000000000 ) ;
#7324 = UNCERTAINTY_MEASURE_WITH_UNIT (LENGTH_MEASURE( 1.000000000000000082E-05 ), #6651, 'distance_accuracy_value', 'NONE');
#7325 = CARTESIAN_POINT ( 'NONE',  ( -0.3121598734344180892, 0.3187244928398947907, 0.01000000000000000021 ) ) ;
#7326 = MECHANICAL_DESIGN_GEOMETRIC_PRESENTATION_REPRESENTATION (  '', ( #3151 ), #4226 ) ;
#7327 =( NAMED_UNIT ( * ) SI_UNIT ( $, .STERADIAN. ) SOLID_ANGLE_UNIT ( ) );
#7328 = ORIENTED_EDGE ( 'NONE', *, *, #6287, .T. ) ;
#7329 =( NAMED_UNIT ( * ) PLANE_ANGLE_UNIT ( ) SI_UNIT ( $, .RADIAN. ) );
#7330 =( NAMED_UNIT ( * ) SI_UNIT ( $, .STERADIAN. ) SOLID_ANGLE_UNIT ( ) );
#7331 = VECTOR ( 'NONE', #694, 1000.000000000000000 ) ;
#7332 =( GEOMETRIC_REPRESENTATION_CONTEXT ( 3 ) GLOBAL_UNCERTAINTY_ASSIGNED_CONTEXT ( ( #4032 ) ) GLOBAL_UNIT_ASSIGNED_CONTEXT ( ( #4497, #3950, #523 ) ) REPRESENTATION_CONTEXT ( 'NONE', 'WORKASPACE' ) );
#7333 =( NAMED_UNIT ( * ) SI_UNIT ( $, .STERADIAN. ) SOLID_ANGLE_UNIT ( ) );
#7334 = CARTESIAN_POINT ( 'NONE',  ( 0.03458297455306220264, 0.2407696280962770552, 0.0000000000000000000 ) ) ;
#7335 = PRESENTATION_STYLE_ASSIGNMENT (( #1711 ) ) ;
#7336 = CARTESIAN_POINT ( 'NONE',  ( -0.9009172689124351763, 1.153972233207791076, 0.9399999999999998357 ) ) ;
#7337 = PRESENTATION_LAYER_ASSIGNMENT (  '', '', ( #262 ) ) ;
#7338 = ORIENTED_EDGE ( 'NONE', *, *, #432, .F. ) ;
#7339 = VECTOR ( 'NONE', #4738, 1000.000000000000000 ) ;
#7340 = FACE_OUTER_BOUND ( 'NONE', #3016, .T. ) ;
#7341 = DIRECTION ( 'NONE',  ( -1.000000000000000000, 0.0000000000000000000, 0.0000000000000000000 ) ) ;
#7342 = ADVANCED_FACE ( 'NONE', ( #892 ), #2627, .F. ) ;
#7343 = ORIENTED_EDGE ( 'NONE', *, *, #4100, .T. ) ;
#7344 = FACE_OUTER_BOUND ( 'NONE', #4426, .T. ) ;
#7345 = CARTESIAN_POINT ( 'NONE',  ( -1.010000000000000453, -1.125000000000000222, -0.02000000000000000042 ) ) ;
#7346 = COLOUR_RGB ( '',1.000000000000000000, 1.000000000000000000, 1.000000000000000000 ) ;
#7347 = CARTESIAN_POINT ( 'NONE',  ( 0.1358023200815176301, 0.1608915793157891516, 0.01000000000000000021 ) ) ;
#7348 = DIRECTION ( 'NONE',  ( -1.000000000000000000, 0.0000000000000000000, 0.0000000000000000000 ) ) ;
#7349 = ORIENTED_EDGE ( 'NONE', *, *, #872, .F. ) ;
#7350 = CARTESIAN_POINT ( 'NONE',  ( 0.09677792983761446255, 0.0000000000000000000, 0.01000000000000000021 ) ) ;
#7351 = CARTESIAN_POINT ( 'NONE',  ( -1.493979371535142684E-16, 0.8749999999999997780, 0.0000000000000000000 ) ) ;
#7352 = COLOUR_RGB ( '',0.7529411764705882248, 0.7529411764705882248, 0.7529411764705882248 ) ;
#7353 = CARTESIAN_POINT ( 'NONE',  ( 0.3772657347156639362, 0.1724769451694482536, 0.0000000000000000000 ) ) ;
#7354 = STYLED_ITEM ( 'NONE', ( #1830 ), #90 ) ;
#7355 =( NAMED_UNIT ( * ) PLANE_ANGLE_UNIT ( ) SI_UNIT ( $, .RADIAN. ) );
#7356 = EDGE_LOOP ( 'NONE', ( #1728, #783, #1918, #1086 ) ) ;
#7357 = MECHANICAL_DESIGN_GEOMETRIC_PRESENTATION_REPRESENTATION (  '', ( #3180 ), #2198 ) ;
#7358 = CARTESIAN_POINT ( 'NONE',  ( 0.0000000000000000000, 0.0000000000000000000, 0.0000000000000000000 ) ) ;
#7359 = SURFACE_SIDE_STYLE ('',( #6679 ) ) ;
#7360 = AXIS2_PLACEMENT_3D ( 'NONE', #5850, #1844, #142 ) ;
#7361 = EDGE_CURVE ( 'NONE', #6660, #2643, #3909, .T. ) ;
#7362 = SURFACE_STYLE_FILL_AREA ( #6750 ) ;
#7363 = PRESENTATION_LAYER_ASSIGNMENT (  '', '', ( #7236 ) ) ;
#7364 = UNCERTAINTY_MEASURE_WITH_UNIT (LENGTH_MEASURE( 1.000000000000000082E-05 ), #2749, 'distance_accuracy_value', 'NONE');
#7365 = CARTESIAN_POINT ( 'NONE',  ( -1.493979371535142684E-16, -0.8749999999999997780, 0.0000000000000000000 ) ) ;
#7366 = STYLED_ITEM ( 'NONE', ( #5454 ), #6599 ) ;
#7367 = PRODUCT_DEFINITION ( '未知', '', #6061, #950 ) ;
#7368 = DIRECTION ( 'NONE',  ( 1.000000000000000000, 0.0000000000000000000, 0.0000000000000000000 ) ) ;
#7369 =( NAMED_UNIT ( * ) SI_UNIT ( $, .STERADIAN. ) SOLID_ANGLE_UNIT ( ) );
#7370 = DIRECTION ( 'NONE',  ( 0.0000000000000000000, 0.0000000000000000000, -1.000000000000000000 ) ) ;
#7371 = LINE ( 'NONE', #4046, #3660 ) ;
#7372 = MECHANICAL_DESIGN_GEOMETRIC_PRESENTATION_REPRESENTATION (  '', ( #5686 ), #6759 ) ;
#7373 = STYLED_ITEM ( 'NONE', ( #6914 ), #6988 ) ;
#7374 = CARTESIAN_POINT ( 'NONE',  ( 0.09999999999999995004, 1.509999999999999787, -0.02000000000000000042 ) ) ;
#7375 = VERTEX_POINT ( 'NONE', #3944 ) ;
#7376 = EDGE_CURVE ( 'NONE', #2709, #3805, #6181, .T. ) ;
#7377 = CARTESIAN_POINT ( 'NONE',  ( -0.2735345701623860259, 0.2066232866328634732, 0.0000000000000000000 ) ) ;
#7378 = MECHANICAL_DESIGN_GEOMETRIC_PRESENTATION_REPRESENTATION (  '', ( #2226 ), #4157 ) ;
#7379 =( NAMED_UNIT ( * ) PLANE_ANGLE_UNIT ( ) SI_UNIT ( $, .RADIAN. ) );
#7380 = DIRECTION ( 'NONE',  ( 1.000000000000000000, 0.0000000000000000000, 0.0000000000000000000 ) ) ;
#7381 = VECTOR ( 'NONE', #646, 1000.000000000000000 ) ;
#7382 = ORIENTED_EDGE ( 'NONE', *, *, #2844, .T. ) ;
#7383 = ORIENTED_EDGE ( 'NONE', *, *, #6389, .F. ) ;
#7384 = CARTESIAN_POINT ( 'NONE',  ( -0.9999999999999997780, -0.1000000000000000472, 0.9499999999999999556 ) ) ;
#7385 =( NAMED_UNIT ( * ) PLANE_ANGLE_UNIT ( ) SI_UNIT ( $, .RADIAN. ) );
#7386 = VERTEX_POINT ( 'NONE', #5637 ) ;
#7387 = LINE ( 'NONE', #1608, #5517 ) ;
#7388 = CARTESIAN_POINT ( 'NONE',  ( -0.2402952408940932649, 0.1905257256572535640, 0.0000000000000000000 ) ) ;
#7389 = EDGE_CURVE ( 'NONE', #933, #518, #6767, .T. ) ;
#7390 = DIRECTION ( 'NONE',  ( 0.0000000000000000000, -1.000000000000000000, 0.0000000000000000000 ) ) ;
#7391 = ORIENTED_EDGE ( 'NONE', *, *, #1291, .F. ) ;
#7392 = DIRECTION ( 'NONE',  ( -7.228014483236697048E-17, 1.000000000000000000, 0.0000000000000000000 ) ) ;
#7393 = CARTESIAN_POINT ( 'NONE',  ( -0.08112509658514974187, 0.1724769451694480593, 0.0000000000000000000 ) ) ;
#7394 = B_SPLINE_CURVE_WITH_KNOTS ( 'NONE', 3,
 ( #56, #19, #5689, #2967, #5234 ),
 .UNSPECIFIED., .F., .F.,
 ( 4, 1, 4 ),
 ( 0.0000000000000000000, 0.4999999999999997224, 0.9999951190476190632 ),
 .UNSPECIFIED. ) ;
#7395 = ORIENTED_EDGE ( 'NONE', *, *, #1624, .F. ) ;
#7396 = UNCERTAINTY_MEASURE_WITH_UNIT (LENGTH_MEASURE( 1.000000000000000082E-05 ), #3045, 'distance_accuracy_value', 'NONE');
#7397 = VECTOR ( 'NONE', #2239, 1000.000000000000000 ) ;
#7398 = STYLED_ITEM ( 'NONE', ( #6807 ), #1493 ) ;
#7399 = PLANE ( 'NONE',  #4287 ) ;
#7400 = ORIENTED_EDGE ( 'NONE', *, *, #7265, .T. ) ;
#7401 =( NAMED_UNIT ( * ) PLANE_ANGLE_UNIT ( ) SI_UNIT ( $, .RADIAN. ) );
#7402 = ORIENTED_EDGE ( 'NONE', *, *, #2273, .F. ) ;
#7403 = DIRECTION ( 'NONE',  ( 0.0000000000000000000, -0.0000000000000000000, -1.000000000000000000 ) ) ;
#7404 = SURFACE_STYLE_USAGE ( .BOTH. , #5118 ) ;
#7405 = SURFACE_STYLE_USAGE ( .BOTH. , #5031 ) ;
#7406 = CARTESIAN_POINT ( 'NONE',  ( -0.3471626189428738685, 0.2285745061450590032, 0.01000000000000000021 ) ) ;
#7407 = CARTESIAN_POINT ( 'NONE',  ( 1.000000000000000222, 0.6500000000000000222, 0.0000000000000000000 ) ) ;
#7408 = LINE ( 'NONE', #10, #6159 ) ;
#7409 = EDGE_CURVE ( 'NONE', #2136, #5849, #7260, .T. ) ;
#7410 = LINE ( 'NONE', #6803, #5522 ) ;
#7411 = ADVANCED_FACE ( 'NONE', ( #6218 ), #6072, .T. ) ;
#7412 = ORIENTED_EDGE ( 'NONE', *, *, #1510, .F. ) ;
#7413 = CARTESIAN_POINT ( 'NONE',  ( 0.1871361615449324001, 0.1700379207792039049, 0.01000000000000000021 ) ) ;
#7414 = FILL_AREA_STYLE_COLOUR ( '', #3708 ) ;
#7415 = CARTESIAN_POINT ( 'NONE',  ( 1.010000000000001785, -0.4000000000000000222, 0.1799999999999999933 ) ) ;
#7416 = APPLICATION_PROTOCOL_DEFINITION ( 'draft international standard', 'automotive_design', 1998, #1118 ) ;
#7417 = CARTESIAN_POINT ( 'NONE',  ( 0.3016559786181031155, 0.1724769451694482258, 0.0000000000000000000 ) ) ;
#7418 = ORIENTED_EDGE ( 'NONE', *, *, #2409, .F. ) ;
#7419 = CARTESIAN_POINT ( 'NONE',  ( -0.1224559644074896814, 0.1524976508683098531, 0.01000000000000000021 ) ) ;
#7420 = FILL_AREA_STYLE ('',( #5133 ) ) ;
#7421 = CARTESIAN_POINT ( 'NONE',  ( -0.1825249747321087967, 0.2381628111509803136, 0.01000000000000000021 ) ) ;
#7422 = ORIENTED_EDGE ( 'NONE', *, *, #4876, .F. ) ;
#7423 = CARTESIAN_POINT ( 'NONE',  ( -0.1686596128084442148, 0.3205241076668874922, 0.01000000000000000021 ) ) ;
#7424 = PLANE ( 'NONE',  #5120 ) ;
#7425 =( NAMED_UNIT ( * ) PLANE_ANGLE_UNIT ( ) SI_UNIT ( $, .RADIAN. ) );
#7426 = LINE ( 'NONE', #1682, #7065 ) ;
#7427 = CARTESIAN_POINT ( 'NONE',  ( -0.2105391433331174345, 0.2530409695596923525, 0.01000000000000000021 ) ) ;
#7428 = LINE ( 'NONE', #2322, #2685 ) ;
#7429 = DIRECTION ( 'NONE',  ( 5.980966714650210828E-15, 1.000000000000000000, 0.0000000000000000000 ) ) ;
#7430 = AXIS2_PLACEMENT_3D ( 'NONE', #509, #1593, #3296 ) ;
#7431 = LINE ( 'NONE', #5572, #3859 ) ;
#7432 = FACE_OUTER_BOUND ( 'NONE', #3531, .T. ) ;
#7433 = ORIENTED_EDGE ( 'NONE', *, *, #4966, .F. ) ;
#7434 = VERTEX_POINT ( 'NONE', #3262 ) ;
#7435 = PRESENTATION_STYLE_ASSIGNMENT (( #4004 ) ) ;
ENDSEC;
END-ISO-10303-21;
